1.272000000000000000e+03,1.804000000000000000e+03,1.777967701934093725e+02,1.317615691736824801e-01,4.100000000000000000e+01,1.095597670400000000e+10,1.212032876544000000e+12,5.461735725402832031e-01
3.177000000000000000e+03,3.605000000000000000e+03,1.723905867341393616e+02,1.428571428571428492e-01,2.220000000000000000e+02,1.472320512000000000e+09,2.478331985920000000e+11,3.281803429126739502e-01
3.105000000000000000e+03,1.259000000000000000e+03,1.223953254857514281e+02,1.904761904761904656e-01,7.800000000000000000e+01,5.756817408000000000e+09,7.567747317760000000e+11,5.334236100316047668e-02
2.883000000000000000e+03,1.360000000000000000e+02,8.705390288807508625e+01,7.142857142857142461e-02,2.320000000000000000e+02,1.601404544000000000e+09,2.378553425920000000e+11,1.093121021986007690e-01
3.097000000000000000e+03,1.078000000000000000e+03,1.622195504073915515e+02,1.374903330507991073e-01,5.200000000000000000e+01,8.784549888000000000e+09,9.930926981120000000e+11,3.149703741073608398e-01
2.252000000000000000e+03,1.112000000000000000e+03,2.453515879903953021e+02,1.851851851851851749e-01,2.500000000000000000e+01,1.306004275200000000e+10,1.702466420736000000e+12,0.000000000000000000e+00
2.649000000000000000e+03,3.079000000000000000e+03,2.893989296686478951e+02,1.821078397711708707e-01,1.000000000000000000e+01,2.532703436800000000e+10,1.915071758336000000e+12,4.421397686004638672e+00
3.881000000000000000e+03,1.993000000000000000e+03,2.166026583929005653e+02,1.064794274999899953e-01,6.300000000000000000e+01,1.001084723200000000e+10,8.035539353600000000e+11,1.929144382476806641e+00
2.262000000000000000e+03,3.712000000000000000e+03,3.797518744618408704e+01,1.666666666666666574e-01,3.880000000000000000e+02,4.473891200000000000e+08,1.530362920960000000e+11,0.000000000000000000e+00
1.823000000000000000e+03,2.207000000000000000e+03,6.156815419733673878e+01,7.142857142857142461e-02,3.000000000000000000e+02,1.208475648000000000e+09,2.149688442880000000e+11,0.000000000000000000e+00
9.180000000000000000e+02,4.900000000000000000e+01,6.368181155632537838e+01,1.483600617145907075e-01,5.000000000000000000e+00,3.720409907200000000e+10,5.819019034624000000e+12,4.008188247680664062e-01
2.854000000000000000e+03,3.989000000000000000e+03,3.318531221780740452e+02,1.963383631246505001e-01,2.000000000000000000e+00,5.628931686400000000e+10,6.278159532032000000e+12,7.123951315879821777e-01
3.087000000000000000e+03,3.617000000000000000e+03,2.402623078687336999e+02,1.856953381770518607e-01,1.300000000000000000e+01,1.881086976000000000e+10,2.053483003904000000e+12,1.574149370193481445e+00
2.170000000000000000e+03,2.610000000000000000e+03,1.216386294582354424e+02,1.792654619833765339e-01,5.100000000000000000e+01,8.195988992000000000e+09,1.038099021824000000e+12,2.238056659698486328e-01
1.603000000000000000e+03,2.127000000000000000e+03,3.718594110985047791e+02,1.016394535227177209e-01,5.400000000000000000e+01,1.122953011200000000e+10,8.577714094080000000e+11,2.445178747177124023e+00
2.843000000000000000e+03,3.992000000000000000e+03,3.653080758250735016e+02,1.388321879725071539e-01,2.000000000000000000e+00,5.628931686400000000e+10,6.278159532032000000e+12,7.123951315879821777e-01
3.267000000000000000e+03,2.769000000000000000e+03,2.481217026195911330e+02,9.316949906249123725e-02,3.800000000000000000e+01,6.768592384000000000e+09,1.212657696768000000e+12,3.731330037117004395e-01
4.530000000000000000e+02,3.539000000000000000e+03,8.007743240832657250e+01,1.597191412499849861e-01,2.400000000000000000e+02,8.786702080000000000e+08,2.380794265600000000e+11,2.293533980846405029e-01
2.225000000000000000e+03,3.061000000000000000e+03,6.675804048564607740e+01,1.844626385704036808e-01,1.600000000000000000e+01,1.937281843200000000e+10,1.002276192256000000e+12,7.867671847343444824e-01
2.448000000000000000e+03,4.790000000000000000e+02,8.031826187222414148e+01,1.538461538461538547e-01,2.980000000000000000e+02,8.628124800000000000e+08,1.792290160640000000e+11,3.519693762063980103e-02
2.727000000000000000e+03,2.469000000000000000e+03,1.636972141797343454e+02,9.722034684781695468e-02,5.300000000000000000e+01,8.349897216000000000e+09,1.000912453632000000e+12,8.435634374618530273e-01
1.137000000000000000e+03,8.700000000000000000e+02,9.919900129765944996e+01,1.397542485937368628e-01,1.530000000000000000e+02,3.903179264000000000e+09,3.433034219520000000e+11,4.950304031372070312e-01
3.702000000000000000e+03,1.374000000000000000e+03,1.061500221833603206e+02,1.315334104411640948e-01,1.310000000000000000e+02,4.386468352000000000e+09,4.360631746560000000e+11,1.910982578992843628e-01
3.161000000000000000e+03,9.050000000000000000e+02,1.847226551884648984e+02,1.638886943392722229e-01,5.800000000000000000e+01,1.094278246400000000e+10,8.453797314560000000e+11,1.849814414978027344e+00
3.614000000000000000e+03,2.264000000000000000e+03,4.155921190783993779e+01,1.863389981249824745e-01,1.770000000000000000e+02,9.143131520000000000e+08,1.572709171200000000e+11,9.588528424501419067e-03
3.556000000000000000e+03,1.404000000000000000e+03,1.544447955031480149e+02,6.250000000000000000e-02,1.390000000000000000e+02,3.034572544000000000e+09,3.687495434240000000e+11,3.046059608459472656e-01
2.839000000000000000e+03,3.985000000000000000e+03,4.100604413205394394e+02,1.733359497447742315e-01,2.000000000000000000e+00,5.628931686400000000e+10,6.278159532032000000e+12,7.123951315879821777e-01
3.400000000000000000e+03,1.752000000000000000e+03,9.214465501709177033e+02,6.250000000000000000e-02,1.720000000000000000e+02,2.824540416000000000e+09,3.283790069760000000e+11,3.157474398612976074e-01
1.620000000000000000e+03,5.600000000000000000e+01,2.002921506035856964e+02,1.571348402636772446e-01,1.020000000000000000e+02,5.742077440000000000e+09,5.014899261440000000e+11,8.554428815841674805e-01
1.207000000000000000e+03,1.659000000000000000e+03,8.070990021948823312e+01,1.666666666666666574e-01,3.470000000000000000e+02,5.773256320000000000e+08,1.564047933440000000e+11,8.532965183258056641e-02
2.850000000000000000e+03,3.989000000000000000e+03,6.105926099389984074e+02,1.064794274999899953e-01,2.000000000000000000e+00,5.628931686400000000e+10,6.278159532032000000e+12,7.123951315879821777e-01
3.630000000000000000e+02,2.160000000000000000e+03,6.320130230619013219e+02,1.116484391347180166e-01,1.000000000000000000e+00,5.404031385600000000e+10,4.775771897856000000e+12,1.709547489881515503e-01
1.565000000000000000e+03,2.419000000000000000e+03,1.677856094779844227e+02,1.346870059402947850e-01,8.100000000000000000e+01,2.113757184000000000e+09,7.291969863680000000e+11,5.292919650673866272e-02
3.936000000000000000e+03,3.594000000000000000e+03,8.535145372675262365e+01,7.856742013183862228e-02,1.170000000000000000e+02,5.210976768000000000e+09,5.026769797120000000e+11,4.591627046465873718e-02
1.844000000000000000e+03,3.661000000000000000e+03,5.969789369596040984e+01,1.397542485937368628e-01,1.970000000000000000e+02,1.901484416000000000e+09,3.233736294400000000e+11,5.048052407801151276e-03
2.617000000000000000e+03,1.000000000000000000e+00,1.820116803086879997e+02,1.858236797408732155e-01,1.400000000000000000e+01,2.786027520000000000e+10,1.979431518208000000e+12,3.603759050369262695e+00
9.570000000000000000e+02,9.070000000000000000e+02,1.035113709404830189e+02,1.087856586440842377e-01,2.930000000000000000e+02,6.906223360000000000e+08,2.063568076800000000e+11,8.101104944944381714e-02
2.518000000000000000e+03,1.572000000000000000e+03,2.068761267875731278e+02,1.844626385704036808e-01,4.400000000000000000e+01,1.090394419200000000e+10,1.034238296064000000e+12,7.928316593170166016e-01
2.237000000000000000e+03,2.160000000000000000e+03,3.777564715762810010e+01,0.000000000000000000e+00,1.040000000000000000e+02,5.843740672000000000e+09,5.778919915520000000e+11,4.973959177732467651e-03
1.564000000000000000e+03,2.418000000000000000e+03,1.885220907660940100e+02,1.505846504842085487e-01,8.100000000000000000e+01,2.113757184000000000e+09,7.291969863680000000e+11,5.292919650673866272e-02
1.808000000000000000e+03,1.917000000000000000e+03,4.637064656006474905e+01,1.597191412499849861e-01,2.810000000000000000e+02,1.284644224000000000e+09,2.199001825280000000e+11,3.346104547381401062e-02
3.373000000000000000e+03,2.981000000000000000e+03,9.299887139958121907e+01,1.666666666666666574e-01,3.950000000000000000e+02,4.555417600000000000e+08,1.569063075840000000e+11,2.446600701659917831e-03
3.689000000000000000e+03,2.673000000000000000e+03,1.558844392277011259e+01,1.000000000000000056e-01,4.620000000000000000e+02,3.378628160000000000e+08,7.270843187200000000e+10,0.000000000000000000e+00
2.386000000000000000e+03,3.380000000000000000e+02,2.595622966769651612e+02,1.686730444518162175e-01,0.000000000000000000e+00,8.377669222400000000e+10,1.136895144755200000e+13,5.675861835479736328e-01
3.096000000000000000e+03,1.079000000000000000e+03,1.819589501754589378e+02,1.229750923802691437e-01,5.200000000000000000e+01,8.784549888000000000e+09,9.930926981120000000e+11,3.149703741073608398e-01
3.407000000000000000e+03,2.279000000000000000e+03,1.007658388708191239e+02,9.428090415820634951e-02,1.870000000000000000e+02,1.219883392000000000e+09,3.004904243200000000e+11,1.182178035378456116e-01
3.370000000000000000e+02,1.467000000000000000e+03,6.370543971331964030e+02,1.355192713636236279e-01,7.000000000000000000e+00,3.392714137600000000e+10,2.913892564992000000e+12,4.570787429809570312e+00
3.183000000000000000e+03,3.541000000000000000e+03,4.055433176531669659e+01,1.863389981249824745e-01,2.840000000000000000e+02,4.448829120000000000e+08,1.351295795200000000e+11,2.640669979155063629e-02
3.542000000000000000e+03,2.484000000000000000e+03,1.406355292424853474e+02,1.264911064067351931e-01,4.000000000000000000e+01,9.953271808000000000e+09,1.281303117824000000e+12,1.119234338402748108e-01
2.166000000000000000e+03,2.607000000000000000e+03,7.769283122186027413e+02,8.695652173913043237e-02,5.100000000000000000e+01,8.195988992000000000e+09,1.038099021824000000e+12,2.238056659698486328e-01
1.010000000000000000e+02,1.338000000000000000e+03,1.250790912455048840e+02,1.792654619833765339e-01,5.000000000000000000e+01,7.797797888000000000e+09,1.035582898176000000e+12,4.051990509033203125e-01
4.470000000000000000e+02,2.143000000000000000e+03,6.335009256461681559e+01,1.863389981249824745e-01,2.890000000000000000e+02,9.407173120000000000e+08,1.640350187520000000e+11,9.322252869606018066e-02
2.107000000000000000e+03,3.702000000000000000e+03,1.242807641452145475e+02,9.090909090909091161e-02,3.770000000000000000e+02,6.849020800000000000e+08,1.270833643520000000e+11,1.050892248749732971e-01
1.613000000000000000e+03,2.959000000000000000e+03,1.338393627420615246e+02,1.638886943392722229e-01,6.400000000000000000e+01,6.949873664000000000e+09,8.574791843840000000e+11,4.483140707015991211e-01
2.412000000000000000e+03,2.627000000000000000e+03,5.717162689216922900e+01,0.000000000000000000e+00,4.580000000000000000e+02,4.371222720000000000e+08,9.059487744000000000e+10,0.000000000000000000e+00
2.236000000000000000e+03,2.162000000000000000e+03,3.681780083971890605e+01,1.176877882894626220e-01,1.040000000000000000e+02,5.843740672000000000e+09,5.778919915520000000e+11,4.973959177732467651e-03
3.565000000000000000e+03,1.256000000000000000e+03,1.118845660078371083e+02,1.860163329510811370e-01,1.380000000000000000e+02,3.022589184000000000e+09,4.204997181440000000e+11,4.476498663425445557e-01
3.612000000000000000e+03,2.265000000000000000e+03,5.873826864211800824e+01,1.666666666666666574e-01,1.770000000000000000e+02,9.143131520000000000e+08,1.572709171200000000e+11,9.588528424501419067e-03
1.263000000000000000e+03,3.927000000000000000e+03,3.895176043607370957e+02,5.237828008789241485e-02,2.900000000000000000e+01,1.019431731200000000e+10,1.588923858944000000e+12,0.000000000000000000e+00
9.220000000000000000e+02,6.100000000000000000e+01,1.142020544299675890e+02,1.636147300609602229e-01,5.000000000000000000e+00,3.720409907200000000e+10,5.819019034624000000e+12,4.008188247680664062e-01
3.271000000000000000e+03,3.297000000000000000e+03,3.867096497525817540e+02,1.545157428361449981e-01,6.000000000000000000e+00,2.321462886400000000e+10,3.045936857088000000e+12,4.250588417053222656e+00
1.772000000000000000e+03,1.274000000000000000e+03,7.134545649997809846e+01,1.397542485937368628e-01,1.410000000000000000e+02,3.433193472000000000e+09,3.794966282240000000e+11,1.272307150065898895e-02
1.807000000000000000e+03,1.915000000000000000e+03,1.033703853569729176e+02,0.000000000000000000e+00,2.810000000000000000e+02,1.284644224000000000e+09,2.199001825280000000e+11,3.346104547381401062e-02
9.160000000000000000e+02,5.100000000000000000e+01,7.117940414631321744e+01,1.219512195121951192e-01,5.000000000000000000e+00,3.720409907200000000e+10,5.819019034624000000e+12,4.008188247680664062e-01
2.170000000000000000e+02,3.089000000000000000e+03,4.359473482186073312e+01,1.720052290384453675e-01,3.190000000000000000e+02,7.121811840000000000e+08,1.865498132480000000e+11,0.000000000000000000e+00
3.418000000000000000e+03,1.215000000000000000e+03,9.163946458861836675e+01,1.818181818181818232e-01,3.510000000000000000e+02,4.170736000000000000e+08,1.204105052160000000e+11,0.000000000000000000e+00
3.089000000000000000e+03,3.607000000000000000e+03,3.425642216433085991e+02,1.724137931034482873e-01,1.300000000000000000e+01,1.881086976000000000e+10,2.053483003904000000e+12,1.574149370193481445e+00
1.870000000000000000e+03,1.484000000000000000e+03,4.744848789594770722e+01,1.720052290384453675e-01,3.250000000000000000e+02,1.419664384000000000e+09,1.944436572160000000e+11,0.000000000000000000e+00
1.270000000000000000e+02,2.331000000000000000e+03,2.093303740497703700e+02,1.720052290384453675e-01,1.800000000000000000e+01,1.490262937600000000e+10,1.419475419136000000e+12,1.013386368751525879e+00
2.247000000000000000e+03,3.791000000000000000e+03,1.948813686908159468e+02,1.792654619833765339e-01,4.800000000000000000e+01,9.209923584000000000e+09,1.063470563328000000e+12,5.686478018760681152e-01
3.182000000000000000e+03,1.557000000000000000e+03,2.887152952807417137e+02,0.000000000000000000e+00,4.520000000000000000e+02,4.158648000000000000e+08,7.938805760000000000e+10,5.449514463543891907e-02
3.088000000000000000e+03,3.616000000000000000e+03,3.026893858255227769e+02,1.421760560557814024e-01,1.300000000000000000e+01,1.881086976000000000e+10,2.053483003904000000e+12,1.574149370193481445e+00
1.566000000000000000e+03,2.421000000000000000e+03,8.605570434285293402e+01,1.963383631246505001e-01,8.100000000000000000e+01,2.113757184000000000e+09,7.291969863680000000e+11,5.292919650673866272e-02
2.080000000000000000e+03,1.642000000000000000e+03,6.126132644666567728e+01,1.818181818181818232e-01,4.360000000000000000e+02,4.850862720000000000e+08,1.028187176960000000e+11,0.000000000000000000e+00
2.384000000000000000e+03,3.320000000000000000e+02,2.580496913680235025e+02,1.386483884679504952e-01,0.000000000000000000e+00,8.377669222400000000e+10,1.136895144755200000e+13,5.675861835479736328e-01
6.550000000000000000e+02,3.905000000000000000e+03,7.499103794095513820e+01,6.666666666666666574e-02,1.960000000000000000e+02,6.868819840000000000e+08,2.607462809600000000e+11,2.266290783882141113e-02
5.780000000000000000e+02,8.150000000000000000e+02,4.306415271054749496e+02,1.490711984999859852e-01,2.180000000000000000e+02,1.156192128000000000e+09,2.753976401920000000e+11,2.849904596805572510e-01
3.429000000000000000e+03,1.227000000000000000e+03,7.670442841780652543e+01,1.663780661615406053e-01,1.130000000000000000e+02,2.657031680000000000e+09,3.958027059200000000e+11,1.962056942284107208e-02
7.270000000000000000e+02,2.569000000000000000e+03,2.854347617171184837e+01,1.538461538461538547e-01,3.530000000000000000e+02,5.401441920000000000e+08,1.662799708160000000e+11,2.892997302114963531e-02
2.028000000000000000e+03,7.810000000000000000e+02,1.512880049979787600e+02,1.505846504842085487e-01,6.800000000000000000e+01,5.959005184000000000e+09,8.359626014720000000e+11,1.076989397406578064e-01
3.659000000000000000e+03,4.600000000000000000e+02,1.478380869415487098e+02,1.963383631246505001e-01,6.600000000000000000e+01,7.834381824000000000e+09,8.073894297600000000e+11,1.438179731369018555e+00
1.822000000000000000e+03,1.057000000000000000e+03,1.003454984369417389e+02,1.176877882894626220e-01,1.060000000000000000e+02,2.685982464000000000e+09,6.262559211520000000e+11,8.711945414543151855e-01
3.979000000000000000e+03,2.088000000000000000e+03,1.648909581955331589e+02,1.802775637731994507e-01,7.300000000000000000e+01,7.018176512000000000e+09,6.609458298880000000e+11,1.683588624000549316e+00
1.823000000000000000e+03,1.055000000000000000e+03,9.606868266165089665e+01,1.052631578947368363e-01,1.060000000000000000e+02,2.685982464000000000e+09,6.262559211520000000e+11,8.711945414543151855e-01
3.682000000000000000e+03,2.876000000000000000e+03,4.336162593471962623e+02,1.129384878631564115e-01,2.100000000000000000e+01,2.165043609600000000e+10,1.786106085376000000e+12,1.058541417121887207e+00
2.511000000000000000e+03,4.290000000000000000e+02,1.183005825569888714e+02,1.764705882352941291e-01,8.700000000000000000e+01,2.918684928000000000e+09,4.349424435200000000e+11,4.410782754421234131e-01
4.800000000000000000e+02,3.380000000000000000e+03,1.088196569274571033e+02,7.692307692307692735e-02,3.020000000000000000e+02,9.286039040000000000e+08,1.915977891840000000e+11,1.680024266242980957e-01
3.600000000000000000e+02,2.163000000000000000e+03,6.588326037766681793e+02,0.000000000000000000e+00,1.000000000000000000e+00,5.404031385600000000e+10,4.775771897856000000e+12,1.709547489881515503e-01
4.140000000000000000e+02,1.370000000000000000e+03,1.894798489318454813e+02,6.211299937499416279e-02,4.000000000000000000e+00,3.802601062400000000e+10,4.025006424064000000e+12,3.468478620052337646e-01
3.630000000000000000e+02,2.165000000000000000e+03,5.993260964005324922e+02,9.488292830168391923e-02,1.000000000000000000e+00,5.404031385600000000e+10,4.775771897856000000e+12,1.709547489881515503e-01
3.380000000000000000e+02,1.467000000000000000e+03,7.102387942041368660e+02,1.249425947156866806e-01,7.000000000000000000e+00,3.392714137600000000e+10,2.913892564992000000e+12,4.570787429809570312e+00
1.612000000000000000e+03,2.955000000000000000e+03,3.149897623327888709e+02,6.428243465332250661e-02,6.400000000000000000e+01,6.949873664000000000e+09,8.574791843840000000e+11,4.483140707015991211e-01
2.420000000000000000e+02,1.141000000000000000e+03,1.467326933187781606e+02,1.844626385704036808e-01,5.600000000000000000e+01,8.372165632000000000e+09,9.969321902080000000e+11,1.320460557937622070e+00
3.530000000000000000e+02,3.393000000000000000e+03,1.916226646048315558e+02,1.499999999999999944e-01,8.200000000000000000e+01,6.290100736000000000e+09,6.371417128960000000e+11,2.918904721736907959e-01
6.170000000000000000e+02,9.210000000000000000e+02,6.381302263694214361e+01,1.904761904761904656e-01,7.700000000000000000e+01,5.899091456000000000e+09,7.579769241600000000e+11,0.000000000000000000e+00
1.800000000000000000e+02,2.692000000000000000e+03,1.300359367677000080e+02,5.555555555555555247e-02,1.180000000000000000e+02,2.033851904000000000e+09,4.885573795840000000e+11,6.876211613416671753e-02
1.367000000000000000e+03,1.366000000000000000e+03,4.173940821905500798e+01,9.428090415820634951e-02,1.560000000000000000e+02,1.652563456000000000e+09,2.679119380480000000e+11,7.161618210375308990e-03
1.951000000000000000e+03,1.569000000000000000e+03,1.540393441831379278e+02,5.882352941176470507e-02,1.450000000000000000e+02,3.227431680000000000e+09,3.931728773120000000e+11,3.534326553344726562e-01
1.443000000000000000e+03,1.166000000000000000e+03,3.927590611680872001e+01,1.818181818181818232e-01,4.170000000000000000e+02,5.559808640000000000e+08,1.159768145920000000e+11,0.000000000000000000e+00
6.090000000000000000e+02,2.588000000000000000e+03,2.381768132621641882e+02,1.649242250247064112e-01,3.100000000000000000e+01,1.543549849600000000e+10,1.268652310528000000e+12,2.477414608001708984e+00
9.210000000000000000e+02,4.670000000000000000e+02,2.396784156986071253e+02,1.421760560557814024e-01,1.500000000000000000e+01,1.594162892800000000e+10,2.064746414080000000e+12,2.757654666900634766e+00
1.588000000000000000e+03,3.171000000000000000e+03,4.847534902840416748e+01,1.666666666666666574e-01,4.100000000000000000e+02,5.477777280000000000e+08,1.411371499520000000e+11,0.000000000000000000e+00
5.600000000000000000e+02,2.106000000000000000e+03,1.124768821411005035e+02,1.052631578947368363e-01,9.000000000000000000e+01,3.911753472000000000e+09,5.539202990080000000e+11,2.956744432449340820e-01
3.620000000000000000e+03,3.411000000000000000e+03,2.345830108205233557e+02,1.317615691736824801e-01,4.200000000000000000e+01,1.222075596800000000e+10,1.233799348224000000e+12,5.440852642059326172e-01
1.568000000000000000e+03,2.414000000000000000e+03,1.556346920176703748e+02,1.505846504842085487e-01,8.100000000000000000e+01,2.113757184000000000e+09,7.291969863680000000e+11,5.292919650673866272e-02
3.567000000000000000e+03,2.395000000000000000e+03,4.421830488391896097e+01,1.863389981249824745e-01,3.780000000000000000e+02,3.485710080000000000e+08,1.624616304640000000e+11,0.000000000000000000e+00
3.441000000000000000e+03,1.608000000000000000e+03,5.489373143165299780e+02,0.000000000000000000e+00,2.510000000000000000e+02,1.120951680000000000e+09,2.118354042880000000e+11,3.045468330383300781e-01
4.160000000000000000e+02,1.369000000000000000e+03,1.813780332230648185e+02,8.784104611578831545e-02,4.000000000000000000e+00,3.802601062400000000e+10,4.025006424064000000e+12,3.468478620052337646e-01
2.136000000000000000e+03,2.745000000000000000e+03,5.897714483908669081e+01,1.860163329510811370e-01,1.030000000000000000e+02,3.443494656000000000e+09,3.972623237120000000e+11,1.831960305571556091e-02
1.322000000000000000e+03,2.832000000000000000e+03,3.614445016085401363e+01,1.428571428571428492e-01,2.870000000000000000e+02,8.163894400000000000e+08,2.115932815360000000e+11,0.000000000000000000e+00
1.922000000000000000e+03,3.053000000000000000e+03,3.066290076706727632e+02,0.000000000000000000e+00,1.660000000000000000e+02,2.417051648000000000e+09,3.856119562240000000e+11,4.769425466656684875e-02
2.257000000000000000e+03,5.950000000000000000e+02,2.259935277809828449e+02,0.000000000000000000e+00,2.960000000000000000e+02,7.204333440000000000e+08,1.981503406080000000e+11,1.099447533488273621e-01
3.109000000000000000e+03,3.659000000000000000e+03,2.297507015066206577e+02,0.000000000000000000e+00,2.060000000000000000e+02,1.390374016000000000e+09,2.378899783680000000e+11,9.224576503038406372e-02
1.372000000000000000e+03,1.977000000000000000e+03,2.936547590410125252e+01,1.571348402636772446e-01,4.630000000000000000e+02,3.741878080000000000e+08,7.174715801600000000e+10,0.000000000000000000e+00
1.138000000000000000e+03,3.903000000000000000e+03,3.047246829510844464e+02,1.397542485937368628e-01,8.000000000000000000e+00,2.140511027200000000e+10,2.705576689664000000e+12,6.908459067344665527e-01
7.420000000000000000e+02,3.028000000000000000e+03,7.637714594232973297e+01,1.571348402636772446e-01,1.510000000000000000e+02,2.746465280000000000e+09,4.568337612800000000e+11,6.462391465902328491e-03
4.890000000000000000e+02,1.815000000000000000e+03,3.115845555599307772e+02,8.281733249999222168e-02,1.100000000000000000e+01,1.421665075200000000e+10,1.753114214400000000e+12,1.261094808578491211e+00
2.636000000000000000e+03,2.687000000000000000e+03,1.591363274134191101e+02,2.000000000000000111e-01,3.400000000000000000e+01,1.456821657600000000e+10,1.276274671616000000e+12,1.921485066413879395e+00
1.684000000000000000e+03,2.255000000000000000e+03,4.482326090805433978e+02,9.744733176929699925e-02,3.000000000000000000e+00,5.031784038400000000e+10,4.124430041088000000e+12,3.194062948226928711e+00
1.394000000000000000e+03,2.584000000000000000e+03,7.106377333069799818e+01,6.250000000000000000e-02,1.910000000000000000e+02,1.375448704000000000e+09,3.619017523200000000e+11,0.000000000000000000e+00
1.442000000000000000e+03,1.163000000000000000e+03,1.337688095237942605e+02,1.285648693066450132e-01,4.170000000000000000e+02,5.559808640000000000e+08,1.159768145920000000e+11,0.000000000000000000e+00
1.571000000000000000e+03,2.417000000000000000e+03,8.147579598766576225e+01,1.904761904761904656e-01,8.100000000000000000e+01,2.113757184000000000e+09,7.291969863680000000e+11,5.292919650673866272e-02
8.890000000000000000e+02,2.524000000000000000e+03,4.302236512791922252e+01,1.428571428571428492e-01,2.540000000000000000e+02,1.414776320000000000e+09,2.527250186240000000e+11,0.000000000000000000e+00
4.140000000000000000e+02,3.219000000000000000e+03,3.788492190056039988e+01,1.597191412499849861e-01,2.830000000000000000e+02,1.296733952000000000e+09,2.140295495680000000e+11,0.000000000000000000e+00
3.590000000000000000e+02,2.157000000000000000e+03,5.202981121114485177e+02,1.600726981657426273e-01,1.000000000000000000e+00,5.404031385600000000e+10,4.775771897856000000e+12,1.709547489881515503e-01
3.701000000000000000e+03,2.554000000000000000e+03,5.703104918818605995e+01,1.490711984999859852e-01,1.850000000000000000e+02,1.654559744000000000e+09,3.033799720960000000e+11,0.000000000000000000e+00
2.014000000000000000e+03,3.985000000000000000e+03,2.685983995575405743e+02,1.374903330507991073e-01,4.600000000000000000e+01,1.164763852800000000e+10,1.045021261824000000e+12,1.535035371780395508e+00
2.621000000000000000e+03,6.700000000000000000e+01,4.540602007417936647e+01,1.863389981249824745e-01,3.860000000000000000e+02,3.389833600000000000e+08,1.445606195200000000e+11,4.060648847371339798e-03
6.530000000000000000e+02,3.905000000000000000e+03,4.308331317595352772e+01,2.000000000000000111e-01,1.960000000000000000e+02,6.868819840000000000e+08,2.607462809600000000e+11,2.266290783882141113e-02
6.990000000000000000e+02,3.279000000000000000e+03,5.326340405898945107e+01,7.692307692307692735e-02,3.260000000000000000e+02,1.060119680000000000e+09,2.013788078080000000e+11,0.000000000000000000e+00
5.830000000000000000e+02,8.160000000000000000e+02,6.046197669815749265e+01,2.000000000000000111e-01,2.180000000000000000e+02,1.156192128000000000e+09,2.753976401920000000e+11,2.849904596805572510e-01
1.805000000000000000e+03,1.758000000000000000e+03,5.631982309043759471e+01,1.178511301977579334e-01,4.040000000000000000e+02,4.314691200000000000e+08,1.523989217280000000e+11,0.000000000000000000e+00
2.505000000000000000e+03,1.867000000000000000e+03,7.962498794596270102e+01,1.315334104411640948e-01,1.280000000000000000e+02,4.207731712000000000e+09,4.357716705280000000e+11,1.003083679825067520e-02
3.816000000000000000e+03,1.261000000000000000e+03,4.823673307184861869e+01,1.178511301977579334e-01,2.630000000000000000e+02,6.555905920000000000e+08,1.569963048960000000e+11,9.541357867419719696e-03
1.744000000000000000e+03,2.681000000000000000e+03,6.853342357957042452e+01,1.863389981249824745e-01,3.550000000000000000e+02,3.566433600000000000e+08,1.543529267200000000e+11,2.777648903429508209e-02
2.616000000000000000e+03,3.998000000000000000e+03,2.854445611242779250e+02,1.421760560557814024e-01,1.400000000000000000e+01,2.786027520000000000e+10,1.979431518208000000e+12,3.603759050369262695e+00
2.255000000000000000e+03,1.118000000000000000e+03,2.750710710317687813e+02,1.171213948210510919e-01,2.500000000000000000e+01,1.306004275200000000e+10,1.702466420736000000e+12,0.000000000000000000e+00
3.042000000000000000e+03,2.115000000000000000e+03,1.139372795472515918e+02,1.490711984999859852e-01,2.260000000000000000e+02,8.671203200000000000e+08,2.691497000960000000e+11,1.005310472100973129e-02
1.450000000000000000e+02,3.249000000000000000e+03,2.503377875522012346e+02,1.538461538461538547e-01,3.200000000000000000e+01,1.154737459200000000e+10,1.562261454848000000e+12,8.456335663795471191e-01
3.528000000000000000e+03,1.255000000000000000e+03,5.170889234183970729e+01,2.000000000000000111e-01,1.210000000000000000e+02,2.357122304000000000e+09,2.898401689600000000e+11,1.634987145662307739e-01
3.881000000000000000e+03,5.350000000000000000e+02,1.043215769623688374e+02,0.000000000000000000e+00,1.690000000000000000e+02,2.371363584000000000e+09,3.570016911360000000e+11,0.000000000000000000e+00
2.188000000000000000e+03,3.460000000000000000e+03,1.102918180149179364e+02,0.000000000000000000e+00,4.310000000000000000e+02,3.374096960000000000e+08,1.153168834560000000e+11,3.018159186467528343e-03
2.970000000000000000e+03,4.700000000000000000e+01,2.189070432960351127e+02,1.785714285714285754e-01,2.200000000000000000e+01,1.112703795200000000e+10,1.769099100160000000e+12,1.792023628950119019e-01
1.800000000000000000e+01,1.898000000000000000e+03,1.456899192495597219e+02,1.581138830084189706e-01,7.600000000000000000e+01,4.705384448000000000e+09,6.982864732160000000e+11,2.036401629447937012e-01
2.779000000000000000e+03,3.284000000000000000e+03,2.144423890536347415e+02,6.734350297014739251e-02,6.200000000000000000e+01,7.472852480000000000e+09,7.617833861120000000e+11,6.833025813102722168e-01
3.980000000000000000e+03,2.592000000000000000e+03,1.301126355939763926e+02,1.315334104411640948e-01,1.270000000000000000e+02,4.167231744000000000e+09,4.408803655680000000e+11,8.699815869331359863e-01
2.580000000000000000e+03,8.360000000000000000e+02,4.125589176106271339e+02,1.216260638526299870e-01,2.600000000000000000e+01,1.537867468800000000e+10,1.513454567424000000e+12,1.694393157958984375e+00
7.150000000000000000e+02,8.810000000000000000e+02,7.124505379852307385e+01,1.178511301977579334e-01,3.720000000000000000e+02,5.472705280000000000e+08,1.540376657920000000e+11,0.000000000000000000e+00
2.389000000000000000e+03,3.400000000000000000e+02,2.923107168662077129e+02,1.807753815155468124e-01,0.000000000000000000e+00,8.377669222400000000e+10,1.136895144755200000e+13,5.675861835479736328e-01
1.839000000000000000e+03,1.017000000000000000e+03,3.400545770752476642e+02,1.178511301977579334e-01,3.630000000000000000e+02,4.935514240000000000e+08,1.608073379840000000e+11,5.866875499486923218e-02
3.794000000000000000e+03,3.383000000000000000e+03,1.325950657406098685e+02,1.505846504842085487e-01,7.000000000000000000e+01,4.521774080000000000e+09,8.075297423360000000e+11,4.387148097157478333e-02
2.514000000000000000e+03,2.835000000000000000e+03,9.122092658131215615e+01,1.010152544552210818e-01,2.500000000000000000e+02,6.196195200000000000e+08,2.109266001920000000e+11,1.654069572687149048e-01
2.392000000000000000e+03,9.190000000000000000e+02,2.178274725227903730e+02,1.397542485937368628e-01,1.620000000000000000e+02,2.895883776000000000e+09,3.341555793920000000e+11,2.132596969604492188e-01
3.159000000000000000e+03,3.272000000000000000e+03,1.108450229101018891e+02,1.490711984999859852e-01,2.240000000000000000e+02,6.962512000000000000e+08,2.676758282240000000e+11,1.371105313301086426e-01
2.014000000000000000e+03,3.988000000000000000e+03,1.988501247083015926e+02,1.567630989332169100e-01,4.600000000000000000e+01,1.164763852800000000e+10,1.045021261824000000e+12,1.535035371780395508e+00
1.800000000000000000e+03,7.970000000000000000e+02,1.385737828665774316e+02,5.882352941176470507e-02,1.630000000000000000e+02,2.709165312000000000e+09,3.863595909120000000e+11,0.000000000000000000e+00
2.389000000000000000e+03,3.410000000000000000e+02,2.763270440675328814e+02,1.999615495526582132e-01,0.000000000000000000e+00,8.377669222400000000e+10,1.136895144755200000e+13,5.675861835479736328e-01
1.470000000000000000e+02,1.418000000000000000e+03,8.671611078401926420e+01,1.315334104411640948e-01,1.360000000000000000e+02,2.809626368000000000e+09,3.971332505600000000e+11,3.292922303080558777e-02
7.140000000000000000e+02,8.800000000000000000e+02,4.889103812692592754e+01,1.666666666666666574e-01,3.720000000000000000e+02,5.472705280000000000e+08,1.540376657920000000e+11,0.000000000000000000e+00
7.220000000000000000e+02,2.778000000000000000e+03,1.564637394130603525e+02,1.863389981249824745e-01,4.300000000000000000e+01,6.625502720000000000e+09,1.240374575104000000e+12,7.242954522371292114e-02
2.454000000000000000e+03,5.740000000000000000e+02,2.580953498704555500e+02,0.000000000000000000e+00,2.860000000000000000e+02,7.292786560000000000e+08,1.798639779840000000e+11,3.097207657992839813e-02
1.000000000000000000e+02,1.333000000000000000e+03,1.736810686383160203e+02,9.722034684781695468e-02,5.000000000000000000e+01,7.797797888000000000e+09,1.035582898176000000e+12,4.051990509033203125e-01
3.698000000000000000e+03,2.554000000000000000e+03,8.275207300449720549e+01,9.428090415820634951e-02,1.850000000000000000e+02,1.654559744000000000e+09,3.033799720960000000e+11,0.000000000000000000e+00
2.648000000000000000e+03,3.079000000000000000e+03,3.717264392292658499e+02,1.472537723434878820e-01,1.000000000000000000e+01,2.532703436800000000e+10,1.915071758336000000e+12,4.421397686004638672e+00
2.256000000000000000e+03,5.960000000000000000e+02,6.316990269154577220e+01,1.087856586440842377e-01,2.960000000000000000e+02,7.204333440000000000e+08,1.981503406080000000e+11,1.099447533488273621e-01
1.484000000000000000e+03,1.136000000000000000e+03,3.397822122279191603e+01,1.863389981249824745e-01,3.970000000000000000e+02,6.280145280000000000e+08,1.328404561920000000e+11,0.000000000000000000e+00
1.606000000000000000e+03,2.130000000000000000e+03,1.952670522431675977e+02,1.874138920735300140e-01,5.400000000000000000e+01,1.122953011200000000e+10,8.577714094080000000e+11,2.445178747177124023e+00
3.700000000000000000e+03,1.377000000000000000e+03,8.315047609991785293e+01,1.176470588235294101e-01,1.310000000000000000e+02,4.386468352000000000e+09,4.360631746560000000e+11,1.910982578992843628e-01
9.120000000000000000e+02,9.090000000000000000e+02,4.103417533292404329e+01,1.818181818181818232e-01,2.560000000000000000e+02,7.577560960000000000e+08,1.186875392000000000e+11,3.017757786437869072e-03
2.258000000000000000e+03,1.119000000000000000e+03,2.461705290135822395e+02,1.656346649999844434e-01,2.500000000000000000e+01,1.306004275200000000e+10,1.702466420736000000e+12,0.000000000000000000e+00
2.160000000000000000e+02,3.090000000000000000e+03,3.471567609185066061e+01,1.720052290384453675e-01,3.190000000000000000e+02,7.121811840000000000e+08,1.865498132480000000e+11,0.000000000000000000e+00
3.804000000000000000e+03,6.220000000000000000e+02,9.121153835463400128e+01,1.428571428571428492e-01,2.470000000000000000e+02,1.145127680000000000e+09,2.238232330240000000e+11,4.152530059218406677e-02
3.976000000000000000e+03,2.414000000000000000e+03,3.872411356244206786e+02,1.538461538461538547e-01,2.700000000000000000e+01,1.238435225600000000e+10,1.530468237312000000e+12,2.036925554275512695e+00
2.390000000000000000e+03,2.544000000000000000e+03,1.045410521927871912e+02,1.963383631246505001e-01,3.000000000000000000e+01,1.280711270400000000e+10,8.244191559680000000e+11,2.003521442413330078e+00
1.068000000000000000e+03,2.712000000000000000e+03,7.536618013726668153e+01,1.666666666666666574e-01,3.680000000000000000e+02,6.087105920000000000e+08,1.541392302080000000e+11,0.000000000000000000e+00
3.375000000000000000e+03,2.549000000000000000e+03,1.148697426387992238e+02,7.692307692307692735e-02,3.080000000000000000e+02,5.708842880000000000e+08,1.806985297920000000e+11,0.000000000000000000e+00
4.040000000000000000e+02,8.130000000000000000e+02,1.093431944626558021e+02,1.874138920735300140e-01,5.900000000000000000e+01,7.918117376000000000e+09,9.050025492480000000e+11,1.697563409805297852e+00
3.880000000000000000e+03,5.330000000000000000e+02,8.879270542301286184e+01,1.397542485937368628e-01,1.690000000000000000e+02,2.371363584000000000e+09,3.570016911360000000e+11,0.000000000000000000e+00
2.399000000000000000e+03,1.311000000000000000e+03,1.594691771967652869e+02,1.785714285714285754e-01,2.300000000000000000e+01,1.432996761600000000e+10,1.869943144448000000e+12,4.284954965114593506e-01
3.194000000000000000e+03,1.267000000000000000e+03,8.037259470122901917e+01,1.720052290384453675e-01,2.640000000000000000e+02,9.829342080000000000e+08,1.980332441600000000e+11,3.220060467720031738e-01
3.109000000000000000e+03,3.657000000000000000e+03,1.330718342823644775e+02,1.428571428571428492e-01,2.060000000000000000e+02,1.390374016000000000e+09,2.378899783680000000e+11,9.224576503038406372e-02
4.140000000000000000e+02,3.220000000000000000e+03,3.855011877844195567e+01,1.010152544552210818e-01,2.830000000000000000e+02,1.296733952000000000e+09,2.140295495680000000e+11,0.000000000000000000e+00
3.276000000000000000e+03,1.174000000000000000e+03,2.957404588024485292e+01,2.000000000000000111e-01,4.610000000000000000e+02,3.486914560000000000e+08,7.917443481600000000e+10,0.000000000000000000e+00
2.518000000000000000e+03,1.015000000000000000e+03,4.634809728216119993e+02,1.490711984999859852e-01,9.000000000000000000e+00,2.156558540800000000e+10,2.274888253440000000e+12,8.735226988792419434e-01
3.878000000000000000e+03,1.995000000000000000e+03,1.876181635443380742e+02,1.505846504842085487e-01,6.300000000000000000e+01,1.001084723200000000e+10,8.035539353600000000e+11,1.929144382476806641e+00
1.404000000000000000e+03,1.337000000000000000e+03,1.005453726396764864e+02,1.764705882352941291e-01,1.330000000000000000e+02,2.948885760000000000e+09,4.005123194880000000e+11,4.462803006172180176e-01
3.775000000000000000e+03,1.260000000000000000e+03,2.158671690112649060e+02,1.437398936440172637e-01,5.700000000000000000e+01,7.847402496000000000e+09,9.251958292480000000e+11,7.964859604835510254e-01
3.638000000000000000e+03,3.130000000000000000e+03,1.232031464516427093e+02,8.318903308077030267e-02,1.190000000000000000e+02,3.870370048000000000e+09,4.366447411200000000e+11,4.725667238235473633e-01
1.804000000000000000e+03,1.758000000000000000e+03,7.004011270713482418e+01,8.333333333333332871e-02,4.040000000000000000e+02,4.314691200000000000e+08,1.523989217280000000e+11,0.000000000000000000e+00
1.272000000000000000e+03,1.799000000000000000e+03,2.496944581300901689e+02,9.316949906249123725e-02,4.100000000000000000e+01,1.095597670400000000e+10,1.212032876544000000e+12,5.461735725402832031e-01
8.390000000000000000e+02,4.400000000000000000e+02,1.045913142509797922e+02,5.000000000000000278e-02,8.500000000000000000e+01,6.778748416000000000e+09,6.711748853760000000e+11,0.000000000000000000e+00
1.719000000000000000e+03,2.131000000000000000e+03,8.581863540128600221e+01,7.856742013183862228e-02,1.070000000000000000e+02,3.879511552000000000e+09,5.096216330240000000e+11,1.446489691734313965e-01
3.701000000000000000e+03,2.344000000000000000e+03,4.861116439909901743e+01,1.720052290384453675e-01,3.490000000000000000e+02,3.763875840000000000e+08,1.713577000960000000e+11,1.236851606518030167e-02
1.844000000000000000e+03,3.660000000000000000e+03,6.434873348851728281e+01,1.250000000000000000e-01,1.970000000000000000e+02,1.901484416000000000e+09,3.233736294400000000e+11,5.048052407801151276e-03
3.796000000000000000e+03,3.379000000000000000e+03,3.097080941753231400e+02,6.734350297014739251e-02,7.000000000000000000e+01,4.521774080000000000e+09,8.075297423360000000e+11,4.387148097157478333e-02
3.184000000000000000e+03,3.194000000000000000e+03,3.147397368325429738e+02,0.000000000000000000e+00,3.520000000000000000e+02,5.111344960000000000e+08,1.465756876800000000e+11,7.448452711105346680e-02
2.748000000000000000e+03,3.656000000000000000e+03,3.209292524628538104e+02,7.692307692307692735e-02,1.110000000000000000e+02,1.490579456000000000e+09,2.051426385920000000e+11,3.236221894621849060e-02
2.514000000000000000e+03,1.573000000000000000e+03,3.303935073574215835e+02,9.722034684781695468e-02,4.400000000000000000e+01,1.090394419200000000e+10,1.034238296064000000e+12,7.928316593170166016e-01
8.460000000000000000e+02,2.147000000000000000e+03,1.519810138763555472e+02,8.333333333333332871e-02,3.610000000000000000e+02,8.923841920000000000e+08,1.541818122240000000e+11,2.977113984525203705e-02
1.682000000000000000e+03,2.255000000000000000e+03,3.877629911557477271e+02,1.351351351351351426e-01,3.000000000000000000e+00,5.031784038400000000e+10,4.124430041088000000e+12,3.194062948226928711e+00
3.200000000000000000e+03,1.941000000000000000e+03,1.090314231944894985e+01,1.756820922315766309e-01,1.490000000000000000e+02,4.130169088000000000e+09,5.134606336000000000e+11,0.000000000000000000e+00
3.109000000000000000e+03,3.660000000000000000e+03,1.632973156391212797e+02,7.142857142857142461e-02,2.060000000000000000e+02,1.390374016000000000e+09,2.378899783680000000e+11,9.224576503038406372e-02
3.684000000000000000e+03,2.874000000000000000e+03,4.939609284420494077e+02,1.129384878631564115e-01,2.100000000000000000e+01,2.165043609600000000e+10,1.786106085376000000e+12,1.058541417121887207e+00
2.518000000000000000e+03,1.009000000000000000e+03,2.851703196402388016e+02,1.885618083164126990e-01,9.000000000000000000e+00,2.156558540800000000e+10,2.274888253440000000e+12,8.735226988792419434e-01
1.950000000000000000e+03,1.589000000000000000e+03,7.229040222425982165e+01,2.000000000000000111e-01,2.090000000000000000e+02,1.680539008000000000e+09,2.664933130240000000e+11,6.827071309089660645e-02
3.999000000000000000e+03,2.886000000000000000e+03,3.912653115073872812e+01,1.490711984999859852e-01,2.290000000000000000e+02,1.661390208000000000e+09,2.690882600960000000e+11,0.000000000000000000e+00
3.369000000000000000e+03,2.981000000000000000e+03,3.672664924274089060e+01,1.666666666666666574e-01,3.950000000000000000e+02,4.555417600000000000e+08,1.569063075840000000e+11,2.446600701659917831e-03
3.882000000000000000e+03,5.370000000000000000e+02,6.096443160682012063e+01,1.397542485937368628e-01,1.690000000000000000e+02,2.371363584000000000e+09,3.570016911360000000e+11,0.000000000000000000e+00
4.350000000000000000e+02,2.729000000000000000e+03,8.020935575421648309e+02,6.734350297014739251e-02,6.100000000000000000e+01,9.361108992000000000e+09,7.905924218880000000e+11,2.025802731513977051e-01
2.725000000000000000e+03,2.468000000000000000e+03,6.095453880983078534e+02,0.000000000000000000e+00,5.300000000000000000e+01,8.349897216000000000e+09,1.000912453632000000e+12,8.435634374618530273e-01
3.097000000000000000e+03,1.076000000000000000e+03,1.581324181415728560e+02,1.374903330507991073e-01,5.200000000000000000e+01,8.784549888000000000e+09,9.930926981120000000e+11,3.149703741073608398e-01
1.733000000000000000e+03,2.186000000000000000e+03,1.870961774678571317e+02,1.010152544552210818e-01,2.080000000000000000e+02,2.567625216000000000e+09,2.535187906560000000e+11,5.201082229614257812e-01
2.360000000000000000e+02,1.138000000000000000e+03,1.629611307414240287e+02,1.304347826086956486e-01,5.600000000000000000e+01,8.372165632000000000e+09,9.969321902080000000e+11,1.320460557937622070e+00
1.171000000000000000e+03,9.460000000000000000e+02,1.171589099865339278e+02,7.692307692307692735e-02,2.620000000000000000e+02,1.127148544000000000e+09,2.017027358720000000e+11,1.177907511591911316e-01
1.825000000000000000e+03,1.937000000000000000e+03,7.414073031699074079e+01,5.882352941176470507e-02,1.610000000000000000e+02,1.280539904000000000e+09,4.004363632640000000e+11,8.078122884035110474e-02
3.559000000000000000e+03,1.405000000000000000e+03,7.526701667633186332e+01,1.875000000000000000e-01,1.390000000000000000e+02,3.034572544000000000e+09,3.687495434240000000e+11,3.046059608459472656e-01
1.565000000000000000e+03,2.418000000000000000e+03,2.097964574715714434e+02,1.064794274999899953e-01,8.100000000000000000e+01,2.113757184000000000e+09,7.291969863680000000e+11,5.292919650673866272e-02
2.300000000000000000e+01,1.894000000000000000e+03,1.028280222097625227e+02,1.802775637731994507e-01,7.600000000000000000e+01,4.705384448000000000e+09,6.982864732160000000e+11,2.036401629447937012e-01
2.332000000000000000e+03,1.641000000000000000e+03,7.016170658283850514e+01,1.490711984999859852e-01,1.340000000000000000e+02,1.772967168000000000e+09,2.816054394880000000e+11,6.904131919145584106e-02
2.736000000000000000e+03,1.328000000000000000e+03,5.991586554485085969e+01,1.885618083164126990e-01,1.800000000000000000e+02,2.299778304000000000e+09,3.093213347840000000e+11,2.055913954973220825e-01
2.127000000000000000e+03,2.920000000000000000e+03,9.967763230127572172e+01,6.666666666666666574e-02,1.880000000000000000e+02,2.986171904000000000e+09,2.614912122880000000e+11,0.000000000000000000e+00
2.861000000000000000e+03,1.474000000000000000e+03,5.799443400784085156e+01,1.538461538461538547e-01,3.130000000000000000e+02,8.743348480000000000e+08,1.771336335360000000e+11,5.516332760453224182e-02
2.331000000000000000e+03,2.445000000000000000e+03,1.244464147045202935e+02,2.000000000000000111e-01,2.000000000000000000e+01,1.773182566400000000e+10,1.272934170624000000e+12,1.895519137382507324e+00
3.183000000000000000e+03,3.542000000000000000e+03,4.681414733618435520e+01,1.666666666666666574e-01,2.840000000000000000e+02,4.448829120000000000e+08,1.351295795200000000e+11,2.640669979155063629e-02
2.770000000000000000e+03,3.270000000000000000e+02,5.262465199351684930e+01,1.976423537605237202e-01,1.790000000000000000e+02,1.828806528000000000e+09,3.402233610240000000e+11,0.000000000000000000e+00
3.640000000000000000e+02,2.162000000000000000e+03,4.419316288015102714e+02,1.085027796215173868e-01,1.000000000000000000e+00,5.404031385600000000e+10,4.775771897856000000e+12,1.709547489881515503e-01
1.937000000000000000e+03,2.860000000000000000e+02,4.967017764741494545e+01,1.178511301977579334e-01,3.670000000000000000e+02,5.155913600000000000e+08,1.472662405120000000e+11,1.946306824684143066e-01
2.514000000000000000e+03,2.834000000000000000e+03,6.155059401581778644e+01,1.597191412499849861e-01,2.500000000000000000e+02,6.196195200000000000e+08,2.109266001920000000e+11,1.654069572687149048e-01
2.112000000000000000e+03,3.609000000000000000e+03,4.928056645710468331e+01,1.863389981249824745e-01,3.620000000000000000e+02,3.237032320000000000e+08,1.473524695040000000e+11,3.438935428857803345e-02
3.429000000000000000e+03,1.225000000000000000e+03,1.094133039452734550e+02,1.176470588235294101e-01,1.130000000000000000e+02,2.657031680000000000e+09,3.958027059200000000e+11,1.962056942284107208e-02
2.844000000000000000e+03,3.981000000000000000e+03,4.364789917326955901e+02,1.505846504842085487e-01,2.000000000000000000e+00,5.628931686400000000e+10,6.278159532032000000e+12,7.123951315879821777e-01
2.219000000000000000e+03,3.055000000000000000e+03,9.242088290718251642e+01,1.844626385704036808e-01,1.600000000000000000e+01,1.937281843200000000e+10,1.002276192256000000e+12,7.867671847343444824e-01
2.564000000000000000e+03,3.100000000000000000e+03,1.140528069824203783e+02,1.397542485937368628e-01,1.680000000000000000e+02,2.705936384000000000e+09,3.518693048320000000e+11,1.805059164762496948e-01
3.156000000000000000e+03,3.368000000000000000e+03,1.545203401474956024e+02,1.666666666666666574e-01,1.050000000000000000e+02,4.555825664000000000e+09,4.907443159040000000e+11,8.129624128341674805e-01
6.530000000000000000e+02,1.212000000000000000e+03,1.208661397422099526e+02,7.142857142857142461e-02,2.020000000000000000e+02,2.064345472000000000e+09,2.498714009600000000e+11,1.659321784973144531e-01
2.725000000000000000e+03,2.472000000000000000e+03,1.625284640342987075e+02,1.739130434782608647e-01,5.300000000000000000e+01,8.349897216000000000e+09,1.000912453632000000e+12,8.435634374618530273e-01
1.148000000000000000e+03,1.552000000000000000e+03,8.889305960353046032e+01,1.720052290384453675e-01,3.100000000000000000e+02,8.167900800000000000e+08,1.839095480320000000e+11,0.000000000000000000e+00
1.625000000000000000e+03,1.602000000000000000e+03,1.465387103458674289e+02,1.756820922315766309e-01,9.400000000000000000e+01,5.584472064000000000e+09,5.205818081280000000e+11,5.259398221969604492e-01
9.240000000000000000e+02,5.400000000000000000e+01,1.984909363195094443e+02,1.243663295998240076e-01,5.000000000000000000e+00,3.720409907200000000e+10,5.819019034624000000e+12,4.008188247680664062e-01
1.608000000000000000e+03,2.126000000000000000e+03,2.639123184526370665e+02,1.363636363636363535e-01,5.400000000000000000e+01,1.122953011200000000e+10,8.577714094080000000e+11,2.445178747177124023e+00
3.186000000000000000e+03,3.622000000000000000e+03,1.306935723791540909e+02,1.087856586440842377e-01,3.330000000000000000e+02,5.459247360000000000e+08,1.804148080640000000e+11,2.241535298526287079e-02
6.460000000000000000e+02,1.720000000000000000e+03,1.850585458634873248e+02,1.488645855129573925e-01,3.500000000000000000e+01,1.143281561600000000e+10,6.191613870080000000e+11,7.271656394004821777e-01
3.184000000000000000e+03,3.193000000000000000e+03,1.757886494331229699e+02,8.333333333333332871e-02,3.520000000000000000e+02,5.111344960000000000e+08,1.465756876800000000e+11,7.448452711105346680e-02
1.573000000000000000e+03,2.981000000000000000e+03,2.955975810993710411e+02,7.142857142857142461e-02,2.280000000000000000e+02,1.568986880000000000e+09,2.207783649280000000e+11,2.009579539299011230e-01
1.924000000000000000e+03,3.054000000000000000e+03,4.200663949088819038e+01,1.315334104411640948e-01,1.660000000000000000e+02,2.417051648000000000e+09,3.856119562240000000e+11,4.769425466656684875e-02
2.625000000000000000e+03,6.600000000000000000e+01,3.844267266420867912e+01,1.666666666666666574e-01,3.860000000000000000e+02,3.389833600000000000e+08,1.445606195200000000e+11,4.060648847371339798e-03
3.143000000000000000e+03,9.930000000000000000e+02,2.127768103438879734e+02,1.664356663246515655e-01,9.500000000000000000e+01,3.394375168000000000e+09,5.609730211840000000e+11,7.624695897102355957e-01
4.370000000000000000e+02,2.732000000000000000e+03,1.872637318792360190e+02,1.064794274999899953e-01,6.100000000000000000e+01,9.361108992000000000e+09,7.905924218880000000e+11,2.025802731513977051e-01
2.410000000000000000e+03,3.453000000000000000e+03,6.211252199681457142e+01,1.087856586440842377e-01,3.580000000000000000e+02,6.998554240000000000e+08,1.721436569600000000e+11,0.000000000000000000e+00
2.048000000000000000e+03,3.908000000000000000e+03,1.514882694557293803e+02,1.285648693066450132e-01,4.380000000000000000e+02,3.354831680000000000e+08,1.083496611840000000e+11,7.706786505877971649e-03
1.627000000000000000e+03,2.886000000000000000e+03,4.662098345326597837e+01,1.178511301977579334e-01,3.380000000000000000e+02,6.394778880000000000e+08,1.540701716480000000e+11,3.700610995292663574e-02
2.940000000000000000e+02,2.465000000000000000e+03,2.316098408015714369e+02,1.087856586440842377e-01,2.200000000000000000e+02,6.968931840000000000e+08,2.078136893440000000e+11,0.000000000000000000e+00
5.380000000000000000e+02,2.458000000000000000e+03,7.360405470236712233e+01,1.976423537605237202e-01,1.600000000000000000e+02,1.700266368000000000e+09,3.477796618240000000e+11,1.986222900450229645e-02
2.380000000000000000e+02,1.142000000000000000e+03,1.194718942053429487e+02,1.792654619833765339e-01,5.600000000000000000e+01,8.372165632000000000e+09,9.969321902080000000e+11,1.320460557937622070e+00
1.142000000000000000e+03,3.906000000000000000e+03,2.416947463841341630e+02,1.562500000000000000e-01,8.000000000000000000e+00,2.140511027200000000e+10,2.705576689664000000e+12,6.908459067344665527e-01
1.764000000000000000e+03,4.690000000000000000e+02,5.879516104130209442e+01,1.428571428571428492e-01,2.110000000000000000e+02,1.394466176000000000e+09,2.478166507520000000e+11,2.401392906904220581e-02
2.404000000000000000e+03,1.305000000000000000e+03,4.143577824801290603e+02,1.010152544552210818e-01,2.300000000000000000e+01,1.432996761600000000e+10,1.869943144448000000e+12,4.284954965114593506e-01
1.809000000000000000e+03,1.915000000000000000e+03,4.435573575200486829e+01,1.428571428571428492e-01,2.810000000000000000e+02,1.284644224000000000e+09,2.199001825280000000e+11,3.346104547381401062e-02
2.393000000000000000e+03,3.290000000000000000e+02,3.725556000275065571e+02,5.545935538718019947e-02,0.000000000000000000e+00,8.377669222400000000e+10,1.136895144755200000e+13,5.675861835479736328e-01
2.410000000000000000e+02,1.142000000000000000e+03,1.271768126552322400e+02,1.944406936956339094e-01,5.600000000000000000e+01,8.372165632000000000e+09,9.969321902080000000e+11,1.320460557937622070e+00
1.146000000000000000e+03,3.905000000000000000e+03,1.611733942223990823e+02,1.767766952966368932e-01,8.000000000000000000e+00,2.140511027200000000e+10,2.705576689664000000e+12,6.908459067344665527e-01
1.796000000000000000e+03,6.950000000000000000e+02,1.129140766833345850e+02,1.176877882894626220e-01,9.200000000000000000e+01,4.124931584000000000e+09,6.228464107520000000e+11,4.545400738716125488e-01
9.160000000000000000e+02,6.100000000000000000e+01,9.204601290716600204e+01,1.636147300609602229e-01,5.000000000000000000e+00,3.720409907200000000e+10,5.819019034624000000e+12,4.008188247680664062e-01
3.292000000000000000e+03,6.460000000000000000e+02,3.589330106675446785e+01,1.720052290384453675e-01,3.500000000000000000e+02,6.536188160000000000e+08,1.804572590080000000e+11,0.000000000000000000e+00
1.308000000000000000e+03,1.396000000000000000e+03,1.002459513677665655e+02,1.242259987499883256e-01,3.700000000000000000e+01,6.610348032000000000e+09,4.648333803520000000e+11,1.881828457117080688e-01
1.719000000000000000e+03,2.132000000000000000e+03,6.691780452421784275e+01,1.242259987499883256e-01,1.070000000000000000e+02,3.879511552000000000e+09,5.096216330240000000e+11,1.446489691734313965e-01
3.204000000000000000e+03,1.944000000000000000e+03,1.229123756779645049e+01,1.242259987499883256e-01,1.490000000000000000e+02,4.130169088000000000e+09,5.134606336000000000e+11,0.000000000000000000e+00
1.622000000000000000e+03,2.507000000000000000e+03,3.088065784805911917e+01,1.490711984999859852e-01,1.940000000000000000e+02,2.283313920000000000e+09,2.992840048640000000e+11,0.000000000000000000e+00
3.203000000000000000e+03,2.995000000000000000e+03,5.942446759400274914e+01,1.250000000000000000e-01,1.820000000000000000e+02,2.227453696000000000e+09,3.294442946560000000e+11,5.853049829602241516e-02
2.295000000000000000e+03,2.468000000000000000e+03,4.742883944700923138e+01,1.666666666666666574e-01,3.900000000000000000e+02,3.359978560000000000e+08,1.444374773760000000e+11,4.727732855826616287e-03
2.827000000000000000e+03,3.190000000000000000e+03,4.161888818312530134e+02,7.692307692307692735e-02,2.650000000000000000e+02,3.615540160000000000e+08,1.883296890880000000e+11,1.699150539934635162e-02
1.492000000000000000e+03,1.414000000000000000e+03,8.143109035887127334e+01,1.666666666666666574e-01,1.150000000000000000e+02,4.847934976000000000e+09,5.071829401600000000e+11,1.144441142678260803e-01
2.888000000000000000e+03,3.527000000000000000e+03,2.349585775193982897e+02,1.171213948210510919e-01,2.800000000000000000e+01,1.246307840000000000e+10,1.611237163008000000e+12,9.548643231391906738e-01
2.396000000000000000e+03,9.200000000000000000e+02,6.575193626588543339e+01,1.767766952966368932e-01,1.620000000000000000e+02,2.895883776000000000e+09,3.341555793920000000e+11,2.132596969604492188e-01
2.780000000000000000e+03,3.287000000000000000e+03,1.143100953253513126e+02,1.346870059402947850e-01,6.200000000000000000e+01,7.472852480000000000e+09,7.617833861120000000e+11,6.833025813102722168e-01
1.070000000000000000e+03,1.160000000000000000e+02,2.582538229465477571e+02,1.663780661615406053e-01,1.470000000000000000e+02,2.007474560000000000e+09,4.196885790720000000e+11,3.573011159896850586e-01
2.634000000000000000e+03,2.678000000000000000e+03,2.162238397186921190e+02,1.788854381999831766e-01,3.400000000000000000e+01,1.456821657600000000e+10,1.276274671616000000e+12,1.921485066413879395e+00
2.078000000000000000e+03,3.086000000000000000e+03,3.968598804025858584e+01,1.767766952966368932e-01,1.700000000000000000e+02,4.433466880000000000e+09,3.195793571840000000e+11,0.000000000000000000e+00
2.027000000000000000e+03,7.790000000000000000e+02,1.538670047306922299e+02,1.716929178792375721e-01,6.800000000000000000e+01,5.959005184000000000e+09,8.359626014720000000e+11,1.076989397406578064e-01
2.210000000000000000e+03,3.703000000000000000e+03,2.080795461643176338e+02,1.315334104411640948e-01,1.260000000000000000e+02,1.674342144000000000e+09,3.931353251840000000e+11,3.196120858192443848e-01
1.834000000000000000e+03,8.810000000000000000e+02,1.118308092818491417e+02,1.597191412499849861e-01,2.300000000000000000e+02,1.177191040000000000e+09,2.513947852800000000e+11,0.000000000000000000e+00
2.388000000000000000e+03,3.280000000000000000e+02,3.989594494056584040e+02,8.318903308077028880e-02,0.000000000000000000e+00,8.377669222400000000e+10,1.136895144755200000e+13,5.675861835479736328e-01
1.569000000000000000e+03,2.417000000000000000e+03,1.194370370157678849e+02,9.523809523809523281e-02,8.100000000000000000e+01,2.113757184000000000e+09,7.291969863680000000e+11,5.292919650673866272e-02
6.980000000000000000e+02,2.352000000000000000e+03,1.093570782194286295e+02,1.875000000000000000e-01,1.320000000000000000e+02,3.981132032000000000e+09,3.638901800960000000e+11,1.465964019298553467e-01
3.797000000000000000e+03,2.645000000000000000e+03,1.304717229872616144e+02,1.333333333333333315e-01,2.000000000000000000e+02,2.025225472000000000e+09,2.632945827840000000e+11,3.803326785564422607e-01
2.008000000000000000e+03,3.988000000000000000e+03,2.419310848800326994e+02,1.567630989332169100e-01,4.600000000000000000e+01,1.164763852800000000e+10,1.045021261824000000e+12,1.535035371780395508e+00
3.385000000000000000e+03,3.939000000000000000e+03,4.896483933050635784e+01,1.538461538461538547e-01,3.760000000000000000e+02,4.800745280000000000e+08,1.675726192640000000e+11,5.757528124377131462e-04
2.169000000000000000e+03,2.607000000000000000e+03,1.671825761746494550e+02,1.567630989332169100e-01,5.100000000000000000e+01,8.195988992000000000e+09,1.038099021824000000e+12,2.238056659698486328e-01
3.180000000000000000e+03,3.544000000000000000e+03,5.111194679952914299e+01,1.863389981249824745e-01,2.840000000000000000e+02,4.448829120000000000e+08,1.351295795200000000e+11,2.640669979155063629e-02
1.662000000000000000e+03,1.079000000000000000e+03,8.856498381169767242e+01,9.428090415820634951e-02,1.900000000000000000e+02,1.711664896000000000e+09,2.957806796800000000e+11,0.000000000000000000e+00
1.450000000000000000e+02,1.420000000000000000e+03,5.161992771981726946e+01,1.764705882352941291e-01,1.360000000000000000e+02,2.809626368000000000e+09,3.971332505600000000e+11,3.292922303080558777e-02
3.795000000000000000e+03,2.648000000000000000e+03,1.009750048421541777e+02,1.490711984999859852e-01,2.000000000000000000e+02,2.025225472000000000e+09,2.632945827840000000e+11,3.803326785564422607e-01
6.890000000000000000e+02,1.617000000000000000e+03,8.669308668148883612e+01,1.897658566033678385e-01,8.900000000000000000e+01,6.014683136000000000e+09,6.031215820800000000e+11,3.571751117706298828e-01
2.507000000000000000e+03,1.864000000000000000e+03,1.092804885579379288e+02,1.176470588235294101e-01,1.280000000000000000e+02,4.207731712000000000e+09,4.357716705280000000e+11,1.003083679825067520e-02
1.719000000000000000e+03,2.129000000000000000e+03,1.362720003387167367e+02,7.856742013183862228e-02,1.070000000000000000e+02,3.879511552000000000e+09,5.096216330240000000e+11,1.446489691734313965e-01
3.194000000000000000e+03,1.266000000000000000e+03,9.297801335085138419e+01,1.087856586440842377e-01,2.640000000000000000e+02,9.829342080000000000e+08,1.980332441600000000e+11,3.220060467720031738e-01
2.333000000000000000e+03,1.641000000000000000e+03,7.003825957864120255e+01,1.885618083164126990e-01,1.340000000000000000e+02,1.772967168000000000e+09,2.816054394880000000e+11,6.904131919145584106e-02
2.009000000000000000e+03,3.989000000000000000e+03,2.209734277626927224e+02,1.567630989332169100e-01,4.600000000000000000e+01,1.164763852800000000e+10,1.045021261824000000e+12,1.535035371780395508e+00
2.124000000000000000e+03,2.921000000000000000e+03,1.131176825455531656e+02,1.490711984999859852e-01,1.880000000000000000e+02,2.986171904000000000e+09,2.614912122880000000e+11,0.000000000000000000e+00
9.130000000000000000e+02,6.000000000000000000e+01,6.235629423412337502e+01,1.904938945343086221e-01,5.000000000000000000e+00,3.720409907200000000e+10,5.819019034624000000e+12,4.008188247680664062e-01
3.570000000000000000e+03,2.392000000000000000e+03,3.999439336057970706e+01,1.863389981249824745e-01,3.780000000000000000e+02,3.485710080000000000e+08,1.624616304640000000e+11,0.000000000000000000e+00
3.980000000000000000e+03,2.093000000000000000e+03,1.430878795930914009e+02,1.802775637731994507e-01,7.300000000000000000e+01,7.018176512000000000e+09,6.609458298880000000e+11,1.683588624000549316e+00
2.966000000000000000e+03,3.716000000000000000e+03,1.982914313938206590e+02,1.242259987499883256e-01,1.090000000000000000e+02,4.211948288000000000e+09,4.665582878720000000e+11,9.797154068946838379e-01
3.981000000000000000e+03,2.591000000000000000e+03,1.173029014196113877e+02,1.764705882352941291e-01,1.270000000000000000e+02,4.167231744000000000e+09,4.408803655680000000e+11,8.699815869331359863e-01
3.164000000000000000e+03,9.000000000000000000e+02,3.506082496777009396e+02,1.016394535227177209e-01,5.800000000000000000e+01,1.094278246400000000e+10,8.453797314560000000e+11,1.849814414978027344e+00
2.576000000000000000e+03,8.410000000000000000e+02,4.236410579501292659e+02,1.386750490563072868e-01,2.600000000000000000e+01,1.537867468800000000e+10,1.513454567424000000e+12,1.694393157958984375e+00
2.638000000000000000e+03,2.682000000000000000e+03,2.714055905864112788e+02,8.000000000000000167e-02,3.400000000000000000e+01,1.456821657600000000e+10,1.276274671616000000e+12,1.921485066413879395e+00
9.650000000000000000e+02,2.619000000000000000e+03,1.053795276075224479e+02,1.578947368421052544e-01,8.800000000000000000e+01,3.431953920000000000e+09,5.633286471680000000e+11,0.000000000000000000e+00
1.414000000000000000e+03,1.423000000000000000e+03,1.285300095999245968e+02,1.571348402636772446e-01,1.140000000000000000e+02,3.367604480000000000e+09,4.616201175040000000e+11,4.400322437286376953e-01
3.168000000000000000e+03,2.676000000000000000e+03,4.895756306225802490e+01,1.490711984999859852e-01,2.420000000000000000e+02,1.493960832000000000e+09,2.710832906240000000e+11,0.000000000000000000e+00
2.340000000000000000e+03,2.445000000000000000e+03,1.778109669952637546e+02,1.600000000000000033e-01,2.000000000000000000e+01,1.773182566400000000e+10,1.272934170624000000e+12,1.895519137382507324e+00
3.630000000000000000e+02,2.166000000000000000e+03,5.942925988849783607e+02,1.116484391347180166e-01,1.000000000000000000e+00,5.404031385600000000e+10,4.775771897856000000e+12,1.709547489881515503e-01
3.550000000000000000e+02,2.161000000000000000e+03,4.162103985219184210e+02,1.417148633456448426e-01,1.000000000000000000e+00,5.404031385600000000e+10,4.775771897856000000e+12,1.709547489881515503e-01
2.224000000000000000e+03,3.055000000000000000e+03,8.427434083183383962e+01,1.567630989332169100e-01,1.600000000000000000e+01,1.937281843200000000e+10,1.002276192256000000e+12,7.867671847343444824e-01
2.967000000000000000e+03,3.714000000000000000e+03,9.642159078830212593e+02,7.856742013183862228e-02,1.090000000000000000e+02,4.211948288000000000e+09,4.665582878720000000e+11,9.797154068946838379e-01
6.160000000000000000e+02,3.761000000000000000e+03,3.060655554364109321e+02,1.888525745775105347e-01,2.400000000000000000e+01,1.978117324800000000e+10,1.640358739968000000e+12,2.145830392837524414e+00
1.160000000000000000e+02,3.026000000000000000e+03,1.366939167428255359e+02,1.397542485937368628e-01,1.640000000000000000e+02,2.050533248000000000e+09,3.406673346560000000e+11,1.269493103027343750e-01
2.025000000000000000e+03,7.830000000000000000e+02,1.452441290718530524e+02,4.761904761904761640e-02,6.800000000000000000e+01,5.959005184000000000e+09,8.359626014720000000e+11,1.076989397406578064e-01
2.023000000000000000e+03,7.810000000000000000e+02,2.160310804682301864e+02,1.064794274999899953e-01,6.800000000000000000e+01,5.959005184000000000e+09,8.359626014720000000e+11,1.076989397406578064e-01
1.821000000000000000e+03,1.058000000000000000e+03,8.749268567420422471e+01,1.578947368421052544e-01,1.060000000000000000e+02,2.685982464000000000e+09,6.262559211520000000e+11,8.711945414543151855e-01
2.393000000000000000e+03,3.400000000000000000e+02,3.547800857669207062e+02,1.807753815155468124e-01,0.000000000000000000e+00,8.377669222400000000e+10,1.136895144755200000e+13,5.675861835479736328e-01
1.827000000000000000e+03,1.936000000000000000e+03,7.843812767231935368e+01,1.176470588235294101e-01,1.610000000000000000e+02,1.280539904000000000e+09,4.004363632640000000e+11,8.078122884035110474e-02
2.161000000000000000e+03,2.847000000000000000e+03,8.584525343473432031e+02,1.087856586440842377e-01,3.340000000000000000e+02,5.389920000000000000e+08,1.700434411520000000e+11,6.345395743846893311e-02
4.330000000000000000e+02,2.730000000000000000e+03,1.789899812626866833e+02,1.428571428571428492e-01,6.100000000000000000e+01,9.361108992000000000e+09,7.905924218880000000e+11,2.025802731513977051e-01
5.310000000000000000e+02,1.733000000000000000e+03,1.496750546260616943e+02,1.176877882894626220e-01,8.000000000000000000e+01,8.157177344000000000e+09,6.252981125120000000e+11,7.224321365356445312e-02
3.703000000000000000e+03,3.718000000000000000e+03,1.114326300442442061e+02,1.176470588235294101e-01,1.520000000000000000e+02,2.955342592000000000e+09,3.941879316480000000e+11,2.590242326259613037e-01
2.097000000000000000e+03,3.835000000000000000e+03,1.782262566566640203e+02,1.111111111111111049e-01,1.240000000000000000e+02,4.820801024000000000e+09,4.914155356160000000e+11,8.609086275100708008e-02
1.791000000000000000e+03,6.960000000000000000e+02,1.250445031369273892e+02,1.578947368421052544e-01,9.200000000000000000e+01,4.124931584000000000e+09,6.228464107520000000e+11,4.545400738716125488e-01
2.502000000000000000e+03,2.621000000000000000e+03,5.103841878169372848e+01,1.720052290384453675e-01,2.440000000000000000e+02,7.854515840000000000e+08,1.657421332480000000e+11,0.000000000000000000e+00
3.273000000000000000e+03,2.767000000000000000e+03,1.304408750216166482e+02,1.717960677340691911e-01,3.800000000000000000e+01,6.768592384000000000e+09,1.212657696768000000e+12,3.731330037117004395e-01
4.340000000000000000e+02,2.732000000000000000e+03,1.651410352591647097e+02,1.346870059402947850e-01,6.100000000000000000e+01,9.361108992000000000e+09,7.905924218880000000e+11,2.025802731513977051e-01
3.077000000000000000e+03,2.406000000000000000e+03,2.939260960509918732e+02,1.567630989332169100e-01,1.900000000000000000e+01,1.888740147200000000e+10,1.018762625024000000e+12,2.206895589828491211e+00
2.345000000000000000e+03,3.117000000000000000e+03,7.614878895823781590e+01,1.242259987499883256e-01,1.290000000000000000e+02,2.992413696000000000e+09,4.594857082880000000e+11,0.000000000000000000e+00
1.838000000000000000e+03,8.810000000000000000e+02,4.214463844557935346e+01,1.597191412499849861e-01,2.300000000000000000e+02,1.177191040000000000e+09,2.513947852800000000e+11,0.000000000000000000e+00
3.580000000000000000e+02,2.169000000000000000e+03,3.522544611296167432e+02,1.664356663246515655e-01,1.000000000000000000e+00,5.404031385600000000e+10,4.775771897856000000e+12,1.709547489881515503e-01
1.800000000000000000e+03,7.990000000000000000e+02,9.277375144996860001e+01,5.882352941176470507e-02,1.630000000000000000e+02,2.709165312000000000e+09,3.863595909120000000e+11,0.000000000000000000e+00
3.443000000000000000e+03,5.070000000000000000e+02,1.626474768106706392e+02,1.499999999999999944e-01,6.000000000000000000e+01,5.884199936000000000e+09,6.306729164800000000e+11,1.673907041549682617e-01
2.395000000000000000e+03,3.270000000000000000e+02,3.175815185668792537e+02,1.109187107743603989e-01,0.000000000000000000e+00,8.377669222400000000e+10,1.136895144755200000e+13,5.675861835479736328e-01
3.292000000000000000e+03,2.279000000000000000e+03,4.942442219313284113e+01,1.538461538461538547e-01,3.070000000000000000e+02,6.678266880000000000e+08,1.812894842880000000e+11,0.000000000000000000e+00
3.390000000000000000e+03,2.932000000000000000e+03,8.764909696740596701e+01,1.904761904761904656e-01,7.200000000000000000e+01,7.327007232000000000e+09,7.772913664000000000e+11,0.000000000000000000e+00
9.110000000000000000e+02,5.500000000000000000e+01,6.426183648374967561e+01,1.951219512195122019e-01,5.000000000000000000e+00,3.720409907200000000e+10,5.819019034624000000e+12,4.008188247680664062e-01
2.526000000000000000e+03,1.009000000000000000e+03,1.806041949772665589e+02,1.885618083164126990e-01,9.000000000000000000e+00,2.156558540800000000e+10,2.274888253440000000e+12,8.735226988792419434e-01
7.120000000000000000e+02,2.464000000000000000e+03,6.087938226319225521e+01,2.000000000000000111e-01,1.990000000000000000e+02,1.612775168000000000e+09,2.778867630080000000e+11,1.621814519166946411e-01
2.410000000000000000e+03,3.452000000000000000e+03,4.297767731047741080e+01,1.720052290384453675e-01,3.580000000000000000e+02,6.998554240000000000e+08,1.721436569600000000e+11,0.000000000000000000e+00
2.177000000000000000e+03,9.420000000000000000e+02,6.278679986266364921e+01,7.692307692307692735e-02,3.170000000000000000e+02,5.759249280000000000e+08,1.705074032640000000e+11,2.754274010658264160e-01
2.168000000000000000e+03,2.609000000000000000e+03,2.085412958002547725e+02,8.695652173913043237e-02,5.100000000000000000e+01,8.195988992000000000e+09,1.038099021824000000e+12,2.238056659698486328e-01
3.267000000000000000e+03,2.771000000000000000e+03,1.505869361289942674e+02,1.502313031443328895e-01,3.800000000000000000e+01,6.768592384000000000e+09,1.212657696768000000e+12,3.731330037117004395e-01
3.497000000000000000e+03,3.189000000000000000e+03,1.388737741596036130e+02,1.505846504842085487e-01,6.700000000000000000e+01,6.759896064000000000e+09,7.669665628160000000e+11,5.162037611007690430e-01
1.030000000000000000e+02,1.337000000000000000e+03,1.263975589681918592e+02,1.374903330507991073e-01,5.000000000000000000e+01,7.797797888000000000e+09,1.035582898176000000e+12,4.051990509033203125e-01
8.400000000000000000e+02,4.420000000000000000e+02,7.544787346373603043e+01,1.581138830084189706e-01,8.500000000000000000e+01,6.778748416000000000e+09,6.711748853760000000e+11,0.000000000000000000e+00
1.271000000000000000e+03,1.797000000000000000e+03,1.459706380212033139e+02,1.863389981249824745e-01,4.100000000000000000e+01,1.095597670400000000e+10,1.212032876544000000e+12,5.461735725402832031e-01
6.140000000000000000e+02,2.595000000000000000e+03,1.481926318939481746e+02,2.000000000000000111e-01,3.100000000000000000e+01,1.543549849600000000e+10,1.268652310528000000e+12,2.477414608001708984e+00
2.190000000000000000e+02,2.321000000000000000e+03,2.831529826704204922e+01,2.000000000000000111e-01,4.510000000000000000e+02,4.715208640000000000e+08,9.305896550400000000e+10,0.000000000000000000e+00
8.790000000000000000e+02,1.443000000000000000e+03,1.643642684882898379e+02,1.397542485937368628e-01,1.570000000000000000e+02,1.279842816000000000e+09,3.484008775680000000e+11,2.002031058073043823e-01
2.738000000000000000e+03,1.328000000000000000e+03,4.097125183240381716e+02,1.333333333333333315e-01,1.800000000000000000e+02,2.299778304000000000e+09,3.093213347840000000e+11,2.055913954973220825e-01
7.100000000000000000e+01,3.758000000000000000e+03,3.051569502780483845e+01,1.767766952966368932e-01,1.650000000000000000e+02,4.043890176000000000e+09,3.563160535040000000e+11,0.000000000000000000e+00
3.699000000000000000e+03,2.556000000000000000e+03,5.360462274201888278e+01,2.000000000000000111e-01,1.850000000000000000e+02,1.654559744000000000e+09,3.033799720960000000e+11,0.000000000000000000e+00
2.042000000000000000e+03,1.500000000000000000e+03,7.237617578138630847e+01,1.976423537605237202e-01,1.080000000000000000e+02,4.493515264000000000e+09,3.675199242240000000e+11,2.710719108581542969e-01
7.660000000000000000e+02,1.558000000000000000e+03,8.387537572907288563e+01,1.490711984999859852e-01,1.830000000000000000e+02,1.428196992000000000e+09,2.629062328320000000e+11,5.543422419577836990e-03
3.279000000000000000e+03,6.060000000000000000e+02,7.773010319800775392e+01,1.087856586440842377e-01,2.950000000000000000e+02,6.594207360000000000e+08,1.879180247040000000e+11,4.961204528808593750e-02
3.340000000000000000e+02,1.468000000000000000e+03,3.841661117404198649e+02,1.766955119650091000e-01,7.000000000000000000e+00,3.392714137600000000e+10,2.913892564992000000e+12,4.570787429809570312e+00
3.650000000000000000e+02,2.166000000000000000e+03,4.078943716092786644e+02,1.534461024959289654e-01,1.000000000000000000e+00,5.404031385600000000e+10,4.775771897856000000e+12,1.709547489881515503e-01
2.574000000000000000e+03,8.380000000000000000e+02,2.337126396829365262e+02,1.961161351381840168e-01,2.600000000000000000e+01,1.537867468800000000e+10,1.513454567424000000e+12,1.694393157958984375e+00
7.420000000000000000e+02,3.030000000000000000e+03,8.418229432500709208e+01,1.111111111111111049e-01,1.510000000000000000e+02,2.746465280000000000e+09,4.568337612800000000e+11,6.462391465902328491e-03
2.248000000000000000e+03,3.787000000000000000e+03,2.416471556625524499e+02,8.695652173913043237e-02,4.800000000000000000e+01,9.209923584000000000e+09,1.063470563328000000e+12,5.686478018760681152e-01
3.184000000000000000e+03,5.900000000000000000e+01,6.573290598650871743e+02,1.010152544552210818e-01,2.350000000000000000e+02,1.789910528000000000e+09,2.301310566400000000e+11,1.099770516157150269e-01
5.570000000000000000e+02,2.104000000000000000e+03,2.189883356279085547e+02,1.176877882894626220e-01,9.000000000000000000e+01,3.911753472000000000e+09,5.539202990080000000e+11,2.956744432449340820e-01
3.430000000000000000e+03,9.450000000000000000e+02,6.461378377811738005e+01,1.976423537605237202e-01,1.590000000000000000e+02,2.391091456000000000e+09,3.734835691520000000e+11,0.000000000000000000e+00
1.300000000000000000e+02,2.328000000000000000e+03,4.099271151880624302e+02,5.439282932204211884e-02,1.800000000000000000e+01,1.490262937600000000e+10,1.419475419136000000e+12,1.013386368751525879e+00
2.411000000000000000e+03,3.456000000000000000e+03,4.282915011624596247e+01,1.538461538461538547e-01,3.580000000000000000e+02,6.998554240000000000e+08,1.721436569600000000e+11,0.000000000000000000e+00
3.224000000000000000e+03,2.252000000000000000e+03,1.831002704217581254e+02,1.118033988749894958e-01,8.400000000000000000e+01,5.299633664000000000e+09,6.581860433920000000e+11,6.692118048667907715e-01
2.633000000000000000e+03,2.678000000000000000e+03,2.300977142937009887e+02,2.000000000000000111e-01,3.400000000000000000e+01,1.456821657600000000e+10,1.276274671616000000e+12,1.921485066413879395e+00
2.329000000000000000e+03,1.637000000000000000e+03,1.221599632396611099e+02,1.885618083164126990e-01,1.340000000000000000e+02,1.772967168000000000e+09,2.816054394880000000e+11,6.904131919145584106e-02
1.395000000000000000e+03,2.580000000000000000e+03,5.909913085895255591e+01,1.976423537605237202e-01,1.910000000000000000e+02,1.375448704000000000e+09,3.619017523200000000e+11,0.000000000000000000e+00
2.071000000000000000e+03,2.845000000000000000e+03,1.579570568283630507e+02,1.505846504842085487e-01,6.500000000000000000e+01,8.930834432000000000e+09,7.377056563200000000e+11,2.099134683609008789e+00
3.165000000000000000e+03,9.030000000000000000e+02,3.073406966345031037e+02,1.016394535227177209e-01,5.800000000000000000e+01,1.094278246400000000e+10,8.453797314560000000e+11,1.849814414978027344e+00
7.710000000000000000e+02,2.427000000000000000e+03,6.235671045916703292e+01,1.087856586440842377e-01,3.310000000000000000e+02,1.028564544000000000e+09,1.873801052160000000e+11,0.000000000000000000e+00
2.525000000000000000e+03,1.012000000000000000e+03,3.264207371279133554e+02,1.054092553389459896e-01,9.000000000000000000e+00,2.156558540800000000e+10,2.274888253440000000e+12,8.735226988792419434e-01
2.163000000000000000e+03,2.610000000000000000e+03,1.513342874813253900e+02,1.374903330507991073e-01,5.100000000000000000e+01,8.195988992000000000e+09,1.038099021824000000e+12,2.238056659698486328e-01
1.979000000000000000e+03,1.505000000000000000e+03,4.521885460352856967e+02,0.000000000000000000e+00,1.350000000000000000e+02,2.493312768000000000e+09,4.014708817920000000e+11,4.813774675130844116e-02
6.950000000000000000e+02,3.320000000000000000e+02,6.412188458788369871e+01,1.178511301977579334e-01,2.970000000000000000e+02,5.074717760000000000e+08,1.627715010560000000e+11,7.526428252458572388e-02
3.264000000000000000e+03,1.040000000000000000e+03,9.022139622395314973e+01,1.414213562373095034e-01,3.930000000000000000e+02,3.202225280000000000e+08,7.681050214400000000e+10,4.164096713066101074e-02
3.630000000000000000e+02,2.157000000000000000e+03,4.541537280150857896e+02,1.765316824341939261e-01,1.000000000000000000e+00,5.404031385600000000e+10,4.775771897856000000e+12,1.709547489881515503e-01
4.340000000000000000e+02,1.017000000000000000e+03,3.666786250412588544e+01,1.178511301977579334e-01,3.480000000000000000e+02,8.024995200000000000e+08,1.582646231040000000e+11,0.000000000000000000e+00
3.545000000000000000e+03,2.485000000000000000e+03,1.299661346239606985e+02,1.788854381999831766e-01,4.000000000000000000e+01,9.953271808000000000e+09,1.281303117824000000e+12,1.119234338402748108e-01
3.525000000000000000e+03,1.254000000000000000e+03,1.021215095480177979e+02,6.666666666666666574e-02,1.210000000000000000e+02,2.357122304000000000e+09,2.898401689600000000e+11,1.634987145662307739e-01
1.951000000000000000e+03,1.571000000000000000e+03,9.393625207821816048e+01,1.764705882352941291e-01,1.450000000000000000e+02,3.227431680000000000e+09,3.931728773120000000e+11,3.534326553344726562e-01
3.168000000000000000e+03,2.673000000000000000e+03,4.050041904388807978e+01,1.885618083164126990e-01,2.420000000000000000e+02,1.493960832000000000e+09,2.710832906240000000e+11,0.000000000000000000e+00
2.245000000000000000e+03,5.840000000000000000e+02,2.707486458342164681e+01,1.414213562373095034e-01,4.570000000000000000e+02,3.330442240000000000e+08,7.997295001600000000e+10,0.000000000000000000e+00
1.330000000000000000e+03,1.361000000000000000e+03,8.026000397088476745e+01,1.863389981249824745e-01,3.030000000000000000e+02,5.825347200000000000e+08,1.366595338240000000e+11,4.598995298147201538e-02
2.990000000000000000e+03,1.020000000000000000e+03,5.128251963031789984e+01,1.428571428571428492e-01,2.900000000000000000e+02,8.722309760000000000e+08,2.141345710080000000e+11,2.310216985642910004e-02
1.354000000000000000e+03,1.760000000000000000e+03,5.294021327154296586e+01,7.692307692307692735e-02,3.400000000000000000e+02,6.288156160000000000e+08,1.898148331520000000e+11,0.000000000000000000e+00
2.030000000000000000e+02,3.710000000000000000e+02,9.881670854560973112e+02,7.856742013183862228e-02,1.430000000000000000e+02,2.452175616000000000e+09,4.575933235200000000e+11,4.266196489334106445e-01
6.240000000000000000e+02,3.761000000000000000e+03,2.630340032785831568e+02,1.171213948210510919e-01,2.400000000000000000e+01,1.978117324800000000e+10,1.640358739968000000e+12,2.145830392837524414e+00
2.251000000000000000e+03,1.340000000000000000e+03,3.398397247651639645e+02,1.016394535227177209e-01,6.900000000000000000e+01,6.535744512000000000e+09,8.611923230720000000e+11,9.509965181350708008e-01
3.159000000000000000e+03,2.936000000000000000e+03,1.172398439142525888e+02,1.538461538461538547e-01,2.730000000000000000e+02,9.557055360000000000e+08,1.986753986560000000e+11,2.025958299636840820e-01
1.591000000000000000e+03,3.170000000000000000e+03,5.536735316020650544e+01,1.178511301977579334e-01,4.100000000000000000e+02,5.477777280000000000e+08,1.411371499520000000e+11,0.000000000000000000e+00
3.154000000000000000e+03,3.363000000000000000e+03,2.066942575140515999e+02,1.571348402636772446e-01,1.050000000000000000e+02,4.555825664000000000e+09,4.907443159040000000e+11,8.129624128341674805e-01
1.662000000000000000e+03,1.850000000000000000e+03,1.038566452611518685e+02,1.720052290384453675e-01,2.570000000000000000e+02,9.679162880000000000e+08,1.948128542720000000e+11,2.036323845386505127e-01
8.810000000000000000e+02,1.445000000000000000e+03,1.713625074537364981e+02,6.250000000000000000e-02,1.570000000000000000e+02,1.279842816000000000e+09,3.484008775680000000e+11,2.002031058073043823e-01
2.336000000000000000e+03,2.443000000000000000e+03,2.617496947447738194e+02,8.000000000000000167e-02,2.000000000000000000e+01,1.773182566400000000e+10,1.272934170624000000e+12,1.895519137382507324e+00
1.664000000000000000e+03,3.700000000000000000e+03,7.793681383113006689e+01,1.581138830084189706e-01,9.300000000000000000e+01,2.634921984000000000e+09,6.339202908160000000e+11,4.281575083732604980e-01
9.120000000000000000e+02,5.900000000000000000e+01,6.153991480152429716e+01,1.966404328853304795e-01,5.000000000000000000e+00,3.720409907200000000e+10,5.819019034624000000e+12,4.008188247680664062e-01
1.934000000000000000e+03,2.840000000000000000e+02,6.448738103835754032e+01,1.863389981249824745e-01,3.670000000000000000e+02,5.155913600000000000e+08,1.472662405120000000e+11,1.946306824684143066e-01
1.680000000000000000e+03,2.253000000000000000e+03,3.847257726521274321e+02,1.643989873053572914e-01,3.000000000000000000e+00,5.031784038400000000e+10,4.124430041088000000e+12,3.194062948226928711e+00
1.662000000000000000e+03,3.702000000000000000e+03,6.509102933494489207e+01,1.581138830084189706e-01,9.300000000000000000e+01,2.634921984000000000e+09,6.339202908160000000e+11,4.281575083732604980e-01
6.260000000000000000e+02,4.970000000000000000e+02,8.390130349413693978e+01,6.250000000000000000e-02,1.860000000000000000e+02,1.649663616000000000e+09,3.608393154560000000e+11,1.441983040422201157e-02
1.420000000000000000e+02,3.244000000000000000e+03,1.807216022712549659e+02,1.961161351381840168e-01,3.200000000000000000e+01,1.154737459200000000e+10,1.562261454848000000e+12,8.456335663795471191e-01
2.636000000000000000e+03,2.680000000000000000e+03,3.436374265500872980e+02,8.000000000000000167e-02,3.400000000000000000e+01,1.456821657600000000e+10,1.276274671616000000e+12,1.921485066413879395e+00
3.278000000000000000e+03,1.279000000000000000e+03,4.236403743374557962e+02,8.838834764831844659e-02,1.540000000000000000e+02,1.889881472000000000e+09,3.674163445760000000e+11,7.948416471481323242e-02
2.730000000000000000e+03,2.722000000000000000e+03,1.591342245596317468e+02,9.428090415820634951e-02,2.070000000000000000e+02,1.396155776000000000e+09,2.768124968960000000e+11,1.600566804409027100e-01
1.937000000000000000e+03,2.870000000000000000e+02,4.021713003561940525e+01,1.863389981249824745e-01,3.670000000000000000e+02,5.155913600000000000e+08,1.472662405120000000e+11,1.946306824684143066e-01
3.045000000000000000e+03,3.389000000000000000e+03,3.389282166024986509e+02,5.656854249492380277e-02,3.300000000000000000e+01,1.268767641600000000e+10,1.303878828032000000e+12,1.093849778175354004e+00
7.690000000000000000e+02,1.554000000000000000e+03,6.276864823378426195e+01,1.885618083164126990e-01,1.830000000000000000e+02,1.428196992000000000e+09,2.629062328320000000e+11,5.543422419577836990e-03
1.018000000000000000e+03,9.240000000000000000e+02,8.970232917700056419e+01,1.863389981249824745e-01,3.710000000000000000e+02,3.972028800000000000e+08,1.328047636480000000e+11,5.567327886819839478e-02
3.199000000000000000e+03,3.804000000000000000e+03,1.463327627057882694e+02,1.264911064067351931e-01,3.600000000000000000e+01,1.181075353600000000e+10,1.269782806528000000e+12,8.137409687042236328e-01
2.729000000000000000e+03,2.721000000000000000e+03,2.410739902999416415e+02,1.885618083164126990e-01,2.070000000000000000e+02,1.396155776000000000e+09,2.768124968960000000e+11,1.600566804409027100e-01
2.523000000000000000e+03,1.015000000000000000e+03,5.211828560119123495e+02,7.453559924999299258e-02,9.000000000000000000e+00,2.156558540800000000e+10,2.274888253440000000e+12,8.735226988792419434e-01
2.197000000000000000e+03,1.646000000000000000e+03,1.093760522415313829e+02,1.863389981249824745e-01,3.640000000000000000e+02,4.553031040000000000e+08,1.432976752640000000e+11,3.647781908512115479e-02
1.980000000000000000e+03,1.508000000000000000e+03,5.890680958262041145e+01,1.860163329510811370e-01,1.350000000000000000e+02,2.493312768000000000e+09,4.014708817920000000e+11,4.813774675130844116e-02
2.164000000000000000e+03,2.607000000000000000e+03,2.184973525386804454e+02,1.229750923802691437e-01,5.100000000000000000e+01,8.195988992000000000e+09,1.038099021824000000e+12,2.238056659698486328e-01
8.260000000000000000e+02,1.476000000000000000e+03,4.826587837280476379e+01,1.414213562373095034e-01,4.540000000000000000e+02,3.197552960000000000e+08,8.025119948800000000e+10,0.000000000000000000e+00
8.420000000000000000e+02,1.567000000000000000e+03,2.302282662384206802e+01,1.250000000000000000e-01,4.650000000000000000e+02,3.650585600000000000e+08,4.330455040000000000e+10,0.000000000000000000e+00
1.148000000000000000e+03,1.555000000000000000e+03,9.190224438073525448e+01,1.087856586440842377e-01,3.100000000000000000e+02,8.167900800000000000e+08,1.839095480320000000e+11,0.000000000000000000e+00
2.826000000000000000e+03,1.221000000000000000e+03,1.304487280436881917e+02,1.578947368421052544e-01,9.100000000000000000e+01,2.423620608000000000e+09,5.533967974400000000e+11,5.127481222152709961e-01
3.265000000000000000e+03,1.041000000000000000e+03,6.231483640304605132e+01,2.000000000000000111e-01,3.930000000000000000e+02,3.202225280000000000e+08,7.681050214400000000e+10,4.164096713066101074e-02
1.805000000000000000e+03,1.914000000000000000e+03,4.618839347630471082e+01,1.597191412499849861e-01,2.810000000000000000e+02,1.284644224000000000e+09,2.199001825280000000e+11,3.346104547381401062e-02
2.393000000000000000e+03,3.280000000000000000e+02,8.553673974964698346e+02,7.069708383262723883e-02,0.000000000000000000e+00,8.377669222400000000e+10,1.136895144755200000e+13,5.675861835479736328e-01
1.621000000000000000e+03,5.600000000000000000e+01,1.993353393957574440e+02,1.242259987499883256e-01,1.020000000000000000e+02,5.742077440000000000e+09,5.014899261440000000e+11,8.554428815841674805e-01
2.512000000000000000e+03,4.300000000000000000e+02,1.326624976580746988e+02,1.315334104411640948e-01,8.700000000000000000e+01,2.918684928000000000e+09,4.349424435200000000e+11,4.410782754421234131e-01
8.510000000000000000e+02,2.068000000000000000e+03,2.163712485178578504e+02,1.502313031443328895e-01,4.500000000000000000e+01,1.243060633600000000e+10,1.139536691200000000e+12,6.545064449310302734e-01
3.614000000000000000e+03,3.410000000000000000e+03,1.844007025421726382e+02,1.502313031443328895e-01,4.200000000000000000e+01,1.222075596800000000e+10,1.233799348224000000e+12,5.440852642059326172e-01
6.860000000000000000e+02,1.615000000000000000e+03,1.633280309062484150e+02,7.443229275647869625e-02,8.900000000000000000e+01,6.014683136000000000e+09,6.031215820800000000e+11,3.571751117706298828e-01
1.086000000000000000e+03,3.113000000000000000e+03,9.788341163225250341e+01,9.090909090909091161e-02,4.200000000000000000e+02,4.720592000000000000e+08,1.222859407360000000e+11,2.189010754227638245e-02
3.169000000000000000e+03,2.673000000000000000e+03,4.403302582291634337e+01,1.490711984999859852e-01,2.420000000000000000e+02,1.493960832000000000e+09,2.710832906240000000e+11,0.000000000000000000e+00
3.204000000000000000e+03,2.995000000000000000e+03,6.692894296754364802e+01,1.397542485937368628e-01,1.820000000000000000e+02,2.227453696000000000e+09,3.294442946560000000e+11,5.853049829602241516e-02
3.997000000000000000e+03,2.886000000000000000e+03,7.059968700894943083e+01,6.666666666666666574e-02,2.290000000000000000e+02,1.661390208000000000e+09,2.690882600960000000e+11,0.000000000000000000e+00
2.809000000000000000e+03,3.784000000000000000e+03,6.317048121929266244e+02,1.010152544552210818e-01,2.140000000000000000e+02,1.683058048000000000e+09,2.561943306240000000e+11,1.267226338386535645e-01
2.256000000000000000e+03,2.188000000000000000e+03,7.526383524304232253e+01,1.597191412499849861e-01,2.340000000000000000e+02,4.483788160000000000e+08,2.543628288000000000e+11,1.729344725608825684e-01
1.623000000000000000e+03,1.605000000000000000e+03,1.086772447257798007e+02,1.242259987499883256e-01,9.400000000000000000e+01,5.584472064000000000e+09,5.205818081280000000e+11,5.259398221969604492e-01
3.980000000000000000e+03,2.591000000000000000e+03,1.422377353565077556e+02,1.176470588235294101e-01,1.270000000000000000e+02,4.167231744000000000e+09,4.408803655680000000e+11,8.699815869331359863e-01
1.623000000000000000e+03,1.604000000000000000e+03,1.525009198007601583e+02,7.856742013183862228e-02,9.400000000000000000e+01,5.584472064000000000e+09,5.205818081280000000e+11,5.259398221969604492e-01
3.557000000000000000e+03,1.406000000000000000e+03,1.798905046503751919e+02,8.838834764831844659e-02,1.390000000000000000e+02,3.034572544000000000e+09,3.687495434240000000e+11,3.046059608459472656e-01
7.420000000000000000e+02,3.032000000000000000e+03,6.284592703405895264e+01,1.571348402636772446e-01,1.510000000000000000e+02,2.746465280000000000e+09,4.568337612800000000e+11,6.462391465902328491e-03
1.142000000000000000e+03,3.897000000000000000e+03,5.681813079814766070e+02,1.250000000000000000e-01,8.000000000000000000e+00,2.140511027200000000e+10,2.705576689664000000e+12,6.908459067344665527e-01
1.612000000000000000e+03,2.954000000000000000e+03,9.811817193293803712e+02,1.016394535227177209e-01,6.400000000000000000e+01,6.949873664000000000e+09,8.574791843840000000e+11,4.483140707015991211e-01
3.887000000000000000e+03,5.880000000000000000e+02,7.515957269467052981e+01,1.087856586440842377e-01,3.220000000000000000e+02,5.697305600000000000e+08,1.900652789760000000e+11,0.000000000000000000e+00
3.085000000000000000e+03,3.614000000000000000e+03,3.041438675489999355e+02,1.542115846551579128e-01,1.300000000000000000e+01,1.881086976000000000e+10,2.053483003904000000e+12,1.574149370193481445e+00
2.043000000000000000e+03,1.495000000000000000e+03,1.228316283602097201e+02,1.767766952966368932e-01,1.080000000000000000e+02,4.493515264000000000e+09,3.675199242240000000e+11,2.710719108581542969e-01
2.160000000000000000e+03,1.547000000000000000e+03,8.255348750804326130e+01,1.860163329510811370e-01,1.460000000000000000e+02,2.724431104000000000e+09,3.837422469120000000e+11,1.022337898612022400e-01
2.262000000000000000e+03,3.713000000000000000e+03,3.414290011251074475e+01,1.863389981249824745e-01,3.880000000000000000e+02,4.473891200000000000e+08,1.530362920960000000e+11,0.000000000000000000e+00
6.140000000000000000e+02,2.590000000000000000e+03,1.829664560776534756e+02,1.788854381999831766e-01,3.100000000000000000e+01,1.543549849600000000e+10,1.268652310528000000e+12,2.477414608001708984e+00
2.382000000000000000e+03,1.722000000000000000e+03,1.019027065700878296e+02,1.756820922315766309e-01,1.300000000000000000e+02,3.632104192000000000e+09,4.624581591040000000e+11,1.768329180777072906e-02
2.764000000000000000e+03,2.824000000000000000e+03,3.589453460456292788e+01,1.720052290384453675e-01,3.210000000000000000e+02,1.038460352000000000e+09,1.964209766400000000e+11,0.000000000000000000e+00
3.500000000000000000e+02,6.140000000000000000e+02,1.849178182789407572e+02,6.734350297014739251e-02,7.400000000000000000e+01,3.999097856000000000e+09,7.883710136320000000e+11,1.153122663497924805e+00
4.140000000000000000e+02,3.223000000000000000e+03,3.048102826940833410e+01,1.597191412499849861e-01,2.830000000000000000e+02,1.296733952000000000e+09,2.140295495680000000e+11,0.000000000000000000e+00
3.275000000000000000e+03,3.294000000000000000e+03,3.056203370209867671e+02,1.092591295595148199e-01,6.000000000000000000e+00,2.321462886400000000e+10,3.045936857088000000e+12,4.250588417053222656e+00
8.830000000000000000e+02,6.140000000000000000e+02,3.729809758988037061e+02,0.000000000000000000e+00,2.380000000000000000e+02,9.559621760000000000e+08,2.420932280320000000e+11,1.448832303285598755e-01
2.062000000000000000e+03,1.177000000000000000e+03,4.586667233130273758e+01,1.087856586440842377e-01,3.200000000000000000e+02,9.827491200000000000e+08,1.729439498240000000e+11,1.148947626352310181e-01
3.426000000000000000e+03,9.460000000000000000e+02,6.415496817519940009e+01,1.397542485937368628e-01,1.590000000000000000e+02,2.391091456000000000e+09,3.734835691520000000e+11,0.000000000000000000e+00
3.539000000000000000e+03,2.650000000000000000e+03,5.102927352347276013e+01,8.333333333333332871e-02,4.000000000000000000e+02,6.988657920000000000e+08,1.365540945920000000e+11,2.896988019347190857e-02
2.186000000000000000e+03,3.460000000000000000e+03,1.259853109618824334e+02,1.818181818181818232e-01,4.310000000000000000e+02,3.374096960000000000e+08,1.153168834560000000e+11,3.018159186467528343e-03
2.150000000000000000e+02,3.086000000000000000e+03,4.740567785680770641e+01,1.538461538461538547e-01,3.190000000000000000e+02,7.121811840000000000e+08,1.865498132480000000e+11,0.000000000000000000e+00
8.890000000000000000e+02,2.527000000000000000e+03,3.873894125069529082e+01,7.142857142857142461e-02,2.540000000000000000e+02,1.414776320000000000e+09,2.527250186240000000e+11,0.000000000000000000e+00
2.381000000000000000e+03,1.723000000000000000e+03,9.757023913453001285e+01,1.111111111111111049e-01,1.300000000000000000e+02,3.632104192000000000e+09,4.624581591040000000e+11,1.768329180777072906e-02
1.052000000000000000e+03,6.670000000000000000e+02,1.280742096156397452e+02,7.142857142857142461e-02,2.450000000000000000e+02,1.805912064000000000e+09,2.084656250880000000e+11,0.000000000000000000e+00
2.025000000000000000e+03,7.810000000000000000e+02,1.506337259952899217e+02,4.761904761904761640e-02,6.800000000000000000e+01,5.959005184000000000e+09,8.359626014720000000e+11,1.076989397406578064e-01
9.450000000000000000e+02,3.722000000000000000e+03,1.064040115616042073e+02,7.443229275647869625e-02,8.600000000000000000e+01,4.879837696000000000e+09,6.154542776320000000e+11,4.639183580875396729e-01
2.255000000000000000e+03,1.339000000000000000e+03,1.912807789179577185e+02,1.285648693066450132e-01,6.900000000000000000e+01,6.535744512000000000e+09,8.611923230720000000e+11,9.509965181350708008e-01
3.517000000000000000e+03,2.192000000000000000e+03,6.466251664229702101e+01,1.875000000000000000e-01,1.740000000000000000e+02,2.256804608000000000e+09,3.629357793280000000e+11,0.000000000000000000e+00
1.714000000000000000e+03,1.659000000000000000e+03,2.147050610821207215e+02,9.316949906249123725e-02,1.700000000000000000e+01,1.223959859200000000e+10,1.187346776064000000e+12,2.400017738342285156e+00
1.195000000000000000e+03,1.703000000000000000e+03,1.673520920585822864e+02,5.882352941176470507e-02,1.160000000000000000e+02,3.898425856000000000e+09,4.367803351040000000e+11,0.000000000000000000e+00
2.585000000000000000e+03,2.260000000000000000e+02,6.282682635312222885e+01,1.597191412499849861e-01,2.150000000000000000e+02,1.368266624000000000e+09,2.413002588160000000e+11,2.798807621002197266e-01
2.779000000000000000e+03,3.289000000000000000e+03,1.029612320075889897e+02,1.963383631246505001e-01,6.200000000000000000e+01,7.472852480000000000e+09,7.617833861120000000e+11,6.833025813102722168e-01
2.323000000000000000e+03,2.811000000000000000e+03,1.911734806537709801e+02,0.000000000000000000e+00,2.770000000000000000e+02,1.161475328000000000e+09,2.077248389120000000e+11,3.332068398594856262e-02
3.616000000000000000e+03,3.409000000000000000e+03,1.855018148440955770e+02,1.317615691736824801e-01,4.200000000000000000e+01,1.222075596800000000e+10,1.233799348224000000e+12,5.440852642059326172e-01
8.390000000000000000e+02,4.350000000000000000e+02,7.889212904205029986e+01,2.000000000000000111e-01,8.500000000000000000e+01,6.778748416000000000e+09,6.711748853760000000e+11,0.000000000000000000e+00
3.933000000000000000e+03,3.592000000000000000e+03,1.668131422364884315e+02,1.242259987499883256e-01,1.170000000000000000e+02,5.210976768000000000e+09,5.026769797120000000e+11,4.591627046465873718e-02
1.565000000000000000e+03,4.180000000000000000e+02,1.323203518283341680e+02,9.428090415820634951e-02,2.190000000000000000e+02,1.896797312000000000e+09,2.620838871040000000e+11,2.483881562948226929e-01
4.420000000000000000e+02,1.758000000000000000e+03,7.085560157532000858e+01,0.000000000000000000e+00,2.940000000000000000e+02,5.339358400000000000e+08,2.088911831040000000e+11,6.137812882661819458e-02
3.656000000000000000e+03,4.560000000000000000e+02,2.880884315365614157e+02,9.523809523809523281e-02,6.600000000000000000e+01,7.834381824000000000e+09,8.073894297600000000e+11,1.438179731369018555e+00
3.046000000000000000e+03,3.393000000000000000e+03,2.196498061549087026e+02,1.442220510185595606e-01,3.300000000000000000e+01,1.268767641600000000e+10,1.303878828032000000e+12,1.093849778175354004e+00
2.845000000000000000e+03,3.992000000000000000e+03,3.650459840176217199e+02,1.214052265141139231e-01,2.000000000000000000e+00,5.628931686400000000e+10,6.278159532032000000e+12,7.123951315879821777e-01
2.920000000000000000e+02,2.229000000000000000e+03,5.673599450197040994e+01,1.666666666666666574e-01,3.910000000000000000e+02,5.882947840000000000e+08,1.424843243520000000e+11,4.722109436988830566e-02
8.300000000000000000e+02,3.693000000000000000e+03,4.430206071817367786e+01,8.333333333333332871e-02,4.120000000000000000e+02,3.917664320000000000e+08,1.356591595520000000e+11,2.591937035322189331e-02
2.662000000000000000e+03,1.240000000000000000e+03,9.555460578813323025e+01,1.597191412499849861e-01,2.410000000000000000e+02,9.002864000000000000e+08,2.354374901760000000e+11,1.508988533169031143e-02
2.480000000000000000e+03,2.515000000000000000e+03,7.868034360994372491e+02,1.052631578947368363e-01,7.500000000000000000e+01,5.647273984000000000e+09,6.097907220480000000e+11,6.713297367095947266e-01
2.139000000000000000e+03,1.475000000000000000e+03,1.293722079491569161e+02,7.692307692307692735e-02,2.130000000000000000e+02,6.346509440000000000e+08,2.070040903680000000e+11,9.594308794476091862e-04
2.784000000000000000e+03,5.280000000000000000e+02,4.671496930875745335e+01,8.333333333333332871e-02,3.750000000000000000e+02,3.594050560000000000e+08,1.401413304320000000e+11,2.758428268134593964e-02
3.047000000000000000e+03,3.394000000000000000e+03,1.591496383839904354e+02,2.000000000000000111e-01,3.300000000000000000e+01,1.268767641600000000e+10,1.303878828032000000e+12,1.093849778175354004e+00
1.690000000000000000e+03,2.254000000000000000e+03,4.756867050139171624e+02,1.208685393243129624e-01,3.000000000000000000e+00,5.031784038400000000e+10,4.124430041088000000e+12,3.194062948226928711e+00
1.085000000000000000e+03,3.114000000000000000e+03,4.383853325706987789e+02,9.090909090909091161e-02,4.200000000000000000e+02,4.720592000000000000e+08,1.222859407360000000e+11,2.189010754227638245e-02
3.084000000000000000e+03,1.573000000000000000e+03,5.240261448913943809e+01,1.087856586440842377e-01,3.840000000000000000e+02,4.895907840000000000e+08,1.659950202880000000e+11,0.000000000000000000e+00
2.170000000000000000e+02,8.990000000000000000e+02,5.180671315773746954e+01,7.692307692307692735e-02,3.420000000000000000e+02,4.321206720000000000e+08,1.857938554880000000e+11,1.448071841150522232e-02
8.290000000000000000e+02,3.691000000000000000e+03,4.458900343766752883e+01,1.666666666666666574e-01,4.120000000000000000e+02,3.917664320000000000e+08,1.356591595520000000e+11,2.591937035322189331e-02
3.442000000000000000e+03,5.090000000000000000e+02,1.330007062345353290e+02,1.414213562373095034e-01,6.000000000000000000e+01,5.884199936000000000e+09,6.306729164800000000e+11,1.673907041549682617e-01
2.396000000000000000e+03,3.320000000000000000e+02,3.066897089223582498e+02,9.998077477632910659e-02,0.000000000000000000e+00,8.377669222400000000e+10,1.136895144755200000e+13,5.675861835479736328e-01
3.978000000000000000e+03,2.417000000000000000e+03,4.593744773257020029e+02,8.600261451922268374e-02,2.700000000000000000e+01,1.238435225600000000e+10,1.530468237312000000e+12,2.036925554275512695e+00
1.482000000000000000e+03,1.136000000000000000e+03,3.734217379376914181e+01,1.863389981249824745e-01,3.970000000000000000e+02,6.280145280000000000e+08,1.328404561920000000e+11,0.000000000000000000e+00
1.565000000000000000e+03,4.190000000000000000e+02,7.258552781803187770e+01,6.666666666666666574e-02,2.190000000000000000e+02,1.896797312000000000e+09,2.620838871040000000e+11,2.483881562948226929e-01
1.394000000000000000e+03,2.583000000000000000e+03,8.380246659793122888e+01,0.000000000000000000e+00,1.910000000000000000e+02,1.375448704000000000e+09,3.619017523200000000e+11,0.000000000000000000e+00
2.526000000000000000e+03,1.012000000000000000e+03,2.538271100473874640e+02,1.374368541872553473e-01,9.000000000000000000e+00,2.156558540800000000e+10,2.274888253440000000e+12,8.735226988792419434e-01
1.077000000000000000e+03,9.350000000000000000e+02,1.153512350219288436e+02,1.976423537605237202e-01,1.500000000000000000e+02,4.068170240000000000e+09,3.656151859200000000e+11,7.556946277618408203e-01
1.685000000000000000e+03,2.254000000000000000e+03,5.579456515900695877e+02,6.043426966215648122e-02,3.000000000000000000e+00,5.031784038400000000e+10,4.124430041088000000e+12,3.194062948226928711e+00
3.491000000000000000e+03,3.191000000000000000e+03,1.314155285045694654e+02,1.505846504842085487e-01,6.700000000000000000e+01,6.759896064000000000e+09,7.669665628160000000e+11,5.162037611007690430e-01
3.490000000000000000e+02,6.170000000000000000e+02,9.660820054456715980e+02,1.904761904761904656e-01,7.400000000000000000e+01,3.999097856000000000e+09,7.883710136320000000e+11,1.153122663497924805e+00
2.321000000000000000e+03,3.150000000000000000e+02,3.857640306141101405e+01,0.000000000000000000e+00,4.660000000000000000e+02,3.345769920000000000e+08,5.400329011200000000e+10,0.000000000000000000e+00
3.251000000000000000e+03,1.429000000000000000e+03,1.045564407796631627e+02,1.178511301977579334e-01,3.800000000000000000e+02,6.526458880000000000e+08,1.575296860160000000e+11,6.693943403661251068e-03
7.240000000000000000e+02,2.778000000000000000e+03,1.756666892333237797e+02,1.178511301977579334e-01,4.300000000000000000e+01,6.625502720000000000e+09,1.240374575104000000e+12,7.242954522371292114e-02
2.085000000000000000e+03,3.897000000000000000e+03,5.048699794652274164e+01,8.333333333333332871e-02,3.570000000000000000e+02,6.233252480000000000e+08,1.448718008320000000e+11,0.000000000000000000e+00
1.418000000000000000e+03,1.422000000000000000e+03,1.528902102864310280e+02,1.242259987499883256e-01,1.140000000000000000e+02,3.367604480000000000e+09,4.616201175040000000e+11,4.400322437286376953e-01
3.935000000000000000e+03,3.592000000000000000e+03,2.531939175251450536e+02,5.555555555555555247e-02,1.170000000000000000e+02,5.210976768000000000e+09,5.026769797120000000e+11,4.591627046465873718e-02
4.120000000000000000e+02,1.365000000000000000e+03,1.405548845812849947e+02,8.784104611578831545e-02,4.000000000000000000e+00,3.802601062400000000e+10,4.025006424064000000e+12,3.468478620052337646e-01
6.990000000000000000e+02,9.320000000000000000e+02,2.576666941836073761e+02,6.250000000000000000e-02,1.710000000000000000e+02,2.035380352000000000e+09,3.514815283200000000e+11,1.891390979290008545e-01
1.845000000000000000e+03,3.661000000000000000e+03,3.085759303411300607e+02,8.838834764831844659e-02,1.970000000000000000e+02,1.901484416000000000e+09,3.233736294400000000e+11,5.048052407801151276e-03
4.170000000000000000e+02,1.364000000000000000e+03,1.946514742404575316e+02,1.571348402636772446e-01,4.000000000000000000e+00,3.802601062400000000e+10,4.025006424064000000e+12,3.468478620052337646e-01
3.099000000000000000e+03,3.400000000000000000e+02,5.670490189104625500e+01,1.756820922315766309e-01,1.200000000000000000e+02,1.610145920000000000e+09,4.548143677440000000e+11,8.406070992350578308e-03
3.158000000000000000e+03,3.363000000000000000e+03,1.956600793645172018e+02,1.571348402636772446e-01,1.050000000000000000e+02,4.555825664000000000e+09,4.907443159040000000e+11,8.129624128341674805e-01
1.872000000000000000e+03,1.483000000000000000e+03,3.795134565276985938e+01,1.087856586440842377e-01,3.250000000000000000e+02,1.419664384000000000e+09,1.944436572160000000e+11,0.000000000000000000e+00
2.380000000000000000e+02,3.025000000000000000e+03,2.656803686483227693e+02,1.087856586440842377e-01,2.520000000000000000e+02,5.304390080000000000e+08,1.728783646720000000e+11,1.031575426459312439e-01
3.681000000000000000e+03,2.877000000000000000e+03,3.681775950082895861e+02,1.428571428571428492e-01,2.100000000000000000e+01,2.165043609600000000e+10,1.786106085376000000e+12,1.058541417121887207e+00
2.141000000000000000e+03,1.476000000000000000e+03,7.945452203949767522e+01,1.087856586440842377e-01,2.130000000000000000e+02,6.346509440000000000e+08,2.070040903680000000e+11,9.594308794476091862e-04
3.638000000000000000e+03,1.608000000000000000e+03,5.702938188028258537e+01,1.178511301977579334e-01,3.460000000000000000e+02,6.322601600000000000e+08,1.617805639680000000e+11,2.031495869159698486e-01
1.195000000000000000e+03,1.707000000000000000e+03,9.797549592631982307e+01,1.764705882352941291e-01,1.160000000000000000e+02,3.898425856000000000e+09,4.367803351040000000e+11,0.000000000000000000e+00
3.974000000000000000e+03,2.417000000000000000e+03,4.469095289944166893e+02,8.600261451922268374e-02,2.700000000000000000e+01,1.238435225600000000e+10,1.530468237312000000e+12,2.036925554275512695e+00
7.670000000000000000e+02,1.557000000000000000e+03,1.023290463332675841e+02,6.666666666666666574e-02,1.830000000000000000e+02,1.428196992000000000e+09,2.629062328320000000e+11,5.543422419577836990e-03
1.756000000000000000e+03,2.641000000000000000e+03,8.745343783031530904e+01,1.897658566033678385e-01,1.010000000000000000e+02,4.572197376000000000e+09,5.625021071360000000e+11,6.421380676329135895e-03
1.367000000000000000e+03,1.381000000000000000e+03,5.041950224982226558e+01,1.285648693066450132e-01,4.180000000000000000e+02,4.905984640000000000e+08,1.172196638720000000e+11,3.831699723377823830e-03
2.214000000000000000e+03,3.700000000000000000e+03,7.050081433139472153e+01,1.860163329510811370e-01,1.260000000000000000e+02,1.674342144000000000e+09,3.931353251840000000e+11,3.196120858192443848e-01
1.826000000000000000e+03,1.936000000000000000e+03,1.097464968404216705e+02,5.882352941176470507e-02,1.610000000000000000e+02,1.280539904000000000e+09,4.004363632640000000e+11,8.078122884035110474e-02
6.080000000000000000e+02,2.596000000000000000e+03,1.821277176135005220e+02,1.788854381999831766e-01,3.100000000000000000e+01,1.543549849600000000e+10,1.268652310528000000e+12,2.477414608001708984e+00
2.400000000000000000e+02,1.142000000000000000e+03,1.298921363956723383e+02,1.792654619833765339e-01,5.600000000000000000e+01,8.372165632000000000e+09,9.969321902080000000e+11,1.320460557937622070e+00
2.384000000000000000e+03,1.724000000000000000e+03,1.506770824199670074e+02,1.756820922315766309e-01,1.300000000000000000e+02,3.632104192000000000e+09,4.624581591040000000e+11,1.768329180777072906e-02
3.262000000000000000e+03,1.040000000000000000e+03,2.375751469943951975e+02,1.414213562373095034e-01,3.930000000000000000e+02,3.202225280000000000e+08,7.681050214400000000e+10,4.164096713066101074e-02
1.800000000000000000e+02,2.691000000000000000e+03,1.392231792513331357e+02,7.856742013183862228e-02,1.180000000000000000e+02,2.033851904000000000e+09,4.885573795840000000e+11,6.876211613416671753e-02
1.443000000000000000e+03,1.163000000000000000e+03,1.265913500590770013e+02,9.090909090909091161e-02,4.170000000000000000e+02,5.559808640000000000e+08,1.159768145920000000e+11,0.000000000000000000e+00
2.176000000000000000e+03,1.130000000000000000e+02,3.500977327711418070e+02,8.333333333333332871e-02,3.900000000000000000e+01,1.259311308800000000e+10,1.231577808896000000e+12,2.042043924331665039e+00
2.353000000000000000e+03,2.643000000000000000e+03,3.262642510341314050e+01,1.863389981249824745e-01,3.960000000000000000e+02,3.692078080000000000e+08,1.317974343680000000e+11,2.518715336918830872e-02
9.460000000000000000e+02,3.724000000000000000e+03,1.799532852471971580e+02,1.176877882894626220e-01,8.600000000000000000e+01,4.879837696000000000e+09,6.154542776320000000e+11,4.639183580875396729e-01
3.163000000000000000e+03,8.980000000000000000e+02,2.242775060620653562e+02,1.818181818181818232e-01,5.800000000000000000e+01,1.094278246400000000e+10,8.453797314560000000e+11,1.849814414978027344e+00
1.317000000000000000e+03,1.711000000000000000e+03,5.820513067263772911e+01,1.756820922315766309e-01,9.900000000000000000e+01,6.651615232000000000e+09,4.739571056640000000e+11,5.995762534439563751e-03
2.614000000000000000e+03,8.900000000000000000e+02,3.906071111759931824e+01,9.090909090909091161e-02,4.220000000000000000e+02,4.683117120000000000e+08,1.220823941120000000e+11,0.000000000000000000e+00
6.220000000000000000e+02,3.763000000000000000e+03,5.593160739246920912e+02,5.237828008789241485e-02,2.400000000000000000e+01,1.978117324800000000e+10,1.640358739968000000e+12,2.145830392837524414e+00
1.144000000000000000e+03,3.899000000000000000e+03,3.032057297116971881e+02,8.838834764831844659e-02,8.000000000000000000e+00,2.140511027200000000e+10,2.705576689664000000e+12,6.908459067344665527e-01
2.731000000000000000e+03,2.722000000000000000e+03,5.496617198280562206e+02,6.666666666666666574e-02,2.070000000000000000e+02,1.396155776000000000e+09,2.768124968960000000e+11,1.600566804409027100e-01
7.580000000000000000e+02,4.520000000000000000e+02,2.376740059824137461e+02,1.178511301977579334e-01,3.830000000000000000e+02,4.778842880000000000e+08,1.389311098880000000e+11,2.878836728632450104e-02
4.380000000000000000e+02,2.731000000000000000e+03,1.652813499056620401e+02,1.064794274999899953e-01,6.100000000000000000e+01,9.361108992000000000e+09,7.905924218880000000e+11,2.025802731513977051e-01
2.777000000000000000e+03,3.285000000000000000e+03,5.606572178372319968e+02,4.761904761904761640e-02,6.200000000000000000e+01,7.472852480000000000e+09,7.617833861120000000e+11,6.833025813102722168e-01
1.296000000000000000e+03,2.350000000000000000e+02,3.805209787275591538e+01,7.692307692307692735e-02,3.790000000000000000e+02,6.020218880000000000e+08,1.710966538240000000e+11,0.000000000000000000e+00
7.000000000000000000e+02,2.350000000000000000e+03,1.242424911937277301e+02,1.397542485937368628e-01,1.320000000000000000e+02,3.981132032000000000e+09,3.638901800960000000e+11,1.465964019298553467e-01
2.827000000000000000e+03,3.188000000000000000e+03,3.850056160371336205e+02,1.720052290384453675e-01,2.650000000000000000e+02,3.615540160000000000e+08,1.883296890880000000e+11,1.699150539934635162e-02
2.018000000000000000e+03,3.628000000000000000e+03,6.806524494707103656e+01,1.666666666666666574e-01,3.890000000000000000e+02,5.083081280000000000e+08,1.482653859840000000e+11,2.867386676371097565e-02
3.270000000000000000e+03,3.294000000000000000e+03,5.208082225400729612e+02,8.570991287109668011e-02,6.000000000000000000e+00,2.321462886400000000e+10,3.045936857088000000e+12,4.250588417053222656e+00
1.681000000000000000e+03,2.250000000000000000e+03,4.614187880895797207e+02,1.455449947874190297e-01,3.000000000000000000e+00,5.031784038400000000e+10,4.124430041088000000e+12,3.194062948226928711e+00
5.240000000000000000e+02,1.420000000000000000e+03,6.552242148595594529e+01,1.666666666666666574e-01,1.750000000000000000e+02,8.884802560000000000e+08,1.496278794240000000e+11,0.000000000000000000e+00
3.450000000000000000e+02,6.130000000000000000e+02,1.341777387044756722e+02,1.904761904761904656e-01,7.400000000000000000e+01,3.999097856000000000e+09,7.883710136320000000e+11,1.153122663497924805e+00
3.793000000000000000e+03,3.377000000000000000e+03,1.565213603580489519e+02,1.716929178792375721e-01,7.000000000000000000e+01,4.521774080000000000e+09,8.075297423360000000e+11,4.387148097157478333e-02
1.193000000000000000e+03,1.522000000000000000e+03,2.253651143920983202e+01,0.000000000000000000e+00,2.780000000000000000e+02,9.834755840000000000e+08,7.946537369600000000e+10,4.393220879137516022e-03
1.473000000000000000e+03,1.841000000000000000e+03,4.906362216935276876e+01,1.087856586440842377e-01,2.550000000000000000e+02,9.812340480000000000e+08,1.673714237440000000e+11,9.509994834661483765e-02
3.994000000000000000e+03,2.885000000000000000e+03,5.398697866291522018e+01,2.000000000000000111e-01,2.290000000000000000e+02,1.661390208000000000e+09,2.690882600960000000e+11,0.000000000000000000e+00
1.295000000000000000e+03,2.330000000000000000e+02,3.838329465991622413e+01,1.538461538461538547e-01,3.790000000000000000e+02,6.020218880000000000e+08,1.710966538240000000e+11,0.000000000000000000e+00
3.149000000000000000e+03,1.830000000000000000e+02,3.411346295284353403e+01,1.720052290384453675e-01,2.740000000000000000e+02,5.935837440000000000e+08,2.015773655040000000e+11,0.000000000000000000e+00
1.019000000000000000e+03,9.260000000000000000e+02,1.185401792331544044e+02,0.000000000000000000e+00,3.710000000000000000e+02,3.972028800000000000e+08,1.328047636480000000e+11,5.567327886819839478e-02
3.615000000000000000e+03,3.967000000000000000e+03,1.584548270218075743e+02,1.229750923802691437e-01,4.900000000000000000e+01,1.021636915200000000e+10,1.022901485568000000e+12,6.887623667716979980e-01
1.481000000000000000e+03,1.133000000000000000e+03,5.745887850101306782e+01,1.863389981249824745e-01,3.970000000000000000e+02,6.280145280000000000e+08,1.328404561920000000e+11,0.000000000000000000e+00
3.978000000000000000e+03,2.592000000000000000e+03,2.762168644648762097e+02,5.882352941176470507e-02,1.270000000000000000e+02,4.167231744000000000e+09,4.408803655680000000e+11,8.699815869331359863e-01
9.300000000000000000e+02,4.660000000000000000e+02,1.869555658339170918e+02,1.724137931034482873e-01,1.500000000000000000e+01,1.594162892800000000e+10,2.064746414080000000e+12,2.757654666900634766e+00
9.660000000000000000e+02,2.620000000000000000e+03,1.189122773702506208e+02,1.176877882894626220e-01,8.800000000000000000e+01,3.431953920000000000e+09,5.633286471680000000e+11,0.000000000000000000e+00
1.160000000000000000e+02,3.029000000000000000e+03,1.882064588060929964e+02,8.838834764831844659e-02,1.640000000000000000e+02,2.050533248000000000e+09,3.406673346560000000e+11,1.269493103027343750e-01
6.580000000000000000e+02,3.904000000000000000e+03,3.406932410624807517e+01,1.490711984999859852e-01,1.960000000000000000e+02,6.868819840000000000e+08,2.607462809600000000e+11,2.266290783882141113e-02
2.222000000000000000e+03,3.062000000000000000e+03,5.901507871723421061e+01,1.739130434782608647e-01,1.600000000000000000e+01,1.937281843200000000e+10,1.002276192256000000e+12,7.867671847343444824e-01
2.293000000000000000e+03,2.466000000000000000e+03,8.552776006301409950e+01,1.666666666666666574e-01,3.900000000000000000e+02,3.359978560000000000e+08,1.444374773760000000e+11,4.727732855826616287e-03
9.800000000000000000e+01,1.336000000000000000e+03,1.131875760784564307e+02,1.944406936956339094e-01,5.000000000000000000e+01,7.797797888000000000e+09,1.035582898176000000e+12,4.051990509033203125e-01
3.689000000000000000e+03,1.550000000000000000e+02,3.006244463506718603e+02,1.176877882894626220e-01,9.600000000000000000e+01,5.135301632000000000e+09,6.143458672640000000e+11,2.233735471963882446e-01
1.567000000000000000e+03,2.415000000000000000e+03,2.476773759578094598e+02,9.523809523809523281e-02,8.100000000000000000e+01,2.113757184000000000e+09,7.291969863680000000e+11,5.292919650673866272e-02
2.887000000000000000e+03,3.526000000000000000e+03,3.507013519153145467e+02,7.407407407407406996e-02,2.800000000000000000e+01,1.246307840000000000e+10,1.611237163008000000e+12,9.548643231391906738e-01
3.688000000000000000e+03,1.540000000000000000e+02,1.712757834759694902e+02,1.897658566033678385e-01,9.600000000000000000e+01,5.135301632000000000e+09,6.143458672640000000e+11,2.233735471963882446e-01
1.791000000000000000e+03,6.980000000000000000e+02,5.815086304824409780e+01,1.897658566033678385e-01,9.200000000000000000e+01,4.124931584000000000e+09,6.228464107520000000e+11,4.545400738716125488e-01
2.013000000000000000e+03,3.990000000000000000e+03,1.562583731635105266e+02,1.944406936956339094e-01,4.600000000000000000e+01,1.164763852800000000e+10,1.045021261824000000e+12,1.535035371780395508e+00
3.935000000000000000e+03,3.593000000000000000e+03,1.587788488195076297e+02,0.000000000000000000e+00,1.170000000000000000e+02,5.210976768000000000e+09,5.026769797120000000e+11,4.591627046465873718e-02
3.555000000000000000e+03,1.407000000000000000e+03,1.655255667479189299e+02,1.397542485937368628e-01,1.390000000000000000e+02,3.034572544000000000e+09,3.687495434240000000e+11,3.046059608459472656e-01
1.832000000000000000e+03,9.970000000000000000e+02,7.324682363317647571e+01,1.720052290384453675e-01,2.250000000000000000e+02,1.009384704000000000e+09,2.005804810240000000e+11,3.430212289094924927e-02
2.170000000000000000e+03,1.120000000000000000e+02,2.769347656488394591e+02,1.717960677340691911e-01,3.900000000000000000e+01,1.259311308800000000e+10,1.231577808896000000e+12,2.042043924331665039e+00
3.367000000000000000e+03,6.240000000000000000e+02,2.871624224314762586e+01,1.666666666666666574e-01,3.730000000000000000e+02,4.087375040000000000e+08,1.537433600000000000e+11,0.000000000000000000e+00
9.130000000000000000e+02,5.300000000000000000e+01,6.532763553692767289e+01,1.542574468374819374e-01,5.000000000000000000e+00,3.720409907200000000e+10,5.819019034624000000e+12,4.008188247680664062e-01
6.580000000000000000e+02,3.905000000000000000e+03,3.605552486162279280e+01,1.333333333333333315e-01,1.960000000000000000e+02,6.868819840000000000e+08,2.607462809600000000e+11,2.266290783882141113e-02
1.440000000000000000e+03,1.480000000000000000e+03,3.393185852997896745e+01,1.490711984999859852e-01,2.330000000000000000e+02,2.212824576000000000e+09,2.835332136960000000e+11,0.000000000000000000e+00
3.541000000000000000e+03,2.478000000000000000e+03,1.472333486487086134e+02,1.442220510185595606e-01,4.000000000000000000e+01,9.953271808000000000e+09,1.281303117824000000e+12,1.119234338402748108e-01
2.251000000000000000e+03,1.342000000000000000e+03,2.431977879148176669e+02,1.016394535227177209e-01,6.900000000000000000e+01,6.535744512000000000e+09,8.611923230720000000e+11,9.509965181350708008e-01
1.330000000000000000e+02,2.324000000000000000e+03,1.987645451323897134e+02,1.923076923076923184e-01,1.800000000000000000e+01,1.490262937600000000e+10,1.419475419136000000e+12,1.013386368751525879e+00
8.420000000000000000e+02,4.370000000000000000e+02,8.099626919599077723e+01,1.802775637731994507e-01,8.500000000000000000e+01,6.778748416000000000e+09,6.711748853760000000e+11,0.000000000000000000e+00
6.010000000000000000e+02,3.811000000000000000e+03,4.128727033058337526e+01,1.285648693066450132e-01,3.940000000000000000e+02,3.792263360000000000e+08,1.152684769280000000e+11,0.000000000000000000e+00
6.900000000000000000e+02,1.616000000000000000e+03,9.045483828803342874e+01,1.897658566033678385e-01,8.900000000000000000e+01,6.014683136000000000e+09,6.031215820800000000e+11,3.571751117706298828e-01
2.504000000000000000e+03,7.350000000000000000e+02,1.175354908757137196e+02,1.976423537605237202e-01,1.120000000000000000e+02,1.174737792000000000e+09,3.528273428480000000e+11,2.373855710029602051e-01
3.443000000000000000e+03,1.609000000000000000e+03,9.478365820076031412e+01,1.597191412499849861e-01,2.510000000000000000e+02,1.120951680000000000e+09,2.118354042880000000e+11,3.045468330383300781e-01
1.851000000000000000e+03,1.586000000000000000e+03,2.762035811897757043e+01,2.000000000000000111e-01,2.310000000000000000e+02,1.867093120000000000e+09,2.600269414400000000e+11,2.516664098948240280e-03
2.166000000000000000e+03,2.611000000000000000e+03,1.832757055053678243e+02,8.695652173913043237e-02,5.100000000000000000e+01,8.195988992000000000e+09,1.038099021824000000e+12,2.238056659698486328e-01
2.450000000000000000e+02,2.925000000000000000e+03,9.248334954929094920e+01,1.315334104411640948e-01,1.440000000000000000e+02,2.731606016000000000e+09,4.188105277440000000e+11,2.888307571411132812e-01
3.084000000000000000e+03,3.611000000000000000e+03,2.968201913651771520e+02,1.758282590894063580e-01,1.300000000000000000e+01,1.881086976000000000e+10,2.053483003904000000e+12,1.574149370193481445e+00
2.624000000000000000e+03,6.600000000000000000e+01,5.289631374943459718e+01,8.333333333333332871e-02,3.860000000000000000e+02,3.389833600000000000e+08,1.445606195200000000e+11,4.060648847371339798e-03
3.165000000000000000e+03,9.000000000000000000e+02,2.897215679861276385e+02,1.285648693066450132e-01,5.800000000000000000e+01,1.094278246400000000e+10,8.453797314560000000e+11,1.849814414978027344e+00
2.447000000000000000e+03,1.599000000000000000e+03,3.888673382205813596e+02,0.000000000000000000e+00,2.010000000000000000e+02,1.514802688000000000e+09,2.663109427200000000e+11,3.404684662818908691e-01
2.340000000000000000e+03,2.447000000000000000e+03,1.613468237392414437e+02,1.788854381999831766e-01,2.000000000000000000e+01,1.773182566400000000e+10,1.272934170624000000e+12,1.895519137382507324e+00
1.663000000000000000e+03,1.081000000000000000e+03,4.922524383430157968e+01,1.490711984999859852e-01,1.900000000000000000e+02,1.711664896000000000e+09,2.957806796800000000e+11,0.000000000000000000e+00
1.135000000000000000e+03,8.680000000000000000e+02,7.418087373162826452e+02,6.250000000000000000e-02,1.530000000000000000e+02,3.903179264000000000e+09,3.433034219520000000e+11,4.950304031372070312e-01
2.404000000000000000e+03,1.304000000000000000e+03,2.069850443916510301e+02,1.287696884094281791e-01,2.300000000000000000e+01,1.432996761600000000e+10,1.869943144448000000e+12,4.284954965114593506e-01
2.975000000000000000e+03,4.700000000000000000e+01,3.430629906209113642e+02,1.129384878631564115e-01,2.200000000000000000e+01,1.112703795200000000e+10,1.769099100160000000e+12,1.792023628950119019e-01
2.465000000000000000e+03,3.119000000000000000e+03,3.820577449238613212e+02,6.666666666666666574e-02,1.200000000000000000e+01,2.284425011200000000e+10,2.239901466624000000e+12,3.446404933929443359e+00
2.220000000000000000e+03,3.060000000000000000e+03,7.163897849810410889e+01,1.229750923802691437e-01,1.600000000000000000e+01,1.937281843200000000e+10,1.002276192256000000e+12,7.867671847343444824e-01
2.137000000000000000e+03,2.748000000000000000e+03,6.069717711509000679e+01,1.663780661615406053e-01,1.030000000000000000e+02,3.443494656000000000e+09,3.972623237120000000e+11,1.831960305571556091e-02
1.780000000000000000e+02,2.689000000000000000e+03,1.056156769952055186e+02,1.756820922315766309e-01,1.180000000000000000e+02,2.033851904000000000e+09,4.885573795840000000e+11,6.876211613416671753e-02
3.478000000000000000e+03,1.269000000000000000e+03,4.967821052977581076e+01,1.720052290384453675e-01,2.760000000000000000e+02,4.420058240000000000e+08,1.852306554880000000e+11,4.506601393222808838e-02
4.060000000000000000e+02,1.367000000000000000e+03,1.499415103665628237e+02,1.964185503295965418e-01,4.000000000000000000e+00,3.802601062400000000e+10,4.025006424064000000e+12,3.468478620052337646e-01
2.258000000000000000e+03,5.930000000000000000e+02,7.031552305460667185e+01,1.720052290384453675e-01,2.960000000000000000e+02,7.204333440000000000e+08,1.981503406080000000e+11,1.099447533488273621e-01
3.043000000000000000e+03,2.117000000000000000e+03,1.190495171263470127e+02,9.428090415820634951e-02,2.260000000000000000e+02,8.671203200000000000e+08,2.691497000960000000e+11,1.005310472100973129e-02
2.399000000000000000e+03,1.305000000000000000e+03,2.642216212825484263e+02,1.287696884094281791e-01,2.300000000000000000e+01,1.432996761600000000e+10,1.869943144448000000e+12,4.284954965114593506e-01
1.414000000000000000e+03,1.422000000000000000e+03,1.718067819959927078e+02,1.242259987499883256e-01,1.140000000000000000e+02,3.367604480000000000e+09,4.616201175040000000e+11,4.400322437286376953e-01
3.610000000000000000e+02,2.170000000000000000e+03,2.850354520292194707e+02,1.860807318911967267e-01,1.000000000000000000e+00,5.404031385600000000e+10,4.775771897856000000e+12,1.709547489881515503e-01
3.389000000000000000e+03,2.936000000000000000e+03,1.042597697673540722e+02,4.761904761904761640e-02,7.200000000000000000e+01,7.327007232000000000e+09,7.772913664000000000e+11,0.000000000000000000e+00
3.538000000000000000e+03,2.651000000000000000e+03,3.791231726461438001e+01,1.863389981249824745e-01,4.000000000000000000e+02,6.988657920000000000e+08,1.365540945920000000e+11,2.896988019347190857e-02
2.519000000000000000e+03,1.009000000000000000e+03,3.159076811889776764e+02,1.666666666666666574e-01,9.000000000000000000e+00,2.156558540800000000e+10,2.274888253440000000e+12,8.735226988792419434e-01
2.252000000000000000e+03,1.118000000000000000e+03,2.065677949836826883e+02,1.851851851851851749e-01,2.500000000000000000e+01,1.306004275200000000e+10,1.702466420736000000e+12,0.000000000000000000e+00
1.320000000000000000e+02,2.324000000000000000e+03,2.299040110819184406e+02,1.631784879661263288e-01,1.800000000000000000e+01,1.490262937600000000e+10,1.419475419136000000e+12,1.013386368751525879e+00
2.089000000000000000e+03,2.817000000000000000e+03,4.128133886707630751e+01,1.863389981249824745e-01,3.660000000000000000e+02,8.097580800000000000e+08,1.497639157760000000e+11,0.000000000000000000e+00
1.685000000000000000e+03,2.248000000000000000e+03,5.169436397300843282e+02,1.114352871788556881e-01,3.000000000000000000e+00,5.031784038400000000e+10,4.124430041088000000e+12,3.194062948226928711e+00
3.751000000000000000e+03,2.301000000000000000e+03,5.789141666401598485e+01,1.818181818181818232e-01,4.090000000000000000e+02,4.722456000000000000e+08,1.279692881920000000e+11,9.717266261577606201e-02
1.979000000000000000e+03,1.508000000000000000e+03,5.708771820061384261e+01,1.764705882352941291e-01,1.350000000000000000e+02,2.493312768000000000e+09,4.014708817920000000e+11,4.813774675130844116e-02
1.316000000000000000e+03,1.712000000000000000e+03,7.692675034207194074e+01,1.111111111111111049e-01,9.900000000000000000e+01,6.651615232000000000e+09,4.739571056640000000e+11,5.995762534439563751e-03
6.970000000000000000e+02,2.347000000000000000e+03,2.489925201584126455e+02,1.397542485937368628e-01,1.320000000000000000e+02,3.981132032000000000e+09,3.638901800960000000e+11,1.465964019298553467e-01
3.568000000000000000e+03,1.253000000000000000e+03,1.725481302988294203e+02,1.176470588235294101e-01,1.380000000000000000e+02,3.022589184000000000e+09,4.204997181440000000e+11,4.476498663425445557e-01
4.920000000000000000e+02,8.350000000000000000e+02,1.072294229395167093e+02,1.904761904761904656e-01,5.500000000000000000e+01,7.281438720000000000e+09,8.199545815040000000e+11,3.597804307937622070e-01
3.660000000000000000e+02,2.165000000000000000e+03,3.759795266578792621e+02,1.664356663246515655e-01,1.000000000000000000e+00,5.404031385600000000e+10,4.775771897856000000e+12,1.709547489881515503e-01
3.295000000000000000e+03,6.450000000000000000e+02,2.110643943121008448e+01,1.720052290384453675e-01,3.500000000000000000e+02,6.536188160000000000e+08,1.804572590080000000e+11,0.000000000000000000e+00
8.510000000000000000e+02,2.075000000000000000e+03,1.589489418670105465e+02,1.863389981249824745e-01,4.500000000000000000e+01,1.243060633600000000e+10,1.139536691200000000e+12,6.545064449310302734e-01
1.660000000000000000e+03,1.080000000000000000e+03,1.639191216579342267e+02,6.666666666666666574e-02,1.900000000000000000e+02,1.711664896000000000e+09,2.957806796800000000e+11,0.000000000000000000e+00
9.900000000000000000e+01,1.337000000000000000e+03,1.270723408321798900e+02,1.844626385704036808e-01,5.000000000000000000e+01,7.797797888000000000e+09,1.035582898176000000e+12,4.051990509033203125e-01
2.514000000000000000e+03,3.224000000000000000e+03,6.926616115736770496e+01,8.333333333333332871e-02,3.700000000000000000e+02,3.395659200000000000e+08,1.525896642560000000e+11,0.000000000000000000e+00
3.636000000000000000e+03,3.126000000000000000e+03,1.148319035828129131e+02,1.860163329510811370e-01,1.190000000000000000e+02,3.870370048000000000e+09,4.366447411200000000e+11,4.725667238235473633e-01
1.823000000000000000e+03,2.209000000000000000e+03,5.501131790558167012e+01,7.142857142857142461e-02,3.000000000000000000e+02,1.208475648000000000e+09,2.149688442880000000e+11,0.000000000000000000e+00
3.567000000000000000e+03,1.256000000000000000e+03,3.695951164338098351e+02,8.318903308077030267e-02,1.380000000000000000e+02,3.022589184000000000e+09,4.204997181440000000e+11,4.476498663425445557e-01
1.676000000000000000e+03,2.887000000000000000e+03,5.956026540061377261e+01,1.666666666666666574e-01,3.820000000000000000e+02,3.255584320000000000e+08,1.482432184320000000e+11,7.576674968004226685e-02
1.567000000000000000e+03,2.417000000000000000e+03,2.623830413827635653e+02,0.000000000000000000e+00,8.100000000000000000e+01,2.113757184000000000e+09,7.291969863680000000e+11,5.292919650673866272e-02
1.494000000000000000e+03,1.684000000000000000e+03,1.434807621708684451e+02,0.000000000000000000e+00,3.120000000000000000e+02,6.164670080000000000e+08,1.880238325760000000e+11,0.000000000000000000e+00
3.159000000000000000e+03,2.128000000000000000e+03,6.850968145270206833e+01,1.863389981249824745e-01,3.590000000000000000e+02,4.310534400000000000e+08,1.623431413760000000e+11,2.802438847720623016e-02
1.198000000000000000e+03,1.705000000000000000e+03,1.009149594745346263e+02,1.860163329510811370e-01,1.160000000000000000e+02,3.898425856000000000e+09,4.367803351040000000e+11,0.000000000000000000e+00
2.081000000000000000e+03,3.086000000000000000e+03,3.762640709825986107e+01,1.397542485937368628e-01,1.700000000000000000e+02,4.433466880000000000e+09,3.195793571840000000e+11,0.000000000000000000e+00
1.370000000000000000e+03,1.380000000000000000e+03,7.644221548924608101e+01,1.818181818181818232e-01,4.180000000000000000e+02,4.905984640000000000e+08,1.172196638720000000e+11,3.831699723377823830e-03
2.848000000000000000e+03,3.979000000000000000e+03,2.984886244870430119e+02,1.963383631246505001e-01,2.000000000000000000e+00,5.628931686400000000e+10,6.278159532032000000e+12,7.123951315879821777e-01
1.863000000000000000e+03,1.713000000000000000e+03,6.008735052030795032e+01,1.597191412499849861e-01,2.590000000000000000e+02,7.786948480000000000e+08,2.105653493760000000e+11,1.240542903542518616e-01
3.753000000000000000e+03,2.303000000000000000e+03,3.648466446373936378e+01,1.818181818181818232e-01,4.090000000000000000e+02,4.722456000000000000e+08,1.279692881920000000e+11,9.717266261577606201e-02
3.615000000000000000e+03,3.968000000000000000e+03,2.461843983205623942e+02,9.722034684781695468e-02,4.900000000000000000e+01,1.021636915200000000e+10,1.022901485568000000e+12,6.887623667716979980e-01
2.095000000000000000e+03,3.839000000000000000e+03,8.361912090608980463e+01,1.571348402636772446e-01,1.240000000000000000e+02,4.820801024000000000e+09,4.914155356160000000e+11,8.609086275100708008e-02
3.375000000000000000e+03,2.547000000000000000e+03,7.016010622430833621e+01,1.720052290384453675e-01,3.080000000000000000e+02,5.708842880000000000e+08,1.806985297920000000e+11,0.000000000000000000e+00
3.366000000000000000e+03,6.250000000000000000e+02,4.180099312124833943e+01,1.178511301977579334e-01,3.730000000000000000e+02,4.087375040000000000e+08,1.537433600000000000e+11,0.000000000000000000e+00
2.074000000000000000e+03,2.844000000000000000e+03,1.592776200366810713e+02,1.346870059402947850e-01,6.500000000000000000e+01,8.930834432000000000e+09,7.377056563200000000e+11,2.099134683609008789e+00
2.212000000000000000e+03,3.698000000000000000e+03,9.904841275322942806e+01,1.860163329510811370e-01,1.260000000000000000e+02,1.674342144000000000e+09,3.931353251840000000e+11,3.196120858192443848e-01
3.889000000000000000e+03,5.890000000000000000e+02,3.229160292822370337e+01,1.720052290384453675e-01,3.220000000000000000e+02,5.697305600000000000e+08,1.900652789760000000e+11,0.000000000000000000e+00
2.750000000000000000e+03,3.654000000000000000e+03,5.146771729225054770e+01,1.720052290384453675e-01,1.110000000000000000e+02,1.490579456000000000e+09,2.051426385920000000e+11,3.236221894621849060e-02
2.097000000000000000e+03,3.838000000000000000e+03,1.038319266081653041e+02,5.555555555555555247e-02,1.240000000000000000e+02,4.820801024000000000e+09,4.914155356160000000e+11,8.609086275100708008e-02
3.974000000000000000e+03,2.092000000000000000e+03,2.141349006082815833e+02,1.581138830084189706e-01,7.300000000000000000e+01,7.018176512000000000e+09,6.609458298880000000e+11,1.683588624000549316e+00
3.569000000000000000e+03,2.247000000000000000e+03,1.906852239095859431e+02,1.333333333333333315e-01,1.920000000000000000e+02,1.446137088000000000e+09,2.728833187840000000e+11,3.441790491342544556e-02
3.701000000000000000e+03,1.378000000000000000e+03,5.820695016445714742e+01,1.860163329510811370e-01,1.310000000000000000e+02,4.386468352000000000e+09,4.360631746560000000e+11,1.910982578992843628e-01
2.381000000000000000e+03,3.300000000000000000e+02,2.267802495658679902e+02,1.970563847278605785e-01,0.000000000000000000e+00,8.377669222400000000e+10,1.136895144755200000e+13,5.675861835479736328e-01
2.776000000000000000e+03,3.260000000000000000e+02,4.124961191425998663e+01,1.875000000000000000e-01,1.790000000000000000e+02,1.828806528000000000e+09,3.402233610240000000e+11,0.000000000000000000e+00
3.776000000000000000e+03,1.262000000000000000e+03,1.086410970201112178e+02,1.874138920735300140e-01,5.700000000000000000e+01,7.847402496000000000e+09,9.251958292480000000e+11,7.964859604835510254e-01
6.240000000000000000e+02,3.758000000000000000e+03,2.055136469676271531e+02,1.851851851851851749e-01,2.400000000000000000e+01,1.978117324800000000e+10,1.640358739968000000e+12,2.145830392837524414e+00
1.148000000000000000e+03,1.556000000000000000e+03,8.463381434516587376e+01,1.720052290384453675e-01,3.100000000000000000e+02,8.167900800000000000e+08,1.839095480320000000e+11,0.000000000000000000e+00
6.480000000000000000e+02,1.721000000000000000e+03,8.933563550971234690e+02,5.263157894736841813e-02,3.500000000000000000e+01,1.143281561600000000e+10,6.191613870080000000e+11,7.271656394004821777e-01
2.638000000000000000e+03,2.684000000000000000e+03,2.857995168946422382e+02,1.131370849898476055e-01,3.400000000000000000e+01,1.456821657600000000e+10,1.276274671616000000e+12,1.921485066413879395e+00
1.473000000000000000e+03,1.842000000000000000e+03,4.422766824572516953e+01,1.720052290384453675e-01,2.550000000000000000e+02,9.812340480000000000e+08,1.673714237440000000e+11,9.509994834661483765e-02
2.400000000000000000e+02,3.025000000000000000e+03,6.149506667603717602e+01,1.087856586440842377e-01,2.520000000000000000e+02,5.304390080000000000e+08,1.728783646720000000e+11,1.031575426459312439e-01
1.491000000000000000e+03,1.419000000000000000e+03,1.035086350232379004e+02,1.242259987499883256e-01,1.150000000000000000e+02,4.847934976000000000e+09,5.071829401600000000e+11,1.144441142678260803e-01
5.820000000000000000e+02,2.406000000000000000e+03,2.262749217614987884e+01,9.090909090909091161e-02,4.330000000000000000e+02,5.267405440000000000e+08,1.234130698240000000e+11,0.000000000000000000e+00
2.200000000000000000e+01,1.899000000000000000e+03,1.236389295084079123e+02,1.118033988749894958e-01,7.600000000000000000e+01,4.705384448000000000e+09,6.982864732160000000e+11,2.036401629447937012e-01
3.270000000000000000e+03,3.287000000000000000e+03,3.262854228580963536e+02,1.631868123374091983e-01,6.000000000000000000e+00,2.321462886400000000e+10,3.045936857088000000e+12,4.250588417053222656e+00
3.685000000000000000e+03,2.878000000000000000e+03,8.159415449146670198e+02,3.571428571428571230e-02,2.100000000000000000e+01,2.165043609600000000e+10,1.786106085376000000e+12,1.058541417121887207e+00
2.991000000000000000e+03,1.018000000000000000e+03,9.670113726070138682e+01,1.597191412499849861e-01,2.900000000000000000e+02,8.722309760000000000e+08,2.141345710080000000e+11,2.310216985642910004e-02
1.069000000000000000e+03,1.120000000000000000e+02,1.231535649520529176e+02,1.315334104411640948e-01,1.470000000000000000e+02,2.007474560000000000e+09,4.196885790720000000e+11,3.573011159896850586e-01
3.141000000000000000e+03,9.960000000000000000e+02,1.500492049166229265e+02,1.578947368421052544e-01,9.500000000000000000e+01,3.394375168000000000e+09,5.609730211840000000e+11,7.624695897102355957e-01
3.687000000000000000e+03,2.881000000000000000e+03,1.959430471518280967e+02,1.597191412499849861e-01,2.100000000000000000e+01,2.165043609600000000e+10,1.786106085376000000e+12,1.058541417121887207e+00
1.820000000000000000e+03,1.057000000000000000e+03,1.428295233124800063e+02,1.176877882894626220e-01,1.060000000000000000e+02,2.685982464000000000e+09,6.262559211520000000e+11,8.711945414543151855e-01
3.157000000000000000e+03,3.364000000000000000e+03,3.371257895734039494e+02,7.856742013183862228e-02,1.050000000000000000e+02,4.555825664000000000e+09,4.907443159040000000e+11,8.129624128341674805e-01
5.580000000000000000e+02,8.120000000000000000e+02,1.403851943715499999e+02,7.692307692307692735e-02,3.110000000000000000e+02,7.146896000000000000e+08,1.657005015040000000e+11,2.138228267431259155e-01
9.660000000000000000e+02,2.618000000000000000e+03,1.894925765804181310e+02,1.176877882894626220e-01,8.800000000000000000e+01,3.431953920000000000e+09,5.633286471680000000e+11,0.000000000000000000e+00
9.110000000000000000e+02,9.090000000000000000e+02,8.218269820713450713e+01,9.090909090909091161e-02,2.560000000000000000e+02,7.577560960000000000e+08,1.186875392000000000e+11,3.017757786437869072e-03
3.616000000000000000e+03,3.972000000000000000e+03,1.223627002090570244e+02,1.374903330507991073e-01,4.900000000000000000e+01,1.021636915200000000e+10,1.022901485568000000e+12,6.887623667716979980e-01
2.174000000000000000e+03,1.090000000000000000e+02,2.908866870799402591e+02,1.666666666666666574e-01,3.900000000000000000e+01,1.259311308800000000e+10,1.231577808896000000e+12,2.042043924331665039e+00
2.838000000000000000e+03,3.985000000000000000e+03,3.558539394128517870e+02,1.963383631246505001e-01,2.000000000000000000e+00,5.628931686400000000e+10,6.278159532032000000e+12,7.123951315879821777e-01
9.160000000000000000e+02,5.000000000000000000e+01,6.654849772691616749e+01,1.422183388986658636e-01,5.000000000000000000e+00,3.720409907200000000e+10,5.819019034624000000e+12,4.008188247680664062e-01
3.441000000000000000e+03,5.050000000000000000e+02,1.408305068077441433e+02,1.118033988749894958e-01,6.000000000000000000e+01,5.884199936000000000e+09,6.306729164800000000e+11,1.673907041549682617e-01
1.665000000000000000e+03,1.851000000000000000e+03,8.638246597678165983e+01,7.692307692307692735e-02,2.570000000000000000e+02,9.679162880000000000e+08,1.948128542720000000e+11,2.036323845386505127e-01
3.520000000000000000e+02,6.110000000000000000e+02,8.641603712585737185e+01,1.716929178792375721e-01,7.400000000000000000e+01,3.999097856000000000e+09,7.883710136320000000e+11,1.153122663497924805e+00
4.940000000000000000e+02,8.330000000000000000e+02,1.197936402105157185e+02,1.346870059402947850e-01,5.500000000000000000e+01,7.281438720000000000e+09,8.199545815040000000e+11,3.597804307937622070e-01
3.406000000000000000e+03,2.280000000000000000e+03,6.713995063397909746e+01,1.885618083164126990e-01,1.870000000000000000e+02,1.219883392000000000e+09,3.004904243200000000e+11,1.182178035378456116e-01
4.020000000000000000e+02,8.090000000000000000e+02,1.700129623757986224e+02,1.638886943392722229e-01,5.900000000000000000e+01,7.918117376000000000e+09,9.050025492480000000e+11,1.697563409805297852e+00
9.180000000000000000e+02,5.800000000000000000e+01,9.964854425108535452e+01,7.712872341874096871e-02,5.000000000000000000e+00,3.720409907200000000e+10,5.819019034624000000e+12,4.008188247680664062e-01
3.971000000000000000e+03,2.417000000000000000e+03,2.244174496813710107e+02,1.961161351381840168e-01,2.700000000000000000e+01,1.238435225600000000e+10,1.530468237312000000e+12,2.036925554275512695e+00
1.431000000000000000e+03,2.003000000000000000e+03,4.160171310466576244e+01,1.818181818181818232e-01,4.280000000000000000e+02,3.783943040000000000e+08,1.120649216000000000e+11,3.187136724591255188e-02
3.660000000000000000e+02,2.162000000000000000e+03,3.356665451916103393e+02,1.600726981657426273e-01,1.000000000000000000e+00,5.404031385600000000e+10,4.775771897856000000e+12,1.709547489881515503e-01
4.410000000000000000e+02,1.760000000000000000e+03,4.665492739404049161e+01,1.597191412499849861e-01,2.940000000000000000e+02,5.339358400000000000e+08,2.088911831040000000e+11,6.137812882661819458e-02
3.400000000000000000e+02,1.466000000000000000e+03,4.548666216653424499e+02,1.545157428361449981e-01,7.000000000000000000e+00,3.392714137600000000e+10,2.913892564992000000e+12,4.570787429809570312e+00
8.110000000000000000e+02,1.470000000000000000e+03,2.416240067451480797e+02,5.000000000000000278e-02,9.800000000000000000e+01,2.440556544000000000e+09,6.734337146880000000e+11,5.716390162706375122e-02
3.386000000000000000e+03,3.943000000000000000e+03,2.271736342175832490e+01,1.720052290384453675e-01,3.760000000000000000e+02,4.800745280000000000e+08,1.675726192640000000e+11,5.757528124377131462e-04
1.294000000000000000e+03,2.340000000000000000e+02,4.055608805308825993e+01,1.087856586440842377e-01,3.790000000000000000e+02,6.020218880000000000e+08,1.710966538240000000e+11,0.000000000000000000e+00
4.440000000000000000e+02,1.759000000000000000e+03,4.417540629495324822e+01,1.597191412499849861e-01,2.940000000000000000e+02,5.339358400000000000e+08,2.088911831040000000e+11,6.137812882661819458e-02
2.846000000000000000e+03,3.993000000000000000e+03,3.445247919792198559e+02,1.428571428571428492e-01,2.000000000000000000e+00,5.628931686400000000e+10,6.278159532032000000e+12,7.123951315879821777e-01
6.990000000000000000e+02,3.280000000000000000e+03,8.248702564943573634e+01,0.000000000000000000e+00,3.260000000000000000e+02,1.060119680000000000e+09,2.013788078080000000e+11,0.000000000000000000e+00
1.950000000000000000e+03,1.590000000000000000e+03,9.571809854591947442e+01,1.333333333333333315e-01,2.090000000000000000e+02,1.680539008000000000e+09,2.664933130240000000e+11,6.827071309089660645e-02
2.790000000000000000e+02,2.760000000000000000e+02,5.545776587466887264e+01,1.885618083164126990e-01,2.120000000000000000e+02,8.252440960000000000e+08,2.681984286720000000e+11,4.292364716529846191e-01
1.269000000000000000e+03,1.801000000000000000e+03,1.543618432373262692e+02,1.666666666666666574e-01,4.100000000000000000e+01,1.095597670400000000e+10,1.212032876544000000e+12,5.461735725402832031e-01
1.724000000000000000e+03,2.297000000000000000e+03,6.787961435380354658e+01,1.720052290384453675e-01,3.090000000000000000e+02,5.701532160000000000e+08,1.980960112640000000e+11,5.738828913308680058e-04
6.000000000000000000e+02,3.811000000000000000e+03,4.583059685206671219e+01,9.090909090909091161e-02,3.940000000000000000e+02,3.792263360000000000e+08,1.152684769280000000e+11,0.000000000000000000e+00
2.258000000000000000e+03,1.114000000000000000e+03,3.795055149249524789e+02,8.281733249999222168e-02,2.500000000000000000e+01,1.306004275200000000e+10,1.702466420736000000e+12,0.000000000000000000e+00
6.240000000000000000e+02,4.980000000000000000e+02,6.617082493544171484e+01,1.976423537605237202e-01,1.860000000000000000e+02,1.649663616000000000e+09,3.608393154560000000e+11,1.441983040422201157e-02
6.990000000000000000e+02,9.290000000000000000e+02,7.368344259332826596e+01,1.976423537605237202e-01,1.710000000000000000e+02,2.035380352000000000e+09,3.514815283200000000e+11,1.891390979290008545e-01
3.614000000000000000e+03,3.969000000000000000e+03,2.545131065237709436e+02,1.304347826086956486e-01,4.900000000000000000e+01,1.021636915200000000e+10,1.022901485568000000e+12,6.887623667716979980e-01
2.164000000000000000e+03,2.605000000000000000e+03,1.365648292520136806e+02,1.944406936956339094e-01,5.100000000000000000e+01,8.195988992000000000e+09,1.038099021824000000e+12,2.238056659698486328e-01
3.683000000000000000e+03,2.872000000000000000e+03,2.837932299768496023e+02,1.923273145405179907e-01,2.100000000000000000e+01,2.165043609600000000e+10,1.786106085376000000e+12,1.058541417121887207e+00
3.452000000000000000e+03,1.419000000000000000e+03,7.367189101355364755e+01,1.176470588235294101e-01,1.370000000000000000e+02,2.813895936000000000e+09,4.221787832320000000e+11,2.725269179791212082e-03
2.141000000000000000e+03,1.474000000000000000e+03,9.636964871488743256e+01,1.087856586440842377e-01,2.130000000000000000e+02,6.346509440000000000e+08,2.070040903680000000e+11,9.594308794476091862e-04
2.324000000000000000e+03,2.810000000000000000e+03,1.388492357798922683e+02,1.087856586440842377e-01,2.770000000000000000e+02,1.161475328000000000e+09,2.077248389120000000e+11,3.332068398594856262e-02
3.570000000000000000e+02,2.169000000000000000e+03,3.385653370356212122e+02,1.765316824341939261e-01,1.000000000000000000e+00,5.404031385600000000e+10,4.775771897856000000e+12,1.709547489881515503e-01
3.560000000000000000e+02,2.167000000000000000e+03,4.552449651511608977e+02,1.488645855129573925e-01,1.000000000000000000e+00,5.404031385600000000e+10,4.775771897856000000e+12,1.709547489881515503e-01
2.725000000000000000e+03,2.469000000000000000e+03,3.065106705131258877e+02,4.347826086956521618e-02,5.300000000000000000e+01,8.349897216000000000e+09,1.000912453632000000e+12,8.435634374618530273e-01
3.335000000000000000e+03,8.160000000000000000e+02,7.389811235128790656e+01,1.315334104411640948e-01,1.420000000000000000e+02,2.753105152000000000e+09,3.924815380480000000e+11,0.000000000000000000e+00
4.570000000000000000e+02,1.719000000000000000e+03,3.628488322047878256e+01,1.285648693066450132e-01,4.430000000000000000e+02,5.629418240000000000e+08,1.133475512320000000e+11,0.000000000000000000e+00
3.979000000000000000e+03,2.093000000000000000e+03,1.798035025037362686e+02,1.414213562373095034e-01,7.300000000000000000e+01,7.018176512000000000e+09,6.609458298880000000e+11,1.683588624000549316e+00
2.849000000000000000e+03,3.989000000000000000e+03,6.314163609976308180e+02,8.584645893961878604e-02,2.000000000000000000e+00,5.628931686400000000e+10,6.278159532032000000e+12,7.123951315879821777e-01
2.349000000000000000e+03,3.118000000000000000e+03,5.517694069818566049e+01,1.756820922315766309e-01,1.290000000000000000e+02,2.992413696000000000e+09,4.594857082880000000e+11,0.000000000000000000e+00
4.800000000000000000e+02,3.382000000000000000e+03,6.638354563321259150e+01,1.720052290384453675e-01,3.020000000000000000e+02,9.286039040000000000e+08,1.915977891840000000e+11,1.680024266242980957e-01
3.265000000000000000e+03,2.768000000000000000e+03,1.611549998311108709e+02,1.666666666666666574e-01,3.800000000000000000e+01,6.768592384000000000e+09,1.212657696768000000e+12,3.731330037117004395e-01
2.386000000000000000e+03,3.330000000000000000e+02,3.059615105200101652e+02,1.055914668065588979e-01,0.000000000000000000e+00,8.377669222400000000e+10,1.136895144755200000e+13,5.675861835479736328e-01
2.693000000000000000e+03,3.213000000000000000e+03,7.695482779956731179e+01,1.597191412499849861e-01,1.980000000000000000e+02,1.823513216000000000e+09,2.506064363520000000e+11,1.331411115825176239e-02
3.475000000000000000e+03,1.266000000000000000e+03,6.563389324911113931e+01,1.720052290384453675e-01,2.760000000000000000e+02,4.420058240000000000e+08,1.852306554880000000e+11,4.506601393222808838e-02
3.268000000000000000e+03,3.295000000000000000e+03,2.997221594322848546e+02,1.515151515151515194e-01,6.000000000000000000e+00,2.321462886400000000e+10,3.045936857088000000e+12,4.250588417053222656e+00
3.163000000000000000e+03,2.936000000000000000e+03,7.069928997537370208e+01,1.538461538461538547e-01,2.730000000000000000e+02,9.557055360000000000e+08,1.986753986560000000e+11,2.025958299636840820e-01
1.680000000000000000e+03,2.250000000000000000e+03,3.969614311627912571e+02,1.709339275766691701e-01,3.000000000000000000e+00,5.031784038400000000e+10,4.124430041088000000e+12,3.194062948226928711e+00
1.200000000000000000e+02,3.027000000000000000e+03,8.372614578032130339e+01,1.976423537605237202e-01,1.640000000000000000e+02,2.050533248000000000e+09,3.406673346560000000e+11,1.269493103027343750e-01
1.603000000000000000e+03,2.123000000000000000e+03,2.488886482553104429e+02,1.638886943392722229e-01,5.400000000000000000e+01,1.122953011200000000e+10,8.577714094080000000e+11,2.445178747177124023e+00
3.545000000000000000e+03,2.481000000000000000e+03,3.086255853638834310e+02,8.000000000000000167e-02,4.000000000000000000e+01,9.953271808000000000e+09,1.281303117824000000e+12,1.119234338402748108e-01
3.251000000000000000e+03,1.428000000000000000e+03,1.084159745004335633e+02,1.863389981249824745e-01,3.800000000000000000e+02,6.526458880000000000e+08,1.575296860160000000e+11,6.693943403661251068e-03
1.141000000000000000e+03,3.903000000000000000e+03,3.431054531973308031e+02,6.987712429686843141e-02,8.000000000000000000e+00,2.140511027200000000e+10,2.705576689664000000e+12,6.908459067344665527e-01
3.071000000000000000e+03,2.408000000000000000e+03,2.076657206274043972e+02,1.792654619833765339e-01,1.900000000000000000e+01,1.888740147200000000e+10,1.018762625024000000e+12,2.206895589828491211e+00
1.623000000000000000e+03,2.508000000000000000e+03,2.765340821585042974e+01,2.000000000000000111e-01,1.940000000000000000e+02,2.283313920000000000e+09,2.992840048640000000e+11,0.000000000000000000e+00
1.689000000000000000e+03,2.251000000000000000e+03,6.489166148272919372e+02,8.546696378833458507e-02,3.000000000000000000e+00,5.031784038400000000e+10,4.124430041088000000e+12,3.194062948226928711e+00
2.806000000000000000e+03,3.046000000000000000e+03,8.868157562576118380e+01,1.666666666666666574e-01,7.900000000000000000e+01,6.795408384000000000e+09,4.628956774400000000e+11,4.103572666645050049e-01
3.098000000000000000e+03,1.077000000000000000e+03,1.341247123528389977e+02,1.739130434782608647e-01,5.200000000000000000e+01,8.784549888000000000e+09,9.930926981120000000e+11,3.149703741073608398e-01
1.794000000000000000e+03,6.940000000000000000e+02,1.931865898844320668e+02,1.052631578947368363e-01,9.200000000000000000e+01,4.124931584000000000e+09,6.228464107520000000e+11,4.545400738716125488e-01
2.842000000000000000e+03,3.994000000000000000e+03,2.824863023683296319e+02,1.919585178166321182e-01,2.000000000000000000e+00,5.628931686400000000e+10,6.278159532032000000e+12,7.123951315879821777e-01
2.158000000000000000e+03,8.790000000000000000e+02,1.436281904841159758e+02,8.333333333333332871e-02,3.560000000000000000e+02,3.463397760000000000e+08,1.410516090880000000e+11,1.325987046584486961e-03
1.407000000000000000e+03,1.437000000000000000e+03,1.443812594782110637e+02,1.087856586440842377e-01,3.010000000000000000e+02,1.163845120000000000e+09,1.837246709760000000e+11,2.686825096607208252e-01
3.104000000000000000e+03,3.430000000000000000e+02,5.227356975671344941e+01,1.571348402636772446e-01,1.200000000000000000e+02,1.610145920000000000e+09,4.548143677440000000e+11,8.406070992350578308e-03
2.729000000000000000e+03,2.470000000000000000e+03,1.176882731650607496e+02,1.944406936956339094e-01,5.300000000000000000e+01,8.349897216000000000e+09,1.000912453632000000e+12,8.435634374618530273e-01
7.400000000000000000e+01,3.757000000000000000e+03,2.622740595501429439e+01,8.838834764831844659e-02,1.650000000000000000e+02,4.043890176000000000e+09,3.563160535040000000e+11,0.000000000000000000e+00
3.186000000000000000e+03,6.100000000000000000e+01,7.751962119375608040e+01,1.010152544552210818e-01,2.350000000000000000e+02,1.789910528000000000e+09,2.301310566400000000e+11,1.099770516157150269e-01
1.871000000000000000e+03,1.482000000000000000e+03,4.203596198084455438e+01,0.000000000000000000e+00,3.250000000000000000e+02,1.419664384000000000e+09,1.944436572160000000e+11,0.000000000000000000e+00
2.261000000000000000e+03,3.711000000000000000e+03,4.771787626534113258e+01,1.178511301977579334e-01,3.880000000000000000e+02,4.473891200000000000e+08,1.530362920960000000e+11,0.000000000000000000e+00
2.393000000000000000e+03,3.300000000000000000e+02,3.541639425701964115e+02,4.384447014705470519e-02,0.000000000000000000e+00,8.377669222400000000e+10,1.136895144755200000e+13,5.675861835479736328e-01
3.150000000000000000e+03,3.951000000000000000e+03,1.726920984248197328e+02,8.838834764831844659e-02,2.100000000000000000e+02,5.425520640000000000e+08,3.273477652480000000e+11,0.000000000000000000e+00
1.439000000000000000e+03,1.478000000000000000e+03,3.805951270923473118e+01,0.000000000000000000e+00,2.330000000000000000e+02,2.212824576000000000e+09,2.835332136960000000e+11,0.000000000000000000e+00
5.310000000000000000e+02,1.735000000000000000e+03,1.259278085493318002e+02,5.263157894736841813e-02,8.000000000000000000e+01,8.157177344000000000e+09,6.252981125120000000e+11,7.224321365356445312e-02
4.880000000000000000e+02,1.816000000000000000e+03,2.506083678221202717e+02,1.335389361282958987e-01,1.100000000000000000e+01,1.421665075200000000e+10,1.753114214400000000e+12,1.261094808578491211e+00
1.612000000000000000e+03,2.958000000000000000e+03,1.412857165090814817e+02,1.016394535227177209e-01,6.400000000000000000e+01,6.949873664000000000e+09,8.574791843840000000e+11,4.483140707015991211e-01
2.468000000000000000e+03,2.293000000000000000e+03,3.530318876501463023e+02,5.882352941176470507e-02,1.400000000000000000e+02,3.021581056000000000e+09,3.996486205440000000e+11,7.970087528228759766e-01
1.662000000000000000e+03,1.082000000000000000e+03,4.223132074098710120e+01,1.490711984999859852e-01,1.900000000000000000e+02,1.711664896000000000e+09,2.957806796800000000e+11,0.000000000000000000e+00
2.026000000000000000e+03,7.820000000000000000e+02,2.369775207095436258e+02,4.761904761904761640e-02,6.800000000000000000e+01,5.959005184000000000e+09,8.359626014720000000e+11,1.076989397406578064e-01
3.819000000000000000e+03,3.580000000000000000e+02,6.387437640637906355e+01,2.000000000000000111e-01,1.810000000000000000e+02,1.792154496000000000e+09,2.964711014400000000e+11,1.341915279626846313e-01
3.393000000000000000e+03,2.935000000000000000e+03,9.099700644452629206e+01,1.505846504842085487e-01,7.200000000000000000e+01,7.327007232000000000e+09,7.772913664000000000e+11,0.000000000000000000e+00
3.030000000000000000e+02,2.170000000000000000e+03,6.488034124025077176e+01,1.285648693066450132e-01,4.150000000000000000e+02,4.193257600000000000e+08,1.273916375040000000e+11,3.943456336855888367e-02
1.322000000000000000e+03,2.831000000000000000e+03,3.834444945003561855e+01,1.597191412499849861e-01,2.870000000000000000e+02,8.163894400000000000e+08,2.115932815360000000e+11,0.000000000000000000e+00
4.080000000000000000e+02,1.364000000000000000e+03,1.633720488541809743e+02,1.778645621509124530e-01,4.000000000000000000e+00,3.802601062400000000e+10,4.025006424064000000e+12,3.468478620052337646e-01
2.849000000000000000e+03,3.983000000000000000e+03,5.590843075404486626e+02,1.190476190476190410e-01,2.000000000000000000e+00,5.628931686400000000e+10,6.278159532032000000e+12,7.123951315879821777e-01
6.220000000000000000e+02,3.765000000000000000e+03,3.415063283411182056e+02,1.171213948210510919e-01,2.400000000000000000e+01,1.978117324800000000e+10,1.640358739968000000e+12,2.145830392837524414e+00
2.072000000000000000e+03,2.839000000000000000e+03,2.483727221914132031e+02,1.428571428571428492e-01,6.500000000000000000e+01,8.930834432000000000e+09,7.377056563200000000e+11,2.099134683609008789e+00
1.756000000000000000e+03,2.638000000000000000e+03,1.283718547646566037e+02,1.052631578947368363e-01,1.010000000000000000e+02,4.572197376000000000e+09,5.625021071360000000e+11,6.421380676329135895e-03
1.689000000000000000e+03,2.250000000000000000e+03,6.514194565343959766e+02,9.744733176929699925e-02,3.000000000000000000e+00,5.031784038400000000e+10,4.124430041088000000e+12,3.194062948226928711e+00
4.010000000000000000e+02,8.150000000000000000e+02,1.594818534205062974e+02,1.437398936440172637e-01,5.900000000000000000e+01,7.918117376000000000e+09,9.050025492480000000e+11,1.697563409805297852e+00
1.367000000000000000e+03,1.367000000000000000e+03,3.661130725318934509e+01,1.490711984999859852e-01,1.560000000000000000e+02,1.652563456000000000e+09,2.679119380480000000e+11,7.161618210375308990e-03
2.940000000000000000e+02,1.199000000000000000e+03,5.272333994827368997e+01,1.087856586440842377e-01,3.290000000000000000e+02,6.890782720000000000e+08,1.883683880960000000e+11,0.000000000000000000e+00
3.260000000000000000e+03,1.565000000000000000e+03,7.056551966896486761e+01,1.010152544552210818e-01,2.600000000000000000e+02,7.938867200000000000e+08,2.138420510720000000e+11,1.661869138479232788e-01
3.077000000000000000e+03,3.259000000000000000e+03,5.431531690559845060e+01,1.976423537605237202e-01,1.550000000000000000e+02,1.669745408000000000e+09,3.648343572480000000e+11,1.946539035998284817e-03
2.253000000000000000e+03,1.344000000000000000e+03,1.842362138234277893e+02,1.363636363636363535e-01,6.900000000000000000e+01,6.535744512000000000e+09,8.611923230720000000e+11,9.509965181350708008e-01
3.878000000000000000e+03,1.994000000000000000e+03,2.273109463836986492e+02,1.064794274999899953e-01,6.300000000000000000e+01,1.001084723200000000e+10,8.035539353600000000e+11,1.929144382476806641e+00
1.803000000000000000e+03,1.759000000000000000e+03,6.514600272925827085e+01,8.333333333333332871e-02,4.040000000000000000e+02,4.314691200000000000e+08,1.523989217280000000e+11,0.000000000000000000e+00
2.370000000000000000e+02,1.135000000000000000e+03,1.841353812082645902e+02,1.567630989332169100e-01,5.600000000000000000e+01,8.372165632000000000e+09,9.969321902080000000e+11,1.320460557937622070e+00
1.300000000000000000e+02,2.323000000000000000e+03,2.220367460083701587e+02,1.585809856006792640e-01,1.800000000000000000e+01,1.490262937600000000e+10,1.419475419136000000e+12,1.013386368751525879e+00
3.619000000000000000e+03,3.965000000000000000e+03,1.415236400990034440e+02,1.944406936956339094e-01,4.900000000000000000e+01,1.021636915200000000e+10,1.022901485568000000e+12,6.887623667716979980e-01
3.039000000000000000e+03,3.390000000000000000e+03,1.765595571997205866e+02,2.000000000000000111e-01,3.300000000000000000e+01,1.268767641600000000e+10,1.303878828032000000e+12,1.093849778175354004e+00
1.005000000000000000e+03,1.274000000000000000e+03,5.699251398167467642e+01,1.885618083164126990e-01,1.670000000000000000e+02,3.089423872000000000e+09,3.143499120640000000e+11,1.613117009401321411e-01
6.450000000000000000e+02,1.720000000000000000e+03,1.522869366533934397e+02,1.897658566033678385e-01,3.500000000000000000e+01,1.143281561600000000e+10,6.191613870080000000e+11,7.271656394004821777e-01
1.402000000000000000e+03,1.339000000000000000e+03,9.295420338030844221e+01,1.315334104411640948e-01,1.330000000000000000e+02,2.948885760000000000e+09,4.005123194880000000e+11,4.462803006172180176e-01
3.801000000000000000e+03,1.809000000000000000e+03,1.047127302234667781e+02,1.178511301977579334e-01,3.600000000000000000e+02,4.927905280000000000e+08,1.491798589440000000e+11,1.549787935800850391e-03
2.251000000000000000e+03,1.344000000000000000e+03,1.895979015516601294e+02,1.638886943392722229e-01,6.900000000000000000e+01,6.535744512000000000e+09,8.611923230720000000e+11,9.509965181350708008e-01
3.255000000000000000e+03,1.012000000000000000e+03,9.681894994848341867e+02,6.666666666666666574e-02,2.050000000000000000e+02,1.157463040000000000e+09,2.754100920320000000e+11,3.203420713543891907e-02
6.260000000000000000e+02,3.760000000000000000e+03,1.642154345676497940e+02,1.994505484123890171e-01,2.400000000000000000e+01,1.978117324800000000e+10,1.640358739968000000e+12,2.145830392837524414e+00
1.622000000000000000e+03,1.604000000000000000e+03,1.442147177560492537e+02,5.555555555555555247e-02,9.400000000000000000e+01,5.584472064000000000e+09,5.205818081280000000e+11,5.259398221969604492e-01
1.416000000000000000e+03,1.418000000000000000e+03,1.339402788825917980e+02,1.666666666666666574e-01,1.140000000000000000e+02,3.367604480000000000e+09,4.616201175040000000e+11,4.400322437286376953e-01
2.405000000000000000e+03,1.307000000000000000e+03,2.261895496630720004e+02,1.071428571428571369e-01,2.300000000000000000e+01,1.432996761600000000e+10,1.869943144448000000e+12,4.284954965114593506e-01
2.250000000000000000e+03,1.343000000000000000e+03,1.823504062318666001e+02,1.638886943392722229e-01,6.900000000000000000e+01,6.535744512000000000e+09,8.611923230720000000e+11,9.509965181350708008e-01
1.863000000000000000e+03,1.711000000000000000e+03,8.248442792926265099e+01,1.597191412499849861e-01,2.590000000000000000e+02,7.786948480000000000e+08,2.105653493760000000e+11,1.240542903542518616e-01
2.399000000000000000e+03,3.270000000000000000e+02,3.038443085226352878e+02,1.753778805882188208e-01,0.000000000000000000e+00,8.377669222400000000e+10,1.136895144755200000e+13,5.675861835479736328e-01
4.160000000000000000e+02,1.366000000000000000e+03,2.468450660368613683e+02,1.001542020962219171e-01,4.000000000000000000e+00,3.802601062400000000e+10,4.025006424064000000e+12,3.468478620052337646e-01
3.621000000000000000e+03,3.970000000000000000e+03,1.067528706880582376e+02,1.792654619833765339e-01,4.900000000000000000e+01,1.021636915200000000e+10,1.022901485568000000e+12,6.887623667716979980e-01
3.197000000000000000e+03,3.797000000000000000e+03,1.930254837526394454e+02,2.000000000000000111e-01,3.600000000000000000e+01,1.181075353600000000e+10,1.269782806528000000e+12,8.137409687042236328e-01
2.138000000000000000e+03,2.748000000000000000e+03,5.747922805099085508e+01,1.315334104411640948e-01,1.030000000000000000e+02,3.443494656000000000e+09,3.972623237120000000e+11,1.831960305571556091e-02
1.718000000000000000e+03,2.127000000000000000e+03,1.484369119793745426e+02,1.666666666666666574e-01,1.070000000000000000e+02,3.879511552000000000e+09,5.096216330240000000e+11,1.446489691734313965e-01
7.300000000000000000e+02,2.778000000000000000e+03,1.229424077885370679e+02,1.863389981249824745e-01,4.300000000000000000e+01,6.625502720000000000e+09,1.240374575104000000e+12,7.242954522371292114e-02
2.403000000000000000e+03,1.311000000000000000e+03,1.526075065874948109e+02,1.472537723434878820e-01,2.300000000000000000e+01,1.432996761600000000e+10,1.869943144448000000e+12,4.284954965114593506e-01
9.250000000000000000e+02,4.610000000000000000e+02,4.116271058190423560e+02,1.724137931034482873e-01,1.500000000000000000e+01,1.594162892800000000e+10,2.064746414080000000e+12,2.757654666900634766e+00
2.140000000000000000e+03,1.475000000000000000e+03,1.835706877535573653e+02,0.000000000000000000e+00,2.130000000000000000e+02,6.346509440000000000e+08,2.070040903680000000e+11,9.594308794476091862e-04
2.139000000000000000e+03,2.743000000000000000e+03,6.962960541236142831e+01,1.764705882352941291e-01,1.030000000000000000e+02,3.443494656000000000e+09,3.972623237120000000e+11,1.831960305571556091e-02
4.860000000000000000e+02,5.600000000000000000e+02,3.782971404910988156e+01,1.818181818181818232e-01,4.050000000000000000e+02,3.251958720000000000e+08,1.258500915200000000e+11,2.566784434020519257e-02
2.470000000000000000e+02,2.922000000000000000e+03,1.703851640133088949e+02,1.176470588235294101e-01,1.440000000000000000e+02,2.731606016000000000e+09,4.188105277440000000e+11,2.888307571411132812e-01
2.731000000000000000e+03,2.724000000000000000e+03,8.456676016017729580e+01,6.666666666666666574e-02,2.070000000000000000e+02,1.396155776000000000e+09,2.768124968960000000e+11,1.600566804409027100e-01
3.418000000000000000e+03,1.216000000000000000e+03,1.253335735136611646e+02,9.090909090909091161e-02,3.510000000000000000e+02,4.170736000000000000e+08,1.204105052160000000e+11,0.000000000000000000e+00
3.091000000000000000e+03,3.607000000000000000e+03,2.696694482212305388e+02,1.856953381770518607e-01,1.300000000000000000e+01,1.881086976000000000e+10,2.053483003904000000e+12,1.574149370193481445e+00
4.150000000000000000e+02,1.364000000000000000e+03,2.169933624372559393e+02,1.242259987499883256e-01,4.000000000000000000e+00,3.802601062400000000e+10,4.025006424064000000e+12,3.468478620052337646e-01
3.975000000000000000e+03,2.590000000000000000e+03,1.530470001272785225e+02,1.860163329510811370e-01,1.270000000000000000e+02,4.167231744000000000e+09,4.408803655680000000e+11,8.699815869331359863e-01
1.670000000000000000e+02,2.072000000000000000e+03,3.557406076370111236e+01,1.863389981249824745e-01,3.850000000000000000e+02,5.595765120000000000e+08,1.562758676480000000e+11,2.008460089564323425e-02
3.690000000000000000e+03,1.560000000000000000e+02,1.200632300354120758e+02,5.263157894736841813e-02,9.600000000000000000e+01,5.135301632000000000e+09,6.143458672640000000e+11,2.233735471963882446e-01
8.410000000000000000e+02,4.410000000000000000e+02,8.341549014455704025e+01,1.414213562373095034e-01,8.500000000000000000e+01,6.778748416000000000e+09,6.711748853760000000e+11,0.000000000000000000e+00
6.860000000000000000e+02,1.611000000000000000e+03,1.469228952157830577e+02,1.664356663246515655e-01,8.900000000000000000e+01,6.014683136000000000e+09,6.031215820800000000e+11,3.571751117706298828e-01
1.724000000000000000e+03,2.293000000000000000e+03,1.326128283730464261e+02,1.720052290384453675e-01,3.090000000000000000e+02,5.701532160000000000e+08,1.980960112640000000e+11,5.738828913308680058e-04
2.253000000000000000e+03,1.113000000000000000e+03,3.563876162789193245e+02,1.335389361282958987e-01,2.500000000000000000e+01,1.306004275200000000e+10,1.702466420736000000e+12,0.000000000000000000e+00
1.879000000000000000e+03,2.011000000000000000e+03,6.227051085104803718e+01,1.863389981249824745e-01,3.740000000000000000e+02,4.893059200000000000e+08,1.374361190400000000e+11,2.621973305940628052e-02
3.998000000000000000e+03,2.884000000000000000e+03,6.619102598241259727e+01,9.428090415820634951e-02,2.290000000000000000e+02,1.661390208000000000e+09,2.690882600960000000e+11,0.000000000000000000e+00
3.271000000000000000e+03,3.295000000000000000e+03,5.049480909262033492e+02,9.582659576267817114e-02,6.000000000000000000e+00,2.321462886400000000e+10,3.045936857088000000e+12,4.250588417053222656e+00
3.428000000000000000e+03,9.430000000000000000e+02,1.379844676074471295e+02,8.838834764831844659e-02,1.590000000000000000e+02,2.391091456000000000e+09,3.734835691520000000e+11,0.000000000000000000e+00
1.315000000000000000e+03,1.711000000000000000e+03,8.667483968636940972e+01,7.856742013183862228e-02,9.900000000000000000e+01,6.651615232000000000e+09,4.739571056640000000e+11,5.995762534439563751e-03
2.846000000000000000e+03,3.990000000000000000e+03,5.617674285564995671e+02,7.142857142857142461e-02,2.000000000000000000e+00,5.628931686400000000e+10,6.278159532032000000e+12,7.123951315879821777e-01
1.464000000000000000e+03,2.697000000000000000e+03,1.035326350364765062e+02,6.666666666666666574e-02,2.040000000000000000e+02,1.464824448000000000e+09,2.800094740480000000e+11,9.765140414237976074e-01
2.725000000000000000e+03,2.471000000000000000e+03,1.835795858295202549e+02,1.304347826086956486e-01,5.300000000000000000e+01,8.349897216000000000e+09,1.000912453632000000e+12,8.435634374618530273e-01
3.077000000000000000e+03,2.409000000000000000e+03,3.016735175292074587e+02,8.695652173913043237e-02,1.900000000000000000e+01,1.888740147200000000e+10,1.018762625024000000e+12,2.206895589828491211e+00
5.410000000000000000e+02,2.456000000000000000e+03,6.249109059986100334e+01,6.250000000000000000e-02,1.600000000000000000e+02,1.700266368000000000e+09,3.477796618240000000e+11,1.986222900450229645e-02
1.872000000000000000e+03,1.482000000000000000e+03,3.609033153418377537e+01,7.692307692307692735e-02,3.250000000000000000e+02,1.419664384000000000e+09,1.944436572160000000e+11,0.000000000000000000e+00
2.576000000000000000e+03,8.370000000000000000e+02,3.715591369403420572e+02,1.386750490563072868e-01,2.600000000000000000e+01,1.537867468800000000e+10,1.513454567424000000e+12,1.694393157958984375e+00
2.080000000000000000e+03,3.083000000000000000e+03,5.169466700223109967e+01,6.250000000000000000e-02,1.700000000000000000e+02,4.433466880000000000e+09,3.195793571840000000e+11,0.000000000000000000e+00
3.271000000000000000e+03,2.765000000000000000e+03,1.345221737757092910e+02,1.502313031443328895e-01,3.800000000000000000e+01,6.768592384000000000e+09,1.212657696768000000e+12,3.731330037117004395e-01
2.842000000000000000e+03,3.993000000000000000e+03,3.240189767080353818e+02,1.716929178792375721e-01,2.000000000000000000e+00,5.628931686400000000e+10,6.278159532032000000e+12,7.123951315879821777e-01
3.291000000000000000e+03,1.548000000000000000e+03,5.804777543275739760e+01,7.443229275647869625e-02,1.000000000000000000e+02,5.067320320000000000e+09,6.003260784640000000e+11,0.000000000000000000e+00
1.845000000000000000e+03,3.657000000000000000e+03,7.359117677514102240e+01,1.976423537605237202e-01,1.970000000000000000e+02,1.901484416000000000e+09,3.233736294400000000e+11,5.048052407801151276e-03
4.860000000000000000e+02,1.815000000000000000e+03,2.366868861378919462e+02,1.888525745775105347e-01,1.100000000000000000e+01,1.421665075200000000e+10,1.753114214400000000e+12,1.261094808578491211e+00
3.450000000000000000e+03,1.418000000000000000e+03,6.877607790514649366e+01,1.315334104411640948e-01,1.370000000000000000e+02,2.813895936000000000e+09,4.221787832320000000e+11,2.725269179791212082e-03
2.585000000000000000e+03,2.240000000000000000e+02,1.157572980171322001e+02,7.142857142857142461e-02,2.150000000000000000e+02,1.368266624000000000e+09,2.413002588160000000e+11,2.798807621002197266e-01
3.439000000000000000e+03,1.609000000000000000e+03,6.989099799368976562e+01,1.597191412499849861e-01,2.510000000000000000e+02,1.120951680000000000e+09,2.118354042880000000e+11,3.045468330383300781e-01
2.098000000000000000e+03,3.839000000000000000e+03,5.338271529699545681e+01,1.242259987499883256e-01,1.240000000000000000e+02,4.820801024000000000e+09,4.914155356160000000e+11,8.609086275100708008e-02
3.163000000000000000e+03,3.337000000000000000e+03,4.352784878392961332e+01,1.285648693066450132e-01,4.300000000000000000e+02,4.484367040000000000e+08,1.218482503680000000e+11,0.000000000000000000e+00
2.146000000000000000e+03,3.730000000000000000e+02,1.833244699605277503e+02,1.333333333333333315e-01,2.230000000000000000e+02,1.358996096000000000e+09,2.736059351040000000e+11,2.617974281311035156e-01
6.870000000000000000e+02,1.616000000000000000e+03,1.272844561363123290e+02,1.052631578947368363e-01,8.900000000000000000e+01,6.014683136000000000e+09,6.031215820800000000e+11,3.571751117706298828e-01
1.200000000000000000e+02,3.028000000000000000e+03,8.403746724489955966e+01,1.875000000000000000e-01,1.640000000000000000e+02,2.050533248000000000e+09,3.406673346560000000e+11,1.269493103027343750e-01
3.085000000000000000e+03,3.615000000000000000e+03,2.647215074659879974e+02,1.724137931034482873e-01,1.300000000000000000e+01,1.881086976000000000e+10,2.053483003904000000e+12,1.574149370193481445e+00
5.230000000000000000e+02,1.418000000000000000e+03,1.158701513443387512e+02,8.333333333333332871e-02,1.750000000000000000e+02,8.884802560000000000e+08,1.496278794240000000e+11,0.000000000000000000e+00
3.043000000000000000e+03,3.640000000000000000e+03,4.043573545063073027e+01,1.285648693066450132e-01,4.350000000000000000e+02,4.158810240000000000e+08,1.147037286400000000e+11,0.000000000000000000e+00
1.240000000000000000e+02,2.328000000000000000e+03,2.027328906968667468e+02,1.961161351381840168e-01,1.800000000000000000e+01,1.490262937600000000e+10,1.419475419136000000e+12,1.013386368751525879e+00
1.717000000000000000e+03,1.654000000000000000e+03,1.924025573791687691e+02,1.717960677340691911e-01,1.700000000000000000e+01,1.223959859200000000e+10,1.187346776064000000e+12,2.400017738342285156e+00
4.180000000000000000e+02,1.365000000000000000e+03,2.045256220641587106e+02,1.619708859679250268e-01,4.000000000000000000e+00,3.802601062400000000e+10,4.025006424064000000e+12,3.468478620052337646e-01
1.192000000000000000e+03,1.704000000000000000e+03,1.392023103387072638e+02,1.764705882352941291e-01,1.160000000000000000e+02,3.898425856000000000e+09,4.367803351040000000e+11,0.000000000000000000e+00
2.297000000000000000e+03,1.188000000000000000e+03,7.220365063711237497e+01,1.087856586440842377e-01,2.790000000000000000e+02,8.299195520000000000e+08,1.722283950080000000e+11,1.422405540943145752e-01
3.976000000000000000e+03,2.088000000000000000e+03,1.763976249927236779e+02,1.581138830084189706e-01,7.300000000000000000e+01,7.018176512000000000e+09,6.609458298880000000e+11,1.683588624000549316e+00
2.845000000000000000e+03,3.980000000000000000e+03,3.704106806141081165e+02,1.683587574253684604e-01,2.000000000000000000e+00,5.628931686400000000e+10,6.278159532032000000e+12,7.123951315879821777e-01
2.526000000000000000e+03,1.017000000000000000e+03,2.106729834685561684e+02,1.885618083164126990e-01,9.000000000000000000e+00,2.156558540800000000e+10,2.274888253440000000e+12,8.735226988792419434e-01
2.449000000000000000e+03,4.790000000000000000e+02,8.099049958903285074e+01,1.720052290384453675e-01,2.980000000000000000e+02,8.628124800000000000e+08,1.792290160640000000e+11,3.519693762063980103e-02
2.645000000000000000e+03,3.080000000000000000e+03,5.297442177319893517e+02,7.985957062499249304e-02,1.000000000000000000e+01,2.532703436800000000e+10,1.915071758336000000e+12,4.421397686004638672e+00
3.980000000000000000e+03,2.421000000000000000e+03,1.745400342478208415e+02,1.923076923076923184e-01,2.700000000000000000e+01,1.238435225600000000e+10,1.530468237312000000e+12,2.036925554275512695e+00
2.710000000000000000e+03,3.602000000000000000e+03,7.109161778476388349e+01,1.720052290384453675e-01,3.370000000000000000e+02,4.077027840000000000e+08,1.692376760320000000e+11,8.081462234258651733e-03
8.870000000000000000e+02,2.527000000000000000e+03,3.636494127440285240e+01,1.597191412499849861e-01,2.540000000000000000e+02,1.414776320000000000e+09,2.527250186240000000e+11,0.000000000000000000e+00
4.170000000000000000e+02,1.373000000000000000e+03,1.714472990705233713e+02,1.778645621509124530e-01,4.000000000000000000e+00,3.802601062400000000e+10,4.025006424064000000e+12,3.468478620052337646e-01
1.850000000000000000e+03,1.585000000000000000e+03,2.957132569572890546e+01,1.490711984999859852e-01,2.310000000000000000e+02,1.867093120000000000e+09,2.600269414400000000e+11,2.516664098948240280e-03
1.622000000000000000e+03,6.100000000000000000e+01,1.295685651482557716e+02,1.666666666666666574e-01,1.020000000000000000e+02,5.742077440000000000e+09,5.014899261440000000e+11,8.554428815841674805e-01
1.441000000000000000e+03,1.478000000000000000e+03,3.059838046350927243e+01,1.333333333333333315e-01,2.330000000000000000e+02,2.212824576000000000e+09,2.835332136960000000e+11,0.000000000000000000e+00
2.098000000000000000e+03,3.838000000000000000e+03,6.660484808341904284e+01,7.856742013183862228e-02,1.240000000000000000e+02,4.820801024000000000e+09,4.914155356160000000e+11,8.609086275100708008e-02
3.636000000000000000e+03,3.130000000000000000e+03,6.422787919520411606e+02,8.318903308077030267e-02,1.190000000000000000e+02,3.870370048000000000e+09,4.366447411200000000e+11,4.725667238235473633e-01
2.077000000000000000e+03,3.085000000000000000e+03,4.006476447808471164e+01,1.976423537605237202e-01,1.700000000000000000e+02,4.433466880000000000e+09,3.195793571840000000e+11,0.000000000000000000e+00
3.571000000000000000e+03,2.249000000000000000e+03,8.225187868784492196e+01,1.333333333333333315e-01,1.920000000000000000e+02,1.446137088000000000e+09,2.728833187840000000e+11,3.441790491342544556e-02
6.070000000000000000e+02,2.595000000000000000e+03,2.188804070844318517e+02,1.697056274847713875e-01,3.100000000000000000e+01,1.543549849600000000e+10,1.268652310528000000e+12,2.477414608001708984e+00
3.704000000000000000e+03,3.722000000000000000e+03,9.415482830328697617e+01,1.315334104411640948e-01,1.520000000000000000e+02,2.955342592000000000e+09,3.941879316480000000e+11,2.590242326259613037e-01
1.619000000000000000e+03,5.700000000000000000e+01,1.580693284313005336e+02,1.756820922315766309e-01,1.020000000000000000e+02,5.742077440000000000e+09,5.014899261440000000e+11,8.554428815841674805e-01
3.081000000000000000e+03,1.574000000000000000e+03,3.848724719357121415e+01,1.538461538461538547e-01,3.840000000000000000e+02,4.895907840000000000e+08,1.659950202880000000e+11,0.000000000000000000e+00
1.801000000000000000e+03,8.010000000000000000e+02,4.833181503511126920e+01,1.860163329510811370e-01,1.630000000000000000e+02,2.709165312000000000e+09,3.863595909120000000e+11,0.000000000000000000e+00
1.398000000000000000e+03,1.336000000000000000e+03,1.030567076413261560e+02,1.860163329510811370e-01,1.330000000000000000e+02,2.948885760000000000e+09,4.005123194880000000e+11,4.462803006172180176e-01
1.664000000000000000e+03,1.853000000000000000e+03,1.067416743242389714e+02,1.538461538461538547e-01,2.570000000000000000e+02,9.679162880000000000e+08,1.948128542720000000e+11,2.036323845386505127e-01
2.525000000000000000e+03,2.000000000000000000e+02,2.380622590755788792e+01,1.285648693066450132e-01,4.400000000000000000e+02,5.046534400000000000e+08,1.171054264320000000e+11,0.000000000000000000e+00
6.560000000000000000e+02,3.903000000000000000e+03,7.393202235165409775e+01,1.333333333333333315e-01,1.960000000000000000e+02,6.868819840000000000e+08,2.607462809600000000e+11,2.266290783882141113e-02
9.170000000000000000e+02,5.100000000000000000e+01,7.367442807852162900e+01,1.090764867073068245e-01,5.000000000000000000e+00,3.720409907200000000e+10,5.819019034624000000e+12,4.008188247680664062e-01
2.841000000000000000e+03,5.380000000000000000e+02,1.561072284534349421e+02,1.250000000000000000e-01,1.730000000000000000e+02,1.717559808000000000e+09,3.478508666880000000e+11,5.091017484664916992e-02
2.221000000000000000e+03,3.058000000000000000e+03,9.534221812258181217e+01,4.347826086956521618e-02,1.600000000000000000e+01,1.937281843200000000e+10,1.002276192256000000e+12,7.867671847343444824e-01
2.561000000000000000e+03,3.098000000000000000e+03,8.181812142099845175e+01,1.976423537605237202e-01,1.680000000000000000e+02,2.705936384000000000e+09,3.518693048320000000e+11,1.805059164762496948e-01
3.157000000000000000e+03,3.363000000000000000e+03,2.431544765426053232e+02,1.242259987499883256e-01,1.050000000000000000e+02,4.555825664000000000e+09,4.907443159040000000e+11,8.129624128341674805e-01
2.334000000000000000e+03,2.446000000000000000e+03,2.111196518406626126e+02,8.944271909999158832e-02,2.000000000000000000e+01,1.773182566400000000e+10,1.272934170624000000e+12,1.895519137382507324e+00
1.651000000000000000e+03,3.018000000000000000e+03,1.790573967004302460e+02,1.250000000000000000e-01,1.480000000000000000e+02,1.804167296000000000e+09,3.542372515840000000e+11,5.573551058769226074e-01
3.090000000000000000e+03,3.609000000000000000e+03,4.868060977079888971e+02,1.090440572471854941e-01,1.300000000000000000e+01,1.881086976000000000e+10,2.053483003904000000e+12,1.574149370193481445e+00
8.820000000000000000e+02,6.150000000000000000e+02,4.990145564683867860e+02,1.010152544552210818e-01,2.380000000000000000e+02,9.559621760000000000e+08,2.420932280320000000e+11,1.448832303285598755e-01
8.100000000000000000e+02,1.466000000000000000e+03,1.128232846226099326e+02,2.000000000000000111e-01,9.800000000000000000e+01,2.440556544000000000e+09,6.734337146880000000e+11,5.716390162706375122e-02
3.187000000000000000e+03,6.100000000000000000e+01,5.948186003496812191e+01,1.597191412499849861e-01,2.350000000000000000e+02,1.789910528000000000e+09,2.301310566400000000e+11,1.099770516157150269e-01
3.399000000000000000e+03,9.820000000000000000e+02,8.322948769681076442e+01,2.000000000000000111e-01,2.390000000000000000e+02,1.094699904000000000e+09,2.605480509440000000e+11,7.193678617477416992e-02
2.561000000000000000e+03,3.100000000000000000e+03,1.742273963638548366e+02,8.838834764831844659e-02,1.680000000000000000e+02,2.705936384000000000e+09,3.518693048320000000e+11,1.805059164762496948e-01
1.333000000000000000e+03,1.363000000000000000e+03,4.357699792267870720e+01,1.666666666666666574e-01,3.030000000000000000e+02,5.825347200000000000e+08,1.366595338240000000e+11,4.598995298147201538e-02
1.070000000000000000e+03,1.130000000000000000e+02,1.096238689388861900e+02,1.315334104411640948e-01,1.470000000000000000e+02,2.007474560000000000e+09,4.196885790720000000e+11,3.573011159896850586e-01
4.480000000000000000e+02,2.147000000000000000e+03,5.450890509134275419e+01,1.666666666666666574e-01,2.890000000000000000e+02,9.407173120000000000e+08,1.640350187520000000e+11,9.322252869606018066e-02
3.975000000000000000e+03,2.089000000000000000e+03,2.065224812241375787e+02,1.414213562373095034e-01,7.300000000000000000e+01,7.018176512000000000e+09,6.609458298880000000e+11,1.683588624000549316e+00
2.526000000000000000e+03,1.617000000000000000e+03,8.973317070151371411e+01,1.720052290384453675e-01,3.300000000000000000e+02,7.456220800000000000e+08,1.716678328320000000e+11,1.123093739151954651e-01
2.884000000000000000e+03,3.523000000000000000e+03,2.523599612894388997e+02,1.171213948210510919e-01,2.800000000000000000e+01,1.246307840000000000e+10,1.611237163008000000e+12,9.548643231391906738e-01
2.750000000000000000e+02,2.780000000000000000e+02,2.125178104267612582e+02,1.333333333333333315e-01,2.120000000000000000e+02,8.252440960000000000e+08,2.681984286720000000e+11,4.292364716529846191e-01
8.400000000000000000e+02,1.566000000000000000e+03,2.237744888997240267e+01,1.767766952966368932e-01,4.650000000000000000e+02,3.650585600000000000e+08,4.330455040000000000e+10,0.000000000000000000e+00
3.441000000000000000e+03,1.606000000000000000e+03,4.886887445580201188e+02,1.428571428571428492e-01,2.510000000000000000e+02,1.120951680000000000e+09,2.118354042880000000e+11,3.045468330383300781e-01
6.590000000000000000e+02,3.905000000000000000e+03,2.988670986659461803e+01,2.000000000000000111e-01,1.960000000000000000e+02,6.868819840000000000e+08,2.607462809600000000e+11,2.266290783882141113e-02
1.317000000000000000e+03,1.713000000000000000e+03,5.532144133727675239e+01,1.756820922315766309e-01,9.900000000000000000e+01,6.651615232000000000e+09,4.739571056640000000e+11,5.995762534439563751e-03
3.434000000000000000e+03,2.522000000000000000e+03,3.176876021326172008e+02,6.666666666666666574e-02,1.780000000000000000e+02,1.308760320000000000e+09,3.124685045760000000e+11,7.397050857543945312e-01
2.061000000000000000e+03,3.991000000000000000e+03,7.240005312966694362e+01,1.087856586440842377e-01,2.720000000000000000e+02,5.435582080000000000e+08,1.726447943680000000e+11,1.365709211677312851e-02
1.656000000000000000e+03,3.019000000000000000e+03,7.360009700280602374e+01,1.976423537605237202e-01,1.480000000000000000e+02,1.804167296000000000e+09,3.542372515840000000e+11,5.573551058769226074e-01
3.440000000000000000e+03,1.608000000000000000e+03,2.254442524050308805e+02,7.142857142857142461e-02,2.510000000000000000e+02,1.120951680000000000e+09,2.118354042880000000e+11,3.045468330383300781e-01
2.070000000000000000e+03,2.841000000000000000e+03,3.044031230703623692e+02,1.064794274999899953e-01,6.500000000000000000e+01,8.930834432000000000e+09,7.377056563200000000e+11,2.099134683609008789e+00
1.265000000000000000e+03,3.921000000000000000e+03,2.114319106080088773e+02,1.888525745775105347e-01,2.900000000000000000e+01,1.019431731200000000e+10,1.588923858944000000e+12,0.000000000000000000e+00
2.050000000000000000e+02,3.700000000000000000e+02,1.970277606126309422e+02,1.242259987499883256e-01,1.430000000000000000e+02,2.452175616000000000e+09,4.575933235200000000e+11,4.266196489334106445e-01
2.321000000000000000e+03,2.811000000000000000e+03,7.347079316717855590e+01,1.538461538461538547e-01,2.770000000000000000e+02,1.161475328000000000e+09,2.077248389120000000e+11,3.332068398594856262e-02
3.448000000000000000e+03,2.863000000000000000e+03,1.524318102767472567e+02,1.897658566033678385e-01,7.100000000000000000e+01,5.687277568000000000e+09,5.935516876800000000e+11,1.572960972785949707e+00
3.184000000000000000e+03,6.000000000000000000e+01,3.103857634212302514e+02,7.142857142857142461e-02,2.350000000000000000e+02,1.789910528000000000e+09,2.301310566400000000e+11,1.099770516157150269e-01
3.402000000000000000e+03,1.750000000000000000e+03,9.604442385195071097e+01,1.397542485937368628e-01,1.720000000000000000e+02,2.824540416000000000e+09,3.283790069760000000e+11,3.157474398612976074e-01
2.013000000000000000e+03,3.989000000000000000e+03,1.978099490499161277e+02,1.567630989332169100e-01,4.600000000000000000e+01,1.164763852800000000e+10,1.045021261824000000e+12,1.535035371780395508e+00
3.001000000000000000e+03,3.224000000000000000e+03,9.573267964934902352e+01,1.000000000000000056e-01,4.250000000000000000e+02,6.615753600000000000e+08,9.464701747200000000e+10,0.000000000000000000e+00
4.120000000000000000e+02,1.372000000000000000e+03,9.516083754217809201e+02,1.145307118227127940e-01,4.000000000000000000e+00,3.802601062400000000e+10,4.025006424064000000e+12,3.468478620052337646e-01
2.703000000000000000e+03,3.098000000000000000e+03,6.478929739721900205e+01,1.285648693066450132e-01,2.480000000000000000e+02,3.691464960000000000e+08,1.119804948480000000e+11,0.000000000000000000e+00
3.540000000000000000e+02,2.167000000000000000e+03,3.204408879081295254e+02,1.897658566033678385e-01,1.000000000000000000e+00,5.404031385600000000e+10,4.775771897856000000e+12,1.709547489881515503e-01
1.804000000000000000e+03,1.761000000000000000e+03,3.340200368775660422e+01,1.666666666666666574e-01,4.040000000000000000e+02,4.314691200000000000e+08,1.523989217280000000e+11,0.000000000000000000e+00
4.140000000000000000e+02,1.365000000000000000e+03,1.852519536691953590e+02,8.784104611578831545e-02,4.000000000000000000e+00,3.802601062400000000e+10,4.025006424064000000e+12,3.468478620052337646e-01
9.240000000000000000e+02,5.100000000000000000e+01,7.439426379800468681e+01,1.561737618886060719e-01,5.000000000000000000e+00,3.720409907200000000e+10,5.819019034624000000e+12,4.008188247680664062e-01
3.881000000000000000e+03,1.991000000000000000e+03,2.674606981307450155e+02,1.064794274999899953e-01,6.300000000000000000e+01,1.001084723200000000e+10,8.035539353600000000e+11,1.929144382476806641e+00
2.584000000000000000e+03,2.220000000000000000e+02,2.000408970847003616e+02,1.428571428571428492e-01,2.150000000000000000e+02,1.368266624000000000e+09,2.413002588160000000e+11,2.798807621002197266e-01
2.881000000000000000e+03,1.340000000000000000e+02,6.948769093797395158e+01,1.597191412499849861e-01,2.320000000000000000e+02,1.601404544000000000e+09,2.378553425920000000e+11,1.093121021986007690e-01
2.890000000000000000e+03,3.524000000000000000e+03,2.215236663440859104e+02,1.994505484123890171e-01,2.800000000000000000e+01,1.246307840000000000e+10,1.611237163008000000e+12,9.548643231391906738e-01
2.642000000000000000e+03,3.078000000000000000e+03,5.738729833842164680e+02,7.142857142857142461e-02,1.000000000000000000e+01,2.532703436800000000e+10,1.915071758336000000e+12,4.421397686004638672e+00
9.110000000000000000e+02,5.600000000000000000e+01,6.451255425854847658e+01,1.966404328853304795e-01,5.000000000000000000e+00,3.720409907200000000e+10,5.819019034624000000e+12,4.008188247680664062e-01
3.336000000000000000e+03,8.180000000000000000e+02,5.854047435545945177e+01,1.860163329510811370e-01,1.420000000000000000e+02,2.753105152000000000e+09,3.924815380480000000e+11,0.000000000000000000e+00
3.074000000000000000e+03,2.408000000000000000e+03,6.473653599005526758e+02,6.148754619013457184e-02,1.900000000000000000e+01,1.888740147200000000e+10,1.018762625024000000e+12,2.206895589828491211e+00
2.399000000000000000e+03,3.320000000000000000e+02,2.635189149808216484e+02,1.580834852607558572e-01,0.000000000000000000e+00,8.377669222400000000e+10,1.136895144755200000e+13,5.675861835479736328e-01
9.580000000000000000e+02,9.060000000000000000e+02,7.952641729348086130e+01,1.538461538461538547e-01,2.930000000000000000e+02,6.906223360000000000e+08,2.063568076800000000e+11,8.101104944944381714e-02
9.440000000000000000e+02,3.724000000000000000e+03,1.704904968210415177e+02,5.263157894736841813e-02,8.600000000000000000e+01,4.879837696000000000e+09,6.154542776320000000e+11,4.639183580875396729e-01
6.890000000000000000e+02,1.611000000000000000e+03,1.375990782602182207e+02,1.897658566033678385e-01,8.900000000000000000e+01,6.014683136000000000e+09,6.031215820800000000e+11,3.571751117706298828e-01
2.399000000000000000e+03,1.308000000000000000e+03,2.261697731944999532e+02,1.129384878631564115e-01,2.300000000000000000e+01,1.432996761600000000e+10,1.869943144448000000e+12,4.284954965114593506e-01
3.650000000000000000e+03,2.650000000000000000e+02,5.193039099856576968e+01,1.720052290384453675e-01,3.650000000000000000e+02,4.033187520000000000e+08,1.703893893120000000e+11,7.649682229384779930e-04
3.580000000000000000e+02,2.159000000000000000e+03,5.472694991166632690e+02,1.176877882894626220e-01,1.000000000000000000e+00,5.404031385600000000e+10,4.775771897856000000e+12,1.709547489881515503e-01
1.838000000000000000e+03,1.018000000000000000e+03,1.700324771593712398e+02,0.000000000000000000e+00,3.630000000000000000e+02,4.935514240000000000e+08,1.608073379840000000e+11,5.866875499486923218e-02
1.769000000000000000e+03,1.613000000000000000e+03,8.720677951122345917e+01,1.663780661615406053e-01,1.250000000000000000e+02,3.574713600000000000e+09,4.212908687360000000e+11,5.837091803550720215e-01
6.980000000000000000e+02,9.330000000000000000e+02,7.061018335006234281e+01,1.397542485937368628e-01,1.710000000000000000e+02,2.035380352000000000e+09,3.514815283200000000e+11,1.891390979290008545e-01
3.105000000000000000e+03,1.266000000000000000e+03,8.435177727049071450e+01,1.428571428571428492e-01,7.800000000000000000e+01,5.756817408000000000e+09,7.567747317760000000e+11,5.334236100316047668e-02
3.153000000000000000e+03,3.948000000000000000e+03,1.089039283748831508e+02,1.767766952966368932e-01,2.100000000000000000e+02,5.425520640000000000e+08,3.273477652480000000e+11,0.000000000000000000e+00
2.640000000000000000e+03,2.682000000000000000e+03,1.901010704440226391e+02,1.600000000000000033e-01,3.400000000000000000e+01,1.456821657600000000e+10,1.276274671616000000e+12,1.921485066413879395e+00
3.089000000000000000e+03,3.613000000000000000e+03,6.444411546571612917e+02,3.448275862068965469e-02,1.300000000000000000e+01,1.881086976000000000e+10,2.053483003904000000e+12,1.574149370193481445e+00
5.860000000000000000e+02,1.042000000000000000e+03,2.508039920756802132e+01,1.863389981249824745e-01,4.160000000000000000e+02,4.967334080000000000e+08,1.476233134080000000e+11,0.000000000000000000e+00
1.718000000000000000e+03,2.129000000000000000e+03,2.625430059332328483e+02,5.555555555555555247e-02,1.070000000000000000e+02,3.879511552000000000e+09,5.096216330240000000e+11,1.446489691734313965e-01
3.770000000000000000e+03,1.263000000000000000e+03,1.375085818569162655e+02,1.285648693066450132e-01,5.700000000000000000e+01,7.847402496000000000e+09,9.251958292480000000e+11,7.964859604835510254e-01
3.261000000000000000e+03,1.564000000000000000e+03,6.635704679957922281e+01,1.428571428571428492e-01,2.600000000000000000e+02,7.938867200000000000e+08,2.138420510720000000e+11,1.661869138479232788e-01
3.670000000000000000e+03,2.363000000000000000e+03,1.514616842825039384e+02,1.414213562373095034e-01,3.430000000000000000e+02,3.618632640000000000e+08,9.739266457600000000e+10,1.865560002624988556e-02
1.076000000000000000e+03,9.350000000000000000e+02,1.394991231031700636e+02,1.397542485937368628e-01,1.500000000000000000e+02,4.068170240000000000e+09,3.656151859200000000e+11,7.556946277618408203e-01
2.824000000000000000e+03,1.218000000000000000e+03,2.349387834472397287e+02,1.052631578947368363e-01,9.100000000000000000e+01,2.423620608000000000e+09,5.533967974400000000e+11,5.127481222152709961e-01
9.260000000000000000e+02,4.630000000000000000e+02,5.000165799874984600e+02,1.090440572471854941e-01,1.500000000000000000e+01,1.594162892800000000e+10,2.064746414080000000e+12,2.757654666900634766e+00
1.071000000000000000e+03,2.710000000000000000e+03,5.311642632457723323e+01,1.863389981249824745e-01,3.680000000000000000e+02,6.087105920000000000e+08,1.541392302080000000e+11,0.000000000000000000e+00
2.503000000000000000e+03,7.370000000000000000e+02,4.980071154474787818e+02,1.397542485937368628e-01,1.120000000000000000e+02,1.174737792000000000e+09,3.528273428480000000e+11,2.373855710029602051e-01
3.292000000000000000e+03,1.550000000000000000e+03,8.371215043998100214e+01,1.578947368421052544e-01,1.000000000000000000e+02,5.067320320000000000e+09,6.003260784640000000e+11,0.000000000000000000e+00
1.688000000000000000e+03,2.255000000000000000e+03,4.655582345833691988e+02,9.744733176929699925e-02,3.000000000000000000e+00,5.031784038400000000e+10,4.124430041088000000e+12,3.194062948226928711e+00
2.397000000000000000e+03,3.380000000000000000e+02,2.810496456994972050e+02,1.807753815155468124e-01,0.000000000000000000e+00,8.377669222400000000e+10,1.136895144755200000e+13,5.675861835479736328e-01
1.964000000000000000e+03,3.823000000000000000e+03,2.987965849678786512e+01,1.178511301977579334e-01,3.920000000000000000e+02,8.194494720000000000e+08,1.469327114240000000e+11,0.000000000000000000e+00
2.226000000000000000e+03,3.060000000000000000e+03,6.716593108140160950e+01,1.944406936956339094e-01,1.600000000000000000e+01,1.937281843200000000e+10,1.002276192256000000e+12,7.867671847343444824e-01
9.150000000000000000e+02,3.900000000000000000e+03,5.420259972702626072e+01,1.863389981249824745e-01,3.870000000000000000e+02,4.096056000000000000e+08,1.313549352960000000e+11,3.222843259572982788e-02
2.396000000000000000e+03,3.330000000000000000e+02,3.027387235112551025e+02,1.055914668065588979e-01,0.000000000000000000e+00,8.377669222400000000e+10,1.136895144755200000e+13,5.675861835479736328e-01
3.451000000000000000e+03,2.859000000000000000e+03,8.649918085547549254e+02,7.443229275647869625e-02,7.100000000000000000e+01,5.687277568000000000e+09,5.935516876800000000e+11,1.572960972785949707e+00
3.204000000000000000e+03,3.799000000000000000e+03,1.336139699239999175e+02,1.788854381999831766e-01,3.600000000000000000e+01,1.181075353600000000e+10,1.269782806528000000e+12,8.137409687042236328e-01
2.582000000000000000e+03,8.390000000000000000e+02,2.560452110275383006e+02,1.153846153846153910e-01,2.600000000000000000e+01,1.537867468800000000e+10,1.513454567424000000e+12,1.694393157958984375e+00
3.019000000000000000e+03,5.640000000000000000e+02,2.413231908430501278e+02,1.052631578947368363e-01,8.300000000000000000e+01,7.333322752000000000e+09,5.761101987840000000e+11,1.337852120399475098e+00
8.670000000000000000e+02,1.862000000000000000e+03,1.457522994732241095e+01,0.000000000000000000e+00,4.270000000000000000e+02,1.846053888000000000e+09,1.046260449280000000e+11,0.000000000000000000e+00
1.082000000000000000e+03,3.520000000000000000e+02,7.379099769624713190e+01,8.333333333333332871e-02,4.070000000000000000e+02,3.171887040000000000e+08,1.305641451520000000e+11,2.433669194579124451e-02
1.360000000000000000e+02,3.249000000000000000e+03,1.846365662201372970e+02,1.923076923076923184e-01,3.200000000000000000e+01,1.154737459200000000e+10,1.562261454848000000e+12,8.456335663795471191e-01
1.002000000000000000e+03,1.278000000000000000e+03,6.682825840728378353e+01,1.490711984999859852e-01,1.670000000000000000e+02,3.089423872000000000e+09,3.143499120640000000e+11,1.613117009401321411e-01
3.046000000000000000e+03,2.117000000000000000e+03,1.241981959052746731e+02,1.490711984999859852e-01,2.260000000000000000e+02,8.671203200000000000e+08,2.691497000960000000e+11,1.005310472100973129e-02
8.790000000000000000e+02,1.445000000000000000e+03,2.220110519853197104e+02,6.250000000000000000e-02,1.570000000000000000e+02,1.279842816000000000e+09,3.484008775680000000e+11,2.002031058073043823e-01
2.611000000000000000e+03,1.000000000000000000e+00,6.183077460286699534e+02,7.741436909393950572e-02,1.400000000000000000e+01,2.786027520000000000e+10,1.979431518208000000e+12,3.603759050369262695e+00
2.412000000000000000e+03,2.629000000000000000e+03,2.325670374433741827e+01,2.000000000000000111e-01,4.580000000000000000e+02,4.371222720000000000e+08,9.059487744000000000e+10,0.000000000000000000e+00
1.873000000000000000e+03,1.482000000000000000e+03,3.118810566466267886e+01,1.538461538461538547e-01,3.250000000000000000e+02,1.419664384000000000e+09,1.944436572160000000e+11,0.000000000000000000e+00
3.266000000000000000e+03,2.767000000000000000e+03,2.183076457102362724e+02,1.317615691736824801e-01,3.800000000000000000e+01,6.768592384000000000e+09,1.212657696768000000e+12,3.731330037117004395e-01
2.848000000000000000e+03,3.985000000000000000e+03,7.392331211315512292e+02,6.734350297014739251e-02,2.000000000000000000e+00,5.628931686400000000e+10,6.278159532032000000e+12,7.123951315879821777e-01
3.431000000000000000e+03,1.226000000000000000e+03,9.603691712453624518e+01,5.882352941176470507e-02,1.130000000000000000e+02,2.657031680000000000e+09,3.958027059200000000e+11,1.962056942284107208e-02
2.778000000000000000e+03,3.284000000000000000e+03,2.241180026272273551e+02,4.761904761904761640e-02,6.200000000000000000e+01,7.472852480000000000e+09,7.617833861120000000e+11,6.833025813102722168e-01
2.014000000000000000e+03,3.986000000000000000e+03,2.538629644605606757e+02,1.304347826086956486e-01,4.600000000000000000e+01,1.164763852800000000e+10,1.045021261824000000e+12,1.535035371780395508e+00
2.253000000000000000e+03,1.117000000000000000e+03,2.909852449063247377e+02,1.335389361282958987e-01,2.500000000000000000e+01,1.306004275200000000e+10,1.702466420736000000e+12,0.000000000000000000e+00
3.441000000000000000e+03,5.080000000000000000e+02,1.684755444483130304e+02,7.071067811865475172e-02,6.000000000000000000e+01,5.884199936000000000e+09,6.306729164800000000e+11,1.673907041549682617e-01
1.819000000000000000e+03,1.055000000000000000e+03,2.660803757256778681e+02,1.052631578947368363e-01,1.060000000000000000e+02,2.685982464000000000e+09,6.262559211520000000e+11,8.711945414543151855e-01
3.146000000000000000e+03,1.860000000000000000e+02,2.376846713497421959e+01,1.720052290384453675e-01,2.740000000000000000e+02,5.935837440000000000e+08,2.015773655040000000e+11,0.000000000000000000e+00
2.665000000000000000e+03,1.243000000000000000e+03,1.117519024243282644e+02,1.597191412499849861e-01,2.410000000000000000e+02,9.002864000000000000e+08,2.354374901760000000e+11,1.508988533169031143e-02
1.790000000000000000e+02,2.690000000000000000e+03,1.850445523283491696e+02,1.111111111111111049e-01,1.180000000000000000e+02,2.033851904000000000e+09,4.885573795840000000e+11,6.876211613416671753e-02
9.440000000000000000e+02,3.725000000000000000e+03,1.378995490145312601e+02,1.052631578947368363e-01,8.600000000000000000e+01,4.879837696000000000e+09,6.154542776320000000e+11,4.639183580875396729e-01
2.392000000000000000e+03,2.539000000000000000e+03,1.037542845275729775e+02,1.505846504842085487e-01,3.000000000000000000e+01,1.280711270400000000e+10,8.244191559680000000e+11,2.003521442413330078e+00
9.160000000000000000e+02,6.000000000000000000e+01,9.190310686526029826e+01,1.422183388986658636e-01,5.000000000000000000e+00,3.720409907200000000e+10,5.819019034624000000e+12,4.008188247680664062e-01
2.022000000000000000e+03,7.820000000000000000e+02,1.653902580448494177e+02,1.428571428571428492e-01,6.800000000000000000e+01,5.959005184000000000e+09,8.359626014720000000e+11,1.076989397406578064e-01
2.841000000000000000e+03,3.982000000000000000e+03,3.793432033806802224e+02,1.683587574253684604e-01,2.000000000000000000e+00,5.628931686400000000e+10,6.278159532032000000e+12,7.123951315879821777e-01
1.741000000000000000e+03,2.681000000000000000e+03,1.900554686320135716e+02,1.178511301977579334e-01,3.550000000000000000e+02,3.566433600000000000e+08,1.543529267200000000e+11,2.777648903429508209e-02
2.188000000000000000e+03,3.459000000000000000e+03,6.907850699339459766e+01,9.090909090909091161e-02,4.310000000000000000e+02,3.374096960000000000e+08,1.153168834560000000e+11,3.018159186467528343e-03
2.512000000000000000e+03,4.290000000000000000e+02,1.446977931900372312e+02,1.176470588235294101e-01,8.700000000000000000e+01,2.918684928000000000e+09,4.349424435200000000e+11,4.410782754421234131e-01
2.249000000000000000e+03,1.342000000000000000e+03,1.625995556625314862e+02,1.874138920735300140e-01,6.900000000000000000e+01,6.535744512000000000e+09,8.611923230720000000e+11,9.509965181350708008e-01
3.781000000000000000e+03,1.086000000000000000e+03,3.300505508177256786e+01,1.863389981249824745e-01,3.810000000000000000e+02,7.137031040000000000e+08,1.453547028480000000e+11,0.000000000000000000e+00
3.774000000000000000e+03,1.261000000000000000e+03,1.979707138414707401e+02,9.090909090909091161e-02,5.700000000000000000e+01,7.847402496000000000e+09,9.251958292480000000e+11,7.964859604835510254e-01
5.220000000000000000e+02,1.419000000000000000e+03,7.672624303695759806e+01,1.863389981249824745e-01,1.750000000000000000e+02,8.884802560000000000e+08,1.496278794240000000e+11,0.000000000000000000e+00
2.840000000000000000e+03,3.990000000000000000e+03,4.904739864054217264e+02,1.597191412499849861e-01,2.000000000000000000e+00,5.628931686400000000e+10,6.278159532032000000e+12,7.123951315879821777e-01
2.178000000000000000e+03,9.390000000000000000e+02,3.396867108416978454e+02,1.720052290384453675e-01,3.170000000000000000e+02,5.759249280000000000e+08,1.705074032640000000e+11,2.754274010658264160e-01
2.175000000000000000e+03,1.110000000000000000e+02,4.012111168625214077e+02,9.316949906249123725e-02,3.900000000000000000e+01,1.259311308800000000e+10,1.231577808896000000e+12,2.042043924331665039e+00
8.480000000000000000e+02,2.147000000000000000e+03,4.773283568798806442e+01,8.333333333333332871e-02,3.610000000000000000e+02,8.923841920000000000e+08,1.541818122240000000e+11,2.977113984525203705e-02
5.810000000000000000e+02,8.140000000000000000e+02,1.884824385473407915e+02,1.490711984999859852e-01,2.180000000000000000e+02,1.156192128000000000e+09,2.753976401920000000e+11,2.849904596805572510e-01
3.160000000000000000e+03,9.010000000000000000e+02,3.186556748493604232e+02,1.437398936440172637e-01,5.800000000000000000e+01,1.094278246400000000e+10,8.453797314560000000e+11,1.849814414978027344e+00
2.175000000000000000e+03,1.140000000000000000e+02,4.845545738541632090e+02,5.892556509887896671e-02,3.900000000000000000e+01,1.259311308800000000e+10,1.231577808896000000e+12,2.042043924331665039e+00
1.610000000000000000e+03,2.952000000000000000e+03,1.267392039094502252e+02,1.874138920735300140e-01,6.400000000000000000e+01,6.949873664000000000e+09,8.574791843840000000e+11,4.483140707015991211e-01
3.699000000000000000e+03,1.377000000000000000e+03,9.825175525142077504e+01,1.315334104411640948e-01,1.310000000000000000e+02,4.386468352000000000e+09,4.360631746560000000e+11,1.910982578992843628e-01
2.849000000000000000e+03,3.985000000000000000e+03,6.828818128538141536e+02,8.584645893961878604e-02,2.000000000000000000e+00,5.628931686400000000e+10,6.278159532032000000e+12,7.123951315879821777e-01
2.043000000000000000e+03,3.782000000000000000e+03,5.792187867363361420e+01,1.720052290384453675e-01,3.280000000000000000e+02,9.917941760000000000e+08,1.777407426560000000e+11,2.566045336425304413e-02
1.979000000000000000e+03,1.503000000000000000e+03,2.311229405268305186e+02,1.176470588235294101e-01,1.350000000000000000e+02,2.493312768000000000e+09,4.014708817920000000e+11,4.813774675130844116e-02
3.130000000000000000e+03,2.698000000000000000e+03,4.554510635952239994e+01,0.000000000000000000e+00,3.150000000000000000e+02,5.062053120000000000e+08,1.108951203840000000e+11,0.000000000000000000e+00
1.470000000000000000e+02,1.416000000000000000e+03,1.126833720399805685e+02,1.315334104411640948e-01,1.360000000000000000e+02,2.809626368000000000e+09,3.971332505600000000e+11,3.292922303080558777e-02
2.164000000000000000e+03,3.682000000000000000e+03,2.700939811712547822e+01,2.000000000000000111e-01,4.560000000000000000e+02,3.424396800000000000e+08,8.504325734400000000e+10,0.000000000000000000e+00
2.175000000000000000e+03,1.170000000000000000e+02,2.119013980808628048e+02,1.717960677340691911e-01,3.900000000000000000e+01,1.259311308800000000e+10,1.231577808896000000e+12,2.042043924331665039e+00
3.620000000000000000e+03,3.415000000000000000e+03,1.499887147688880020e+02,1.767766952966368654e-01,4.200000000000000000e+01,1.222075596800000000e+10,1.233799348224000000e+12,5.440852642059326172e-01
2.500000000000000000e+01,1.897000000000000000e+03,1.171734338284174157e+02,2.000000000000000111e-01,7.600000000000000000e+01,4.705384448000000000e+09,6.982864732160000000e+11,2.036401629447937012e-01
2.775000000000000000e+03,3.250000000000000000e+02,4.634651356293471736e+01,1.397542485937368628e-01,1.790000000000000000e+02,1.828806528000000000e+09,3.402233610240000000e+11,0.000000000000000000e+00
2.462000000000000000e+03,3.120000000000000000e+03,2.440132034583491532e+02,1.414213562373095034e-01,1.200000000000000000e+01,2.284425011200000000e+10,2.239901466624000000e+12,3.446404933929443359e+00
1.266000000000000000e+03,3.928000000000000000e+03,2.483876589992318600e+02,1.047565601757848297e-01,2.900000000000000000e+01,1.019431731200000000e+10,1.588923858944000000e+12,0.000000000000000000e+00
1.493000000000000000e+03,2.858000000000000000e+03,1.364185055914097688e+02,1.597191412499849861e-01,2.170000000000000000e+02,7.817744640000000000e+08,2.485457551360000000e+11,1.256426051259040833e-02
2.614000000000000000e+03,3.998000000000000000e+03,5.479037813063309841e+02,7.710579232757895640e-02,1.400000000000000000e+01,2.786027520000000000e+10,1.979431518208000000e+12,3.603759050369262695e+00
2.211000000000000000e+03,3.704000000000000000e+03,1.611800078794082083e+02,1.764705882352941291e-01,1.260000000000000000e+02,1.674342144000000000e+09,3.931353251840000000e+11,3.196120858192443848e-01
3.522000000000000000e+03,1.288000000000000000e+03,2.870721584288891108e+02,1.333333333333333315e-01,2.160000000000000000e+02,1.614228096000000000e+09,2.714947584000000000e+11,1.289268881082534790e-01
1.458000000000000000e+03,2.893000000000000000e+03,1.886098416902013639e+02,1.333333333333333315e-01,1.840000000000000000e+02,1.714928000000000000e+09,2.984463237120000000e+11,5.607335567474365234e-01
1.700000000000000000e+03,1.996000000000000000e+03,1.006291145161006000e+02,1.087856586440842377e-01,3.390000000000000000e+02,4.733577920000000000e+08,1.675546787840000000e+11,1.828818209469318390e-02
9.260000000000000000e+02,4.650000000000000000e+02,7.226795063054634056e+02,4.876598490941707470e-02,1.500000000000000000e+01,1.594162892800000000e+10,2.064746414080000000e+12,2.757654666900634766e+00
1.151000000000000000e+03,1.352000000000000000e+03,1.048659683842958117e+02,1.414213562373095034e-01,4.550000000000000000e+02,3.336193920000000000e+08,7.329398784000000000e+10,0.000000000000000000e+00
1.844000000000000000e+03,3.662000000000000000e+03,5.092803941531015965e+01,1.767766952966368932e-01,1.970000000000000000e+02,1.901484416000000000e+09,3.233736294400000000e+11,5.048052407801151276e-03
3.659000000000000000e+03,4.590000000000000000e+02,1.995273371697207949e+02,1.505846504842085487e-01,6.600000000000000000e+01,7.834381824000000000e+09,8.073894297600000000e+11,1.438179731369018555e+00
1.280000000000000000e+02,2.330000000000000000e+03,2.813409140480576980e+02,1.216260638526299870e-01,1.800000000000000000e+01,1.490262937600000000e+10,1.419475419136000000e+12,1.013386368751525879e+00
3.691000000000000000e+03,1.570000000000000000e+02,9.783544997437249435e+01,5.263157894736841813e-02,9.600000000000000000e+01,5.135301632000000000e+09,6.143458672640000000e+11,2.233735471963882446e-01
1.674000000000000000e+03,2.888000000000000000e+03,9.528549846298517423e+01,1.863389981249824745e-01,3.820000000000000000e+02,3.255584320000000000e+08,1.482432184320000000e+11,7.576674968004226685e-02
1.715000000000000000e+03,2.131000000000000000e+03,1.029065621907475787e+02,1.756820922315766309e-01,1.070000000000000000e+02,3.879511552000000000e+09,5.096216330240000000e+11,1.446489691734313965e-01
2.809000000000000000e+03,3.783000000000000000e+03,4.161540908850933533e+02,1.597191412499849861e-01,2.140000000000000000e+02,1.683058048000000000e+09,2.561943306240000000e+11,1.267226338386535645e-01
2.020000000000000000e+02,3.740000000000000000e+02,8.104338424385490214e+01,1.571348402636772446e-01,1.430000000000000000e+02,2.452175616000000000e+09,4.575933235200000000e+11,4.266196489334106445e-01
3.221000000000000000e+03,2.254000000000000000e+03,2.217933888136396661e+02,7.071067811865475172e-02,8.400000000000000000e+01,5.299633664000000000e+09,6.581860433920000000e+11,6.692118048667907715e-01
3.268000000000000000e+03,3.287000000000000000e+03,2.890296416937532058e+02,1.940340678009954134e-01,6.000000000000000000e+00,2.321462886400000000e+10,3.045936857088000000e+12,4.250588417053222656e+00
3.106000000000000000e+03,3.174000000000000000e+03,8.834616781806607833e+01,7.692307692307692735e-02,1.580000000000000000e+02,1.341931904000000000e+09,1.860513300480000000e+11,3.629177063703536987e-02
3.819000000000000000e+03,1.659000000000000000e+03,1.717423931907240728e+02,1.538461538461538547e-01,2.030000000000000000e+02,5.756777600000000000e+08,1.941480734720000000e+11,9.870987385511398315e-02
5.590000000000000000e+02,2.109000000000000000e+03,1.026066800718525371e+02,1.664356663246515655e-01,9.000000000000000000e+01,3.911753472000000000e+09,5.539202990080000000e+11,2.956744432449340820e-01
3.555000000000000000e+03,1.402000000000000000e+03,8.808637102096466265e+01,1.976423537605237202e-01,1.390000000000000000e+02,3.034572544000000000e+09,3.687495434240000000e+11,3.046059608459472656e-01
3.454000000000000000e+03,1.417000000000000000e+03,8.386071606043792315e+01,1.176470588235294101e-01,1.370000000000000000e+02,2.813895936000000000e+09,4.221787832320000000e+11,2.725269179791212082e-03
2.210000000000000000e+03,3.232000000000000000e+03,4.619362340977502157e+01,1.818181818181818232e-01,2.690000000000000000e+02,5.361289600000000000e+08,1.255496990720000000e+11,8.778040297329425812e-03
1.623000000000000000e+03,5.600000000000000000e+01,2.211876023635835224e+02,1.242259987499883256e-01,1.020000000000000000e+02,5.742077440000000000e+09,5.014899261440000000e+11,8.554428815841674805e-01
3.520000000000000000e+02,3.396000000000000000e+03,7.998742408838977553e+02,5.000000000000000278e-02,8.200000000000000000e+01,6.290100736000000000e+09,6.371417128960000000e+11,2.918904721736907959e-01
2.570000000000000000e+02,1.293000000000000000e+03,2.627256225021321967e+01,7.692307692307692735e-02,2.610000000000000000e+02,1.680964992000000000e+09,2.036213514240000000e+11,0.000000000000000000e+00
2.970000000000000000e+03,3.713000000000000000e+03,1.691196298618403659e+02,1.571348402636772446e-01,1.090000000000000000e+02,4.211948288000000000e+09,4.665582878720000000e+11,9.797154068946838379e-01
2.825000000000000000e+03,1.220000000000000000e+03,1.676533442358228854e+02,1.176877882894626220e-01,9.100000000000000000e+01,2.423620608000000000e+09,5.533967974400000000e+11,5.127481222152709961e-01
2.553000000000000000e+03,2.764000000000000000e+03,6.115611184577043957e+01,1.000000000000000056e-01,4.410000000000000000e+02,3.312706880000000000e+08,9.440138854400000000e+10,5.458363331854343414e-03
3.148000000000000000e+03,3.949000000000000000e+03,5.216525044379216070e+01,1.976423537605237202e-01,2.100000000000000000e+02,5.425520640000000000e+08,3.273477652480000000e+11,0.000000000000000000e+00
1.722000000000000000e+03,2.294000000000000000e+03,1.164921249365384597e+02,1.087856586440842377e-01,3.090000000000000000e+02,5.701532160000000000e+08,1.980960112640000000e+11,5.738828913308680058e-04
2.390000000000000000e+03,3.210000000000000000e+02,3.569576475604366124e+02,1.970563847278605785e-01,0.000000000000000000e+00,8.377669222400000000e+10,1.136895144755200000e+13,5.675861835479736328e-01
2.337000000000000000e+03,2.447000000000000000e+03,4.130971991294838404e+02,8.944271909999158832e-02,2.000000000000000000e+01,1.773182566400000000e+10,1.272934170624000000e+12,1.895519137382507324e+00
2.387000000000000000e+03,2.542000000000000000e+03,1.295003176356127028e+02,1.346870059402947850e-01,3.000000000000000000e+01,1.280711270400000000e+10,8.244191559680000000e+11,2.003521442413330078e+00
5.870000000000000000e+02,1.042000000000000000e+03,2.822479775557553694e+01,1.178511301977579334e-01,4.160000000000000000e+02,4.967334080000000000e+08,1.476233134080000000e+11,0.000000000000000000e+00
3.618000000000000000e+03,3.411000000000000000e+03,5.561652861539680544e+02,5.892556509887896671e-02,4.200000000000000000e+01,1.222075596800000000e+10,1.233799348224000000e+12,5.440852642059326172e-01
3.478000000000000000e+03,1.265000000000000000e+03,1.078619443339272124e+02,1.720052290384453675e-01,2.760000000000000000e+02,4.420058240000000000e+08,1.852306554880000000e+11,4.506601393222808838e-02
2.097000000000000000e+03,3.834000000000000000e+03,3.604266734192161721e+02,1.666666666666666574e-01,1.240000000000000000e+02,4.820801024000000000e+09,4.914155356160000000e+11,8.609086275100708008e-02
3.278000000000000000e+03,3.293000000000000000e+03,1.810781647642424161e+02,1.843261372817642241e-01,6.000000000000000000e+00,2.321462886400000000e+10,3.045936857088000000e+12,4.250588417053222656e+00
1.260000000000000000e+03,3.927000000000000000e+03,1.997505461381944372e+02,1.527076157636170495e-01,2.900000000000000000e+01,1.019431731200000000e+10,1.588923858944000000e+12,0.000000000000000000e+00
2.968000000000000000e+03,3.716000000000000000e+03,6.600614003801000536e+02,5.555555555555555247e-02,1.090000000000000000e+02,4.211948288000000000e+09,4.665582878720000000e+11,9.797154068946838379e-01
1.313000000000000000e+03,1.715000000000000000e+03,6.296879568981304232e+01,1.756820922315766309e-01,9.900000000000000000e+01,6.651615232000000000e+09,4.739571056640000000e+11,5.995762534439563751e-03
3.372000000000000000e+03,2.983000000000000000e+03,5.843718182109790149e+01,1.863389981249824745e-01,3.950000000000000000e+02,4.555417600000000000e+08,1.569063075840000000e+11,2.446600701659917831e-03
1.719000000000000000e+03,1.659000000000000000e+03,1.467407619094371114e+02,1.317615691736824801e-01,1.700000000000000000e+01,1.223959859200000000e+10,1.187346776064000000e+12,2.400017738342285156e+00
8.540000000000000000e+02,2.067000000000000000e+03,2.175916961577492259e+02,1.717960677340691911e-01,4.500000000000000000e+01,1.243060633600000000e+10,1.139536691200000000e+12,6.545064449310302734e-01
2.245000000000000000e+03,5.820000000000000000e+02,2.943482655549010119e+01,1.414213562373095034e-01,4.570000000000000000e+02,3.330442240000000000e+08,7.997295001600000000e+10,0.000000000000000000e+00
3.769000000000000000e+03,1.259000000000000000e+03,1.399135811839745145e+02,1.638886943392722229e-01,5.700000000000000000e+01,7.847402496000000000e+09,9.251958292480000000e+11,7.964859604835510254e-01
3.100000000000000000e+03,3.430000000000000000e+02,7.282384618016590139e+01,1.571348402636772446e-01,1.200000000000000000e+02,1.610145920000000000e+09,4.548143677440000000e+11,8.406070992350578308e-03
1.880000000000000000e+03,2.011000000000000000e+03,1.435351871780481190e+02,1.178511301977579334e-01,3.740000000000000000e+02,4.893059200000000000e+08,1.374361190400000000e+11,2.621973305940628052e-02
1.138000000000000000e+03,3.897000000000000000e+03,2.471202538017874417e+02,1.767766952966368932e-01,8.000000000000000000e+00,2.140511027200000000e+10,2.705576689664000000e+12,6.908459067344665527e-01
3.441000000000000000e+03,5.070000000000000000e+02,2.022301965350977753e+02,5.000000000000000278e-02,6.000000000000000000e+01,5.884199936000000000e+09,6.306729164800000000e+11,1.673907041549682617e-01
1.491000000000000000e+03,1.420000000000000000e+03,8.127385013334526320e+01,1.756820922315766309e-01,1.150000000000000000e+02,4.847934976000000000e+09,5.071829401600000000e+11,1.144441142678260803e-01
3.817000000000000000e+03,3.600000000000000000e+02,9.340757146406572531e+01,1.490711984999859852e-01,1.810000000000000000e+02,1.792154496000000000e+09,2.964711014400000000e+11,1.341915279626846313e-01
2.470000000000000000e+03,2.293000000000000000e+03,1.112469606474000869e+02,1.315334104411640948e-01,1.400000000000000000e+02,3.021581056000000000e+09,3.996486205440000000e+11,7.970087528228759766e-01
9.300000000000000000e+02,4.670000000000000000e+02,1.875598504572586762e+02,1.758282590894063580e-01,1.500000000000000000e+01,1.594162892800000000e+10,2.064746414080000000e+12,2.757654666900634766e+00
1.608000000000000000e+03,2.955000000000000000e+03,1.082276564962390069e+02,1.437398936440172637e-01,6.400000000000000000e+01,6.949873664000000000e+09,8.574791843840000000e+11,4.483140707015991211e-01
3.570000000000000000e+03,2.251000000000000000e+03,6.019317590751552416e+01,1.490711984999859852e-01,1.920000000000000000e+02,1.446137088000000000e+09,2.728833187840000000e+11,3.441790491342544556e-02
3.259000000000000000e+03,1.562000000000000000e+03,1.015030287448041264e+02,1.428571428571428492e-01,2.600000000000000000e+02,7.938867200000000000e+08,2.138420510720000000e+11,1.661869138479232788e-01
3.196000000000000000e+03,3.800000000000000000e+03,1.733337556176553278e+02,1.649242250247064112e-01,3.600000000000000000e+01,1.181075353600000000e+10,1.269782806528000000e+12,8.137409687042236328e-01
2.396000000000000000e+03,9.180000000000000000e+02,8.848941155912405065e+01,1.250000000000000000e-01,1.620000000000000000e+02,2.895883776000000000e+09,3.341555793920000000e+11,2.132596969604492188e-01
4.320000000000000000e+02,1.016000000000000000e+03,4.083108638608101870e+01,8.333333333333332871e-02,3.480000000000000000e+02,8.024995200000000000e+08,1.582646231040000000e+11,0.000000000000000000e+00
2.384000000000000000e+03,1.725000000000000000e+03,1.042363674893475718e+02,1.666666666666666574e-01,1.300000000000000000e+02,3.632104192000000000e+09,4.624581591040000000e+11,1.768329180777072906e-02
2.208000000000000000e+03,3.080000000000000000e+03,4.514276134092381199e+01,1.863389981249824745e-01,4.110000000000000000e+02,5.890845440000000000e+08,1.313791836160000000e+11,0.000000000000000000e+00
2.009000000000000000e+03,3.984000000000000000e+03,2.875733183366987191e+02,1.229750923802691437e-01,4.600000000000000000e+01,1.164763852800000000e+10,1.045021261824000000e+12,1.535035371780395508e+00
2.641000000000000000e+03,3.082000000000000000e+03,2.531668861388017717e+02,1.785714285714285754e-01,1.000000000000000000e+01,2.532703436800000000e+10,1.915071758336000000e+12,4.421397686004638672e+00
7.270000000000000000e+02,2.566000000000000000e+03,1.295478528616805249e+02,7.692307692307692735e-02,3.530000000000000000e+02,5.401441920000000000e+08,1.662799708160000000e+11,2.892997302114963531e-02
1.938000000000000000e+03,2.850000000000000000e+02,4.478735325522480792e+01,1.666666666666666574e-01,3.670000000000000000e+02,5.155913600000000000e+08,1.472662405120000000e+11,1.946306824684143066e-01
1.425000000000000000e+03,1.333000000000000000e+03,1.113514019811453579e+02,9.090909090909091161e-02,4.030000000000000000e+02,4.246495360000000000e+08,1.182183669760000000e+11,9.890734218060970306e-03
1.628000000000000000e+03,2.884000000000000000e+03,2.803663902063787816e+01,1.863389981249824745e-01,3.380000000000000000e+02,6.394778880000000000e+08,1.540701716480000000e+11,3.700610995292663574e-02
1.266000000000000000e+03,3.923000000000000000e+03,2.848618233346750230e+02,1.335389361282958987e-01,2.900000000000000000e+01,1.019431731200000000e+10,1.588923858944000000e+12,0.000000000000000000e+00
2.022000000000000000e+03,7.830000000000000000e+02,1.340642969609424711e+02,1.505846504842085487e-01,6.800000000000000000e+01,5.959005184000000000e+09,8.359626014720000000e+11,1.076989397406578064e-01
3.550000000000000000e+02,3.399000000000000000e+03,1.107932558939280057e+02,1.802775637731994507e-01,8.200000000000000000e+01,6.290100736000000000e+09,6.371417128960000000e+11,2.918904721736907959e-01
9.130000000000000000e+02,5.900000000000000000e+01,6.266586657052101828e+01,1.758805500226336138e-01,5.000000000000000000e+00,3.720409907200000000e+10,5.819019034624000000e+12,4.008188247680664062e-01
3.570000000000000000e+02,2.160000000000000000e+03,5.113705207521983311e+02,1.116484391347180166e-01,1.000000000000000000e+00,5.404031385600000000e+10,4.775771897856000000e+12,1.709547489881515503e-01
3.170000000000000000e+03,2.674000000000000000e+03,4.827514990745059009e+01,6.666666666666666574e-02,2.420000000000000000e+02,1.493960832000000000e+09,2.710832906240000000e+11,0.000000000000000000e+00
3.801000000000000000e+03,1.810000000000000000e+03,8.007371452367276277e+01,8.333333333333332871e-02,3.600000000000000000e+02,4.927905280000000000e+08,1.491798589440000000e+11,1.549787935800850391e-03
4.130000000000000000e+02,1.370000000000000000e+03,1.726208894580902609e+02,5.555555555555555247e-02,4.000000000000000000e+00,3.802601062400000000e+10,4.025006424064000000e+12,3.468478620052337646e-01
2.819000000000000000e+03,1.290000000000000000e+03,5.500180337066970537e+01,1.111111111111111049e-01,3.180000000000000000e+02,5.085496640000000000e+08,5.448243200000000000e+10,1.716505968943238258e-03
3.545000000000000000e+03,2.478000000000000000e+03,1.555952919890798682e+02,1.442220510185595606e-01,4.000000000000000000e+01,9.953271808000000000e+09,1.281303117824000000e+12,1.119234338402748108e-01
2.029000000000000000e+03,3.373000000000000000e+03,1.010284818506268039e+02,1.242259987499883256e-01,9.700000000000000000e+01,4.802887680000000000e+09,5.289786736640000000e+11,4.203024804592132568e-01
5.580000000000000000e+02,8.090000000000000000e+02,1.063788972681944216e+02,1.538461538461538547e-01,3.110000000000000000e+02,7.146896000000000000e+08,1.657005015040000000e+11,2.138228267431259155e-01
1.054000000000000000e+03,6.690000000000000000e+02,4.897818232260917171e+01,1.597191412499849861e-01,2.450000000000000000e+02,1.805912064000000000e+09,2.084656250880000000e+11,0.000000000000000000e+00
3.292000000000000000e+03,2.276000000000000000e+03,9.218759631308725488e+01,7.692307692307692735e-02,3.070000000000000000e+02,6.678266880000000000e+08,1.812894842880000000e+11,0.000000000000000000e+00
3.276000000000000000e+03,3.292000000000000000e+03,2.644152366065659976e+02,1.212121212121212155e-01,6.000000000000000000e+00,2.321462886400000000e+10,3.045936857088000000e+12,4.250588417053222656e+00
2.522000000000000000e+03,2.010000000000000000e+02,3.008415195656942842e+01,1.818181818181818232e-01,4.400000000000000000e+02,5.046534400000000000e+08,1.171054264320000000e+11,0.000000000000000000e+00
3.477000000000000000e+03,1.269000000000000000e+03,5.908223127638697036e+01,1.538461538461538547e-01,2.760000000000000000e+02,4.420058240000000000e+08,1.852306554880000000e+11,4.506601393222808838e-02
1.267000000000000000e+03,3.926000000000000000e+03,2.664790253695244360e+02,1.111111111111111049e-01,2.900000000000000000e+01,1.019431731200000000e+10,1.588923858944000000e+12,0.000000000000000000e+00
5.890000000000000000e+02,4.240000000000000000e+02,3.207689167124775764e+01,1.720052290384453675e-01,2.800000000000000000e+02,1.458594432000000000e+09,2.066967920640000000e+11,0.000000000000000000e+00
2.270000000000000000e+02,2.268000000000000000e+03,8.786345611495126207e+01,1.666666666666666574e-01,1.890000000000000000e+02,6.899516160000000000e+08,1.638439321600000000e+11,5.699497461318969727e-02
3.454000000000000000e+03,1.419000000000000000e+03,6.921137318687655693e+01,1.663780661615406053e-01,1.370000000000000000e+02,2.813895936000000000e+09,4.221787832320000000e+11,2.725269179791212082e-03
1.167000000000000000e+03,2.470000000000000000e+02,1.988746778170008440e+02,1.111111111111111049e-01,1.100000000000000000e+02,4.937474048000000000e+09,5.120097320960000000e+11,1.020596385002136230e+00
3.520000000000000000e+03,2.196000000000000000e+03,5.711599375253871358e+01,1.976423537605237202e-01,1.740000000000000000e+02,2.256804608000000000e+09,3.629357793280000000e+11,0.000000000000000000e+00
3.266000000000000000e+03,2.770000000000000000e+03,1.491968796870895346e+02,1.502313031443328895e-01,3.800000000000000000e+01,6.768592384000000000e+09,1.212657696768000000e+12,3.731330037117004395e-01
3.160000000000000000e+03,2.129000000000000000e+03,2.215020259146463957e+02,8.333333333333332871e-02,3.590000000000000000e+02,4.310534400000000000e+08,1.623431413760000000e+11,2.802438847720623016e-02
1.265000000000000000e+03,3.923000000000000000e+03,3.184759287006958175e+02,1.171213948210510919e-01,2.900000000000000000e+01,1.019431731200000000e+10,1.588923858944000000e+12,0.000000000000000000e+00
4.140000000000000000e+02,1.363000000000000000e+03,2.059495168005266805e+02,1.416394309331329149e-01,4.000000000000000000e+00,3.802601062400000000e+10,4.025006424064000000e+12,3.468478620052337646e-01
3.460000000000000000e+02,6.140000000000000000e+02,1.896441405458444933e+02,1.505846504842085487e-01,7.400000000000000000e+01,3.999097856000000000e+09,7.883710136320000000e+11,1.153122663497924805e+00
2.579000000000000000e+03,8.420000000000000000e+02,3.150026542727562742e+02,1.153846153846153910e-01,2.600000000000000000e+01,1.537867468800000000e+10,1.513454567424000000e+12,1.694393157958984375e+00
3.087000000000000000e+03,3.614000000000000000e+03,4.367531302106405633e+02,9.753196981883414940e-02,1.300000000000000000e+01,1.881086976000000000e+10,2.053483003904000000e+12,1.574149370193481445e+00
2.150000000000000000e+02,3.090000000000000000e+03,4.323733458155221143e+01,1.538461538461538547e-01,3.190000000000000000e+02,7.121811840000000000e+08,1.865498132480000000e+11,0.000000000000000000e+00
9.210000000000000000e+02,5.600000000000000000e+01,2.099192644885231402e+02,5.453824335365341225e-02,5.000000000000000000e+00,3.720409907200000000e+10,5.819019034624000000e+12,4.008188247680664062e-01
2.780000000000000000e+02,3.806000000000000000e+03,2.668467487471259858e+01,1.666666666666666574e-01,3.060000000000000000e+02,4.257210880000000000e+08,1.476218224640000000e+11,1.062473375350236893e-02
6.080000000000000000e+02,2.590000000000000000e+03,3.913119460005003702e+02,1.131370849898476055e-01,3.100000000000000000e+01,1.543549849600000000e+10,1.268652310528000000e+12,2.477414608001708984e+00
4.880000000000000000e+02,5.580000000000000000e+02,6.292409235015128388e+01,1.818181818181818232e-01,4.050000000000000000e+02,3.251958720000000000e+08,1.258500915200000000e+11,2.566784434020519257e-02
1.567000000000000000e+03,2.420000000000000000e+03,1.043089624218497420e+02,1.428571428571428492e-01,8.100000000000000000e+01,2.113757184000000000e+09,7.291969863680000000e+11,5.292919650673866272e-02
3.492000000000000000e+03,3.188000000000000000e+03,2.799381075675905777e+02,1.346870059402947850e-01,6.700000000000000000e+01,6.759896064000000000e+09,7.669665628160000000e+11,5.162037611007690430e-01
3.407000000000000000e+03,2.276000000000000000e+03,6.889781318534809884e+01,1.490711984999859852e-01,1.870000000000000000e+02,1.219883392000000000e+09,3.004904243200000000e+11,1.182178035378456116e-01
2.514000000000000000e+03,4.260000000000000000e+02,1.725857488128757780e+02,1.764705882352941291e-01,8.700000000000000000e+01,2.918684928000000000e+09,4.349424435200000000e+11,4.410782754421234131e-01
6.100000000000000000e+02,2.597000000000000000e+03,1.484577696429130071e+02,2.000000000000000111e-01,3.100000000000000000e+01,1.543549849600000000e+10,1.268652310528000000e+12,2.477414608001708984e+00
3.689000000000000000e+03,2.877000000000000000e+03,2.019481146666837219e+02,1.428571428571428492e-01,2.100000000000000000e+01,2.165043609600000000e+10,1.786106085376000000e+12,1.058541417121887207e+00
3.979000000000000000e+03,2.592000000000000000e+03,1.484482236752226072e+02,8.318903308077030267e-02,1.270000000000000000e+02,4.167231744000000000e+09,4.408803655680000000e+11,8.699815869331359863e-01
2.861000000000000000e+03,1.472000000000000000e+03,5.357812875728535573e+02,0.000000000000000000e+00,3.130000000000000000e+02,8.743348480000000000e+08,1.771336335360000000e+11,5.516332760453224182e-02
3.570000000000000000e+03,2.250000000000000000e+03,8.840700222673783060e+01,9.428090415820634951e-02,1.920000000000000000e+02,1.446137088000000000e+09,2.728833187840000000e+11,3.441790491342544556e-02
1.483000000000000000e+03,1.132000000000000000e+03,3.182268467508880860e+01,1.666666666666666574e-01,3.970000000000000000e+02,6.280145280000000000e+08,1.328404561920000000e+11,0.000000000000000000e+00
3.987000000000000000e+03,1.738000000000000000e+03,7.076130060795655652e+01,1.538461538461538547e-01,2.700000000000000000e+02,8.602592640000000000e+08,2.070787686400000000e+11,7.237505912780761719e-02
2.391000000000000000e+03,3.330000000000000000e+02,3.756703275464207650e+02,3.921568627450980338e-02,0.000000000000000000e+00,8.377669222400000000e+10,1.136895144755200000e+13,5.675861835479736328e-01
1.825000000000000000e+03,1.938000000000000000e+03,4.809162262266873000e+01,1.176470588235294101e-01,1.610000000000000000e+02,1.280539904000000000e+09,4.004363632640000000e+11,8.078122884035110474e-02
1.950000000000000000e+03,1.565000000000000000e+03,1.139236149390142998e+02,1.860163329510811370e-01,1.450000000000000000e+02,3.227431680000000000e+09,3.931728773120000000e+11,3.534326553344726562e-01
1.660000000000000000e+03,1.079000000000000000e+03,2.123927731543172683e+02,9.428090415820634951e-02,1.900000000000000000e+02,1.711664896000000000e+09,2.957806796800000000e+11,0.000000000000000000e+00
2.083000000000000000e+03,3.895000000000000000e+03,6.931601346450983669e+01,1.863389981249824745e-01,3.570000000000000000e+02,6.233252480000000000e+08,1.448718008320000000e+11,0.000000000000000000e+00
3.704000000000000000e+03,2.341000000000000000e+03,3.890608008790719197e+01,1.720052290384453675e-01,3.490000000000000000e+02,3.763875840000000000e+08,1.713577000960000000e+11,1.236851606518030167e-02
3.105000000000000000e+03,1.264000000000000000e+03,1.105225957847154348e+02,4.761904761904761640e-02,7.800000000000000000e+01,5.756817408000000000e+09,7.567747317760000000e+11,5.334236100316047668e-02
3.630000000000000000e+02,2.158000000000000000e+03,5.016612208718785269e+02,1.534461024959289654e-01,1.000000000000000000e+00,5.404031385600000000e+10,4.775771897856000000e+12,1.709547489881515503e-01
4.500000000000000000e+02,3.541000000000000000e+03,1.027677651863826043e+02,1.428571428571428492e-01,2.400000000000000000e+02,8.786702080000000000e+08,2.380794265600000000e+11,2.293533980846405029e-01
2.562000000000000000e+03,3.102000000000000000e+03,7.474686210211259549e+02,6.250000000000000000e-02,1.680000000000000000e+02,2.705936384000000000e+09,3.518693048320000000e+11,1.805059164762496948e-01
3.580000000000000000e+02,2.163000000000000000e+03,6.990214570611695990e+02,5.263157894736841813e-02,1.000000000000000000e+00,5.404031385600000000e+10,4.775771897856000000e+12,1.709547489881515503e-01
9.700000000000000000e+02,2.619000000000000000e+03,1.215326795516624827e+02,1.052631578947368363e-01,8.800000000000000000e+01,3.431953920000000000e+09,5.633286471680000000e+11,0.000000000000000000e+00
1.824000000000000000e+03,1.053000000000000000e+03,9.219721096002582783e+01,1.897658566033678385e-01,1.060000000000000000e+02,2.685982464000000000e+09,6.262559211520000000e+11,8.711945414543151855e-01
2.170000000000000000e+02,8.980000000000000000e+02,5.357067297775660819e+01,1.087856586440842377e-01,3.420000000000000000e+02,4.321206720000000000e+08,1.857938554880000000e+11,1.448071841150522232e-02
1.139000000000000000e+03,3.897000000000000000e+03,2.997771925421284323e+02,1.562500000000000000e-01,8.000000000000000000e+00,2.140511027200000000e+10,2.705576689664000000e+12,6.908459067344665527e-01
2.256000000000000000e+03,1.111000000000000000e+03,2.810787389841691493e+02,1.481481481481481399e-01,2.500000000000000000e+01,1.306004275200000000e+10,1.702466420736000000e+12,0.000000000000000000e+00
1.676000000000000000e+03,2.888000000000000000e+03,4.326780601011537897e+02,8.333333333333332871e-02,3.820000000000000000e+02,3.255584320000000000e+08,1.482432184320000000e+11,7.576674968004226685e-02
2.025000000000000000e+03,7.850000000000000000e+02,1.073341949405985503e+02,1.428571428571428492e-01,6.800000000000000000e+01,5.959005184000000000e+09,8.359626014720000000e+11,1.076989397406578064e-01
2.234000000000000000e+03,2.160000000000000000e+03,3.259278632271562515e+01,1.578947368421052544e-01,1.040000000000000000e+02,5.843740672000000000e+09,5.778919915520000000e+11,4.973959177732467651e-03
3.672000000000000000e+03,2.363000000000000000e+03,6.990280689436333716e+01,1.414213562373095034e-01,3.430000000000000000e+02,3.618632640000000000e+08,9.739266457600000000e+10,1.865560002624988556e-02
1.472000000000000000e+03,1.838000000000000000e+03,6.787330665998409529e+01,1.538461538461538547e-01,2.550000000000000000e+02,9.812340480000000000e+08,1.673714237440000000e+11,9.509994834661483765e-02
2.522000000000000000e+03,1.009000000000000000e+03,3.289587092056418669e+02,1.333333333333333315e-01,9.000000000000000000e+00,2.156558540800000000e+10,2.274888253440000000e+12,8.735226988792419434e-01
1.697000000000000000e+03,1.996000000000000000e+03,5.224355140528842867e+01,1.720052290384453675e-01,3.390000000000000000e+02,4.733577920000000000e+08,1.675546787840000000e+11,1.828818209469318390e-02
2.257000000000000000e+03,1.342000000000000000e+03,1.319018451114608581e+02,1.874138920735300140e-01,6.900000000000000000e+01,6.535744512000000000e+09,8.611923230720000000e+11,9.509965181350708008e-01
3.610000000000000000e+02,2.167000000000000000e+03,6.721234603652209216e+02,1.085027796215173868e-01,1.000000000000000000e+00,5.404031385600000000e+10,4.775771897856000000e+12,1.709547489881515503e-01
2.513000000000000000e+03,4.310000000000000000e+02,1.413476213681448996e+02,1.315334104411640948e-01,8.700000000000000000e+01,2.918684928000000000e+09,4.349424435200000000e+11,4.410782754421234131e-01
1.140000000000000000e+03,3.905000000000000000e+03,2.918452825466277432e+02,1.397542485937368628e-01,8.000000000000000000e+00,2.140511027200000000e+10,2.705576689664000000e+12,6.908459067344665527e-01
3.670000000000000000e+02,2.164000000000000000e+03,2.918285381704376960e+02,1.860807318911967267e-01,1.000000000000000000e+00,5.404031385600000000e+10,4.775771897856000000e+12,1.709547489881515503e-01
3.687000000000000000e+03,2.872000000000000000e+03,2.290403019840295258e+02,1.923273145405179907e-01,2.100000000000000000e+01,2.165043609600000000e+10,1.786106085376000000e+12,1.058541417121887207e+00
1.424000000000000000e+03,1.331000000000000000e+03,8.055759074936212016e+01,1.818181818181818232e-01,4.030000000000000000e+02,4.246495360000000000e+08,1.182183669760000000e+11,9.890734218060970306e-03
3.240000000000000000e+02,2.058000000000000000e+03,4.728306153794153488e+01,1.428571428571428492e-01,2.460000000000000000e+02,1.691814400000000000e+09,2.299914813440000000e+11,4.089944437146186829e-02
2.968000000000000000e+03,3.718000000000000000e+03,1.422137628859497056e+02,1.666666666666666574e-01,1.090000000000000000e+02,4.211948288000000000e+09,4.665582878720000000e+11,9.797154068946838379e-01
2.400000000000000000e+03,1.307000000000000000e+03,2.595578540786200392e+02,7.142857142857142461e-02,2.300000000000000000e+01,1.432996761600000000e+10,1.869943144448000000e+12,4.284954965114593506e-01
1.439000000000000000e+03,1.475000000000000000e+03,2.783979404958491699e+01,2.000000000000000111e-01,2.330000000000000000e+02,2.212824576000000000e+09,2.835332136960000000e+11,0.000000000000000000e+00
7.010000000000000000e+02,3.280000000000000000e+03,2.593528227601102643e+01,1.538461538461538547e-01,3.260000000000000000e+02,1.060119680000000000e+09,2.013788078080000000e+11,0.000000000000000000e+00
1.137000000000000000e+03,8.710000000000000000e+02,7.950380550620766940e+01,1.767766952966368932e-01,1.530000000000000000e+02,3.903179264000000000e+09,3.433034219520000000e+11,4.950304031372070312e-01
1.938000000000000000e+03,2.860000000000000000e+02,3.919458932756019465e+01,1.863389981249824745e-01,3.670000000000000000e+02,5.155913600000000000e+08,1.472662405120000000e+11,1.946306824684143066e-01
3.554000000000000000e+03,1.404000000000000000e+03,1.826003543051080271e+02,1.397542485937368628e-01,1.390000000000000000e+02,3.034572544000000000e+09,3.687495434240000000e+11,3.046059608459472656e-01
3.440000000000000000e+02,1.471000000000000000e+03,3.333509763634357341e+02,1.515151515151515194e-01,7.000000000000000000e+00,3.392714137600000000e+10,2.913892564992000000e+12,4.570787429809570312e+00
7.590000000000000000e+02,4.490000000000000000e+02,3.966637857229991937e+01,1.666666666666666574e-01,3.830000000000000000e+02,4.778842880000000000e+08,1.389311098880000000e+11,2.878836728632450104e-02
1.430000000000000000e+03,2.004000000000000000e+03,5.260677538162466362e+02,1.285648693066450132e-01,4.280000000000000000e+02,3.783943040000000000e+08,1.120649216000000000e+11,3.187136724591255188e-02
2.803000000000000000e+03,3.047000000000000000e+03,1.607089884917815823e+02,5.555555555555555247e-02,7.900000000000000000e+01,6.795408384000000000e+09,4.628956774400000000e+11,4.103572666645050049e-01
2.385000000000000000e+03,3.260000000000000000e+02,2.938959998124379922e+02,1.531421505079736123e-01,0.000000000000000000e+00,8.377669222400000000e+10,1.136895144755200000e+13,5.675861835479736328e-01
1.686000000000000000e+03,2.259000000000000000e+03,2.701818723763688013e+02,1.891891891891891997e-01,3.000000000000000000e+00,5.031784038400000000e+10,4.124430041088000000e+12,3.194062948226928711e+00
3.881000000000000000e+03,1.992000000000000000e+03,2.491444143745014514e+02,9.523809523809523281e-02,6.300000000000000000e+01,1.001084723200000000e+10,8.035539353600000000e+11,1.929144382476806641e+00
1.306000000000000000e+03,1.395000000000000000e+03,1.123922083296918544e+02,1.756820922315766309e-01,3.700000000000000000e+01,6.610348032000000000e+09,4.648333803520000000e+11,1.881828457117080688e-01
3.203000000000000000e+03,1.940000000000000000e+03,1.270703776649845373e+01,1.111111111111111049e-01,1.490000000000000000e+02,4.130169088000000000e+09,5.134606336000000000e+11,0.000000000000000000e+00
6.190000000000000000e+02,3.763000000000000000e+03,6.881046700444950375e+02,8.281733249999222168e-02,2.400000000000000000e+01,1.978117324800000000e+10,1.640358739968000000e+12,2.145830392837524414e+00
3.655000000000000000e+03,4.540000000000000000e+02,2.410413172431494502e+02,1.716929178792375721e-01,6.600000000000000000e+01,7.834381824000000000e+09,8.073894297600000000e+11,1.438179731369018555e+00
3.293000000000000000e+03,6.420000000000000000e+02,3.419266523073459751e+01,1.538461538461538547e-01,3.500000000000000000e+02,6.536188160000000000e+08,1.804572590080000000e+11,0.000000000000000000e+00
2.850000000000000000e+03,3.994000000000000000e+03,2.907727180116719410e+02,1.919585178166321182e-01,2.000000000000000000e+00,5.628931686400000000e+10,6.278159532032000000e+12,7.123951315879821777e-01
2.971000000000000000e+03,4.300000000000000000e+01,3.466167997284624107e+02,1.129384878631564115e-01,2.200000000000000000e+01,1.112703795200000000e+10,1.769099100160000000e+12,1.792023628950119019e-01
2.086000000000000000e+03,2.818000000000000000e+03,1.095874350521450395e+02,8.333333333333332871e-02,3.660000000000000000e+02,8.097580800000000000e+08,1.497639157760000000e+11,0.000000000000000000e+00
3.221000000000000000e+03,2.256000000000000000e+03,1.329369000428336562e+02,1.581138830084189706e-01,8.400000000000000000e+01,5.299633664000000000e+09,6.581860433920000000e+11,6.692118048667907715e-01
1.260000000000000000e+02,2.327000000000000000e+03,3.216995610845792157e+02,1.153846153846153910e-01,1.800000000000000000e+01,1.490262937600000000e+10,1.419475419136000000e+12,1.013386368751525879e+00
2.248000000000000000e+03,3.786000000000000000e+03,2.214835577108533471e+02,9.722034684781695468e-02,4.800000000000000000e+01,9.209923584000000000e+09,1.063470563328000000e+12,5.686478018760681152e-01
2.387000000000000000e+03,3.250000000000000000e+02,3.448856708786116769e+02,1.413941676652544777e-01,0.000000000000000000e+00,8.377669222400000000e+10,1.136895144755200000e+13,5.675861835479736328e-01
2.196000000000000000e+03,1.649000000000000000e+03,3.830683736935751682e+01,1.863389981249824745e-01,3.640000000000000000e+02,4.553031040000000000e+08,1.432976752640000000e+11,3.647781908512115479e-02
5.780000000000000000e+02,8.170000000000000000e+02,8.180972365501580157e+01,1.490711984999859852e-01,2.180000000000000000e+02,1.156192128000000000e+09,2.753976401920000000e+11,2.849904596805572510e-01
1.390000000000000000e+02,3.253000000000000000e+03,3.358707729343686879e+02,1.720052290384453675e-01,3.200000000000000000e+01,1.154737459200000000e+10,1.562261454848000000e+12,8.456335663795471191e-01
7.270000000000000000e+02,2.778000000000000000e+03,1.665478501242323262e+02,9.316949906249123725e-02,4.300000000000000000e+01,6.625502720000000000e+09,1.240374575104000000e+12,7.242954522371292114e-02
3.162000000000000000e+03,2.128000000000000000e+03,5.015355573142239791e+02,1.178511301977579334e-01,3.590000000000000000e+02,4.310534400000000000e+08,1.623431413760000000e+11,2.802438847720623016e-02
5.790000000000000000e+02,8.180000000000000000e+02,6.927129142533131301e+01,1.490711984999859852e-01,2.180000000000000000e+02,1.156192128000000000e+09,2.753976401920000000e+11,2.849904596805572510e-01
1.922000000000000000e+03,3.051000000000000000e+03,1.192897960413676799e+02,1.176470588235294101e-01,1.660000000000000000e+02,2.417051648000000000e+09,3.856119562240000000e+11,4.769425466656684875e-02
8.400000000000000000e+02,4.370000000000000000e+02,9.873557260749852560e+01,1.118033988749894958e-01,8.500000000000000000e+01,6.778748416000000000e+09,6.711748853760000000e+11,0.000000000000000000e+00
1.262000000000000000e+03,3.928000000000000000e+03,2.872773866825916684e+02,1.047565601757848297e-01,2.900000000000000000e+01,1.019431731200000000e+10,1.588923858944000000e+12,0.000000000000000000e+00
3.129000000000000000e+03,2.940000000000000000e+03,1.481236481437636598e+02,9.090909090909091161e-02,4.390000000000000000e+02,4.905143680000000000e+08,1.041386618880000000e+11,2.955183619633316994e-03
3.649000000000000000e+03,2.670000000000000000e+02,7.651089957286737331e+01,0.000000000000000000e+00,3.650000000000000000e+02,4.033187520000000000e+08,1.703893893120000000e+11,7.649682229384779930e-04
1.390000000000000000e+02,3.249000000000000000e+03,4.573843690390947359e+02,7.692307692307692735e-02,3.200000000000000000e+01,1.154737459200000000e+10,1.562261454848000000e+12,8.456335663795471191e-01
4.910000000000000000e+02,1.817000000000000000e+03,2.605310068779153880e+02,1.111111111111111049e-01,1.100000000000000000e+01,1.421665075200000000e+10,1.753114214400000000e+12,1.261094808578491211e+00
2.883000000000000000e+03,3.529000000000000000e+03,2.063441219297403393e+02,1.335389361282958987e-01,2.800000000000000000e+01,1.246307840000000000e+10,1.611237163008000000e+12,9.548643231391906738e-01
8.910000000000000000e+02,2.527000000000000000e+03,3.934239100142632140e+01,1.597191412499849861e-01,2.540000000000000000e+02,1.414776320000000000e+09,2.527250186240000000e+11,0.000000000000000000e+00
7.470000000000000000e+02,1.101000000000000000e+03,1.031651690735091478e+02,1.571348402636772446e-01,1.220000000000000000e+02,2.339360768000000000e+09,4.686494105600000000e+11,2.064795345067977905e-01
2.087000000000000000e+03,2.819000000000000000e+03,9.401089294167677224e+01,8.333333333333332871e-02,3.660000000000000000e+02,8.097580800000000000e+08,1.497639157760000000e+11,0.000000000000000000e+00
1.170000000000000000e+03,2.480000000000000000e+02,1.744999684853602275e+02,7.856742013183862228e-02,1.100000000000000000e+02,4.937474048000000000e+09,5.120097320960000000e+11,1.020596385002136230e+00
3.702000000000000000e+03,1.375000000000000000e+03,8.979027956735724558e+01,1.176470588235294101e-01,1.310000000000000000e+02,4.386468352000000000e+09,4.360631746560000000e+11,1.910982578992843628e-01
8.360000000000000000e+02,4.370000000000000000e+02,7.481734396526790931e+01,1.802775637731994507e-01,8.500000000000000000e+01,6.778748416000000000e+09,6.711748853760000000e+11,0.000000000000000000e+00
2.144000000000000000e+03,3.760000000000000000e+02,9.819020827365334014e+01,1.490711984999859852e-01,2.230000000000000000e+02,1.358996096000000000e+09,2.736059351040000000e+11,2.617974281311035156e-01
2.640000000000000000e+03,2.680000000000000000e+03,1.563215748682993365e+02,1.788854381999831766e-01,3.400000000000000000e+01,1.456821657600000000e+10,1.276274671616000000e+12,1.921485066413879395e+00
4.120000000000000000e+02,3.360000000000000000e+03,4.756480486274671193e+01,1.720052290384453675e-01,3.440000000000000000e+02,9.464224640000000000e+08,1.704183234560000000e+11,0.000000000000000000e+00
2.295000000000000000e+03,2.467000000000000000e+03,5.479492958157698013e+01,8.333333333333332871e-02,3.900000000000000000e+02,3.359978560000000000e+08,1.444374773760000000e+11,4.727732855826616287e-03
2.223000000000000000e+03,3.061000000000000000e+03,6.212842475406207399e+01,1.374903330507991073e-01,1.600000000000000000e+01,1.937281843200000000e+10,1.002276192256000000e+12,7.867671847343444824e-01
8.550000000000000000e+02,2.074000000000000000e+03,2.226153689189176532e+02,1.502313031443328895e-01,4.500000000000000000e+01,1.243060633600000000e+10,1.139536691200000000e+12,6.545064449310302734e-01
5.180000000000000000e+02,1.644000000000000000e+03,4.344641763513010346e+01,2.000000000000000111e-01,4.470000000000000000e+02,3.331680640000000000e+08,9.659407564800000000e+10,4.790472984313964844e-02
2.012000000000000000e+03,3.984000000000000000e+03,4.422356255109442600e+02,9.722034684781695468e-02,4.600000000000000000e+01,1.164763852800000000e+10,1.045021261824000000e+12,1.535035371780395508e+00
3.800000000000000000e+03,2.647000000000000000e+03,7.724981554901150105e+01,2.000000000000000111e-01,2.000000000000000000e+02,2.025225472000000000e+09,2.632945827840000000e+11,3.803326785564422607e-01
1.771000000000000000e+03,1.608000000000000000e+03,1.225625513448702293e+02,1.764705882352941291e-01,1.250000000000000000e+02,3.574713600000000000e+09,4.212908687360000000e+11,5.837091803550720215e-01
1.805000000000000000e+03,1.757000000000000000e+03,4.515288785830190221e+01,1.863389981249824745e-01,4.040000000000000000e+02,4.314691200000000000e+08,1.523989217280000000e+11,0.000000000000000000e+00
1.172000000000000000e+03,9.470000000000000000e+02,7.775955819785339429e+01,7.692307692307692735e-02,2.620000000000000000e+02,1.127148544000000000e+09,2.017027358720000000e+11,1.177907511591911316e-01
3.493000000000000000e+03,3.194000000000000000e+03,8.929441135827335074e+01,1.963383631246505001e-01,6.700000000000000000e+01,6.759896064000000000e+09,7.669665628160000000e+11,5.162037611007690430e-01
3.426000000000000000e+03,2.399000000000000000e+03,6.911506287864921205e+01,1.720052290384453675e-01,2.850000000000000000e+02,6.145895680000000000e+08,1.698188820480000000e+11,1.307623535394668579e-01
1.419000000000000000e+03,1.422000000000000000e+03,1.259445054611452122e+02,1.756820922315766309e-01,1.140000000000000000e+02,3.367604480000000000e+09,4.616201175040000000e+11,4.400322437286376953e-01
2.255000000000000000e+03,2.186000000000000000e+03,1.373442479957330420e+02,1.428571428571428492e-01,2.340000000000000000e+02,4.483788160000000000e+08,2.543628288000000000e+11,1.729344725608825684e-01
2.882000000000000000e+03,1.370000000000000000e+02,1.088476093809248795e+02,7.142857142857142461e-02,2.320000000000000000e+02,1.601404544000000000e+09,2.378553425920000000e+11,1.093121021986007690e-01
3.794000000000000000e+03,3.378000000000000000e+03,2.605345320087535583e+02,1.064794274999899953e-01,7.000000000000000000e+01,4.521774080000000000e+09,8.075297423360000000e+11,4.387148097157478333e-02
9.450000000000000000e+02,3.724000000000000000e+03,5.843667035147136630e+02,7.443229275647869625e-02,8.600000000000000000e+01,4.879837696000000000e+09,6.154542776320000000e+11,4.639183580875396729e-01
2.040000000000000000e+03,3.779000000000000000e+03,7.352394477824631736e+01,1.720052290384453675e-01,3.280000000000000000e+02,9.917941760000000000e+08,1.777407426560000000e+11,2.566045336425304413e-02
3.750000000000000000e+02,3.311000000000000000e+03,4.497582055921206745e+01,1.664356663246515655e-01,4.700000000000000000e+01,9.861278720000000000e+09,5.817014681600000000e+11,1.430872678756713867e+00
3.798000000000000000e+03,3.382000000000000000e+03,1.390202522313641111e+02,1.716929178792375721e-01,7.000000000000000000e+01,4.521774080000000000e+09,8.075297423360000000e+11,4.387148097157478333e-02
3.879000000000000000e+03,5.350000000000000000e+02,8.268284867818753980e+01,1.250000000000000000e-01,1.690000000000000000e+02,2.371363584000000000e+09,3.570016911360000000e+11,0.000000000000000000e+00
3.015000000000000000e+03,5.650000000000000000e+02,2.425175549051881490e+02,1.176877882894626220e-01,8.300000000000000000e+01,7.333322752000000000e+09,5.761101987840000000e+11,1.337852120399475098e+00
2.391000000000000000e+03,2.540000000000000000e+03,1.457330845559086754e+02,9.523809523809523281e-02,3.000000000000000000e+01,1.280711270400000000e+10,8.244191559680000000e+11,2.003521442413330078e+00
2.447000000000000000e+03,4.800000000000000000e+02,9.323805968746000872e+02,1.087856586440842377e-01,2.980000000000000000e+02,8.628124800000000000e+08,1.792290160640000000e+11,3.519693762063980103e-02
8.070000000000000000e+02,1.469000000000000000e+03,1.278759548970031972e+02,1.581138830084189706e-01,9.800000000000000000e+01,2.440556544000000000e+09,6.734337146880000000e+11,5.716390162706375122e-02
3.430000000000000000e+03,1.223000000000000000e+03,1.061115955575055949e+02,1.315334104411640948e-01,1.130000000000000000e+02,2.657031680000000000e+09,3.958027059200000000e+11,1.962056942284107208e-02
2.013000000000000000e+03,3.984000000000000000e+03,3.585282984309948233e+02,1.229750923802691437e-01,4.600000000000000000e+01,1.164763852800000000e+10,1.045021261824000000e+12,1.535035371780395508e+00
2.514000000000000000e+03,2.838000000000000000e+03,6.139682758402502571e+01,1.597191412499849861e-01,2.500000000000000000e+02,6.196195200000000000e+08,2.109266001920000000e+11,1.654069572687149048e-01
1.145000000000000000e+03,3.899000000000000000e+03,2.516310736351221351e+02,1.126734773582496602e-01,8.000000000000000000e+00,2.140511027200000000e+10,2.705576689664000000e+12,6.908459067344665527e-01
1.794000000000000000e+03,6.970000000000000000e+02,2.383734437223597524e+02,5.263157894736841813e-02,9.200000000000000000e+01,4.124931584000000000e+09,6.228464107520000000e+11,4.545400738716125488e-01
3.818000000000000000e+03,3.560000000000000000e+02,7.149089426515698165e+01,1.885618083164126990e-01,1.810000000000000000e+02,1.792154496000000000e+09,2.964711014400000000e+11,1.341915279626846313e-01
2.845000000000000000e+03,3.990000000000000000e+03,5.321136752729278214e+02,7.529232524210427435e-02,2.000000000000000000e+00,5.628931686400000000e+10,6.278159532032000000e+12,7.123951315879821777e-01
1.681000000000000000e+03,2.257000000000000000e+03,2.633636672348622483e+02,1.911099408612290662e-01,3.000000000000000000e+00,5.031784038400000000e+10,4.124430041088000000e+12,3.194062948226928711e+00
3.568000000000000000e+03,1.257000000000000000e+03,9.245719684134640204e+01,1.176470588235294101e-01,1.380000000000000000e+02,3.022589184000000000e+09,4.204997181440000000e+11,4.476498663425445557e-01
2.380000000000000000e+03,1.725000000000000000e+03,1.479552879444904079e+02,5.555555555555555247e-02,1.300000000000000000e+02,3.632104192000000000e+09,4.624581591040000000e+11,1.768329180777072906e-02
7.220000000000000000e+02,2.777000000000000000e+03,1.796531281224513634e+02,1.717960677340691911e-01,4.300000000000000000e+01,6.625502720000000000e+09,1.240374575104000000e+12,7.242954522371292114e-02
3.275000000000000000e+03,1.175000000000000000e+03,3.099403835510930705e+01,1.414213562373095034e-01,4.610000000000000000e+02,3.486914560000000000e+08,7.917443481600000000e+10,0.000000000000000000e+00
2.833000000000000000e+03,3.840000000000000000e+02,2.585373041394289473e+01,1.863389981249824745e-01,3.690000000000000000e+02,5.351056320000000000e+08,1.365955379200000000e+11,6.768663879483938217e-04
2.060000000000000000e+03,1.175000000000000000e+03,7.094375346503866240e+02,1.087856586440842377e-01,3.200000000000000000e+02,9.827491200000000000e+08,1.729439498240000000e+11,1.148947626352310181e-01
2.061000000000000000e+03,3.992000000000000000e+03,1.093828220785971155e+02,7.692307692307692735e-02,2.720000000000000000e+02,5.435582080000000000e+08,1.726447943680000000e+11,1.365709211677312851e-02
5.890000000000000000e+02,1.042000000000000000e+03,2.509829733774476423e+01,1.178511301977579334e-01,4.160000000000000000e+02,4.967334080000000000e+08,1.476233134080000000e+11,0.000000000000000000e+00
2.507000000000000000e+03,7.360000000000000000e+02,9.187474868763378311e+01,1.767766952966368932e-01,1.120000000000000000e+02,1.174737792000000000e+09,3.528273428480000000e+11,2.373855710029602051e-01
3.186000000000000000e+03,5.900000000000000000e+01,2.095127237013873867e+02,1.010152544552210818e-01,2.350000000000000000e+02,1.789910528000000000e+09,2.301310566400000000e+11,1.099770516157150269e-01
3.155000000000000000e+03,3.271000000000000000e+03,8.869922821994646256e+01,1.885618083164126990e-01,2.240000000000000000e+02,6.962512000000000000e+08,2.676758282240000000e+11,1.371105313301086426e-01
1.312000000000000000e+03,1.714000000000000000e+03,7.483513261422307039e+01,1.571348402636772446e-01,9.900000000000000000e+01,6.651615232000000000e+09,4.739571056640000000e+11,5.995762534439563751e-03
3.681000000000000000e+03,2.876000000000000000e+03,3.594748548826374304e+02,1.472537723434878820e-01,2.100000000000000000e+01,2.165043609600000000e+10,1.786106085376000000e+12,1.058541417121887207e+00
2.930000000000000000e+02,1.200000000000000000e+03,8.222401227188170481e+01,0.000000000000000000e+00,3.290000000000000000e+02,6.890782720000000000e+08,1.883683880960000000e+11,0.000000000000000000e+00
2.960000000000000000e+02,2.228000000000000000e+03,4.257982268639899814e+01,1.863389981249824745e-01,3.910000000000000000e+02,5.882947840000000000e+08,1.424843243520000000e+11,4.722109436988830566e-02
3.815000000000000000e+03,1.258000000000000000e+03,1.198241288593114149e+02,1.666666666666666574e-01,2.630000000000000000e+02,6.555905920000000000e+08,1.569963048960000000e+11,9.541357867419719696e-03
1.690000000000000000e+02,2.143000000000000000e+03,1.383062457705657096e+02,7.692307692307692735e-02,3.240000000000000000e+02,3.948697280000000000e+08,1.732660756480000000e+11,0.000000000000000000e+00
1.684000000000000000e+03,2.245000000000000000e+03,3.996940156721483959e+02,1.967597267373112913e-01,3.000000000000000000e+00,5.031784038400000000e+10,4.124430041088000000e+12,3.194062948226928711e+00
4.560000000000000000e+02,1.720000000000000000e+03,2.732268009028450706e+01,1.818181818181818232e-01,4.430000000000000000e+02,5.629418240000000000e+08,1.133475512320000000e+11,0.000000000000000000e+00
2.394000000000000000e+03,3.320000000000000000e+02,3.488283272152062864e+02,6.200544431702705028e-02,0.000000000000000000e+00,8.377669222400000000e+10,1.136895144755200000e+13,5.675861835479736328e-01
3.155000000000000000e+03,3.272000000000000000e+03,1.374090386028932187e+02,1.490711984999859852e-01,2.240000000000000000e+02,6.962512000000000000e+08,2.676758282240000000e+11,1.371105313301086426e-01
3.082000000000000000e+03,1.573000000000000000e+03,4.035778195551776548e+01,1.087856586440842377e-01,3.840000000000000000e+02,4.895907840000000000e+08,1.659950202880000000e+11,0.000000000000000000e+00
3.041000000000000000e+03,3.387000000000000000e+03,1.995745489413434939e+02,1.697056274847713875e-01,3.300000000000000000e+01,1.268767641600000000e+10,1.303878828032000000e+12,1.093849778175354004e+00
3.294000000000000000e+03,6.420000000000000000e+02,2.740853140941695543e+01,1.720052290384453675e-01,3.500000000000000000e+02,6.536188160000000000e+08,1.804572590080000000e+11,0.000000000000000000e+00
1.660000000000000000e+02,2.068000000000000000e+03,3.336842962845057059e+01,1.666666666666666574e-01,3.850000000000000000e+02,5.595765120000000000e+08,1.562758676480000000e+11,2.008460089564323425e-02
6.990000000000000000e+02,2.346000000000000000e+03,1.262256945738348861e+02,1.976423537605237202e-01,1.320000000000000000e+02,3.981132032000000000e+09,3.638901800960000000e+11,1.465964019298553467e-01
2.914000000000000000e+03,3.650000000000000000e+02,7.459046812932606940e+01,1.597191412499849861e-01,2.750000000000000000e+02,9.321776640000000000e+08,2.158241710080000000e+11,4.665264487266540527e-02
2.860000000000000000e+03,1.474000000000000000e+03,5.811511359894900863e+01,1.720052290384453675e-01,3.130000000000000000e+02,8.743348480000000000e+08,1.771336335360000000e+11,5.516332760453224182e-02
3.700000000000000000e+02,3.311000000000000000e+03,5.629094680309650300e+01,1.176877882894626220e-01,4.700000000000000000e+01,9.861278720000000000e+09,5.817014681600000000e+11,1.430872678756713867e+00
1.714000000000000000e+03,1.471000000000000000e+03,3.861751996039082258e+01,9.090909090909091161e-02,4.240000000000000000e+02,4.258506880000000000e+08,1.024564264960000000e+11,0.000000000000000000e+00
3.196000000000000000e+03,1.266000000000000000e+03,7.985971405216781704e+01,1.087856586440842377e-01,2.640000000000000000e+02,9.829342080000000000e+08,1.980332441600000000e+11,3.220060467720031738e-01
7.160000000000000000e+02,8.790000000000000000e+02,9.834521160920155580e+01,8.333333333333332871e-02,3.720000000000000000e+02,5.472705280000000000e+08,1.540376657920000000e+11,0.000000000000000000e+00
2.920000000000000000e+02,1.198000000000000000e+03,5.933043378174711791e+01,1.720052290384453675e-01,3.290000000000000000e+02,6.890782720000000000e+08,1.883683880960000000e+11,0.000000000000000000e+00
2.212000000000000000e+03,3.700000000000000000e+03,1.362793245957361989e+02,8.318903308077030267e-02,1.260000000000000000e+02,1.674342144000000000e+09,3.931353251840000000e+11,3.196120858192443848e-01
7.000000000000000000e+02,9.350000000000000000e+02,6.803289265501527439e+01,1.875000000000000000e-01,1.710000000000000000e+02,2.035380352000000000e+09,3.514815283200000000e+11,1.891390979290008545e-01
2.763000000000000000e+03,1.426000000000000000e+03,4.071942575331097203e+01,1.666666666666666574e-01,3.450000000000000000e+02,8.111738880000000000e+08,1.588323614720000000e+11,0.000000000000000000e+00
3.797000000000000000e+03,3.383000000000000000e+03,1.248329943884601221e+02,1.716929178792375721e-01,7.000000000000000000e+01,4.521774080000000000e+09,8.075297423360000000e+11,4.387148097157478333e-02
3.938000000000000000e+03,3.594000000000000000e+03,7.497027063414576276e+01,1.756820922315766309e-01,1.170000000000000000e+02,5.210976768000000000e+09,5.026769797120000000e+11,4.591627046465873718e-02
3.291000000000000000e+03,2.276000000000000000e+03,8.946026643612223950e+01,1.087856586440842377e-01,3.070000000000000000e+02,6.678266880000000000e+08,1.812894842880000000e+11,0.000000000000000000e+00
6.100000000000000000e+02,2.596000000000000000e+03,2.024870302265549071e+02,1.600000000000000033e-01,3.100000000000000000e+01,1.543549849600000000e+10,1.268652310528000000e+12,2.477414608001708984e+00
2.254000000000000000e+03,1.111000000000000000e+03,2.667697829748011031e+02,1.656346649999844434e-01,2.500000000000000000e+01,1.306004275200000000e+10,1.702466420736000000e+12,0.000000000000000000e+00
9.260000000000000000e+02,5.600000000000000000e+01,1.358306206883601135e+02,1.724650685820847684e-01,5.000000000000000000e+00,3.720409907200000000e+10,5.819019034624000000e+12,4.008188247680664062e-01
2.109000000000000000e+03,3.608000000000000000e+03,2.601492159367752492e+02,8.333333333333332871e-02,3.620000000000000000e+02,3.237032320000000000e+08,1.473524695040000000e+11,3.438935428857803345e-02
2.517000000000000000e+03,1.577000000000000000e+03,2.073302253445185670e+02,1.229750923802691437e-01,4.400000000000000000e+01,1.090394419200000000e+10,1.034238296064000000e+12,7.928316593170166016e-01
2.880000000000000000e+03,3.526000000000000000e+03,2.794451254379289935e+02,1.851851851851851749e-01,2.800000000000000000e+01,1.246307840000000000e+10,1.611237163008000000e+12,9.548643231391906738e-01
3.450000000000000000e+02,1.473000000000000000e+03,2.634844952427554290e+02,1.916531915253563423e-01,7.000000000000000000e+00,3.392714137600000000e+10,2.913892564992000000e+12,4.570787429809570312e+00
1.332000000000000000e+03,1.363000000000000000e+03,6.487208145842616602e+01,8.333333333333332871e-02,3.030000000000000000e+02,5.825347200000000000e+08,1.366595338240000000e+11,4.598995298147201538e-02
2.164000000000000000e+03,2.606000000000000000e+03,1.757232976967723346e+02,1.567630989332169100e-01,5.100000000000000000e+01,8.195988992000000000e+09,1.038099021824000000e+12,2.238056659698486328e-01
3.301000000000000000e+03,2.016000000000000000e+03,4.987586670499217689e+01,1.285648693066450132e-01,4.130000000000000000e+02,4.827967360000000000e+08,1.231281029120000000e+11,0.000000000000000000e+00
1.136000000000000000e+03,8.690000000000000000e+02,1.852276223268198407e+02,6.250000000000000000e-02,1.530000000000000000e+02,3.903179264000000000e+09,3.433034219520000000e+11,4.950304031372070312e-01
4.150000000000000000e+02,1.373000000000000000e+03,1.900511185738859012e+02,1.495879113092917767e-01,4.000000000000000000e+00,3.802601062400000000e+10,4.025006424064000000e+12,3.468478620052337646e-01
2.643000000000000000e+03,3.075000000000000000e+03,6.472379001754731007e+02,1.129384878631564115e-01,1.000000000000000000e+01,2.532703436800000000e+10,1.915071758336000000e+12,4.421397686004638672e+00
2.841000000000000000e+03,3.981000000000000000e+03,3.117123484098853510e+02,1.859583256168250986e-01,2.000000000000000000e+00,5.628931686400000000e+10,6.278159532032000000e+12,7.123951315879821777e-01
2.750000000000000000e+03,3.657000000000000000e+03,6.854312077114248325e+01,1.087856586440842377e-01,1.110000000000000000e+02,1.490579456000000000e+09,2.051426385920000000e+11,3.236221894621849060e-02
6.120000000000000000e+02,2.596000000000000000e+03,1.642521711772029960e+02,1.788854381999831766e-01,3.100000000000000000e+01,1.543549849600000000e+10,1.268652310528000000e+12,2.477414608001708984e+00
2.049000000000000000e+03,2.220000000000000000e+03,1.847312534484897739e+01,1.863389981249824745e-01,4.210000000000000000e+02,6.836668800000000000e+08,1.401587138560000000e+11,0.000000000000000000e+00
2.370000000000000000e+02,1.141000000000000000e+03,1.384216426537192035e+02,1.567630989332169100e-01,5.600000000000000000e+01,8.372165632000000000e+09,9.969321902080000000e+11,1.320460557937622070e+00
2.140000000000000000e+02,3.089000000000000000e+03,8.047793975403577349e+01,1.087856586440842377e-01,3.190000000000000000e+02,7.121811840000000000e+08,1.865498132480000000e+11,0.000000000000000000e+00
9.670000000000000000e+02,2.618000000000000000e+03,1.494386595350109985e+02,7.443229275647869625e-02,8.800000000000000000e+01,3.431953920000000000e+09,5.633286471680000000e+11,0.000000000000000000e+00
3.778000000000000000e+03,1.085000000000000000e+03,6.805619435637349568e+01,8.333333333333332871e-02,3.810000000000000000e+02,7.137031040000000000e+08,1.453547028480000000e+11,0.000000000000000000e+00
9.200000000000000000e+02,6.100000000000000000e+01,1.176127912160656592e+02,1.483600617145907075e-01,5.000000000000000000e+00,3.720409907200000000e+10,5.819019034624000000e+12,4.008188247680664062e-01
3.130000000000000000e+03,2.942000000000000000e+03,4.525459848861472523e+01,1.818181818181818232e-01,4.390000000000000000e+02,4.905143680000000000e+08,1.041386618880000000e+11,2.955183619633316994e-03
1.003000000000000000e+03,1.278000000000000000e+03,7.990312089292741859e+01,1.333333333333333315e-01,1.670000000000000000e+02,3.089423872000000000e+09,3.143499120640000000e+11,1.613117009401321411e-01
3.449000000000000000e+03,2.857000000000000000e+03,1.490471554203404310e+02,1.664356663246515655e-01,7.100000000000000000e+01,5.687277568000000000e+09,5.935516876800000000e+11,1.572960972785949707e+00
5.320000000000000000e+02,1.737000000000000000e+03,9.228604133302444268e+01,1.488645855129573925e-01,8.000000000000000000e+01,8.157177344000000000e+09,6.252981125120000000e+11,7.224321365356445312e-02
2.389000000000000000e+03,2.536000000000000000e+03,1.164505998447640280e+02,1.904761904761904656e-01,3.000000000000000000e+01,1.280711270400000000e+10,8.244191559680000000e+11,2.003521442413330078e+00
2.150000000000000000e+02,3.089000000000000000e+03,7.234337611014068159e+01,7.692307692307692735e-02,3.190000000000000000e+02,7.121811840000000000e+08,1.865498132480000000e+11,0.000000000000000000e+00
9.190000000000000000e+02,5.100000000000000000e+01,7.535984371644249791e+01,9.756097560975610095e-02,5.000000000000000000e+00,3.720409907200000000e+10,5.819019034624000000e+12,4.008188247680664062e-01
3.279000000000000000e+03,6.090000000000000000e+02,5.886486411957613285e+01,1.720052290384453675e-01,2.950000000000000000e+02,6.594207360000000000e+08,1.879180247040000000e+11,4.961204528808593750e-02
2.523000000000000000e+03,1.008000000000000000e+03,2.514281246549267337e+02,1.699673171197594868e-01,9.000000000000000000e+00,2.156558540800000000e+10,2.274888253440000000e+12,8.735226988792419434e-01
3.096000000000000000e+03,1.075000000000000000e+03,1.776716988721234429e+02,1.229750923802691437e-01,5.200000000000000000e+01,8.784549888000000000e+09,9.930926981120000000e+11,3.149703741073608398e-01
9.230000000000000000e+02,5.800000000000000000e+01,1.375340016435713153e+02,1.219512195121951192e-01,5.000000000000000000e+00,3.720409907200000000e+10,5.819019034624000000e+12,4.008188247680664062e-01
1.824000000000000000e+03,1.054000000000000000e+03,8.760507519293959433e+01,1.664356663246515655e-01,1.060000000000000000e+02,2.685982464000000000e+09,6.262559211520000000e+11,8.711945414543151855e-01
1.625000000000000000e+03,2.506000000000000000e+03,2.836204417858294491e+01,1.490711984999859852e-01,1.940000000000000000e+02,2.283313920000000000e+09,2.992840048640000000e+11,0.000000000000000000e+00
3.796000000000000000e+03,3.376000000000000000e+03,1.652681704683857333e+02,1.963383631246505001e-01,7.000000000000000000e+01,4.521774080000000000e+09,8.075297423360000000e+11,4.387148097157478333e-02
1.020000000000000000e+02,1.336000000000000000e+03,2.264759881905135899e+02,8.695652173913043237e-02,5.000000000000000000e+01,7.797797888000000000e+09,1.035582898176000000e+12,4.051990509033203125e-01
6.520000000000000000e+02,1.210000000000000000e+03,5.560061256735377810e+02,1.010152544552210818e-01,2.020000000000000000e+02,2.064345472000000000e+09,2.498714009600000000e+11,1.659321784973144531e-01
6.280000000000000000e+02,4.970000000000000000e+02,1.111297909840933755e+02,6.250000000000000000e-02,1.860000000000000000e+02,1.649663616000000000e+09,3.608393154560000000e+11,1.441983040422201157e-02
6.260000000000000000e+02,3.761000000000000000e+03,1.857006757363038503e+02,1.888525745775105347e-01,2.400000000000000000e+01,1.978117324800000000e+10,1.640358739968000000e+12,2.145830392837524414e+00
2.826000000000000000e+03,1.217000000000000000e+03,4.774170105677397373e+02,5.263157894736841813e-02,9.100000000000000000e+01,2.423620608000000000e+09,5.533967974400000000e+11,5.127481222152709961e-01
1.681000000000000000e+03,2.248000000000000000e+03,3.809526570554752425e+02,1.730574118225094160e-01,3.000000000000000000e+00,5.031784038400000000e+10,4.124430041088000000e+12,3.194062948226928711e+00
9.170000000000000000e+02,5.300000000000000000e+01,7.749587617425689245e+01,6.898602743283391292e-02,5.000000000000000000e+00,3.720409907200000000e+10,5.819019034624000000e+12,4.008188247680664062e-01
1.147000000000000000e+03,3.901000000000000000e+03,1.765644636886201226e+02,1.562500000000000000e-01,8.000000000000000000e+00,2.140511027200000000e+10,2.705576689664000000e+12,6.908459067344665527e-01
3.169000000000000000e+03,4.080000000000000000e+02,4.965761988534572424e+01,1.720052290384453675e-01,3.230000000000000000e+02,6.811424000000000000e+08,1.798026690560000000e+11,5.580879002809524536e-02
1.268000000000000000e+03,3.928000000000000000e+03,1.818650989289495215e+02,1.656346649999844434e-01,2.900000000000000000e+01,1.019431731200000000e+10,1.588923858944000000e+12,0.000000000000000000e+00
3.818000000000000000e+03,3.600000000000000000e+02,8.465541193266308539e+01,1.885618083164126990e-01,1.810000000000000000e+02,1.792154496000000000e+09,2.964711014400000000e+11,1.341915279626846313e-01
3.691000000000000000e+03,1.590000000000000000e+02,5.261830993746309559e+01,1.578947368421052544e-01,9.600000000000000000e+01,5.135301632000000000e+09,6.143458672640000000e+11,2.233735471963882446e-01
3.431000000000000000e+03,1.224000000000000000e+03,1.291050741654554770e+02,5.882352941176470507e-02,1.130000000000000000e+02,2.657031680000000000e+09,3.958027059200000000e+11,1.962056942284107208e-02
1.149000000000000000e+03,1.554000000000000000e+03,8.362248095691124661e+01,1.538461538461538547e-01,3.100000000000000000e+02,8.167900800000000000e+08,1.839095480320000000e+11,0.000000000000000000e+00
2.160000000000000000e+02,8.990000000000000000e+02,2.333807541546870254e+02,0.000000000000000000e+00,3.420000000000000000e+02,4.321206720000000000e+08,1.857938554880000000e+11,1.448071841150522232e-02
1.832000000000000000e+03,9.960000000000000000e+02,7.938485449252524973e+01,1.538461538461538547e-01,2.250000000000000000e+02,1.009384704000000000e+09,2.005804810240000000e+11,3.430212289094924927e-02
8.820000000000000000e+02,6.120000000000000000e+02,7.896911102231517532e+01,1.597191412499849861e-01,2.380000000000000000e+02,9.559621760000000000e+08,2.420932280320000000e+11,1.448832303285598755e-01
2.737000000000000000e+03,1.330000000000000000e+03,2.178608595114796174e+02,6.666666666666666574e-02,1.800000000000000000e+02,2.299778304000000000e+09,3.093213347840000000e+11,2.055913954973220825e-01
6.210000000000000000e+02,3.767000000000000000e+03,2.215244303086398645e+02,1.851851851851851749e-01,2.400000000000000000e+01,1.978117324800000000e+10,1.640358739968000000e+12,2.145830392837524414e+00
2.402000000000000000e+03,1.306000000000000000e+03,2.348729449786725354e+02,3.571428571428571230e-02,2.300000000000000000e+01,1.432996761600000000e+10,1.869943144448000000e+12,4.284954965114593506e-01
2.826000000000000000e+03,1.220000000000000000e+03,1.743694880914923715e+02,1.052631578947368363e-01,9.100000000000000000e+01,2.423620608000000000e+09,5.533967974400000000e+11,5.127481222152709961e-01
2.111000000000000000e+03,3.606000000000000000e+03,5.388785717865919622e+01,1.863389981249824745e-01,3.620000000000000000e+02,3.237032320000000000e+08,1.473524695040000000e+11,3.438935428857803345e-02
2.396000000000000000e+03,9.160000000000000000e+02,9.602375611158184654e+01,1.767766952966368932e-01,1.620000000000000000e+02,2.895883776000000000e+09,3.341555793920000000e+11,2.132596969604492188e-01
2.089000000000000000e+03,2.818000000000000000e+03,4.527181720337382842e+01,1.666666666666666574e-01,3.660000000000000000e+02,8.097580800000000000e+08,1.497639157760000000e+11,0.000000000000000000e+00
2.050000000000000000e+03,2.221000000000000000e+03,1.864690236475763641e+01,1.863389981249824745e-01,4.210000000000000000e+02,6.836668800000000000e+08,1.401587138560000000e+11,0.000000000000000000e+00
3.129000000000000000e+03,2.941000000000000000e+03,6.620447140465833513e+01,1.285648693066450132e-01,4.390000000000000000e+02,4.905143680000000000e+08,1.041386618880000000e+11,2.955183619633316994e-03
1.602000000000000000e+03,2.128000000000000000e+03,2.905666377756564316e+02,1.638886943392722229e-01,5.400000000000000000e+01,1.122953011200000000e+10,8.577714094080000000e+11,2.445178747177124023e+00
2.515000000000000000e+03,4.300000000000000000e+02,1.602356112225149616e+02,8.318903308077030267e-02,8.700000000000000000e+01,2.918684928000000000e+09,4.349424435200000000e+11,4.410782754421234131e-01
1.069000000000000000e+03,1.170000000000000000e+02,4.044677221689027533e+02,1.860163329510811370e-01,1.470000000000000000e+02,2.007474560000000000e+09,4.196885790720000000e+11,3.573011159896850586e-01
2.737000000000000000e+03,1.328000000000000000e+03,7.550573848402929400e+01,1.490711984999859852e-01,1.800000000000000000e+02,2.299778304000000000e+09,3.093213347840000000e+11,2.055913954973220825e-01
3.104000000000000000e+03,1.264000000000000000e+03,1.230758805566903504e+02,6.734350297014739251e-02,7.800000000000000000e+01,5.756817408000000000e+09,7.567747317760000000e+11,5.334236100316047668e-02
8.660000000000000000e+02,1.861000000000000000e+03,1.511724494392765905e+01,1.285648693066450132e-01,4.270000000000000000e+02,1.846053888000000000e+09,1.046260449280000000e+11,0.000000000000000000e+00
3.797000000000000000e+03,2.644000000000000000e+03,9.499292850501367980e+01,2.000000000000000111e-01,2.000000000000000000e+02,2.025225472000000000e+09,2.632945827840000000e+11,3.803326785564422607e-01
8.840000000000000000e+02,6.120000000000000000e+02,2.064908699211886187e+02,1.597191412499849861e-01,2.380000000000000000e+02,9.559621760000000000e+08,2.420932280320000000e+11,1.448832303285598755e-01
2.242000000000000000e+03,3.785000000000000000e+03,1.772899180782729900e+02,1.944406936956339094e-01,4.800000000000000000e+01,9.209923584000000000e+09,1.063470563328000000e+12,5.686478018760681152e-01
2.252000000000000000e+03,1.117000000000000000e+03,2.624124873939406939e+02,1.656346649999844434e-01,2.500000000000000000e+01,1.306004275200000000e+10,1.702466420736000000e+12,0.000000000000000000e+00
3.390000000000000000e+02,1.475000000000000000e+03,4.405578371732435699e+02,1.212121212121212155e-01,7.000000000000000000e+00,3.392714137600000000e+10,2.913892564992000000e+12,4.570787429809570312e+00
3.103000000000000000e+03,1.263000000000000000e+03,1.610165103706206935e+02,9.523809523809523281e-02,7.800000000000000000e+01,5.756817408000000000e+09,7.567747317760000000e+11,5.334236100316047668e-02
1.592000000000000000e+03,3.172000000000000000e+03,2.565572222163172711e+01,1.863389981249824745e-01,4.100000000000000000e+02,5.477777280000000000e+08,1.411371499520000000e+11,0.000000000000000000e+00
1.485000000000000000e+03,1.135000000000000000e+03,3.054476137374097888e+01,1.863389981249824745e-01,3.970000000000000000e+02,6.280145280000000000e+08,1.328404561920000000e+11,0.000000000000000000e+00
2.840000000000000000e+03,3.985000000000000000e+03,4.704495030715522148e+02,1.505846504842085487e-01,2.000000000000000000e+00,5.628931686400000000e+10,6.278159532032000000e+12,7.123951315879821777e-01
4.600000000000000000e+02,1.720000000000000000e+03,2.573524063170446752e+01,1.818181818181818232e-01,4.430000000000000000e+02,5.629418240000000000e+08,1.133475512320000000e+11,0.000000000000000000e+00
3.630000000000000000e+02,3.087000000000000000e+03,3.147775004513691499e+01,8.333333333333332871e-02,3.980000000000000000e+02,8.177869440000000000e+08,1.488555704320000000e+11,0.000000000000000000e+00
2.579000000000000000e+03,8.430000000000000000e+02,2.541023196772266601e+02,1.538461538461538547e-01,2.600000000000000000e+01,1.537867468800000000e+10,1.513454567424000000e+12,1.694393157958984375e+00
2.725000000000000000e+03,2.470000000000000000e+03,2.168509670294936313e+02,8.695652173913043237e-02,5.300000000000000000e+01,8.349897216000000000e+09,1.000912453632000000e+12,8.435634374618530273e-01
2.470000000000000000e+02,2.927000000000000000e+03,4.918514254023410359e+01,1.764705882352941291e-01,1.440000000000000000e+02,2.731606016000000000e+09,4.188105277440000000e+11,2.888307571411132812e-01
2.512000000000000000e+03,1.578000000000000000e+03,2.132715260907814354e+02,1.844626385704036808e-01,4.400000000000000000e+01,1.090394419200000000e+10,1.034238296064000000e+12,7.928316593170166016e-01
3.815000000000000000e+03,3.600000000000000000e+02,7.985820594515249127e+01,1.490711984999859852e-01,1.810000000000000000e+02,1.792154496000000000e+09,2.964711014400000000e+11,1.341915279626846313e-01
2.390000000000000000e+03,3.400000000000000000e+02,3.179767884545644279e+02,1.775565713360277853e-01,0.000000000000000000e+00,8.377669222400000000e+10,1.136895144755200000e+13,5.675861835479736328e-01
2.638000000000000000e+03,2.678000000000000000e+03,1.488782698116594645e+02,1.788854381999831766e-01,3.400000000000000000e+01,1.456821657600000000e+10,1.276274671616000000e+12,1.921485066413879395e+00
2.984000000000000000e+03,2.209000000000000000e+03,5.935147634116735560e+01,1.597191412499849861e-01,2.490000000000000000e+02,6.372180480000000000e+08,2.369996226560000000e+11,1.347461994737386703e-02
3.183000000000000000e+03,3.195000000000000000e+03,5.014597112973326176e+01,1.178511301977579334e-01,3.520000000000000000e+02,5.111344960000000000e+08,1.465756876800000000e+11,7.448452711105346680e-02
2.886000000000000000e+03,3.530000000000000000e+03,1.574866391883038546e+02,1.527076157636170495e-01,2.800000000000000000e+01,1.246307840000000000e+10,1.611237163008000000e+12,9.548643231391906738e-01
3.480000000000000000e+02,6.140000000000000000e+02,3.094632361269459579e+02,6.734350297014739251e-02,7.400000000000000000e+01,3.999097856000000000e+09,7.883710136320000000e+11,1.153122663497924805e+00
8.270000000000000000e+02,3.692000000000000000e+03,1.828027764378073812e+02,1.863389981249824745e-01,4.120000000000000000e+02,3.917664320000000000e+08,1.356591595520000000e+11,2.591937035322189331e-02
1.666000000000000000e+03,1.851000000000000000e+03,5.707974546424375006e+01,1.538461538461538547e-01,2.570000000000000000e+02,9.679162880000000000e+08,1.948128542720000000e+11,2.036323845386505127e-01
1.837000000000000000e+03,1.018000000000000000e+03,2.716708048854257527e+02,8.333333333333332871e-02,3.630000000000000000e+02,4.935514240000000000e+08,1.608073379840000000e+11,5.866875499486923218e-02
1.824000000000000000e+03,1.937000000000000000e+03,7.242707729982703313e+01,8.318903308077030267e-02,1.610000000000000000e+02,1.280539904000000000e+09,4.004363632640000000e+11,8.078122884035110474e-02
1.722000000000000000e+03,2.297000000000000000e+03,6.480856441659770439e+01,1.720052290384453675e-01,3.090000000000000000e+02,5.701532160000000000e+08,1.980960112640000000e+11,5.738828913308680058e-04
2.780000000000000000e+03,3.288000000000000000e+03,1.089349696691561178e+02,1.716929178792375721e-01,6.200000000000000000e+01,7.472852480000000000e+09,7.617833861120000000e+11,6.833025813102722168e-01
3.793000000000000000e+03,3.382000000000000000e+03,1.566238039753377791e+02,1.346870059402947850e-01,7.000000000000000000e+01,4.521774080000000000e+09,8.075297423360000000e+11,4.387148097157478333e-02
6.100000000000000000e+02,2.588000000000000000e+03,2.349434158653432121e+02,1.600000000000000033e-01,3.100000000000000000e+01,1.543549849600000000e+10,1.268652310528000000e+12,2.477414608001708984e+00
3.160000000000000000e+03,2.221000000000000000e+03,5.458805897013171915e+01,9.090909090909091161e-02,4.460000000000000000e+02,3.565987200000000000e+08,1.076971028480000000e+11,0.000000000000000000e+00
3.981000000000000000e+03,2.091000000000000000e+03,1.266785022553988256e+02,2.000000000000000111e-01,7.300000000000000000e+01,7.018176512000000000e+09,6.609458298880000000e+11,1.683588624000549316e+00
3.204000000000000000e+03,3.801000000000000000e+03,1.485949028832990564e+02,1.600000000000000033e-01,3.600000000000000000e+01,1.181075353600000000e+10,1.269782806528000000e+12,8.137409687042236328e-01
7.160000000000000000e+02,8.800000000000000000e+02,8.221101450937555910e+01,0.000000000000000000e+00,3.720000000000000000e+02,5.472705280000000000e+08,1.540376657920000000e+11,0.000000000000000000e+00
1.923000000000000000e+03,3.054000000000000000e+03,5.057653599614995699e+01,8.318903308077030267e-02,1.660000000000000000e+02,2.417051648000000000e+09,3.856119562240000000e+11,4.769425466656684875e-02
7.440000000000000000e+02,3.031000000000000000e+03,6.504474679060767528e+01,5.555555555555555247e-02,1.510000000000000000e+02,2.746465280000000000e+09,4.568337612800000000e+11,6.462391465902328491e-03
1.590000000000000000e+03,3.169000000000000000e+03,5.360836842963863802e+01,1.666666666666666574e-01,4.100000000000000000e+02,5.477777280000000000e+08,1.411371499520000000e+11,0.000000000000000000e+00
3.794000000000000000e+03,3.376000000000000000e+03,1.394949922334364771e+02,1.963383631246505001e-01,7.000000000000000000e+01,4.521774080000000000e+09,8.075297423360000000e+11,4.387148097157478333e-02
1.690000000000000000e+03,2.250000000000000000e+03,5.420701208177359831e+02,1.208685393243129624e-01,3.000000000000000000e+00,5.031784038400000000e+10,4.124430041088000000e+12,3.194062948226928711e+00
3.101000000000000000e+03,3.380000000000000000e+02,6.256382456855269680e+01,1.756820922315766309e-01,1.200000000000000000e+02,1.610145920000000000e+09,4.548143677440000000e+11,8.406070992350578308e-03
3.078000000000000000e+03,1.074000000000000000e+03,6.009531330454251474e+01,1.666666666666666574e-01,3.160000000000000000e+02,4.352183040000000000e+08,1.322030530560000000e+11,2.870793826878070831e-02
3.434000000000000000e+03,1.226000000000000000e+03,7.638072615694186140e+01,1.860163329510811370e-01,1.130000000000000000e+02,2.657031680000000000e+09,3.958027059200000000e+11,1.962056942284107208e-02
1.690000000000000000e+03,2.249000000000000000e+03,5.402037310679356779e+02,1.351351351351351426e-01,3.000000000000000000e+00,5.031784038400000000e+10,4.124430041088000000e+12,3.194062948226928711e+00
1.260000000000000000e+03,3.925000000000000000e+03,2.043170244022067834e+02,1.527076157636170495e-01,2.900000000000000000e+01,1.019431731200000000e+10,1.588923858944000000e+12,0.000000000000000000e+00
6.090000000000000000e+02,2.594000000000000000e+03,3.380050754515854692e+02,8.944271909999158832e-02,3.100000000000000000e+01,1.543549849600000000e+10,1.268652310528000000e+12,2.477414608001708984e+00
1.677000000000000000e+03,2.891000000000000000e+03,3.788278395090084416e+01,1.863389981249824745e-01,3.820000000000000000e+02,3.255584320000000000e+08,1.482432184320000000e+11,7.576674968004226685e-02
3.567000000000000000e+03,2.394000000000000000e+03,6.173855869088704651e+01,1.178511301977579334e-01,3.780000000000000000e+02,3.485710080000000000e+08,1.624616304640000000e+11,0.000000000000000000e+00
1.822000000000000000e+03,2.207000000000000000e+03,6.519345467109231151e+01,1.010152544552210818e-01,3.000000000000000000e+02,1.208475648000000000e+09,2.149688442880000000e+11,0.000000000000000000e+00
3.782000000000000000e+03,1.959000000000000000e+03,6.278384884667062238e+01,2.000000000000000111e-01,1.950000000000000000e+02,1.265744256000000000e+09,2.763455201280000000e+11,7.307041436433792114e-02
3.442000000000000000e+03,1.608000000000000000e+03,8.241957886405838281e+02,7.142857142857142461e-02,2.510000000000000000e+02,1.120951680000000000e+09,2.118354042880000000e+11,3.045468330383300781e-01
2.440000000000000000e+02,2.925000000000000000e+03,5.959900641082503370e+01,1.860163329510811370e-01,1.440000000000000000e+02,2.731606016000000000e+09,4.188105277440000000e+11,2.888307571411132812e-01
5.420000000000000000e+02,2.458000000000000000e+03,5.893753291000975025e+01,8.838834764831844659e-02,1.600000000000000000e+02,1.700266368000000000e+09,3.477796618240000000e+11,1.986222900450229645e-02
3.429000000000000000e+03,9.450000000000000000e+02,7.567411007941831258e+01,1.397542485937368628e-01,1.590000000000000000e+02,2.391091456000000000e+09,3.734835691520000000e+11,0.000000000000000000e+00
1.950000000000000000e+03,1.568000000000000000e+03,3.067187437415937552e+02,5.882352941176470507e-02,1.450000000000000000e+02,3.227431680000000000e+09,3.931728773120000000e+11,3.534326553344726562e-01
3.171000000000000000e+03,2.675000000000000000e+03,4.371939571406332448e+01,6.666666666666666574e-02,2.420000000000000000e+02,1.493960832000000000e+09,2.710832906240000000e+11,0.000000000000000000e+00
3.979000000000000000e+03,2.418000000000000000e+03,3.143686916839216678e+02,1.153846153846153910e-01,2.700000000000000000e+01,1.238435225600000000e+10,1.530468237312000000e+12,2.036925554275512695e+00
2.803000000000000000e+03,3.044000000000000000e+03,2.450972677323276798e+02,1.111111111111111049e-01,7.900000000000000000e+01,6.795408384000000000e+09,4.628956774400000000e+11,4.103572666645050049e-01
3.147000000000000000e+03,9.970000000000000000e+02,1.405578376015699575e+02,1.664356663246515655e-01,9.500000000000000000e+01,3.394375168000000000e+09,5.609730211840000000e+11,7.624695897102355957e-01
1.160000000000000000e+02,3.025000000000000000e+03,8.980306843856212140e+01,1.976423537605237202e-01,1.640000000000000000e+02,2.050533248000000000e+09,3.406673346560000000e+11,1.269493103027343750e-01
3.975000000000000000e+03,2.415000000000000000e+03,3.894958125613401876e+02,1.216260638526299870e-01,2.700000000000000000e+01,1.238435225600000000e+10,1.530468237312000000e+12,2.036925554275512695e+00
3.402000000000000000e+03,9.810000000000000000e+02,1.263710086153228076e+02,6.666666666666666574e-02,2.390000000000000000e+02,1.094699904000000000e+09,2.605480509440000000e+11,7.193678617477416992e-02
2.384000000000000000e+03,3.290000000000000000e+02,2.697304278002664546e+02,1.427472527309905370e-01,0.000000000000000000e+00,8.377669222400000000e+10,1.136895144755200000e+13,5.675861835479736328e-01
2.774000000000000000e+03,3.284000000000000000e+03,1.252392832659885471e+02,1.963383631246505001e-01,6.200000000000000000e+01,7.472852480000000000e+09,7.617833861120000000e+11,6.833025813102722168e-01
7.260000000000000000e+02,2.569000000000000000e+03,3.637204324522211607e+01,1.720052290384453675e-01,3.530000000000000000e+02,5.401441920000000000e+08,1.662799708160000000e+11,2.892997302114963531e-02
2.519000000000000000e+03,1.016000000000000000e+03,4.517384210112855953e+02,1.414213562373095034e-01,9.000000000000000000e+00,2.156558540800000000e+10,2.274888253440000000e+12,8.735226988792419434e-01
3.420000000000000000e+02,1.476000000000000000e+03,3.048545122675458288e+02,1.766955119650091000e-01,7.000000000000000000e+00,3.392714137600000000e+10,2.913892564992000000e+12,4.570787429809570312e+00
2.224000000000000000e+03,3.058000000000000000e+03,7.161526632511127843e+01,8.695652173913043237e-02,1.600000000000000000e+01,1.937281843200000000e+10,1.002276192256000000e+12,7.867671847343444824e-01
1.314000000000000000e+03,1.710000000000000000e+03,9.576505294882035457e+01,1.111111111111111049e-01,9.900000000000000000e+01,6.651615232000000000e+09,4.739571056640000000e+11,5.995762534439563751e-03
2.750000000000000000e+03,3.656000000000000000e+03,8.348239283924162635e+01,7.692307692307692735e-02,1.110000000000000000e+02,1.490579456000000000e+09,2.051426385920000000e+11,3.236221894621849060e-02
3.995000000000000000e+03,1.520000000000000000e+03,4.566403571214775781e+01,1.087856586440842377e-01,3.270000000000000000e+02,8.375604480000000000e+08,1.751238082560000000e+11,0.000000000000000000e+00
3.822000000000000000e+03,1.659000000000000000e+03,4.894979862284100136e+01,7.692307692307692735e-02,2.030000000000000000e+02,5.756777600000000000e+08,1.941480734720000000e+11,9.870987385511398315e-02
2.069000000000000000e+03,2.842000000000000000e+03,2.245827521227384125e+02,1.428571428571428492e-01,6.500000000000000000e+01,8.930834432000000000e+09,7.377056563200000000e+11,2.099134683609008789e+00
2.390000000000000000e+02,1.135000000000000000e+03,2.239902920722288400e+02,1.304347826086956486e-01,5.600000000000000000e+01,8.372165632000000000e+09,9.969321902080000000e+11,1.320460557937622070e+00
2.692000000000000000e+03,3.215000000000000000e+03,9.032907596243239823e+01,1.010152544552210818e-01,1.980000000000000000e+02,1.823513216000000000e+09,2.506064363520000000e+11,1.331411115825176239e-02
2.389000000000000000e+03,2.539000000000000000e+03,2.722207155752105336e+02,4.761904761904761640e-02,3.000000000000000000e+01,1.280711270400000000e+10,8.244191559680000000e+11,2.003521442413330078e+00
2.212000000000000000e+03,3.704000000000000000e+03,1.456115073027331732e+02,1.860163329510811370e-01,1.260000000000000000e+02,1.674342144000000000e+09,3.931353251840000000e+11,3.196120858192443848e-01
8.250000000000000000e+02,1.477000000000000000e+03,4.813410841966328491e+01,2.000000000000000111e-01,4.540000000000000000e+02,3.197552960000000000e+08,8.025119948800000000e+10,0.000000000000000000e+00
3.273000000000000000e+03,3.286000000000000000e+03,2.366682677875473075e+02,1.843261372817642241e-01,6.000000000000000000e+00,2.321462886400000000e+10,3.045936857088000000e+12,4.250588417053222656e+00
9.240000000000000000e+02,4.660000000000000000e+02,4.943997432234849612e+02,3.448275862068965469e-02,1.500000000000000000e+01,1.594162892800000000e+10,2.064746414080000000e+12,2.757654666900634766e+00
3.270000000000000000e+03,3.286000000000000000e+03,2.640959904584079823e+02,1.916531915253563423e-01,6.000000000000000000e+00,2.321462886400000000e+10,3.045936857088000000e+12,4.250588417053222656e+00
2.245000000000000000e+03,3.783000000000000000e+03,2.098976543042586513e+02,1.792654619833765339e-01,4.800000000000000000e+01,9.209923584000000000e+09,1.063470563328000000e+12,5.686478018760681152e-01
3.041000000000000000e+03,3.391000000000000000e+03,2.736632562172717371e+02,1.264911064067351931e-01,3.300000000000000000e+01,1.268767641600000000e+10,1.303878828032000000e+12,1.093849778175354004e+00
2.614000000000000000e+03,4.000000000000000000e+00,2.248612023844153782e+02,1.860155466378166644e-01,1.400000000000000000e+01,2.786027520000000000e+10,1.979431518208000000e+12,3.603759050369262695e+00
2.246000000000000000e+03,5.820000000000000000e+02,3.032722916338757813e+01,1.000000000000000056e-01,4.570000000000000000e+02,3.330442240000000000e+08,7.997295001600000000e+10,0.000000000000000000e+00
1.300000000000000000e+02,2.332000000000000000e+03,1.906372304181227264e+02,1.961161351381840168e-01,1.800000000000000000e+01,1.490262937600000000e+10,1.419475419136000000e+12,1.013386368751525879e+00
8.900000000000000000e+02,2.526000000000000000e+03,4.694130327914903944e+01,7.142857142857142461e-02,2.540000000000000000e+02,1.414776320000000000e+09,2.527250186240000000e+11,0.000000000000000000e+00
1.716000000000000000e+03,1.659000000000000000e+03,2.247973688954082832e+02,4.166666666666666435e-02,1.700000000000000000e+01,1.223959859200000000e+10,1.187346776064000000e+12,2.400017738342285156e+00
2.462000000000000000e+03,3.121000000000000000e+03,2.041749409039940986e+02,1.666666666666666574e-01,1.200000000000000000e+01,2.284425011200000000e+10,2.239901466624000000e+12,3.446404933929443359e+00
3.334000000000000000e+03,8.190000000000000000e+02,7.590893959810955494e+01,1.315334104411640948e-01,1.420000000000000000e+02,2.753105152000000000e+09,3.924815380480000000e+11,0.000000000000000000e+00
1.656000000000000000e+03,3.018000000000000000e+03,9.059367333856454252e+01,1.875000000000000000e-01,1.480000000000000000e+02,1.804167296000000000e+09,3.542372515840000000e+11,5.573551058769226074e-01
1.710000000000000000e+02,2.145000000000000000e+03,4.566943793256190531e+01,1.720052290384453675e-01,3.240000000000000000e+02,3.948697280000000000e+08,1.732660756480000000e+11,0.000000000000000000e+00
3.366000000000000000e+03,6.240000000000000000e+02,5.777625433698026569e+01,8.333333333333332871e-02,3.730000000000000000e+02,4.087375040000000000e+08,1.537433600000000000e+11,0.000000000000000000e+00
1.769000000000000000e+03,1.609000000000000000e+03,1.487820674711545337e+02,1.663780661615406053e-01,1.250000000000000000e+02,3.574713600000000000e+09,4.212908687360000000e+11,5.837091803550720215e-01
4.960000000000000000e+02,1.812000000000000000e+03,1.645048478255090174e+02,1.994505484123890171e-01,1.100000000000000000e+01,1.421665075200000000e+10,1.753114214400000000e+12,1.261094808578491211e+00
9.430000000000000000e+02,3.720000000000000000e+03,3.103147250688719510e+02,1.664356663246515655e-01,8.600000000000000000e+01,4.879837696000000000e+09,6.154542776320000000e+11,4.639183580875396729e-01
9.710000000000000000e+02,2.621000000000000000e+03,6.264023719864085393e+01,1.897658566033678385e-01,8.800000000000000000e+01,3.431953920000000000e+09,5.633286471680000000e+11,0.000000000000000000e+00
2.510000000000000000e+03,1.867000000000000000e+03,5.275656398071492958e+01,1.860163329510811370e-01,1.280000000000000000e+02,4.207731712000000000e+09,4.357716705280000000e+11,1.003083679825067520e-02
6.350000000000000000e+02,1.693000000000000000e+03,5.341260205414522488e+02,7.692307692307692735e-02,2.680000000000000000e+02,1.058980544000000000e+09,1.964929351680000000e+11,9.750066697597503662e-02
3.545000000000000000e+03,2.477000000000000000e+03,1.345310153399257445e+02,1.788854381999831766e-01,4.000000000000000000e+01,9.953271808000000000e+09,1.281303117824000000e+12,1.119234338402748108e-01
4.180000000000000000e+02,1.366000000000000000e+03,2.069812272522247838e+02,1.495879113092917767e-01,4.000000000000000000e+00,3.802601062400000000e+10,4.025006424064000000e+12,3.468478620052337646e-01
3.014000000000000000e+03,5.630000000000000000e+02,2.094509565790143881e+02,1.664356663246515655e-01,8.300000000000000000e+01,7.333322752000000000e+09,5.761101987840000000e+11,1.337852120399475098e+00
3.106000000000000000e+03,3.173000000000000000e+03,1.114968834761056939e+02,1.087856586440842377e-01,1.580000000000000000e+02,1.341931904000000000e+09,1.860513300480000000e+11,3.629177063703536987e-02
9.210000000000000000e+02,4.680000000000000000e+02,2.198275313817432277e+02,1.542115846551579128e-01,1.500000000000000000e+01,1.594162892800000000e+10,2.064746414080000000e+12,2.757654666900634766e+00
3.184000000000000000e+03,5.800000000000000000e+01,8.818316125094715119e+01,1.597191412499849861e-01,2.350000000000000000e+02,1.789910528000000000e+09,2.301310566400000000e+11,1.099770516157150269e-01
1.837000000000000000e+03,8.830000000000000000e+02,5.116857383670342330e+01,1.010152544552210818e-01,2.300000000000000000e+02,1.177191040000000000e+09,2.513947852800000000e+11,0.000000000000000000e+00
1.809000000000000000e+03,1.916000000000000000e+03,4.458093534742954489e+01,1.597191412499849861e-01,2.810000000000000000e+02,1.284644224000000000e+09,2.199001825280000000e+11,3.346104547381401062e-02
2.170000000000000000e+03,2.607000000000000000e+03,1.344726293828645112e+02,1.944406936956339094e-01,5.100000000000000000e+01,8.195988992000000000e+09,1.038099021824000000e+12,2.238056659698486328e-01
2.398000000000000000e+03,3.260000000000000000e+02,3.077791338513129631e+02,1.686730444518162175e-01,0.000000000000000000e+00,8.377669222400000000e+10,1.136895144755200000e+13,5.675861835479736328e-01
1.209000000000000000e+03,1.658000000000000000e+03,1.037407905736844214e+02,1.863389981249824745e-01,3.470000000000000000e+02,5.773256320000000000e+08,1.564047933440000000e+11,8.532965183258056641e-02
3.095000000000000000e+03,1.081000000000000000e+03,1.627592093198140333e+02,1.792654619833765339e-01,5.200000000000000000e+01,8.784549888000000000e+09,9.930926981120000000e+11,3.149703741073608398e-01
1.689000000000000000e+03,2.247000000000000000e+03,4.193856814699100255e+02,1.575932944552783932e-01,3.000000000000000000e+00,5.031784038400000000e+10,4.124430041088000000e+12,3.194062948226928711e+00
2.748000000000000000e+03,3.657000000000000000e+03,1.109296660503127896e+02,1.087856586440842377e-01,1.110000000000000000e+02,1.490579456000000000e+09,2.051426385920000000e+11,3.236221894621849060e-02
3.290000000000000000e+03,1.550000000000000000e+03,7.090126800019608311e+01,1.897658566033678385e-01,1.000000000000000000e+02,5.067320320000000000e+09,6.003260784640000000e+11,0.000000000000000000e+00
2.343000000000000000e+03,3.120000000000000000e+03,6.847364709179133513e+01,1.756820922315766309e-01,1.290000000000000000e+02,2.992413696000000000e+09,4.594857082880000000e+11,0.000000000000000000e+00
1.420000000000000000e+02,3.254000000000000000e+03,2.728728143729010753e+02,1.961161351381840168e-01,3.200000000000000000e+01,1.154737459200000000e+10,1.562261454848000000e+12,8.456335663795471191e-01
1.195000000000000000e+03,1.702000000000000000e+03,1.416491657023909454e+02,1.176470588235294101e-01,1.160000000000000000e+02,3.898425856000000000e+09,4.367803351040000000e+11,0.000000000000000000e+00
2.340000000000000000e+03,2.448000000000000000e+03,1.597167293607916463e+02,2.000000000000000111e-01,2.000000000000000000e+01,1.773182566400000000e+10,1.272934170624000000e+12,1.895519137382507324e+00
2.517000000000000000e+03,1.572000000000000000e+03,2.496975116016782863e+02,1.567630989332169100e-01,4.400000000000000000e+01,1.090394419200000000e+10,1.034238296064000000e+12,7.928316593170166016e-01
2.950000000000000000e+02,2.467000000000000000e+03,9.040797438297111910e+01,7.692307692307692735e-02,2.200000000000000000e+02,6.968931840000000000e+08,2.078136893440000000e+11,0.000000000000000000e+00
2.012000000000000000e+03,3.986000000000000000e+03,4.046316168397962656e+02,4.347826086956521618e-02,4.600000000000000000e+01,1.164763852800000000e+10,1.045021261824000000e+12,1.535035371780395508e+00
3.268000000000000000e+03,3.294000000000000000e+03,3.329640107564330833e+02,1.355192713636236279e-01,6.000000000000000000e+00,2.321462886400000000e+10,3.045936857088000000e+12,4.250588417053222656e+00
2.180000000000000000e+02,2.321000000000000000e+03,3.406001543976152135e+01,1.000000000000000056e-01,4.510000000000000000e+02,4.715208640000000000e+08,9.305896550400000000e+10,0.000000000000000000e+00
1.721000000000000000e+03,2.294000000000000000e+03,6.213213130440596643e+01,1.720052290384453675e-01,3.090000000000000000e+02,5.701532160000000000e+08,1.980960112640000000e+11,5.738828913308680058e-04
1.680000000000000000e+02,2.069000000000000000e+03,3.320644400336536961e+01,1.863389981249824745e-01,3.850000000000000000e+02,5.595765120000000000e+08,1.562758676480000000e+11,2.008460089564323425e-02
3.094000000000000000e+03,1.075000000000000000e+03,4.280208600862616208e+02,8.695652173913043237e-02,5.200000000000000000e+01,8.784549888000000000e+09,9.930926981120000000e+11,3.149703741073608398e-01
3.278000000000000000e+03,6.050000000000000000e+02,1.176226598007205837e+02,1.538461538461538547e-01,2.950000000000000000e+02,6.594207360000000000e+08,1.879180247040000000e+11,4.961204528808593750e-02
1.621000000000000000e+03,1.603000000000000000e+03,8.746974423987495584e+02,5.555555555555555247e-02,9.400000000000000000e+01,5.584472064000000000e+09,5.205818081280000000e+11,5.259398221969604492e-01
1.664000000000000000e+03,3.698000000000000000e+03,8.986096575755620108e+01,1.581138830084189706e-01,9.300000000000000000e+01,2.634921984000000000e+09,6.339202908160000000e+11,4.281575083732604980e-01
1.662000000000000000e+03,1.078000000000000000e+03,9.719074214790433075e+01,1.490711984999859852e-01,1.900000000000000000e+02,1.711664896000000000e+09,2.957806796800000000e+11,0.000000000000000000e+00
1.073000000000000000e+03,9.350000000000000000e+02,2.208055275955580328e+02,8.838834764831844659e-02,1.500000000000000000e+02,4.068170240000000000e+09,3.656151859200000000e+11,7.556946277618408203e-01
2.467000000000000000e+03,3.121000000000000000e+03,2.270585901146264405e+02,1.490711984999859852e-01,1.200000000000000000e+01,2.284425011200000000e+10,2.239901466624000000e+12,3.446404933929443359e+00
1.495000000000000000e+03,1.686000000000000000e+03,4.594372882879730469e+01,1.720052290384453675e-01,3.120000000000000000e+02,6.164670080000000000e+08,1.880238325760000000e+11,0.000000000000000000e+00
3.769000000000000000e+03,1.258000000000000000e+03,1.166945088946484361e+02,1.928473039599674921e-01,5.700000000000000000e+01,7.847402496000000000e+09,9.251958292480000000e+11,7.964859604835510254e-01
4.930000000000000000e+02,8.340000000000000000e+02,1.160059780451546203e+02,1.505846504842085487e-01,5.500000000000000000e+01,7.281438720000000000e+09,8.199545815040000000e+11,3.597804307937622070e-01
3.269000000000000000e+03,3.288000000000000000e+03,3.711868179610796119e+02,1.515151515151515194e-01,6.000000000000000000e+00,2.321462886400000000e+10,3.045936857088000000e+12,4.250588417053222656e+00
3.705000000000000000e+03,3.722000000000000000e+03,7.737991900625910091e+01,1.663780661615406053e-01,1.520000000000000000e+02,2.955342592000000000e+09,3.941879316480000000e+11,2.590242326259613037e-01
2.726000000000000000e+03,2.464000000000000000e+03,1.403190984811561748e+02,1.792654619833765339e-01,5.300000000000000000e+01,8.349897216000000000e+09,1.000912453632000000e+12,8.435634374618530273e-01
1.069000000000000000e+03,1.150000000000000000e+02,1.403713898475167525e+02,8.318903308077030267e-02,1.470000000000000000e+02,2.007474560000000000e+09,4.196885790720000000e+11,3.573011159896850586e-01
6.480000000000000000e+02,1.719000000000000000e+03,2.176647043949360523e+02,1.578947368421052544e-01,3.500000000000000000e+01,1.143281561600000000e+10,6.191613870080000000e+11,7.271656394004821777e-01
2.851000000000000000e+03,3.985000000000000000e+03,5.326009362519247361e+02,1.282182096936786697e-01,2.000000000000000000e+00,5.628931686400000000e+10,6.278159532032000000e+12,7.123951315879821777e-01
2.413000000000000000e+03,3.454000000000000000e+03,4.276825262861686383e+01,1.538461538461538547e-01,3.580000000000000000e+02,6.998554240000000000e+08,1.721436569600000000e+11,0.000000000000000000e+00
2.462000000000000000e+03,3.118000000000000000e+03,5.964489141541656636e+02,1.054092553389459896e-01,1.200000000000000000e+01,2.284425011200000000e+10,2.239901466624000000e+12,3.446404933929443359e+00
3.772000000000000000e+03,1.262000000000000000e+03,1.819680955310155923e+02,4.545454545454545581e-02,5.700000000000000000e+01,7.847402496000000000e+09,9.251958292480000000e+11,7.964859604835510254e-01
4.390000000000000000e+02,2.730000000000000000e+03,1.406167530215446106e+02,1.428571428571428492e-01,6.100000000000000000e+01,9.361108992000000000e+09,7.905924218880000000e+11,2.025802731513977051e-01
3.102000000000000000e+03,1.264000000000000000e+03,1.055940770248270297e+02,1.505846504842085487e-01,7.800000000000000000e+01,5.756817408000000000e+09,7.567747317760000000e+11,5.334236100316047668e-02
3.770000000000000000e+03,1.262000000000000000e+03,3.062789175294648203e+02,1.016394535227177209e-01,5.700000000000000000e+01,7.847402496000000000e+09,9.251958292480000000e+11,7.964859604835510254e-01
2.527000000000000000e+03,1.013000000000000000e+03,2.162815385756622959e+02,1.666666666666666574e-01,9.000000000000000000e+00,2.156558540800000000e+10,2.274888253440000000e+12,8.735226988792419434e-01
7.180000000000000000e+02,8.790000000000000000e+02,4.669477539109298192e+01,1.863389981249824745e-01,3.720000000000000000e+02,5.472705280000000000e+08,1.540376657920000000e+11,0.000000000000000000e+00
3.647000000000000000e+03,2.680000000000000000e+02,3.128750885244111046e+01,1.720052290384453675e-01,3.650000000000000000e+02,4.033187520000000000e+08,1.703893893120000000e+11,7.649682229384779930e-04
1.650000000000000000e+02,2.072000000000000000e+03,3.702915713002894904e+01,1.863389981249824745e-01,3.850000000000000000e+02,5.595765120000000000e+08,1.562758676480000000e+11,2.008460089564323425e-02
3.881000000000000000e+03,5.360000000000000000e+02,9.492928641868701334e+01,6.250000000000000000e-02,1.690000000000000000e+02,2.371363584000000000e+09,3.570016911360000000e+11,0.000000000000000000e+00
2.968000000000000000e+03,3.715000000000000000e+03,8.804561225145178014e+02,0.000000000000000000e+00,1.090000000000000000e+02,4.211948288000000000e+09,4.665582878720000000e+11,9.797154068946838379e-01
3.630000000000000000e+02,2.167000000000000000e+03,5.132900442042678151e+02,1.315789473684210453e-01,1.000000000000000000e+00,5.404031385600000000e+10,4.775771897856000000e+12,1.709547489881515503e-01
2.237000000000000000e+03,2.163000000000000000e+03,3.736954360616198301e+01,1.578947368421052544e-01,1.040000000000000000e+02,5.843740672000000000e+09,5.778919915520000000e+11,4.973959177732467651e-03
4.500000000000000000e+02,2.146000000000000000e+03,5.042919376546954879e+01,1.863389981249824745e-01,2.890000000000000000e+02,9.407173120000000000e+08,1.640350187520000000e+11,9.322252869606018066e-02
2.200000000000000000e+03,1.647000000000000000e+03,4.869603533676305318e+01,1.863389981249824745e-01,3.640000000000000000e+02,4.553031040000000000e+08,1.432976752640000000e+11,3.647781908512115479e-02
3.620000000000000000e+03,3.971000000000000000e+03,1.113103089117896758e+02,1.567630989332169100e-01,4.900000000000000000e+01,1.021636915200000000e+10,1.022901485568000000e+12,6.887623667716979980e-01
2.414000000000000000e+03,2.627000000000000000e+03,3.108710696095830528e+01,2.000000000000000111e-01,4.580000000000000000e+02,4.371222720000000000e+08,9.059487744000000000e+10,0.000000000000000000e+00
1.243000000000000000e+03,1.350000000000000000e+03,7.940388986758454060e+00,1.111111111111111049e-01,4.680000000000000000e+02,5.224346240000000000e+08,5.330726092800000000e+10,0.000000000000000000e+00
3.088000000000000000e+03,3.612000000000000000e+03,9.514052228303891070e+02,3.448275862068965469e-02,1.300000000000000000e+01,1.881086976000000000e+10,2.053483003904000000e+12,1.574149370193481445e+00
2.640000000000000000e+03,3.081000000000000000e+03,2.649527708756181141e+02,1.785714285714285754e-01,1.000000000000000000e+01,2.532703436800000000e+10,1.915071758336000000e+12,4.421397686004638672e+00
1.070000000000000000e+03,3.200000000000000000e+02,3.674749347790566389e+01,1.490711984999859852e-01,2.360000000000000000e+02,1.219746304000000000e+09,2.748856074240000000e+11,0.000000000000000000e+00
1.807000000000000000e+03,1.917000000000000000e+03,4.819531734508698406e+01,1.428571428571428492e-01,2.810000000000000000e+02,1.284644224000000000e+09,2.199001825280000000e+11,3.346104547381401062e-02
3.516000000000000000e+03,2.194000000000000000e+03,1.316913276133797410e+02,8.838834764831844659e-02,1.740000000000000000e+02,2.256804608000000000e+09,3.629357793280000000e+11,0.000000000000000000e+00
3.169000000000000000e+03,4.090000000000000000e+02,5.983489076171427712e+01,1.087856586440842377e-01,3.230000000000000000e+02,6.811424000000000000e+08,1.798026690560000000e+11,5.580879002809524536e-02
1.662000000000000000e+03,3.701000000000000000e+03,7.471760331269678090e+01,1.118033988749894958e-01,9.300000000000000000e+01,2.634921984000000000e+09,6.339202908160000000e+11,4.281575083732604980e-01
2.297000000000000000e+03,2.465000000000000000e+03,6.394274332692336316e+01,1.863389981249824745e-01,3.900000000000000000e+02,3.359978560000000000e+08,1.444374773760000000e+11,4.727732855826616287e-03
3.558000000000000000e+03,1.403000000000000000e+03,7.696086340785232949e+01,1.767766952966368932e-01,1.390000000000000000e+02,3.034572544000000000e+09,3.687495434240000000e+11,3.046059608459472656e-01
3.527000000000000000e+03,1.255000000000000000e+03,6.071917390643355361e+01,1.333333333333333315e-01,1.210000000000000000e+02,2.357122304000000000e+09,2.898401689600000000e+11,1.634987145662307739e-01
6.000000000000000000e+02,3.808000000000000000e+03,3.418233634752608907e+01,1.818181818181818232e-01,3.940000000000000000e+02,3.792263360000000000e+08,1.152684769280000000e+11,0.000000000000000000e+00
1.410000000000000000e+02,3.250000000000000000e+03,4.882219513977838687e+02,3.846153846153846367e-02,3.200000000000000000e+01,1.154737459200000000e+10,1.562261454848000000e+12,8.456335663795471191e-01
3.529000000000000000e+03,1.724000000000000000e+03,9.632253766995386002e+01,0.000000000000000000e+00,3.050000000000000000e+02,8.581805440000000000e+08,1.842686033920000000e+11,0.000000000000000000e+00
1.493000000000000000e+03,1.419000000000000000e+03,1.004402623418232139e+02,1.242259987499883256e-01,1.150000000000000000e+02,4.847934976000000000e+09,5.071829401600000000e+11,1.144441142678260803e-01
3.164000000000000000e+03,3.337000000000000000e+03,4.495544941416149243e+01,9.090909090909091161e-02,4.300000000000000000e+02,4.484367040000000000e+08,1.218482503680000000e+11,0.000000000000000000e+00
6.250000000000000000e+02,3.763000000000000000e+03,2.376880058714114909e+02,1.527076157636170495e-01,2.400000000000000000e+01,1.978117324800000000e+10,1.640358739968000000e+12,2.145830392837524414e+00
3.091000000000000000e+03,3.608000000000000000e+03,3.487919510445753986e+02,1.542115846551579128e-01,1.300000000000000000e+01,1.881086976000000000e+10,2.053483003904000000e+12,1.574149370193481445e+00
1.070000000000000000e+03,3.160000000000000000e+02,5.672965887975551169e+01,1.490711984999859852e-01,2.360000000000000000e+02,1.219746304000000000e+09,2.748856074240000000e+11,0.000000000000000000e+00
3.091000000000000000e+03,1.080000000000000000e+03,1.543942629348007358e+02,1.844626385704036808e-01,5.200000000000000000e+01,8.784549888000000000e+09,9.930926981120000000e+11,3.149703741073608398e-01
1.403000000000000000e+03,1.339000000000000000e+03,8.774592767326051046e+01,1.663780661615406053e-01,1.330000000000000000e+02,2.948885760000000000e+09,4.005123194880000000e+11,4.462803006172180176e-01
2.843000000000000000e+03,3.984000000000000000e+03,6.057706211992243652e+02,1.010152544552210679e-01,2.000000000000000000e+00,5.628931686400000000e+10,6.278159532032000000e+12,7.123951315879821777e-01
1.661000000000000000e+03,1.077000000000000000e+03,9.175968832923992125e+01,2.000000000000000111e-01,1.900000000000000000e+02,1.711664896000000000e+09,2.957806796800000000e+11,0.000000000000000000e+00
2.139000000000000000e+03,1.476000000000000000e+03,1.170281615206941552e+02,1.087856586440842377e-01,2.130000000000000000e+02,6.346509440000000000e+08,2.070040903680000000e+11,9.594308794476091862e-04
2.514000000000000000e+03,1.579000000000000000e+03,1.880970735805876757e+02,1.792654619833765339e-01,4.400000000000000000e+01,1.090394419200000000e+10,1.034238296064000000e+12,7.928316593170166016e-01
2.245000000000000000e+03,3.791000000000000000e+03,1.848638469586557846e+02,1.792654619833765339e-01,4.800000000000000000e+01,9.209923584000000000e+09,1.063470563328000000e+12,5.686478018760681152e-01
2.180000000000000000e+02,2.320000000000000000e+03,3.294626288079560794e+01,1.414213562373095034e-01,4.510000000000000000e+02,4.715208640000000000e+08,9.305896550400000000e+10,0.000000000000000000e+00
4.380000000000000000e+02,2.728000000000000000e+03,1.545490771239928733e+02,1.346870059402947850e-01,6.100000000000000000e+01,9.361108992000000000e+09,7.905924218880000000e+11,2.025802731513977051e-01
2.019000000000000000e+03,3.626000000000000000e+03,6.259157151720875589e+01,8.333333333333332871e-02,3.890000000000000000e+02,5.083081280000000000e+08,1.482653859840000000e+11,2.867386676371097565e-02
2.485000000000000000e+03,2.516000000000000000e+03,1.314998528843112240e+02,1.664356663246515655e-01,7.500000000000000000e+01,5.647273984000000000e+09,6.097907220480000000e+11,6.713297367095947266e-01
2.223000000000000000e+03,3.058000000000000000e+03,7.940168926795531945e+01,4.347826086956521618e-02,1.600000000000000000e+01,1.937281843200000000e+10,1.002276192256000000e+12,7.867671847343444824e-01
1.762000000000000000e+03,4.720000000000000000e+02,5.938389279933201692e+01,1.597191412499849861e-01,2.110000000000000000e+02,1.394466176000000000e+09,2.478166507520000000e+11,2.401392906904220581e-02
9.840000000000000000e+02,1.026000000000000000e+03,7.598774198784730061e+01,7.692307692307692735e-02,2.910000000000000000e+02,1.149223552000000000e+09,2.001802035200000000e+11,1.450264174491167068e-02
4.390000000000000000e+02,2.729000000000000000e+03,1.364726142676066729e+02,1.505846504842085487e-01,6.100000000000000000e+01,9.361108992000000000e+09,7.905924218880000000e+11,2.025802731513977051e-01
1.138000000000000000e+03,3.900000000000000000e+03,2.695343288207228625e+02,1.288470508005518933e-01,8.000000000000000000e+00,2.140511027200000000e+10,2.705576689664000000e+12,6.908459067344665527e-01
1.689000000000000000e+03,2.254000000000000000e+03,5.216211443512437427e+02,9.744733176929699925e-02,3.000000000000000000e+00,5.031784038400000000e+10,4.124430041088000000e+12,3.194062948226928711e+00
3.156000000000000000e+03,3.272000000000000000e+03,7.772952339402500002e+02,9.428090415820634951e-02,2.240000000000000000e+02,6.962512000000000000e+08,2.676758282240000000e+11,1.371105313301086426e-01
3.148000000000000000e+03,3.950000000000000000e+03,5.424022464699712032e+01,1.875000000000000000e-01,2.100000000000000000e+02,5.425520640000000000e+08,3.273477652480000000e+11,0.000000000000000000e+00
2.380000000000000000e+03,1.724000000000000000e+03,7.700223561630303948e+01,7.856742013183862228e-02,1.300000000000000000e+02,3.632104192000000000e+09,4.624581591040000000e+11,1.768329180777072906e-02
2.100000000000000000e+03,3.836000000000000000e+03,5.723438773111472244e+01,1.756820922315766309e-01,1.240000000000000000e+02,4.820801024000000000e+09,4.914155356160000000e+11,8.609086275100708008e-02
3.795000000000000000e+03,3.381000000000000000e+03,3.476773066242204777e+02,4.761904761904761640e-02,7.000000000000000000e+01,4.521774080000000000e+09,8.075297423360000000e+11,4.387148097157478333e-02
2.388000000000000000e+03,3.370000000000000000e+02,3.503766009192528372e+02,1.315334104411640948e-01,0.000000000000000000e+00,8.377669222400000000e+10,1.136895144755200000e+13,5.675861835479736328e-01
3.042000000000000000e+03,3.386000000000000000e+03,1.959975531139656084e+02,1.788854381999831766e-01,3.300000000000000000e+01,1.268767641600000000e+10,1.303878828032000000e+12,1.093849778175354004e+00
3.349000000000000000e+03,1.635000000000000000e+03,2.782406327673395197e+01,2.000000000000000111e-01,4.450000000000000000e+02,4.093180480000000000e+08,9.708884787200000000e+10,0.000000000000000000e+00
1.605000000000000000e+03,2.123000000000000000e+03,2.641914762396857554e+02,1.363636363636363535e-01,5.400000000000000000e+01,1.122953011200000000e+10,8.577714094080000000e+11,2.445178747177124023e+00
2.173000000000000000e+03,1.170000000000000000e+02,2.268705057704406158e+02,1.717960677340691911e-01,3.900000000000000000e+01,1.259311308800000000e+10,1.231577808896000000e+12,2.042043924331665039e+00
2.852000000000000000e+03,3.992000000000000000e+03,3.085702337066837799e+02,1.859583256168250986e-01,2.000000000000000000e+00,5.628931686400000000e+10,6.278159532032000000e+12,7.123951315879821777e-01
1.835000000000000000e+03,9.940000000000000000e+02,1.190274234886444589e+02,1.720052290384453675e-01,2.250000000000000000e+02,1.009384704000000000e+09,2.005804810240000000e+11,3.430212289094924927e-02
2.028000000000000000e+03,3.372000000000000000e+03,1.438078559246895907e+02,5.555555555555555247e-02,9.700000000000000000e+01,4.802887680000000000e+09,5.289786736640000000e+11,4.203024804592132568e-01
1.800000000000000000e+02,2.689000000000000000e+03,1.189751963384263007e+02,1.756820922315766309e-01,1.180000000000000000e+02,2.033851904000000000e+09,4.885573795840000000e+11,6.876211613416671753e-02
9.160000000000000000e+02,5.900000000000000000e+01,8.662263208951684135e+01,1.219512195121951192e-01,5.000000000000000000e+00,3.720409907200000000e+10,5.819019034624000000e+12,4.008188247680664062e-01
2.584000000000000000e+03,2.240000000000000000e+02,3.806994200196562588e+02,0.000000000000000000e+00,2.150000000000000000e+02,1.368266624000000000e+09,2.413002588160000000e+11,2.798807621002197266e-01
3.712000000000000000e+03,2.822000000000000000e+03,1.791267945498504162e+02,7.142857142857142461e-02,2.580000000000000000e+02,1.245406848000000000e+09,2.089458892800000000e+11,1.283563021570444107e-02
2.827000000000000000e+03,3.080000000000000000e+03,4.649230443651961764e+01,1.111111111111111049e-01,4.640000000000000000e+02,3.269554240000000000e+08,6.141321625600000000e+10,0.000000000000000000e+00
2.838000000000000000e+03,3.987000000000000000e+03,4.312889452920320537e+02,1.904761904761904656e-01,2.000000000000000000e+00,5.628931686400000000e+10,6.278159532032000000e+12,7.123951315879821777e-01
8.080000000000000000e+02,1.472000000000000000e+03,1.107929265085151513e+02,1.414213562373095034e-01,9.800000000000000000e+01,2.440556544000000000e+09,6.734337146880000000e+11,5.716390162706375122e-02
1.804000000000000000e+03,1.760000000000000000e+03,5.141697126168295284e+01,8.333333333333332871e-02,4.040000000000000000e+02,4.314691200000000000e+08,1.523989217280000000e+11,0.000000000000000000e+00
2.409000000000000000e+03,3.455000000000000000e+03,4.087869219963825884e+01,1.720052290384453675e-01,3.580000000000000000e+02,6.998554240000000000e+08,1.721436569600000000e+11,0.000000000000000000e+00
1.935000000000000000e+03,2.830000000000000000e+02,8.655909514318139486e+01,1.863389981249824745e-01,3.670000000000000000e+02,5.155913600000000000e+08,1.472662405120000000e+11,1.946306824684143066e-01
9.140000000000000000e+02,3.899000000000000000e+03,5.646782921454354209e+01,1.863389981249824745e-01,3.870000000000000000e+02,4.096056000000000000e+08,1.313549352960000000e+11,3.222843259572982788e-02
7.300000000000000000e+02,2.775000000000000000e+03,1.718103210939800647e+02,1.717960677340691911e-01,4.300000000000000000e+01,6.625502720000000000e+09,1.240374575104000000e+12,7.242954522371292114e-02
4.090000000000000000e+02,1.363000000000000000e+03,1.733434829076962842e+02,1.778645621509124530e-01,4.000000000000000000e+00,3.802601062400000000e+10,4.025006424064000000e+12,3.468478620052337646e-01
1.756000000000000000e+03,2.637000000000000000e+03,1.064033388871917367e+02,1.176877882894626220e-01,1.010000000000000000e+02,4.572197376000000000e+09,5.625021071360000000e+11,6.421380676329135895e-03
2.370000000000000000e+02,1.137000000000000000e+03,2.324372217837423875e+02,9.722034684781695468e-02,5.600000000000000000e+01,8.372165632000000000e+09,9.969321902080000000e+11,1.320460557937622070e+00
2.336000000000000000e+03,2.447000000000000000e+03,3.227261412346315410e+02,8.000000000000000167e-02,2.000000000000000000e+01,1.773182566400000000e+10,1.272934170624000000e+12,1.895519137382507324e+00
4.140000000000000000e+02,1.375000000000000000e+03,1.741229920262360906e+02,1.964185503295965418e-01,4.000000000000000000e+00,3.802601062400000000e+10,4.025006424064000000e+12,3.468478620052337646e-01
1.688000000000000000e+03,2.259000000000000000e+03,2.489077034416037577e+02,1.967597267373112913e-01,3.000000000000000000e+00,5.031784038400000000e+10,4.124430041088000000e+12,3.194062948226928711e+00
3.337000000000000000e+03,8.510000000000000000e+02,2.482534652786662122e+01,2.000000000000000111e-01,4.490000000000000000e+02,3.675385280000000000e+08,9.665634304000000000e+10,0.000000000000000000e+00
2.883000000000000000e+03,1.350000000000000000e+02,2.894499551644595385e+02,1.010152544552210818e-01,2.320000000000000000e+02,1.601404544000000000e+09,2.378553425920000000e+11,1.093121021986007690e-01
2.480000000000000000e+02,2.926000000000000000e+03,5.856654214747677401e+01,1.315334104411640948e-01,1.440000000000000000e+02,2.731606016000000000e+09,4.188105277440000000e+11,2.888307571411132812e-01
2.781000000000000000e+03,5.290000000000000000e+02,4.980394053578584845e+01,1.863389981249824745e-01,3.750000000000000000e+02,3.594050560000000000e+08,1.401413304320000000e+11,2.758428268134593964e-02
1.680000000000000000e+03,2.252000000000000000e+03,4.068934822310890809e+02,1.621621621621621712e-01,3.000000000000000000e+00,5.031784038400000000e+10,4.124430041088000000e+12,3.194062948226928711e+00
1.720000000000000000e+03,1.658000000000000000e+03,1.735234688460070061e+02,1.666666666666666574e-01,1.700000000000000000e+01,1.223959859200000000e+10,1.187346776064000000e+12,2.400017738342285156e+00
3.010000000000000000e+02,2.169000000000000000e+03,1.147904312969192091e+02,9.090909090909091161e-02,4.150000000000000000e+02,4.193257600000000000e+08,1.273916375040000000e+11,3.943456336855888367e-02
3.084000000000000000e+03,1.575000000000000000e+03,2.835887257443971166e+01,1.087856586440842377e-01,3.840000000000000000e+02,4.895907840000000000e+08,1.659950202880000000e+11,0.000000000000000000e+00
2.637000000000000000e+03,2.682000000000000000e+03,4.677587378298930503e+02,4.000000000000000083e-02,3.400000000000000000e+01,1.456821657600000000e+10,1.276274671616000000e+12,1.921485066413879395e+00
2.030000000000000000e+03,3.369000000000000000e+03,1.255307284958113598e+02,1.571348402636772446e-01,9.700000000000000000e+01,4.802887680000000000e+09,5.289786736640000000e+11,4.203024804592132568e-01
3.689000000000000000e+03,2.675000000000000000e+03,1.526810807923943614e+01,1.000000000000000056e-01,4.620000000000000000e+02,3.378628160000000000e+08,7.270843187200000000e+10,0.000000000000000000e+00
1.961000000000000000e+03,3.821000000000000000e+03,3.732419473856462133e+01,1.863389981249824745e-01,3.920000000000000000e+02,8.194494720000000000e+08,1.469327114240000000e+11,0.000000000000000000e+00
6.230000000000000000e+02,3.759000000000000000e+03,2.781918587656057298e+02,1.335389361282958987e-01,2.400000000000000000e+01,1.978117324800000000e+10,1.640358739968000000e+12,2.145830392837524414e+00
7.300000000000000000e+02,2.776000000000000000e+03,1.608819488767117321e+02,1.666666666666666574e-01,4.300000000000000000e+01,6.625502720000000000e+09,1.240374575104000000e+12,7.242954522371292114e-02
6.510000000000000000e+02,1.722000000000000000e+03,1.929673913552462068e+02,1.578947368421052544e-01,3.500000000000000000e+01,1.143281561600000000e+10,6.191613870080000000e+11,7.271656394004821777e-01
1.852000000000000000e+03,1.584000000000000000e+03,2.670228819067621018e+01,9.428090415820634951e-02,2.310000000000000000e+02,1.867093120000000000e+09,2.600269414400000000e+11,2.516664098948240280e-03
3.796000000000000000e+03,2.645000000000000000e+03,1.553117727419165135e+02,1.490711984999859852e-01,2.000000000000000000e+02,2.025225472000000000e+09,2.632945827840000000e+11,3.803326785564422607e-01
1.086000000000000000e+03,3.115000000000000000e+03,5.404945434715098429e+01,9.090909090909091161e-02,4.200000000000000000e+02,4.720592000000000000e+08,1.222859407360000000e+11,2.189010754227638245e-02
2.206000000000000000e+03,3.083000000000000000e+03,8.001897235256456042e+01,1.178511301977579334e-01,4.110000000000000000e+02,5.890845440000000000e+08,1.313791836160000000e+11,0.000000000000000000e+00
1.796000000000000000e+03,6.960000000000000000e+02,9.864084488432553144e+01,1.052631578947368363e-01,9.200000000000000000e+01,4.124931584000000000e+09,6.228464107520000000e+11,4.545400738716125488e-01
4.900000000000000000e+02,8.310000000000000000e+02,4.802463095688415251e+02,9.523809523809523281e-02,5.500000000000000000e+01,7.281438720000000000e+09,8.199545815040000000e+11,3.597804307937622070e-01
1.714000000000000000e+03,1.662000000000000000e+03,1.226675345745595536e+02,1.863389981249824745e-01,1.700000000000000000e+01,1.223959859200000000e+10,1.187346776064000000e+12,2.400017738342285156e+00
4.900000000000000000e+02,1.818000000000000000e+03,2.337517657830110238e+02,1.527076157636170495e-01,1.100000000000000000e+01,1.421665075200000000e+10,1.753114214400000000e+12,1.261094808578491211e+00
1.266000000000000000e+03,3.922000000000000000e+03,2.337968149440279433e+02,1.656346649999844434e-01,2.900000000000000000e+01,1.019431731200000000e+10,1.588923858944000000e+12,0.000000000000000000e+00
6.240000000000000000e+02,3.765000000000000000e+03,2.396586659662111174e+02,1.571348402636772168e-01,2.400000000000000000e+01,1.978117324800000000e+10,1.640358739968000000e+12,2.145830392837524414e+00
2.160000000000000000e+02,3.087000000000000000e+03,8.731436808194376908e+01,1.087856586440842377e-01,3.190000000000000000e+02,7.121811840000000000e+08,1.865498132480000000e+11,0.000000000000000000e+00
1.466000000000000000e+03,2.697000000000000000e+03,5.717042502158815864e+01,2.000000000000000111e-01,2.040000000000000000e+02,1.464824448000000000e+09,2.800094740480000000e+11,9.765140414237976074e-01
2.250000000000000000e+02,2.270000000000000000e+03,6.583768125949590910e+01,1.666666666666666574e-01,1.890000000000000000e+02,6.899516160000000000e+08,1.638439321600000000e+11,5.699497461318969727e-02
2.621000000000000000e+03,6.500000000000000000e+01,1.498303820906596115e+02,1.863389981249824745e-01,3.860000000000000000e+02,3.389833600000000000e+08,1.445606195200000000e+11,4.060648847371339798e-03
3.880000000000000000e+03,1.993000000000000000e+03,2.674284444139361767e+02,6.734350297014739251e-02,6.300000000000000000e+01,1.001084723200000000e+10,8.035539353600000000e+11,1.929144382476806641e+00
3.550000000000000000e+02,3.393000000000000000e+03,1.345517388008871933e+02,1.802775637731994507e-01,8.200000000000000000e+01,6.290100736000000000e+09,6.371417128960000000e+11,2.918904721736907959e-01
3.860000000000000000e+03,2.232000000000000000e+03,1.307100966915886033e+02,1.087856586440842377e-01,2.920000000000000000e+02,9.545843200000000000e+08,1.945565265920000000e+11,8.234626799821853638e-02
3.224000000000000000e+03,2.254000000000000000e+03,2.131667964465181342e+02,1.118033988749894958e-01,8.400000000000000000e+01,5.299633664000000000e+09,6.581860433920000000e+11,6.692118048667907715e-01
1.324000000000000000e+03,1.920000000000000000e+03,2.614837425644128288e+01,1.818181818181818232e-01,4.420000000000000000e+02,4.094381440000000000e+08,1.120947814400000000e+11,0.000000000000000000e+00
3.877000000000000000e+03,1.991000000000000000e+03,9.229359126869337615e+02,1.064794274999899953e-01,6.300000000000000000e+01,1.001084723200000000e+10,8.035539353600000000e+11,1.929144382476806641e+00
3.253000000000000000e+03,1.012000000000000000e+03,1.203925086833238680e+02,1.490711984999859852e-01,2.050000000000000000e+02,1.157463040000000000e+09,2.754100920320000000e+11,3.203420713543891907e-02
8.480000000000000000e+02,2.145000000000000000e+03,3.956637200499815776e+01,1.863389981249824745e-01,3.610000000000000000e+02,8.923841920000000000e+08,1.541818122240000000e+11,2.977113984525203705e-02
1.270000000000000000e+03,1.798000000000000000e+03,1.310398235858106659e+02,1.767766952966368654e-01,4.100000000000000000e+01,1.095597670400000000e+10,1.212032876544000000e+12,5.461735725402832031e-01
2.485000000000000000e+03,2.513000000000000000e+03,1.289291776743573052e+02,1.897658566033678385e-01,7.500000000000000000e+01,5.647273984000000000e+09,6.097907220480000000e+11,6.713297367095947266e-01
4.100000000000000000e+02,1.362000000000000000e+03,1.774478649957001721e+02,1.863389981249824745e-01,4.000000000000000000e+00,3.802601062400000000e+10,4.025006424064000000e+12,3.468478620052337646e-01
1.330000000000000000e+02,2.325000000000000000e+03,2.256623965270026417e+02,1.720052290384453675e-01,1.800000000000000000e+01,1.490262937600000000e+10,1.419475419136000000e+12,1.013386368751525879e+00
3.201000000000000000e+03,3.804000000000000000e+03,1.912177723076963218e+02,1.264911064067351931e-01,3.600000000000000000e+01,1.181075353600000000e+10,1.269782806528000000e+12,8.137409687042236328e-01
2.063000000000000000e+03,3.991000000000000000e+03,4.523831980436108324e+01,1.087856586440842377e-01,2.720000000000000000e+02,5.435582080000000000e+08,1.726447943680000000e+11,1.365709211677312851e-02
3.701000000000000000e+03,1.375000000000000000e+03,1.139026241773883612e+02,5.882352941176470507e-02,1.310000000000000000e+02,4.386468352000000000e+09,4.360631746560000000e+11,1.910982578992843628e-01
1.624000000000000000e+03,2.885000000000000000e+03,6.719782057623528715e+01,1.666666666666666574e-01,3.380000000000000000e+02,6.394778880000000000e+08,1.540701716480000000e+11,3.700610995292663574e-02
2.774000000000000000e+03,3.286000000000000000e+03,1.308290224307001779e+02,1.963383631246505001e-01,6.200000000000000000e+01,7.472852480000000000e+09,7.617833861120000000e+11,6.833025813102722168e-01
3.020000000000000000e+02,2.169000000000000000e+03,9.732709277233287537e+01,0.000000000000000000e+00,4.150000000000000000e+02,4.193257600000000000e+08,1.273916375040000000e+11,3.943456336855888367e-02
7.720000000000000000e+02,2.425000000000000000e+03,1.346799874688672389e+02,7.692307692307692735e-02,3.310000000000000000e+02,1.028564544000000000e+09,1.873801052160000000e+11,0.000000000000000000e+00
3.775000000000000000e+03,1.262000000000000000e+03,1.164252287414105211e+02,1.437398936440172637e-01,5.700000000000000000e+01,7.847402496000000000e+09,9.251958292480000000e+11,7.964859604835510254e-01
1.296000000000000000e+03,2.370000000000000000e+02,2.916962639734537532e+01,1.720052290384453675e-01,3.790000000000000000e+02,6.020218880000000000e+08,1.710966538240000000e+11,0.000000000000000000e+00
2.062000000000000000e+03,3.992000000000000000e+03,3.469235247668910915e+02,0.000000000000000000e+00,2.720000000000000000e+02,5.435582080000000000e+08,1.726447943680000000e+11,1.365709211677312851e-02
1.715000000000000000e+03,1.471000000000000000e+03,3.754625282860651936e+01,0.000000000000000000e+00,4.240000000000000000e+02,4.258506880000000000e+08,1.024564264960000000e+11,0.000000000000000000e+00
6.890000000000000000e+02,1.615000000000000000e+03,1.305834832245467680e+02,1.176877882894626220e-01,8.900000000000000000e+01,6.014683136000000000e+09,6.031215820800000000e+11,3.571751117706298828e-01
3.018000000000000000e+03,5.630000000000000000e+02,3.605836741402285952e+02,7.443229275647869625e-02,8.300000000000000000e+01,7.333322752000000000e+09,5.761101987840000000e+11,1.337852120399475098e+00
3.636000000000000000e+03,3.127000000000000000e+03,1.584143441318579448e+02,1.315334104411640948e-01,1.190000000000000000e+02,3.870370048000000000e+09,4.366447411200000000e+11,4.725667238235473633e-01
3.541000000000000000e+03,2.479000000000000000e+03,1.718754890682010625e+02,1.131370849898476055e-01,4.000000000000000000e+01,9.953271808000000000e+09,1.281303117824000000e+12,1.119234338402748108e-01
1.654000000000000000e+03,3.021000000000000000e+03,7.722164328334386596e+01,1.976423537605237202e-01,1.480000000000000000e+02,1.804167296000000000e+09,3.542372515840000000e+11,5.573551058769226074e-01
2.387000000000000000e+03,3.380000000000000000e+02,2.889237198429044611e+02,1.580834852607558572e-01,0.000000000000000000e+00,8.377669222400000000e+10,1.136895144755200000e+13,5.675861835479736328e-01
1.800000000000000000e+01,1.896000000000000000e+03,2.276557163456947137e+02,1.581138830084189706e-01,7.600000000000000000e+01,4.705384448000000000e+09,6.982864732160000000e+11,2.036401629447937012e-01
2.884000000000000000e+03,3.530000000000000000e+03,1.790285972817672757e+02,1.527076157636170495e-01,2.800000000000000000e+01,1.246307840000000000e+10,1.611237163008000000e+12,9.548643231391906738e-01
2.246000000000000000e+03,5.850000000000000000e+02,2.961748385072246492e+01,2.000000000000000111e-01,4.570000000000000000e+02,3.330442240000000000e+08,7.997295001600000000e+10,0.000000000000000000e+00
2.977000000000000000e+03,4.100000000000000000e+01,2.610428958024177746e+02,1.515228816828315950e-01,2.200000000000000000e+01,1.112703795200000000e+10,1.769099100160000000e+12,1.792023628950119019e-01
1.756000000000000000e+03,2.639000000000000000e+03,1.240519049539944518e+02,1.176877882894626220e-01,1.010000000000000000e+02,4.572197376000000000e+09,5.625021071360000000e+11,6.421380676329135895e-03
2.396000000000000000e+03,3.260000000000000000e+02,3.008658260501440509e+02,1.386483884679504952e-01,0.000000000000000000e+00,8.377669222400000000e+10,1.136895144755200000e+13,5.675861835479736328e-01
3.094000000000000000e+03,1.076000000000000000e+03,4.643844805322306684e+02,4.347826086956521618e-02,5.200000000000000000e+01,8.784549888000000000e+09,9.930926981120000000e+11,3.149703741073608398e-01
1.773000000000000000e+03,1.273000000000000000e+03,1.222946621795051101e+02,6.250000000000000000e-02,1.410000000000000000e+02,3.433193472000000000e+09,3.794966282240000000e+11,1.272307150065898895e-02
2.772000000000000000e+03,3.260000000000000000e+02,5.745727239177665524e+01,6.250000000000000000e-02,1.790000000000000000e+02,1.828806528000000000e+09,3.402233610240000000e+11,0.000000000000000000e+00
1.320000000000000000e+02,2.327000000000000000e+03,2.917507085042115023e+02,1.153846153846153910e-01,1.800000000000000000e+01,1.490262937600000000e+10,1.419475419136000000e+12,1.013386368751525879e+00
2.395000000000000000e+03,3.240000000000000000e+02,3.083636041277485447e+02,1.580834852607558572e-01,0.000000000000000000e+00,8.377669222400000000e+10,1.136895144755200000e+13,5.675861835479736328e-01
2.170000000000000000e+03,1.110000000000000000e+02,2.662199347467536086e+02,1.863389981249824745e-01,3.900000000000000000e+01,1.259311308800000000e+10,1.231577808896000000e+12,2.042043924331665039e+00
2.967000000000000000e+03,3.712000000000000000e+03,1.453407209269022360e+02,1.756820922315766309e-01,1.090000000000000000e+02,4.211948288000000000e+09,4.665582878720000000e+11,9.797154068946838379e-01
1.851000000000000000e+03,1.582000000000000000e+03,2.695014696101418039e+01,6.666666666666666574e-02,2.310000000000000000e+02,1.867093120000000000e+09,2.600269414400000000e+11,2.516664098948240280e-03
2.512000000000000000e+03,4.270000000000000000e+02,1.583997098664122518e+02,1.663780661615406053e-01,8.700000000000000000e+01,2.918684928000000000e+09,4.349424435200000000e+11,4.410782754421234131e-01
1.743000000000000000e+03,2.682000000000000000e+03,1.201443848501931768e+02,8.333333333333332871e-02,3.550000000000000000e+02,3.566433600000000000e+08,1.543529267200000000e+11,2.777648903429508209e-02
2.469000000000000000e+03,3.121000000000000000e+03,1.912756208596365468e+02,1.885618083164126990e-01,1.200000000000000000e+01,2.284425011200000000e+10,2.239901466624000000e+12,3.446404933929443359e+00
3.193000000000000000e+03,1.265000000000000000e+03,1.674140918934032527e+02,1.538461538461538547e-01,2.640000000000000000e+02,9.829342080000000000e+08,1.980332441600000000e+11,3.220060467720031738e-01
1.767000000000000000e+03,8.800000000000000000e+02,6.123764906201682834e+01,1.863389981249824745e-01,2.880000000000000000e+02,6.066069760000000000e+08,1.298649497600000000e+11,2.588398754596710205e-02
3.819000000000000000e+03,1.658000000000000000e+03,2.385993464303981852e+02,1.720052290384453675e-01,2.030000000000000000e+02,5.756777600000000000e+08,1.941480734720000000e+11,9.870987385511398315e-02
6.140000000000000000e+02,2.591000000000000000e+03,1.946183259262759861e+02,1.649242250247064112e-01,3.100000000000000000e+01,1.543549849600000000e+10,1.268652310528000000e+12,2.477414608001708984e+00
5.590000000000000000e+02,2.108000000000000000e+03,1.166901325533255260e+02,1.176877882894626220e-01,9.000000000000000000e+01,3.911753472000000000e+09,5.539202990080000000e+11,2.956744432449340820e-01
6.160000000000000000e+02,3.760000000000000000e+03,2.788509864319925668e+02,1.994505484123890171e-01,2.400000000000000000e+01,1.978117324800000000e+10,1.640358739968000000e+12,2.145830392837524414e+00
1.410000000000000000e+02,3.245000000000000000e+03,2.255681990159537804e+02,1.538461538461538547e-01,3.200000000000000000e+01,1.154737459200000000e+10,1.562261454848000000e+12,8.456335663795471191e-01
2.580000000000000000e+02,1.293000000000000000e+03,2.465810758705428185e+01,1.538461538461538547e-01,2.610000000000000000e+02,1.680964992000000000e+09,2.036213514240000000e+11,0.000000000000000000e+00
3.670000000000000000e+03,2.365000000000000000e+03,3.017988149604298442e+01,1.414213562373095034e-01,3.430000000000000000e+02,3.618632640000000000e+08,9.739266457600000000e+10,1.865560002624988556e-02
1.209000000000000000e+03,1.657000000000000000e+03,1.310882562557555957e+02,1.666666666666666574e-01,3.470000000000000000e+02,5.773256320000000000e+08,1.564047933440000000e+11,8.532965183258056641e-02
2.341000000000000000e+03,4.280000000000000000e+02,2.728715266402296180e+01,1.250000000000000000e-01,4.670000000000000000e+02,3.311603200000000000e+08,5.130964582400000000e+10,0.000000000000000000e+00
5.700000000000000000e+02,3.370000000000000000e+03,4.171002278934193441e+01,1.666666666666666574e-01,4.020000000000000000e+02,5.964901120000000000e+08,1.515574067200000000e+11,0.000000000000000000e+00
3.267000000000000000e+03,3.292000000000000000e+03,3.783990179402509852e+02,1.515151515151515194e-01,6.000000000000000000e+00,2.321462886400000000e+10,3.045936857088000000e+12,4.250588417053222656e+00
1.135000000000000000e+03,8.690000000000000000e+02,4.059473680997121505e+02,0.000000000000000000e+00,1.530000000000000000e+02,3.903179264000000000e+09,3.433034219520000000e+11,4.950304031372070312e-01
7.240000000000000000e+02,2.773000000000000000e+03,2.554925420564745480e+02,1.502313031443328895e-01,4.300000000000000000e+01,6.625502720000000000e+09,1.240374575104000000e+12,7.242954522371292114e-02
7.110000000000000000e+02,1.540000000000000000e+03,4.669299407401804558e+01,1.414213562373095034e-01,4.500000000000000000e+02,4.502080000000000000e+08,9.080265932800000000e+10,0.000000000000000000e+00
3.610000000000000000e+02,2.168000000000000000e+03,5.088985357691159948e+02,1.341847240419153930e-01,1.000000000000000000e+00,5.404031385600000000e+10,4.775771897856000000e+12,1.709547489881515503e-01
2.642000000000000000e+03,3.082000000000000000e+03,2.880245947489958098e+02,1.597191412499849861e-01,1.000000000000000000e+01,2.532703436800000000e+10,1.915071758336000000e+12,4.421397686004638672e+00
2.047000000000000000e+03,3.908000000000000000e+03,2.601018248784745310e+02,9.090909090909091161e-02,4.380000000000000000e+02,3.354831680000000000e+08,1.083496611840000000e+11,7.706786505877971649e-03
3.271000000000000000e+03,3.296000000000000000e+03,6.885353106689724427e+02,1.249425947156866806e-01,6.000000000000000000e+00,2.321462886400000000e+10,3.045936857088000000e+12,4.250588417053222656e+00
7.280000000000000000e+02,2.778000000000000000e+03,1.493843528400785203e+02,1.178511301977579334e-01,4.300000000000000000e+01,6.625502720000000000e+09,1.240374575104000000e+12,7.242954522371292114e-02
3.182000000000000000e+03,3.541000000000000000e+03,5.567283288214184722e+01,1.178511301977579334e-01,2.840000000000000000e+02,4.448829120000000000e+08,1.351295795200000000e+11,2.640669979155063629e-02
2.887000000000000000e+03,3.523000000000000000e+03,2.530210101026477787e+02,1.335389361282958987e-01,2.800000000000000000e+01,1.246307840000000000e+10,1.611237163008000000e+12,9.548643231391906738e-01
6.050000000000000000e+02,2.592000000000000000e+03,2.124410670002178847e+02,2.000000000000000111e-01,3.100000000000000000e+01,1.543549849600000000e+10,1.268652310528000000e+12,2.477414608001708984e+00
2.395000000000000000e+03,9.150000000000000000e+02,9.498884616558598282e+01,1.976423537605237202e-01,1.620000000000000000e+02,2.895883776000000000e+09,3.341555793920000000e+11,2.132596969604492188e-01
3.570000000000000000e+03,1.253000000000000000e+03,1.092700270430967890e+02,1.663780661615406053e-01,1.380000000000000000e+02,3.022589184000000000e+09,4.204997181440000000e+11,4.476498663425445557e-01
2.762000000000000000e+03,1.424000000000000000e+03,4.055942948343243870e+01,1.863389981249824745e-01,3.450000000000000000e+02,8.111738880000000000e+08,1.588323614720000000e+11,0.000000000000000000e+00
1.020000000000000000e+03,9.240000000000000000e+02,1.805946201009446099e+02,1.863389981249824745e-01,3.710000000000000000e+02,3.972028800000000000e+08,1.328047636480000000e+11,5.567327886819839478e-02
3.269000000000000000e+03,2.769000000000000000e+03,3.102255247922169019e+02,4.166666666666666435e-02,3.800000000000000000e+01,6.768592384000000000e+09,1.212657696768000000e+12,3.731330037117004395e-01
3.740000000000000000e+02,3.309000000000000000e+03,5.688946974032478465e+01,1.897658566033678385e-01,4.700000000000000000e+01,9.861278720000000000e+09,5.817014681600000000e+11,1.430872678756713867e+00
2.974000000000000000e+03,4.000000000000000000e+01,3.012138508389025446e+02,1.428571428571428492e-01,2.200000000000000000e+01,1.112703795200000000e+10,1.769099100160000000e+12,1.792023628950119019e-01
2.508000000000000000e+03,7.370000000000000000e+02,8.541351809953195584e+01,1.976423537605237202e-01,1.120000000000000000e+02,1.174737792000000000e+09,3.528273428480000000e+11,2.373855710029602051e-01
3.186000000000000000e+03,3.624000000000000000e+03,8.640388337980280653e+01,1.087856586440842377e-01,3.330000000000000000e+02,5.459247360000000000e+08,1.804148080640000000e+11,2.241535298526287079e-02
3.334000000000000000e+03,8.180000000000000000e+02,1.027707199688919673e+02,8.318903308077030267e-02,1.420000000000000000e+02,2.753105152000000000e+09,3.924815380480000000e+11,0.000000000000000000e+00
9.240000000000000000e+02,4.710000000000000000e+02,1.800494547009392932e+02,1.758282590894063580e-01,1.500000000000000000e+01,1.594162892800000000e+10,2.064746414080000000e+12,2.757654666900634766e+00
3.107000000000000000e+03,3.658000000000000000e+03,1.223291354732496217e+02,1.597191412499849861e-01,2.060000000000000000e+02,1.390374016000000000e+09,2.378899783680000000e+11,9.224576503038406372e-02
3.280000000000000000e+03,6.060000000000000000e+02,5.245944005423860546e+01,1.720052290384453675e-01,2.950000000000000000e+02,6.594207360000000000e+08,1.879180247040000000e+11,4.961204528808593750e-02
6.950000000000000000e+02,3.340000000000000000e+02,3.452552385398726642e+01,1.178511301977579334e-01,2.970000000000000000e+02,5.074717760000000000e+08,1.627715010560000000e+11,7.526428252458572388e-02
2.075000000000000000e+03,2.841000000000000000e+03,1.634509723687930318e+02,1.505846504842085487e-01,6.500000000000000000e+01,8.930834432000000000e+09,7.377056563200000000e+11,2.099134683609008789e+00
7.500000000000000000e+01,3.756000000000000000e+03,2.455246749011253016e+01,1.250000000000000000e-01,1.650000000000000000e+02,4.043890176000000000e+09,3.563160535040000000e+11,0.000000000000000000e+00
3.078000000000000000e+03,2.410000000000000000e+03,2.172405248337005048e+02,1.374903330507991073e-01,1.900000000000000000e+01,1.888740147200000000e+10,1.018762625024000000e+12,2.206895589828491211e+00
2.256000000000000000e+03,1.112000000000000000e+03,3.827325129361577751e+02,1.111111111111111049e-01,2.500000000000000000e+01,1.306004275200000000e+10,1.702466420736000000e+12,0.000000000000000000e+00
3.076000000000000000e+03,2.412000000000000000e+03,1.928964931062522510e+02,1.374903330507991073e-01,1.900000000000000000e+01,1.888740147200000000e+10,1.018762625024000000e+12,2.206895589828491211e+00
1.871000000000000000e+03,1.110000000000000000e+02,2.368811979581246874e+01,1.000000000000000056e-01,4.600000000000000000e+02,3.397870720000000000e+08,8.247446732800000000e+10,0.000000000000000000e+00
8.410000000000000000e+02,1.566000000000000000e+03,2.263604980989570237e+01,1.250000000000000000e-01,4.650000000000000000e+02,3.650585600000000000e+08,4.330455040000000000e+10,0.000000000000000000e+00
3.020000000000000000e+03,5.650000000000000000e+02,1.730237723029484869e+02,1.664356663246515655e-01,8.300000000000000000e+01,7.333322752000000000e+09,5.761101987840000000e+11,1.337852120399475098e+00
1.948000000000000000e+03,1.590000000000000000e+03,1.025520200408252407e+02,1.885618083164126990e-01,2.090000000000000000e+02,1.680539008000000000e+09,2.664933130240000000e+11,6.827071309089660645e-02
3.449000000000000000e+03,1.417000000000000000e+03,6.380545518376445102e+01,1.764705882352941291e-01,1.370000000000000000e+02,2.813895936000000000e+09,4.221787832320000000e+11,2.725269179791212082e-03
2.082000000000000000e+03,3.083000000000000000e+03,4.609035794694426613e+01,1.397542485937368628e-01,1.700000000000000000e+02,4.433466880000000000e+09,3.195793571840000000e+11,0.000000000000000000e+00
3.269000000000000000e+03,3.294000000000000000e+03,4.016570792501455003e+02,1.092591295595148199e-01,6.000000000000000000e+00,2.321462886400000000e+10,3.045936857088000000e+12,4.250588417053222656e+00
8.820000000000000000e+02,1.444000000000000000e+03,1.007129695166141232e+02,1.397542485937368628e-01,1.570000000000000000e+02,1.279842816000000000e+09,3.484008775680000000e+11,2.002031058073043823e-01
3.530000000000000000e+02,2.162000000000000000e+03,3.492405743189676741e+02,1.860807318911967267e-01,1.000000000000000000e+00,5.404031385600000000e+10,4.775771897856000000e+12,1.709547489881515503e-01
1.757000000000000000e+03,2.639000000000000000e+03,9.142208737435882426e+01,1.664356663246515655e-01,1.010000000000000000e+02,4.572197376000000000e+09,5.625021071360000000e+11,6.421380676329135895e-03
2.527000000000000000e+03,1.618000000000000000e+03,7.195551756168102031e+01,1.720052290384453675e-01,3.300000000000000000e+02,7.456220800000000000e+08,1.716678328320000000e+11,1.123093739151954651e-01
1.425000000000000000e+03,1.603000000000000000e+03,2.516021844609666758e+01,0.000000000000000000e+00,4.700000000000000000e+02,4.427150080000000000e+08,1.168485785600000000e+10,0.000000000000000000e+00
2.011000000000000000e+03,3.982000000000000000e+03,2.283903165951736014e+02,1.739130434782608647e-01,4.600000000000000000e+01,1.164763852800000000e+10,1.045021261824000000e+12,1.535035371780395508e+00
3.279000000000000000e+03,1.280000000000000000e+03,1.850833693540454874e+02,1.250000000000000000e-01,1.540000000000000000e+02,1.889881472000000000e+09,3.674163445760000000e+11,7.948416471481323242e-02
3.400000000000000000e+03,1.749000000000000000e+03,8.494410618003594493e+01,1.976423537605237202e-01,1.720000000000000000e+02,2.824540416000000000e+09,3.283790069760000000e+11,3.157474398612976074e-01
2.251000000000000000e+03,1.116000000000000000e+03,2.122236074070978589e+02,1.888525745775105347e-01,2.500000000000000000e+01,1.306004275200000000e+10,1.702466420736000000e+12,0.000000000000000000e+00
2.417000000000000000e+03,2.660000000000000000e+03,1.267089202485753958e+02,1.860163329510811370e-01,1.230000000000000000e+02,2.000521472000000000e+09,4.372293877760000000e+11,1.243854522705078125e+00
2.609000000000000000e+03,1.000000000000000000e+00,4.178158010544867125e+02,1.245209608016042829e-01,1.400000000000000000e+01,2.786027520000000000e+10,1.979431518208000000e+12,3.603759050369262695e+00
2.529000000000000000e+03,1.618000000000000000e+03,6.061705972731253667e+01,1.720052290384453675e-01,3.300000000000000000e+02,7.456220800000000000e+08,1.716678328320000000e+11,1.123093739151954651e-01
8.910000000000000000e+02,2.525000000000000000e+03,4.264746013546529468e+01,1.597191412499849861e-01,2.540000000000000000e+02,1.414776320000000000e+09,2.527250186240000000e+11,0.000000000000000000e+00
2.075000000000000000e+03,2.840000000000000000e+03,1.627186700198863321e+02,1.716929178792375721e-01,6.500000000000000000e+01,8.930834432000000000e+09,7.377056563200000000e+11,2.099134683609008789e+00
1.004000000000000000e+03,1.275000000000000000e+03,8.824953764424871849e+01,9.428090415820634951e-02,1.670000000000000000e+02,3.089423872000000000e+09,3.143499120640000000e+11,1.613117009401321411e-01
3.648000000000000000e+03,2.660000000000000000e+02,1.004917605065907651e+02,1.087856586440842377e-01,3.650000000000000000e+02,4.033187520000000000e+08,1.703893893120000000e+11,7.649682229384779930e-04
4.090000000000000000e+02,1.368000000000000000e+03,1.154741023828194244e+02,1.111111111111111049e-01,4.000000000000000000e+00,3.802601062400000000e+10,4.025006424064000000e+12,3.468478620052337646e-01
2.397000000000000000e+03,1.305000000000000000e+03,1.659231123969171904e+02,1.923273145405179907e-01,2.300000000000000000e+01,1.432996761600000000e+10,1.869943144448000000e+12,4.284954965114593506e-01
1.870000000000000000e+03,1.481000000000000000e+03,3.851712607052549231e+01,1.087856586440842377e-01,3.250000000000000000e+02,1.419664384000000000e+09,1.944436572160000000e+11,0.000000000000000000e+00
4.930000000000000000e+02,8.350000000000000000e+02,9.736052473044072997e+01,1.963383631246505001e-01,5.500000000000000000e+01,7.281438720000000000e+09,8.199545815040000000e+11,3.597804307937622070e-01
2.480000000000000000e+03,2.518000000000000000e+03,1.372288950661989588e+02,1.897658566033678385e-01,7.500000000000000000e+01,5.647273984000000000e+09,6.097907220480000000e+11,6.713297367095947266e-01
8.120000000000000000e+02,1.472000000000000000e+03,1.459058262192141626e+02,1.414213562373095034e-01,9.800000000000000000e+01,2.440556544000000000e+09,6.734337146880000000e+11,5.716390162706375122e-02
1.802000000000000000e+03,8.000000000000000000e+02,5.139807617395101147e+01,1.663780661615406053e-01,1.630000000000000000e+02,2.709165312000000000e+09,3.863595909120000000e+11,0.000000000000000000e+00
2.293000000000000000e+03,2.467000000000000000e+03,3.922192222108122905e+01,1.863389981249824745e-01,3.900000000000000000e+02,3.359978560000000000e+08,1.444374773760000000e+11,4.727732855826616287e-03
3.617000000000000000e+03,3.971000000000000000e+03,1.327103565695704788e+02,8.695652173913043237e-02,4.900000000000000000e+01,1.021636915200000000e+10,1.022901485568000000e+12,6.887623667716979980e-01
3.935000000000000000e+03,3.590000000000000000e+03,8.101709388055049033e+01,1.666666666666666574e-01,1.170000000000000000e+02,5.210976768000000000e+09,5.026769797120000000e+11,4.591627046465873718e-02
1.263000000000000000e+03,3.921000000000000000e+03,2.336572376170683754e+02,1.888525745775105347e-01,2.900000000000000000e+01,1.019431731200000000e+10,1.588923858944000000e+12,0.000000000000000000e+00
3.617000000000000000e+03,3.409000000000000000e+03,1.982413492974442306e+02,1.250000000000000000e-01,4.200000000000000000e+01,1.222075596800000000e+10,1.233799348224000000e+12,5.440852642059326172e-01
2.482000000000000000e+03,2.513000000000000000e+03,3.191754299761448692e+02,1.052631578947368363e-01,7.500000000000000000e+01,5.647273984000000000e+09,6.097907220480000000e+11,6.713297367095947266e-01
1.315000000000000000e+03,1.713000000000000000e+03,1.197517293539009415e+02,7.856742013183862228e-02,9.900000000000000000e+01,6.651615232000000000e+09,4.739571056640000000e+11,5.995762534439563751e-03
2.416000000000000000e+03,2.381000000000000000e+03,3.867842380548612624e+01,1.863389981249824745e-01,3.990000000000000000e+02,3.469453120000000000e+08,1.419428003840000000e+11,2.815920859575271606e-02
9.420000000000000000e+02,3.725000000000000000e+03,1.121845035024137616e+02,1.488645855129573925e-01,8.600000000000000000e+01,4.879837696000000000e+09,6.154542776320000000e+11,4.639183580875396729e-01
1.770000000000000000e+03,1.613000000000000000e+03,9.246916640292614886e+01,1.315334104411640948e-01,1.250000000000000000e+02,3.574713600000000000e+09,4.212908687360000000e+11,5.837091803550720215e-01
3.860000000000000000e+03,2.231000000000000000e+03,7.824393670773936549e+01,1.720052290384453675e-01,2.920000000000000000e+02,9.545843200000000000e+08,1.945565265920000000e+11,8.234626799821853638e-02
3.269000000000000000e+03,2.765000000000000000e+03,1.578302697431121260e+02,1.250000000000000000e-01,3.800000000000000000e+01,6.768592384000000000e+09,1.212657696768000000e+12,3.731330037117004395e-01
2.971000000000000000e+03,4.800000000000000000e+01,2.371058528776337653e+02,1.785714285714285754e-01,2.200000000000000000e+01,1.112703795200000000e+10,1.769099100160000000e+12,1.792023628950119019e-01
2.804000000000000000e+03,3.043000000000000000e+03,1.268761089981176582e+02,1.756820922315766309e-01,7.900000000000000000e+01,6.795408384000000000e+09,4.628956774400000000e+11,4.103572666645050049e-01
2.403000000000000000e+03,1.306000000000000000e+03,3.910988851394380958e+02,5.050762722761054091e-02,2.300000000000000000e+01,1.432996761600000000e+10,1.869943144448000000e+12,4.284954965114593506e-01
2.721000000000000000e+03,2.469000000000000000e+03,1.791784463528220499e+02,1.792654619833765339e-01,5.300000000000000000e+01,8.349897216000000000e+09,1.000912453632000000e+12,8.435634374618530273e-01
1.709000000000000000e+03,1.974000000000000000e+03,2.594941977419173327e+02,7.692307692307692735e-02,3.360000000000000000e+02,7.044088320000000000e+08,1.749837414400000000e+11,1.215873584151268005e-01
2.401000000000000000e+03,1.307000000000000000e+03,2.207207394808268077e+02,3.571428571428571230e-02,2.300000000000000000e+01,1.432996761600000000e+10,1.869943144448000000e+12,4.284954965114593506e-01
3.480000000000000000e+02,6.100000000000000000e+02,1.744189746927972919e+02,1.505846504842085487e-01,7.400000000000000000e+01,3.999097856000000000e+09,7.883710136320000000e+11,1.153122663497924805e+00
7.090000000000000000e+02,2.465000000000000000e+03,1.065114867317882101e+02,6.666666666666666574e-02,1.990000000000000000e+02,1.612775168000000000e+09,2.778867630080000000e+11,1.621814519166946411e-01
3.390000000000000000e+03,3.862000000000000000e+03,4.922960330656545835e+01,1.010152544552210818e-01,2.530000000000000000e+02,1.240023296000000000e+09,2.367600394240000000e+11,0.000000000000000000e+00
4.530000000000000000e+02,3.543000000000000000e+03,6.116165103224338395e+01,1.597191412499849861e-01,2.400000000000000000e+02,8.786702080000000000e+08,2.380794265600000000e+11,2.293533980846405029e-01
2.025000000000000000e+03,7.820000000000000000e+02,2.565615170210207907e+02,0.000000000000000000e+00,6.800000000000000000e+01,5.959005184000000000e+09,8.359626014720000000e+11,1.076989397406578064e-01
2.337000000000000000e+03,2.441000000000000000e+03,1.863894188358023882e+02,1.649242250247064112e-01,2.000000000000000000e+01,1.773182566400000000e+10,1.272934170624000000e+12,1.895519137382507324e+00
3.600000000000000000e+02,2.165000000000000000e+03,8.244318043928220732e+02,5.263157894736841813e-02,1.000000000000000000e+00,5.404031385600000000e+10,4.775771897856000000e+12,1.709547489881515503e-01
2.840000000000000000e+03,3.987000000000000000e+03,5.107396385810621950e+02,1.428571428571428492e-01,2.000000000000000000e+00,5.628931686400000000e+10,6.278159532032000000e+12,7.123951315879821777e-01
6.140000000000000000e+02,9.210000000000000000e+02,9.273207459181487877e+01,4.761904761904761640e-02,7.700000000000000000e+01,5.899091456000000000e+09,7.579769241600000000e+11,0.000000000000000000e+00
3.182000000000000000e+03,3.544000000000000000e+03,4.286039641558146940e+01,1.863389981249824745e-01,2.840000000000000000e+02,4.448829120000000000e+08,1.351295795200000000e+11,2.640669979155063629e-02
2.385000000000000000e+03,3.230000000000000000e+02,2.855266606412897659e+02,1.960784313725490169e-01,0.000000000000000000e+00,8.377669222400000000e+10,1.136895144755200000e+13,5.675861835479736328e-01
3.580000000000000000e+02,2.170000000000000000e+03,2.793944843086890728e+02,1.915818391915925789e-01,1.000000000000000000e+00,5.404031385600000000e+10,4.775771897856000000e+12,1.709547489881515503e-01
5.230000000000000000e+02,1.417000000000000000e+03,9.014575963575057926e+01,1.178511301977579334e-01,1.750000000000000000e+02,8.884802560000000000e+08,1.496278794240000000e+11,0.000000000000000000e+00
3.650000000000000000e+02,2.162000000000000000e+03,3.799582355733693362e+02,1.341847240419153930e-01,1.000000000000000000e+00,5.404031385600000000e+10,4.775771897856000000e+12,1.709547489881515503e-01
2.617000000000000000e+03,3.997000000000000000e+03,2.319409683635654744e+02,1.856953381770518607e-01,1.400000000000000000e+01,2.786027520000000000e+10,1.979431518208000000e+12,3.603759050369262695e+00
2.852000000000000000e+03,3.985000000000000000e+03,4.300389056602556934e+02,1.505846504842085487e-01,2.000000000000000000e+00,5.628931686400000000e+10,6.278159532032000000e+12,7.123951315879821777e-01
3.074000000000000000e+03,2.407000000000000000e+03,3.115213186604251518e+02,9.722034684781695468e-02,1.900000000000000000e+01,1.888740147200000000e+10,1.018762625024000000e+12,2.206895589828491211e+00
1.827000000000000000e+03,1.935000000000000000e+03,8.589467292792693343e+01,1.315334104411640948e-01,1.610000000000000000e+02,1.280539904000000000e+09,4.004363632640000000e+11,8.078122884035110474e-02
2.579000000000000000e+03,8.390000000000000000e+02,6.294403060835520591e+02,0.000000000000000000e+00,2.600000000000000000e+01,1.537867468800000000e+10,1.513454567424000000e+12,1.694393157958984375e+00
3.880000000000000000e+03,5.360000000000000000e+02,9.556775972216490800e+01,8.838834764831844659e-02,1.690000000000000000e+02,2.371363584000000000e+09,3.570016911360000000e+11,0.000000000000000000e+00
3.278000000000000000e+03,3.291000000000000000e+03,1.665157927383015704e+02,1.843261372817642241e-01,6.000000000000000000e+00,2.321462886400000000e+10,3.045936857088000000e+12,4.250588417053222656e+00
2.404000000000000000e+03,1.309000000000000000e+03,1.991388067274152434e+02,1.010152544552210818e-01,2.300000000000000000e+01,1.432996761600000000e+10,1.869943144448000000e+12,4.284954965114593506e-01
3.690000000000000000e+03,2.875000000000000000e+03,1.547659598350115573e+02,1.923273145405179907e-01,2.100000000000000000e+01,2.165043609600000000e+10,1.786106085376000000e+12,1.058541417121887207e+00
2.740000000000000000e+02,3.807000000000000000e+03,5.245382406210239878e+01,1.863389981249824745e-01,3.060000000000000000e+02,4.257210880000000000e+08,1.476218224640000000e+11,1.062473375350236893e-02
2.851000000000000000e+03,3.990000000000000000e+03,4.929613997629635378e+02,1.388321879725071539e-01,2.000000000000000000e+00,5.628931686400000000e+10,6.278159532032000000e+12,7.123951315879821777e-01
3.289000000000000000e+03,1.546000000000000000e+03,7.521253528642836272e+01,1.664356663246515655e-01,1.000000000000000000e+02,5.067320320000000000e+09,6.003260784640000000e+11,0.000000000000000000e+00
2.830000000000000000e+03,3.820000000000000000e+02,7.623116363364125903e+01,1.178511301977579334e-01,3.690000000000000000e+02,5.351056320000000000e+08,1.365955379200000000e+11,6.768663879483938217e-04
2.972000000000000000e+03,3.900000000000000000e+01,2.072864277443953824e+02,1.923273145405179907e-01,2.200000000000000000e+01,1.112703795200000000e+10,1.769099100160000000e+12,1.792023628950119019e-01
3.639000000000000000e+03,1.608000000000000000e+03,3.981399613064129284e+01,1.863389981249824745e-01,3.460000000000000000e+02,6.322601600000000000e+08,1.617805639680000000e+11,2.031495869159698486e-01
1.952000000000000000e+03,1.592000000000000000e+03,1.020309316104065118e+02,1.333333333333333315e-01,2.090000000000000000e+02,1.680539008000000000e+09,2.664933130240000000e+11,6.827071309089660645e-02
1.684000000000000000e+03,2.247000000000000000e+03,5.014409876188919384e+02,1.455449947874190297e-01,3.000000000000000000e+00,5.031784038400000000e+10,4.124430041088000000e+12,3.194062948226928711e+00
6.960000000000000000e+02,3.330000000000000000e+02,3.591442106897706310e+01,1.666666666666666574e-01,2.970000000000000000e+02,5.074717760000000000e+08,1.627715010560000000e+11,7.526428252458572388e-02
1.690000000000000000e+03,2.248000000000000000e+03,4.813006164087455545e+02,1.528879526889832530e-01,3.000000000000000000e+00,5.031784038400000000e+10,4.124430041088000000e+12,3.194062948226928711e+00
1.654000000000000000e+03,3.018000000000000000e+03,1.969080890737324978e+02,6.250000000000000000e-02,1.480000000000000000e+02,1.804167296000000000e+09,3.542372515840000000e+11,5.573551058769226074e-01
2.344000000000000000e+03,3.117000000000000000e+03,6.687140882751700133e+01,1.571348402636772446e-01,1.290000000000000000e+02,2.992413696000000000e+09,4.594857082880000000e+11,0.000000000000000000e+00
2.516000000000000000e+03,1.013000000000000000e+03,3.164208834885604347e+02,2.000000000000000111e-01,9.000000000000000000e+00,2.156558540800000000e+10,2.274888253440000000e+12,8.735226988792419434e-01
3.567000000000000000e+03,1.253000000000000000e+03,1.492705928087829932e+02,1.315334104411640948e-01,1.380000000000000000e+02,3.022589184000000000e+09,4.204997181440000000e+11,4.476498663425445557e-01
1.824000000000000000e+03,1.057000000000000000e+03,7.137941688849238631e+01,1.897658566033678385e-01,1.060000000000000000e+02,2.685982464000000000e+09,6.262559211520000000e+11,8.711945414543151855e-01
2.828000000000000000e+03,3.188000000000000000e+03,2.739623445977942993e+02,1.538461538461538547e-01,2.650000000000000000e+02,3.615540160000000000e+08,1.883296890880000000e+11,1.699150539934635162e-02
1.666000000000000000e+03,1.852000000000000000e+03,6.538588444619641393e+01,1.720052290384453675e-01,2.570000000000000000e+02,9.679162880000000000e+08,1.948128542720000000e+11,2.036323845386505127e-01
1.823000000000000000e+03,1.938000000000000000e+03,3.789031491643984140e+01,1.663780661615406053e-01,1.610000000000000000e+02,1.280539904000000000e+09,4.004363632640000000e+11,8.078122884035110474e-02
2.095000000000000000e+03,3.835000000000000000e+03,1.339662445108661757e+02,1.571348402636772446e-01,1.240000000000000000e+02,4.820801024000000000e+09,4.914155356160000000e+11,8.609086275100708008e-02
2.015000000000000000e+03,3.986000000000000000e+03,2.011525011417433006e+02,1.739130434782608647e-01,4.600000000000000000e+01,1.164763852800000000e+10,1.045021261824000000e+12,1.535035371780395508e+00
1.459000000000000000e+03,3.571000000000000000e+03,5.783312982277820424e+01,1.666666666666666574e-01,3.540000000000000000e+02,3.307080320000000000e+08,1.579146117120000000e+11,6.042137742042541504e-02
3.441000000000000000e+03,5.060000000000000000e+02,2.604784828576958944e+02,7.071067811865475172e-02,6.000000000000000000e+01,5.884199936000000000e+09,6.306729164800000000e+11,1.673907041549682617e-01
5.320000000000000000e+02,1.736000000000000000e+03,1.012929408069084900e+02,1.176877882894626220e-01,8.000000000000000000e+01,8.157177344000000000e+09,6.252981125120000000e+11,7.224321365356445312e-02
2.079000000000000000e+03,3.084000000000000000e+03,4.918049958173542535e+01,6.250000000000000000e-02,1.700000000000000000e+02,4.433466880000000000e+09,3.195793571840000000e+11,0.000000000000000000e+00
1.072000000000000000e+03,9.350000000000000000e+02,1.649863215219123163e+02,1.397542485937368628e-01,1.500000000000000000e+02,4.068170240000000000e+09,3.656151859200000000e+11,7.556946277618408203e-01
3.185000000000000000e+03,6.100000000000000000e+01,9.853647105230365355e+01,7.142857142857142461e-02,2.350000000000000000e+02,1.789910528000000000e+09,2.301310566400000000e+11,1.099770516157150269e-01
7.420000000000000000e+02,3.029000000000000000e+03,8.965853903537738745e+01,1.242259987499883256e-01,1.510000000000000000e+02,2.746465280000000000e+09,4.568337612800000000e+11,6.462391465902328491e-03
1.622000000000000000e+03,5.900000000000000000e+01,2.059383378965646614e+02,5.555555555555555247e-02,1.020000000000000000e+02,5.742077440000000000e+09,5.014899261440000000e+11,8.554428815841674805e-01
9.900000000000000000e+01,1.331000000000000000e+03,1.711617964503377323e+02,1.844626385704036808e-01,5.000000000000000000e+01,7.797797888000000000e+09,1.035582898176000000e+12,4.051990509033203125e-01
3.201000000000000000e+03,1.940000000000000000e+03,1.149724196092506645e+01,1.571348402636772446e-01,1.490000000000000000e+02,4.130169088000000000e+09,5.134606336000000000e+11,0.000000000000000000e+00
2.397000000000000000e+03,3.240000000000000000e+02,2.990440447600121843e+02,1.807753815155468124e-01,0.000000000000000000e+00,8.377669222400000000e+10,1.136895144755200000e+13,5.675861835479736328e-01
3.530000000000000000e+02,3.398000000000000000e+03,1.694913502442213087e+02,1.000000000000000056e-01,8.200000000000000000e+01,6.290100736000000000e+09,6.371417128960000000e+11,2.918904721736907959e-01
2.244000000000000000e+03,3.788000000000000000e+03,2.904914680603999386e+02,9.722034684781695468e-02,4.800000000000000000e+01,9.209923584000000000e+09,1.063470563328000000e+12,5.686478018760681152e-01
2.381000000000000000e+03,1.722000000000000000e+03,7.778454420623533849e+01,1.666666666666666574e-01,1.300000000000000000e+02,3.632104192000000000e+09,4.624581591040000000e+11,1.768329180777072906e-02
8.390000000000000000e+02,4.390000000000000000e+02,1.141309959850668889e+02,0.000000000000000000e+00,8.500000000000000000e+01,6.778748416000000000e+09,6.711748853760000000e+11,0.000000000000000000e+00
2.826000000000000000e+03,3.189000000000000000e+03,9.208982223098614668e+02,1.720052290384453675e-01,2.650000000000000000e+02,3.615540160000000000e+08,1.883296890880000000e+11,1.699150539934635162e-02
2.254000000000000000e+03,1.112000000000000000e+03,3.569721642200382803e+02,1.335389361282958987e-01,2.500000000000000000e+01,1.306004275200000000e+10,1.702466420736000000e+12,0.000000000000000000e+00
7.250000000000000000e+02,2.773000000000000000e+03,2.533562974833485271e+02,1.317615691736824801e-01,4.300000000000000000e+01,6.625502720000000000e+09,1.240374575104000000e+12,7.242954522371292114e-02
2.445000000000000000e+03,1.599000000000000000e+03,3.585009187135214574e+02,1.333333333333333315e-01,2.010000000000000000e+02,1.514802688000000000e+09,2.663109427200000000e+11,3.404684662818908691e-01
2.138000000000000000e+03,1.475000000000000000e+03,6.082449045212970162e+01,1.538461538461538547e-01,2.130000000000000000e+02,6.346509440000000000e+08,2.070040903680000000e+11,9.594308794476091862e-04
3.795000000000000000e+03,3.379000000000000000e+03,8.304047002511798610e+02,4.761904761904761640e-02,7.000000000000000000e+01,4.521774080000000000e+09,8.075297423360000000e+11,4.387148097157478333e-02
8.130000000000000000e+02,1.471000000000000000e+03,1.816229370620663133e+02,1.581138830084189706e-01,9.800000000000000000e+01,2.440556544000000000e+09,6.734337146880000000e+11,5.716390162706375122e-02
1.312000000000000000e+03,1.713000000000000000e+03,9.889181138348253342e+01,1.242259987499883256e-01,9.900000000000000000e+01,6.651615232000000000e+09,4.739571056640000000e+11,5.995762534439563751e-03
2.211000000000000000e+03,3.701000000000000000e+03,5.349826400105503126e+02,0.000000000000000000e+00,1.260000000000000000e+02,1.674342144000000000e+09,3.931353251840000000e+11,3.196120858192443848e-01
9.570000000000000000e+02,9.080000000000000000e+02,7.017038338128193686e+01,1.720052290384453675e-01,2.930000000000000000e+02,6.906223360000000000e+08,2.063568076800000000e+11,8.101104944944381714e-02
3.455000000000000000e+03,1.418000000000000000e+03,6.500513064418815645e+01,1.860163329510811370e-01,1.370000000000000000e+02,2.813895936000000000e+09,4.221787832320000000e+11,2.725269179791212082e-03
3.476000000000000000e+03,1.265000000000000000e+03,1.108549288975298026e+02,1.720052290384453675e-01,2.760000000000000000e+02,4.420058240000000000e+08,1.852306554880000000e+11,4.506601393222808838e-02
1.823000000000000000e+03,2.206000000000000000e+03,6.001797120703088950e+01,1.428571428571428492e-01,3.000000000000000000e+02,1.208475648000000000e+09,2.149688442880000000e+11,0.000000000000000000e+00
3.661000000000000000e+03,4.550000000000000000e+02,2.064343817198892452e+02,1.505846504842085487e-01,6.600000000000000000e+01,7.834381824000000000e+09,8.073894297600000000e+11,1.438179731369018555e+00
3.196000000000000000e+03,3.804000000000000000e+03,1.282243866385431943e+02,2.000000000000000111e-01,3.600000000000000000e+01,1.181075353600000000e+10,1.269782806528000000e+12,8.137409687042236328e-01
3.890000000000000000e+03,5.880000000000000000e+02,4.037495793347644479e+01,1.720052290384453675e-01,3.220000000000000000e+02,5.697305600000000000e+08,1.900652789760000000e+11,0.000000000000000000e+00
1.723000000000000000e+03,2.296000000000000000e+03,9.410544167650181180e+01,7.692307692307692735e-02,3.090000000000000000e+02,5.701532160000000000e+08,1.980960112640000000e+11,5.738828913308680058e-04
2.990000000000000000e+03,1.019000000000000000e+03,5.519759563452838336e+01,1.597191412499849861e-01,2.900000000000000000e+02,8.722309760000000000e+08,2.141345710080000000e+11,2.310216985642910004e-02
2.760000000000000000e+02,2.790000000000000000e+02,2.098914077981587809e+02,9.428090415820634951e-02,2.120000000000000000e+02,8.252440960000000000e+08,2.681984286720000000e+11,4.292364716529846191e-01
9.290000000000000000e+02,4.680000000000000000e+02,2.018034550580615019e+02,1.542115846551579128e-01,1.500000000000000000e+01,1.594162892800000000e+10,2.064746414080000000e+12,2.757654666900634766e+00
2.975000000000000000e+03,3.900000000000000000e+01,2.326455875408216230e+02,1.821078397711708707e-01,2.200000000000000000e+01,1.112703795200000000e+10,1.769099100160000000e+12,1.792023628950119019e-01
3.621000000000000000e+03,3.968000000000000000e+03,1.174184176855846857e+02,1.792654619833765339e-01,4.900000000000000000e+01,1.021636915200000000e+10,1.022901485568000000e+12,6.887623667716979980e-01
3.774000000000000000e+03,1.258000000000000000e+03,1.227320307621811395e+02,1.638886943392722229e-01,5.700000000000000000e+01,7.847402496000000000e+09,9.251958292480000000e+11,7.964859604835510254e-01
8.420000000000000000e+02,4.380000000000000000e+02,8.511190724166749533e+01,1.581138830084189706e-01,8.500000000000000000e+01,6.778748416000000000e+09,6.711748853760000000e+11,0.000000000000000000e+00
1.414000000000000000e+03,1.419000000000000000e+03,1.505798017721818383e+02,1.571348402636772446e-01,1.140000000000000000e+02,3.367604480000000000e+09,4.616201175040000000e+11,4.400322437286376953e-01
2.844000000000000000e+03,3.988000000000000000e+03,5.464544423226286654e+02,5.323971374999499767e-02,2.000000000000000000e+00,5.628931686400000000e+10,6.278159532032000000e+12,7.123951315879821777e-01
1.868000000000000000e+03,1.110000000000000000e+02,2.086832444457072455e+01,2.000000000000000111e-01,4.600000000000000000e+02,3.397870720000000000e+08,8.247446732800000000e+10,0.000000000000000000e+00
3.692000000000000000e+03,1.530000000000000000e+02,7.777627066618823903e+01,1.664356663246515655e-01,9.600000000000000000e+01,5.135301632000000000e+09,6.143458672640000000e+11,2.233735471963882446e-01
2.063000000000000000e+03,3.992000000000000000e+03,9.002777531418223589e+01,7.692307692307692735e-02,2.720000000000000000e+02,5.435582080000000000e+08,1.726447943680000000e+11,1.365709211677312851e-02
3.336000000000000000e+03,8.490000000000000000e+02,2.772036500490459687e+01,1.000000000000000056e-01,4.490000000000000000e+02,3.675385280000000000e+08,9.665634304000000000e+10,0.000000000000000000e+00
3.172000000000000000e+03,2.677000000000000000e+03,3.121237231488238351e+01,1.885618083164126990e-01,2.420000000000000000e+02,1.493960832000000000e+09,2.710832906240000000e+11,0.000000000000000000e+00
3.203000000000000000e+03,3.805000000000000000e+03,1.334728370032942166e+02,2.000000000000000111e-01,3.600000000000000000e+01,1.181075353600000000e+10,1.269782806528000000e+12,8.137409687042236328e-01
3.794000000000000000e+03,3.379000000000000000e+03,3.137488379026281109e+02,6.734350297014739251e-02,7.000000000000000000e+01,4.521774080000000000e+09,8.075297423360000000e+11,4.387148097157478333e-02
3.651000000000000000e+03,2.680000000000000000e+02,4.033429202817132619e+01,1.720052290384453675e-01,3.650000000000000000e+02,4.033187520000000000e+08,1.703893893120000000e+11,7.649682229384779930e-04
3.267000000000000000e+03,2.765000000000000000e+03,1.775695678902265513e+02,1.502313031443328895e-01,3.800000000000000000e+01,6.768592384000000000e+09,1.212657696768000000e+12,3.731330037117004395e-01
8.290000000000000000e+02,3.693000000000000000e+03,8.969253473828617018e+01,0.000000000000000000e+00,4.120000000000000000e+02,3.917664320000000000e+08,1.356591595520000000e+11,2.591937035322189331e-02
1.774000000000000000e+03,1.275000000000000000e+03,4.659602041200935219e+01,1.976423537605237202e-01,1.410000000000000000e+02,3.433193472000000000e+09,3.794966282240000000e+11,1.272307150065898895e-02
1.470000000000000000e+02,1.419000000000000000e+03,6.282713937221611644e+01,1.663780661615406053e-01,1.360000000000000000e+02,2.809626368000000000e+09,3.971332505600000000e+11,3.292922303080558777e-02
3.170000000000000000e+03,2.673000000000000000e+03,4.502334408015107670e+01,1.333333333333333315e-01,2.420000000000000000e+02,1.493960832000000000e+09,2.710832906240000000e+11,0.000000000000000000e+00
2.970000000000000000e+03,3.717000000000000000e+03,1.492960529584236724e+02,1.571348402636772446e-01,1.090000000000000000e+02,4.211948288000000000e+09,4.665582878720000000e+11,9.797154068946838379e-01
1.450000000000000000e+02,3.247000000000000000e+03,2.071995385741869597e+02,1.720052290384453675e-01,3.200000000000000000e+01,1.154737459200000000e+10,1.562261454848000000e+12,8.456335663795471191e-01
1.264000000000000000e+03,3.927000000000000000e+03,3.958915758838550687e+02,3.703703703703703498e-02,2.900000000000000000e+01,1.019431731200000000e+10,1.588923858944000000e+12,0.000000000000000000e+00
1.134000000000000000e+03,8.660000000000000000e+02,7.705838752267749214e+01,1.976423537605237202e-01,1.530000000000000000e+02,3.903179264000000000e+09,3.433034219520000000e+11,4.950304031372070312e-01
1.250000000000000000e+02,2.327000000000000000e+03,2.573144570198612087e+02,1.538461538461538547e-01,1.800000000000000000e+01,1.490262937600000000e+10,1.419475419136000000e+12,1.013386368751525879e+00
2.383000000000000000e+03,3.260000000000000000e+02,2.454014477227107136e+02,1.849800221971882874e-01,0.000000000000000000e+00,8.377669222400000000e+10,1.136895144755200000e+13,5.675861835479736328e-01
3.102000000000000000e+03,3.410000000000000000e+02,1.042712681123622502e+02,0.000000000000000000e+00,1.200000000000000000e+02,1.610145920000000000e+09,4.548143677440000000e+11,8.406070992350578308e-03
1.998000000000000000e+03,2.800000000000000000e+01,8.093105922813636255e+01,1.538461538461538547e-01,2.710000000000000000e+02,1.136709120000000000e+09,2.014565498880000000e+11,2.419494539499282837e-01
3.614000000000000000e+03,2.263000000000000000e+03,4.846607161716315915e+01,1.666666666666666574e-01,1.770000000000000000e+02,9.143131520000000000e+08,1.572709171200000000e+11,9.588528424501419067e-03
1.849000000000000000e+03,3.659000000000000000e+03,4.417245165127515349e+01,1.976423537605237202e-01,1.970000000000000000e+02,1.901484416000000000e+09,3.233736294400000000e+11,5.048052407801151276e-03
9.270000000000000000e+02,4.620000000000000000e+02,3.918467452600504544e+02,1.542115846551579128e-01,1.500000000000000000e+01,1.594162892800000000e+10,2.064746414080000000e+12,2.757654666900634766e+00
2.395000000000000000e+03,3.370000000000000000e+02,3.011583260485626852e+02,1.413941676652544777e-01,0.000000000000000000e+00,8.377669222400000000e+10,1.136895144755200000e+13,5.675861835479736328e-01
6.120000000000000000e+02,9.250000000000000000e+02,7.530381607442886605e+01,1.963383631246505001e-01,7.700000000000000000e+01,5.899091456000000000e+09,7.579769241600000000e+11,0.000000000000000000e+00
2.089000000000000000e+03,4.810000000000000000e+02,3.810695576568571141e+01,1.597191412499849861e-01,2.430000000000000000e+02,7.393649920000000000e+08,2.244973199360000000e+11,7.631475478410720825e-02
2.721000000000000000e+03,2.467000000000000000e+03,1.609367387115534029e+02,1.792654619833765339e-01,5.300000000000000000e+01,8.349897216000000000e+09,1.000912453632000000e+12,8.435634374618530273e-01
3.430000000000000000e+02,1.466000000000000000e+03,2.967844179950694183e+02,1.940340678009954134e-01,7.000000000000000000e+00,3.392714137600000000e+10,2.913892564992000000e+12,4.570787429809570312e+00
2.380000000000000000e+02,1.140000000000000000e+03,2.227057135694533088e+02,9.722034684781695468e-02,5.600000000000000000e+01,8.372165632000000000e+09,9.969321902080000000e+11,1.320460557937622070e+00
3.043000000000000000e+03,3.392000000000000000e+03,7.524536805945596143e+02,8.944271909999158832e-02,3.300000000000000000e+01,1.268767641600000000e+10,1.303878828032000000e+12,1.093849778175354004e+00
2.506000000000000000e+03,7.370000000000000000e+02,2.464737498444131347e+02,8.838834764831844659e-02,1.120000000000000000e+02,1.174737792000000000e+09,3.528273428480000000e+11,2.373855710029602051e-01
3.015000000000000000e+03,5.660000000000000000e+02,1.748688762868756044e+02,1.488645855129573925e-01,8.300000000000000000e+01,7.333322752000000000e+09,5.761101987840000000e+11,1.337852120399475098e+00
3.778000000000000000e+03,1.086000000000000000e+03,3.080424564959855616e+01,1.178511301977579334e-01,3.810000000000000000e+02,7.137031040000000000e+08,1.453547028480000000e+11,0.000000000000000000e+00
3.130000000000000000e+03,2.700000000000000000e+03,2.723850320306316064e+01,1.818181818181818232e-01,3.150000000000000000e+02,5.062053120000000000e+08,1.108951203840000000e+11,0.000000000000000000e+00
3.403000000000000000e+03,9.840000000000000000e+02,5.189371118795519777e+01,1.490711984999859852e-01,2.390000000000000000e+02,1.094699904000000000e+09,2.605480509440000000e+11,7.193678617477416992e-02
1.391000000000000000e+03,2.584000000000000000e+03,6.422216591934542862e+01,1.976423537605237202e-01,1.910000000000000000e+02,1.375448704000000000e+09,3.619017523200000000e+11,0.000000000000000000e+00
3.221000000000000000e+03,2.251000000000000000e+03,1.704926577901657936e+02,1.118033988749894958e-01,8.400000000000000000e+01,5.299633664000000000e+09,6.581860433920000000e+11,6.692118048667907715e-01
3.044000000000000000e+03,3.386000000000000000e+03,2.448020206214595760e+02,1.600000000000000033e-01,3.300000000000000000e+01,1.268767641600000000e+10,1.303878828032000000e+12,1.093849778175354004e+00
2.847000000000000000e+03,3.993000000000000000e+03,3.447966169345475009e+02,1.448276792928147594e-01,2.000000000000000000e+00,5.628931686400000000e+10,6.278159532032000000e+12,7.123951315879821777e-01
3.270000000000000000e+03,3.296000000000000000e+03,4.324396148687070536e+02,1.355192713636236279e-01,6.000000000000000000e+00,2.321462886400000000e+10,3.045936857088000000e+12,4.250588417053222656e+00
3.613000000000000000e+03,2.263000000000000000e+03,8.578241750585094394e+01,8.333333333333332871e-02,1.770000000000000000e+02,9.143131520000000000e+08,1.572709171200000000e+11,9.588528424501419067e-03
4.150000000000000000e+02,3.221000000000000000e+03,3.300130227240248360e+01,1.428571428571428492e-01,2.830000000000000000e+02,1.296733952000000000e+09,2.140295495680000000e+11,0.000000000000000000e+00
1.608000000000000000e+03,2.123000000000000000e+03,1.844920464814723289e+02,1.928473039599674921e-01,5.400000000000000000e+01,1.122953011200000000e+10,8.577714094080000000e+11,2.445178747177124023e+00
2.560000000000000000e+02,1.294000000000000000e+03,2.727423262362246348e+01,7.692307692307692735e-02,2.610000000000000000e+02,1.680964992000000000e+09,2.036213514240000000e+11,0.000000000000000000e+00
2.385000000000000000e+03,3.370000000000000000e+02,2.459129273744135844e+02,1.663780661615405776e-01,0.000000000000000000e+00,8.377669222400000000e+10,1.136895144755200000e+13,5.675861835479736328e-01
7.730000000000000000e+02,2.426000000000000000e+03,5.064907396217694213e+01,7.692307692307692735e-02,3.310000000000000000e+02,1.028564544000000000e+09,1.873801052160000000e+11,0.000000000000000000e+00
3.570000000000000000e+02,2.162000000000000000e+03,5.463479525188973867e+02,8.321783316232578276e-02,1.000000000000000000e+00,5.404031385600000000e+10,4.775771897856000000e+12,1.709547489881515503e-01
2.526000000000000000e+03,1.015000000000000000e+03,2.427613309643665787e+02,1.490711984999859852e-01,9.000000000000000000e+00,2.156558540800000000e+10,2.274888253440000000e+12,8.735226988792419434e-01
1.625000000000000000e+03,2.884000000000000000e+03,2.846039791169113187e+02,1.178511301977579334e-01,3.380000000000000000e+02,6.394778880000000000e+08,1.540701716480000000e+11,3.700610995292663574e-02
6.230000000000000000e+02,3.758000000000000000e+03,2.276629337761108900e+02,1.656346649999844434e-01,2.400000000000000000e+01,1.978117324800000000e+10,1.640358739968000000e+12,2.145830392837524414e+00
2.198000000000000000e+03,1.646000000000000000e+03,2.293084791711571881e+02,1.666666666666666574e-01,3.640000000000000000e+02,4.553031040000000000e+08,1.432976752640000000e+11,3.647781908512115479e-02
2.239000000000000000e+03,2.157000000000000000e+03,3.283032423216314299e+01,1.897658566033678385e-01,1.040000000000000000e+02,5.843740672000000000e+09,5.778919915520000000e+11,4.973959177732467651e-03
2.512000000000000000e+03,3.224000000000000000e+03,4.329394284724814668e+01,1.863389981249824745e-01,3.700000000000000000e+02,3.395659200000000000e+08,1.525896642560000000e+11,0.000000000000000000e+00
5.800000000000000000e+02,2.405000000000000000e+03,2.371281294335658529e+01,1.285648693066450132e-01,4.330000000000000000e+02,5.267405440000000000e+08,1.234130698240000000e+11,0.000000000000000000e+00
1.319000000000000000e+03,2.831000000000000000e+03,1.052981537201136035e+02,1.010152544552210818e-01,2.870000000000000000e+02,8.163894400000000000e+08,2.115932815360000000e+11,0.000000000000000000e+00
1.609000000000000000e+03,2.955000000000000000e+03,1.445848355491638131e+02,1.016394535227177209e-01,6.400000000000000000e+01,6.949873664000000000e+09,8.574791843840000000e+11,4.483140707015991211e-01
1.369000000000000000e+03,1.381000000000000000e+03,6.635213535606071389e+01,1.285648693066450132e-01,4.180000000000000000e+02,4.905984640000000000e+08,1.172196638720000000e+11,3.831699723377823830e-03
3.389000000000000000e+03,2.935000000000000000e+03,1.130052185642857836e+02,6.734350297014739251e-02,7.200000000000000000e+01,7.327007232000000000e+09,7.772913664000000000e+11,0.000000000000000000e+00
2.731000000000000000e+03,3.640000000000000000e+02,1.735072446604500271e+02,0.000000000000000000e+00,2.990000000000000000e+02,5.162441920000000000e+08,1.705914368000000000e+11,1.019609123468399048e-01
3.371000000000000000e+03,2.980000000000000000e+03,7.678145679320671491e+01,8.333333333333332871e-02,3.950000000000000000e+02,4.555417600000000000e+08,1.569063075840000000e+11,2.446600701659917831e-03
3.776000000000000000e+03,1.959000000000000000e+03,6.269359413498585809e+01,2.000000000000000111e-01,1.950000000000000000e+02,1.265744256000000000e+09,2.763455201280000000e+11,7.307041436433792114e-02
2.253000000000000000e+03,1.111000000000000000e+03,2.448098084386241169e+02,1.851851851851851749e-01,2.500000000000000000e+01,1.306004275200000000e+10,1.702466420736000000e+12,0.000000000000000000e+00
3.047000000000000000e+03,3.388000000000000000e+03,1.886042720123629124e+02,1.442220510185595606e-01,3.300000000000000000e+01,1.268767641600000000e+10,1.303878828032000000e+12,1.093849778175354004e+00
6.210000000000000000e+02,3.760000000000000000e+03,4.820980167364602380e+02,7.407407407407406996e-02,2.400000000000000000e+01,1.978117324800000000e+10,1.640358739968000000e+12,2.145830392837524414e+00
3.796000000000000000e+03,2.648000000000000000e+03,6.008505847916885614e+02,9.428090415820634951e-02,2.000000000000000000e+02,2.025225472000000000e+09,2.632945827840000000e+11,3.803326785564422607e-01
3.292000000000000000e+03,6.420000000000000000e+02,4.189558216105839250e+01,1.720052290384453675e-01,3.500000000000000000e+02,6.536188160000000000e+08,1.804572590080000000e+11,0.000000000000000000e+00
6.850000000000000000e+02,1.614000000000000000e+03,1.745762467169419665e+02,1.052631578947368363e-01,8.900000000000000000e+01,6.014683136000000000e+09,6.031215820800000000e+11,3.571751117706298828e-01
3.690000000000000000e+03,1.570000000000000000e+02,1.035869806826405437e+02,7.443229275647869625e-02,9.600000000000000000e+01,5.135301632000000000e+09,6.143458672640000000e+11,2.233735471963882446e-01
3.280000000000000000e+03,1.281000000000000000e+03,7.452149133678557291e+01,1.976423537605237202e-01,1.540000000000000000e+02,1.889881472000000000e+09,3.674163445760000000e+11,7.948416471481323242e-02
2.916000000000000000e+03,3.640000000000000000e+02,5.247850541639068922e+01,1.428571428571428492e-01,2.750000000000000000e+02,9.321776640000000000e+08,2.158241710080000000e+11,4.665264487266540527e-02
3.276000000000000000e+03,3.295000000000000000e+03,2.422572900497085584e+02,1.515151515151515194e-01,6.000000000000000000e+00,2.321462886400000000e+10,3.045936857088000000e+12,4.250588417053222656e+00
2.243000000000000000e+03,3.789000000000000000e+03,1.970347131441079966e+02,1.567630989332169100e-01,4.800000000000000000e+01,9.209923584000000000e+09,1.063470563328000000e+12,5.686478018760681152e-01
3.000000000000000000e+03,3.226000000000000000e+03,7.898535661643630590e+01,1.414213562373095034e-01,4.250000000000000000e+02,6.615753600000000000e+08,9.464701747200000000e+10,0.000000000000000000e+00
8.560000000000000000e+02,2.069000000000000000e+03,2.223380190010250601e+02,1.502313031443328895e-01,4.500000000000000000e+01,1.243060633600000000e+10,1.139536691200000000e+12,6.545064449310302734e-01
3.179000000000000000e+03,3.542000000000000000e+03,6.077859073301600290e+01,1.666666666666666574e-01,2.840000000000000000e+02,4.448829120000000000e+08,1.351295795200000000e+11,2.640669979155063629e-02
3.980000000000000000e+02,8.090000000000000000e+02,1.826829080768283404e+02,1.638886943392722229e-01,5.900000000000000000e+01,7.918117376000000000e+09,9.050025492480000000e+11,1.697563409805297852e+00
2.159000000000000000e+03,1.544000000000000000e+03,1.244866534931217501e+02,1.176470588235294101e-01,1.460000000000000000e+02,2.724431104000000000e+09,3.837422469120000000e+11,1.022337898612022400e-01
2.392000000000000000e+03,3.220000000000000000e+02,3.443842409235023183e+02,1.775565713360277853e-01,0.000000000000000000e+00,8.377669222400000000e+10,1.136895144755200000e+13,5.675861835479736328e-01
3.439000000000000000e+03,1.608000000000000000e+03,8.060760513653048065e+01,1.428571428571428492e-01,2.510000000000000000e+02,1.120951680000000000e+09,2.118354042880000000e+11,3.045468330383300781e-01
9.870000000000000000e+02,1.027000000000000000e+03,3.547871611531216018e+01,1.720052290384453675e-01,2.910000000000000000e+02,1.149223552000000000e+09,2.001802035200000000e+11,1.450264174491167068e-02
3.388000000000000000e+03,2.838000000000000000e+03,2.809146251464136057e+01,9.090909090909091161e-02,4.340000000000000000e+02,4.759219520000000000e+08,1.218685747200000000e+11,0.000000000000000000e+00
3.102000000000000000e+03,1.263000000000000000e+03,1.312716764963752212e+02,1.428571428571428492e-01,7.800000000000000000e+01,5.756817408000000000e+09,7.567747317760000000e+11,5.334236100316047668e-02
2.386000000000000000e+03,2.541000000000000000e+03,1.290029987963494875e+02,1.505846504842085487e-01,3.000000000000000000e+01,1.280711270400000000e+10,8.244191559680000000e+11,2.003521442413330078e+00
1.148000000000000000e+03,3.902000000000000000e+03,1.394242030446828835e+02,1.900863290718193543e-01,8.000000000000000000e+00,2.140511027200000000e+10,2.705576689664000000e+12,6.908459067344665527e-01
3.046000000000000000e+03,3.389000000000000000e+03,2.608131060161034611e+02,8.944271909999158832e-02,3.300000000000000000e+01,1.268767641600000000e+10,1.303878828032000000e+12,1.093849778175354004e+00
2.779000000000000000e+03,3.282000000000000000e+03,1.527077897621360592e+02,1.505846504842085487e-01,6.200000000000000000e+01,7.472852480000000000e+09,7.617833861120000000e+11,6.833025813102722168e-01
2.235000000000000000e+03,2.159000000000000000e+03,3.254328168736491733e+01,1.176877882894626220e-01,1.040000000000000000e+02,5.843740672000000000e+09,5.778919915520000000e+11,4.973959177732467651e-03
2.331000000000000000e+03,1.639000000000000000e+03,4.303804195861598600e+02,0.000000000000000000e+00,1.340000000000000000e+02,1.772967168000000000e+09,2.816054394880000000e+11,6.904131919145584106e-02
6.190000000000000000e+02,3.762000000000000000e+03,9.096676789734960948e+02,7.407407407407406996e-02,2.400000000000000000e+01,1.978117324800000000e+10,1.640358739968000000e+12,2.145830392837524414e+00
2.335000000000000000e+03,2.444000000000000000e+03,9.071685553046269206e+02,5.656854249492380277e-02,2.000000000000000000e+01,1.773182566400000000e+10,1.272934170624000000e+12,1.895519137382507324e+00
9.430000000000000000e+02,3.722000000000000000e+03,1.340631147991298633e+02,7.443229275647869625e-02,8.600000000000000000e+01,4.879837696000000000e+09,6.154542776320000000e+11,4.639183580875396729e-01
3.260000000000000000e+03,1.562000000000000000e+03,8.094381949410559685e+01,1.597191412499849861e-01,2.600000000000000000e+02,7.938867200000000000e+08,2.138420510720000000e+11,1.661869138479232788e-01
2.079000000000000000e+03,3.085000000000000000e+03,4.690330305223255181e+01,8.838834764831844659e-02,1.700000000000000000e+02,4.433466880000000000e+09,3.195793571840000000e+11,0.000000000000000000e+00
2.845000000000000000e+03,3.994000000000000000e+03,2.946948949179580381e+02,1.683587574253684604e-01,2.000000000000000000e+00,5.628931686400000000e+10,6.278159532032000000e+12,7.123951315879821777e-01
4.910000000000000000e+02,8.320000000000000000e+02,2.001629828359982355e+02,6.734350297014739251e-02,5.500000000000000000e+01,7.281438720000000000e+09,8.199545815040000000e+11,3.597804307937622070e-01
3.184000000000000000e+03,3.192000000000000000e+03,1.499842149422472914e+02,1.666666666666666574e-01,3.520000000000000000e+02,5.111344960000000000e+08,1.465756876800000000e+11,7.448452711105346680e-02
2.127000000000000000e+03,2.922000000000000000e+03,6.849027642756944090e+01,1.490711984999859852e-01,1.880000000000000000e+02,2.986171904000000000e+09,2.614912122880000000e+11,0.000000000000000000e+00
3.085000000000000000e+03,3.609000000000000000e+03,3.502787093170188086e+02,1.724137931034482873e-01,1.300000000000000000e+01,1.881086976000000000e+10,2.053483003904000000e+12,1.574149370193481445e+00
1.422000000000000000e+03,1.333000000000000000e+03,6.041420220824538490e+01,1.818181818181818232e-01,4.030000000000000000e+02,4.246495360000000000e+08,1.182183669760000000e+11,9.890734218060970306e-03
2.883000000000000000e+03,1.340000000000000000e+02,8.511834119318397995e+01,1.597191412499849861e-01,2.320000000000000000e+02,1.601404544000000000e+09,2.378553425920000000e+11,1.093121021986007690e-01
2.440000000000000000e+02,2.924000000000000000e+03,8.726608323454090055e+01,1.764705882352941291e-01,1.440000000000000000e+02,2.731606016000000000e+09,4.188105277440000000e+11,2.888307571411132812e-01
8.100000000000000000e+02,1.474000000000000000e+03,9.843516621612691608e+01,2.000000000000000111e-01,9.800000000000000000e+01,2.440556544000000000e+09,6.734337146880000000e+11,5.716390162706375122e-02
2.417000000000000000e+03,2.380000000000000000e+03,1.359454925774199978e+02,8.333333333333332871e-02,3.990000000000000000e+02,3.469453120000000000e+08,1.419428003840000000e+11,2.815920859575271606e-02
1.053000000000000000e+03,6.690000000000000000e+02,6.129650103191855237e+01,1.428571428571428492e-01,2.450000000000000000e+02,1.805912064000000000e+09,2.084656250880000000e+11,0.000000000000000000e+00
2.384000000000000000e+03,3.380000000000000000e+02,2.187236131202613478e+02,1.941077438551306877e-01,0.000000000000000000e+00,8.377669222400000000e+10,1.136895144755200000e+13,5.675861835479736328e-01
3.430000000000000000e+03,9.440000000000000000e+02,7.263471034219062972e+01,1.875000000000000000e-01,1.590000000000000000e+02,2.391091456000000000e+09,3.734835691520000000e+11,0.000000000000000000e+00
3.704000000000000000e+03,3.719000000000000000e+03,1.157988924801896360e+02,8.318903308077030267e-02,1.520000000000000000e+02,2.955342592000000000e+09,3.941879316480000000e+11,2.590242326259613037e-01
5.230000000000000000e+02,1.416000000000000000e+03,5.635509156861195379e+01,1.863389981249824745e-01,1.750000000000000000e+02,8.884802560000000000e+08,1.496278794240000000e+11,0.000000000000000000e+00
1.997000000000000000e+03,3.000000000000000000e+01,7.307174175626177259e+01,1.720052290384453675e-01,2.710000000000000000e+02,1.136709120000000000e+09,2.014565498880000000e+11,2.419494539499282837e-01
3.094000000000000000e+03,3.611000000000000000e+03,2.707091668017135362e+02,1.758282590894063580e-01,1.300000000000000000e+01,1.881086976000000000e+10,2.053483003904000000e+12,1.574149370193481445e+00
3.495000000000000000e+03,3.193000000000000000e+03,1.030183720914603640e+02,1.505846504842085487e-01,6.700000000000000000e+01,6.759896064000000000e+09,7.669665628160000000e+11,5.162037611007690430e-01
2.469000000000000000e+03,2.291000000000000000e+03,1.984408239377064547e+02,8.318903308077030267e-02,1.400000000000000000e+02,3.021581056000000000e+09,3.996486205440000000e+11,7.970087528228759766e-01
3.169000000000000000e+03,4.110000000000000000e+02,6.464259226119673940e+01,1.087856586440842377e-01,3.230000000000000000e+02,6.811424000000000000e+08,1.798026690560000000e+11,5.580879002809524536e-02
2.108000000000000000e+03,3.608000000000000000e+03,9.818422692515520112e+01,1.666666666666666574e-01,3.620000000000000000e+02,3.237032320000000000e+08,1.473524695040000000e+11,3.438935428857803345e-02
7.300000000000000000e+02,2.774000000000000000e+03,1.705937452147182967e+02,1.863389981249824745e-01,4.300000000000000000e+01,6.625502720000000000e+09,1.240374575104000000e+12,7.242954522371292114e-02
9.200000000000000000e+02,5.400000000000000000e+01,1.186317238900010693e+02,3.449301371641695646e-02,5.000000000000000000e+00,3.720409907200000000e+10,5.819019034624000000e+12,4.008188247680664062e-01
9.250000000000000000e+02,4.620000000000000000e+02,5.012343567535294255e+02,1.379310344827586188e-01,1.500000000000000000e+01,1.594162892800000000e+10,2.064746414080000000e+12,2.757654666900634766e+00
7.660000000000000000e+02,1.557000000000000000e+03,1.108095022976584261e+02,9.428090415820634951e-02,1.830000000000000000e+02,1.428196992000000000e+09,2.629062328320000000e+11,5.543422419577836990e-03
1.770000000000000000e+03,1.609000000000000000e+03,1.596776209272995857e+02,1.315334104411640948e-01,1.250000000000000000e+02,3.574713600000000000e+09,4.212908687360000000e+11,5.837091803550720215e-01
1.070000000000000000e+03,3.190000000000000000e+02,3.925792773189269980e+01,9.428090415820634951e-02,2.360000000000000000e+02,1.219746304000000000e+09,2.748856074240000000e+11,0.000000000000000000e+00
6.340000000000000000e+02,1.695000000000000000e+03,1.370457303578880897e+02,1.087856586440842377e-01,2.680000000000000000e+02,1.058980544000000000e+09,1.964929351680000000e+11,9.750066697597503662e-02
1.085000000000000000e+03,3.115000000000000000e+03,8.577677714685702881e+01,1.285648693066450132e-01,4.200000000000000000e+02,4.720592000000000000e+08,1.222859407360000000e+11,2.189010754227638245e-02
3.150000000000000000e+03,3.949000000000000000e+03,1.367939045026940050e+02,8.838834764831844659e-02,2.100000000000000000e+02,5.425520640000000000e+08,3.273477652480000000e+11,0.000000000000000000e+00
2.260000000000000000e+02,2.269000000000000000e+03,7.570368958868954223e+02,1.178511301977579334e-01,1.890000000000000000e+02,6.899516160000000000e+08,1.638439321600000000e+11,5.699497461318969727e-02
3.274000000000000000e+03,3.292000000000000000e+03,4.669961733360929657e+02,6.060606060606060774e-02,6.000000000000000000e+00,2.321462886400000000e+10,3.045936857088000000e+12,4.250588417053222656e+00
2.330000000000000000e+03,1.639000000000000000e+03,2.878916378347023510e+02,6.666666666666666574e-02,1.340000000000000000e+02,1.772967168000000000e+09,2.816054394880000000e+11,6.904131919145584106e-02
1.572000000000000000e+03,2.983000000000000000e+03,2.196236756481094403e+02,1.010152544552210818e-01,2.280000000000000000e+02,1.568986880000000000e+09,2.207783649280000000e+11,2.009579539299011230e-01
2.397000000000000000e+03,1.308000000000000000e+03,1.544009318005808211e+02,1.821078397711708707e-01,2.300000000000000000e+01,1.432996761600000000e+10,1.869943144448000000e+12,4.284954965114593506e-01
2.024000000000000000e+03,7.780000000000000000e+02,1.391152348333305042e+02,1.963383631246505001e-01,6.800000000000000000e+01,5.959005184000000000e+09,8.359626014720000000e+11,1.076989397406578064e-01
3.186000000000000000e+03,3.623000000000000000e+03,2.298282156820719138e+02,7.692307692307692735e-02,3.330000000000000000e+02,5.459247360000000000e+08,1.804148080640000000e+11,2.241535298526287079e-02
2.097000000000000000e+03,3.836000000000000000e+03,1.622888177064108106e+02,5.555555555555555247e-02,1.240000000000000000e+02,4.820801024000000000e+09,4.914155356160000000e+11,8.609086275100708008e-02
2.393000000000000000e+03,2.539000000000000000e+03,9.647423465009894983e+01,1.963383631246505001e-01,3.000000000000000000e+01,1.280711270400000000e+10,8.244191559680000000e+11,2.003521442413330078e+00
2.240000000000000000e+03,2.162000000000000000e+03,4.610912808406522601e+01,1.897658566033678385e-01,1.040000000000000000e+02,5.843740672000000000e+09,5.778919915520000000e+11,4.973959177732467651e-03
1.141000000000000000e+03,3.895000000000000000e+03,2.696022516660341921e+02,1.900863290718193543e-01,8.000000000000000000e+00,2.140511027200000000e+10,2.705576689664000000e+12,6.908459067344665527e-01
8.260000000000000000e+02,1.475000000000000000e+03,5.731730899876527019e+01,1.000000000000000056e-01,4.540000000000000000e+02,3.197552960000000000e+08,8.025119948800000000e+10,0.000000000000000000e+00
6.970000000000000000e+02,9.320000000000000000e+02,7.922987486583039640e+01,1.875000000000000000e-01,1.710000000000000000e+02,2.035380352000000000e+09,3.514815283200000000e+11,1.891390979290008545e-01
3.428000000000000000e+03,1.225000000000000000e+03,8.076150075576852316e+01,1.764705882352941291e-01,1.130000000000000000e+02,2.657031680000000000e+09,3.958027059200000000e+11,1.962056942284107208e-02
2.224000000000000000e+03,3.054000000000000000e+03,8.668915372570039324e+01,1.944406936956339094e-01,1.600000000000000000e+01,1.937281843200000000e+10,1.002276192256000000e+12,7.867671847343444824e-01
7.450000000000000000e+02,3.031000000000000000e+03,5.603185747094256186e+01,7.856742013183862228e-02,1.510000000000000000e+02,2.746465280000000000e+09,4.568337612800000000e+11,6.462391465902328491e-03
1.567000000000000000e+03,2.421000000000000000e+03,8.301249984151753836e+01,1.904761904761904656e-01,8.100000000000000000e+01,2.113757184000000000e+09,7.291969863680000000e+11,5.292919650673866272e-02
1.880000000000000000e+03,2.008000000000000000e+03,4.738926159474364397e+01,1.863389981249824745e-01,3.740000000000000000e+02,4.893059200000000000e+08,1.374361190400000000e+11,2.621973305940628052e-02
1.071000000000000000e+03,3.170000000000000000e+02,4.107799047674598825e+01,1.490711984999859852e-01,2.360000000000000000e+02,1.219746304000000000e+09,2.748856074240000000e+11,0.000000000000000000e+00
2.021000000000000000e+03,7.830000000000000000e+02,1.227497130686634534e+02,1.963383631246505001e-01,6.800000000000000000e+01,5.959005184000000000e+09,8.359626014720000000e+11,1.076989397406578064e-01
3.778000000000000000e+03,1.957000000000000000e+03,8.675742193597627647e+02,1.490711984999859852e-01,1.950000000000000000e+02,1.265744256000000000e+09,2.763455201280000000e+11,7.307041436433792114e-02
3.546000000000000000e+03,2.477000000000000000e+03,1.297629633709711641e+02,2.000000000000000111e-01,4.000000000000000000e+01,9.953271808000000000e+09,1.281303117824000000e+12,1.119234338402748108e-01
2.351000000000000000e+03,2.639000000000000000e+03,9.979912121973502792e+01,1.863389981249824745e-01,3.960000000000000000e+02,3.692078080000000000e+08,1.317974343680000000e+11,2.518715336918830872e-02
5.890000000000000000e+02,4.210000000000000000e+02,8.195430704661201560e+01,1.087856586440842377e-01,2.800000000000000000e+02,1.458594432000000000e+09,2.066967920640000000e+11,0.000000000000000000e+00
3.440000000000000000e+03,1.606000000000000000e+03,2.425671434451464563e+02,1.597191412499849861e-01,2.510000000000000000e+02,1.120951680000000000e+09,2.118354042880000000e+11,3.045468330383300781e-01
2.403000000000000000e+03,1.305000000000000000e+03,3.640029863913094346e+02,7.985957062499249304e-02,2.300000000000000000e+01,1.432996761600000000e+10,1.869943144448000000e+12,4.284954965114593506e-01
6.110000000000000000e+02,2.588000000000000000e+03,2.212144680344924836e+02,1.649242250247064112e-01,3.100000000000000000e+01,1.543549849600000000e+10,1.268652310528000000e+12,2.477414608001708984e+00
3.093000000000000000e+03,1.078000000000000000e+03,9.231009443875552734e+02,6.148754619013457184e-02,5.200000000000000000e+01,8.784549888000000000e+09,9.930926981120000000e+11,3.149703741073608398e-01
3.987000000000000000e+03,1.739000000000000000e+03,6.678490965731344886e+01,1.720052290384453675e-01,2.700000000000000000e+02,8.602592640000000000e+08,2.070787686400000000e+11,7.237505912780761719e-02
2.188000000000000000e+03,3.462000000000000000e+03,3.416751544570561094e+01,1.818181818181818232e-01,4.310000000000000000e+02,3.374096960000000000e+08,1.153168834560000000e+11,3.018159186467528343e-03
3.148000000000000000e+03,1.333000000000000000e+03,2.886874519045365872e+01,2.000000000000000111e-01,4.530000000000000000e+02,3.296599040000000000e+08,8.950447308800000000e+10,0.000000000000000000e+00
2.611000000000000000e+03,3.995000000000000000e+03,5.010176552567685349e+02,1.421760560557814024e-01,1.400000000000000000e+01,2.786027520000000000e+10,1.979431518208000000e+12,3.603759050369262695e+00
2.639000000000000000e+03,2.684000000000000000e+03,2.533576544188493642e+02,1.442220510185595606e-01,3.400000000000000000e+01,1.456821657600000000e+10,1.276274671616000000e+12,1.921485066413879395e+00
5.570000000000000000e+02,2.106000000000000000e+03,4.348546185608029759e+02,5.263157894736841813e-02,9.000000000000000000e+01,3.911753472000000000e+09,5.539202990080000000e+11,2.956744432449340820e-01
3.620000000000000000e+02,2.157000000000000000e+03,5.531575954699284239e+02,1.664356663246515655e-01,1.000000000000000000e+00,5.404031385600000000e+10,4.775771897856000000e+12,1.709547489881515503e-01
1.624000000000000000e+03,6.000000000000000000e+01,1.356062972857114346e+02,1.571348402636772446e-01,1.020000000000000000e+02,5.742077440000000000e+09,5.014899261440000000e+11,8.554428815841674805e-01
1.687000000000000000e+03,2.245000000000000000e+03,3.797790171537670290e+02,1.911099408612290662e-01,3.000000000000000000e+00,5.031784038400000000e+10,4.124430041088000000e+12,3.194062948226928711e+00
3.360000000000000000e+02,1.466000000000000000e+03,5.009081229521937075e+02,1.766955119650091000e-01,7.000000000000000000e+00,3.392714137600000000e+10,2.913892564992000000e+12,4.570787429809570312e+00
1.833000000000000000e+03,9.950000000000000000e+02,3.980056432717528878e+02,1.087856586440842377e-01,2.250000000000000000e+02,1.009384704000000000e+09,2.005804810240000000e+11,3.430212289094924927e-02
2.506000000000000000e+03,1.863000000000000000e+03,7.551523384003606054e+01,1.860163329510811370e-01,1.280000000000000000e+02,4.207731712000000000e+09,4.357716705280000000e+11,1.003083679825067520e-02
3.390000000000000000e+02,1.477000000000000000e+03,2.869909685495882741e+02,1.818181818181818232e-01,7.000000000000000000e+00,3.392714137600000000e+10,2.913892564992000000e+12,4.570787429809570312e+00
3.145000000000000000e+03,9.980000000000000000e+02,1.532935573850579374e+02,1.176877882894626220e-01,9.500000000000000000e+01,3.394375168000000000e+09,5.609730211840000000e+11,7.624695897102355957e-01
1.394000000000000000e+03,2.582000000000000000e+03,8.084885004572187484e+01,6.250000000000000000e-02,1.910000000000000000e+02,1.375448704000000000e+09,3.619017523200000000e+11,0.000000000000000000e+00
3.334000000000000000e+03,8.160000000000000000e+02,1.299018666701524864e+02,8.318903308077030267e-02,1.420000000000000000e+02,2.753105152000000000e+09,3.924815380480000000e+11,0.000000000000000000e+00
2.332000000000000000e+03,2.444000000000000000e+03,1.632613802091756838e+02,1.649242250247064112e-01,2.000000000000000000e+01,1.773182566400000000e+10,1.272934170624000000e+12,1.895519137382507324e+00
2.970000000000000000e+03,3.715000000000000000e+03,2.058390515615240020e+02,1.111111111111111049e-01,1.090000000000000000e+02,4.211948288000000000e+09,4.665582878720000000e+11,9.797154068946838379e-01
3.519000000000000000e+03,2.196000000000000000e+03,8.795966203481476953e+01,1.397542485937368628e-01,1.740000000000000000e+02,2.256804608000000000e+09,3.629357793280000000e+11,0.000000000000000000e+00
2.398000000000000000e+03,3.270000000000000000e+02,3.059796768177968147e+02,1.580834852607558572e-01,0.000000000000000000e+00,8.377669222400000000e+10,1.136895144755200000e+13,5.675861835479736328e-01
2.613000000000000000e+03,3.995000000000000000e+03,4.730402654764781119e+02,1.421760560557814024e-01,1.400000000000000000e+01,2.786027520000000000e+10,1.979431518208000000e+12,3.603759050369262695e+00
2.370000000000000000e+02,1.140000000000000000e+03,1.661154247196885763e+02,1.229750923802691437e-01,5.600000000000000000e+01,8.372165632000000000e+09,9.969321902080000000e+11,1.320460557937622070e+00
3.431000000000000000e+03,2.524000000000000000e+03,1.086546756841965617e+02,1.885618083164126990e-01,1.780000000000000000e+02,1.308760320000000000e+09,3.124685045760000000e+11,7.397050857543945312e-01
3.433000000000000000e+03,2.520000000000000000e+03,4.720613956188905149e+02,1.333333333333333315e-01,1.780000000000000000e+02,1.308760320000000000e+09,3.124685045760000000e+11,7.397050857543945312e-01
2.106000000000000000e+03,3.702000000000000000e+03,9.230006063743392133e+02,0.000000000000000000e+00,3.770000000000000000e+02,6.849020800000000000e+08,1.270833643520000000e+11,1.050892248749732971e-01
1.493000000000000000e+03,1.416000000000000000e+03,4.338973373123875490e+02,7.856742013183862228e-02,1.150000000000000000e+02,4.847934976000000000e+09,5.071829401600000000e+11,1.144441142678260803e-01
1.470000000000000000e+03,1.839000000000000000e+03,8.313321649548183245e+01,1.720052290384453675e-01,2.550000000000000000e+02,9.812340480000000000e+08,1.673714237440000000e+11,9.509994834661483765e-02
8.100000000000000000e+02,1.473000000000000000e+03,1.067379134207103277e+02,1.499999999999999944e-01,9.800000000000000000e+01,2.440556544000000000e+09,6.734337146880000000e+11,5.716390162706375122e-02
2.887000000000000000e+03,3.529000000000000000e+03,1.838852778790891307e+02,1.335389361282958987e-01,2.800000000000000000e+01,1.246307840000000000e+10,1.611237163008000000e+12,9.548643231391906738e-01
2.518000000000000000e+03,1.010000000000000000e+03,3.376602643345584625e+02,1.666666666666666574e-01,9.000000000000000000e+00,2.156558540800000000e+10,2.274888253440000000e+12,8.735226988792419434e-01
1.833000000000000000e+03,9.980000000000000000e+02,6.950563846963734704e+01,1.720052290384453675e-01,2.250000000000000000e+02,1.009384704000000000e+09,2.005804810240000000e+11,3.430212289094924927e-02
5.570000000000000000e+02,2.105000000000000000e+03,5.888949008880549627e+02,7.443229275647869625e-02,9.000000000000000000e+01,3.911753472000000000e+09,5.539202990080000000e+11,2.956744432449340820e-01
2.723000000000000000e+03,2.468000000000000000e+03,6.377461861137436472e+02,8.695652173913043237e-02,5.300000000000000000e+01,8.349897216000000000e+09,1.000912453632000000e+12,8.435634374618530273e-01
2.850000000000000000e+03,3.980000000000000000e+03,2.994222778485330991e+02,1.919585178166321182e-01,2.000000000000000000e+00,5.628931686400000000e+10,6.278159532032000000e+12,7.123951315879821777e-01
1.847000000000000000e+03,3.661000000000000000e+03,8.619058350780616706e+01,8.838834764831844659e-02,1.970000000000000000e+02,1.901484416000000000e+09,3.233736294400000000e+11,5.048052407801151276e-03
3.996000000000000000e+03,2.885000000000000000e+03,9.052549155464963349e+01,6.666666666666666574e-02,2.290000000000000000e+02,1.661390208000000000e+09,2.690882600960000000e+11,0.000000000000000000e+00
2.395000000000000000e+03,3.320000000000000000e+02,3.229644458005897150e+02,8.084520834544432766e-02,0.000000000000000000e+00,8.377669222400000000e+10,1.136895144755200000e+13,5.675861835479736328e-01
3.590000000000000000e+02,2.170000000000000000e+03,2.829342764858936903e+02,1.860807318911967267e-01,1.000000000000000000e+00,5.404031385600000000e+10,4.775771897856000000e+12,1.709547489881515503e-01
2.559000000000000000e+03,3.101000000000000000e+03,1.008143814178429807e+02,1.875000000000000000e-01,1.680000000000000000e+02,2.705936384000000000e+09,3.518693048320000000e+11,1.805059164762496948e-01
1.870000000000000000e+03,1.480000000000000000e+03,3.138036171997871904e+01,1.720052290384453675e-01,3.250000000000000000e+02,1.419664384000000000e+09,1.944436572160000000e+11,0.000000000000000000e+00
2.845000000000000000e+03,3.987000000000000000e+03,5.026089289314188591e+02,2.380952380952380820e-02,2.000000000000000000e+00,5.628931686400000000e+10,6.278159532032000000e+12,7.123951315879821777e-01
2.142000000000000000e+03,1.474000000000000000e+03,5.469758531656021461e+01,1.720052290384453675e-01,2.130000000000000000e+02,6.346509440000000000e+08,2.070040903680000000e+11,9.594308794476091862e-04
1.450000000000000000e+02,1.416000000000000000e+03,3.158316811774944881e+02,5.882352941176470507e-02,1.360000000000000000e+02,2.809626368000000000e+09,3.971332505600000000e+11,3.292922303080558777e-02
2.025000000000000000e+03,7.840000000000000000e+02,1.244604958061062945e+02,9.523809523809523281e-02,6.800000000000000000e+01,5.959005184000000000e+09,8.359626014720000000e+11,1.076989397406578064e-01
2.236000000000000000e+03,2.161000000000000000e+03,3.696539971228963140e+01,7.443229275647869625e-02,1.040000000000000000e+02,5.843740672000000000e+09,5.778919915520000000e+11,4.973959177732467651e-03
3.528000000000000000e+03,1.723000000000000000e+03,6.090762261074956996e+01,1.087856586440842377e-01,3.050000000000000000e+02,8.581805440000000000e+08,1.842686033920000000e+11,0.000000000000000000e+00
3.638000000000000000e+03,3.127000000000000000e+03,1.446649853530167888e+02,1.315334104411640948e-01,1.190000000000000000e+02,3.870370048000000000e+09,4.366447411200000000e+11,4.725667238235473633e-01
1.743000000000000000e+03,2.680000000000000000e+03,6.324574716558431930e+01,1.863389981249824745e-01,3.550000000000000000e+02,3.566433600000000000e+08,1.543529267200000000e+11,2.777648903429508209e-02
1.837000000000000000e+03,8.800000000000000000e+02,4.851773845970375731e+01,1.597191412499849861e-01,2.300000000000000000e+02,1.177191040000000000e+09,2.513947852800000000e+11,0.000000000000000000e+00
1.869000000000000000e+03,1.481000000000000000e+03,3.443806188548064995e+01,1.720052290384453675e-01,3.250000000000000000e+02,1.419664384000000000e+09,1.944436572160000000e+11,0.000000000000000000e+00
2.847000000000000000e+03,3.979000000000000000e+03,3.146500985591699191e+02,1.919585178166321182e-01,2.000000000000000000e+00,5.628931686400000000e+10,6.278159532032000000e+12,7.123951315879821777e-01
3.987000000000000000e+03,1.737000000000000000e+03,6.061920889565201520e+01,1.720052290384453675e-01,2.700000000000000000e+02,8.602592640000000000e+08,2.070787686400000000e+11,7.237505912780761719e-02
1.802000000000000000e+03,1.759000000000000000e+03,3.958121955611399301e+01,1.666666666666666574e-01,4.040000000000000000e+02,4.314691200000000000e+08,1.523989217280000000e+11,0.000000000000000000e+00
2.622000000000000000e+03,6.800000000000000000e+01,3.430001983032154556e+01,1.863389981249824745e-01,3.860000000000000000e+02,3.389833600000000000e+08,1.445606195200000000e+11,4.060648847371339798e-03
3.686000000000000000e+03,2.876000000000000000e+03,4.910260992487250746e+02,5.050762722761054091e-02,2.100000000000000000e+01,2.165043609600000000e+10,1.786106085376000000e+12,1.058541417121887207e+00
2.467000000000000000e+03,3.115000000000000000e+03,4.691389701879043628e+02,9.428090415820634951e-02,1.200000000000000000e+01,2.284425011200000000e+10,2.239901466624000000e+12,3.446404933929443359e+00
2.398000000000000000e+03,1.307000000000000000e+03,2.514975384066859760e+02,1.428571428571428492e-01,2.300000000000000000e+01,1.432996761600000000e+10,1.869943144448000000e+12,4.284954965114593506e-01
3.266000000000000000e+03,3.294000000000000000e+03,2.335112810875567675e+02,1.916531915253563423e-01,6.000000000000000000e+00,2.321462886400000000e+10,3.045936857088000000e+12,4.250588417053222656e+00
2.400000000000000000e+02,3.024000000000000000e+03,5.187370183850652694e+01,7.692307692307692735e-02,2.520000000000000000e+02,5.304390080000000000e+08,1.728783646720000000e+11,1.031575426459312439e-01
2.615000000000000000e+03,8.880000000000000000e+02,4.082898600664012179e+01,1.285648693066450132e-01,4.220000000000000000e+02,4.683117120000000000e+08,1.220823941120000000e+11,0.000000000000000000e+00
2.259000000000000000e+03,2.186000000000000000e+03,1.292361630210131977e+02,1.428571428571428492e-01,2.340000000000000000e+02,4.483788160000000000e+08,2.543628288000000000e+11,1.729344725608825684e-01
4.430000000000000000e+02,1.760000000000000000e+03,4.331501507322014533e+01,1.597191412499849861e-01,2.940000000000000000e+02,5.339358400000000000e+08,2.088911831040000000e+11,6.137812882661819458e-02
3.772000000000000000e+03,1.259000000000000000e+03,1.650351176150248307e+02,9.090909090909091161e-02,5.700000000000000000e+01,7.847402496000000000e+09,9.251958292480000000e+11,7.964859604835510254e-01
2.163000000000000000e+03,2.848000000000000000e+03,6.954228048268639384e+01,7.692307692307692735e-02,3.340000000000000000e+02,5.389920000000000000e+08,1.700434411520000000e+11,6.345395743846893311e-02
9.100000000000000000e+02,9.100000000000000000e+02,5.353658564426962840e+01,9.090909090909091161e-02,2.560000000000000000e+02,7.577560960000000000e+08,1.186875392000000000e+11,3.017757786437869072e-03
2.804000000000000000e+03,3.046000000000000000e+03,1.705449884531121256e+02,5.555555555555555247e-02,7.900000000000000000e+01,6.795408384000000000e+09,4.628956774400000000e+11,4.103572666645050049e-01
8.770000000000000000e+02,1.444000000000000000e+03,1.673012207820951289e+02,1.976423537605237202e-01,1.570000000000000000e+02,1.279842816000000000e+09,3.484008775680000000e+11,2.002031058073043823e-01
2.128000000000000000e+03,2.921000000000000000e+03,5.914650006762251166e+01,1.490711984999859852e-01,1.880000000000000000e+02,2.986171904000000000e+09,2.614912122880000000e+11,0.000000000000000000e+00
1.621000000000000000e+03,5.900000000000000000e+01,2.134616950172600980e+02,7.856742013183862228e-02,1.020000000000000000e+02,5.742077440000000000e+09,5.014899261440000000e+11,8.554428815841674805e-01
1.262000000000000000e+03,3.925000000000000000e+03,3.389891888470169192e+02,8.281733249999222168e-02,2.900000000000000000e+01,1.019431731200000000e+10,1.588923858944000000e+12,0.000000000000000000e+00
4.000000000000000000e+02,8.160000000000000000e+02,1.288603623675425638e+02,1.818181818181818232e-01,5.900000000000000000e+01,7.918117376000000000e+09,9.050025492480000000e+11,1.697563409805297852e+00
6.130000000000000000e+02,2.592000000000000000e+03,2.497202965366324179e+02,1.199999999999999956e-01,3.100000000000000000e+01,1.543549849600000000e+10,1.268652310528000000e+12,2.477414608001708984e+00
2.849000000000000000e+03,3.991000000000000000e+03,4.447643934678629307e+02,1.190476190476190410e-01,2.000000000000000000e+00,5.628931686400000000e+10,6.278159532032000000e+12,7.123951315879821777e-01
2.447000000000000000e+03,1.598000000000000000e+03,2.060684693876108895e+02,6.666666666666666574e-02,2.010000000000000000e+02,1.514802688000000000e+09,2.663109427200000000e+11,3.404684662818908691e-01
2.972000000000000000e+03,4.700000000000000000e+01,3.003076835425644617e+02,1.287696884094281791e-01,2.200000000000000000e+01,1.112703795200000000e+10,1.769099100160000000e+12,1.792023628950119019e-01
3.713000000000000000e+03,2.820000000000000000e+03,5.643886615377757465e+01,1.010152544552210818e-01,2.580000000000000000e+02,1.245406848000000000e+09,2.089458892800000000e+11,1.283563021570444107e-02
9.260000000000000000e+02,4.620000000000000000e+02,4.314650158514826899e+02,1.421760560557814024e-01,1.500000000000000000e+01,1.594162892800000000e+10,2.064746414080000000e+12,2.757654666900634766e+00
3.672000000000000000e+03,2.364000000000000000e+03,5.156971910488530852e+01,1.000000000000000056e-01,3.430000000000000000e+02,3.618632640000000000e+08,9.739266457600000000e+10,1.865560002624988556e-02
2.140000000000000000e+02,8.990000000000000000e+02,5.171184129884907321e+01,1.538461538461538547e-01,3.420000000000000000e+02,4.321206720000000000e+08,1.857938554880000000e+11,1.448071841150522232e-02
2.390000000000000000e+03,3.290000000000000000e+02,4.059987187285534560e+02,4.384447014705470519e-02,0.000000000000000000e+00,8.377669222400000000e+10,1.136895144755200000e+13,5.675861835479736328e-01
2.236000000000000000e+03,2.160000000000000000e+03,3.563261141129390808e+01,5.263157894736841813e-02,1.040000000000000000e+02,5.843740672000000000e+09,5.778919915520000000e+11,4.973959177732467651e-03
1.433000000000000000e+03,2.005000000000000000e+03,2.996645482887974765e+01,1.818181818181818232e-01,4.280000000000000000e+02,3.783943040000000000e+08,1.120649216000000000e+11,3.187136724591255188e-02
5.300000000000000000e+02,1.733000000000000000e+03,3.322083469144935179e+02,1.052631578947368363e-01,8.000000000000000000e+01,8.157177344000000000e+09,6.252981125120000000e+11,7.224321365356445312e-02
1.952000000000000000e+03,1.569000000000000000e+03,1.667535423822447456e+02,8.318903308077030267e-02,1.450000000000000000e+02,3.227431680000000000e+09,3.931728773120000000e+11,3.534326553344726562e-01
3.610000000000000000e+02,2.161000000000000000e+03,6.977162895076405675e+02,5.884389414473131102e-02,1.000000000000000000e+00,5.404031385600000000e+10,4.775771897856000000e+12,1.709547489881515503e-01
1.274000000000000000e+03,1.797000000000000000e+03,2.672087856001334671e+02,1.717960677340691911e-01,4.100000000000000000e+01,1.095597670400000000e+10,1.212032876544000000e+12,5.461735725402832031e-01
7.530000000000000000e+02,2.819000000000000000e+03,2.315324822403229632e+02,1.010152544552210818e-01,2.820000000000000000e+02,1.098008576000000000e+09,2.201634078720000000e+11,4.612980782985687256e-02
1.869000000000000000e+03,1.110000000000000000e+02,2.518989094185003808e+01,1.000000000000000056e-01,4.600000000000000000e+02,3.397870720000000000e+08,8.247446732800000000e+10,0.000000000000000000e+00
3.251000000000000000e+03,1.432000000000000000e+03,3.625691743094441932e+01,1.863389981249824745e-01,3.800000000000000000e+02,6.526458880000000000e+08,1.575296860160000000e+11,6.693943403661251068e-03
1.396000000000000000e+03,2.581000000000000000e+03,5.356927227160880278e+01,1.767766952966368932e-01,1.910000000000000000e+02,1.375448704000000000e+09,3.619017523200000000e+11,0.000000000000000000e+00
1.190000000000000000e+02,3.028000000000000000e+03,1.194018614309898396e+02,1.250000000000000000e-01,1.640000000000000000e+02,2.050533248000000000e+09,3.406673346560000000e+11,1.269493103027343750e-01
3.802000000000000000e+03,6.250000000000000000e+02,5.162992545571076164e+01,1.597191412499849861e-01,2.470000000000000000e+02,1.145127680000000000e+09,2.238232330240000000e+11,4.152530059218406677e-02
3.981000000000000000e+03,2.418000000000000000e+03,1.992597733447958319e+02,1.923076923076923184e-01,2.700000000000000000e+01,1.238435225600000000e+10,1.530468237312000000e+12,2.036925554275512695e+00
3.042000000000000000e+03,2.114000000000000000e+03,1.016722565672685050e+02,1.885618083164126990e-01,2.260000000000000000e+02,8.671203200000000000e+08,2.691497000960000000e+11,1.005310472100973129e-02
3.077000000000000000e+03,3.260000000000000000e+03,5.725432297361511758e+01,1.875000000000000000e-01,1.550000000000000000e+02,1.669745408000000000e+09,3.648343572480000000e+11,1.946539035998284817e-03
8.510000000000000000e+02,2.072000000000000000e+03,2.845404551975933600e+02,9.316949906249123725e-02,4.500000000000000000e+01,1.243060633600000000e+10,1.139536691200000000e+12,6.545064449310302734e-01
3.259000000000000000e+03,1.564000000000000000e+03,1.790048120047379427e+02,0.000000000000000000e+00,2.600000000000000000e+02,7.938867200000000000e+08,2.138420510720000000e+11,1.661869138479232788e-01
2.976000000000000000e+03,4.800000000000000000e+01,2.389510100641310544e+02,1.597191412499849861e-01,2.200000000000000000e+01,1.112703795200000000e+10,1.769099100160000000e+12,1.792023628950119019e-01
3.155000000000000000e+03,3.367000000000000000e+03,1.880548092727390497e+02,1.242259987499883256e-01,1.050000000000000000e+02,4.555825664000000000e+09,4.907443159040000000e+11,8.129624128341674805e-01
9.160000000000000000e+02,5.600000000000000000e+01,6.807395914103763346e+01,7.712872341874096871e-02,5.000000000000000000e+00,3.720409907200000000e+10,5.819019034624000000e+12,4.008188247680664062e-01
2.140000000000000000e+03,2.747000000000000000e+03,5.694080984621491126e+01,8.318903308077030267e-02,1.030000000000000000e+02,3.443494656000000000e+09,3.972623237120000000e+11,1.831960305571556091e-02
2.960000000000000000e+02,2.465000000000000000e+03,8.219479439169666080e+01,1.087856586440842377e-01,2.200000000000000000e+02,6.968931840000000000e+08,2.078136893440000000e+11,0.000000000000000000e+00
3.333000000000000000e+03,8.170000000000000000e+02,1.736285413701398284e+02,0.000000000000000000e+00,1.420000000000000000e+02,2.753105152000000000e+09,3.924815380480000000e+11,0.000000000000000000e+00
2.162000000000000000e+03,2.610000000000000000e+03,1.199572599477392743e+02,1.792654619833765339e-01,5.100000000000000000e+01,8.195988992000000000e+09,1.038099021824000000e+12,2.238056659698486328e-01
2.088000000000000000e+03,2.816000000000000000e+03,4.110275867174565434e+01,1.863389981249824745e-01,3.660000000000000000e+02,8.097580800000000000e+08,1.497639157760000000e+11,0.000000000000000000e+00
3.797000000000000000e+03,2.649000000000000000e+03,1.333102475128314097e+02,1.333333333333333315e-01,2.000000000000000000e+02,2.025225472000000000e+09,2.632945827840000000e+11,3.803326785564422607e-01
3.293000000000000000e+03,6.450000000000000000e+02,3.858799415207471384e+01,7.692307692307692735e-02,3.500000000000000000e+02,6.536188160000000000e+08,1.804572590080000000e+11,0.000000000000000000e+00
1.613000000000000000e+03,2.954000000000000000e+03,1.705149890180078387e+02,1.285648693066450132e-01,6.400000000000000000e+01,6.949873664000000000e+09,8.574791843840000000e+11,4.483140707015991211e-01
2.038000000000000000e+03,1.497000000000000000e+03,1.199745952265341913e+02,1.875000000000000000e-01,1.080000000000000000e+02,4.493515264000000000e+09,3.675199242240000000e+11,2.710719108581542969e-01
2.042000000000000000e+03,1.495000000000000000e+03,1.461663724337762460e+02,1.397542485937368628e-01,1.080000000000000000e+02,4.493515264000000000e+09,3.675199242240000000e+11,2.710719108581542969e-01
3.165000000000000000e+03,9.020000000000000000e+02,3.486748139116485845e+02,9.090909090909091161e-02,5.800000000000000000e+01,1.094278246400000000e+10,8.453797314560000000e+11,1.849814414978027344e+00
3.540000000000000000e+03,2.482000000000000000e+03,1.397144362564016262e+02,1.264911064067351931e-01,4.000000000000000000e+01,9.953271808000000000e+09,1.281303117824000000e+12,1.119234338402748108e-01
9.200000000000000000e+02,4.670000000000000000e+02,1.743051720330503827e+02,1.758282590894063580e-01,1.500000000000000000e+01,1.594162892800000000e+10,2.064746414080000000e+12,2.757654666900634766e+00
3.044000000000000000e+03,2.116000000000000000e+03,3.447814871654204012e+02,0.000000000000000000e+00,2.260000000000000000e+02,8.671203200000000000e+08,2.691497000960000000e+11,1.005310472100973129e-02
3.779000000000000000e+03,1.956000000000000000e+03,7.443313411467617868e+01,2.000000000000000111e-01,1.950000000000000000e+02,1.265744256000000000e+09,2.763455201280000000e+11,7.307041436433792114e-02
1.980000000000000000e+03,1.507000000000000000e+03,7.113154541338568038e+01,1.315334104411640948e-01,1.350000000000000000e+02,2.493312768000000000e+09,4.014708817920000000e+11,4.813774675130844116e-02
3.141000000000000000e+03,2.907000000000000000e+03,3.511042861798016190e+01,1.863389981249824745e-01,3.320000000000000000e+02,3.886562560000000000e+08,1.347733094400000000e+11,1.476993318647146225e-02
6.510000000000000000e+02,1.723000000000000000e+03,1.676491666098864641e+02,1.664356663246515655e-01,3.500000000000000000e+01,1.143281561600000000e+10,6.191613870080000000e+11,7.271656394004821777e-01
2.482000000000000000e+03,2.518000000000000000e+03,1.406489918228058968e+02,1.578947368421052544e-01,7.500000000000000000e+01,5.647273984000000000e+09,6.097907220480000000e+11,6.713297367095947266e-01
3.274000000000000000e+03,1.176000000000000000e+03,3.140301792204796527e+01,2.000000000000000111e-01,4.610000000000000000e+02,3.486914560000000000e+08,7.917443481600000000e+10,0.000000000000000000e+00
1.712000000000000000e+03,1.975000000000000000e+03,4.029475552898618673e+01,1.720052290384453675e-01,3.360000000000000000e+02,7.044088320000000000e+08,1.749837414400000000e+11,1.215873584151268005e-01
3.267000000000000000e+03,3.288000000000000000e+03,2.945719115149315144e+02,1.940340678009954134e-01,6.000000000000000000e+00,2.321462886400000000e+10,3.045936857088000000e+12,4.250588417053222656e+00
2.830000000000000000e+03,3.190000000000000000e+03,2.510879611500540989e+02,1.538461538461538547e-01,2.650000000000000000e+02,3.615540160000000000e+08,1.883296890880000000e+11,1.699150539934635162e-02
1.250000000000000000e+03,2.151000000000000000e+03,8.942249589764971063e+01,0.000000000000000000e+00,3.140000000000000000e+02,7.569043840000000000e+08,1.834407690240000000e+11,1.344446092844009399e-01
1.666000000000000000e+03,1.850000000000000000e+03,4.616823756363512388e+01,1.720052290384453675e-01,2.570000000000000000e+02,9.679162880000000000e+08,1.948128542720000000e+11,2.036323845386505127e-01
2.770000000000000000e+03,3.260000000000000000e+02,5.647365803701991638e+01,1.875000000000000000e-01,1.790000000000000000e+02,1.828806528000000000e+09,3.402233610240000000e+11,0.000000000000000000e+00
3.410000000000000000e+02,1.472000000000000000e+03,5.030414319828900602e+02,6.775963568181181396e-02,7.000000000000000000e+00,3.392714137600000000e+10,2.913892564992000000e+12,4.570787429809570312e+00
8.500000000000000000e+02,2.069000000000000000e+03,2.108178494553031612e+02,1.502313031443328895e-01,4.500000000000000000e+01,1.243060633600000000e+10,1.139536691200000000e+12,6.545064449310302734e-01
1.680000000000000000e+02,2.142000000000000000e+03,9.682331622941914873e+01,1.720052290384453675e-01,3.240000000000000000e+02,3.948697280000000000e+08,1.732660756480000000e+11,0.000000000000000000e+00
9.710000000000000000e+02,2.620000000000000000e+03,6.684966561271372143e+01,1.664356663246515655e-01,8.800000000000000000e+01,3.431953920000000000e+09,5.633286471680000000e+11,0.000000000000000000e+00
3.199000000000000000e+03,3.803000000000000000e+03,1.761685949297414879e+02,8.944271909999158832e-02,3.600000000000000000e+01,1.181075353600000000e+10,1.269782806528000000e+12,8.137409687042236328e-01
3.202000000000000000e+03,3.802000000000000000e+03,6.263453258653794364e+02,8.944271909999158832e-02,3.600000000000000000e+01,1.181075353600000000e+10,1.269782806528000000e+12,8.137409687042236328e-01
2.648000000000000000e+03,3.081000000000000000e+03,2.766094672055627370e+02,1.785714285714285754e-01,1.000000000000000000e+01,2.532703436800000000e+10,1.915071758336000000e+12,4.421397686004638672e+00
3.088000000000000000e+03,3.613000000000000000e+03,5.950377181217684210e+02,4.876598490941707470e-02,1.300000000000000000e+01,1.881086976000000000e+10,2.053483003904000000e+12,1.574149370193481445e+00
4.940000000000000000e+02,1.811000000000000000e+03,2.009033267533524736e+02,1.571348402636772168e-01,1.100000000000000000e+01,1.421665075200000000e+10,1.753114214400000000e+12,1.261094808578491211e+00
3.185000000000000000e+03,3.196000000000000000e+03,2.942225171897945302e+01,1.863389981249824745e-01,3.520000000000000000e+02,5.111344960000000000e+08,1.465756876800000000e+11,7.448452711105346680e-02
3.046000000000000000e+03,3.390000000000000000e+03,2.580793858401416401e+02,8.000000000000000167e-02,3.300000000000000000e+01,1.268767641600000000e+10,1.303878828032000000e+12,1.093849778175354004e+00
3.979000000000000000e+03,2.594000000000000000e+03,1.254782642930694152e+02,1.860163329510811370e-01,1.270000000000000000e+02,4.167231744000000000e+09,4.408803655680000000e+11,8.699815869331359863e-01
2.580000000000000000e+03,8.440000000000000000e+02,1.724154331471544310e+02,1.961161351381840168e-01,2.600000000000000000e+01,1.537867468800000000e+10,1.513454567424000000e+12,1.694393157958984375e+00
2.516000000000000000e+03,1.573000000000000000e+03,3.187928820058734800e+02,9.722034684781695468e-02,4.400000000000000000e+01,1.090394419200000000e+10,1.034238296064000000e+12,7.928316593170166016e-01
3.616000000000000000e+03,3.408000000000000000e+03,1.533804971720905428e+02,1.717960677340691911e-01,4.200000000000000000e+01,1.222075596800000000e+10,1.233799348224000000e+12,5.440852642059326172e-01
8.810000000000000000e+02,1.446000000000000000e+03,1.286058412524459982e+02,8.838834764831844659e-02,1.570000000000000000e+02,1.279842816000000000e+09,3.484008775680000000e+11,2.002031058073043823e-01
3.860000000000000000e+03,2.234000000000000000e+03,1.048086466266167633e+02,1.087856586440842377e-01,2.920000000000000000e+02,9.545843200000000000e+08,1.945565265920000000e+11,8.234626799821853638e-02
7.230000000000000000e+02,2.778000000000000000e+03,1.678472373349713109e+02,1.502313031443328895e-01,4.300000000000000000e+01,6.625502720000000000e+09,1.240374575104000000e+12,7.242954522371292114e-02
1.368000000000000000e+03,1.367000000000000000e+03,3.630206489663102332e+01,1.333333333333333315e-01,1.560000000000000000e+02,1.652563456000000000e+09,2.679119380480000000e+11,7.161618210375308990e-03
2.248000000000000000e+03,3.790000000000000000e+03,1.955086181860951342e+02,1.567630989332169100e-01,4.800000000000000000e+01,9.209923584000000000e+09,1.063470563328000000e+12,5.686478018760681152e-01
2.261000000000000000e+03,3.712000000000000000e+03,4.617349891631276648e+01,8.333333333333332871e-02,3.880000000000000000e+02,4.473891200000000000e+08,1.530362920960000000e+11,0.000000000000000000e+00
2.482000000000000000e+03,2.512000000000000000e+03,1.622326022593646826e+02,1.578947368421052544e-01,7.500000000000000000e+01,5.647273984000000000e+09,6.097907220480000000e+11,6.713297367095947266e-01
3.388000000000000000e+03,2.837000000000000000e+03,2.545074118476407321e+01,1.818181818181818232e-01,4.340000000000000000e+02,4.759219520000000000e+08,1.218685747200000000e+11,0.000000000000000000e+00
2.632000000000000000e+03,2.681000000000000000e+03,3.118056017606114665e+02,1.649242250247064112e-01,3.400000000000000000e+01,1.456821657600000000e+10,1.276274671616000000e+12,1.921485066413879395e+00
1.935000000000000000e+03,2.860000000000000000e+02,7.273833806309107786e+01,1.178511301977579334e-01,3.670000000000000000e+02,5.155913600000000000e+08,1.472662405120000000e+11,1.946306824684143066e-01
3.720000000000000000e+02,3.311000000000000000e+03,8.616998138694202680e+01,5.263157894736841813e-02,4.700000000000000000e+01,9.861278720000000000e+09,5.817014681600000000e+11,1.430872678756713867e+00
6.240000000000000000e+02,4.970000000000000000e+02,5.424010801350261346e+01,1.875000000000000000e-01,1.860000000000000000e+02,1.649663616000000000e+09,3.608393154560000000e+11,1.441983040422201157e-02
2.812000000000000000e+03,3.786000000000000000e+03,6.650224022880706798e+01,1.597191412499849861e-01,2.140000000000000000e+02,1.683058048000000000e+09,2.561943306240000000e+11,1.267226338386535645e-01
1.563000000000000000e+03,2.417000000000000000e+03,1.290934851525746865e+02,1.904761904761904656e-01,8.100000000000000000e+01,2.113757184000000000e+09,7.291969863680000000e+11,5.292919650673866272e-02
1.995000000000000000e+03,3.000000000000000000e+01,7.433123043240892969e+01,1.720052290384453675e-01,2.710000000000000000e+02,1.136709120000000000e+09,2.014565498880000000e+11,2.419494539499282837e-01
1.024000000000000000e+03,1.670000000000000000e+03,5.549376008076804965e+02,2.000000000000000111e-01,4.440000000000000000e+02,8.562755200000000000e+08,7.557586944000000000e+10,0.000000000000000000e+00
2.386000000000000000e+03,2.538000000000000000e+03,1.821135543359620783e+02,1.716929178792375721e-01,3.000000000000000000e+01,1.280711270400000000e+10,8.244191559680000000e+11,2.003521442413330078e+00
2.333000000000000000e+03,2.444000000000000000e+03,2.050048652533624249e+02,1.264911064067351931e-01,2.000000000000000000e+01,1.773182566400000000e+10,1.272934170624000000e+12,1.895519137382507324e+00
3.480000000000000000e+02,6.090000000000000000e+02,1.093688351352736134e+02,1.963383631246505001e-01,7.400000000000000000e+01,3.999097856000000000e+09,7.883710136320000000e+11,1.153122663497924805e+00
2.915000000000000000e+03,3.670000000000000000e+02,7.300181122530277378e+01,1.010152544552210818e-01,2.750000000000000000e+02,9.321776640000000000e+08,2.158241710080000000e+11,4.665264487266540527e-02
3.152000000000000000e+03,3.953000000000000000e+03,4.840714358013989482e+01,1.976423537605237202e-01,2.100000000000000000e+02,5.425520640000000000e+08,3.273477652480000000e+11,0.000000000000000000e+00
2.206000000000000000e+03,3.081000000000000000e+03,1.099021763914593919e+02,1.178511301977579334e-01,4.110000000000000000e+02,5.890845440000000000e+08,1.313791836160000000e+11,0.000000000000000000e+00
5.870000000000000000e+02,4.220000000000000000e+02,7.046814978839915966e+01,7.692307692307692735e-02,2.800000000000000000e+02,1.458594432000000000e+09,2.066967920640000000e+11,0.000000000000000000e+00
1.617000000000000000e+03,1.037000000000000000e+03,4.217369172511859432e+01,1.666666666666666574e-01,4.190000000000000000e+02,6.792685440000000000e+08,1.388187811840000000e+11,0.000000000000000000e+00
3.387000000000000000e+03,3.942000000000000000e+03,2.282011621394731193e+01,1.720052290384453675e-01,3.760000000000000000e+02,4.800745280000000000e+08,1.675726192640000000e+11,5.757528124377131462e-04
2.841000000000000000e+03,5.360000000000000000e+02,9.329833890977113242e+01,1.767766952966368932e-01,1.730000000000000000e+02,1.717559808000000000e+09,3.478508666880000000e+11,5.091017484664916992e-02
2.027000000000000000e+03,7.830000000000000000e+02,1.389378821776016366e+02,1.064794274999899953e-01,6.800000000000000000e+01,5.959005184000000000e+09,8.359626014720000000e+11,1.076989397406578064e-01
2.467000000000000000e+03,3.120000000000000000e+03,2.694131381264603533e+02,1.201850425154663005e-01,1.200000000000000000e+01,2.284425011200000000e+10,2.239901466624000000e+12,3.446404933929443359e+00
1.354000000000000000e+03,1.761000000000000000e+03,5.487084777683354986e+01,0.000000000000000000e+00,3.400000000000000000e+02,6.288156160000000000e+08,1.898148331520000000e+11,0.000000000000000000e+00
1.415000000000000000e+03,1.419000000000000000e+03,1.645365869645575572e+02,1.242259987499883256e-01,1.140000000000000000e+02,3.367604480000000000e+09,4.616201175040000000e+11,4.400322437286376953e-01
3.496000000000000000e+03,3.193000000000000000e+03,1.012282655566303191e+02,1.716929178792375721e-01,6.700000000000000000e+01,6.759896064000000000e+09,7.669665628160000000e+11,5.162037611007690430e-01
3.630000000000000000e+02,2.164000000000000000e+03,6.135957830542390639e+02,8.321783316232578276e-02,1.000000000000000000e+00,5.404031385600000000e+10,4.775771897856000000e+12,1.709547489881515503e-01
5.590000000000000000e+02,8.130000000000000000e+02,7.855881374751839985e+01,1.720052290384453675e-01,3.110000000000000000e+02,7.146896000000000000e+08,1.657005015040000000e+11,2.138228267431259155e-01
2.613000000000000000e+03,3.998000000000000000e+03,6.866601879307961553e+02,4.876598490941707470e-02,1.400000000000000000e+01,2.786027520000000000e+10,1.979431518208000000e+12,3.603759050369262695e+00
6.090000000000000000e+02,9.200000000000000000e+02,9.057723640845247814e+01,1.963383631246505001e-01,7.700000000000000000e+01,5.899091456000000000e+09,7.579769241600000000e+11,0.000000000000000000e+00
1.625000000000000000e+03,5.700000000000000000e+01,1.283579858364099096e+02,1.756820922315766309e-01,1.020000000000000000e+02,5.742077440000000000e+09,5.014899261440000000e+11,8.554428815841674805e-01
1.458000000000000000e+03,3.570000000000000000e+03,1.527578550363951422e+02,1.178511301977579334e-01,3.540000000000000000e+02,3.307080320000000000e+08,1.579146117120000000e+11,6.042137742042541504e-02
3.089000000000000000e+03,3.617000000000000000e+03,2.085737047472117354e+02,1.724137931034482873e-01,1.300000000000000000e+01,1.881086976000000000e+10,2.053483003904000000e+12,1.574149370193481445e+00
1.268000000000000000e+03,3.924000000000000000e+03,2.212820660883976416e+02,1.656346649999844434e-01,2.900000000000000000e+01,1.019431731200000000e+10,1.588923858944000000e+12,0.000000000000000000e+00
7.450000000000000000e+02,3.033000000000000000e+03,4.166840252053594185e+01,1.756820922315766309e-01,1.510000000000000000e+02,2.746465280000000000e+09,4.568337612800000000e+11,6.462391465902328491e-03
2.516000000000000000e+03,1.576000000000000000e+03,3.065369120573535042e+02,6.148754619013457184e-02,4.400000000000000000e+01,1.090394419200000000e+10,1.034238296064000000e+12,7.928316593170166016e-01
2.540000000000000000e+02,1.293000000000000000e+03,2.673416812439797141e+01,1.538461538461538547e-01,2.610000000000000000e+02,1.680964992000000000e+09,2.036213514240000000e+11,0.000000000000000000e+00
4.370000000000000000e+02,2.731000000000000000e+03,2.351296893141350495e+02,6.734350297014739251e-02,6.100000000000000000e+01,9.361108992000000000e+09,7.905924218880000000e+11,2.025802731513977051e-01
6.460000000000000000e+02,1.721000000000000000e+03,2.586932640192022177e+02,1.176877882894626220e-01,3.500000000000000000e+01,1.143281561600000000e+10,6.191613870080000000e+11,7.271656394004821777e-01
9.190000000000000000e+02,5.800000000000000000e+01,1.326971582241964995e+02,7.317073170731706877e-02,5.000000000000000000e+00,3.720409907200000000e+10,5.819019034624000000e+12,4.008188247680664062e-01
3.017000000000000000e+03,5.610000000000000000e+02,1.675243318967482082e+02,1.578947368421052544e-01,8.300000000000000000e+01,7.333322752000000000e+09,5.761101987840000000e+11,1.337852120399475098e+00
4.510000000000000000e+02,3.540000000000000000e+03,2.551406109851698432e+02,1.010152544552210818e-01,2.400000000000000000e+02,8.786702080000000000e+08,2.380794265600000000e+11,2.293533980846405029e-01
2.095000000000000000e+03,3.838000000000000000e+03,1.286461353574196096e+02,1.242259987499883256e-01,1.240000000000000000e+02,4.820801024000000000e+09,4.914155356160000000e+11,8.609086275100708008e-02
3.384000000000000000e+03,3.940000000000000000e+03,1.381354768163760411e+02,1.087856586440842377e-01,3.760000000000000000e+02,4.800745280000000000e+08,1.675726192640000000e+11,5.757528124377131462e-04
1.620000000000000000e+03,1.605000000000000000e+03,1.155326308480327384e+02,1.571348402636772446e-01,9.400000000000000000e+01,5.584472064000000000e+09,5.205818081280000000e+11,5.259398221969604492e-01
1.563000000000000000e+03,2.416000000000000000e+03,1.080089173562105174e+02,1.963383631246505001e-01,8.100000000000000000e+01,2.113757184000000000e+09,7.291969863680000000e+11,5.292919650673866272e-02
3.570000000000000000e+02,2.167000000000000000e+03,5.103637458054894296e+02,1.315789473684210453e-01,1.000000000000000000e+00,5.404031385600000000e+10,4.775771897856000000e+12,1.709547489881515503e-01
2.405000000000000000e+03,1.308000000000000000e+03,2.129970853808778770e+02,1.129384878631564115e-01,2.300000000000000000e+01,1.432996761600000000e+10,1.869943144448000000e+12,4.284954965114593506e-01
1.951000000000000000e+03,1.565000000000000000e+03,1.081015441924928950e+02,1.764705882352941291e-01,1.450000000000000000e+02,3.227431680000000000e+09,3.931728773120000000e+11,3.534326553344726562e-01
1.801000000000000000e+03,7.970000000000000000e+02,1.137493921652959017e+02,8.318903308077030267e-02,1.630000000000000000e+02,2.709165312000000000e+09,3.863595909120000000e+11,0.000000000000000000e+00
6.240000000000000000e+02,4.960000000000000000e+02,5.044160004249054197e+01,1.976423537605237202e-01,1.860000000000000000e+02,1.649663616000000000e+09,3.608393154560000000e+11,1.441983040422201157e-02
5.410000000000000000e+02,2.455000000000000000e+03,5.882867648930292859e+01,1.250000000000000000e-01,1.600000000000000000e+02,1.700266368000000000e+09,3.477796618240000000e+11,1.986222900450229645e-02
3.164000000000000000e+03,9.050000000000000000e+02,2.303908127342684509e+02,1.437398936440172637e-01,5.800000000000000000e+01,1.094278246400000000e+10,8.453797314560000000e+11,1.849814414978027344e+00
2.027000000000000000e+03,7.800000000000000000e+02,2.540262591441494351e+02,1.346870059402947850e-01,6.800000000000000000e+01,5.959005184000000000e+09,8.359626014720000000e+11,1.076989397406578064e-01
2.633000000000000000e+03,2.686000000000000000e+03,1.417016185423947547e+02,2.000000000000000111e-01,3.400000000000000000e+01,1.456821657600000000e+10,1.276274671616000000e+12,1.921485066413879395e+00
8.310000000000000000e+02,3.692000000000000000e+03,2.897813129810846533e+01,1.863389981249824745e-01,4.120000000000000000e+02,3.917664320000000000e+08,1.356591595520000000e+11,2.591937035322189331e-02
2.515000000000000000e+03,5.080000000000000000e+02,4.878927461650297914e+01,1.720052290384453675e-01,3.350000000000000000e+02,5.515812480000000000e+08,1.945871646720000000e+11,4.840171895921230316e-03
4.160000000000000000e+02,1.373000000000000000e+03,1.838108901306480618e+02,1.619708859679250268e-01,4.000000000000000000e+00,3.802601062400000000e+10,4.025006424064000000e+12,3.468478620052337646e-01
5.710000000000000000e+02,3.371000000000000000e+03,3.448782528060983310e+01,1.178511301977579334e-01,4.020000000000000000e+02,5.964901120000000000e+08,1.515574067200000000e+11,0.000000000000000000e+00
6.110000000000000000e+02,2.590000000000000000e+03,3.384458031244739118e+02,8.944271909999158832e-02,3.100000000000000000e+01,1.543549849600000000e+10,1.268652310528000000e+12,2.477414608001708984e+00
1.796000000000000000e+03,6.940000000000000000e+02,8.110199073281641802e+01,1.488645855129573925e-01,9.200000000000000000e+01,4.124931584000000000e+09,6.228464107520000000e+11,4.545400738716125488e-01
6.260000000000000000e+02,4.960000000000000000e+02,9.849086600727474661e+01,8.838834764831844659e-02,1.860000000000000000e+02,1.649663616000000000e+09,3.608393154560000000e+11,1.441983040422201157e-02
6.960000000000000000e+02,3.320000000000000000e+02,4.647863794007464122e+01,1.863389981249824745e-01,2.970000000000000000e+02,5.074717760000000000e+08,1.627715010560000000e+11,7.526428252458572388e-02
3.301000000000000000e+03,2.014000000000000000e+03,8.604417979048929510e+01,1.285648693066450132e-01,4.130000000000000000e+02,4.827967360000000000e+08,1.231281029120000000e+11,0.000000000000000000e+00
2.160000000000000000e+03,8.790000000000000000e+02,6.218939828018230287e+01,8.333333333333332871e-02,3.560000000000000000e+02,3.463397760000000000e+08,1.410516090880000000e+11,1.325987046584486961e-03
3.443000000000000000e+03,1.607000000000000000e+03,1.315483991887977027e+02,1.597191412499849861e-01,2.510000000000000000e+02,1.120951680000000000e+09,2.118354042880000000e+11,3.045468330383300781e-01
6.000000000000000000e+02,3.812000000000000000e+03,4.390894163589408095e+01,1.818181818181818232e-01,3.940000000000000000e+02,3.792263360000000000e+08,1.152684769280000000e+11,0.000000000000000000e+00
3.390000000000000000e+03,2.939000000000000000e+03,6.820758933291322990e+01,1.428571428571428492e-01,7.200000000000000000e+01,7.327007232000000000e+09,7.772913664000000000e+11,0.000000000000000000e+00
2.747000000000000000e+03,3.656000000000000000e+03,6.563002708350005605e+02,1.538461538461538547e-01,1.110000000000000000e+02,1.490579456000000000e+09,2.051426385920000000e+11,3.236221894621849060e-02
3.775000000000000000e+03,1.264000000000000000e+03,9.685653803356542824e+01,1.928473039599674921e-01,5.700000000000000000e+01,7.847402496000000000e+09,9.251958292480000000e+11,7.964859604835510254e-01
2.578000000000000000e+03,8.340000000000000000e+02,2.774112629454214130e+02,1.961161351381840168e-01,2.600000000000000000e+01,1.537867468800000000e+10,1.513454567424000000e+12,1.694393157958984375e+00
3.199000000000000000e+03,3.797000000000000000e+03,1.918959803494423966e+02,1.649242250247064112e-01,3.600000000000000000e+01,1.181075353600000000e+10,1.269782806528000000e+12,8.137409687042236328e-01
2.519000000000000000e+03,1.575000000000000000e+03,1.594919265390284124e+02,1.739130434782608647e-01,4.400000000000000000e+01,1.090394419200000000e+10,1.034238296064000000e+12,7.928316593170166016e-01
2.464000000000000000e+03,3.112000000000000000e+03,2.752270429928412341e+02,1.699673171197594868e-01,1.200000000000000000e+01,2.284425011200000000e+10,2.239901466624000000e+12,3.446404933929443359e+00
3.570000000000000000e+02,2.168000000000000000e+03,4.344178972223357960e+02,1.534461024959289654e-01,1.000000000000000000e+00,5.404031385600000000e+10,4.775771897856000000e+12,1.709547489881515503e-01
2.920000000000000000e+02,1.202000000000000000e+03,4.684247792330957338e+01,1.720052290384453675e-01,3.290000000000000000e+02,6.890782720000000000e+08,1.883683880960000000e+11,0.000000000000000000e+00
2.470000000000000000e+02,2.921000000000000000e+03,1.537157245004952699e+02,1.764705882352941291e-01,1.440000000000000000e+02,2.731606016000000000e+09,4.188105277440000000e+11,2.888307571411132812e-01
3.165000000000000000e+03,9.050000000000000000e+02,1.913004183808266987e+02,1.638886943392722229e-01,5.800000000000000000e+01,1.094278246400000000e+10,8.453797314560000000e+11,1.849814414978027344e+00
3.475000000000000000e+03,1.268000000000000000e+03,1.087452148046308764e+02,1.720052290384453675e-01,2.760000000000000000e+02,4.420058240000000000e+08,1.852306554880000000e+11,4.506601393222808838e-02
2.798000000000000000e+03,2.560000000000000000e+02,6.653229366284499235e+01,0.000000000000000000e+00,4.290000000000000000e+02,4.892300480000000000e+08,1.187145236480000000e+11,0.000000000000000000e+00
3.072000000000000000e+03,2.406000000000000000e+03,1.977226664257305515e+02,1.844626385704036808e-01,1.900000000000000000e+01,1.888740147200000000e+10,1.018762625024000000e+12,2.206895589828491211e+00
7.660000000000000000e+02,1.555000000000000000e+03,7.428406739501720324e+01,9.428090415820634951e-02,1.830000000000000000e+02,1.428196992000000000e+09,2.629062328320000000e+11,5.543422419577836990e-03
2.383000000000000000e+03,3.250000000000000000e+02,2.532404344669543264e+02,1.960784313725490169e-01,0.000000000000000000e+00,8.377669222400000000e+10,1.136895144755200000e+13,5.675861835479736328e-01
2.082000000000000000e+03,3.082000000000000000e+03,4.125026963545879255e+01,1.767766952966368932e-01,1.700000000000000000e+02,4.433466880000000000e+09,3.195793571840000000e+11,0.000000000000000000e+00
1.002000000000000000e+03,1.277000000000000000e+03,1.092433580287520130e+02,9.428090415820634951e-02,1.670000000000000000e+02,3.089423872000000000e+09,3.143499120640000000e+11,1.613117009401321411e-01
3.256000000000000000e+03,1.015000000000000000e+03,6.852727825565814612e+01,1.490711984999859852e-01,2.050000000000000000e+02,1.157463040000000000e+09,2.754100920320000000e+11,3.203420713543891907e-02
2.160000000000000000e+03,1.544000000000000000e+03,2.028253665181978818e+02,5.882352941176470507e-02,1.460000000000000000e+02,2.724431104000000000e+09,3.837422469120000000e+11,1.022337898612022400e-01
2.420000000000000000e+03,2.665000000000000000e+03,1.164615948709581517e+02,1.663780661615406053e-01,1.230000000000000000e+02,2.000521472000000000e+09,4.372293877760000000e+11,1.243854522705078125e+00
3.039000000000000000e+03,1.480000000000000000e+03,6.061299574834887949e+01,1.885618083164126990e-01,1.760000000000000000e+02,1.103179776000000000e+09,2.857155624960000000e+11,1.274166256189346313e-01
2.829000000000000000e+03,1.218000000000000000e+03,1.254787587031685661e+02,1.578947368421052544e-01,9.100000000000000000e+01,2.423620608000000000e+09,5.533967974400000000e+11,5.127481222152709961e-01
3.086000000000000000e+03,3.615000000000000000e+03,3.327334347177102245e+02,1.462979547282511894e-01,1.300000000000000000e+01,1.881086976000000000e+10,2.053483003904000000e+12,1.574149370193481445e+00
2.553000000000000000e+03,2.762000000000000000e+03,1.320269903117163892e+02,1.000000000000000056e-01,4.410000000000000000e+02,3.312706880000000000e+08,9.440138854400000000e+10,5.458363331854343414e-03
3.560000000000000000e+02,2.160000000000000000e+03,4.816715063268513290e+02,1.315789473684210453e-01,1.000000000000000000e+00,5.404031385600000000e+10,4.775771897856000000e+12,1.709547489881515503e-01
2.479000000000000000e+03,2.515000000000000000e+03,1.448051054599422400e+02,1.578947368421052544e-01,7.500000000000000000e+01,5.647273984000000000e+09,6.097907220480000000e+11,6.713297367095947266e-01
1.067000000000000000e+03,3.160000000000000000e+02,5.576614716311573261e+01,1.885618083164126990e-01,2.360000000000000000e+02,1.219746304000000000e+09,2.748856074240000000e+11,0.000000000000000000e+00
2.348000000000000000e+03,3.121000000000000000e+03,4.896475376676796287e+01,1.571348402636772446e-01,1.290000000000000000e+02,2.992413696000000000e+09,4.594857082880000000e+11,0.000000000000000000e+00
2.124000000000000000e+03,2.918000000000000000e+03,6.597979535695212405e+01,1.885618083164126990e-01,1.880000000000000000e+02,2.986171904000000000e+09,2.614912122880000000e+11,0.000000000000000000e+00
2.513000000000000000e+03,1.574000000000000000e+03,3.272776440507831239e+02,9.722034684781695468e-02,4.400000000000000000e+01,1.090394419200000000e+10,1.034238296064000000e+12,7.928316593170166016e-01
3.372000000000000000e+03,2.979000000000000000e+03,5.360635463462556771e+01,1.863389981249824745e-01,3.950000000000000000e+02,4.555417600000000000e+08,1.569063075840000000e+11,2.446600701659917831e-03
2.159000000000000000e+03,8.810000000000000000e+02,5.388541207356934848e+01,1.666666666666666574e-01,3.560000000000000000e+02,3.463397760000000000e+08,1.410516090880000000e+11,1.325987046584486961e-03
2.337000000000000000e+03,2.449000000000000000e+03,1.875084571831574181e+02,1.649242250247064112e-01,2.000000000000000000e+01,1.773182566400000000e+10,1.272934170624000000e+12,1.895519137382507324e+00
4.070000000000000000e+02,1.371000000000000000e+03,1.359736635900771375e+02,1.863389981249824745e-01,4.000000000000000000e+00,3.802601062400000000e+10,4.025006424064000000e+12,3.468478620052337646e-01
3.430000000000000000e+02,1.473000000000000000e+03,3.528616937257324366e+02,1.355192713636236279e-01,7.000000000000000000e+00,3.392714137600000000e+10,2.913892564992000000e+12,4.570787429809570312e+00
8.100000000000000000e+02,1.467000000000000000e+03,1.529029676992397810e+02,1.499999999999999944e-01,9.800000000000000000e+01,2.440556544000000000e+09,6.734337146880000000e+11,5.716390162706375122e-02
2.454000000000000000e+03,5.760000000000000000e+02,4.579874803886250589e+01,1.538461538461538547e-01,2.860000000000000000e+02,7.292786560000000000e+08,1.798639779840000000e+11,3.097207657992839813e-02
1.770000000000000000e+03,1.611000000000000000e+03,7.806889061209864167e+02,5.882352941176470507e-02,1.250000000000000000e+02,3.574713600000000000e+09,4.212908687360000000e+11,5.837091803550720215e-01
2.524000000000000000e+03,2.030000000000000000e+02,2.832419614549721487e+01,1.818181818181818232e-01,4.400000000000000000e+02,5.046534400000000000e+08,1.171054264320000000e+11,0.000000000000000000e+00
4.900000000000000000e+02,1.813000000000000000e+03,5.064982425499239298e+02,5.237828008789241485e-02,1.100000000000000000e+01,1.421665075200000000e+10,1.753114214400000000e+12,1.261094808578491211e+00
3.979000000000000000e+03,2.092000000000000000e+03,1.913546258829865394e+02,1.118033988749894958e-01,7.300000000000000000e+01,7.018176512000000000e+09,6.609458298880000000e+11,1.683588624000549316e+00
2.845000000000000000e+03,3.993000000000000000e+03,3.318275449897107592e+02,1.448276792928147594e-01,2.000000000000000000e+00,5.628931686400000000e+10,6.278159532032000000e+12,7.123951315879821777e-01
2.644000000000000000e+03,3.080000000000000000e+03,5.634435727932924465e+02,7.142857142857142461e-02,1.000000000000000000e+01,2.532703436800000000e+10,1.915071758336000000e+12,4.421397686004638672e+00
3.299000000000000000e+03,2.016000000000000000e+03,5.475147601709225853e+01,1.285648693066450132e-01,4.130000000000000000e+02,4.827967360000000000e+08,1.231281029120000000e+11,0.000000000000000000e+00
1.354000000000000000e+03,1.763000000000000000e+03,4.469894486953206325e+01,1.538461538461538547e-01,3.400000000000000000e+02,6.288156160000000000e+08,1.898148331520000000e+11,0.000000000000000000e+00
2.844000000000000000e+03,5.380000000000000000e+02,6.499609691660928945e+01,6.250000000000000000e-02,1.730000000000000000e+02,1.717559808000000000e+09,3.478508666880000000e+11,5.091017484664916992e-02
1.754000000000000000e+03,2.636000000000000000e+03,1.670063180717799582e+02,1.052631578947368363e-01,1.010000000000000000e+02,4.572197376000000000e+09,5.625021071360000000e+11,6.421380676329135895e-03
2.040000000000000000e+03,1.496000000000000000e+03,5.553769219801299641e+02,8.838834764831844659e-02,1.080000000000000000e+02,4.493515264000000000e+09,3.675199242240000000e+11,2.710719108581542969e-01
2.386000000000000000e+03,3.260000000000000000e+02,3.247664505281453557e+02,1.386483884679504952e-01,0.000000000000000000e+00,8.377669222400000000e+10,1.136895144755200000e+13,5.675861835479736328e-01
2.388000000000000000e+03,2.544000000000000000e+03,9.715960221142900366e+01,1.963383631246505001e-01,3.000000000000000000e+01,1.280711270400000000e+10,8.244191559680000000e+11,2.003521442413330078e+00
3.181000000000000000e+03,3.543000000000000000e+03,1.015236314966602862e+02,8.333333333333332871e-02,2.840000000000000000e+02,4.448829120000000000e+08,1.351295795200000000e+11,2.640669979155063629e-02
1.995000000000000000e+03,2.900000000000000000e+01,9.343974914836115886e+01,1.087856586440842377e-01,2.710000000000000000e+02,1.136709120000000000e+09,2.014565498880000000e+11,2.419494539499282837e-01
4.060000000000000000e+02,1.369000000000000000e+03,1.489384698376562710e+02,1.964185503295965418e-01,4.000000000000000000e+00,3.802601062400000000e+10,4.025006424064000000e+12,3.468478620052337646e-01
1.265000000000000000e+03,3.927000000000000000e+03,3.452325871818674159e+02,5.237828008789241485e-02,2.900000000000000000e+01,1.019431731200000000e+10,1.588923858944000000e+12,0.000000000000000000e+00
9.220000000000000000e+02,5.200000000000000000e+01,9.055173338617007062e+01,1.034790411492508416e-01,5.000000000000000000e+00,3.720409907200000000e+10,5.819019034624000000e+12,4.008188247680664062e-01
2.407000000000000000e+03,1.308000000000000000e+03,1.511956093858817951e+02,1.821078397711708707e-01,2.300000000000000000e+01,1.432996761600000000e+10,1.869943144448000000e+12,4.284954965114593506e-01
1.264000000000000000e+03,3.924000000000000000e+03,4.229132690649185520e+02,7.407407407407406996e-02,2.900000000000000000e+01,1.019431731200000000e+10,1.588923858944000000e+12,0.000000000000000000e+00
2.612000000000000000e+03,3.995000000000000000e+03,5.073774974767117101e+02,1.379310344827586188e-01,1.400000000000000000e+01,2.786027520000000000e+10,1.979431518208000000e+12,3.603759050369262695e+00
7.460000000000000000e+02,1.102000000000000000e+03,2.346269643150864113e+02,7.856742013183862228e-02,1.220000000000000000e+02,2.339360768000000000e+09,4.686494105600000000e+11,2.064795345067977905e-01
1.794000000000000000e+03,6.980000000000000000e+02,2.017973180814101681e+02,1.052631578947368363e-01,9.200000000000000000e+01,4.124931584000000000e+09,6.228464107520000000e+11,4.545400738716125488e-01
4.100000000000000000e+02,1.364000000000000000e+03,1.865259225363195412e+02,1.388888888888888951e-01,4.000000000000000000e+00,3.802601062400000000e+10,4.025006424064000000e+12,3.468478620052337646e-01
1.801000000000000000e+03,7.990000000000000000e+02,7.724260737277266742e+01,8.318903308077030267e-02,1.630000000000000000e+02,2.709165312000000000e+09,3.863595909120000000e+11,0.000000000000000000e+00
1.976000000000000000e+03,1.504000000000000000e+03,7.719282129264318826e+01,1.860163329510811370e-01,1.350000000000000000e+02,2.493312768000000000e+09,4.014708817920000000e+11,4.813774675130844116e-02
3.200000000000000000e+03,2.996000000000000000e+03,6.483513289849143746e+01,1.976423537605237202e-01,1.820000000000000000e+02,2.227453696000000000e+09,3.294442946560000000e+11,5.853049829602241516e-02
6.080000000000000000e+02,2.588000000000000000e+03,2.357541918765980995e+02,1.788854381999831766e-01,3.100000000000000000e+01,1.543549849600000000e+10,1.268652310528000000e+12,2.477414608001708984e+00
1.265000000000000000e+03,3.926000000000000000e+03,3.496860478971376551e+02,3.703703703703703498e-02,2.900000000000000000e+01,1.019431731200000000e+10,1.588923858944000000e+12,0.000000000000000000e+00
3.159000000000000000e+03,3.365000000000000000e+03,1.339347156267104140e+02,1.666666666666666574e-01,1.050000000000000000e+02,4.555825664000000000e+09,4.907443159040000000e+11,8.129624128341674805e-01
1.313000000000000000e+03,1.711000000000000000e+03,1.400455774623340517e+02,7.856742013183862228e-02,9.900000000000000000e+01,6.651615232000000000e+09,4.739571056640000000e+11,5.995762534439563751e-03
2.402000000000000000e+03,1.307000000000000000e+03,2.110015256008468043e+02,0.000000000000000000e+00,2.300000000000000000e+01,1.432996761600000000e+10,1.869943144448000000e+12,4.284954965114593506e-01
2.246000000000000000e+03,3.783000000000000000e+03,2.057924111757717469e+02,1.739130434782608647e-01,4.800000000000000000e+01,9.209923584000000000e+09,1.063470563328000000e+12,5.686478018760681152e-01
1.772000000000000000e+03,1.272000000000000000e+03,1.599990509072631255e+02,6.250000000000000000e-02,1.410000000000000000e+02,3.433193472000000000e+09,3.794966282240000000e+11,1.272307150065898895e-02
2.390000000000000000e+03,3.260000000000000000e+02,4.044993326339605346e+02,9.998077477632910659e-02,0.000000000000000000e+00,8.377669222400000000e+10,1.136895144755200000e+13,5.675861835479736328e-01
3.990000000000000000e+02,8.100000000000000000e+02,2.446745360431484926e+02,1.016394535227177209e-01,5.900000000000000000e+01,7.918117376000000000e+09,9.050025492480000000e+11,1.697563409805297852e+00
6.450000000000000000e+02,1.721000000000000000e+03,1.673371525405725606e+02,1.664356663246515655e-01,3.500000000000000000e+01,1.143281561600000000e+10,6.191613870080000000e+11,7.271656394004821777e-01
3.424000000000000000e+03,2.398000000000000000e+03,5.656710869271993403e+01,1.538461538461538547e-01,2.850000000000000000e+02,6.145895680000000000e+08,1.698188820480000000e+11,1.307623535394668579e-01
9.270000000000000000e+02,4.670000000000000000e+02,3.606630223746525985e+02,7.710579232757895640e-02,1.500000000000000000e+01,1.594162892800000000e+10,2.064746414080000000e+12,2.757654666900634766e+00
3.365000000000000000e+03,6.240000000000000000e+02,3.572338672278153808e+02,0.000000000000000000e+00,3.730000000000000000e+02,4.087375040000000000e+08,1.537433600000000000e+11,0.000000000000000000e+00
1.368000000000000000e+03,1.381000000000000000e+03,6.212092446069309659e+01,9.090909090909091161e-02,4.180000000000000000e+02,4.905984640000000000e+08,1.172196638720000000e+11,3.831699723377823830e-03
1.717000000000000000e+03,1.661000000000000000e+03,1.330735627956272822e+02,1.317615691736824801e-01,1.700000000000000000e+01,1.223959859200000000e+10,1.187346776064000000e+12,2.400017738342285156e+00
8.520000000000000000e+02,2.068000000000000000e+03,2.602736913138296018e+02,1.317615691736824801e-01,4.500000000000000000e+01,1.243060633600000000e+10,1.139536691200000000e+12,6.545064449310302734e-01
3.056000000000000000e+03,2.811000000000000000e+03,1.742856086592886982e+02,9.090909090909091161e-02,4.010000000000000000e+02,3.274269760000000000e+08,1.216945438720000000e+11,5.912503227591514587e-02
3.172000000000000000e+03,2.675000000000000000e+03,3.580854192630389576e+01,1.333333333333333315e-01,2.420000000000000000e+02,1.493960832000000000e+09,2.710832906240000000e+11,0.000000000000000000e+00
3.434000000000000000e+03,2.523000000000000000e+03,1.205984319172318209e+02,9.428090415820634951e-02,1.780000000000000000e+02,1.308760320000000000e+09,3.124685045760000000e+11,7.397050857543945312e-01
2.884000000000000000e+03,3.531000000000000000e+03,1.532253598189754484e+02,1.888525745775105347e-01,2.800000000000000000e+01,1.246307840000000000e+10,1.611237163008000000e+12,9.548643231391906738e-01
1.661000000000000000e+03,1.080000000000000000e+03,1.001492341226478970e+02,0.000000000000000000e+00,1.900000000000000000e+02,1.711664896000000000e+09,2.957806796800000000e+11,0.000000000000000000e+00
2.849000000000000000e+03,3.980000000000000000e+03,3.156211409973565765e+02,1.813279310919978238e-01,2.000000000000000000e+00,5.628931686400000000e+10,6.278159532032000000e+12,7.123951315879821777e-01
3.880000000000000000e+03,5.370000000000000000e+02,7.705296442706585935e+01,1.397542485937368628e-01,1.690000000000000000e+02,2.371363584000000000e+09,3.570016911360000000e+11,0.000000000000000000e+00
2.633000000000000000e+03,2.680000000000000000e+03,3.819117676673920414e+02,1.442220510185595606e-01,3.400000000000000000e+01,1.456821657600000000e+10,1.276274671616000000e+12,1.921485066413879395e+00
4.900000000000000000e+02,1.817000000000000000e+03,2.785094236133887193e+02,1.171213948210510919e-01,1.100000000000000000e+01,1.421665075200000000e+10,1.753114214400000000e+12,1.261094808578491211e+00
7.470000000000000000e+02,3.031000000000000000e+03,4.208923264442196910e+01,1.756820922315766309e-01,1.510000000000000000e+02,2.746465280000000000e+09,4.568337612800000000e+11,6.462391465902328491e-03
2.631000000000000000e+03,2.682000000000000000e+03,2.164337260575703965e+02,2.000000000000000111e-01,3.400000000000000000e+01,1.456821657600000000e+10,1.276274671616000000e+12,1.921485066413879395e+00
2.615000000000000000e+03,8.890000000000000000e+02,3.704622615386204387e+01,9.090909090909091161e-02,4.220000000000000000e+02,4.683117120000000000e+08,1.220823941120000000e+11,0.000000000000000000e+00
4.900000000000000000e+02,8.300000000000000000e+02,6.698966001351871000e+02,1.064794274999899953e-01,5.500000000000000000e+01,7.281438720000000000e+09,8.199545815040000000e+11,3.597804307937622070e-01
3.821000000000000000e+03,1.657000000000000000e+03,6.320763655805043157e+01,1.538461538461538547e-01,2.030000000000000000e+02,5.756777600000000000e+08,1.941480734720000000e+11,9.870987385511398315e-02
3.259000000000000000e+03,1.566000000000000000e+03,6.272119362907569240e+01,1.428571428571428492e-01,2.600000000000000000e+02,7.938867200000000000e+08,2.138420510720000000e+11,1.661869138479232788e-01
3.680000000000000000e+03,2.878000000000000000e+03,2.795434835768444373e+02,1.821078397711708707e-01,2.100000000000000000e+01,2.165043609600000000e+10,1.786106085376000000e+12,1.058541417121887207e+00
3.660000000000000000e+02,2.161000000000000000e+03,3.738798068671659394e+02,1.664356663246515655e-01,1.000000000000000000e+00,5.404031385600000000e+10,4.775771897856000000e+12,1.709547489881515503e-01
2.584000000000000000e+03,2.260000000000000000e+02,6.558469723138557583e+01,1.428571428571428492e-01,2.150000000000000000e+02,1.368266624000000000e+09,2.413002588160000000e+11,2.798807621002197266e-01
2.463000000000000000e+03,3.112000000000000000e+03,2.735761520036523962e+02,1.795054935711501154e-01,1.200000000000000000e+01,2.284425011200000000e+10,2.239901466624000000e+12,3.446404933929443359e+00
2.388000000000000000e+03,3.270000000000000000e+02,3.902062693497583155e+02,9.803921568627450844e-02,0.000000000000000000e+00,8.377669222400000000e+10,1.136895144755200000e+13,5.675861835479736328e-01
3.796000000000000000e+03,3.378000000000000000e+03,2.170714975261681730e+02,1.064794274999899953e-01,7.000000000000000000e+01,4.521774080000000000e+09,8.075297423360000000e+11,4.387148097157478333e-02
3.985000000000000000e+03,1.740000000000000000e+03,7.867043776950434619e+01,1.538461538461538547e-01,2.700000000000000000e+02,8.602592640000000000e+08,2.070787686400000000e+11,7.237505912780761719e-02
2.396000000000000000e+03,3.390000000000000000e+02,3.095686548730354275e+02,1.849800221971882874e-01,0.000000000000000000e+00,8.377669222400000000e+10,1.136895144755200000e+13,5.675861835479736328e-01
3.391000000000000000e+03,2.934000000000000000e+03,1.120601140605216983e+02,1.064794274999899953e-01,7.200000000000000000e+01,7.327007232000000000e+09,7.772913664000000000e+11,0.000000000000000000e+00
3.080000000000000000e+03,3.258000000000000000e+03,1.188546654334342634e+02,1.250000000000000000e-01,1.550000000000000000e+02,1.669745408000000000e+09,3.648343572480000000e+11,1.946539035998284817e-03
1.463000000000000000e+03,2.694000000000000000e+03,1.031505215866918945e+02,2.000000000000000111e-01,2.040000000000000000e+02,1.464824448000000000e+09,2.800094740480000000e+11,9.765140414237976074e-01
2.084000000000000000e+03,3.895000000000000000e+03,6.428449262840280198e+01,1.666666666666666574e-01,3.570000000000000000e+02,6.233252480000000000e+08,1.448718008320000000e+11,0.000000000000000000e+00
8.110000000000000000e+02,1.473000000000000000e+03,1.127022228333045177e+02,1.581138830084189706e-01,9.800000000000000000e+01,2.440556544000000000e+09,6.734337146880000000e+11,5.716390162706375122e-02
2.862000000000000000e+03,1.472000000000000000e+03,9.345319436479915964e+01,7.692307692307692735e-02,3.130000000000000000e+02,8.743348480000000000e+08,1.771336335360000000e+11,5.516332760453224182e-02
5.420000000000000000e+02,2.454000000000000000e+03,5.462449205263380492e+01,1.976423537605237202e-01,1.600000000000000000e+02,1.700266368000000000e+09,3.477796618240000000e+11,1.986222900450229645e-02
1.252000000000000000e+03,2.152000000000000000e+03,4.616995100333322455e+01,1.720052290384453675e-01,3.140000000000000000e+02,7.569043840000000000e+08,1.834407690240000000e+11,1.344446092844009399e-01
1.714000000000000000e+03,1.658000000000000000e+03,3.460067145070217975e+02,8.333333333333332871e-02,1.700000000000000000e+01,1.223959859200000000e+10,1.187346776064000000e+12,2.400017738342285156e+00
3.291000000000000000e+03,1.545000000000000000e+03,7.361242164703030255e+01,1.176877882894626220e-01,1.000000000000000000e+02,5.067320320000000000e+09,6.003260784640000000e+11,0.000000000000000000e+00
4.530000000000000000e+02,3.540000000000000000e+03,1.127657514653322153e+02,1.010152544552210818e-01,2.400000000000000000e+02,8.786702080000000000e+08,2.380794265600000000e+11,2.293533980846405029e-01
2.040000000000000000e+02,3.690000000000000000e+02,1.041311593839207319e+02,1.666666666666666574e-01,1.430000000000000000e+02,2.452175616000000000e+09,4.575933235200000000e+11,4.266196489334106445e-01
5.420000000000000000e+02,2.457000000000000000e+03,5.909510608294208112e+01,6.250000000000000000e-02,1.600000000000000000e+02,1.700266368000000000e+09,3.477796618240000000e+11,1.986222900450229645e-02
1.767000000000000000e+03,8.770000000000000000e+02,1.443460466611803952e+02,1.178511301977579334e-01,2.880000000000000000e+02,6.066069760000000000e+08,1.298649497600000000e+11,2.588398754596710205e-02
1.005000000000000000e+03,1.276000000000000000e+03,9.369422568581110511e+01,1.333333333333333315e-01,1.670000000000000000e+02,3.089423872000000000e+09,3.143499120640000000e+11,1.613117009401321411e-01
1.684000000000000000e+03,2.253000000000000000e+03,6.584073909910276825e+02,6.043426966215648122e-02,3.000000000000000000e+00,5.031784038400000000e+10,4.124430041088000000e+12,3.194062948226928711e+00
3.700000000000000000e+03,2.343000000000000000e+03,6.374530162026709945e+01,1.720052290384453675e-01,3.490000000000000000e+02,3.763875840000000000e+08,1.713577000960000000e+11,1.236851606518030167e-02
1.923000000000000000e+03,3.051000000000000000e+03,2.183956689238655997e+02,1.315334104411640948e-01,1.660000000000000000e+02,2.417051648000000000e+09,3.856119562240000000e+11,4.769425466656684875e-02
2.128000000000000000e+03,2.922000000000000000e+03,5.619364051830438456e+01,1.885618083164126990e-01,1.880000000000000000e+02,2.986171904000000000e+09,2.614912122880000000e+11,0.000000000000000000e+00
4.520000000000000000e+02,3.541000000000000000e+03,3.633131920177932557e+02,0.000000000000000000e+00,2.400000000000000000e+02,8.786702080000000000e+08,2.380794265600000000e+11,2.293533980846405029e-01
2.000000000000000000e+01,1.898000000000000000e+03,4.437683737470554775e+02,7.071067811865475172e-02,7.600000000000000000e+01,4.705384448000000000e+09,6.982864732160000000e+11,2.036401629447937012e-01
2.387000000000000000e+03,3.240000000000000000e+02,3.338766495232310945e+02,1.580834852607558572e-01,0.000000000000000000e+00,8.377669222400000000e+10,1.136895144755200000e+13,5.675861835479736328e-01
4.320000000000000000e+02,2.731000000000000000e+03,1.274975054399827030e+02,1.963383631246505001e-01,6.100000000000000000e+01,9.361108992000000000e+09,7.905924218880000000e+11,2.025802731513977051e-01
1.418000000000000000e+03,1.419000000000000000e+03,1.488404830828768297e+02,1.571348402636772446e-01,1.140000000000000000e+02,3.367604480000000000e+09,4.616201175040000000e+11,4.400322437286376953e-01
1.693000000000000000e+03,2.253000000000000000e+03,2.865528526901794066e+02,1.911099408612290662e-01,3.000000000000000000e+00,5.031784038400000000e+10,4.124430041088000000e+12,3.194062948226928711e+00
1.952000000000000000e+03,1.594000000000000000e+03,5.509204839729643766e+01,1.885618083164126990e-01,2.090000000000000000e+02,1.680539008000000000e+09,2.664933130240000000e+11,6.827071309089660645e-02
3.550000000000000000e+02,3.397000000000000000e+03,1.394670856849376435e+02,1.118033988749894958e-01,8.200000000000000000e+01,6.290100736000000000e+09,6.371417128960000000e+11,2.918904721736907959e-01
4.950000000000000000e+02,1.814000000000000000e+03,1.786353476884550560e+02,1.481481481481481399e-01,1.100000000000000000e+01,1.421665075200000000e+10,1.753114214400000000e+12,1.261094808578491211e+00
2.985000000000000000e+03,2.211000000000000000e+03,2.039352521181314444e+02,1.010152544552210818e-01,2.490000000000000000e+02,6.372180480000000000e+08,2.369996226560000000e+11,1.347461994737386703e-02
3.517000000000000000e+03,2.197000000000000000e+03,8.923480388712341949e+01,1.250000000000000000e-01,1.740000000000000000e+02,2.256804608000000000e+09,3.629357793280000000e+11,0.000000000000000000e+00
7.010000000000000000e+02,9.350000000000000000e+02,6.392483450091955888e+01,1.976423537605237202e-01,1.710000000000000000e+02,2.035380352000000000e+09,3.514815283200000000e+11,1.891390979290008545e-01
1.731000000000000000e+03,2.185000000000000000e+03,2.171907409871013783e+02,7.142857142857142461e-02,2.080000000000000000e+02,2.567625216000000000e+09,2.535187906560000000e+11,5.201082229614257812e-01
1.322000000000000000e+03,1.922000000000000000e+03,3.043249790786770248e+01,1.818181818181818232e-01,4.420000000000000000e+02,4.094381440000000000e+08,1.120947814400000000e+11,0.000000000000000000e+00
2.527000000000000000e+03,1.614000000000000000e+03,1.058891406926336458e+02,1.720052290384453675e-01,3.300000000000000000e+02,7.456220800000000000e+08,1.716678328320000000e+11,1.123093739151954651e-01
3.701000000000000000e+03,2.343000000000000000e+03,6.451530074186842967e+01,1.087856586440842377e-01,3.490000000000000000e+02,3.763875840000000000e+08,1.713577000960000000e+11,1.236851606518030167e-02
1.194000000000000000e+03,1.704000000000000000e+03,2.073836199347816773e+02,5.882352941176470507e-02,1.160000000000000000e+02,3.898425856000000000e+09,4.367803351040000000e+11,0.000000000000000000e+00
2.028000000000000000e+03,7.800000000000000000e+02,1.524270108993915187e+02,1.716929178792375721e-01,6.800000000000000000e+01,5.959005184000000000e+09,8.359626014720000000e+11,1.076989397406578064e-01
3.076000000000000000e+03,2.312000000000000000e+03,2.040431624032521256e+02,1.597191412499849861e-01,2.670000000000000000e+02,1.123539072000000000e+09,2.090375905280000000e+11,1.689279526472091675e-01
5.440000000000000000e+02,2.457000000000000000e+03,4.635067002442242057e+01,1.875000000000000000e-01,1.600000000000000000e+02,1.700266368000000000e+09,3.477796618240000000e+11,1.986222900450229645e-02
4.000000000000000000e+02,8.090000000000000000e+02,1.861717938830425965e+02,1.363636363636363535e-01,5.900000000000000000e+01,7.918117376000000000e+09,9.050025492480000000e+11,1.697563409805297852e+00
3.185000000000000000e+03,3.194000000000000000e+03,7.387313420294790944e+01,8.333333333333332871e-02,3.520000000000000000e+02,5.111344960000000000e+08,1.465756876800000000e+11,7.448452711105346680e-02
7.430000000000000000e+02,3.030000000000000000e+03,8.047043001211490321e+01,5.555555555555555247e-02,1.510000000000000000e+02,2.746465280000000000e+09,4.568337612800000000e+11,6.462391465902328491e-03
2.610000000000000000e+03,3.996000000000000000e+03,5.524727764217379899e+02,1.243293543263444545e-01,1.400000000000000000e+01,2.786027520000000000e+10,1.979431518208000000e+12,3.603759050369262695e+00
1.492000000000000000e+03,1.684000000000000000e+03,7.576593981551161505e+01,1.538461538461538547e-01,3.120000000000000000e+02,6.164670080000000000e+08,1.880238325760000000e+11,0.000000000000000000e+00
3.570000000000000000e+03,2.248000000000000000e+03,1.428510704706008596e+02,9.428090415820634951e-02,1.920000000000000000e+02,1.446137088000000000e+09,2.728833187840000000e+11,3.441790491342544556e-02
3.100000000000000000e+03,3.420000000000000000e+02,7.633396912613699214e+01,1.242259987499883256e-01,1.200000000000000000e+02,1.610145920000000000e+09,4.548143677440000000e+11,8.406070992350578308e-03
2.391000000000000000e+03,2.537000000000000000e+03,9.930578609842838489e+01,1.716929178792375721e-01,3.000000000000000000e+01,1.280711270400000000e+10,8.244191559680000000e+11,2.003521442413330078e+00
9.190000000000000000e+02,6.300000000000000000e+01,1.122424741250289912e+02,1.951219512195122019e-01,5.000000000000000000e+00,3.720409907200000000e+10,5.819019034624000000e+12,4.008188247680664062e-01
2.507000000000000000e+03,1.865000000000000000e+03,2.224951480933513892e+02,5.882352941176470507e-02,1.280000000000000000e+02,4.207731712000000000e+09,4.357716705280000000e+11,1.003083679825067520e-02
3.146000000000000000e+03,1.840000000000000000e+02,2.889426961831195584e+01,1.720052290384453675e-01,2.740000000000000000e+02,5.935837440000000000e+08,2.015773655040000000e+11,0.000000000000000000e+00
3.080000000000000000e+03,3.257000000000000000e+03,9.534547747479552982e+01,1.875000000000000000e-01,1.550000000000000000e+02,1.669745408000000000e+09,3.648343572480000000e+11,1.946539035998284817e-03
5.820000000000000000e+02,2.405000000000000000e+03,2.181821496049379050e+01,1.285648693066450132e-01,4.330000000000000000e+02,5.267405440000000000e+08,1.234130698240000000e+11,0.000000000000000000e+00
9.670000000000000000e+02,2.616000000000000000e+03,1.118595671896353139e+02,1.664356663246515655e-01,8.800000000000000000e+01,3.431953920000000000e+09,5.633286471680000000e+11,0.000000000000000000e+00
2.845000000000000000e+03,3.408000000000000000e+03,3.423791884155002094e+02,1.597191412499849861e-01,2.370000000000000000e+02,1.790941568000000000e+09,2.257395875840000000e+11,1.583203822374343872e-01
1.713000000000000000e+03,1.660000000000000000e+03,1.565270583993564912e+02,1.502313031443328895e-01,1.700000000000000000e+01,1.223959859200000000e+10,1.187346776064000000e+12,2.400017738342285156e+00
1.754000000000000000e+03,2.640000000000000000e+03,1.382729941918791781e+02,1.052631578947368363e-01,1.010000000000000000e+02,4.572197376000000000e+09,5.625021071360000000e+11,6.421380676329135895e-03
2.087000000000000000e+03,2.818000000000000000e+03,1.037166307381567663e+02,0.000000000000000000e+00,3.660000000000000000e+02,8.097580800000000000e+08,1.497639157760000000e+11,0.000000000000000000e+00
3.203000000000000000e+03,3.801000000000000000e+03,1.905180721420350949e+02,1.199999999999999956e-01,3.600000000000000000e+01,1.181075353600000000e+10,1.269782806528000000e+12,8.137409687042236328e-01
2.454000000000000000e+03,5.720000000000000000e+02,1.630676624019248493e+02,1.538461538461538547e-01,2.860000000000000000e+02,7.292786560000000000e+08,1.798639779840000000e+11,3.097207657992839813e-02
2.843000000000000000e+03,3.985000000000000000e+03,6.095326167418826344e+02,8.584645893961878604e-02,2.000000000000000000e+00,5.628931686400000000e+10,6.278159532032000000e+12,7.123951315879821777e-01
3.801000000000000000e+03,1.808000000000000000e+03,4.763136330713626876e+01,1.863389981249824745e-01,3.600000000000000000e+02,4.927905280000000000e+08,1.491798589440000000e+11,1.549787935800850391e-03
1.040000000000000000e+02,1.332000000000000000e+03,9.614770235231188167e+01,1.229750923802691437e-01,5.000000000000000000e+01,7.797797888000000000e+09,1.035582898176000000e+12,4.051990509033203125e-01
3.277000000000000000e+03,1.280000000000000000e+03,1.172020986920243217e+02,1.767766952966368932e-01,1.540000000000000000e+02,1.889881472000000000e+09,3.674163445760000000e+11,7.948416471481323242e-02
3.045000000000000000e+03,2.116000000000000000e+03,1.951418206311581400e+02,6.666666666666666574e-02,2.260000000000000000e+02,8.671203200000000000e+08,2.691497000960000000e+11,1.005310472100973129e-02
1.417000000000000000e+03,1.419000000000000000e+03,1.601877074344658354e+02,1.242259987499883256e-01,1.140000000000000000e+02,3.367604480000000000e+09,4.616201175040000000e+11,4.400322437286376953e-01
1.494000000000000000e+03,1.415000000000000000e+03,8.029264780934532553e+01,1.571348402636772446e-01,1.150000000000000000e+02,4.847934976000000000e+09,5.071829401600000000e+11,1.144441142678260803e-01
1.461000000000000000e+03,2.891000000000000000e+03,1.150756824028544258e+02,1.490711984999859852e-01,1.840000000000000000e+02,1.714928000000000000e+09,2.984463237120000000e+11,5.607335567474365234e-01
8.650000000000000000e+02,1.862000000000000000e+03,1.482197275556946714e+01,1.818181818181818232e-01,4.270000000000000000e+02,1.846053888000000000e+09,1.046260449280000000e+11,0.000000000000000000e+00
2.238000000000000000e+03,2.158000000000000000e+03,3.456509758729038850e+01,1.176877882894626220e-01,1.040000000000000000e+02,5.843740672000000000e+09,5.778919915520000000e+11,4.973959177732467651e-03
2.733000000000000000e+03,3.630000000000000000e+02,4.288478037911121987e+01,1.720052290384453675e-01,2.990000000000000000e+02,5.162441920000000000e+08,1.705914368000000000e+11,1.019609123468399048e-01
1.951000000000000000e+03,1.591000000000000000e+03,1.637937040977149934e+02,9.428090415820634951e-02,2.090000000000000000e+02,1.680539008000000000e+09,2.664933130240000000e+11,6.827071309089660645e-02
1.482000000000000000e+03,1.132000000000000000e+03,4.171219045481945642e+01,1.863389981249824745e-01,3.970000000000000000e+02,6.280145280000000000e+08,1.328404561920000000e+11,0.000000000000000000e+00
2.130000000000000000e+02,3.089000000000000000e+03,8.162657231868510621e+01,1.720052290384453675e-01,3.190000000000000000e+02,7.121811840000000000e+08,1.865498132480000000e+11,0.000000000000000000e+00
3.976000000000000000e+03,2.590000000000000000e+03,8.336692459485605013e+02,1.315334104411640948e-01,1.270000000000000000e+02,4.167231744000000000e+09,4.408803655680000000e+11,8.699815869331359863e-01
2.094000000000000000e+03,3.838000000000000000e+03,8.868180544023816481e+01,1.756820922315766309e-01,1.240000000000000000e+02,4.820801024000000000e+09,4.914155356160000000e+11,8.609086275100708008e-02
2.661000000000000000e+03,1.241000000000000000e+03,8.931678700009263139e+01,1.597191412499849861e-01,2.410000000000000000e+02,9.002864000000000000e+08,2.354374901760000000e+11,1.508988533169031143e-02
2.390000000000000000e+03,3.380000000000000000e+02,5.339325207856832094e+02,1.386483884679504952e-01,0.000000000000000000e+00,8.377669222400000000e+10,1.136895144755200000e+13,5.675861835479736328e-01
3.690000000000000000e+03,2.673000000000000000e+03,1.483460133502491018e+01,1.414213562373095034e-01,4.620000000000000000e+02,3.378628160000000000e+08,7.270843187200000000e+10,0.000000000000000000e+00
2.176000000000000000e+03,9.420000000000000000e+02,5.637339076641190871e+01,1.087856586440842377e-01,3.170000000000000000e+02,5.759249280000000000e+08,1.705074032640000000e+11,2.754274010658264160e-01
1.780000000000000000e+02,2.695000000000000000e+03,9.886558776468613985e+01,1.756820922315766309e-01,1.180000000000000000e+02,2.033851904000000000e+09,4.885573795840000000e+11,6.876211613416671753e-02
2.170000000000000000e+02,2.319000000000000000e+03,3.633297903614294455e+01,2.000000000000000111e-01,4.510000000000000000e+02,4.715208640000000000e+08,9.305896550400000000e+10,0.000000000000000000e+00
2.507000000000000000e+03,1.868000000000000000e+03,6.023874388560746240e+01,1.176470588235294101e-01,1.280000000000000000e+02,4.207731712000000000e+09,4.357716705280000000e+11,1.003083679825067520e-02
2.411000000000000000e+03,2.628000000000000000e+03,3.449394702645766131e+01,1.414213562373095034e-01,4.580000000000000000e+02,4.371222720000000000e+08,9.059487744000000000e+10,0.000000000000000000e+00
1.717000000000000000e+03,1.662000000000000000e+03,1.053809503324497285e+02,1.717960677340691911e-01,1.700000000000000000e+01,1.223959859200000000e+10,1.187346776064000000e+12,2.400017738342285156e+00
2.341000000000000000e+03,2.445000000000000000e+03,1.526429774619277282e+02,2.000000000000000111e-01,2.000000000000000000e+01,1.773182566400000000e+10,1.272934170624000000e+12,1.895519137382507324e+00
3.401000000000000000e+03,9.830000000000000000e+02,1.273105490432639044e+02,9.428090415820634951e-02,2.390000000000000000e+02,1.094699904000000000e+09,2.605480509440000000e+11,7.193678617477416992e-02
3.071000000000000000e+03,2.409000000000000000e+03,2.463860361523958602e+02,1.739130434782608647e-01,1.900000000000000000e+01,1.888740147200000000e+10,1.018762625024000000e+12,2.206895589828491211e+00
3.983000000000000000e+03,1.737000000000000000e+03,6.561641721216314238e+01,1.720052290384453675e-01,2.700000000000000000e+02,8.602592640000000000e+08,2.070787686400000000e+11,7.237505912780761719e-02
1.392000000000000000e+03,2.585000000000000000e+03,5.323962320163284545e+01,1.767766952966368932e-01,1.910000000000000000e+02,1.375448704000000000e+09,3.619017523200000000e+11,0.000000000000000000e+00
3.750000000000000000e+02,3.314000000000000000e+03,4.152325328591431486e+01,1.897658566033678385e-01,4.700000000000000000e+01,9.861278720000000000e+09,5.817014681600000000e+11,1.430872678756713867e+00
3.423000000000000000e+03,2.398000000000000000e+03,6.247853338350144980e+01,1.720052290384453675e-01,2.850000000000000000e+02,6.145895680000000000e+08,1.698188820480000000e+11,1.307623535394668579e-01
2.647000000000000000e+03,3.074000000000000000e+03,3.373034729661061988e+02,1.785714285714285754e-01,1.000000000000000000e+01,2.532703436800000000e+10,1.915071758336000000e+12,4.421397686004638672e+00
6.870000000000000000e+02,1.613000000000000000e+03,9.379555784512285754e+02,5.263157894736841813e-02,8.900000000000000000e+01,6.014683136000000000e+09,6.031215820800000000e+11,3.571751117706298828e-01
3.932000000000000000e+03,3.593000000000000000e+03,1.010293268383280605e+02,1.666666666666666574e-01,1.170000000000000000e+02,5.210976768000000000e+09,5.026769797120000000e+11,4.591627046465873718e-02
2.175000000000000000e+03,1.120000000000000000e+02,4.615608011303995113e+02,5.892556509887896671e-02,3.900000000000000000e+01,1.259311308800000000e+10,1.231577808896000000e+12,2.042043924331665039e+00
1.360000000000000000e+02,3.248000000000000000e+03,1.794741738697740630e+02,1.961161351381840168e-01,3.200000000000000000e+01,1.154737459200000000e+10,1.562261454848000000e+12,8.456335663795471191e-01
2.022000000000000000e+03,7.840000000000000000e+02,1.111445582042157980e+02,1.716929178792375721e-01,6.800000000000000000e+01,5.959005184000000000e+09,8.359626014720000000e+11,1.076989397406578064e-01
2.522000000000000000e+03,1.018000000000000000e+03,3.036926827791586447e+02,1.666666666666666574e-01,9.000000000000000000e+00,2.156558540800000000e+10,2.274888253440000000e+12,8.735226988792419434e-01
3.388000000000000000e+03,3.862000000000000000e+03,6.015984395607083712e+01,1.010152544552210818e-01,2.530000000000000000e+02,1.240023296000000000e+09,2.367600394240000000e+11,0.000000000000000000e+00
2.259000000000000000e+03,1.112000000000000000e+03,2.127691428768699495e+02,1.571348402636772168e-01,2.500000000000000000e+01,1.306004275200000000e+10,1.702466420736000000e+12,0.000000000000000000e+00
2.516000000000000000e+03,2.835000000000000000e+03,1.025812150603784403e+02,1.010152544552210818e-01,2.500000000000000000e+02,6.196195200000000000e+08,2.109266001920000000e+11,1.654069572687149048e-01
2.398000000000000000e+03,1.306000000000000000e+03,2.147648315629223248e+02,1.472537723434878820e-01,2.300000000000000000e+01,1.432996761600000000e+10,1.869943144448000000e+12,4.284954965114593506e-01
4.040000000000000000e+02,8.120000000000000000e+02,1.179285438434766604e+02,1.818181818181818232e-01,5.900000000000000000e+01,7.918117376000000000e+09,9.050025492480000000e+11,1.697563409805297852e+00
1.314000000000000000e+03,1.709000000000000000e+03,7.882407870326936461e+01,1.666666666666666574e-01,9.900000000000000000e+01,6.651615232000000000e+09,4.739571056640000000e+11,5.995762534439563751e-03
1.329000000000000000e+03,1.364000000000000000e+03,4.979375606186341940e+01,1.863389981249824745e-01,3.030000000000000000e+02,5.825347200000000000e+08,1.366595338240000000e+11,4.598995298147201538e-02
1.625000000000000000e+03,5.800000000000000000e+01,1.157756173733260709e+02,1.666666666666666574e-01,1.020000000000000000e+02,5.742077440000000000e+09,5.014899261440000000e+11,8.554428815841674805e-01
3.363000000000000000e+03,6.240000000000000000e+02,6.107158394860132233e+01,1.666666666666666574e-01,3.730000000000000000e+02,4.087375040000000000e+08,1.537433600000000000e+11,0.000000000000000000e+00
2.728000000000000000e+03,2.467000000000000000e+03,1.341964480841987211e+02,1.374903330507991073e-01,5.300000000000000000e+01,8.349897216000000000e+09,1.000912453632000000e+12,8.435634374618530273e-01
2.780000000000000000e+02,2.760000000000000000e+02,8.492489198854880783e+01,1.490711984999859852e-01,2.120000000000000000e+02,8.252440960000000000e+08,2.681984286720000000e+11,4.292364716529846191e-01
3.730000000000000000e+02,3.309000000000000000e+03,8.595694921002443323e+01,1.664356663246515655e-01,4.700000000000000000e+01,9.861278720000000000e+09,5.817014681600000000e+11,1.430872678756713867e+00
6.870000000000000000e+02,1.611000000000000000e+03,1.551137077652014113e+02,1.578947368421052544e-01,8.900000000000000000e+01,6.014683136000000000e+09,6.031215820800000000e+11,3.571751117706298828e-01
1.424000000000000000e+03,1.333000000000000000e+03,4.068603711187481622e+02,0.000000000000000000e+00,4.030000000000000000e+02,4.246495360000000000e+08,1.182183669760000000e+11,9.890734218060970306e-03
3.658000000000000000e+03,4.570000000000000000e+02,3.910924965294016715e+02,4.761904761904761640e-02,6.600000000000000000e+01,7.834381824000000000e+09,8.073894297600000000e+11,1.438179731369018555e+00
5.890000000000000000e+02,1.041000000000000000e+03,2.928300575966396124e+01,8.333333333333332871e-02,4.160000000000000000e+02,4.967334080000000000e+08,1.476233134080000000e+11,0.000000000000000000e+00
4.130000000000000000e+02,3.362000000000000000e+03,3.738130180886850695e+01,1.087856586440842377e-01,3.440000000000000000e+02,9.464224640000000000e+08,1.704183234560000000e+11,0.000000000000000000e+00
1.550000000000000000e+03,1.922000000000000000e+03,7.162192898990344929e+02,1.720052290384453675e-01,2.210000000000000000e+02,6.308538240000000000e+08,1.667022684160000000e+11,1.871520876884460449e-01
2.260000000000000000e+03,3.711000000000000000e+03,5.752370431566896514e+01,8.333333333333332871e-02,3.880000000000000000e+02,4.473891200000000000e+08,1.530362920960000000e+11,0.000000000000000000e+00
2.804000000000000000e+03,3.044000000000000000e+03,1.493034477317526125e+02,1.242259987499883256e-01,7.900000000000000000e+01,6.795408384000000000e+09,4.628956774400000000e+11,4.103572666645050049e-01
2.454000000000000000e+03,5.730000000000000000e+02,3.462445682362287585e+02,7.692307692307692735e-02,2.860000000000000000e+02,7.292786560000000000e+08,1.798639779840000000e+11,3.097207657992839813e-02
1.040000000000000000e+02,1.335000000000000000e+03,1.366456480990447346e+02,9.722034684781695468e-02,5.000000000000000000e+01,7.797797888000000000e+09,1.035582898176000000e+12,4.051990509033203125e-01
2.851000000000000000e+03,3.983000000000000000e+03,4.150812851112312387e+02,1.524553389864963804e-01,2.000000000000000000e+00,5.628931686400000000e+10,6.278159532032000000e+12,7.123951315879821777e-01
8.800000000000000000e+02,1.447000000000000000e+03,1.050487901199972640e+02,1.250000000000000000e-01,1.570000000000000000e+02,1.279842816000000000e+09,3.484008775680000000e+11,2.002031058073043823e-01
1.313000000000000000e+03,1.712000000000000000e+03,8.703470494881550223e+01,5.555555555555555247e-02,9.900000000000000000e+01,6.651615232000000000e+09,4.739571056640000000e+11,5.995762534439563751e-03
6.560000000000000000e+02,3.902000000000000000e+03,4.424785619792172753e+01,2.000000000000000111e-01,1.960000000000000000e+02,6.868819840000000000e+08,2.607462809600000000e+11,2.266290783882141113e-02
3.620000000000000000e+02,2.160000000000000000e+03,7.203610270978914514e+02,9.488292830168391923e-02,1.000000000000000000e+00,5.404031385600000000e+10,4.775771897856000000e+12,1.709547489881515503e-01
1.688000000000000000e+03,2.254000000000000000e+03,5.566944750464067511e+02,7.644397634449162648e-02,3.000000000000000000e+00,5.031784038400000000e+10,4.124430041088000000e+12,3.194062948226928711e+00
3.185000000000000000e+03,6.000000000000000000e+01,5.967270517239952596e+02,0.000000000000000000e+00,2.350000000000000000e+02,1.789910528000000000e+09,2.301310566400000000e+11,1.099770516157150269e-01
2.163000000000000000e+03,2.608000000000000000e+03,1.747372173185355564e+02,1.374903330507991073e-01,5.100000000000000000e+01,8.195988992000000000e+09,1.038099021824000000e+12,2.238056659698486328e-01
2.404000000000000000e+03,1.308000000000000000e+03,2.636708451499003445e+02,7.985957062499249304e-02,2.300000000000000000e+01,1.432996761600000000e+10,1.869943144448000000e+12,4.284954965114593506e-01
2.081000000000000000e+03,3.084000000000000000e+03,5.039416271253960389e+01,6.250000000000000000e-02,1.700000000000000000e+02,4.433466880000000000e+09,3.195793571840000000e+11,0.000000000000000000e+00
2.460000000000000000e+02,2.923000000000000000e+03,1.632216083764441521e+02,8.318903308077030267e-02,1.440000000000000000e+02,2.731606016000000000e+09,4.188105277440000000e+11,2.888307571411132812e-01
7.180000000000000000e+02,8.810000000000000000e+02,3.959837988151314647e+01,1.863389981249824745e-01,3.720000000000000000e+02,5.472705280000000000e+08,1.540376657920000000e+11,0.000000000000000000e+00
2.294000000000000000e+03,2.465000000000000000e+03,1.146901341019600693e+02,1.178511301977579334e-01,3.900000000000000000e+02,3.359978560000000000e+08,1.444374773760000000e+11,4.727732855826616287e-03
3.972000000000000000e+03,2.417000000000000000e+03,2.926623135925015617e+02,1.585809856006792640e-01,2.700000000000000000e+01,1.238435225600000000e+10,1.530468237312000000e+12,2.036925554275512695e+00
1.792000000000000000e+03,6.960000000000000000e+02,4.858929949997597646e+02,1.052631578947368363e-01,9.200000000000000000e+01,4.124931584000000000e+09,6.228464107520000000e+11,4.545400738716125488e-01
2.177000000000000000e+03,1.160000000000000000e+02,2.211078617633476995e+02,1.767766952966368654e-01,3.900000000000000000e+01,1.259311308800000000e+10,1.231577808896000000e+12,2.042043924331665039e+00
6.210000000000000000e+02,3.765000000000000000e+03,3.488687093835723090e+02,1.111111111111111049e-01,2.400000000000000000e+01,1.978117324800000000e+10,1.640358739968000000e+12,2.145830392837524414e+00
2.729000000000000000e+03,1.570000000000000000e+03,4.741754515446970686e+01,1.010152544552210818e-01,2.270000000000000000e+02,1.495355776000000000e+09,2.562825912320000000e+11,0.000000000000000000e+00
2.561000000000000000e+03,3.101000000000000000e+03,5.695437621407348843e+02,6.250000000000000000e-02,1.680000000000000000e+02,2.705936384000000000e+09,3.518693048320000000e+11,1.805059164762496948e-01
9.220000000000000000e+02,4.650000000000000000e+02,2.859300205284266099e+02,1.090440572471854941e-01,1.500000000000000000e+01,1.594162892800000000e+10,2.064746414080000000e+12,2.757654666900634766e+00
2.224000000000000000e+03,3.062000000000000000e+03,6.188674222471027520e+01,1.944406936956339094e-01,1.600000000000000000e+01,1.937281843200000000e+10,1.002276192256000000e+12,7.867671847343444824e-01
3.290000000000000000e+03,1.546000000000000000e+03,7.386835308337902006e+01,1.176877882894626220e-01,1.000000000000000000e+02,5.067320320000000000e+09,6.003260784640000000e+11,0.000000000000000000e+00
4.130000000000000000e+02,3.359000000000000000e+03,3.222705690930330036e+01,1.720052290384453675e-01,3.440000000000000000e+02,9.464224640000000000e+08,1.704183234560000000e+11,0.000000000000000000e+00
7.250000000000000000e+02,2.776000000000000000e+03,2.694070223344223223e+02,4.166666666666666435e-02,4.300000000000000000e+01,6.625502720000000000e+09,1.240374575104000000e+12,7.242954522371292114e-02
3.630000000000000000e+02,3.086000000000000000e+03,2.530622007237511895e+01,1.666666666666666574e-01,3.980000000000000000e+02,8.177869440000000000e+08,1.488555704320000000e+11,0.000000000000000000e+00
3.088000000000000000e+03,3.607000000000000000e+03,3.554008936450446754e+02,1.758282590894063580e-01,1.300000000000000000e+01,1.881086976000000000e+10,2.053483003904000000e+12,1.574149370193481445e+00
2.148000000000000000e+03,3.740000000000000000e+02,9.491747154469912573e+01,1.490711984999859852e-01,2.230000000000000000e+02,1.358996096000000000e+09,2.736059351040000000e+11,2.617974281311035156e-01
3.994000000000000000e+03,1.519000000000000000e+03,1.029788016109957169e+02,0.000000000000000000e+00,3.270000000000000000e+02,8.375604480000000000e+08,1.751238082560000000e+11,0.000000000000000000e+00
1.948000000000000000e+03,1.591000000000000000e+03,3.090414362818577274e+02,1.490711984999859852e-01,2.090000000000000000e+02,1.680539008000000000e+09,2.664933130240000000e+11,6.827071309089660645e-02
2.851000000000000000e+03,3.984000000000000000e+03,4.668469785319826997e+02,1.388321879725071539e-01,2.000000000000000000e+00,5.628931686400000000e+10,6.278159532032000000e+12,7.123951315879821777e-01
2.691000000000000000e+03,3.214000000000000000e+03,1.597206470081173961e+02,0.000000000000000000e+00,1.980000000000000000e+02,1.823513216000000000e+09,2.506064363520000000e+11,1.331411115825176239e-02
1.493000000000000000e+03,1.682000000000000000e+03,1.229432662841515764e+02,1.720052290384453675e-01,3.120000000000000000e+02,6.164670080000000000e+08,1.880238325760000000e+11,0.000000000000000000e+00
2.554000000000000000e+03,2.762000000000000000e+03,1.033886539305533461e+02,1.414213562373095034e-01,4.410000000000000000e+02,3.312706880000000000e+08,9.440138854400000000e+10,5.458363331854343414e-03
3.279000000000000000e+03,1.278000000000000000e+03,3.768317380476100880e+02,0.000000000000000000e+00,1.540000000000000000e+02,1.889881472000000000e+09,3.674163445760000000e+11,7.948416471481323242e-02
1.198000000000000000e+03,1.703000000000000000e+03,1.119433045920608407e+02,1.860163329510811370e-01,1.160000000000000000e+02,3.898425856000000000e+09,4.367803351040000000e+11,0.000000000000000000e+00
1.613000000000000000e+03,2.956000000000000000e+03,1.326695096227990689e+02,9.090909090909091161e-02,6.400000000000000000e+01,6.949873664000000000e+09,8.574791843840000000e+11,4.483140707015991211e-01
2.517000000000000000e+03,4.300000000000000000e+02,9.079342311948930444e+01,1.860163329510811370e-01,8.700000000000000000e+01,2.918684928000000000e+09,4.349424435200000000e+11,4.410782754421234131e-01
3.550000000000000000e+02,2.168000000000000000e+03,3.260500592697872548e+02,1.860807318911967267e-01,1.000000000000000000e+00,5.404031385600000000e+10,4.775771897856000000e+12,1.709547489881515503e-01
2.419000000000000000e+03,2.666000000000000000e+03,1.205723928689665456e+02,1.860163329510811370e-01,1.230000000000000000e+02,2.000521472000000000e+09,4.372293877760000000e+11,1.243854522705078125e+00
2.163000000000000000e+03,2.846000000000000000e+03,5.108010559890139746e+01,1.720052290384453675e-01,3.340000000000000000e+02,5.389920000000000000e+08,1.700434411520000000e+11,6.345395743846893311e-02
2.060000000000000000e+03,3.993000000000000000e+03,5.926447964866808604e+01,1.720052290384453675e-01,2.720000000000000000e+02,5.435582080000000000e+08,1.726447943680000000e+11,1.365709211677312851e-02
3.647000000000000000e+03,2.660000000000000000e+02,6.934005409815340215e+01,1.720052290384453675e-01,3.650000000000000000e+02,4.033187520000000000e+08,1.703893893120000000e+11,7.649682229384779930e-04
2.722000000000000000e+03,2.470000000000000000e+03,1.926872908636452451e+02,1.567630989332169100e-01,5.300000000000000000e+01,8.349897216000000000e+09,1.000912453632000000e+12,8.435634374618530273e-01
6.890000000000000000e+02,1.612000000000000000e+03,1.582947876074235012e+02,1.488645855129573925e-01,8.900000000000000000e+01,6.014683136000000000e+09,6.031215820800000000e+11,3.571751117706298828e-01
1.618000000000000000e+03,1.037000000000000000e+03,3.586226388363701290e+01,1.863389981249824745e-01,4.190000000000000000e+02,6.792685440000000000e+08,1.388187811840000000e+11,0.000000000000000000e+00
1.310000000000000000e+02,2.323000000000000000e+03,2.128743961718065805e+02,1.720052290384453675e-01,1.800000000000000000e+01,1.490262937600000000e+10,1.419475419136000000e+12,1.013386368751525879e+00
1.602000000000000000e+03,2.123000000000000000e+03,2.194168184142594384e+02,1.928473039599674921e-01,5.400000000000000000e+01,1.122953011200000000e+10,8.577714094080000000e+11,2.445178747177124023e+00
1.700000000000000000e+03,1.997000000000000000e+03,8.237925583376419070e+01,7.692307692307692735e-02,3.390000000000000000e+02,4.733577920000000000e+08,1.675546787840000000e+11,1.828818209469318390e-02
2.624000000000000000e+03,6.800000000000000000e+01,5.083940018688774387e+01,1.863389981249824745e-01,3.860000000000000000e+02,3.389833600000000000e+08,1.445606195200000000e+11,4.060648847371339798e-03
2.246000000000000000e+03,3.788000000000000000e+03,5.419326190830704491e+02,4.347826086956521618e-02,4.800000000000000000e+01,9.209923584000000000e+09,1.063470563328000000e+12,5.686478018760681152e-01
2.640000000000000000e+03,2.685000000000000000e+03,1.853958071107733190e+02,2.000000000000000111e-01,3.400000000000000000e+01,1.456821657600000000e+10,1.276274671616000000e+12,1.921485066413879395e+00
2.180000000000000000e+02,9.000000000000000000e+02,3.756485074127831325e+01,1.720052290384453675e-01,3.420000000000000000e+02,4.321206720000000000e+08,1.857938554880000000e+11,1.448071841150522232e-02
2.777000000000000000e+03,3.284000000000000000e+03,1.906704795369523708e+02,6.734350297014739251e-02,6.200000000000000000e+01,7.472852480000000000e+09,7.617833861120000000e+11,6.833025813102722168e-01
1.852000000000000000e+03,1.581000000000000000e+03,2.265961944831517982e+01,1.490711984999859852e-01,2.310000000000000000e+02,1.867093120000000000e+09,2.600269414400000000e+11,2.516664098948240280e-03
3.039000000000000000e+03,1.484000000000000000e+03,4.703980343298363920e+01,1.885618083164126990e-01,1.760000000000000000e+02,1.103179776000000000e+09,2.857155624960000000e+11,1.274166256189346313e-01
3.349000000000000000e+03,1.633000000000000000e+03,3.947747227643716883e+01,0.000000000000000000e+00,4.450000000000000000e+02,4.093180480000000000e+08,9.708884787200000000e+10,0.000000000000000000e+00
2.827000000000000000e+03,1.219000000000000000e+03,1.959726214801550839e+02,7.443229275647869625e-02,9.100000000000000000e+01,2.423620608000000000e+09,5.533967974400000000e+11,5.127481222152709961e-01
6.990000000000000000e+02,3.282000000000000000e+03,4.056070076414821557e+01,1.538461538461538547e-01,3.260000000000000000e+02,1.060119680000000000e+09,2.013788078080000000e+11,0.000000000000000000e+00
1.981000000000000000e+03,1.504000000000000000e+03,1.142831199387997998e+02,1.315334104411640948e-01,1.350000000000000000e+02,2.493312768000000000e+09,4.014708817920000000e+11,4.813774675130844116e-02
2.100000000000000000e+03,3.837000000000000000e+03,4.919348426884310044e+01,1.666666666666666574e-01,1.240000000000000000e+02,4.820801024000000000e+09,4.914155356160000000e+11,8.609086275100708008e-02
1.996000000000000000e+03,2.600000000000000000e+01,3.131051801337447387e+02,1.538461538461538547e-01,2.710000000000000000e+02,1.136709120000000000e+09,2.014565498880000000e+11,2.419494539499282837e-01
1.400000000000000000e+02,3.244000000000000000e+03,1.692901899224310682e+02,1.961161351381840168e-01,3.200000000000000000e+01,1.154737459200000000e+10,1.562261454848000000e+12,8.456335663795471191e-01
3.683000000000000000e+03,2.878000000000000000e+03,3.956619380366611836e+02,7.985957062499249304e-02,2.100000000000000000e+01,2.165043609600000000e+10,1.786106085376000000e+12,1.058541417121887207e+00
3.276000000000000000e+03,3.297000000000000000e+03,2.293423383358079377e+02,1.940340678009954134e-01,6.000000000000000000e+00,2.321462886400000000e+10,3.045936857088000000e+12,4.250588417053222656e+00
3.142000000000000000e+03,9.990000000000000000e+02,1.167240071716190215e+02,1.897658566033678385e-01,9.500000000000000000e+01,3.394375168000000000e+09,5.609730211840000000e+11,7.624695897102355957e-01
2.623000000000000000e+03,6.600000000000000000e+01,7.177992956399698699e+01,0.000000000000000000e+00,3.860000000000000000e+02,3.389833600000000000e+08,1.445606195200000000e+11,4.060648847371339798e-03
1.624000000000000000e+03,2.504000000000000000e+03,3.435113957002965890e+01,9.428090415820634951e-02,1.940000000000000000e+02,2.283313920000000000e+09,2.992840048640000000e+11,0.000000000000000000e+00
3.043000000000000000e+03,2.116000000000000000e+03,8.766142248883223829e+02,6.666666666666666574e-02,2.260000000000000000e+02,8.671203200000000000e+08,2.691497000960000000e+11,1.005310472100973129e-02
6.460000000000000000e+02,1.725000000000000000e+03,1.302465037227479456e+02,1.897658566033678385e-01,3.500000000000000000e+01,1.143281561600000000e+10,6.191613870080000000e+11,7.271656394004821777e-01
2.420000000000000000e+03,2.661000000000000000e+03,8.687851837585937176e+01,1.663780661615406053e-01,1.230000000000000000e+02,2.000521472000000000e+09,4.372293877760000000e+11,1.243854522705078125e+00
1.650000000000000000e+03,3.017000000000000000e+03,1.133082894527459814e+02,1.976423537605237202e-01,1.480000000000000000e+02,1.804167296000000000e+09,3.542372515840000000e+11,5.573551058769226074e-01
9.270000000000000000e+02,4.700000000000000000e+02,1.887901746197027535e+02,1.542115846551579128e-01,1.500000000000000000e+01,1.594162892800000000e+10,2.064746414080000000e+12,2.757654666900634766e+00
2.690000000000000000e+03,3.214000000000000000e+03,2.159855583890826551e+02,7.142857142857142461e-02,1.980000000000000000e+02,1.823513216000000000e+09,2.506064363520000000e+11,1.331411115825176239e-02
2.889000000000000000e+03,3.525000000000000000e+03,2.589045984347857825e+02,1.527076157636170495e-01,2.800000000000000000e+01,1.246307840000000000e+10,1.611237163008000000e+12,9.548643231391906738e-01
1.441000000000000000e+03,1.480000000000000000e+03,3.058909039484640857e+01,1.885618083164126990e-01,2.330000000000000000e+02,2.212824576000000000e+09,2.835332136960000000e+11,0.000000000000000000e+00
3.274000000000000000e+03,3.286000000000000000e+03,2.220630495128487212e+02,1.916531915253563423e-01,6.000000000000000000e+00,2.321462886400000000e+10,3.045936857088000000e+12,4.250588417053222656e+00
5.420000000000000000e+02,2.456000000000000000e+03,5.700754061328765232e+01,8.838834764831844659e-02,1.600000000000000000e+02,1.700266368000000000e+09,3.477796618240000000e+11,1.986222900450229645e-02
1.153000000000000000e+03,1.352000000000000000e+03,6.168525303458142872e+01,1.414213562373095034e-01,4.550000000000000000e+02,3.336193920000000000e+08,7.329398784000000000e+10,0.000000000000000000e+00
1.424000000000000000e+03,1.603000000000000000e+03,2.528134627164331860e+01,2.000000000000000111e-01,4.700000000000000000e+02,4.427150080000000000e+08,1.168485785600000000e+10,0.000000000000000000e+00
3.879000000000000000e+03,1.996000000000000000e+03,1.617323983121573860e+02,1.904761904761904656e-01,6.300000000000000000e+01,1.001084723200000000e+10,8.035539353600000000e+11,1.929144382476806641e+00
3.683000000000000000e+03,2.879000000000000000e+03,3.235029964939212164e+02,1.010152544552210818e-01,2.100000000000000000e+01,2.165043609600000000e+10,1.786106085376000000e+12,1.058541417121887207e+00
1.755000000000000000e+03,2.641000000000000000e+03,9.598267454460258818e+01,1.664356663246515655e-01,1.010000000000000000e+02,4.572197376000000000e+09,5.625021071360000000e+11,6.421380676329135895e-03
1.715000000000000000e+03,1.654000000000000000e+03,2.017074267710835898e+02,1.717960677340691911e-01,1.700000000000000000e+01,1.223959859200000000e+10,1.187346776064000000e+12,2.400017738342285156e+00
3.977000000000000000e+03,2.420000000000000000e+03,3.110100844318207578e+02,8.600261451922268374e-02,2.700000000000000000e+01,1.238435225600000000e+10,1.530468237312000000e+12,2.036925554275512695e+00
2.522000000000000000e+03,1.008000000000000000e+03,2.698192223796572193e+02,1.666666666666666574e-01,9.000000000000000000e+00,2.156558540800000000e+10,2.274888253440000000e+12,8.735226988792419434e-01
2.613000000000000000e+03,3.000000000000000000e+00,3.362009723678829118e+02,1.425106124925803741e-01,1.400000000000000000e+01,2.786027520000000000e+10,1.979431518208000000e+12,3.603759050369262695e+00
2.616000000000000000e+03,2.000000000000000000e+00,2.103814631612639232e+02,1.726209100801812113e-01,1.400000000000000000e+01,2.786027520000000000e+10,1.979431518208000000e+12,3.603759050369262695e+00
2.222000000000000000e+03,3.057000000000000000e+03,9.499446840438395157e+01,4.347826086956521618e-02,1.600000000000000000e+01,1.937281843200000000e+10,1.002276192256000000e+12,7.867671847343444824e-01
3.662000000000000000e+03,4.570000000000000000e+02,1.427206165309787593e+02,1.963383631246505001e-01,6.600000000000000000e+01,7.834381824000000000e+09,8.073894297600000000e+11,1.438179731369018555e+00
1.803000000000000000e+03,1.760000000000000000e+03,4.956835627782655251e+01,1.178511301977579334e-01,4.040000000000000000e+02,4.314691200000000000e+08,1.523989217280000000e+11,0.000000000000000000e+00
3.197000000000000000e+03,3.803000000000000000e+03,1.566271901355980845e+02,1.442220510185595606e-01,3.600000000000000000e+01,1.181075353600000000e+10,1.269782806528000000e+12,8.137409687042236328e-01
2.526000000000000000e+03,1.011000000000000000e+03,2.396164032081785251e+02,1.490711984999859852e-01,9.000000000000000000e+00,2.156558540800000000e+10,2.274888253440000000e+12,8.735226988792419434e-01
3.814000000000000000e+03,3.618000000000000000e+03,5.229179124526831401e+01,1.285648693066450132e-01,4.370000000000000000e+02,4.168623680000000000e+08,1.162479206400000000e+11,0.000000000000000000e+00
1.081000000000000000e+03,3.500000000000000000e+02,1.241538303999532644e+02,1.178511301977579334e-01,4.070000000000000000e+02,3.171887040000000000e+08,1.305641451520000000e+11,2.433669194579124451e-02
3.500000000000000000e+02,6.160000000000000000e+02,2.190735801787221533e+02,1.505846504842085487e-01,7.400000000000000000e+01,3.999097856000000000e+09,7.883710136320000000e+11,1.153122663497924805e+00
3.332000000000000000e+03,8.180000000000000000e+02,1.087212475156836433e+02,8.318903308077030267e-02,1.420000000000000000e+02,2.753105152000000000e+09,3.924815380480000000e+11,0.000000000000000000e+00
1.274000000000000000e+03,1.799000000000000000e+03,2.622913987728645111e+02,9.316949906249123725e-02,4.100000000000000000e+01,1.095597670400000000e+10,1.212032876544000000e+12,5.461735725402832031e-01
4.930000000000000000e+02,8.320000000000000000e+02,1.871600429438695983e+02,6.734350297014739251e-02,5.500000000000000000e+01,7.281438720000000000e+09,8.199545815040000000e+11,3.597804307937622070e-01
3.795000000000000000e+03,2.649000000000000000e+03,1.034810583904900909e+02,1.885618083164126990e-01,2.000000000000000000e+02,2.025225472000000000e+09,2.632945827840000000e+11,3.803326785564422607e-01
2.024000000000000000e+03,7.850000000000000000e+02,1.071568056073862039e+02,1.505846504842085487e-01,6.800000000000000000e+01,5.959005184000000000e+09,8.359626014720000000e+11,1.076989397406578064e-01
9.800000000000000000e+01,1.332000000000000000e+03,1.347045464105390522e+02,1.944406936956339094e-01,5.000000000000000000e+01,7.797797888000000000e+09,1.035582898176000000e+12,4.051990509033203125e-01
2.508000000000000000e+03,1.867000000000000000e+03,7.472596893940915663e+01,8.318903308077030267e-02,1.280000000000000000e+02,4.207731712000000000e+09,4.357716705280000000e+11,1.003083679825067520e-02
3.815000000000000000e+03,3.618000000000000000e+03,5.580614224841258419e+01,9.090909090909091161e-02,4.370000000000000000e+02,4.168623680000000000e+08,1.162479206400000000e+11,0.000000000000000000e+00
2.614000000000000000e+03,1.000000000000000000e+00,3.930976316580550929e+02,9.777610377025122701e-02,1.400000000000000000e+01,2.786027520000000000e+10,1.979431518208000000e+12,3.603759050369262695e+00
1.847000000000000000e+03,3.660000000000000000e+03,1.025643264540830444e+02,6.250000000000000000e-02,1.970000000000000000e+02,1.901484416000000000e+09,3.233736294400000000e+11,5.048052407801151276e-03
1.572000000000000000e+03,2.984000000000000000e+03,1.386458011693484877e+02,1.597191412499849861e-01,2.280000000000000000e+02,1.568986880000000000e+09,2.207783649280000000e+11,2.009579539299011230e-01
2.382000000000000000e+03,1.727000000000000000e+03,5.314283233819487151e+01,1.242259987499883256e-01,1.300000000000000000e+02,3.632104192000000000e+09,4.624581591040000000e+11,1.768329180777072906e-02
6.100000000000000000e+02,9.190000000000000000e+02,1.001645992880623481e+02,1.716929178792375721e-01,7.700000000000000000e+01,5.899091456000000000e+09,7.579769241600000000e+11,0.000000000000000000e+00
2.552000000000000000e+03,2.764000000000000000e+03,5.304387031867955926e+01,1.414213562373095034e-01,4.410000000000000000e+02,3.312706880000000000e+08,9.440138854400000000e+10,5.458363331854343414e-03
1.965000000000000000e+03,3.823000000000000000e+03,2.423440120510364437e+01,1.863389981249824745e-01,3.920000000000000000e+02,8.194494720000000000e+08,1.469327114240000000e+11,0.000000000000000000e+00
3.688000000000000000e+03,2.878000000000000000e+03,2.326332911821580467e+02,1.129384878631564115e-01,2.100000000000000000e+01,2.165043609600000000e+10,1.786106085376000000e+12,1.058541417121887207e+00
2.846000000000000000e+03,3.988000000000000000e+03,8.271350058792004347e+02,2.380952380952380820e-02,2.000000000000000000e+00,5.628931686400000000e+10,6.278159532032000000e+12,7.123951315879821777e-01
4.490000000000000000e+02,2.144000000000000000e+03,1.622854013320138051e+02,1.178511301977579334e-01,2.890000000000000000e+02,9.407173120000000000e+08,1.640350187520000000e+11,9.322252869606018066e-02
2.020000000000000000e+02,3.720000000000000000e+02,1.367110417219260228e+02,1.111111111111111049e-01,1.430000000000000000e+02,2.452175616000000000e+09,4.575933235200000000e+11,4.266196489334106445e-01
1.323000000000000000e+03,1.920000000000000000e+03,3.228013977336332374e+01,9.090909090909091161e-02,4.420000000000000000e+02,4.094381440000000000e+08,1.120947814400000000e+11,0.000000000000000000e+00
3.386000000000000000e+03,3.939000000000000000e+03,3.603864650618695720e+01,1.720052290384453675e-01,3.760000000000000000e+02,4.800745280000000000e+08,1.675726192640000000e+11,5.757528124377131462e-04
6.370000000000000000e+02,1.694000000000000000e+03,9.051582493989945988e+01,1.538461538461538547e-01,2.680000000000000000e+02,1.058980544000000000e+09,1.964929351680000000e+11,9.750066697597503662e-02
3.440000000000000000e+03,5.040000000000000000e+02,1.163050176910344220e+02,1.499999999999999944e-01,6.000000000000000000e+01,5.884199936000000000e+09,6.306729164800000000e+11,1.673907041549682617e-01
3.440000000000000000e+02,1.469000000000000000e+03,3.292214411328521919e+02,1.631868123374091983e-01,7.000000000000000000e+00,3.392714137600000000e+10,2.913892564992000000e+12,4.570787429809570312e+00
3.189000000000000000e+03,3.623000000000000000e+03,8.586270940706336319e+01,1.538461538461538547e-01,3.330000000000000000e+02,5.459247360000000000e+08,1.804148080640000000e+11,2.241535298526287079e-02
3.048000000000000000e+03,3.389000000000000000e+03,1.515995298411572776e+02,1.649242250247064112e-01,3.300000000000000000e+01,1.268767641600000000e+10,1.303878828032000000e+12,1.093849778175354004e+00
1.836000000000000000e+03,8.810000000000000000e+02,1.105674028534509006e+02,7.142857142857142461e-02,2.300000000000000000e+02,1.177191040000000000e+09,2.513947852800000000e+11,0.000000000000000000e+00
1.998000000000000000e+03,2.700000000000000000e+01,7.590860093780707984e+01,1.720052290384453675e-01,2.710000000000000000e+02,1.136709120000000000e+09,2.014565498880000000e+11,2.419494539499282837e-01
3.435000000000000000e+03,2.521000000000000000e+03,1.224054118013133916e+02,1.490711984999859852e-01,1.780000000000000000e+02,1.308760320000000000e+09,3.124685045760000000e+11,7.397050857543945312e-01
4.010000000000000000e+02,8.110000000000000000e+02,2.688593169716942839e+02,6.428243465332250661e-02,5.900000000000000000e+01,7.918117376000000000e+09,9.050025492480000000e+11,1.697563409805297852e+00
1.195000000000000000e+03,1.704000000000000000e+03,1.857135846654014131e+02,0.000000000000000000e+00,1.160000000000000000e+02,3.898425856000000000e+09,4.367803351040000000e+11,0.000000000000000000e+00
1.624000000000000000e+03,2.507000000000000000e+03,2.817661496948228006e+01,1.490711984999859852e-01,1.940000000000000000e+02,2.283313920000000000e+09,2.992840048640000000e+11,0.000000000000000000e+00
2.223000000000000000e+03,3.055000000000000000e+03,9.159512028277748641e+01,1.374903330507991073e-01,1.600000000000000000e+01,1.937281843200000000e+10,1.002276192256000000e+12,7.867671847343444824e-01
2.976000000000000000e+03,4.200000000000000000e+01,3.440415302137657250e+02,1.010152544552210818e-01,2.200000000000000000e+01,1.112703795200000000e+10,1.769099100160000000e+12,1.792023628950119019e-01
2.851000000000000000e+03,3.993000000000000000e+03,3.015686003394386603e+02,1.859583256168250986e-01,2.000000000000000000e+00,5.628931686400000000e+10,6.278159532032000000e+12,7.123951315879821777e-01
2.198000000000000000e+03,1.649000000000000000e+03,1.296959375909190442e+02,8.333333333333332871e-02,3.640000000000000000e+02,4.553031040000000000e+08,1.432976752640000000e+11,3.647781908512115479e-02
5.280000000000000000e+02,1.733000000000000000e+03,1.599580684939529363e+02,1.488645855129573925e-01,8.000000000000000000e+01,8.157177344000000000e+09,6.252981125120000000e+11,7.224321365356445312e-02
1.652000000000000000e+03,3.020000000000000000e+03,1.370374182568201036e+02,1.397542485937368628e-01,1.480000000000000000e+02,1.804167296000000000e+09,3.542372515840000000e+11,5.573551058769226074e-01
3.197000000000000000e+03,3.800000000000000000e+03,3.293434611612730123e+02,1.264911064067351931e-01,3.600000000000000000e+01,1.181075353600000000e+10,1.269782806528000000e+12,8.137409687042236328e-01
3.094000000000000000e+03,1.081000000000000000e+03,1.704753624482133603e+02,1.739130434782608647e-01,5.200000000000000000e+01,8.784549888000000000e+09,9.930926981120000000e+11,3.149703741073608398e-01
2.139000000000000000e+03,2.744000000000000000e+03,8.642581476227503856e+01,1.176470588235294101e-01,1.030000000000000000e+02,3.443494656000000000e+09,3.972623237120000000e+11,1.831960305571556091e-02
3.752000000000000000e+03,2.302000000000000000e+03,2.223869274408224896e+02,1.285648693066450132e-01,4.090000000000000000e+02,4.722456000000000000e+08,1.279692881920000000e+11,9.717266261577606201e-02
2.161000000000000000e+03,1.544000000000000000e+03,3.034179813485283717e+02,0.000000000000000000e+00,1.460000000000000000e+02,2.724431104000000000e+09,3.837422469120000000e+11,1.022337898612022400e-01
8.540000000000000000e+02,2.068000000000000000e+03,2.552258724098033156e+02,1.317615691736824801e-01,4.500000000000000000e+01,1.243060633600000000e+10,1.139536691200000000e+12,6.545064449310302734e-01
1.938000000000000000e+03,2.840000000000000000e+02,5.097377087593670097e+01,1.863389981249824745e-01,3.670000000000000000e+02,5.155913600000000000e+08,1.472662405120000000e+11,1.946306824684143066e-01
2.860000000000000000e+03,1.472000000000000000e+03,1.773206339438352472e+02,7.692307692307692735e-02,3.130000000000000000e+02,8.743348480000000000e+08,1.771336335360000000e+11,5.516332760453224182e-02
4.090000000000000000e+02,1.371000000000000000e+03,1.447910235372686145e+02,1.388888888888888951e-01,4.000000000000000000e+00,3.802601062400000000e+10,4.025006424064000000e+12,3.468478620052337646e-01
1.355000000000000000e+03,1.763000000000000000e+03,4.077995527697371614e+01,1.720052290384453675e-01,3.400000000000000000e+02,6.288156160000000000e+08,1.898148331520000000e+11,0.000000000000000000e+00
2.394000000000000000e+03,9.210000000000000000e+02,6.480748808051268384e+01,1.875000000000000000e-01,1.620000000000000000e+02,2.895883776000000000e+09,3.341555793920000000e+11,2.132596969604492188e-01
3.338000000000000000e+03,8.490000000000000000e+02,2.511935288612342276e+01,1.000000000000000056e-01,4.490000000000000000e+02,3.675385280000000000e+08,9.665634304000000000e+10,0.000000000000000000e+00
1.067000000000000000e+03,3.190000000000000000e+02,4.412526163381151179e+01,1.490711984999859852e-01,2.360000000000000000e+02,1.219746304000000000e+09,2.748856074240000000e+11,0.000000000000000000e+00
1.397000000000000000e+03,2.582000000000000000e+03,4.262860907951314715e+01,1.976423537605237202e-01,1.910000000000000000e+02,1.375448704000000000e+09,3.619017523200000000e+11,0.000000000000000000e+00
2.977000000000000000e+03,4.000000000000000000e+01,2.342811052020932436e+02,1.785714285714285754e-01,2.200000000000000000e+01,1.112703795200000000e+10,1.769099100160000000e+12,1.792023628950119019e-01
2.645000000000000000e+03,3.073000000000000000e+03,3.888785024867758011e+02,1.821078397711708707e-01,1.000000000000000000e+01,2.532703436800000000e+10,1.915071758336000000e+12,4.421397686004638672e+00
1.772000000000000000e+03,1.269000000000000000e+03,6.259242808153110360e+01,1.976423537605237202e-01,1.410000000000000000e+02,3.433193472000000000e+09,3.794966282240000000e+11,1.272307150065898895e-02
1.717000000000000000e+03,1.655000000000000000e+03,2.493557988224239068e+02,1.317615691736824801e-01,1.700000000000000000e+01,1.223959859200000000e+10,1.187346776064000000e+12,2.400017738342285156e+00
3.176000000000000000e+03,3.604000000000000000e+03,6.125775555435189972e+02,1.010152544552210818e-01,2.220000000000000000e+02,1.472320512000000000e+09,2.478331985920000000e+11,3.281803429126739502e-01
3.880000000000000000e+03,5.350000000000000000e+02,9.588234505753531778e+01,6.250000000000000000e-02,1.690000000000000000e+02,2.371363584000000000e+09,3.570016911360000000e+11,0.000000000000000000e+00
1.809000000000000000e+03,1.914000000000000000e+03,4.468603372574408183e+01,1.597191412499849861e-01,2.810000000000000000e+02,1.284644224000000000e+09,2.199001825280000000e+11,3.346104547381401062e-02
2.956000000000000000e+03,2.886000000000000000e+03,4.328685572870016784e+01,1.818181818181818232e-01,4.140000000000000000e+02,4.536569920000000000e+08,1.238589112320000000e+11,2.499718219041824341e-02
1.561000000000000000e+03,4.190000000000000000e+02,6.620745837871150741e+01,2.000000000000000111e-01,2.190000000000000000e+02,1.896797312000000000e+09,2.620838871040000000e+11,2.483881562948226929e-01
1.769000000000000000e+03,8.780000000000000000e+02,8.121502091880600460e+01,8.333333333333332871e-02,2.880000000000000000e+02,6.066069760000000000e+08,1.298649497600000000e+11,2.588398754596710205e-02
3.694000000000000000e+03,1.570000000000000000e+02,6.643994647414079679e+01,1.664356663246515655e-01,9.600000000000000000e+01,5.135301632000000000e+09,6.143458672640000000e+11,2.233735471963882446e-01
3.768000000000000000e+03,1.262000000000000000e+03,1.909611674433621147e+02,1.874138920735300140e-01,5.700000000000000000e+01,7.847402496000000000e+09,9.251958292480000000e+11,7.964859604835510254e-01
2.163000000000000000e+03,3.681000000000000000e+03,4.374010770512700219e+01,1.414213562373095034e-01,4.560000000000000000e+02,3.424396800000000000e+08,8.504325734400000000e+10,0.000000000000000000e+00
3.037000000000000000e+03,1.480000000000000000e+03,9.215534053596476838e+01,1.333333333333333315e-01,1.760000000000000000e+02,1.103179776000000000e+09,2.857155624960000000e+11,1.274166256189346313e-01
3.433000000000000000e+03,1.227000000000000000e+03,7.378111639009749467e+01,1.663780661615406053e-01,1.130000000000000000e+02,2.657031680000000000e+09,3.958027059200000000e+11,1.962056942284107208e-02
1.021000000000000000e+03,9.250000000000000000e+02,7.619774697628675142e+01,1.863389981249824745e-01,3.710000000000000000e+02,3.972028800000000000e+08,1.328047636480000000e+11,5.567327886819839478e-02
2.221000000000000000e+03,3.055000000000000000e+03,9.386345315420683733e+01,1.374903330507991073e-01,1.600000000000000000e+01,1.937281843200000000e+10,1.002276192256000000e+12,7.867671847343444824e-01
2.511000000000000000e+03,1.574000000000000000e+03,2.121672589407331770e+02,1.792654619833765339e-01,4.400000000000000000e+01,1.090394419200000000e+10,1.034238296064000000e+12,7.928316593170166016e-01
2.622000000000000000e+03,6.400000000000000000e+01,8.102317478033401699e+01,1.863389981249824745e-01,3.860000000000000000e+02,3.389833600000000000e+08,1.445606195200000000e+11,4.060648847371339798e-03
2.070000000000000000e+03,2.839000000000000000e+03,2.353940845586891726e+02,1.716929178792375721e-01,6.500000000000000000e+01,8.930834432000000000e+09,7.377056563200000000e+11,2.099134683609008789e+00
7.020000000000000000e+02,9.330000000000000000e+02,9.460386599840570909e+01,1.397542485937368628e-01,1.710000000000000000e+02,2.035380352000000000e+09,3.514815283200000000e+11,1.891390979290008545e-01
3.160000000000000000e+03,3.273000000000000000e+03,7.239476871149747694e+01,2.000000000000000111e-01,2.240000000000000000e+02,6.962512000000000000e+08,2.676758282240000000e+11,1.371105313301086426e-01
2.207000000000000000e+03,3.233000000000000000e+03,4.760610881406002903e+01,1.285648693066450132e-01,2.690000000000000000e+02,5.361289600000000000e+08,1.255496990720000000e+11,8.778040297329425812e-03
2.529000000000000000e+03,1.614000000000000000e+03,1.049746318225584218e+02,1.720052290384453675e-01,3.300000000000000000e+02,7.456220800000000000e+08,1.716678328320000000e+11,1.123093739151954651e-01
2.525000000000000000e+03,1.011000000000000000e+03,3.032378504877820546e+02,1.201850425154663005e-01,9.000000000000000000e+00,2.156558540800000000e+10,2.274888253440000000e+12,8.735226988792419434e-01
1.404000000000000000e+03,1.437000000000000000e+03,9.033790850406251138e+01,1.720052290384453675e-01,3.010000000000000000e+02,1.163845120000000000e+09,1.837246709760000000e+11,2.686825096607208252e-01
1.954000000000000000e+03,1.568000000000000000e+03,1.199863422776053881e+02,1.764705882352941291e-01,1.450000000000000000e+02,3.227431680000000000e+09,3.931728773120000000e+11,3.534326553344726562e-01
3.999000000000000000e+03,2.883000000000000000e+03,4.242879385770899603e+01,1.885618083164126990e-01,2.290000000000000000e+02,1.661390208000000000e+09,2.690882600960000000e+11,0.000000000000000000e+00
3.618000000000000000e+03,3.414000000000000000e+03,2.230705539893031073e+02,9.316949906249123725e-02,4.200000000000000000e+01,1.222075596800000000e+10,1.233799348224000000e+12,5.440852642059326172e-01
3.976000000000000000e+03,2.421000000000000000e+03,2.872564150800701555e+02,1.153846153846153910e-01,2.700000000000000000e+01,1.238435225600000000e+10,1.530468237312000000e+12,2.036925554275512695e+00
1.069000000000000000e+03,2.713000000000000000e+03,4.175949757124752892e+01,1.178511301977579334e-01,3.680000000000000000e+02,6.087105920000000000e+08,1.541392302080000000e+11,0.000000000000000000e+00
4.900000000000000000e+02,1.812000000000000000e+03,6.110587431576166182e+02,8.281733249999222168e-02,1.100000000000000000e+01,1.421665075200000000e+10,1.753114214400000000e+12,1.261094808578491211e+00
5.330000000000000000e+02,1.737000000000000000e+03,7.373858124742639575e+01,1.897658566033678385e-01,8.000000000000000000e+01,8.157177344000000000e+09,6.252981125120000000e+11,7.224321365356445312e-02
3.072000000000000000e+03,3.600000000000000000e+03,6.120293305248321758e+01,1.178511301977579334e-01,4.230000000000000000e+02,4.658898560000000000e+08,1.359609856000000000e+11,0.000000000000000000e+00
2.393000000000000000e+03,3.240000000000000000e+02,3.306164586955755453e+02,1.427472527309905370e-01,0.000000000000000000e+00,8.377669222400000000e+10,1.136895144755200000e+13,5.675861835479736328e-01
3.419000000000000000e+03,1.216000000000000000e+03,6.337331527974219370e+01,1.285648693066450132e-01,3.510000000000000000e+02,4.170736000000000000e+08,1.204105052160000000e+11,0.000000000000000000e+00
2.014000000000000000e+03,3.984000000000000000e+03,2.860243153934712836e+02,1.567630989332169100e-01,4.600000000000000000e+01,1.164763852800000000e+10,1.045021261824000000e+12,1.535035371780395508e+00
1.404000000000000000e+03,1.338000000000000000e+03,9.283482025335167975e+01,1.860163329510811370e-01,1.330000000000000000e+02,2.948885760000000000e+09,4.005123194880000000e+11,4.462803006172180176e-01
9.290000000000000000e+02,4.620000000000000000e+02,3.277066830326205604e+02,1.950639396376682988e-01,1.500000000000000000e+01,1.594162892800000000e+10,2.064746414080000000e+12,2.757654666900634766e+00
2.387000000000000000e+03,2.538000000000000000e+03,3.002960048937355850e+02,1.346870059402947850e-01,3.000000000000000000e+01,1.280711270400000000e+10,8.244191559680000000e+11,2.003521442413330078e+00
2.844000000000000000e+03,5.370000000000000000e+02,7.322401482014770124e+01,8.838834764831844659e-02,1.730000000000000000e+02,1.717559808000000000e+09,3.478508666880000000e+11,5.091017484664916992e-02
4.790000000000000000e+02,3.382000000000000000e+03,9.698930960933678591e+01,1.538461538461538547e-01,3.020000000000000000e+02,9.286039040000000000e+08,1.915977891840000000e+11,1.680024266242980957e-01
1.295000000000000000e+03,2.360000000000000000e+02,4.235649597164245250e+01,7.692307692307692735e-02,3.790000000000000000e+02,6.020218880000000000e+08,1.710966538240000000e+11,0.000000000000000000e+00
3.272000000000000000e+03,3.288000000000000000e+03,3.814412347394484186e+02,1.212121212121212155e-01,6.000000000000000000e+00,2.321462886400000000e+10,3.045936857088000000e+12,4.250588417053222656e+00
1.806000000000000000e+03,1.913000000000000000e+03,5.870165246101930023e+01,1.597191412499849861e-01,2.810000000000000000e+02,1.284644224000000000e+09,2.199001825280000000e+11,3.346104547381401062e-02
1.170000000000000000e+02,3.030000000000000000e+03,1.378234598657940069e+02,1.250000000000000000e-01,1.640000000000000000e+02,2.050533248000000000e+09,3.406673346560000000e+11,1.269493103027343750e-01
3.272000000000000000e+03,3.296000000000000000e+03,7.026173021035820057e+02,1.212121212121212155e-01,6.000000000000000000e+00,2.321462886400000000e+10,3.045936857088000000e+12,4.250588417053222656e+00
1.182000000000000000e+03,1.479000000000000000e+03,5.507530301545696716e+01,7.692307692307692735e-02,3.410000000000000000e+02,5.061010880000000000e+08,1.726660935680000000e+11,0.000000000000000000e+00
1.688000000000000000e+03,2.250000000000000000e+03,8.364348837931142953e+02,7.644397634449162648e-02,3.000000000000000000e+00,5.031784038400000000e+10,4.124430041088000000e+12,3.194062948226928711e+00
3.281000000000000000e+03,1.276000000000000000e+03,7.614852732463147333e+01,1.767766952966368932e-01,1.540000000000000000e+02,1.889881472000000000e+09,3.674163445760000000e+11,7.948416471481323242e-02
2.048000000000000000e+03,2.221000000000000000e+03,2.513785942438599363e+01,8.333333333333332871e-02,4.210000000000000000e+02,6.836668800000000000e+08,1.401587138560000000e+11,0.000000000000000000e+00
3.254000000000000000e+03,1.431000000000000000e+03,4.068756872882315179e+01,1.863389981249824745e-01,3.800000000000000000e+02,6.526458880000000000e+08,1.575296860160000000e+11,6.693943403661251068e-03
1.440000000000000000e+02,3.249000000000000000e+03,2.999837400273531784e+02,1.153846153846153910e-01,3.200000000000000000e+01,1.154737459200000000e+10,1.562261454848000000e+12,8.456335663795471191e-01
1.688000000000000000e+03,2.257000000000000000e+03,3.493147119434776755e+02,1.455449947874190297e-01,3.000000000000000000e+00,5.031784038400000000e+10,4.124430041088000000e+12,3.194062948226928711e+00
1.792000000000000000e+03,6.930000000000000000e+02,1.517844822362669106e+02,1.897658566033678385e-01,9.200000000000000000e+01,4.124931584000000000e+09,6.228464107520000000e+11,4.545400738716125488e-01
3.202000000000000000e+03,3.799000000000000000e+03,1.894764452559456913e+02,1.131370849898476055e-01,3.600000000000000000e+01,1.181075353600000000e+10,1.269782806528000000e+12,8.137409687042236328e-01
2.280000000000000000e+02,2.269000000000000000e+03,1.638253121823751144e+02,1.178511301977579334e-01,1.890000000000000000e+02,6.899516160000000000e+08,1.638439321600000000e+11,5.699497461318969727e-02
2.560000000000000000e+03,3.103000000000000000e+03,8.541376825103328940e+01,1.767766952966368932e-01,1.680000000000000000e+02,2.705936384000000000e+09,3.518693048320000000e+11,1.805059164762496948e-01
2.885000000000000000e+03,3.522000000000000000e+03,2.079569580013316852e+02,1.481481481481481399e-01,2.800000000000000000e+01,1.246307840000000000e+10,1.611237163008000000e+12,9.548643231391906738e-01
1.262000000000000000e+03,3.924000000000000000e+03,3.333121304612842550e+02,1.047565601757848297e-01,2.900000000000000000e+01,1.019431731200000000e+10,1.588923858944000000e+12,0.000000000000000000e+00
3.937000000000000000e+03,3.591000000000000000e+03,9.191884692979053284e+01,1.571348402636772446e-01,1.170000000000000000e+02,5.210976768000000000e+09,5.026769797120000000e+11,4.591627046465873718e-02
2.831000000000000000e+03,3.840000000000000000e+02,5.133096387598016008e+01,8.333333333333332871e-02,3.690000000000000000e+02,5.351056320000000000e+08,1.365955379200000000e+11,6.768663879483938217e-04
9.150000000000000000e+02,4.800000000000000000e+01,5.639665388292184645e+01,1.966404328853304795e-01,5.000000000000000000e+00,3.720409907200000000e+10,5.819019034624000000e+12,4.008188247680664062e-01
2.560000000000000000e+02,1.292000000000000000e+03,2.496847438220825666e+01,7.692307692307692735e-02,2.610000000000000000e+02,1.680964992000000000e+09,2.036213514240000000e+11,0.000000000000000000e+00
2.843000000000000000e+03,3.989000000000000000e+03,5.832445456349636288e+02,8.584645893961878604e-02,2.000000000000000000e+00,5.628931686400000000e+10,6.278159532032000000e+12,7.123951315879821777e-01
2.411000000000000000e+03,2.627000000000000000e+03,6.594807845679565617e+01,1.000000000000000056e-01,4.580000000000000000e+02,4.371222720000000000e+08,9.059487744000000000e+10,0.000000000000000000e+00
1.270000000000000000e+02,2.324000000000000000e+03,2.883661220733874302e+02,1.386750490563072868e-01,1.800000000000000000e+01,1.490262937600000000e+10,1.419475419136000000e+12,1.013386368751525879e+00
2.580000000000000000e+03,8.420000000000000000e+02,2.644864727364007422e+02,1.216260638526299870e-01,2.600000000000000000e+01,1.537867468800000000e+10,1.513454567424000000e+12,1.694393157958984375e+00
2.041000000000000000e+03,3.780000000000000000e+03,2.172445409166769537e+02,7.692307692307692735e-02,3.280000000000000000e+02,9.917941760000000000e+08,1.777407426560000000e+11,2.566045336425304413e-02
2.252000000000000000e+03,1.343000000000000000e+03,2.357606742252727372e+02,1.016394535227177209e-01,6.900000000000000000e+01,6.535744512000000000e+09,8.611923230720000000e+11,9.509965181350708008e-01
2.704000000000000000e+03,3.097000000000000000e+03,6.714766603131842260e+01,0.000000000000000000e+00,2.480000000000000000e+02,3.691464960000000000e+08,1.119804948480000000e+11,0.000000000000000000e+00
3.771000000000000000e+03,1.263000000000000000e+03,1.395584736283577740e+02,1.016394535227177209e-01,5.700000000000000000e+01,7.847402496000000000e+09,9.251958292480000000e+11,7.964859604835510254e-01
6.260000000000000000e+02,4.990000000000000000e+02,9.224521334748480683e+01,1.397542485937368628e-01,1.860000000000000000e+02,1.649663616000000000e+09,3.608393154560000000e+11,1.441983040422201157e-02
2.930000000000000000e+02,2.467000000000000000e+03,5.550203074360792499e+01,1.720052290384453675e-01,2.200000000000000000e+02,6.968931840000000000e+08,2.078136893440000000e+11,0.000000000000000000e+00
3.202000000000000000e+03,2.996000000000000000e+03,8.111343070157059287e+01,8.838834764831844659e-02,1.820000000000000000e+02,2.227453696000000000e+09,3.294442946560000000e+11,5.853049829602241516e-02
3.710000000000000000e+03,2.820000000000000000e+03,9.288161655011245443e+01,1.597191412499849861e-01,2.580000000000000000e+02,1.245406848000000000e+09,2.089458892800000000e+11,1.283563021570444107e-02
2.464000000000000000e+03,3.114000000000000000e+03,4.639459055319292702e+02,1.054092553389459896e-01,1.200000000000000000e+01,2.284425011200000000e+10,2.239901466624000000e+12,3.446404933929443359e+00
1.589000000000000000e+03,3.172000000000000000e+03,3.779671888925533096e+01,1.178511301977579334e-01,4.100000000000000000e+02,5.477777280000000000e+08,1.411371499520000000e+11,0.000000000000000000e+00
2.519000000000000000e+03,1.576000000000000000e+03,1.632080469342268714e+02,1.792654619833765339e-01,4.400000000000000000e+01,1.090394419200000000e+10,1.034238296064000000e+12,7.928316593170166016e-01
2.258000000000000000e+03,2.185000000000000000e+03,2.360402996731357916e+02,1.010152544552210818e-01,2.340000000000000000e+02,4.483788160000000000e+08,2.543628288000000000e+11,1.729344725608825684e-01
3.857000000000000000e+03,2.233000000000000000e+03,8.138903751574284229e+01,1.538461538461538547e-01,2.920000000000000000e+02,9.545843200000000000e+08,1.945565265920000000e+11,8.234626799821853638e-02
2.463000000000000000e+03,3.118000000000000000e+03,9.540218804258977343e+02,7.453559924999299258e-02,1.200000000000000000e+01,2.284425011200000000e+10,2.239901466624000000e+12,3.446404933929443359e+00
1.820000000000000000e+03,1.053000000000000000e+03,4.487640703416013821e+02,1.176877882894626220e-01,1.060000000000000000e+02,2.685982464000000000e+09,6.262559211520000000e+11,8.711945414543151855e-01
9.200000000000000000e+02,5.800000000000000000e+01,1.582039886574545449e+02,7.712872341874096871e-02,5.000000000000000000e+00,3.720409907200000000e+10,5.819019034624000000e+12,4.008188247680664062e-01
7.000000000000000000e+02,3.279000000000000000e+03,3.810674135984540811e+01,1.087856586440842377e-01,3.260000000000000000e+02,1.060119680000000000e+09,2.013788078080000000e+11,0.000000000000000000e+00
2.448000000000000000e+03,1.600000000000000000e+03,5.083683488668192467e+02,9.428090415820634951e-02,2.010000000000000000e+02,1.514802688000000000e+09,2.663109427200000000e+11,3.404684662818908691e-01
1.799000000000000000e+03,7.970000000000000000e+02,1.612500955516673855e+02,8.318903308077030267e-02,1.630000000000000000e+02,2.709165312000000000e+09,3.863595909120000000e+11,0.000000000000000000e+00
2.845000000000000000e+03,3.983000000000000000e+03,6.304525791659056040e+02,9.816918156232525006e-02,2.000000000000000000e+00,5.628931686400000000e+10,6.278159532032000000e+12,7.123951315879821777e-01
1.951000000000000000e+03,1.566000000000000000e+03,1.488780751998622236e+02,1.176470588235294101e-01,1.450000000000000000e+02,3.227431680000000000e+09,3.931728773120000000e+11,3.534326553344726562e-01
1.663000000000000000e+03,1.852000000000000000e+03,2.176942450879392652e+02,1.087856586440842377e-01,2.570000000000000000e+02,9.679162880000000000e+08,1.948128542720000000e+11,2.036323845386505127e-01
1.065000000000000000e+03,1.140000000000000000e+02,8.592315192387415834e+01,1.764705882352941291e-01,1.470000000000000000e+02,2.007474560000000000e+09,4.196885790720000000e+11,3.573011159896850586e-01
2.405000000000000000e+03,1.305000000000000000e+03,2.061604826728650721e+02,1.287696884094281791e-01,2.300000000000000000e+01,1.432996761600000000e+10,1.869943144448000000e+12,4.284954965114593506e-01
3.544000000000000000e+03,2.483000000000000000e+03,1.934734454896623390e+02,8.944271909999158832e-02,4.000000000000000000e+01,9.953271808000000000e+09,1.281303117824000000e+12,1.119234338402748108e-01
3.779000000000000000e+03,1.962000000000000000e+03,6.893222188058743427e+01,2.000000000000000111e-01,1.950000000000000000e+02,1.265744256000000000e+09,2.763455201280000000e+11,7.307041436433792114e-02
3.291000000000000000e+03,1.544000000000000000e+03,8.682224269764159885e+01,1.664356663246515655e-01,1.000000000000000000e+02,5.067320320000000000e+09,6.003260784640000000e+11,0.000000000000000000e+00
9.420000000000000000e+02,3.724000000000000000e+03,1.640117626740172909e+02,1.176877882894626220e-01,8.600000000000000000e+01,4.879837696000000000e+09,6.154542776320000000e+11,4.639183580875396729e-01
9.340000000000000000e+02,1.720000000000000000e+03,4.606428690640122880e+01,1.767766952966368932e-01,4.080000000000000000e+02,4.537412800000000000e+08,4.641790361600000000e+10,0.000000000000000000e+00
3.621000000000000000e+03,3.411000000000000000e+03,2.066157450834677149e+02,1.717960677340691911e-01,4.200000000000000000e+01,1.222075596800000000e+10,1.233799348224000000e+12,5.440852642059326172e-01
5.240000000000000000e+02,1.416000000000000000e+03,4.921991208766657167e+01,1.666666666666666574e-01,1.750000000000000000e+02,8.884802560000000000e+08,1.496278794240000000e+11,0.000000000000000000e+00
1.431000000000000000e+03,2.005000000000000000e+03,1.037096307396133739e+02,0.000000000000000000e+00,4.280000000000000000e+02,3.783943040000000000e+08,1.120649216000000000e+11,3.187136724591255188e-02
2.637000000000000000e+03,2.684000000000000000e+03,3.066722204828650433e+02,8.944271909999158832e-02,3.400000000000000000e+01,1.456821657600000000e+10,1.276274671616000000e+12,1.921485066413879395e+00
3.420000000000000000e+02,1.468000000000000000e+03,4.238613085684564794e+02,1.285648693066449855e-01,7.000000000000000000e+00,3.392714137600000000e+10,2.913892564992000000e+12,4.570787429809570312e+00
1.850000000000000000e+03,1.581000000000000000e+03,2.542204959253221830e+01,1.490711984999859852e-01,2.310000000000000000e+02,1.867093120000000000e+09,2.600269414400000000e+11,2.516664098948240280e-03
1.276000000000000000e+03,1.804000000000000000e+03,2.068711791546772361e+02,1.767766952966368654e-01,4.100000000000000000e+01,1.095597670400000000e+10,1.212032876544000000e+12,5.461735725402832031e-01
1.425000000000000000e+03,1.332000000000000000e+03,9.436429678991147796e+01,1.285648693066450132e-01,4.030000000000000000e+02,4.246495360000000000e+08,1.182183669760000000e+11,9.890734218060970306e-03
7.580000000000000000e+02,4.530000000000000000e+02,5.740887576973238993e+01,1.863389981249824745e-01,3.830000000000000000e+02,4.778842880000000000e+08,1.389311098880000000e+11,2.878836728632450104e-02
2.985000000000000000e+03,2.210000000000000000e+03,1.465300341101841752e+02,7.142857142857142461e-02,2.490000000000000000e+02,6.372180480000000000e+08,2.369996226560000000e+11,1.347461994737386703e-02
1.799000000000000000e+03,8.010000000000000000e+02,5.572193005854703785e+01,1.860163329510811370e-01,1.630000000000000000e+02,2.709165312000000000e+09,3.863595909120000000e+11,0.000000000000000000e+00
3.651000000000000000e+03,2.660000000000000000e+02,5.960928567481894191e+01,1.720052290384453675e-01,3.650000000000000000e+02,4.033187520000000000e+08,1.703893893120000000e+11,7.649682229384779930e-04
3.390000000000000000e+03,2.937000000000000000e+03,1.040694736194089955e+02,4.761904761904761640e-02,7.200000000000000000e+01,7.327007232000000000e+09,7.772913664000000000e+11,0.000000000000000000e+00
2.061000000000000000e+03,1.175000000000000000e+03,3.740322545918289165e+02,7.692307692307692735e-02,3.200000000000000000e+02,9.827491200000000000e+08,1.729439498240000000e+11,1.148947626352310181e-01
2.390000000000000000e+02,3.024000000000000000e+03,1.719988430318744861e+02,0.000000000000000000e+00,2.520000000000000000e+02,5.304390080000000000e+08,1.728783646720000000e+11,1.031575426459312439e-01
3.540000000000000000e+03,2.478000000000000000e+03,1.433880149082324067e+02,1.697056274847713875e-01,4.000000000000000000e+01,9.953271808000000000e+09,1.281303117824000000e+12,1.119234338402748108e-01
8.800000000000000000e+02,1.445000000000000000e+03,3.320585731108945424e+02,0.000000000000000000e+00,1.570000000000000000e+02,1.279842816000000000e+09,3.484008775680000000e+11,2.002031058073043823e-01
1.308000000000000000e+03,1.400000000000000000e+03,8.327907271876225082e+01,1.242259987499883256e-01,3.700000000000000000e+01,6.610348032000000000e+09,4.648333803520000000e+11,1.881828457117080688e-01
3.815000000000000000e+03,1.261000000000000000e+03,6.161996719882706941e+01,8.333333333333332871e-02,2.630000000000000000e+02,6.555905920000000000e+08,1.569963048960000000e+11,9.541357867419719696e-03
5.610000000000000000e+02,2.107000000000000000e+03,7.478783781614167481e+01,1.664356663246515655e-01,9.000000000000000000e+01,3.911753472000000000e+09,5.539202990080000000e+11,2.956744432449340820e-01
1.492000000000000000e+03,1.416000000000000000e+03,1.607935834666836854e+02,5.555555555555555247e-02,1.150000000000000000e+02,4.847934976000000000e+09,5.071829401600000000e+11,1.144441142678260803e-01
1.590000000000000000e+03,3.172000000000000000e+03,3.755563207413713656e+01,8.333333333333332871e-02,4.100000000000000000e+02,5.477777280000000000e+08,1.411371499520000000e+11,0.000000000000000000e+00
3.495000000000000000e+03,3.191000000000000000e+03,3.651490095368949937e+02,6.734350297014739251e-02,6.700000000000000000e+01,6.759896064000000000e+09,7.669665628160000000e+11,5.162037611007690430e-01
1.026000000000000000e+03,1.669000000000000000e+03,5.919216016811565169e+02,1.000000000000000056e-01,4.440000000000000000e+02,8.562755200000000000e+08,7.557586944000000000e+10,0.000000000000000000e+00
3.002000000000000000e+03,3.226000000000000000e+03,6.279418397971498678e+01,1.414213562373095034e-01,4.250000000000000000e+02,6.615753600000000000e+08,9.464701747200000000e+10,0.000000000000000000e+00
2.021000000000000000e+03,7.820000000000000000e+02,1.407666119041805359e+02,1.904761904761904656e-01,6.800000000000000000e+01,5.959005184000000000e+09,8.359626014720000000e+11,1.076989397406578064e-01
2.640000000000000000e+03,3.077000000000000000e+03,3.965494667930983042e+02,1.472537723434878820e-01,1.000000000000000000e+01,2.532703436800000000e+10,1.915071758336000000e+12,4.421397686004638672e+00
9.140000000000000000e+02,5.400000000000000000e+01,6.573562951474268345e+01,1.243663295998240076e-01,5.000000000000000000e+00,3.720409907200000000e+10,5.819019034624000000e+12,4.008188247680664062e-01
3.271000000000000000e+03,3.298000000000000000e+03,2.940741949540441738e+02,1.843261372817642241e-01,6.000000000000000000e+00,2.321462886400000000e+10,3.045936857088000000e+12,4.250588417053222656e+00
2.161000000000000000e+03,1.545000000000000000e+03,2.157780971687709268e+02,5.882352941176470507e-02,1.460000000000000000e+02,2.724431104000000000e+09,3.837422469120000000e+11,1.022337898612022400e-01
4.530000000000000000e+02,3.542000000000000000e+03,1.208641209244597690e+02,1.010152544552210818e-01,2.400000000000000000e+02,8.786702080000000000e+08,2.380794265600000000e+11,2.293533980846405029e-01
1.715000000000000000e+03,2.129000000000000000e+03,1.301279266089171074e+02,1.756820922315766309e-01,1.070000000000000000e+02,3.879511552000000000e+09,5.096216330240000000e+11,1.446489691734313965e-01
2.585000000000000000e+03,2.230000000000000000e+02,3.688819886573751887e+02,1.010152544552210818e-01,2.150000000000000000e+02,1.368266624000000000e+09,2.413002588160000000e+11,2.798807621002197266e-01
3.073000000000000000e+03,2.406000000000000000e+03,2.203258835917587533e+02,1.567630989332169100e-01,1.900000000000000000e+01,1.888740147200000000e+10,1.018762625024000000e+12,2.206895589828491211e+00
3.660000000000000000e+03,4.580000000000000000e+02,2.107742963035089474e+02,1.346870059402947850e-01,6.600000000000000000e+01,7.834381824000000000e+09,8.073894297600000000e+11,1.438179731369018555e+00
1.683000000000000000e+03,2.247000000000000000e+03,4.402079267080973182e+02,1.575932944552783932e-01,3.000000000000000000e+00,5.031784038400000000e+10,4.124430041088000000e+12,3.194062948226928711e+00
9.540000000000000000e+02,9.070000000000000000e+02,6.604122229605289363e+01,1.720052290384453675e-01,2.930000000000000000e+02,6.906223360000000000e+08,2.063568076800000000e+11,8.101104944944381714e-02
1.070000000000000000e+03,2.711000000000000000e+03,6.360734001719931285e+01,8.333333333333332871e-02,3.680000000000000000e+02,6.087105920000000000e+08,1.541392302080000000e+11,0.000000000000000000e+00
2.399000000000000000e+03,1.304000000000000000e+03,2.361831680018538293e+02,1.515228816828315950e-01,2.300000000000000000e+01,1.432996761600000000e+10,1.869943144448000000e+12,4.284954965114593506e-01
2.705000000000000000e+03,3.097000000000000000e+03,5.177266427604079269e+01,9.090909090909091161e-02,2.480000000000000000e+02,3.691464960000000000e+08,1.119804948480000000e+11,0.000000000000000000e+00
3.093000000000000000e+03,3.609000000000000000e+03,3.011720849209384028e+02,1.724137931034482873e-01,1.300000000000000000e+01,1.881086976000000000e+10,2.053483003904000000e+12,1.574149370193481445e+00
3.266000000000000000e+03,3.292000000000000000e+03,2.953327945417843807e+02,1.818181818181818232e-01,6.000000000000000000e+00,2.321462886400000000e+10,3.045936857088000000e+12,4.250588417053222656e+00
3.610000000000000000e+02,2.162000000000000000e+03,6.500219796028509336e+02,3.721614637823934812e-02,1.000000000000000000e+00,5.404031385600000000e+10,4.775771897856000000e+12,1.709547489881515503e-01
1.687000000000000000e+03,2.247000000000000000e+03,5.294266438290330825e+02,1.378113382052103819e-01,3.000000000000000000e+00,5.031784038400000000e+10,4.124430041088000000e+12,3.194062948226928711e+00
3.149000000000000000e+03,3.949000000000000000e+03,7.711187902858168286e+01,1.397542485937368628e-01,2.100000000000000000e+02,5.425520640000000000e+08,3.273477652480000000e+11,0.000000000000000000e+00
6.190000000000000000e+02,3.764000000000000000e+03,4.682098540818940364e+02,1.047565601757848297e-01,2.400000000000000000e+01,1.978117324800000000e+10,1.640358739968000000e+12,2.145830392837524414e+00
2.063000000000000000e+03,1.176000000000000000e+03,3.980584632229226827e+01,1.538461538461538547e-01,3.200000000000000000e+02,9.827491200000000000e+08,1.729439498240000000e+11,1.148947626352310181e-01
2.774000000000000000e+03,3.280000000000000000e+02,3.549565235943233432e+01,1.397542485937368628e-01,1.790000000000000000e+02,1.828806528000000000e+09,3.402233610240000000e+11,0.000000000000000000e+00
7.710000000000000000e+02,2.426000000000000000e+03,1.337355847622935983e+02,7.692307692307692735e-02,3.310000000000000000e+02,1.028564544000000000e+09,1.873801052160000000e+11,0.000000000000000000e+00
1.821000000000000000e+03,1.055000000000000000e+03,8.301239967720916866e+02,0.000000000000000000e+00,1.060000000000000000e+02,2.685982464000000000e+09,6.262559211520000000e+11,8.711945414543151855e-01
2.320000000000000000e+03,3.160000000000000000e+02,3.545954028689389048e+01,1.571348402636772446e-01,4.660000000000000000e+02,3.345769920000000000e+08,5.400329011200000000e+10,0.000000000000000000e+00
9.440000000000000000e+02,3.723000000000000000e+03,1.487277716755125141e+02,0.000000000000000000e+00,8.600000000000000000e+01,4.879837696000000000e+09,6.154542776320000000e+11,4.639183580875396729e-01
1.392000000000000000e+03,2.584000000000000000e+03,6.973876703873112604e+01,1.397542485937368628e-01,1.910000000000000000e+02,1.375448704000000000e+09,3.619017523200000000e+11,0.000000000000000000e+00
2.839000000000000000e+03,3.990000000000000000e+03,4.394337662609096355e+02,1.813279310919978238e-01,2.000000000000000000e+00,5.628931686400000000e+10,6.278159532032000000e+12,7.123951315879821777e-01
2.360000000000000000e+02,1.135000000000000000e+03,1.579769420482149371e+02,1.844626385704036808e-01,5.600000000000000000e+01,8.372165632000000000e+09,9.969321902080000000e+11,1.320460557937622070e+00
2.639000000000000000e+03,2.685000000000000000e+03,2.190463501271984512e+02,1.697056274847713875e-01,3.400000000000000000e+01,1.456821657600000000e+10,1.276274671616000000e+12,1.921485066413879395e+00
3.976000000000000000e+03,2.420000000000000000e+03,3.408166009148432636e+02,7.692307692307692735e-02,2.700000000000000000e+01,1.238435225600000000e+10,1.530468237312000000e+12,2.036925554275512695e+00
3.877000000000000000e+03,1.989000000000000000e+03,2.260669165412967629e+02,1.716929178792375721e-01,6.300000000000000000e+01,1.001084723200000000e+10,8.035539353600000000e+11,1.929144382476806641e+00
3.442000000000000000e+03,5.040000000000000000e+02,1.087939629099003582e+02,1.802775637731994507e-01,6.000000000000000000e+01,5.884199936000000000e+09,6.306729164800000000e+11,1.673907041549682617e-01
1.753000000000000000e+03,2.635000000000000000e+03,1.271392158833425441e+02,1.664356663246515655e-01,1.010000000000000000e+02,4.572197376000000000e+09,5.625021071360000000e+11,6.421380676329135895e-03
1.485000000000000000e+03,1.133000000000000000e+03,2.525296973983639859e+01,1.863389981249824745e-01,3.970000000000000000e+02,6.280145280000000000e+08,1.328404561920000000e+11,0.000000000000000000e+00
3.161000000000000000e+03,8.990000000000000000e+02,2.816900471317807728e+02,1.638886943392722229e-01,5.800000000000000000e+01,1.094278246400000000e+10,8.453797314560000000e+11,1.849814414978027344e+00
2.138000000000000000e+03,2.744000000000000000e+03,8.186397902785788006e+01,1.315334104411640948e-01,1.030000000000000000e+02,3.443494656000000000e+09,3.972623237120000000e+11,1.831960305571556091e-02
4.110000000000000000e+02,1.371000000000000000e+03,1.714428272654993179e+02,1.001542020962219171e-01,4.000000000000000000e+00,3.802601062400000000e+10,4.025006424064000000e+12,3.468478620052337646e-01
6.960000000000000000e+02,2.349000000000000000e+03,2.447263401865016306e+02,1.250000000000000000e-01,1.320000000000000000e+02,3.981132032000000000e+09,3.638901800960000000e+11,1.465964019298553467e-01
2.069000000000000000e+03,2.843000000000000000e+03,2.010578014223574996e+02,1.505846504842085487e-01,6.500000000000000000e+01,8.930834432000000000e+09,7.377056563200000000e+11,2.099134683609008789e+00
2.010000000000000000e+03,3.987000000000000000e+03,3.588198434624796960e+02,6.148754619013457184e-02,4.600000000000000000e+01,1.164763852800000000e+10,1.045021261824000000e+12,1.535035371780395508e+00
3.426000000000000000e+03,2.401000000000000000e+03,5.610737264815830372e+01,1.720052290384453675e-01,2.850000000000000000e+02,6.145895680000000000e+08,1.698188820480000000e+11,1.307623535394668579e-01
1.980000000000000000e+03,1.502000000000000000e+03,1.025159069516150794e+02,1.860163329510811370e-01,1.350000000000000000e+02,2.493312768000000000e+09,4.014708817920000000e+11,4.813774675130844116e-02
2.211000000000000000e+03,3.702000000000000000e+03,2.440160737718231019e+02,5.882352941176470507e-02,1.260000000000000000e+02,1.674342144000000000e+09,3.931353251840000000e+11,3.196120858192443848e-01
1.719000000000000000e+03,1.658000000000000000e+03,1.846282651555421523e+02,1.250000000000000000e-01,1.700000000000000000e+01,1.223959859200000000e+10,1.187346776064000000e+12,2.400017738342285156e+00
2.258000000000000000e+03,2.188000000000000000e+03,7.501597140225864280e+01,1.597191412499849861e-01,2.340000000000000000e+02,4.483788160000000000e+08,2.543628288000000000e+11,1.729344725608825684e-01
1.825000000000000000e+03,1.935000000000000000e+03,6.052017903146029454e+01,5.882352941176470507e-02,1.610000000000000000e+02,1.280539904000000000e+09,4.004363632640000000e+11,8.078122884035110474e-02
3.271000000000000000e+03,2.764000000000000000e+03,1.176979000768624246e+02,1.863389981249824745e-01,3.800000000000000000e+01,6.768592384000000000e+09,1.212657696768000000e+12,3.731330037117004395e-01
8.110000000000000000e+02,1.468000000000000000e+03,2.237570692524964215e+02,1.118033988749894958e-01,9.800000000000000000e+01,2.440556544000000000e+09,6.734337146880000000e+11,5.716390162706375122e-02
1.367000000000000000e+03,1.365000000000000000e+03,4.922112587466958189e+01,6.666666666666666574e-02,1.560000000000000000e+02,1.652563456000000000e+09,2.679119380480000000e+11,7.161618210375308990e-03
2.731000000000000000e+03,3.620000000000000000e+02,3.767113384085167240e+02,1.538461538461538547e-01,2.990000000000000000e+02,5.162441920000000000e+08,1.705914368000000000e+11,1.019609123468399048e-01
1.611000000000000000e+03,2.956000000000000000e+03,3.751263283039002090e+02,0.000000000000000000e+00,6.400000000000000000e+01,6.949873664000000000e+09,8.574791843840000000e+11,4.483140707015991211e-01
9.420000000000000000e+02,3.722000000000000000e+03,2.187750979676274881e+02,1.176877882894626220e-01,8.600000000000000000e+01,4.879837696000000000e+09,6.154542776320000000e+11,4.639183580875396729e-01
3.691000000000000000e+03,1.560000000000000000e+02,7.071762286713365597e+01,0.000000000000000000e+00,9.600000000000000000e+01,5.135301632000000000e+09,6.143458672640000000e+11,2.233735471963882446e-01
6.540000000000000000e+02,1.212000000000000000e+03,9.152297865582504244e+01,1.010152544552210818e-01,2.020000000000000000e+02,2.064345472000000000e+09,2.498714009600000000e+11,1.659321784973144531e-01
2.173000000000000000e+03,1.160000000000000000e+02,2.907360394959763994e+02,1.317615691736824801e-01,3.900000000000000000e+01,1.259311308800000000e+10,1.231577808896000000e+12,2.042043924331665039e+00
2.297000000000000000e+03,1.189000000000000000e+03,1.312676115923453892e+02,7.692307692307692735e-02,2.790000000000000000e+02,8.299195520000000000e+08,1.722283950080000000e+11,1.422405540943145752e-01
2.940000000000000000e+02,1.201000000000000000e+03,6.887333429974351873e+01,1.087856586440842377e-01,3.290000000000000000e+02,6.890782720000000000e+08,1.883683880960000000e+11,0.000000000000000000e+00
2.389000000000000000e+03,3.340000000000000000e+02,3.949636745280301966e+02,7.069708383262723883e-02,0.000000000000000000e+00,8.377669222400000000e+10,1.136895144755200000e+13,5.675861835479736328e-01
1.553000000000000000e+03,1.925000000000000000e+03,4.826871492882313674e+01,1.720052290384453675e-01,2.210000000000000000e+02,6.308538240000000000e+08,1.667022684160000000e+11,1.871520876884460449e-01
2.188000000000000000e+03,3.458000000000000000e+03,3.868666528765984225e+01,1.818181818181818232e-01,4.310000000000000000e+02,3.374096960000000000e+08,1.153168834560000000e+11,3.018159186467528343e-03
2.395000000000000000e+03,3.390000000000000000e+02,3.365773425708746913e+02,1.753778805882188208e-01,0.000000000000000000e+00,8.377669222400000000e+10,1.136895144755200000e+13,5.675861835479736328e-01
3.275000000000000000e+03,3.290000000000000000e+03,3.221928010143961387e+02,1.092591295595148199e-01,6.000000000000000000e+00,2.321462886400000000e+10,3.045936857088000000e+12,4.250588417053222656e+00
3.881000000000000000e+03,5.320000000000000000e+02,7.390899658275399986e+01,1.875000000000000000e-01,1.690000000000000000e+02,2.371363584000000000e+09,3.570016911360000000e+11,0.000000000000000000e+00
3.537000000000000000e+03,2.648000000000000000e+03,4.749257468189538400e+01,1.863389981249824745e-01,4.000000000000000000e+02,6.988657920000000000e+08,1.365540945920000000e+11,2.896988019347190857e-02
3.268000000000000000e+03,3.290000000000000000e+03,4.409005017677619662e+02,1.355192713636236279e-01,6.000000000000000000e+00,2.321462886400000000e+10,3.045936857088000000e+12,4.250588417053222656e+00
3.515000000000000000e+03,2.195000000000000000e+03,7.968567282666646179e+01,1.250000000000000000e-01,1.740000000000000000e+02,2.256804608000000000e+09,3.629357793280000000e+11,0.000000000000000000e+00
2.333000000000000000e+03,2.445000000000000000e+03,1.816904894839942699e+02,1.199999999999999956e-01,2.000000000000000000e+01,1.773182566400000000e+10,1.272934170624000000e+12,1.895519137382507324e+00
3.073000000000000000e+03,2.405000000000000000e+03,1.795940104640052937e+02,1.944406936956339094e-01,1.900000000000000000e+01,1.888740147200000000e+10,1.018762625024000000e+12,2.206895589828491211e+00
2.727000000000000000e+03,1.570000000000000000e+03,3.994045109198038546e+01,1.010152544552210818e-01,2.270000000000000000e+02,1.495355776000000000e+09,2.562825912320000000e+11,0.000000000000000000e+00
2.249000000000000000e+03,3.789000000000000000e+03,1.751620044539498053e+02,1.567630989332169100e-01,4.800000000000000000e+01,9.209923584000000000e+09,1.063470563328000000e+12,5.686478018760681152e-01
1.664000000000000000e+03,1.851000000000000000e+03,6.651315927637049299e+02,0.000000000000000000e+00,2.570000000000000000e+02,9.679162880000000000e+08,1.948128542720000000e+11,2.036323845386505127e-01
2.723000000000000000e+03,2.470000000000000000e+03,2.357895462756013387e+02,1.229750923802691437e-01,5.300000000000000000e+01,8.349897216000000000e+09,1.000912453632000000e+12,8.435634374618530273e-01
1.689000000000000000e+03,2.257000000000000000e+03,3.230085358740913648e+02,1.575932944552783932e-01,3.000000000000000000e+00,5.031784038400000000e+10,4.124430041088000000e+12,3.194062948226928711e+00
1.566000000000000000e+03,2.414000000000000000e+03,2.057930358600452507e+02,1.505846504842085487e-01,8.100000000000000000e+01,2.113757184000000000e+09,7.291969863680000000e+11,5.292919650673866272e-02
3.687000000000000000e+03,2.878000000000000000e+03,2.787720261452395789e+02,7.985957062499249304e-02,2.100000000000000000e+01,2.165043609600000000e+10,1.786106085376000000e+12,1.058541417121887207e+00
9.220000000000000000e+02,5.400000000000000000e+01,1.623519357766728888e+02,7.712872341874096871e-02,5.000000000000000000e+00,3.720409907200000000e+10,5.819019034624000000e+12,4.008188247680664062e-01
1.410000000000000000e+02,3.251000000000000000e+03,3.663336205372049221e+02,7.692307692307692735e-02,3.200000000000000000e+01,1.154737459200000000e+10,1.562261454848000000e+12,8.456335663795471191e-01
3.640000000000000000e+02,2.169000000000000000e+03,2.884028622072200392e+02,1.897658566033678385e-01,1.000000000000000000e+00,5.404031385600000000e+10,4.775771897856000000e+12,1.709547489881515503e-01
2.398000000000000000e+03,3.330000000000000000e+02,2.754225165874889285e+02,1.427472527309905370e-01,0.000000000000000000e+00,8.377669222400000000e+10,1.136895144755200000e+13,5.675861835479736328e-01
3.071000000000000000e+03,2.411000000000000000e+03,2.481089365302128726e+02,1.944406936956339094e-01,1.900000000000000000e+01,1.888740147200000000e+10,1.018762625024000000e+12,2.206895589828491211e+00
2.030000000000000000e+03,3.373000000000000000e+03,9.302702464921443948e+01,1.571348402636772446e-01,9.700000000000000000e+01,4.802887680000000000e+09,5.289786736640000000e+11,4.203024804592132568e-01
5.160000000000000000e+02,1.646000000000000000e+03,3.811460008145095912e+01,2.000000000000000111e-01,4.470000000000000000e+02,3.331680640000000000e+08,9.659407564800000000e+10,4.790472984313964844e-02
3.090000000000000000e+03,3.615000000000000000e+03,3.201862201913130548e+02,1.090440572471854941e-01,1.300000000000000000e+01,1.881086976000000000e+10,2.053483003904000000e+12,1.574149370193481445e+00
1.145000000000000000e+03,3.900000000000000000e+03,2.565800306033242464e+02,9.882117688026186009e-02,8.000000000000000000e+00,2.140511027200000000e+10,2.705576689664000000e+12,6.908459067344665527e-01
2.388000000000000000e+03,3.240000000000000000e+02,3.610239695795962120e+02,1.493288844287040951e-01,0.000000000000000000e+00,8.377669222400000000e+10,1.136895144755200000e+13,5.675861835479736328e-01
2.059000000000000000e+03,1.175000000000000000e+03,4.316822817953536742e+02,1.720052290384453675e-01,3.200000000000000000e+02,9.827491200000000000e+08,1.729439498240000000e+11,1.148947626352310181e-01
3.420000000000000000e+03,1.217000000000000000e+03,5.067830213632614544e+01,1.818181818181818232e-01,3.510000000000000000e+02,4.170736000000000000e+08,1.204105052160000000e+11,0.000000000000000000e+00
1.670000000000000000e+02,2.144000000000000000e+03,5.931304551033917249e+01,1.538461538461538547e-01,3.240000000000000000e+02,3.948697280000000000e+08,1.732660756480000000e+11,0.000000000000000000e+00
6.210000000000000000e+02,3.757000000000000000e+03,2.229837541048888170e+02,1.851851851851851749e-01,2.400000000000000000e+01,1.978117324800000000e+10,1.640358739968000000e+12,2.145830392837524414e+00
8.890000000000000000e+02,2.528000000000000000e+03,3.199541979873680830e+01,1.428571428571428492e-01,2.540000000000000000e+02,1.414776320000000000e+09,2.527250186240000000e+11,0.000000000000000000e+00
3.292000000000000000e+03,6.440000000000000000e+02,7.082369709046272988e+01,7.692307692307692735e-02,3.500000000000000000e+02,6.536188160000000000e+08,1.804572590080000000e+11,0.000000000000000000e+00
2.513000000000000000e+03,1.579000000000000000e+03,1.834831028731785523e+02,1.944406936956339094e-01,4.400000000000000000e+01,1.090394419200000000e+10,1.034238296064000000e+12,7.928316593170166016e-01
3.438000000000000000e+03,5.100000000000000000e+02,9.678835436086640698e+01,1.802775637731994507e-01,6.000000000000000000e+01,5.884199936000000000e+09,6.306729164800000000e+11,1.673907041549682617e-01
1.554000000000000000e+03,1.924000000000000000e+03,5.081250780237120779e+01,1.720052290384453675e-01,2.210000000000000000e+02,6.308538240000000000e+08,1.667022684160000000e+11,1.871520876884460449e-01
3.681000000000000000e+03,2.874000000000000000e+03,3.162950261972662815e+02,1.785714285714285754e-01,2.100000000000000000e+01,2.165043609600000000e+10,1.786106085376000000e+12,1.058541417121887207e+00
3.223000000000000000e+03,2.255000000000000000e+03,1.685568883806884628e+02,1.118033988749894958e-01,8.400000000000000000e+01,5.299633664000000000e+09,6.581860433920000000e+11,6.692118048667907715e-01
2.782000000000000000e+03,5.300000000000000000e+02,3.583614937062873196e+01,1.863389981249824745e-01,3.750000000000000000e+02,3.594050560000000000e+08,1.401413304320000000e+11,2.758428268134593964e-02
2.616000000000000000e+03,0.000000000000000000e+00,2.605978212011492587e+02,1.422600823649532442e-01,1.400000000000000000e+01,2.786027520000000000e+10,1.979431518208000000e+12,3.603759050369262695e+00
2.467000000000000000e+03,2.290000000000000000e+03,3.491178558622464152e+02,1.315334104411640948e-01,1.400000000000000000e+02,3.021581056000000000e+09,3.996486205440000000e+11,7.970087528228759766e-01
3.805000000000000000e+03,6.250000000000000000e+02,6.445902610384867160e+01,1.010152544552210818e-01,2.470000000000000000e+02,1.145127680000000000e+09,2.238232330240000000e+11,4.152530059218406677e-02
9.170000000000000000e+02,5.600000000000000000e+01,7.219925296371036438e+01,5.453824335365341225e-02,5.000000000000000000e+00,3.720409907200000000e+10,5.819019034624000000e+12,4.008188247680664062e-01
1.083000000000000000e+03,3.530000000000000000e+02,3.764599006054372410e+01,1.863389981249824745e-01,4.070000000000000000e+02,3.171887040000000000e+08,1.305641451520000000e+11,2.433669194579124451e-02
1.660000000000000000e+02,2.070000000000000000e+03,1.887631488840215468e+02,0.000000000000000000e+00,3.850000000000000000e+02,5.595765120000000000e+08,1.562758676480000000e+11,2.008460089564323425e-02
3.443000000000000000e+03,1.704000000000000000e+03,1.287092438690543474e+02,9.090909090909091161e-02,4.060000000000000000e+02,3.725964160000000000e+08,1.281604403200000000e+11,7.672461122274398804e-02
9.420000000000000000e+02,3.726000000000000000e+03,8.848849262550720596e+01,1.897658566033678385e-01,8.600000000000000000e+01,4.879837696000000000e+09,6.154542776320000000e+11,4.639183580875396729e-01
2.639000000000000000e+03,2.680000000000000000e+03,1.830330244168400782e+02,1.442220510185595606e-01,3.400000000000000000e+01,1.456821657600000000e+10,1.276274671616000000e+12,1.921485066413879395e+00
2.640000000000000000e+03,2.679000000000000000e+03,1.364837317071528275e+02,2.000000000000000111e-01,3.400000000000000000e+01,1.456821657600000000e+10,1.276274671616000000e+12,1.921485066413879395e+00
2.339000000000000000e+03,4.290000000000000000e+02,2.847423007511336124e+01,1.767766952966368932e-01,4.670000000000000000e+02,3.311603200000000000e+08,5.130964582400000000e+10,0.000000000000000000e+00
5.430000000000000000e+02,2.459000000000000000e+03,4.639574482803844546e+01,1.767766952966368932e-01,1.600000000000000000e+02,1.700266368000000000e+09,3.477796618240000000e+11,1.986222900450229645e-02
3.684000000000000000e+03,2.878000000000000000e+03,8.125221607215828499e+02,5.050762722761054091e-02,2.100000000000000000e+01,2.165043609600000000e+10,1.786106085376000000e+12,1.058541417121887207e+00
3.806000000000000000e+03,6.230000000000000000e+02,4.286756968570503545e+01,1.597191412499849861e-01,2.470000000000000000e+02,1.145127680000000000e+09,2.238232330240000000e+11,4.152530059218406677e-02
1.770000000000000000e+02,2.692000000000000000e+03,1.002279845354047723e+02,1.111111111111111049e-01,1.180000000000000000e+02,2.033851904000000000e+09,4.885573795840000000e+11,6.876211613416671753e-02
1.264000000000000000e+03,3.929000000000000000e+03,2.290986104634296225e+02,1.111111111111111049e-01,2.900000000000000000e+01,1.019431731200000000e+10,1.588923858944000000e+12,0.000000000000000000e+00
3.141000000000000000e+03,2.903000000000000000e+03,7.913549900367817713e+01,1.863389981249824745e-01,3.320000000000000000e+02,3.886562560000000000e+08,1.347733094400000000e+11,1.476993318647146225e-02
1.003000000000000000e+03,1.275000000000000000e+03,1.454670814960525718e+02,6.666666666666666574e-02,1.670000000000000000e+02,3.089423872000000000e+09,3.143499120640000000e+11,1.613117009401321411e-01
3.268000000000000000e+03,3.292000000000000000e+03,4.194851505588826512e+02,1.212121212121212155e-01,6.000000000000000000e+00,2.321462886400000000e+10,3.045936857088000000e+12,4.250588417053222656e+00
3.141000000000000000e+03,2.904000000000000000e+03,1.094109032117944622e+02,1.178511301977579334e-01,3.320000000000000000e+02,3.886562560000000000e+08,1.347733094400000000e+11,1.476993318647146225e-02
1.798000000000000000e+03,7.970000000000000000e+02,1.348094077702090203e+02,1.315334104411640948e-01,1.630000000000000000e+02,2.709165312000000000e+09,3.863595909120000000e+11,0.000000000000000000e+00
4.480000000000000000e+02,2.146000000000000000e+03,8.124497599586460694e+01,8.333333333333332871e-02,2.890000000000000000e+02,9.407173120000000000e+08,1.640350187520000000e+11,9.322252869606018066e-02
3.553000000000000000e+03,1.405000000000000000e+03,1.185447230836667529e+02,1.875000000000000000e-01,1.390000000000000000e+02,3.034572544000000000e+09,3.687495434240000000e+11,3.046059608459472656e-01
1.194000000000000000e+03,1.521000000000000000e+03,2.213811656240419623e+01,1.414213562373095034e-01,2.780000000000000000e+02,9.834755840000000000e+08,7.946537369600000000e+10,4.393220879137516022e-03
2.197000000000000000e+03,1.648000000000000000e+03,9.765097504663046379e+01,8.333333333333332871e-02,3.640000000000000000e+02,4.553031040000000000e+08,1.432976752640000000e+11,3.647781908512115479e-02
4.500000000000000000e+02,2.145000000000000000e+03,5.485858606745426869e+01,1.666666666666666574e-01,2.890000000000000000e+02,9.407173120000000000e+08,1.640350187520000000e+11,9.322252869606018066e-02
2.209000000000000000e+03,3.703000000000000000e+03,1.182935213709307760e+02,1.663780661615406053e-01,1.260000000000000000e+02,1.674342144000000000e+09,3.931353251840000000e+11,3.196120858192443848e-01
1.771000000000000000e+03,1.614000000000000000e+03,7.701319400754130129e+01,1.764705882352941291e-01,1.250000000000000000e+02,3.574713600000000000e+09,4.212908687360000000e+11,5.837091803550720215e-01
2.388000000000000000e+03,2.542000000000000000e+03,1.576069169452125323e+02,1.064794274999899953e-01,3.000000000000000000e+01,1.280711270400000000e+10,8.244191559680000000e+11,2.003521442413330078e+00
3.760000000000000000e+02,2.162000000000000000e+03,2.155020243782143439e+02,1.285648693066450132e-01,4.260000000000000000e+02,5.590865920000000000e+08,1.151256985600000000e+11,1.361108035780489445e-03
3.689000000000000000e+03,2.676000000000000000e+03,1.467818069676536297e+01,2.000000000000000111e-01,4.620000000000000000e+02,3.378628160000000000e+08,7.270843187200000000e+10,0.000000000000000000e+00
1.269000000000000000e+03,3.926000000000000000e+03,1.895977819785715610e+02,1.851851851851851749e-01,2.900000000000000000e+01,1.019431731200000000e+10,1.588923858944000000e+12,0.000000000000000000e+00
3.295000000000000000e+03,1.549000000000000000e+03,6.407838512884454474e+01,1.897658566033678385e-01,1.000000000000000000e+02,5.067320320000000000e+09,6.003260784640000000e+11,0.000000000000000000e+00
8.830000000000000000e+02,6.160000000000000000e+02,6.277675324604106777e+01,1.428571428571428492e-01,2.380000000000000000e+02,9.559621760000000000e+08,2.420932280320000000e+11,1.448832303285598755e-01
2.247000000000000000e+03,3.783000000000000000e+03,1.835865311760809391e+02,1.792654619833765339e-01,4.800000000000000000e+01,9.209923584000000000e+09,1.063470563328000000e+12,5.686478018760681152e-01
1.773000000000000000e+03,1.270000000000000000e+03,8.673144249886836121e+01,1.250000000000000000e-01,1.410000000000000000e+02,3.433193472000000000e+09,3.794966282240000000e+11,1.272307150065898895e-02
3.086000000000000000e+03,3.611000000000000000e+03,4.621400343882909851e+02,1.090440572471854941e-01,1.300000000000000000e+01,1.881086976000000000e+10,2.053483003904000000e+12,1.574149370193481445e+00
2.388000000000000000e+03,3.380000000000000000e+02,3.192769725336423221e+02,1.493288844287040951e-01,0.000000000000000000e+00,8.377669222400000000e+10,1.136895144755200000e+13,5.675861835479736328e-01
3.204000000000000000e+03,3.803000000000000000e+03,1.416903895123069219e+02,1.788854381999831766e-01,3.600000000000000000e+01,1.181075353600000000e+10,1.269782806528000000e+12,8.137409687042236328e-01
2.339000000000000000e+03,2.441000000000000000e+03,1.263055083046515819e+02,2.000000000000000111e-01,2.000000000000000000e+01,1.773182566400000000e+10,1.272934170624000000e+12,1.895519137382507324e+00
1.771000000000000000e+03,1.612000000000000000e+03,1.365351451518388330e+02,5.882352941176470507e-02,1.250000000000000000e+02,3.574713600000000000e+09,4.212908687360000000e+11,5.837091803550720215e-01
8.080000000000000000e+02,1.473000000000000000e+03,1.022470274331523257e+02,1.802775637731994507e-01,9.800000000000000000e+01,2.440556544000000000e+09,6.734337146880000000e+11,5.716390162706375122e-02
6.980000000000000000e+02,9.340000000000000000e+02,6.511528973046391400e+01,1.767766952966368932e-01,1.710000000000000000e+02,2.035380352000000000e+09,3.514815283200000000e+11,1.891390979290008545e-01
4.030000000000000000e+02,8.130000000000000000e+02,1.518260069421525600e+02,1.437398936440172637e-01,5.900000000000000000e+01,7.918117376000000000e+09,9.050025492480000000e+11,1.697563409805297852e+00
2.209000000000000000e+03,3.702000000000000000e+03,1.964655150769683019e+02,1.315334104411640948e-01,1.260000000000000000e+02,1.674342144000000000e+09,3.931353251840000000e+11,3.196120858192443848e-01
2.069000000000000000e+03,2.840000000000000000e+03,2.298968995512233278e+02,1.716929178792375721e-01,6.500000000000000000e+01,8.930834432000000000e+09,7.377056563200000000e+11,2.099134683609008789e+00
2.384000000000000000e+03,3.370000000000000000e+02,2.260230054195274931e+02,1.807753815155468124e-01,0.000000000000000000e+00,8.377669222400000000e+10,1.136895144755200000e+13,5.675861835479736328e-01
1.764000000000000000e+03,4.700000000000000000e+02,7.804996969324339773e+01,7.142857142857142461e-02,2.110000000000000000e+02,1.394466176000000000e+09,2.478166507520000000e+11,2.401392906904220581e-02
2.770000000000000000e+02,2.760000000000000000e+02,1.497934053195509989e+02,1.333333333333333315e-01,2.120000000000000000e+02,8.252440960000000000e+08,2.681984286720000000e+11,4.292364716529846191e-01
3.815000000000000000e+03,3.590000000000000000e+02,1.071919911893355533e+02,9.428090415820634951e-02,1.810000000000000000e+02,1.792154496000000000e+09,2.964711014400000000e+11,1.341915279626846313e-01
7.280000000000000000e+02,2.772000000000000000e+03,1.675592109526029105e+02,1.863389981249824745e-01,4.300000000000000000e+01,6.625502720000000000e+09,1.240374575104000000e+12,7.242954522371292114e-02
2.736000000000000000e+03,1.331000000000000000e+03,9.492082320288771768e+01,1.490711984999859852e-01,1.800000000000000000e+02,2.299778304000000000e+09,3.093213347840000000e+11,2.055913954973220825e-01
2.179000000000000000e+03,9.400000000000000000e+02,5.484881166761991267e+01,1.720052290384453675e-01,3.170000000000000000e+02,5.759249280000000000e+08,1.705074032640000000e+11,2.754274010658264160e-01
3.880000000000000000e+03,5.320000000000000000e+02,7.396164518507271168e+01,1.976423537605237202e-01,1.690000000000000000e+02,2.371363584000000000e+09,3.570016911360000000e+11,0.000000000000000000e+00
1.659000000000000000e+03,3.697000000000000000e+03,2.601957560582354176e+02,1.414213562373095034e-01,9.300000000000000000e+01,2.634921984000000000e+09,6.339202908160000000e+11,4.281575083732604980e-01
3.861000000000000000e+03,2.232000000000000000e+03,9.489663001061617820e+01,1.720052290384453675e-01,2.920000000000000000e+02,9.545843200000000000e+08,1.945565265920000000e+11,8.234626799821853638e-02
2.393000000000000000e+03,3.230000000000000000e+02,3.295314673211115064e+02,1.616904166908886553e-01,0.000000000000000000e+00,8.377669222400000000e+10,1.136895144755200000e+13,5.675861835479736328e-01
3.640000000000000000e+03,3.128000000000000000e+03,1.041931624784495085e+02,1.860163329510811370e-01,1.190000000000000000e+02,3.870370048000000000e+09,4.366447411200000000e+11,4.725667238235473633e-01
3.275000000000000000e+03,3.295000000000000000e+03,3.015887405316526042e+02,1.285648693066449855e-01,6.000000000000000000e+00,2.321462886400000000e+10,3.045936857088000000e+12,4.250588417053222656e+00
2.859000000000000000e+03,1.472000000000000000e+03,6.785097361278015171e+01,1.538461538461538547e-01,3.130000000000000000e+02,8.743348480000000000e+08,1.771336335360000000e+11,5.516332760453224182e-02
3.442000000000000000e+03,1.606000000000000000e+03,4.214821219393907086e+02,1.597191412499849861e-01,2.510000000000000000e+02,1.120951680000000000e+09,2.118354042880000000e+11,3.045468330383300781e-01
3.030000000000000000e+02,2.169000000000000000e+03,7.479027365394435378e+01,9.090909090909091161e-02,4.150000000000000000e+02,4.193257600000000000e+08,1.273916375040000000e+11,3.943456336855888367e-02
1.138000000000000000e+03,3.899000000000000000e+03,2.782992368956323048e+02,1.397542485937368628e-01,8.000000000000000000e+00,2.140511027200000000e+10,2.705576689664000000e+12,6.908459067344665527e-01
4.890000000000000000e+02,8.310000000000000000e+02,2.716499915905792477e+02,1.428571428571428492e-01,5.500000000000000000e+01,7.281438720000000000e+09,8.199545815040000000e+11,3.597804307937622070e-01
2.967000000000000000e+03,3.718000000000000000e+03,1.482000162486822035e+02,1.756820922315766309e-01,1.090000000000000000e+02,4.211948288000000000e+09,4.665582878720000000e+11,9.797154068946838379e-01
2.088000000000000000e+03,2.819000000000000000e+03,5.919822049904899330e+01,1.178511301977579334e-01,3.660000000000000000e+02,8.097580800000000000e+08,1.497639157760000000e+11,0.000000000000000000e+00
1.354000000000000000e+03,1.762000000000000000e+03,5.234012805132031332e+01,7.692307692307692735e-02,3.400000000000000000e+02,6.288156160000000000e+08,1.898148331520000000e+11,0.000000000000000000e+00
1.851000000000000000e+03,1.583000000000000000e+03,2.876786299342230535e+01,0.000000000000000000e+00,2.310000000000000000e+02,1.867093120000000000e+09,2.600269414400000000e+11,2.516664098948240280e-03
6.120000000000000000e+02,9.200000000000000000e+02,1.284508262947782953e+02,6.734350297014739251e-02,7.700000000000000000e+01,5.899091456000000000e+09,7.579769241600000000e+11,0.000000000000000000e+00
3.085000000000000000e+03,3.616000000000000000e+03,2.218336514905267052e+02,1.950639396376682988e-01,1.300000000000000000e+01,1.881086976000000000e+10,2.053483003904000000e+12,1.574149370193481445e+00
6.970000000000000000e+02,9.330000000000000000e+02,6.780451124526446449e+01,1.976423537605237202e-01,1.710000000000000000e+02,2.035380352000000000e+09,3.514815283200000000e+11,1.891390979290008545e-01
1.073000000000000000e+03,9.370000000000000000e+02,1.049743946347561092e+02,1.976423537605237202e-01,1.500000000000000000e+02,4.068170240000000000e+09,3.656151859200000000e+11,7.556946277618408203e-01
1.429000000000000000e+03,2.005000000000000000e+03,5.404061097277355685e+01,1.818181818181818232e-01,4.280000000000000000e+02,3.783943040000000000e+08,1.120649216000000000e+11,3.187136724591255188e-02
8.070000000000000000e+02,1.472000000000000000e+03,1.020720538726428970e+02,1.802775637731994507e-01,9.800000000000000000e+01,2.440556544000000000e+09,6.734337146880000000e+11,5.716390162706375122e-02
1.566000000000000000e+03,4.170000000000000000e+02,7.542954800204711319e+01,1.885618083164126990e-01,2.190000000000000000e+02,1.896797312000000000e+09,2.620838871040000000e+11,2.483881562948226929e-01
1.271000000000000000e+03,1.801000000000000000e+03,2.349719612703775056e+02,8.333333333333332871e-02,4.100000000000000000e+01,1.095597670400000000e+10,1.212032876544000000e+12,5.461735725402832031e-01
2.075000000000000000e+03,2.842000000000000000e+03,1.625014776298971810e+02,1.428571428571428492e-01,6.500000000000000000e+01,8.930834432000000000e+09,7.377056563200000000e+11,2.099134683609008789e+00
1.965000000000000000e+03,3.822000000000000000e+03,2.597545585697047699e+01,1.666666666666666574e-01,3.920000000000000000e+02,8.194494720000000000e+08,1.469327114240000000e+11,0.000000000000000000e+00
2.411000000000000000e+03,3.452000000000000000e+03,5.996145150309254035e+01,1.538461538461538547e-01,3.580000000000000000e+02,6.998554240000000000e+08,1.721436569600000000e+11,0.000000000000000000e+00
6.070000000000000000e+02,2.588000000000000000e+03,2.191260064032398418e+02,2.000000000000000111e-01,3.100000000000000000e+01,1.543549849600000000e+10,1.268652310528000000e+12,2.477414608001708984e+00
2.469000000000000000e+03,3.113000000000000000e+03,2.700596153378118629e+02,1.885618083164126990e-01,1.200000000000000000e+01,2.284425011200000000e+10,2.239901466624000000e+12,3.446404933929443359e+00
2.640000000000000000e+03,2.684000000000000000e+03,2.101349294111923314e+02,1.788854381999831766e-01,3.400000000000000000e+01,1.456821657600000000e+10,1.276274671616000000e+12,1.921485066413879395e+00
1.623000000000000000e+03,2.507000000000000000e+03,2.976974530023938570e+01,1.333333333333333315e-01,1.940000000000000000e+02,2.283313920000000000e+09,2.992840048640000000e+11,0.000000000000000000e+00
2.616000000000000000e+03,3.997000000000000000e+03,2.871798264145985513e+02,1.542115846551579128e-01,1.400000000000000000e+01,2.786027520000000000e+10,1.979431518208000000e+12,3.603759050369262695e+00
3.272000000000000000e+03,2.767000000000000000e+03,1.545896557156427207e+02,1.317615691736824801e-01,3.800000000000000000e+01,6.768592384000000000e+09,1.212657696768000000e+12,3.731330037117004395e-01
3.992000000000000000e+03,1.519000000000000000e+03,4.950818152488371737e+01,1.538461538461538547e-01,3.270000000000000000e+02,8.375604480000000000e+08,1.751238082560000000e+11,0.000000000000000000e+00
3.547000000000000000e+03,2.482000000000000000e+03,1.831944809238524101e+02,1.649242250247064112e-01,4.000000000000000000e+01,9.953271808000000000e+09,1.281303117824000000e+12,1.119234338402748108e-01
4.100000000000000000e+02,1.374000000000000000e+03,2.533652647830398621e+02,1.863389981249824745e-01,4.000000000000000000e+00,3.802601062400000000e+10,4.025006424064000000e+12,3.468478620052337646e-01
1.872000000000000000e+03,1.481000000000000000e+03,3.228560188249797847e+01,1.087856586440842377e-01,3.250000000000000000e+02,1.419664384000000000e+09,1.944436572160000000e+11,0.000000000000000000e+00
2.212000000000000000e+03,3.699000000000000000e+03,1.155221435317712775e+02,1.315334104411640948e-01,1.260000000000000000e+02,1.674342144000000000e+09,3.931353251840000000e+11,3.196120858192443848e-01
3.203000000000000000e+03,3.000000000000000000e+03,4.886924517088348807e+01,1.875000000000000000e-01,1.820000000000000000e+02,2.227453696000000000e+09,3.294442946560000000e+11,5.853049829602241516e-02
3.350000000000000000e+03,1.633000000000000000e+03,3.385633367585775488e+01,1.000000000000000056e-01,4.450000000000000000e+02,4.093180480000000000e+08,9.708884787200000000e+10,0.000000000000000000e+00
1.197000000000000000e+03,1.702000000000000000e+03,1.248940893922061122e+02,1.663780661615406053e-01,1.160000000000000000e+02,3.898425856000000000e+09,4.367803351040000000e+11,0.000000000000000000e+00
1.150000000000000000e+02,3.029000000000000000e+03,1.033258434906902892e+02,1.397542485937368628e-01,1.640000000000000000e+02,2.050533248000000000e+09,3.406673346560000000e+11,1.269493103027343750e-01
1.490000000000000000e+03,1.417000000000000000e+03,1.409573598882951160e+02,1.111111111111111049e-01,1.150000000000000000e+02,4.847934976000000000e+09,5.071829401600000000e+11,1.144441142678260803e-01
3.640000000000000000e+02,3.086000000000000000e+03,2.329309257361948227e+01,1.863389981249824745e-01,3.980000000000000000e+02,8.177869440000000000e+08,1.488555704320000000e+11,0.000000000000000000e+00
3.079000000000000000e+03,1.077000000000000000e+03,8.624640696760896219e+01,1.178511301977579334e-01,3.160000000000000000e+02,4.352183040000000000e+08,1.322030530560000000e+11,2.870793826878070831e-02
2.098000000000000000e+03,3.834000000000000000e+03,1.058436917437720979e+02,1.756820922315766309e-01,1.240000000000000000e+02,4.820801024000000000e+09,4.914155356160000000e+11,8.609086275100708008e-02
3.169000000000000000e+03,2.675000000000000000e+03,5.898828617853092737e+01,6.666666666666666574e-02,2.420000000000000000e+02,1.493960832000000000e+09,2.710832906240000000e+11,0.000000000000000000e+00
3.268000000000000000e+03,3.289000000000000000e+03,4.052499830679021215e+02,1.515151515151515194e-01,6.000000000000000000e+00,2.321462886400000000e+10,3.045936857088000000e+12,4.250588417053222656e+00
1.818000000000000000e+03,1.055000000000000000e+03,1.440370787346806480e+02,1.578947368421052544e-01,1.060000000000000000e+02,2.685982464000000000e+09,6.262559211520000000e+11,8.711945414543151855e-01
8.110000000000000000e+02,1.469000000000000000e+03,2.355962613661833984e+02,7.071067811865475172e-02,9.800000000000000000e+01,2.440556544000000000e+09,6.734337146880000000e+11,5.716390162706375122e-02
3.277000000000000000e+03,3.291000000000000000e+03,2.021073427408446150e+02,1.545157428361449981e-01,6.000000000000000000e+00,2.321462886400000000e+10,3.045936857088000000e+12,4.250588417053222656e+00
4.060000000000000000e+02,1.368000000000000000e+03,1.568261048386447385e+02,1.944444444444444475e-01,4.000000000000000000e+00,3.802601062400000000e+10,4.025006424064000000e+12,3.468478620052337646e-01
3.934000000000000000e+03,3.594000000000000000e+03,8.453549875934248803e+01,7.856742013183862228e-02,1.170000000000000000e+02,5.210976768000000000e+09,5.026769797120000000e+11,4.591627046465873718e-02
3.814000000000000000e+03,3.620000000000000000e+03,8.793989964299463225e+01,1.285648693066450132e-01,4.370000000000000000e+02,4.168623680000000000e+08,1.162479206400000000e+11,0.000000000000000000e+00
1.074000000000000000e+03,9.360000000000000000e+02,1.509378170679396476e+02,1.250000000000000000e-01,1.500000000000000000e+02,4.068170240000000000e+09,3.656151859200000000e+11,7.556946277618408203e-01
6.150000000000000000e+02,9.220000000000000000e+02,7.704029216921432521e+01,1.064794274999899953e-01,7.700000000000000000e+01,5.899091456000000000e+09,7.579769241600000000e+11,0.000000000000000000e+00
1.396000000000000000e+03,2.585000000000000000e+03,4.442218188296834569e+01,1.767766952966368932e-01,1.910000000000000000e+02,1.375448704000000000e+09,3.619017523200000000e+11,0.000000000000000000e+00
8.810000000000000000e+02,1.443000000000000000e+03,1.202701399964422393e+02,1.397542485937368628e-01,1.570000000000000000e+02,1.279842816000000000e+09,3.484008775680000000e+11,2.002031058073043823e-01
1.659000000000000000e+03,3.701000000000000000e+03,7.810886258267436233e+01,1.414213562373095034e-01,9.300000000000000000e+01,2.634921984000000000e+09,6.339202908160000000e+11,4.281575083732604980e-01
2.220000000000000000e+03,3.058000000000000000e+03,1.011202638536757945e+02,8.695652173913043237e-02,1.600000000000000000e+01,1.937281843200000000e+10,1.002276192256000000e+12,7.867671847343444824e-01
1.712000000000000000e+03,1.660000000000000000e+03,1.591200821433936028e+02,1.863389981249824745e-01,1.700000000000000000e+01,1.223959859200000000e+10,1.187346776064000000e+12,2.400017738342285156e+00
3.275000000000000000e+03,1.174000000000000000e+03,3.267594241094982976e+01,1.000000000000000056e-01,4.610000000000000000e+02,3.486914560000000000e+08,7.917443481600000000e+10,0.000000000000000000e+00
3.530000000000000000e+02,3.400000000000000000e+03,1.050537587357414537e+02,2.000000000000000111e-01,8.200000000000000000e+01,6.290100736000000000e+09,6.371417128960000000e+11,2.918904721736907959e-01
2.577000000000000000e+03,8.350000000000000000e+02,3.064284133551140599e+02,1.720052290384453675e-01,2.600000000000000000e+01,1.537867468800000000e+10,1.513454567424000000e+12,1.694393157958984375e+00
1.315000000000000000e+03,1.714000000000000000e+03,1.328745517776612814e+02,1.242259987499883256e-01,9.900000000000000000e+01,6.651615232000000000e+09,4.739571056640000000e+11,5.995762534439563751e-03
7.470000000000000000e+02,3.029000000000000000e+03,4.377325140371780776e+01,1.756820922315766309e-01,1.510000000000000000e+02,2.746465280000000000e+09,4.568337612800000000e+11,6.462391465902328491e-03
3.529000000000000000e+03,1.722000000000000000e+03,5.018296861644218154e+01,1.538461538461538547e-01,3.050000000000000000e+02,8.581805440000000000e+08,1.842686033920000000e+11,0.000000000000000000e+00
4.070000000000000000e+02,1.366000000000000000e+03,1.274687506909073846e+02,1.756820922315766309e-01,4.000000000000000000e+00,3.802601062400000000e+10,4.025006424064000000e+12,3.468478620052337646e-01
2.468000000000000000e+03,3.114000000000000000e+03,3.549081623975923208e+02,1.414213562373095034e-01,1.200000000000000000e+01,2.284425011200000000e+10,2.239901466624000000e+12,3.446404933929443359e+00
1.684000000000000000e+03,2.248000000000000000e+03,5.499377604970255788e+02,1.208685393243129624e-01,3.000000000000000000e+00,5.031784038400000000e+10,4.124430041088000000e+12,3.194062948226928711e+00
3.773000000000000000e+03,1.257000000000000000e+03,1.101867324305375178e+02,1.874138920735300140e-01,5.700000000000000000e+01,7.847402496000000000e+09,9.251958292480000000e+11,7.964859604835510254e-01
3.270000000000000000e+03,3.289000000000000000e+03,4.865149252767804455e+02,1.092591295595148199e-01,6.000000000000000000e+00,2.321462886400000000e+10,3.045936857088000000e+12,4.250588417053222656e+00
3.273000000000000000e+03,3.291000000000000000e+03,5.731559025362893180e+02,4.285495643554834005e-02,6.000000000000000000e+00,2.321462886400000000e+10,3.045936857088000000e+12,4.250588417053222656e+00
1.420000000000000000e+02,1.417000000000000000e+03,1.005788614146100883e+02,1.764705882352941291e-01,1.360000000000000000e+02,2.809626368000000000e+09,3.971332505600000000e+11,3.292922303080558777e-02
3.274000000000000000e+03,3.296000000000000000e+03,6.820241286920147559e+02,1.355192713636236279e-01,6.000000000000000000e+00,2.321462886400000000e+10,3.045936857088000000e+12,4.250588417053222656e+00
2.047000000000000000e+03,2.222000000000000000e+03,2.753222845374527594e+01,8.333333333333332871e-02,4.210000000000000000e+02,6.836668800000000000e+08,1.401587138560000000e+11,0.000000000000000000e+00
1.661000000000000000e+03,3.696000000000000000e+03,1.421373218006928880e+02,1.499999999999999944e-01,9.300000000000000000e+01,2.634921984000000000e+09,6.339202908160000000e+11,4.281575083732604980e-01
9.250000000000000000e+02,5.400000000000000000e+01,1.835531512190786430e+02,1.483600617145907075e-01,5.000000000000000000e+00,3.720409907200000000e+10,5.819019034624000000e+12,4.008188247680664062e-01
1.147000000000000000e+03,1.552000000000000000e+03,9.930967477824044920e+01,1.538461538461538547e-01,3.100000000000000000e+02,8.167900800000000000e+08,1.839095480320000000e+11,0.000000000000000000e+00
2.214000000000000000e+03,3.701000000000000000e+03,7.633244444610249957e+01,1.764705882352941291e-01,1.260000000000000000e+02,1.674342144000000000e+09,3.931353251840000000e+11,3.196120858192443848e-01
1.415000000000000000e+03,1.422000000000000000e+03,2.148553940851888910e+02,7.856742013183862228e-02,1.140000000000000000e+02,3.367604480000000000e+09,4.616201175040000000e+11,4.400322437286376953e-01
3.451000000000000000e+03,1.417000000000000000e+03,1.203390109379518833e+02,5.882352941176470507e-02,1.370000000000000000e+02,2.813895936000000000e+09,4.221787832320000000e+11,2.725269179791212082e-03
3.977000000000000000e+03,2.593000000000000000e+03,1.670190625228969168e+02,1.315334104411640948e-01,1.270000000000000000e+02,4.167231744000000000e+09,4.408803655680000000e+11,8.699815869331359863e-01
2.760000000000000000e+02,2.800000000000000000e+02,2.282776919689538033e+02,1.490711984999859852e-01,2.120000000000000000e+02,8.252440960000000000e+08,2.681984286720000000e+11,4.292364716529846191e-01
2.404000000000000000e+03,1.312000000000000000e+03,1.159334737964247637e+02,1.923273145405179907e-01,2.300000000000000000e+01,1.432996761600000000e+10,1.869943144448000000e+12,4.284954965114593506e-01
3.254000000000000000e+03,1.015000000000000000e+03,1.021194060321945898e+02,1.490711984999859852e-01,2.050000000000000000e+02,1.157463040000000000e+09,2.754100920320000000e+11,3.203420713543891907e-02
8.350000000000000000e+02,4.390000000000000000e+02,6.860473881021941622e+01,2.000000000000000111e-01,8.500000000000000000e+01,6.778748416000000000e+09,6.711748853760000000e+11,0.000000000000000000e+00
2.141000000000000000e+03,2.745000000000000000e+03,7.080823877065110139e+01,1.315334104411640948e-01,1.030000000000000000e+02,3.443494656000000000e+09,3.972623237120000000e+11,1.831960305571556091e-02
2.580000000000000000e+03,8.430000000000000000e+02,2.142577654614179608e+02,1.585809856006792640e-01,2.600000000000000000e+01,1.537867468800000000e+10,1.513454567424000000e+12,1.694393157958984375e+00
1.731000000000000000e+03,2.184000000000000000e+03,4.802531816851361555e+02,1.010152544552210818e-01,2.080000000000000000e+02,2.567625216000000000e+09,2.535187906560000000e+11,5.201082229614257812e-01
1.405000000000000000e+03,1.436000000000000000e+03,9.418850278746691629e+01,1.720052290384453675e-01,3.010000000000000000e+02,1.163845120000000000e+09,1.837246709760000000e+11,2.686825096607208252e-01
3.273000000000000000e+03,1.175000000000000000e+03,3.676076356193354400e+01,1.414213562373095034e-01,4.610000000000000000e+02,3.486914560000000000e+08,7.917443481600000000e+10,0.000000000000000000e+00
7.000000000000000000e+02,3.278000000000000000e+03,3.340314953541069798e+01,1.720052290384453675e-01,3.260000000000000000e+02,1.060119680000000000e+09,2.013788078080000000e+11,0.000000000000000000e+00
1.663000000000000000e+03,3.702000000000000000e+03,6.644066058521482887e+01,1.802775637731994507e-01,9.300000000000000000e+01,2.634921984000000000e+09,6.339202908160000000e+11,4.281575083732604980e-01
7.290000000000000000e+02,2.774000000000000000e+03,1.843781734404761892e+02,1.502313031443328895e-01,4.300000000000000000e+01,6.625502720000000000e+09,1.240374575104000000e+12,7.242954522371292114e-02
1.763000000000000000e+03,4.720000000000000000e+02,8.323339082966374747e+01,1.010152544552210818e-01,2.110000000000000000e+02,1.394466176000000000e+09,2.478166507520000000e+11,2.401392906904220581e-02
2.515000000000000000e+03,1.572000000000000000e+03,2.450351470234925557e+02,1.304347826086956486e-01,4.400000000000000000e+01,1.090394419200000000e+10,1.034238296064000000e+12,7.928316593170166016e-01
2.853000000000000000e+03,3.989000000000000000e+03,3.965835702678145935e+02,1.733359497447742315e-01,2.000000000000000000e+00,5.628931686400000000e+10,6.278159532032000000e+12,7.123951315879821777e-01
1.147000000000000000e+03,1.553000000000000000e+03,1.428469629838305366e+02,7.692307692307692735e-02,3.100000000000000000e+02,8.167900800000000000e+08,1.839095480320000000e+11,0.000000000000000000e+00
2.950000000000000000e+02,2.468000000000000000e+03,5.590316881766161572e+01,1.538461538461538547e-01,2.200000000000000000e+02,6.968931840000000000e+08,2.078136893440000000e+11,0.000000000000000000e+00
5.430000000000000000e+02,2.458000000000000000e+03,5.054345916047610388e+01,1.397542485937368628e-01,1.600000000000000000e+02,1.700266368000000000e+09,3.477796618240000000e+11,1.986222900450229645e-02
1.141000000000000000e+03,3.900000000000000000e+03,6.208578074562825577e+02,4.419417382415922330e-02,8.000000000000000000e+00,2.140511027200000000e+10,2.705576689664000000e+12,6.908459067344665527e-01
3.078000000000000000e+03,1.078000000000000000e+03,7.824590935793540325e+01,1.666666666666666574e-01,3.160000000000000000e+02,4.352183040000000000e+08,1.322030530560000000e+11,2.870793826878070831e-02
3.103000000000000000e+03,1.264000000000000000e+03,1.238450896084956980e+02,1.064794274999899953e-01,7.800000000000000000e+01,5.756817408000000000e+09,7.567747317760000000e+11,5.334236100316047668e-02
1.430000000000000000e+02,1.419000000000000000e+03,6.987822331864725811e+01,1.663780661615406053e-01,1.360000000000000000e+02,2.809626368000000000e+09,3.971332505600000000e+11,3.292922303080558777e-02
3.530000000000000000e+03,1.725000000000000000e+03,4.560936447428256457e+01,1.087856586440842377e-01,3.050000000000000000e+02,8.581805440000000000e+08,1.842686033920000000e+11,0.000000000000000000e+00
2.040000000000000000e+03,1.500000000000000000e+03,7.030140314301428361e+01,1.976423537605237202e-01,1.080000000000000000e+02,4.493515264000000000e+09,3.675199242240000000e+11,2.710719108581542969e-01
4.420000000000000000e+02,1.759000000000000000e+03,5.345609232127531385e+01,7.142857142857142461e-02,2.940000000000000000e+02,5.339358400000000000e+08,2.088911831040000000e+11,6.137812882661819458e-02
1.250000000000000000e+02,2.329000000000000000e+03,2.160488538384520893e+02,1.720052290384453675e-01,1.800000000000000000e+01,1.490262937600000000e+10,1.419475419136000000e+12,1.013386368751525879e+00
3.203000000000000000e+03,1.944000000000000000e+03,1.188841688318878909e+01,1.111111111111111049e-01,1.490000000000000000e+02,4.130169088000000000e+09,5.134606336000000000e+11,0.000000000000000000e+00
1.714000000000000000e+03,1.472000000000000000e+03,3.442609595995410388e+01,1.285648693066450132e-01,4.240000000000000000e+02,4.258506880000000000e+08,1.024564264960000000e+11,0.000000000000000000e+00
2.445000000000000000e+03,1.597000000000000000e+03,2.499340753194327363e+02,1.885618083164126990e-01,2.010000000000000000e+02,1.514802688000000000e+09,2.663109427200000000e+11,3.404684662818908691e-01
2.729000000000000000e+03,3.650000000000000000e+02,4.700075778735528331e+01,1.720052290384453675e-01,2.990000000000000000e+02,5.162441920000000000e+08,1.705914368000000000e+11,1.019609123468399048e-01
3.203000000000000000e+03,2.997000000000000000e+03,3.111777563465364551e+02,0.000000000000000000e+00,1.820000000000000000e+02,2.227453696000000000e+09,3.294442946560000000e+11,5.853049829602241516e-02
1.873000000000000000e+03,1.483000000000000000e+03,3.179522302971209058e+01,1.720052290384453675e-01,3.250000000000000000e+02,1.419664384000000000e+09,1.944436572160000000e+11,0.000000000000000000e+00
2.832000000000000000e+03,3.850000000000000000e+02,2.671286879236478384e+01,1.863389981249824745e-01,3.690000000000000000e+02,5.351056320000000000e+08,1.365955379200000000e+11,6.768663879483938217e-04
2.790000000000000000e+02,2.780000000000000000e+02,7.356251443398976164e+01,1.333333333333333315e-01,2.120000000000000000e+02,8.252440960000000000e+08,2.681984286720000000e+11,4.292364716529846191e-01
3.093000000000000000e+03,3.611000000000000000e+03,3.542926500921682305e+02,1.421760560557814024e-01,1.300000000000000000e+01,1.881086976000000000e+10,2.053483003904000000e+12,1.574149370193481445e+00
3.273000000000000000e+03,3.290000000000000000e+03,5.162242333840126776e+02,6.775963568181181396e-02,6.000000000000000000e+00,2.321462886400000000e+10,3.045936857088000000e+12,4.250588417053222656e+00
1.437000000000000000e+03,1.476000000000000000e+03,3.287695512271834986e+01,1.885618083164126990e-01,2.330000000000000000e+02,2.212824576000000000e+09,2.835332136960000000e+11,0.000000000000000000e+00
3.688000000000000000e+03,2.675000000000000000e+03,1.552006374828537716e+01,1.414213562373095034e-01,4.620000000000000000e+02,3.378628160000000000e+08,7.270843187200000000e+10,0.000000000000000000e+00
2.967000000000000000e+03,3.716000000000000000e+03,3.197747989064543503e+02,7.856742013183862228e-02,1.090000000000000000e+02,4.211948288000000000e+09,4.665582878720000000e+11,9.797154068946838379e-01
1.688000000000000000e+03,2.249000000000000000e+03,7.695317343025236596e+02,9.744733176929699925e-02,3.000000000000000000e+00,5.031784038400000000e+10,4.124430041088000000e+12,3.194062948226928711e+00
2.780000000000000000e+02,3.805000000000000000e+03,2.827396181273902442e+01,1.863389981249824745e-01,3.060000000000000000e+02,4.257210880000000000e+08,1.476218224640000000e+11,1.062473375350236893e-02
1.699000000000000000e+03,1.997000000000000000e+03,1.605959094730500851e+02,0.000000000000000000e+00,3.390000000000000000e+02,4.733577920000000000e+08,1.675546787840000000e+11,1.828818209469318390e-02
2.147000000000000000e+03,3.760000000000000000e+02,1.218308361197683070e+02,9.428090415820634951e-02,2.230000000000000000e+02,1.358996096000000000e+09,2.736059351040000000e+11,2.617974281311035156e-01
1.619000000000000000e+03,1.039000000000000000e+03,3.658893259499766515e+01,1.666666666666666574e-01,4.190000000000000000e+02,6.792685440000000000e+08,1.388187811840000000e+11,0.000000000000000000e+00
3.550000000000000000e+02,3.395000000000000000e+03,1.508030810920680835e+02,1.118033988749894958e-01,8.200000000000000000e+01,6.290100736000000000e+09,6.371417128960000000e+11,2.918904721736907959e-01
6.260000000000000000e+02,4.980000000000000000e+02,1.404719878478511248e+02,8.838834764831844659e-02,1.860000000000000000e+02,1.649663616000000000e+09,3.608393154560000000e+11,1.441983040422201157e-02
1.182000000000000000e+03,1.481000000000000000e+03,3.963293104805437395e+01,1.720052290384453675e-01,3.410000000000000000e+02,5.061010880000000000e+08,1.726660935680000000e+11,0.000000000000000000e+00
1.725000000000000000e+03,2.296000000000000000e+03,6.680225121438598990e+01,1.720052290384453675e-01,3.090000000000000000e+02,5.701532160000000000e+08,1.980960112640000000e+11,5.738828913308680058e-04
3.402000000000000000e+03,9.790000000000000000e+02,5.438337142353044840e+01,2.000000000000000111e-01,2.390000000000000000e+02,1.094699904000000000e+09,2.605480509440000000e+11,7.193678617477416992e-02
9.690000000000000000e+02,2.617000000000000000e+03,9.702995022046455631e+01,1.176877882894626220e-01,8.800000000000000000e+01,3.431953920000000000e+09,5.633286471680000000e+11,0.000000000000000000e+00
1.678000000000000000e+03,2.889000000000000000e+03,3.859210216398469129e+01,1.666666666666666574e-01,3.820000000000000000e+02,3.255584320000000000e+08,1.482432184320000000e+11,7.576674968004226685e-02
3.015000000000000000e+03,5.620000000000000000e+02,2.813613464607777246e+02,1.488645855129573925e-01,8.300000000000000000e+01,7.333322752000000000e+09,5.761101987840000000e+11,1.337852120399475098e+00
1.569000000000000000e+03,2.416000000000000000e+03,1.297188104392602099e+02,1.064794274999899953e-01,8.100000000000000000e+01,2.113757184000000000e+09,7.291969863680000000e+11,5.292919650673866272e-02
2.392000000000000000e+03,2.538000000000000000e+03,9.750747550948196363e+01,1.716929178792375721e-01,3.000000000000000000e+01,1.280711270400000000e+10,8.244191559680000000e+11,2.003521442413330078e+00
1.470000000000000000e+02,1.415000000000000000e+03,7.531136486235726579e+01,1.663780661615406053e-01,1.360000000000000000e+02,2.809626368000000000e+09,3.971332505600000000e+11,3.292922303080558777e-02
3.204000000000000000e+03,1.940000000000000000e+03,1.337049554832610276e+01,1.242259987499883256e-01,1.490000000000000000e+02,4.130169088000000000e+09,5.134606336000000000e+11,0.000000000000000000e+00
1.718000000000000000e+03,2.128000000000000000e+03,2.117032592767154711e+02,1.111111111111111049e-01,1.070000000000000000e+02,3.879511552000000000e+09,5.096216330240000000e+11,1.446489691734313965e-01
2.410000000000000000e+02,1.137000000000000000e+03,3.136883349661823104e+02,9.722034684781695468e-02,5.600000000000000000e+01,8.372165632000000000e+09,9.969321902080000000e+11,1.320460557937622070e+00
1.481000000000000000e+03,1.135000000000000000e+03,4.181281511453697419e+01,1.863389981249824745e-01,3.970000000000000000e+02,6.280145280000000000e+08,1.328404561920000000e+11,0.000000000000000000e+00
2.078000000000000000e+03,3.083000000000000000e+03,4.795177219496009968e+01,1.397542485937368628e-01,1.700000000000000000e+02,4.433466880000000000e+09,3.195793571840000000e+11,0.000000000000000000e+00
3.256000000000000000e+03,1.011000000000000000e+03,1.062892557941305967e+02,1.490711984999859852e-01,2.050000000000000000e+02,1.157463040000000000e+09,2.754100920320000000e+11,3.203420713543891907e-02
2.099000000000000000e+03,3.836000000000000000e+03,6.702271521510344598e+01,1.242259987499883256e-01,1.240000000000000000e+02,4.820801024000000000e+09,4.914155356160000000e+11,8.609086275100708008e-02
3.043000000000000000e+03,3.388000000000000000e+03,3.478898935517194673e+02,8.944271909999158832e-02,3.300000000000000000e+01,1.268767641600000000e+10,1.303878828032000000e+12,1.093849778175354004e+00
3.980000000000000000e+03,2.089000000000000000e+03,1.730392565750168501e+02,1.802775637731994507e-01,7.300000000000000000e+01,7.018176512000000000e+09,6.609458298880000000e+11,1.683588624000549316e+00
3.995000000000000000e+03,1.518000000000000000e+03,7.187008690255689203e+01,1.087856586440842377e-01,3.270000000000000000e+02,8.375604480000000000e+08,1.751238082560000000e+11,0.000000000000000000e+00
3.699000000000000000e+03,1.378000000000000000e+03,6.842523042865727234e+01,1.860163329510811370e-01,1.310000000000000000e+02,4.386468352000000000e+09,4.360631746560000000e+11,1.910982578992843628e-01
2.219000000000000000e+03,3.059000000000000000e+03,8.449277989360703600e+01,1.374903330507991073e-01,1.600000000000000000e+01,1.937281843200000000e+10,1.002276192256000000e+12,7.867671847343444824e-01
3.370000000000000000e+03,2.980000000000000000e+03,4.574864565487636980e+01,1.178511301977579334e-01,3.950000000000000000e+02,4.555417600000000000e+08,1.569063075840000000e+11,2.446600701659917831e-03
3.046000000000000000e+03,3.388000000000000000e+03,2.641199775088272190e+02,1.131370849898476055e-01,3.300000000000000000e+01,1.268767641600000000e+10,1.303878828032000000e+12,1.093849778175354004e+00
6.150000000000000000e+02,9.210000000000000000e+02,8.283081450478360352e+01,9.523809523809523281e-02,7.700000000000000000e+01,5.899091456000000000e+09,7.579769241600000000e+11,0.000000000000000000e+00
1.839000000000000000e+03,1.018000000000000000e+03,7.759689247377554011e+01,8.333333333333332871e-02,3.630000000000000000e+02,4.935514240000000000e+08,1.608073379840000000e+11,5.866875499486923218e-02
2.468000000000000000e+03,3.117000000000000000e+03,5.225639632681471767e+02,1.000000000000000056e-01,1.200000000000000000e+01,2.284425011200000000e+10,2.239901466624000000e+12,3.446404933929443359e+00
2.614000000000000000e+03,3.997000000000000000e+03,4.964944496636482540e+02,9.753196981883414940e-02,1.400000000000000000e+01,2.786027520000000000e+10,1.979431518208000000e+12,3.603759050369262695e+00
2.029000000000000000e+03,7.810000000000000000e+02,1.145242654210250350e+02,1.963383631246505001e-01,6.800000000000000000e+01,5.959005184000000000e+09,8.359626014720000000e+11,1.076989397406578064e-01
2.339000000000000000e+03,2.445000000000000000e+03,2.080923565463165517e+02,1.199999999999999956e-01,2.000000000000000000e+01,1.773182566400000000e+10,1.272934170624000000e+12,1.895519137382507324e+00
2.388000000000000000e+03,2.538000000000000000e+03,4.375962081817413605e+02,1.064794274999899953e-01,3.000000000000000000e+01,1.280711270400000000e+10,8.244191559680000000e+11,2.003521442413330078e+00
5.800000000000000000e+02,8.180000000000000000e+02,6.445860725171731076e+01,1.333333333333333315e-01,2.180000000000000000e+02,1.156192128000000000e+09,2.753976401920000000e+11,2.849904596805572510e-01
9.800000000000000000e+01,1.335000000000000000e+03,1.155432445502634380e+02,1.792654619833765339e-01,5.000000000000000000e+01,7.797797888000000000e+09,1.035582898176000000e+12,4.051990509033203125e-01
8.880000000000000000e+02,2.524000000000000000e+03,4.341743729236826965e+01,1.597191412499849861e-01,2.540000000000000000e+02,1.414776320000000000e+09,2.527250186240000000e+11,0.000000000000000000e+00
2.210000000000000000e+03,3.701000000000000000e+03,6.904646550945986974e+02,5.882352941176470507e-02,1.260000000000000000e+02,1.674342144000000000e+09,3.931353251840000000e+11,3.196120858192443848e-01
2.234000000000000000e+03,2.158000000000000000e+03,2.991352744080819903e+01,1.897658566033678385e-01,1.040000000000000000e+02,5.843740672000000000e+09,5.778919915520000000e+11,4.973959177732467651e-03
7.260000000000000000e+02,2.778000000000000000e+03,1.802740681671450602e+02,8.333333333333332871e-02,4.300000000000000000e+01,6.625502720000000000e+09,1.240374575104000000e+12,7.242954522371292114e-02
3.162000000000000000e+03,2.220000000000000000e+03,3.281769053359326449e+01,1.285648693066450132e-01,4.460000000000000000e+02,3.565987200000000000e+08,1.076971028480000000e+11,0.000000000000000000e+00
4.860000000000000000e+02,5.560000000000000000e+02,5.665586468099215267e+01,1.818181818181818232e-01,4.050000000000000000e+02,3.251958720000000000e+08,1.258500915200000000e+11,2.566784434020519257e-02
4.140000000000000000e+02,1.371000000000000000e+03,2.257768939874437137e+02,8.784104611578831545e-02,4.000000000000000000e+00,3.802601062400000000e+10,4.025006424064000000e+12,3.468478620052337646e-01
1.310000000000000000e+02,2.328000000000000000e+03,3.275010910170043985e+02,8.600261451922268374e-02,1.800000000000000000e+01,1.490262937600000000e+10,1.419475419136000000e+12,1.013386368751525879e+00
8.100000000000000000e+02,1.468000000000000000e+03,2.108210158103407821e+02,1.000000000000000056e-01,9.800000000000000000e+01,2.440556544000000000e+09,6.734337146880000000e+11,5.716390162706375122e-02
3.292000000000000000e+03,6.450000000000000000e+02,5.246533082719852814e+01,1.087856586440842377e-01,3.500000000000000000e+02,6.536188160000000000e+08,1.804572590080000000e+11,0.000000000000000000e+00
1.407000000000000000e+03,1.436000000000000000e+03,1.086984561506732945e+02,1.720052290384453675e-01,3.010000000000000000e+02,1.163845120000000000e+09,1.837246709760000000e+11,2.686825096607208252e-01
1.242000000000000000e+03,1.350000000000000000e+03,7.856749494842461878e+00,1.571348402636772446e-01,4.680000000000000000e+02,5.224346240000000000e+08,5.330726092800000000e+10,0.000000000000000000e+00
3.252000000000000000e+03,1.429000000000000000e+03,7.647402780365341357e+01,8.333333333333332871e-02,3.800000000000000000e+02,6.526458880000000000e+08,1.575296860160000000e+11,6.693943403661251068e-03
3.774000000000000000e+03,1.259000000000000000e+03,1.493134761090091445e+02,1.285648693066450132e-01,5.700000000000000000e+01,7.847402496000000000e+09,9.251958292480000000e+11,7.964859604835510254e-01
2.841000000000000000e+03,3.983000000000000000e+03,4.491132458893889066e+02,1.524553389864963804e-01,2.000000000000000000e+00,5.628931686400000000e+10,6.278159532032000000e+12,7.123951315879821777e-01
9.230000000000000000e+02,5.100000000000000000e+01,7.511567442538283501e+01,1.379720548656678258e-01,5.000000000000000000e+00,3.720409907200000000e+10,5.819019034624000000e+12,4.008188247680664062e-01
2.711000000000000000e+03,3.605000000000000000e+03,4.696699632169929117e+01,7.692307692307692735e-02,3.370000000000000000e+02,4.077027840000000000e+08,1.692376760320000000e+11,8.081462234258651733e-03
3.142000000000000000e+03,9.950000000000000000e+02,2.492365681013447443e+02,1.176877882894626220e-01,9.500000000000000000e+01,3.394375168000000000e+09,5.609730211840000000e+11,7.624695897102355957e-01
1.566000000000000000e+03,4.210000000000000000e+02,5.241222369980432205e+01,1.885618083164126990e-01,2.190000000000000000e+02,1.896797312000000000e+09,2.620838871040000000e+11,2.483881562948226929e-01
2.298000000000000000e+03,1.189000000000000000e+03,6.225836746850688286e+01,1.538461538461538547e-01,2.790000000000000000e+02,8.299195520000000000e+08,1.722283950080000000e+11,1.422405540943145752e-01
1.005000000000000000e+03,1.278000000000000000e+03,8.348041075976958325e+01,1.885618083164126990e-01,1.670000000000000000e+02,3.089423872000000000e+09,3.143499120640000000e+11,1.613117009401321411e-01
3.101000000000000000e+03,3.400000000000000000e+02,7.819849666480290296e+01,7.856742013183862228e-02,1.200000000000000000e+02,1.610145920000000000e+09,4.548143677440000000e+11,8.406070992350578308e-03
3.082000000000000000e+03,3.262000000000000000e+03,6.251272642205368868e+01,1.767766952966368932e-01,1.550000000000000000e+02,1.669745408000000000e+09,3.648343572480000000e+11,1.946539035998284817e-03
5.260000000000000000e+02,1.419000000000000000e+03,3.607012420471505010e+01,1.863389981249824745e-01,1.750000000000000000e+02,8.884802560000000000e+08,1.496278794240000000e+11,0.000000000000000000e+00
2.772000000000000000e+03,3.240000000000000000e+02,4.522372651640945662e+01,1.397542485937368628e-01,1.790000000000000000e+02,1.828806528000000000e+09,3.402233610240000000e+11,0.000000000000000000e+00
1.680000000000000000e+02,2.070000000000000000e+03,3.629814157257246165e+01,1.666666666666666574e-01,3.850000000000000000e+02,5.595765120000000000e+08,1.562758676480000000e+11,2.008460089564323425e-02
3.161000000000000000e+03,2.934000000000000000e+03,1.454319181768052829e+02,1.538461538461538547e-01,2.730000000000000000e+02,9.557055360000000000e+08,1.986753986560000000e+11,2.025958299636840820e-01
4.160000000000000000e+02,1.364000000000000000e+03,2.287881414677432872e+02,1.388888888888888951e-01,4.000000000000000000e+00,3.802601062400000000e+10,4.025006424064000000e+12,3.468478620052337646e-01
2.540000000000000000e+02,1.294000000000000000e+03,2.588435563724405952e+01,1.720052290384453675e-01,2.610000000000000000e+02,1.680964992000000000e+09,2.036213514240000000e+11,0.000000000000000000e+00
6.960000000000000000e+02,2.350000000000000000e+03,1.499726311224906397e+02,1.397542485937368628e-01,1.320000000000000000e+02,3.981132032000000000e+09,3.638901800960000000e+11,1.465964019298553467e-01
3.036000000000000000e+03,1.483000000000000000e+03,9.295145525873248005e+01,9.428090415820634951e-02,1.760000000000000000e+02,1.103179776000000000e+09,2.857155624960000000e+11,1.274166256189346313e-01
6.150000000000000000e+02,9.200000000000000000e+02,8.652568084772903489e+01,1.064794274999899953e-01,7.700000000000000000e+01,5.899091456000000000e+09,7.579769241600000000e+11,0.000000000000000000e+00
2.520000000000000000e+03,1.016000000000000000e+03,5.078899495862672211e+02,1.201850425154663005e-01,9.000000000000000000e+00,2.156558540800000000e+10,2.274888253440000000e+12,8.735226988792419434e-01
2.139000000000000000e+03,1.474000000000000000e+03,1.174686494031446244e+02,1.087856586440842377e-01,2.130000000000000000e+02,6.346509440000000000e+08,2.070040903680000000e+11,9.594308794476091862e-04
1.052000000000000000e+03,6.660000000000000000e+02,1.215432028595430864e+02,1.010152544552210818e-01,2.450000000000000000e+02,1.805912064000000000e+09,2.084656250880000000e+11,0.000000000000000000e+00
5.990000000000000000e+02,3.811000000000000000e+03,4.924344872500309123e+01,1.285648693066450132e-01,3.940000000000000000e+02,3.792263360000000000e+08,1.152684769280000000e+11,0.000000000000000000e+00
7.710000000000000000e+02,2.401000000000000000e+03,4.861568405636954537e+01,1.720052290384453675e-01,3.040000000000000000e+02,6.220001280000000000e+08,1.832824340480000000e+11,1.750465482473373413e-01
1.277000000000000000e+03,1.799000000000000000e+03,1.762315940066127951e+02,1.863389981249824745e-01,4.100000000000000000e+01,1.095597670400000000e+10,1.212032876544000000e+12,5.461735725402832031e-01
2.930000000000000000e+02,2.466000000000000000e+03,7.422210969002779279e+01,1.538461538461538547e-01,2.200000000000000000e+02,6.968931840000000000e+08,2.078136893440000000e+11,0.000000000000000000e+00
2.340000000000000000e+03,2.443000000000000000e+03,1.364146767590885077e+02,1.788854381999831766e-01,2.000000000000000000e+01,1.773182566400000000e+10,1.272934170624000000e+12,1.895519137382507324e+00
2.649000000000000000e+03,3.077000000000000000e+03,2.830078283580529614e+02,1.821078397711708707e-01,1.000000000000000000e+01,2.532703436800000000e+10,1.915071758336000000e+12,4.421397686004638672e+00
3.183000000000000000e+03,5.900000000000000000e+01,9.851376630700235637e+01,1.597191412499849861e-01,2.350000000000000000e+02,1.789910528000000000e+09,2.301310566400000000e+11,1.099770516157150269e-01
1.690000000000000000e+03,2.258000000000000000e+03,2.420536632676800650e+02,1.948946635385939985e-01,3.000000000000000000e+00,5.031784038400000000e+10,4.124430041088000000e+12,3.194062948226928711e+00
1.689000000000000000e+03,2.256000000000000000e+03,3.699998172256117073e+02,1.351351351351351426e-01,3.000000000000000000e+00,5.031784038400000000e+10,4.124430041088000000e+12,3.194062948226928711e+00
2.954000000000000000e+03,2.887000000000000000e+03,6.847563269211809711e+01,9.090909090909091161e-02,4.140000000000000000e+02,4.536569920000000000e+08,1.238589112320000000e+11,2.499718219041824341e-02
4.140000000000000000e+02,1.364000000000000000e+03,1.927380140195506613e+02,1.145307118227127940e-01,4.000000000000000000e+00,3.802601062400000000e+10,4.025006424064000000e+12,3.468478620052337646e-01
4.930000000000000000e+02,8.270000000000000000e+02,1.422040670759467105e+02,1.963383631246505001e-01,5.500000000000000000e+01,7.281438720000000000e+09,8.199545815040000000e+11,3.597804307937622070e-01
2.972000000000000000e+03,4.200000000000000000e+01,4.280070423789888423e+02,1.010152544552210818e-01,2.200000000000000000e+01,1.112703795200000000e+10,1.769099100160000000e+12,1.792023628950119019e-01
1.310000000000000000e+02,2.326000000000000000e+03,2.988728662327929442e+02,8.600261451922268374e-02,1.800000000000000000e+01,1.490262937600000000e+10,1.419475419136000000e+12,1.013386368751525879e+00
1.574000000000000000e+03,2.983000000000000000e+03,1.532081962424933579e+02,1.010152544552210818e-01,2.280000000000000000e+02,1.568986880000000000e+09,2.207783649280000000e+11,2.009579539299011230e-01
2.470000000000000000e+03,3.114000000000000000e+03,3.006515978937319460e+02,1.943650631615100322e-01,1.200000000000000000e+01,2.284425011200000000e+10,2.239901466624000000e+12,3.446404933929443359e+00
3.399000000000000000e+03,1.753000000000000000e+03,1.044310154644266078e+02,1.397542485937368628e-01,1.720000000000000000e+02,2.824540416000000000e+09,3.283790069760000000e+11,3.157474398612976074e-01
2.960000000000000000e+02,2.468000000000000000e+03,5.068226430684092065e+01,1.720052290384453675e-01,2.200000000000000000e+02,6.968931840000000000e+08,2.078136893440000000e+11,0.000000000000000000e+00
5.590000000000000000e+02,2.106000000000000000e+03,1.360131703364077396e+02,5.263157894736841813e-02,9.000000000000000000e+01,3.911753472000000000e+09,5.539202990080000000e+11,2.956744432449340820e-01
7.210000000000000000e+02,1.452000000000000000e+03,8.471692389601668083e+01,1.111111111111111049e-01,4.590000000000000000e+02,3.203767680000000000e+08,6.737061478400000000e+10,1.306121051311492920e-01
2.110000000000000000e+03,3.607000000000000000e+03,1.143148124820384766e+02,8.333333333333332871e-02,3.620000000000000000e+02,3.237032320000000000e+08,1.473524695040000000e+11,3.438935428857803345e-02
2.379000000000000000e+03,1.726000000000000000e+03,1.219400413357681856e+02,1.242259987499883256e-01,1.300000000000000000e+02,3.632104192000000000e+09,4.624581591040000000e+11,1.768329180777072906e-02
3.697000000000000000e+03,2.554000000000000000e+03,6.442527168921797909e+01,1.490711984999859852e-01,1.850000000000000000e+02,1.654559744000000000e+09,3.033799720960000000e+11,0.000000000000000000e+00
1.871000000000000000e+03,1.483000000000000000e+03,4.455856081605017494e+01,7.692307692307692735e-02,3.250000000000000000e+02,1.419664384000000000e+09,1.944436572160000000e+11,0.000000000000000000e+00
9.120000000000000000e+02,5.700000000000000000e+01,6.399788410250572923e+01,1.775636558361101958e-01,5.000000000000000000e+00,3.720409907200000000e+10,5.819019034624000000e+12,4.008188247680664062e-01
1.442000000000000000e+03,1.478000000000000000e+03,2.702394503588049091e+01,2.000000000000000111e-01,2.330000000000000000e+02,2.212824576000000000e+09,2.835332136960000000e+11,0.000000000000000000e+00
1.689000000000000000e+03,2.246000000000000000e+03,3.679076124799626655e+02,1.813028089864694437e-01,3.000000000000000000e+00,5.031784038400000000e+10,4.124430041088000000e+12,3.194062948226928711e+00
1.800000000000000000e+01,1.897000000000000000e+03,1.810079034630192893e+02,1.499999999999999944e-01,7.600000000000000000e+01,4.705384448000000000e+09,6.982864732160000000e+11,2.036401629447937012e-01
1.482000000000000000e+03,1.133000000000000000e+03,4.874346176639968320e+01,1.178511301977579334e-01,3.970000000000000000e+02,6.280145280000000000e+08,1.328404561920000000e+11,0.000000000000000000e+00
3.384000000000000000e+03,3.942000000000000000e+03,5.246679713480843077e+01,1.087856586440842377e-01,3.760000000000000000e+02,4.800745280000000000e+08,1.675726192640000000e+11,5.757528124377131462e-04
1.262000000000000000e+03,3.923000000000000000e+03,2.988321504228138110e+02,1.335389361282958987e-01,2.900000000000000000e+01,1.019431731200000000e+10,1.588923858944000000e+12,0.000000000000000000e+00
4.780000000000000000e+02,3.379000000000000000e+03,1.664066478612564310e+02,1.087856586440842377e-01,3.020000000000000000e+02,9.286039040000000000e+08,1.915977891840000000e+11,1.680024266242980957e-01
3.300000000000000000e+03,2.017000000000000000e+03,2.850483971885307355e+01,1.818181818181818232e-01,4.130000000000000000e+02,4.827967360000000000e+08,1.231281029120000000e+11,0.000000000000000000e+00
2.470000000000000000e+03,2.290000000000000000e+03,1.167989938081599917e+02,1.663780661615406053e-01,1.400000000000000000e+02,3.021581056000000000e+09,3.996486205440000000e+11,7.970087528228759766e-01
3.148000000000000000e+03,1.830000000000000000e+02,3.299532738438722390e+01,1.538461538461538547e-01,2.740000000000000000e+02,5.935837440000000000e+08,2.015773655040000000e+11,0.000000000000000000e+00
3.720000000000000000e+02,3.313000000000000000e+03,7.441839415602193242e+01,5.263157894736841813e-02,4.700000000000000000e+01,9.861278720000000000e+09,5.817014681600000000e+11,1.430872678756713867e+00
6.360000000000000000e+02,1.693000000000000000e+03,3.166874563558082514e+02,1.087856586440842377e-01,2.680000000000000000e+02,1.058980544000000000e+09,1.964929351680000000e+11,9.750066697597503662e-02
1.190000000000000000e+02,3.030000000000000000e+03,9.097863276214405914e+01,1.767766952966368932e-01,1.640000000000000000e+02,2.050533248000000000e+09,3.406673346560000000e+11,1.269493103027343750e-01
3.600000000000000000e+02,2.164000000000000000e+03,7.442016019087013774e+02,2.631578947368420907e-02,1.000000000000000000e+00,5.404031385600000000e+10,4.775771897856000000e+12,1.709547489881515503e-01
1.773000000000000000e+03,1.610000000000000000e+03,1.592846877631577343e+02,1.315334104411640948e-01,1.250000000000000000e+02,3.574713600000000000e+09,4.212908687360000000e+11,5.837091803550720215e-01
2.724000000000000000e+03,2.471000000000000000e+03,2.118278938335273267e+02,1.374903330507991073e-01,5.300000000000000000e+01,8.349897216000000000e+09,1.000912453632000000e+12,8.435634374618530273e-01
3.820000000000000000e+03,1.657000000000000000e+03,1.894797907179938363e+02,1.720052290384453675e-01,2.030000000000000000e+02,5.756777600000000000e+08,1.941480734720000000e+11,9.870987385511398315e-02
1.766000000000000000e+03,4.700000000000000000e+02,4.208431113940316948e+01,1.597191412499849861e-01,2.110000000000000000e+02,1.394466176000000000e+09,2.478166507520000000e+11,2.401392906904220581e-02
3.516000000000000000e+03,2.198000000000000000e+03,6.482783152992521991e+01,1.976423537605237202e-01,1.740000000000000000e+02,2.256804608000000000e+09,3.629357793280000000e+11,0.000000000000000000e+00
3.185000000000000000e+03,3.623000000000000000e+03,6.401747743085989839e+01,1.538461538461538547e-01,3.330000000000000000e+02,5.459247360000000000e+08,1.804148080640000000e+11,2.241535298526287079e-02
2.141000000000000000e+03,2.748000000000000000e+03,4.453543605500282609e+01,1.663780661615406053e-01,1.030000000000000000e+02,3.443494656000000000e+09,3.972623237120000000e+11,1.831960305571556091e-02
3.440000000000000000e+02,1.472000000000000000e+03,3.284800922398453622e+02,1.545157428361449981e-01,7.000000000000000000e+00,3.392714137600000000e+10,2.913892564992000000e+12,4.570787429809570312e+00
2.612000000000000000e+03,3.997000000000000000e+03,6.467080231255845320e+02,6.896551724137930939e-02,1.400000000000000000e+01,2.786027520000000000e+10,1.979431518208000000e+12,3.603759050369262695e+00
5.790000000000000000e+02,8.150000000000000000e+02,1.248848261252956462e+02,9.428090415820634951e-02,2.180000000000000000e+02,1.156192128000000000e+09,2.753976401920000000e+11,2.849904596805572510e-01
2.196000000000000000e+03,1.648000000000000000e+03,4.731143116208808408e+01,1.666666666666666574e-01,3.640000000000000000e+02,4.553031040000000000e+08,1.432976752640000000e+11,3.647781908512115479e-02
2.584000000000000000e+03,8.400000000000000000e+02,1.413784226257068042e+02,1.961161351381840168e-01,2.600000000000000000e+01,1.537867468800000000e+10,1.513454567424000000e+12,1.694393157958984375e+00
1.055000000000000000e+03,6.670000000000000000e+02,3.871170965456529700e+01,1.428571428571428492e-01,2.450000000000000000e+02,1.805912064000000000e+09,2.084656250880000000e+11,0.000000000000000000e+00
1.663000000000000000e+03,1.849000000000000000e+03,1.047235105413181770e+02,1.720052290384453675e-01,2.570000000000000000e+02,9.679162880000000000e+08,1.948128542720000000e+11,2.036323845386505127e-01
3.280000000000000000e+03,1.277000000000000000e+03,1.373714312796191166e+02,8.838834764831844659e-02,1.540000000000000000e+02,1.889881472000000000e+09,3.674163445760000000e+11,7.948416471481323242e-02
9.200000000000000000e+02,5.500000000000000000e+01,1.492526833846140164e+02,2.439024390243902524e-02,5.000000000000000000e+00,3.720409907200000000e+10,5.819019034624000000e+12,4.008188247680664062e-01
2.502000000000000000e+03,2.619000000000000000e+03,6.575173761987724674e+01,7.692307692307692735e-02,2.440000000000000000e+02,7.854515840000000000e+08,1.657421332480000000e+11,0.000000000000000000e+00
3.541000000000000000e+03,2.650000000000000000e+03,2.567404347731556413e+01,1.863389981249824745e-01,4.000000000000000000e+02,6.988657920000000000e+08,1.365540945920000000e+11,2.896988019347190857e-02
3.976000000000000000e+03,2.419000000000000000e+03,4.900107255975952398e+02,3.846153846153846367e-02,2.700000000000000000e+01,1.238435225600000000e+10,1.530468237312000000e+12,2.036925554275512695e+00
2.845000000000000000e+03,3.989000000000000000e+03,6.093744526358821076e+02,5.323971374999499767e-02,2.000000000000000000e+00,5.628931686400000000e+10,6.278159532032000000e+12,7.123951315879821777e-01
3.518000000000000000e+03,2.194000000000000000e+03,7.819528725284064308e+01,8.838834764831844659e-02,1.740000000000000000e+02,2.256804608000000000e+09,3.629357793280000000e+11,0.000000000000000000e+00
2.086000000000000000e+03,3.896000000000000000e+03,4.671830170404629712e+01,1.863389981249824745e-01,3.570000000000000000e+02,6.233252480000000000e+08,1.448718008320000000e+11,0.000000000000000000e+00
2.337000000000000000e+03,2.443000000000000000e+03,2.427169389113998932e+02,8.944271909999158832e-02,2.000000000000000000e+01,1.773182566400000000e+10,1.272934170624000000e+12,1.895519137382507324e+00
3.142000000000000000e+03,9.960000000000000000e+02,1.703654994931972908e+02,1.052631578947368363e-01,9.500000000000000000e+01,3.394375168000000000e+09,5.609730211840000000e+11,7.624695897102355957e-01
4.110000000000000000e+02,1.367000000000000000e+03,1.114502992815421578e+02,6.211299937499416279e-02,4.000000000000000000e+00,3.802601062400000000e+10,4.025006424064000000e+12,3.468478620052337646e-01
2.332000000000000000e+03,1.637000000000000000e+03,9.215435263679547973e+01,1.490711984999859852e-01,1.340000000000000000e+02,1.772967168000000000e+09,2.816054394880000000e+11,6.904131919145584106e-02
1.835000000000000000e+03,8.820000000000000000e+02,1.731564344614635047e+02,7.142857142857142461e-02,2.300000000000000000e+02,1.177191040000000000e+09,2.513947852800000000e+11,0.000000000000000000e+00
3.270000000000000000e+03,2.769000000000000000e+03,2.693400964114809994e+02,5.892556509887896671e-02,3.800000000000000000e+01,6.768592384000000000e+09,1.212657696768000000e+12,3.731330037117004395e-01
2.613000000000000000e+03,2.000000000000000000e+00,4.400267115451867994e+02,1.093712437778724539e-01,1.400000000000000000e+01,2.786027520000000000e+10,1.979431518208000000e+12,3.603759050369262695e+00
3.272000000000000000e+03,2.766000000000000000e+03,1.371261399303898543e+02,1.502313031443328895e-01,3.800000000000000000e+01,6.768592384000000000e+09,1.212657696768000000e+12,3.731330037117004395e-01
3.700000000000000000e+03,2.553000000000000000e+03,8.242268261505800808e+01,6.666666666666666574e-02,1.850000000000000000e+02,1.654559744000000000e+09,3.033799720960000000e+11,0.000000000000000000e+00
3.076000000000000000e+03,2.406000000000000000e+03,2.905391344015306458e+02,1.374903330507991073e-01,1.900000000000000000e+01,1.888740147200000000e+10,1.018762625024000000e+12,2.206895589828491211e+00
3.559000000000000000e+03,1.404000000000000000e+03,6.246719599903635611e+01,1.976423537605237202e-01,1.390000000000000000e+02,3.034572544000000000e+09,3.687495434240000000e+11,3.046059608459472656e-01
2.393000000000000000e+03,3.390000000000000000e+02,3.648706948305506899e+02,1.616904166908886553e-01,0.000000000000000000e+00,8.377669222400000000e+10,1.136895144755200000e+13,5.675861835479736328e-01
1.139000000000000000e+03,3.896000000000000000e+03,3.320556938062424024e+02,1.822172467139156482e-01,8.000000000000000000e+00,2.140511027200000000e+10,2.705576689664000000e+12,6.908459067344665527e-01
1.807000000000000000e+03,1.913000000000000000e+03,6.897499811202096964e+01,1.428571428571428492e-01,2.810000000000000000e+02,1.284644224000000000e+09,2.199001825280000000e+11,3.346104547381401062e-02
1.146000000000000000e+03,3.900000000000000000e+03,2.098527531571042459e+02,1.288470508005518933e-01,8.000000000000000000e+00,2.140511027200000000e+10,2.705576689664000000e+12,6.908459067344665527e-01
3.268000000000000000e+03,2.764000000000000000e+03,1.372780493960696617e+02,1.717960677340691911e-01,3.800000000000000000e+01,6.768592384000000000e+09,1.212657696768000000e+12,3.731330037117004395e-01
3.986000000000000000e+03,1.736000000000000000e+03,6.573177510946185009e+01,1.720052290384453675e-01,2.700000000000000000e+02,8.602592640000000000e+08,2.070787686400000000e+11,7.237505912780761719e-02
3.200000000000000000e+03,2.997000000000000000e+03,1.293617649042686537e+02,1.875000000000000000e-01,1.820000000000000000e+02,2.227453696000000000e+09,3.294442946560000000e+11,5.853049829602241516e-02
5.170000000000000000e+02,1.644000000000000000e+03,7.728474543695207899e+01,1.000000000000000056e-01,4.470000000000000000e+02,3.331680640000000000e+08,9.659407564800000000e+10,4.790472984313964844e-02
2.332000000000000000e+03,2.446000000000000000e+03,1.372995042031501782e+02,1.649242250247064112e-01,2.000000000000000000e+01,1.773182566400000000e+10,1.272934170624000000e+12,1.895519137382507324e+00
2.728000000000000000e+03,1.568000000000000000e+03,5.221979488069760578e+01,7.142857142857142461e-02,2.270000000000000000e+02,1.495355776000000000e+09,2.562825912320000000e+11,0.000000000000000000e+00
1.653000000000000000e+03,3.021000000000000000e+03,8.769538535260075207e+01,1.875000000000000000e-01,1.480000000000000000e+02,1.804167296000000000e+09,3.542372515840000000e+11,5.573551058769226074e-01
1.368000000000000000e+03,1.382000000000000000e+03,3.779390994694990979e+01,1.818181818181818232e-01,4.180000000000000000e+02,4.905984640000000000e+08,1.172196638720000000e+11,3.831699723377823830e-03
3.270000000000000000e+03,2.770000000000000000e+03,2.113483644605755387e+02,9.316949906249123725e-02,3.800000000000000000e+01,6.768592384000000000e+09,1.212657696768000000e+12,3.731330037117004395e-01
9.190000000000000000e+02,5.200000000000000000e+01,8.621583450554091144e+01,7.317073170731706877e-02,5.000000000000000000e+00,3.720409907200000000e+10,5.819019034624000000e+12,4.008188247680664062e-01
1.697000000000000000e+03,1.998000000000000000e+03,6.383128684299689581e+01,1.720052290384453675e-01,3.390000000000000000e+02,4.733577920000000000e+08,1.675546787840000000e+11,1.828818209469318390e-02
1.568000000000000000e+03,2.419000000000000000e+03,1.170751555540793447e+02,1.064794274999899953e-01,8.100000000000000000e+01,2.113757184000000000e+09,7.291969863680000000e+11,5.292919650673866272e-02
3.806000000000000000e+03,6.240000000000000000e+02,4.621500842409808030e+01,1.428571428571428492e-01,2.470000000000000000e+02,1.145127680000000000e+09,2.238232330240000000e+11,4.152530059218406677e-02
1.924000000000000000e+03,3.052000000000000000e+03,6.073566412173215667e+01,1.315334104411640948e-01,1.660000000000000000e+02,2.417051648000000000e+09,3.856119562240000000e+11,4.769425466656684875e-02
4.950000000000000000e+02,1.815000000000000000e+03,1.696422239983829741e+02,1.527076157636170495e-01,1.100000000000000000e+01,1.421665075200000000e+10,1.753114214400000000e+12,1.261094808578491211e+00
2.578000000000000000e+03,8.350000000000000000e+02,3.362278721224633387e+02,1.585809856006792640e-01,2.600000000000000000e+01,1.537867468800000000e+10,1.513454567424000000e+12,1.694393157958984375e+00
9.290000000000000000e+02,4.640000000000000000e+02,2.782788891062613175e+02,1.542115846551579128e-01,1.500000000000000000e+01,1.594162892800000000e+10,2.064746414080000000e+12,2.757654666900634766e+00
2.840000000000000000e+03,5.370000000000000000e+02,8.032799404415786171e+01,1.976423537605237202e-01,1.730000000000000000e+02,1.717559808000000000e+09,3.478508666880000000e+11,5.091017484664916992e-02
3.371000000000000000e+03,2.979000000000000000e+03,4.742444671650808630e+01,1.666666666666666574e-01,3.950000000000000000e+02,4.555417600000000000e+08,1.569063075840000000e+11,2.446600701659917831e-03
1.250000000000000000e+03,2.150000000000000000e+03,2.974906001971523892e+02,7.692307692307692735e-02,3.140000000000000000e+02,7.569043840000000000e+08,1.834407690240000000e+11,1.344446092844009399e-01
3.334000000000000000e+03,8.200000000000000000e+02,5.573726814326160905e+01,1.860163329510811370e-01,1.420000000000000000e+02,2.753105152000000000e+09,3.924815380480000000e+11,0.000000000000000000e+00
2.973000000000000000e+03,4.900000000000000000e+01,2.442175414534843014e+02,1.821078397711708707e-01,2.200000000000000000e+01,1.112703795200000000e+10,1.769099100160000000e+12,1.792023628950119019e-01
4.110000000000000000e+02,3.221000000000000000e+03,3.989861786245874953e+01,1.428571428571428492e-01,2.830000000000000000e+02,1.296733952000000000e+09,2.140295495680000000e+11,0.000000000000000000e+00
9.210000000000000000e+02,5.200000000000000000e+01,8.472939024575602218e+01,8.794027501131680691e-02,5.000000000000000000e+00,3.720409907200000000e+10,5.819019034624000000e+12,4.008188247680664062e-01
4.340000000000000000e+02,2.731000000000000000e+03,1.957598669930390258e+02,1.064794274999899953e-01,6.100000000000000000e+01,9.361108992000000000e+09,7.905924218880000000e+11,2.025802731513977051e-01
6.100000000000000000e+02,2.593000000000000000e+03,6.371649938764161334e+02,4.000000000000000083e-02,3.100000000000000000e+01,1.543549849600000000e+10,1.268652310528000000e+12,2.477414608001708984e+00
6.250000000000000000e+02,4.970000000000000000e+02,1.094019893893524227e+02,1.250000000000000000e-01,1.860000000000000000e+02,1.649663616000000000e+09,3.608393154560000000e+11,1.441983040422201157e-02
1.780000000000000000e+02,2.693000000000000000e+03,1.241618036773467395e+02,7.856742013183862228e-02,1.180000000000000000e+02,2.033851904000000000e+09,4.885573795840000000e+11,6.876211613416671753e-02
2.257000000000000000e+03,1.112000000000000000e+03,3.413814744681618549e+02,1.171213948210510919e-01,2.500000000000000000e+01,1.306004275200000000e+10,1.702466420736000000e+12,0.000000000000000000e+00
9.680000000000000000e+02,2.617000000000000000e+03,1.262234030535124418e+02,1.052631578947368363e-01,8.800000000000000000e+01,3.431953920000000000e+09,5.633286471680000000e+11,0.000000000000000000e+00
1.609000000000000000e+03,2.954000000000000000e+03,1.350524487756422332e+02,1.285648693066450132e-01,6.400000000000000000e+01,6.949873664000000000e+09,8.574791843840000000e+11,4.483140707015991211e-01
2.992000000000000000e+03,1.020000000000000000e+03,2.361994621494078217e+02,0.000000000000000000e+00,2.900000000000000000e+02,8.722309760000000000e+08,2.141345710080000000e+11,2.310216985642910004e-02
2.255000000000000000e+03,1.116000000000000000e+03,4.307670514177786458e+02,5.237828008789241485e-02,2.500000000000000000e+01,1.306004275200000000e+10,1.702466420736000000e+12,0.000000000000000000e+00
3.541000000000000000e+03,2.485000000000000000e+03,1.246358816252685529e+02,1.788854381999831766e-01,4.000000000000000000e+01,9.953271808000000000e+09,1.281303117824000000e+12,1.119234338402748108e-01
2.514000000000000000e+03,1.578000000000000000e+03,2.393835326188286388e+02,1.374903330507991073e-01,4.400000000000000000e+01,1.090394419200000000e+10,1.034238296064000000e+12,7.928316593170166016e-01
3.773000000000000000e+03,1.261000000000000000e+03,2.895001685075771434e+02,4.545454545454545581e-02,5.700000000000000000e+01,7.847402496000000000e+09,9.251958292480000000e+11,7.964859604835510254e-01
9.680000000000000000e+02,2.621000000000000000e+03,9.368260181282224153e+01,1.052631578947368363e-01,8.800000000000000000e+01,3.431953920000000000e+09,5.633286471680000000e+11,0.000000000000000000e+00
1.139000000000000000e+03,3.901000000000000000e+03,3.264736505960698310e+02,9.375000000000000000e-02,8.000000000000000000e+00,2.140511027200000000e+10,2.705576689664000000e+12,6.908459067344665527e-01
1.405000000000000000e+03,1.438000000000000000e+03,8.085765982416849056e+02,7.692307692307692735e-02,3.010000000000000000e+02,1.163845120000000000e+09,1.837246709760000000e+11,2.686825096607208252e-01
2.386000000000000000e+03,3.270000000000000000e+02,3.306282284030157825e+02,1.255514556359381972e-01,0.000000000000000000e+00,8.377669222400000000e+10,1.136895144755200000e+13,5.675861835479736328e-01
5.870000000000000000e+02,4.240000000000000000e+02,4.463453432769392748e+01,1.720052290384453675e-01,2.800000000000000000e+02,1.458594432000000000e+09,2.066967920640000000e+11,0.000000000000000000e+00
1.716000000000000000e+03,1.655000000000000000e+03,2.889149072935774143e+02,1.250000000000000000e-01,1.700000000000000000e+01,1.223959859200000000e+10,1.187346776064000000e+12,2.400017738342285156e+00
1.266000000000000000e+03,3.924000000000000000e+03,3.133058754311931580e+02,1.047565601757848297e-01,2.900000000000000000e+01,1.019431731200000000e+10,1.588923858944000000e+12,0.000000000000000000e+00
3.293000000000000000e+03,6.460000000000000000e+02,2.888411585022057793e+01,1.538461538461538547e-01,3.500000000000000000e+02,6.536188160000000000e+08,1.804572590080000000e+11,0.000000000000000000e+00
2.634000000000000000e+03,2.684000000000000000e+03,2.322343338858304662e+02,1.131370849898476055e-01,3.400000000000000000e+01,1.456821657600000000e+10,1.276274671616000000e+12,1.921485066413879395e+00
1.879000000000000000e+03,2.009000000000000000e+03,4.592988540391339569e+01,1.863389981249824745e-01,3.740000000000000000e+02,4.893059200000000000e+08,1.374361190400000000e+11,2.621973305940628052e-02
1.795000000000000000e+03,6.970000000000000000e+02,1.737376081301455599e+02,7.443229275647869625e-02,9.200000000000000000e+01,4.124931584000000000e+09,6.228464107520000000e+11,4.545400738716125488e-01
1.456000000000000000e+03,3.573000000000000000e+03,5.576743111941571840e+01,1.863389981249824745e-01,3.540000000000000000e+02,3.307080320000000000e+08,1.579146117120000000e+11,6.042137742042541504e-02
4.390000000000000000e+02,2.732000000000000000e+03,1.218952519897449775e+02,1.716929178792375721e-01,6.100000000000000000e+01,9.361108992000000000e+09,7.905924218880000000e+11,2.025802731513977051e-01
3.081000000000000000e+03,3.259000000000000000e+03,2.185096507867172875e+02,8.838834764831844659e-02,1.550000000000000000e+02,1.669745408000000000e+09,3.648343572480000000e+11,1.946539035998284817e-03
5.400000000000000000e+02,2.460000000000000000e+03,5.130997637199943995e+01,1.976423537605237202e-01,1.600000000000000000e+02,1.700266368000000000e+09,3.477796618240000000e+11,1.986222900450229645e-02
1.171000000000000000e+03,2.470000000000000000e+02,1.642363879716419888e+02,1.111111111111111049e-01,1.100000000000000000e+02,4.937474048000000000e+09,5.120097320960000000e+11,1.020596385002136230e+00
2.219000000000000000e+03,3.060000000000000000e+03,7.423739219457817740e+01,1.567630989332169100e-01,1.600000000000000000e+01,1.937281843200000000e+10,1.002276192256000000e+12,7.867671847343444824e-01
1.563000000000000000e+03,2.418000000000000000e+03,1.423790541020305795e+02,1.963383631246505001e-01,8.100000000000000000e+01,2.113757184000000000e+09,7.291969863680000000e+11,5.292919650673866272e-02
2.613000000000000000e+03,3.994000000000000000e+03,3.855205034472186298e+02,1.758282590894063580e-01,1.400000000000000000e+01,2.786027520000000000e+10,1.979431518208000000e+12,3.603759050369262695e+00
3.993000000000000000e+03,1.520000000000000000e+03,5.422790021497748114e+01,1.087856586440842377e-01,3.270000000000000000e+02,8.375604480000000000e+08,1.751238082560000000e+11,0.000000000000000000e+00
3.268000000000000000e+03,2.766000000000000000e+03,1.939280136477358099e+02,9.316949906249123725e-02,3.800000000000000000e+01,6.768592384000000000e+09,1.212657696768000000e+12,3.731330037117004395e-01
2.521000000000000000e+03,1.016000000000000000e+03,5.391974364209171426e+02,1.054092553389459896e-01,9.000000000000000000e+00,2.156558540800000000e+10,2.274888253440000000e+12,8.735226988792419434e-01
3.702000000000000000e+03,2.344000000000000000e+03,4.689342891049432183e+01,1.538461538461538547e-01,3.490000000000000000e+02,3.763875840000000000e+08,1.713577000960000000e+11,1.236851606518030167e-02
3.400000000000000000e+03,1.753000000000000000e+03,1.327127956645315408e+02,8.838834764831844659e-02,1.720000000000000000e+02,2.824540416000000000e+09,3.283790069760000000e+11,3.157474398612976074e-01
4.160000000000000000e+02,3.361000000000000000e+03,4.176005676495956465e+01,1.538461538461538547e-01,3.440000000000000000e+02,9.464224640000000000e+08,1.704183234560000000e+11,0.000000000000000000e+00
3.770000000000000000e+02,2.163000000000000000e+03,3.555721348183057557e+02,0.000000000000000000e+00,4.260000000000000000e+02,5.590865920000000000e+08,1.151256985600000000e+11,1.361108035780489445e-03
3.683000000000000000e+03,2.880000000000000000e+03,2.796647595753681230e+02,1.287696884094281791e-01,2.100000000000000000e+01,2.165043609600000000e+10,1.786106085376000000e+12,1.058541417121887207e+00
6.250000000000000000e+02,3.759000000000000000e+03,1.897446968839770136e+02,1.851851851851851749e-01,2.400000000000000000e+01,1.978117324800000000e+10,1.640358739968000000e+12,2.145830392837524414e+00
1.838000000000000000e+03,1.017000000000000000e+03,6.433258158946313188e+02,8.333333333333332871e-02,3.630000000000000000e+02,4.935514240000000000e+08,1.608073379840000000e+11,5.866875499486923218e-02
7.300000000000000000e+01,3.754000000000000000e+03,3.406596908196399909e+01,1.250000000000000000e-01,1.650000000000000000e+02,4.043890176000000000e+09,3.563160535040000000e+11,0.000000000000000000e+00
3.778000000000000000e+03,1.958000000000000000e+03,3.821818243423489321e+02,9.428090415820634951e-02,1.950000000000000000e+02,1.265744256000000000e+09,2.763455201280000000e+11,7.307041436433792114e-02
1.494000000000000000e+03,1.419000000000000000e+03,9.053869599082197794e+01,1.571348402636772446e-01,1.150000000000000000e+02,4.847934976000000000e+09,5.071829401600000000e+11,1.144441142678260803e-01
2.085000000000000000e+03,4.810000000000000000e+02,5.964837878140014027e+01,1.597191412499849861e-01,2.430000000000000000e+02,7.393649920000000000e+08,2.244973199360000000e+11,7.631475478410720825e-02
3.984000000000000000e+03,1.737000000000000000e+03,2.080907062804690781e+02,1.087856586440842377e-01,2.700000000000000000e+02,8.602592640000000000e+08,2.070787686400000000e+11,7.237505912780761719e-02
1.440000000000000000e+02,1.417000000000000000e+03,3.101809070061731290e+02,5.882352941176470507e-02,1.360000000000000000e+02,2.809626368000000000e+09,3.971332505600000000e+11,3.292922303080558777e-02
8.080000000000000000e+02,1.470000000000000000e+03,1.533650526616688126e+02,1.000000000000000056e-01,9.800000000000000000e+01,2.440556544000000000e+09,6.734337146880000000e+11,5.716390162706375122e-02
2.162000000000000000e+03,1.544000000000000000e+03,1.084491410043614508e+02,5.882352941176470507e-02,1.460000000000000000e+02,2.724431104000000000e+09,3.837422469120000000e+11,1.022337898612022400e-01
3.369000000000000000e+03,2.980000000000000000e+03,3.399574882027695821e+01,1.863389981249824745e-01,3.950000000000000000e+02,4.555417600000000000e+08,1.569063075840000000e+11,2.446600701659917831e-03
2.399000000000000000e+03,1.307000000000000000e+03,2.651536470356695077e+02,1.071428571428571369e-01,2.300000000000000000e+01,1.432996761600000000e+10,1.869943144448000000e+12,4.284954965114593506e-01
2.641000000000000000e+03,3.076000000000000000e+03,5.039504530728141845e+02,1.287696884094281791e-01,1.000000000000000000e+01,2.532703436800000000e+10,1.915071758336000000e+12,4.421397686004638672e+00
2.806000000000000000e+03,3.047000000000000000e+03,8.400528852375003908e+01,1.756820922315766309e-01,7.900000000000000000e+01,6.795408384000000000e+09,4.628956774400000000e+11,4.103572666645050049e-01
6.870000000000000000e+02,1.612000000000000000e+03,1.967493972189450631e+02,1.052631578947368363e-01,8.900000000000000000e+01,6.014683136000000000e+09,6.031215820800000000e+11,3.571751117706298828e-01
3.529000000000000000e+03,1.726000000000000000e+03,4.158650990844379436e+01,1.538461538461538547e-01,3.050000000000000000e+02,8.581805440000000000e+08,1.842686033920000000e+11,0.000000000000000000e+00
7.550000000000000000e+02,2.821000000000000000e+03,4.968909382869775726e+01,1.010152544552210818e-01,2.820000000000000000e+02,1.098008576000000000e+09,2.201634078720000000e+11,4.612980782985687256e-02
2.324000000000000000e+03,2.811000000000000000e+03,3.259820043285834004e+02,7.692307692307692735e-02,2.770000000000000000e+02,1.161475328000000000e+09,2.077248389120000000e+11,3.332068398594856262e-02
2.139000000000000000e+03,2.749000000000000000e+03,4.322792694980002182e+01,1.764705882352941291e-01,1.030000000000000000e+02,3.443494656000000000e+09,3.972623237120000000e+11,1.831960305571556091e-02
3.202000000000000000e+03,2.997000000000000000e+03,1.435984495090907274e+02,6.250000000000000000e-02,1.820000000000000000e+02,2.227453696000000000e+09,3.294442946560000000e+11,5.853049829602241516e-02
2.025000000000000000e+03,7.860000000000000000e+02,9.212262158071268914e+01,1.904761904761904656e-01,6.800000000000000000e+01,5.959005184000000000e+09,8.359626014720000000e+11,1.076989397406578064e-01
3.278000000000000000e+03,6.080000000000000000e+02,3.622336408259325822e+02,7.692307692307692735e-02,2.950000000000000000e+02,6.594207360000000000e+08,1.879180247040000000e+11,4.961204528808593750e-02
2.256000000000000000e+03,1.118000000000000000e+03,3.353947698631523053e+02,1.111111111111111049e-01,2.500000000000000000e+01,1.306004275200000000e+10,1.702466420736000000e+12,0.000000000000000000e+00
2.110000000000000000e+03,3.606000000000000000e+03,6.414430856169150275e+01,1.666666666666666574e-01,3.620000000000000000e+02,3.237032320000000000e+08,1.473524695040000000e+11,3.438935428857803345e-02
2.402000000000000000e+03,1.302000000000000000e+03,1.848542423474585519e+02,1.785714285714285754e-01,2.300000000000000000e+01,1.432996761600000000e+10,1.869943144448000000e+12,4.284954965114593506e-01
2.774000000000000000e+03,3.270000000000000000e+02,4.044158520982553284e+01,8.838834764831844659e-02,1.790000000000000000e+02,1.828806528000000000e+09,3.402233610240000000e+11,0.000000000000000000e+00
2.729000000000000000e+03,2.468000000000000000e+03,1.179685538591110401e+02,1.739130434782608647e-01,5.300000000000000000e+01,8.349897216000000000e+09,1.000912453632000000e+12,8.435634374618530273e-01
2.579000000000000000e+03,8.400000000000000000e+02,4.625049283190613778e+02,3.846153846153846367e-02,2.600000000000000000e+01,1.537867468800000000e+10,1.513454567424000000e+12,1.694393157958984375e+00
2.389000000000000000e+03,2.537000000000000000e+03,1.357439006814280731e+02,1.428571428571428492e-01,3.000000000000000000e+01,1.280711270400000000e+10,8.244191559680000000e+11,2.003521442413330078e+00
4.350000000000000000e+02,2.734000000000000000e+03,1.375121902927394899e+02,1.963383631246505001e-01,6.100000000000000000e+01,9.361108992000000000e+09,7.905924218880000000e+11,2.025802731513977051e-01
2.386000000000000000e+03,3.300000000000000000e+02,3.302679854157397585e+02,9.998077477632910659e-02,0.000000000000000000e+00,8.377669222400000000e+10,1.136895144755200000e+13,5.675861835479736328e-01
1.687000000000000000e+03,2.249000000000000000e+03,8.411308078413013618e+02,8.546696378833458507e-02,3.000000000000000000e+00,5.031784038400000000e+10,4.124430041088000000e+12,3.194062948226928711e+00
1.924000000000000000e+03,3.055000000000000000e+03,4.062616627137343528e+01,1.663780661615406053e-01,1.660000000000000000e+02,2.417051648000000000e+09,3.856119562240000000e+11,4.769425466656684875e-02
1.461000000000000000e+03,2.696000000000000000e+03,8.292307063848854796e+02,1.490711984999859852e-01,2.040000000000000000e+02,1.464824448000000000e+09,2.800094740480000000e+11,9.765140414237976074e-01
7.700000000000000000e+02,2.426000000000000000e+03,1.141909268542773503e+02,1.538461538461538547e-01,3.310000000000000000e+02,1.028564544000000000e+09,1.873801052160000000e+11,0.000000000000000000e+00
6.550000000000000000e+02,3.903000000000000000e+03,1.260739920432967409e+02,1.490711984999859852e-01,1.960000000000000000e+02,6.868819840000000000e+08,2.607462809600000000e+11,2.266290783882141113e-02
2.736000000000000000e+03,1.329000000000000000e+03,7.169199513542517366e+01,1.490711984999859852e-01,1.800000000000000000e+02,2.299778304000000000e+09,3.093213347840000000e+11,2.055913954973220825e-01
5.790000000000000000e+02,8.160000000000000000e+02,7.925175995517975025e+02,6.666666666666666574e-02,2.180000000000000000e+02,1.156192128000000000e+09,2.753976401920000000e+11,2.849904596805572510e-01
1.882000000000000000e+03,2.008000000000000000e+03,4.326299901098120415e+01,1.863389981249824745e-01,3.740000000000000000e+02,4.893059200000000000e+08,1.374361190400000000e+11,2.621973305940628052e-02
2.727000000000000000e+03,1.571000000000000000e+03,3.831239103163154169e+01,1.597191412499849861e-01,2.270000000000000000e+02,1.495355776000000000e+09,2.562825912320000000e+11,0.000000000000000000e+00
2.047000000000000000e+03,2.220000000000000000e+03,1.973413138672108857e+01,1.863389981249824745e-01,4.210000000000000000e+02,6.836668800000000000e+08,1.401587138560000000e+11,0.000000000000000000e+00
8.530000000000000000e+02,2.074000000000000000e+03,2.269807190541331181e+02,1.250000000000000000e-01,4.500000000000000000e+01,1.243060633600000000e+10,1.139536691200000000e+12,6.545064449310302734e-01
1.795000000000000000e+03,6.990000000000000000e+02,1.163788422333134207e+02,1.664356663246515655e-01,9.200000000000000000e+01,4.124931584000000000e+09,6.228464107520000000e+11,4.545400738716125488e-01
2.335000000000000000e+03,2.442000000000000000e+03,2.943763318549966357e+02,1.264911064067351931e-01,2.000000000000000000e+01,1.773182566400000000e+10,1.272934170624000000e+12,1.895519137382507324e+00
7.290000000000000000e+02,2.773000000000000000e+03,1.749634332822590181e+02,1.767766952966368654e-01,4.300000000000000000e+01,6.625502720000000000e+09,1.240374575104000000e+12,7.242954522371292114e-02
1.086000000000000000e+03,3.116000000000000000e+03,2.488895457822592761e+01,1.818181818181818232e-01,4.200000000000000000e+02,4.720592000000000000e+08,1.222859407360000000e+11,2.189010754227638245e-02
1.715000000000000000e+03,1.470000000000000000e+03,3.225927002547989986e+01,9.090909090909091161e-02,4.240000000000000000e+02,4.258506880000000000e+08,1.024564264960000000e+11,0.000000000000000000e+00
3.702000000000000000e+03,3.723000000000000000e+03,1.005344446854530673e+02,1.860163329510811370e-01,1.520000000000000000e+02,2.955342592000000000e+09,3.941879316480000000e+11,2.590242326259613037e-01
3.510000000000000000e+02,6.160000000000000000e+02,1.653997944508861337e+02,1.716929178792375721e-01,7.400000000000000000e+01,3.999097856000000000e+09,7.883710136320000000e+11,1.153122663497924805e+00
8.850000000000000000e+02,6.140000000000000000e+02,8.003482175089264672e+01,1.428571428571428492e-01,2.380000000000000000e+02,9.559621760000000000e+08,2.420932280320000000e+11,1.448832303285598755e-01
3.881000000000000000e+03,5.380000000000000000e+02,5.557115922593955304e+01,1.875000000000000000e-01,1.690000000000000000e+02,2.371363584000000000e+09,3.570016911360000000e+11,0.000000000000000000e+00
6.140000000000000000e+02,9.190000000000000000e+02,9.906246850732483722e+01,1.064794274999899953e-01,7.700000000000000000e+01,5.899091456000000000e+09,7.579769241600000000e+11,0.000000000000000000e+00
2.993000000000000000e+03,1.021000000000000000e+03,7.318973208252316454e+01,1.010152544552210818e-01,2.900000000000000000e+02,8.722309760000000000e+08,2.141345710080000000e+11,2.310216985642910004e-02
3.539000000000000000e+03,2.651000000000000000e+03,3.337942866010234866e+01,1.666666666666666574e-01,4.000000000000000000e+02,6.988657920000000000e+08,1.365540945920000000e+11,2.896988019347190857e-02
8.530000000000000000e+02,2.069000000000000000e+03,3.656599694530917191e+02,8.333333333333332871e-02,4.500000000000000000e+01,1.243060633600000000e+10,1.139536691200000000e+12,6.545064449310302734e-01
4.140000000000000000e+02,1.373000000000000000e+03,2.030971522607795237e+02,1.416394309331329149e-01,4.000000000000000000e+00,3.802601062400000000e+10,4.025006424064000000e+12,3.468478620052337646e-01
2.847000000000000000e+03,3.988000000000000000e+03,7.217350938534291345e+02,3.367175148507369625e-02,2.000000000000000000e+00,5.628931686400000000e+10,6.278159532032000000e+12,7.123951315879821777e-01
2.125000000000000000e+03,2.920000000000000000e+03,1.271631078925304195e+02,6.666666666666666574e-02,1.880000000000000000e+02,2.986171904000000000e+09,2.614912122880000000e+11,0.000000000000000000e+00
2.780000000000000000e+02,2.770000000000000000e+02,1.159501470029352248e+02,9.428090415820634951e-02,2.120000000000000000e+02,8.252440960000000000e+08,2.681984286720000000e+11,4.292364716529846191e-01
1.471000000000000000e+03,1.841000000000000000e+03,1.381561703151106713e+02,1.087856586440842377e-01,2.550000000000000000e+02,9.812340480000000000e+08,1.673714237440000000e+11,9.509994834661483765e-02
2.844000000000000000e+03,3.409000000000000000e+03,1.444442767792225766e+02,1.597191412499849861e-01,2.370000000000000000e+02,1.790941568000000000e+09,2.257395875840000000e+11,1.583203822374343872e-01
1.608000000000000000e+03,2.958000000000000000e+03,1.215696684646221826e+02,1.638886943392722229e-01,6.400000000000000000e+01,6.949873664000000000e+09,8.574791843840000000e+11,4.483140707015991211e-01
2.027000000000000000e+03,3.374000000000000000e+03,9.281004157506336583e+01,1.756820922315766309e-01,9.700000000000000000e+01,4.802887680000000000e+09,5.289786736640000000e+11,4.203024804592132568e-01
2.887000000000000000e+03,3.530000000000000000e+03,1.564700513628025078e+02,1.656346649999844434e-01,2.800000000000000000e+01,1.246307840000000000e+10,1.611237163008000000e+12,9.548643231391906738e-01
3.220000000000000000e+02,2.057000000000000000e+03,1.165253228976934565e+02,7.142857142857142461e-02,2.460000000000000000e+02,1.691814400000000000e+09,2.299914813440000000e+11,4.089944437146186829e-02
2.384000000000000000e+03,3.330000000000000000e+02,2.499921421854512857e+02,1.427472527309905370e-01,0.000000000000000000e+00,8.377669222400000000e+10,1.136895144755200000e+13,5.675861835479736328e-01
1.688000000000000000e+03,2.258000000000000000e+03,2.981227121390161869e+02,1.709339275766691701e-01,3.000000000000000000e+00,5.031784038400000000e+10,4.124430041088000000e+12,3.194062948226928711e+00
5.790000000000000000e+02,8.140000000000000000e+02,8.577715140876331361e+02,1.490711984999859852e-01,2.180000000000000000e+02,1.156192128000000000e+09,2.753976401920000000e+11,2.849904596805572510e-01
2.778000000000000000e+03,3.287000000000000000e+03,1.404824062876486153e+02,9.523809523809523281e-02,6.200000000000000000e+01,7.472852480000000000e+09,7.617833861120000000e+11,6.833025813102722168e-01
1.806000000000000000e+03,1.758000000000000000e+03,3.081643321925138324e+01,1.863389981249824745e-01,4.040000000000000000e+02,4.314691200000000000e+08,1.523989217280000000e+11,0.000000000000000000e+00
3.790000000000000000e+02,2.163000000000000000e+03,1.113794262472432735e+02,1.818181818181818232e-01,4.260000000000000000e+02,5.590865920000000000e+08,1.151256985600000000e+11,1.361108035780489445e-03
2.250000000000000000e+03,1.338000000000000000e+03,1.260472928274747346e+02,1.928473039599674921e-01,6.900000000000000000e+01,6.535744512000000000e+09,8.611923230720000000e+11,9.509965181350708008e-01
4.590000000000000000e+02,1.720000000000000000e+03,3.114012701572638520e+01,9.090909090909091161e-02,4.430000000000000000e+02,5.629418240000000000e+08,1.133475512320000000e+11,0.000000000000000000e+00
2.514000000000000000e+03,5.110000000000000000e+02,3.725441228892204037e+01,1.720052290384453675e-01,3.350000000000000000e+02,5.515812480000000000e+08,1.945871646720000000e+11,4.840171895921230316e-03
2.610000000000000000e+03,3.999000000000000000e+03,9.214085266930928810e+02,6.896551724137930939e-02,1.400000000000000000e+01,2.786027520000000000e+10,1.979431518208000000e+12,3.603759050369262695e+00
2.853000000000000000e+03,3.987000000000000000e+03,3.919350808569231503e+02,1.666666666666666574e-01,2.000000000000000000e+00,5.628931686400000000e+10,6.278159532032000000e+12,7.123951315879821777e-01
1.430000000000000000e+02,3.251000000000000000e+03,3.169452411158865743e+02,1.087856586440842377e-01,3.200000000000000000e+01,1.154737459200000000e+10,1.562261454848000000e+12,8.456335663795471191e-01
3.514000000000000000e+03,2.194000000000000000e+03,5.773417767796964029e+01,1.976423537605237202e-01,1.740000000000000000e+02,2.256804608000000000e+09,3.629357793280000000e+11,0.000000000000000000e+00
3.567000000000000000e+03,2.247000000000000000e+03,7.973341039858601675e+01,1.885618083164126990e-01,1.920000000000000000e+02,1.446137088000000000e+09,2.728833187840000000e+11,3.441790491342544556e-02
3.977000000000000000e+03,2.418000000000000000e+03,5.011485245630677241e+02,3.846153846153846367e-02,2.700000000000000000e+01,1.238435225600000000e+10,1.530468237312000000e+12,2.036925554275512695e+00
2.200000000000000000e+01,1.894000000000000000e+03,1.226515097605000619e+02,1.581138830084189706e-01,7.600000000000000000e+01,4.705384448000000000e+09,6.982864732160000000e+11,2.036401629447937012e-01
1.180000000000000000e+02,3.031000000000000000e+03,9.565021114666868129e+01,1.976423537605237202e-01,1.640000000000000000e+02,2.050533248000000000e+09,3.406673346560000000e+11,1.269493103027343750e-01
1.205000000000000000e+03,1.656000000000000000e+03,8.365647469255183921e+01,1.863389981249824745e-01,3.470000000000000000e+02,5.773256320000000000e+08,1.564047933440000000e+11,8.532965183258056641e-02
2.462000000000000000e+03,3.114000000000000000e+03,3.967113251375038203e+02,1.414213562373095034e-01,1.200000000000000000e+01,2.284425011200000000e+10,2.239901466624000000e+12,3.446404933929443359e+00
3.019000000000000000e+03,5.660000000000000000e+02,1.571703123357919196e+02,1.488645855129573925e-01,8.300000000000000000e+01,7.333322752000000000e+09,5.761101987840000000e+11,1.337852120399475098e+00
3.455000000000000000e+03,1.416000000000000000e+03,7.531993858895607730e+01,1.860163329510811370e-01,1.370000000000000000e+02,2.813895936000000000e+09,4.221787832320000000e+11,2.725269179791212082e-03
3.659000000000000000e+03,4.520000000000000000e+02,2.385534842320435018e+02,1.963383631246505001e-01,6.600000000000000000e+01,7.834381824000000000e+09,8.073894297600000000e+11,1.438179731369018555e+00
3.295000000000000000e+03,1.545000000000000000e+03,7.498285282421046816e+01,1.897658566033678385e-01,1.000000000000000000e+02,5.067320320000000000e+09,6.003260784640000000e+11,0.000000000000000000e+00
1.431000000000000000e+03,2.006000000000000000e+03,3.237408178203294824e+02,9.090909090909091161e-02,4.280000000000000000e+02,3.783943040000000000e+08,1.120649216000000000e+11,3.187136724591255188e-02
1.611000000000000000e+03,2.960000000000000000e+03,1.216018390564985054e+02,1.818181818181818232e-01,6.400000000000000000e+01,6.949873664000000000e+09,8.574791843840000000e+11,4.483140707015991211e-01
2.583000000000000000e+03,8.360000000000000000e+02,1.854683694149854034e+02,1.923076923076923184e-01,2.600000000000000000e+01,1.537867468800000000e+10,1.513454567424000000e+12,1.694393157958984375e+00
3.704000000000000000e+03,3.718000000000000000e+03,9.895527982675673684e+01,1.315334104411640948e-01,1.520000000000000000e+02,2.955342592000000000e+09,3.941879316480000000e+11,2.590242326259613037e-01
3.882000000000000000e+03,1.994000000000000000e+03,1.843586976992938276e+02,1.716929178792375721e-01,6.300000000000000000e+01,1.001084723200000000e+10,8.035539353600000000e+11,1.929144382476806641e+00
2.826000000000000000e+03,1.215000000000000000e+03,1.497054761282311119e+02,1.578947368421052544e-01,9.100000000000000000e+01,2.423620608000000000e+09,5.533967974400000000e+11,5.127481222152709961e-01
3.984000000000000000e+03,1.736000000000000000e+03,8.323604565689200285e+01,1.720052290384453675e-01,2.700000000000000000e+02,8.602592640000000000e+08,2.070787686400000000e+11,7.237505912780761719e-02
3.360000000000000000e+02,1.470000000000000000e+03,5.713783993047593412e+02,9.582659576267817114e-02,7.000000000000000000e+00,3.392714137600000000e+10,2.913892564992000000e+12,4.570787429809570312e+00
6.160000000000000000e+02,9.230000000000000000e+02,6.637226976280946644e+01,1.716929178792375721e-01,7.700000000000000000e+01,5.899091456000000000e+09,7.579769241600000000e+11,0.000000000000000000e+00
2.397000000000000000e+03,3.370000000000000000e+02,2.713517033500406228e+02,1.663780661615405776e-01,0.000000000000000000e+00,8.377669222400000000e+10,1.136895144755200000e+13,5.675861835479736328e-01
3.769000000000000000e+03,1.262000000000000000e+03,3.757348673081898482e+02,1.437398936440172637e-01,5.700000000000000000e+01,7.847402496000000000e+09,9.251958292480000000e+11,7.964859604835510254e-01
3.165000000000000000e+03,3.337000000000000000e+03,4.271479727249716518e+01,1.285648693066450132e-01,4.300000000000000000e+02,4.484367040000000000e+08,1.218482503680000000e+11,0.000000000000000000e+00
3.510000000000000000e+02,3.395000000000000000e+03,2.420097953207585419e+02,1.118033988749894958e-01,8.200000000000000000e+01,6.290100736000000000e+09,6.371417128960000000e+11,2.918904721736907959e-01
2.525000000000000000e+03,1.013000000000000000e+03,3.237236209187394707e+02,1.000000000000000056e-01,9.000000000000000000e+00,2.156558540800000000e+10,2.274888253440000000e+12,8.735226988792419434e-01
3.647000000000000000e+03,2.670000000000000000e+02,6.119021601424325496e+01,1.538461538461538547e-01,3.650000000000000000e+02,4.033187520000000000e+08,1.703893893120000000e+11,7.649682229384779930e-04
1.953000000000000000e+03,1.570000000000000000e+03,1.276500126427174280e+02,1.663780661615406053e-01,1.450000000000000000e+02,3.227431680000000000e+09,3.931728773120000000e+11,3.534326553344726562e-01
1.810000000000000000e+02,2.692000000000000000e+03,1.400787188502228560e+02,1.111111111111111049e-01,1.180000000000000000e+02,2.033851904000000000e+09,4.885573795840000000e+11,6.876211613416671753e-02
1.774000000000000000e+03,1.610000000000000000e+03,1.612233203046287713e+02,1.860163329510811370e-01,1.250000000000000000e+02,3.574713600000000000e+09,4.212908687360000000e+11,5.837091803550720215e-01
3.530000000000000000e+02,3.395000000000000000e+03,5.434109288056070000e+02,5.000000000000000278e-02,8.200000000000000000e+01,6.290100736000000000e+09,6.371417128960000000e+11,2.918904721736907959e-01
2.450000000000000000e+02,2.922000000000000000e+03,1.269340745939526869e+02,1.663780661615406053e-01,1.440000000000000000e+02,2.731606016000000000e+09,4.188105277440000000e+11,2.888307571411132812e-01
1.609000000000000000e+03,2.956000000000000000e+03,1.575467732924894335e+02,9.090909090909091161e-02,6.400000000000000000e+01,6.949873664000000000e+09,8.574791843840000000e+11,4.483140707015991211e-01
3.792000000000000000e+03,3.378000000000000000e+03,1.416215623003863300e+02,1.716929178792375721e-01,7.000000000000000000e+01,4.521774080000000000e+09,8.075297423360000000e+11,4.387148097157478333e-02
4.170000000000000000e+02,1.366000000000000000e+03,2.269516192125167606e+02,1.242259987499883256e-01,4.000000000000000000e+00,3.802601062400000000e+10,4.025006424064000000e+12,3.468478620052337646e-01
3.740000000000000000e+02,3.312000000000000000e+03,5.268600090537940162e+01,1.052631578947368363e-01,4.700000000000000000e+01,9.861278720000000000e+09,5.817014681600000000e+11,1.430872678756713867e+00
3.685000000000000000e+03,2.874000000000000000e+03,4.581286082704467617e+02,1.071428571428571369e-01,2.100000000000000000e+01,2.165043609600000000e+10,1.786106085376000000e+12,1.058541417121887207e+00
1.716000000000000000e+03,1.661000000000000000e+03,1.379193982545571373e+02,1.250000000000000000e-01,1.700000000000000000e+01,1.223959859200000000e+10,1.187346776064000000e+12,2.400017738342285156e+00
6.210000000000000000e+02,3.766000000000000000e+03,2.704118330200521427e+02,1.481481481481481399e-01,2.400000000000000000e+01,1.978117324800000000e+10,1.640358739968000000e+12,2.145830392837524414e+00
1.266000000000000000e+03,3.929000000000000000e+03,2.068724286874146401e+02,1.335389361282958987e-01,2.900000000000000000e+01,1.019431731200000000e+10,1.588923858944000000e+12,0.000000000000000000e+00
8.790000000000000000e+02,1.447000000000000000e+03,9.838294036605745418e+01,1.397542485937368628e-01,1.570000000000000000e+02,1.279842816000000000e+09,3.484008775680000000e+11,2.002031058073043823e-01
3.531000000000000000e+03,1.725000000000000000e+03,3.513822241057179951e+01,1.720052290384453675e-01,3.050000000000000000e+02,8.581805440000000000e+08,1.842686033920000000e+11,0.000000000000000000e+00
1.870000000000000000e+03,1.482000000000000000e+03,4.573958658867364591e+01,7.692307692307692735e-02,3.250000000000000000e+02,1.419664384000000000e+09,1.944436572160000000e+11,0.000000000000000000e+00
2.847000000000000000e+03,3.987000000000000000e+03,7.442348559145432318e+02,2.380952380952380820e-02,2.000000000000000000e+00,5.628931686400000000e+10,6.278159532032000000e+12,7.123951315879821777e-01
3.076000000000000000e+03,2.410000000000000000e+03,3.345778802074677856e+02,6.148754619013457184e-02,1.900000000000000000e+01,1.888740147200000000e+10,1.018762625024000000e+12,2.206895589828491211e+00
3.888000000000000000e+03,5.880000000000000000e+02,5.789615545145483111e+01,7.692307692307692735e-02,3.220000000000000000e+02,5.697305600000000000e+08,1.900652789760000000e+11,0.000000000000000000e+00
5.810000000000000000e+02,8.150000000000000000e+02,2.620048837891210383e+02,9.428090415820634951e-02,2.180000000000000000e+02,1.156192128000000000e+09,2.753976401920000000e+11,2.849904596805572510e-01
3.693000000000000000e+03,1.550000000000000000e+02,9.121500192976571952e+01,1.176877882894626220e-01,9.600000000000000000e+01,5.135301632000000000e+09,6.143458672640000000e+11,2.233735471963882446e-01
2.886000000000000000e+03,3.524000000000000000e+03,3.411848532019037066e+02,8.281733249999222168e-02,2.800000000000000000e+01,1.246307840000000000e+10,1.611237163008000000e+12,9.548643231391906738e-01
1.622000000000000000e+03,1.605000000000000000e+03,1.129595479536370277e+02,1.111111111111111049e-01,9.400000000000000000e+01,5.584472064000000000e+09,5.205818081280000000e+11,5.259398221969604492e-01
2.009000000000000000e+03,3.983000000000000000e+03,2.391783970635389096e+02,1.567630989332169100e-01,4.600000000000000000e+01,1.164763852800000000e+10,1.045021261824000000e+12,1.535035371780395508e+00
1.206000000000000000e+03,1.659000000000000000e+03,7.091416293335034027e+01,1.863389981249824745e-01,3.470000000000000000e+02,5.773256320000000000e+08,1.564047933440000000e+11,8.532965183258056641e-02
1.799000000000000000e+03,7.990000000000000000e+02,1.029208909454349765e+02,8.318903308077030267e-02,1.630000000000000000e+02,2.709165312000000000e+09,3.863595909120000000e+11,0.000000000000000000e+00
2.142000000000000000e+03,2.745000000000000000e+03,5.883919812638163194e+01,1.860163329510811370e-01,1.030000000000000000e+02,3.443494656000000000e+09,3.972623237120000000e+11,1.831960305571556091e-02
8.120000000000000000e+02,1.467000000000000000e+03,1.341661569985683684e+02,1.802775637731994507e-01,9.800000000000000000e+01,2.440556544000000000e+09,6.734337146880000000e+11,5.716390162706375122e-02
3.540000000000000000e+02,2.160000000000000000e+03,3.219306806446043083e+02,1.765316824341939261e-01,1.000000000000000000e+00,5.404031385600000000e+10,4.775771897856000000e+12,1.709547489881515503e-01
3.638000000000000000e+03,3.126000000000000000e+03,1.046453290644222136e+02,1.860163329510811370e-01,1.190000000000000000e+02,3.870370048000000000e+09,4.366447411200000000e+11,4.725667238235473633e-01
2.940000000000000000e+02,2.228000000000000000e+03,1.801947176002201445e+02,8.333333333333332871e-02,3.910000000000000000e+02,5.882947840000000000e+08,1.424843243520000000e+11,4.722109436988830566e-02
1.050000000000000000e+02,1.335000000000000000e+03,1.044471435348061732e+02,1.374903330507991073e-01,5.000000000000000000e+01,7.797797888000000000e+09,1.035582898176000000e+12,4.051990509033203125e-01
2.854000000000000000e+03,3.985000000000000000e+03,3.498947143539708122e+02,1.963383631246505001e-01,2.000000000000000000e+00,5.628931686400000000e+10,6.278159532032000000e+12,7.123951315879821777e-01
9.280000000000000000e+02,4.700000000000000000e+02,1.735573304636004934e+02,1.724137931034482873e-01,1.500000000000000000e+01,1.594162892800000000e+10,2.064746414080000000e+12,2.757654666900634766e+00
1.067000000000000000e+03,3.170000000000000000e+02,7.177327518748218438e+01,1.490711984999859852e-01,2.360000000000000000e+02,1.219746304000000000e+09,2.748856074240000000e+11,0.000000000000000000e+00
7.710000000000000000e+02,2.399000000000000000e+03,1.628990303610738977e+02,7.692307692307692735e-02,3.040000000000000000e+02,6.220001280000000000e+08,1.832824340480000000e+11,1.750465482473373413e-01
3.974000000000000000e+03,2.421000000000000000e+03,2.957187981831378920e+02,1.386750490563072868e-01,2.700000000000000000e+01,1.238435225600000000e+10,1.530468237312000000e+12,2.036925554275512695e+00
3.490000000000000000e+02,3.396000000000000000e+03,1.123545790797836048e+02,2.000000000000000111e-01,8.200000000000000000e+01,6.290100736000000000e+09,6.371417128960000000e+11,2.918904721736907959e-01
6.090000000000000000e+02,9.220000000000000000e+02,8.798908827419127476e+01,1.963383631246505001e-01,7.700000000000000000e+01,5.899091456000000000e+09,7.579769241600000000e+11,0.000000000000000000e+00
3.153000000000000000e+03,3.366000000000000000e+03,1.693953453233295079e+02,1.756820922315766309e-01,1.050000000000000000e+02,4.555825664000000000e+09,4.907443159040000000e+11,8.129624128341674805e-01
4.120000000000000000e+02,1.368000000000000000e+03,1.202055289445263782e+02,2.777777777777777624e-02,4.000000000000000000e+00,3.802601062400000000e+10,4.025006424064000000e+12,3.468478620052337646e-01
3.186000000000000000e+03,6.200000000000000000e+01,5.581665774151579740e+01,1.597191412499849861e-01,2.350000000000000000e+02,1.789910528000000000e+09,2.301310566400000000e+11,1.099770516157150269e-01
2.413000000000000000e+03,3.453000000000000000e+03,4.679180031363988235e+01,1.720052290384453675e-01,3.580000000000000000e+02,6.998554240000000000e+08,1.721436569600000000e+11,0.000000000000000000e+00
2.512000000000000000e+03,5.070000000000000000e+02,7.392819294138020325e+01,1.720052290384453675e-01,3.350000000000000000e+02,5.515812480000000000e+08,1.945871646720000000e+11,4.840171895921230316e-03
3.698000000000000000e+03,1.374000000000000000e+03,7.046981881970474433e+02,1.315334104411640948e-01,1.310000000000000000e+02,4.386468352000000000e+09,4.360631746560000000e+11,1.910982578992843628e-01
1.145000000000000000e+03,1.553000000000000000e+03,1.577700792310344866e+02,1.720052290384453675e-01,3.100000000000000000e+02,8.167900800000000000e+08,1.839095480320000000e+11,0.000000000000000000e+00
1.680000000000000000e+03,2.255000000000000000e+03,3.056881367434786512e+02,1.813028089864694437e-01,3.000000000000000000e+00,5.031784038400000000e+10,4.124430041088000000e+12,3.194062948226928711e+00
1.363000000000000000e+03,8.000000000000000000e+02,7.363755663579266297e+01,1.333333333333333315e-01,1.930000000000000000e+02,2.001208192000000000e+09,2.823118520320000000e+11,4.850084185600280762e-01
3.335000000000000000e+03,8.180000000000000000e+02,7.372989752314350653e+01,1.315334104411640948e-01,1.420000000000000000e+02,2.753105152000000000e+09,3.924815380480000000e+11,0.000000000000000000e+00
3.427000000000000000e+03,9.450000000000000000e+02,1.059783688078984341e+02,6.250000000000000000e-02,1.590000000000000000e+02,2.391091456000000000e+09,3.734835691520000000e+11,0.000000000000000000e+00
3.720000000000000000e+02,3.314000000000000000e+03,6.880884670127096570e+01,1.052631578947368363e-01,4.700000000000000000e+01,9.861278720000000000e+09,5.817014681600000000e+11,1.430872678756713867e+00
3.201000000000000000e+03,3.803000000000000000e+03,2.632516102872211832e+02,8.944271909999158832e-02,3.600000000000000000e+01,1.181075353600000000e+10,1.269782806528000000e+12,8.137409687042236328e-01
2.519000000000000000e+03,1.010000000000000000e+03,3.757092345587499267e+02,1.414213562373095034e-01,9.000000000000000000e+00,2.156558540800000000e+10,2.274888253440000000e+12,8.735226988792419434e-01
2.176000000000000000e+03,9.410000000000000000e+02,1.412596468386065283e+02,7.692307692307692735e-02,3.170000000000000000e+02,5.759249280000000000e+08,1.705074032640000000e+11,2.754274010658264160e-01
2.239000000000000000e+03,2.158000000000000000e+03,3.614621683692062248e+01,1.488645855129573925e-01,1.040000000000000000e+02,5.843740672000000000e+09,5.778919915520000000e+11,4.973959177732467651e-03
2.765000000000000000e+03,2.827000000000000000e+03,4.474728356807437990e+01,1.720052290384453675e-01,3.210000000000000000e+02,1.038460352000000000e+09,1.964209766400000000e+11,0.000000000000000000e+00
3.544000000000000000e+03,2.484000000000000000e+03,1.558547458087714119e+02,1.264911064067351931e-01,4.000000000000000000e+01,9.953271808000000000e+09,1.281303117824000000e+12,1.119234338402748108e-01
4.140000000000000000e+02,3.359000000000000000e+03,2.956245859868935710e+01,1.538461538461538547e-01,3.440000000000000000e+02,9.464224640000000000e+08,1.704183234560000000e+11,0.000000000000000000e+00
3.660000000000000000e+03,4.560000000000000000e+02,2.716470117486213098e+02,9.523809523809523281e-02,6.600000000000000000e+01,7.834381824000000000e+09,8.073894297600000000e+11,1.438179731369018555e+00
3.083000000000000000e+03,1.572000000000000000e+03,4.311259832100723344e+01,1.538461538461538547e-01,3.840000000000000000e+02,4.895907840000000000e+08,1.659950202880000000e+11,0.000000000000000000e+00
3.158000000000000000e+03,3.275000000000000000e+03,1.141570104153765612e+02,1.490711984999859852e-01,2.240000000000000000e+02,6.962512000000000000e+08,2.676758282240000000e+11,1.371105313301086426e-01
1.708000000000000000e+03,1.975000000000000000e+03,6.682426354855627437e+01,1.720052290384453675e-01,3.360000000000000000e+02,7.044088320000000000e+08,1.749837414400000000e+11,1.215873584151268005e-01
3.970000000000000000e+02,8.120000000000000000e+02,2.460453791197792555e+02,1.363636363636363535e-01,5.900000000000000000e+01,7.918117376000000000e+09,9.050025492480000000e+11,1.697563409805297852e+00
2.258000000000000000e+03,3.713000000000000000e+03,2.985744394591038642e+01,1.863389981249824745e-01,3.880000000000000000e+02,4.473891200000000000e+08,1.530362920960000000e+11,0.000000000000000000e+00
2.974000000000000000e+03,4.500000000000000000e+01,6.977366722558624588e+02,3.571428571428571230e-02,2.200000000000000000e+01,1.112703795200000000e+10,1.769099100160000000e+12,1.792023628950119019e-01
3.188000000000000000e+03,3.624000000000000000e+03,7.997424093953554802e+01,1.087856586440842377e-01,3.330000000000000000e+02,5.459247360000000000e+08,1.804148080640000000e+11,2.241535298526287079e-02
6.120000000000000000e+02,2.591000000000000000e+03,2.994241805575558146e+02,8.944271909999158832e-02,3.100000000000000000e+01,1.543549849600000000e+10,1.268652310528000000e+12,2.477414608001708984e+00
2.844000000000000000e+03,5.350000000000000000e+02,6.493058790443480177e+01,1.976423537605237202e-01,1.730000000000000000e+02,1.717559808000000000e+09,3.478508666880000000e+11,5.091017484664916992e-02
1.369000000000000000e+03,1.366000000000000000e+03,4.057680812881097410e+01,9.428090415820634951e-02,1.560000000000000000e+02,1.652563456000000000e+09,2.679119380480000000e+11,7.161618210375308990e-03
3.380000000000000000e+02,1.473000000000000000e+03,5.993808942068219494e+02,6.775963568181181396e-02,7.000000000000000000e+00,3.392714137600000000e+10,2.913892564992000000e+12,4.570787429809570312e+00
7.440000000000000000e+02,1.100000000000000000e+03,1.126880132215973731e+02,1.756820922315766309e-01,1.220000000000000000e+02,2.339360768000000000e+09,4.686494105600000000e+11,2.064795345067977905e-01
7.140000000000000000e+02,8.810000000000000000e+02,4.895541319939869851e+01,1.863389981249824745e-01,3.720000000000000000e+02,5.472705280000000000e+08,1.540376657920000000e+11,0.000000000000000000e+00
8.120000000000000000e+02,1.469000000000000000e+03,6.857720420164312145e+02,1.118033988749894958e-01,9.800000000000000000e+01,2.440556544000000000e+09,6.734337146880000000e+11,5.716390162706375122e-02
7.450000000000000000e+02,3.032000000000000000e+03,4.878270624395982225e+01,1.242259987499883256e-01,1.510000000000000000e+02,2.746465280000000000e+09,4.568337612800000000e+11,6.462391465902328491e-03
2.852000000000000000e+03,3.987000000000000000e+03,4.899497271800261728e+02,1.428571428571428492e-01,2.000000000000000000e+00,5.628931686400000000e+10,6.278159532032000000e+12,7.123951315879821777e-01
3.610000000000000000e+02,2.169000000000000000e+03,3.732666106668293651e+02,1.600726981657426273e-01,1.000000000000000000e+00,5.404031385600000000e+10,4.775771897856000000e+12,1.709547489881515503e-01
2.009000000000000000e+03,3.986000000000000000e+03,5.935290153882048116e+02,8.695652173913043237e-02,4.600000000000000000e+01,1.164763852800000000e+10,1.045021261824000000e+12,1.535035371780395508e+00
3.111000000000000000e+03,3.660000000000000000e+03,8.841544784419697578e+01,1.597191412499849861e-01,2.060000000000000000e+02,1.390374016000000000e+09,2.378899783680000000e+11,9.224576503038406372e-02
5.280000000000000000e+02,1.735000000000000000e+03,1.640449109539897563e+02,1.052631578947368363e-01,8.000000000000000000e+01,8.157177344000000000e+09,6.252981125120000000e+11,7.224321365356445312e-02
2.387000000000000000e+03,3.360000000000000000e+02,3.323998077861342608e+02,1.255514556359381972e-01,0.000000000000000000e+00,8.377669222400000000e+10,1.136895144755200000e+13,5.675861835479736328e-01
5.320000000000000000e+02,1.734000000000000000e+03,1.180889306794937994e+02,1.176877882894626220e-01,8.000000000000000000e+01,8.157177344000000000e+09,6.252981125120000000e+11,7.224321365356445312e-02
2.770000000000000000e+03,3.250000000000000000e+02,4.918329299154256518e+01,1.976423537605237202e-01,1.790000000000000000e+02,1.828806528000000000e+09,3.402233610240000000e+11,0.000000000000000000e+00
4.780000000000000000e+02,3.378000000000000000e+03,9.108229113331569238e+01,1.720052290384453675e-01,3.020000000000000000e+02,9.286039040000000000e+08,1.915977891840000000e+11,1.680024266242980957e-01
1.849000000000000000e+03,3.661000000000000000e+03,4.074875369350394294e+01,1.976423537605237202e-01,1.970000000000000000e+02,1.901484416000000000e+09,3.233736294400000000e+11,5.048052407801151276e-03
2.831000000000000000e+03,3.820000000000000000e+02,1.406356784454010267e+02,8.333333333333332871e-02,3.690000000000000000e+02,5.351056320000000000e+08,1.365955379200000000e+11,6.768663879483938217e-04
1.027000000000000000e+03,1.671000000000000000e+03,5.830505224138079257e+02,1.414213562373095034e-01,4.440000000000000000e+02,8.562755200000000000e+08,7.557586944000000000e+10,0.000000000000000000e+00
1.440000000000000000e+02,3.245000000000000000e+03,1.862624939206191641e+02,1.923076923076923184e-01,3.200000000000000000e+01,1.154737459200000000e+10,1.562261454848000000e+12,8.456335663795471191e-01
3.047000000000000000e+03,3.391000000000000000e+03,2.030778015832702863e+02,1.264911064067351931e-01,3.300000000000000000e+01,1.268767641600000000e+10,1.303878828032000000e+12,1.093849778175354004e+00
4.140000000000000000e+02,3.360000000000000000e+03,3.438188257833061101e+01,7.692307692307692735e-02,3.440000000000000000e+02,9.464224640000000000e+08,1.704183234560000000e+11,0.000000000000000000e+00
3.166000000000000000e+03,4.100000000000000000e+02,6.829726559331740532e+01,1.538461538461538547e-01,3.230000000000000000e+02,6.811424000000000000e+08,1.798026690560000000e+11,5.580879002809524536e-02
1.608000000000000000e+03,2.127000000000000000e+03,2.333769927252378125e+02,1.437398936440172637e-01,5.400000000000000000e+01,1.122953011200000000e+10,8.577714094080000000e+11,2.445178747177124023e+00
1.860000000000000000e+03,1.714000000000000000e+03,7.865138471583198054e+01,1.597191412499849861e-01,2.590000000000000000e+02,7.786948480000000000e+08,2.105653493760000000e+11,1.240542903542518616e-01
2.388000000000000000e+03,3.340000000000000000e+02,3.767865244538530760e+02,8.318903308077028880e-02,0.000000000000000000e+00,8.377669222400000000e+10,1.136895144755200000e+13,5.675861835479736328e-01
2.259000000000000000e+03,2.185000000000000000e+03,1.492559586033137862e+02,1.597191412499849861e-01,2.340000000000000000e+02,4.483788160000000000e+08,2.543628288000000000e+11,1.729344725608825684e-01
2.450000000000000000e+03,4.820000000000000000e+02,4.783411236255302157e+01,1.720052290384453675e-01,2.980000000000000000e+02,8.628124800000000000e+08,1.792290160640000000e+11,3.519693762063980103e-02
4.110000000000000000e+02,1.366000000000000000e+03,1.168641781579734840e+02,7.856742013183862228e-02,4.000000000000000000e+00,3.802601062400000000e+10,4.025006424064000000e+12,3.468478620052337646e-01
3.280000000000000000e+03,6.080000000000000000e+02,5.320567257396263727e+01,1.720052290384453675e-01,2.950000000000000000e+02,6.594207360000000000e+08,1.879180247040000000e+11,4.961204528808593750e-02
3.043000000000000000e+03,3.639000000000000000e+03,8.263281637441968996e+01,9.090909090909091161e-02,4.350000000000000000e+02,4.158810240000000000e+08,1.147037286400000000e+11,0.000000000000000000e+00
2.296000000000000000e+03,2.467000000000000000e+03,6.172503610202540614e+01,1.178511301977579334e-01,3.900000000000000000e+02,3.359978560000000000e+08,1.444374773760000000e+11,4.727732855826616287e-03
2.085000000000000000e+03,2.818000000000000000e+03,8.341951957499081516e+01,1.666666666666666574e-01,3.660000000000000000e+02,8.097580800000000000e+08,1.497639157760000000e+11,0.000000000000000000e+00
2.394000000000000000e+03,3.340000000000000000e+02,3.315805822649787729e+02,8.318903308077028880e-02,0.000000000000000000e+00,8.377669222400000000e+10,1.136895144755200000e+13,5.675861835479736328e-01
2.354000000000000000e+03,2.642000000000000000e+03,2.998282401274719433e+01,1.863389981249824745e-01,3.960000000000000000e+02,3.692078080000000000e+08,1.317974343680000000e+11,2.518715336918830872e-02
2.575000000000000000e+03,8.370000000000000000e+02,2.827989602379359440e+02,1.720052290384453675e-01,2.600000000000000000e+01,1.537867468800000000e+10,1.513454567424000000e+12,1.694393157958984375e+00
1.655000000000000000e+03,3.020000000000000000e+03,7.977493920744785783e+01,1.767766952966368932e-01,1.480000000000000000e+02,1.804167296000000000e+09,3.542372515840000000e+11,5.573551058769226074e-01
7.020000000000000000e+02,9.340000000000000000e+02,6.926542834415748473e+01,1.767766952966368932e-01,1.710000000000000000e+02,2.035380352000000000e+09,3.514815283200000000e+11,1.891390979290008545e-01
1.714000000000000000e+03,1.470000000000000000e+03,3.518792216284735730e+01,1.285648693066450132e-01,4.240000000000000000e+02,4.258506880000000000e+08,1.024564264960000000e+11,0.000000000000000000e+00
3.526000000000000000e+03,1.287000000000000000e+03,1.115841564591427471e+02,1.490711984999859852e-01,2.160000000000000000e+02,1.614228096000000000e+09,2.714947584000000000e+11,1.289268881082534790e-01
1.650000000000000000e+03,3.019000000000000000e+03,1.179545277479460736e+02,1.976423537605237202e-01,1.480000000000000000e+02,1.804167296000000000e+09,3.542372515840000000e+11,5.573551058769226074e-01
3.295000000000000000e+03,1.548000000000000000e+03,8.284803996536092541e+01,1.664356663246515655e-01,1.000000000000000000e+02,5.067320320000000000e+09,6.003260784640000000e+11,0.000000000000000000e+00
2.242000000000000000e+03,3.787000000000000000e+03,2.069203681486786195e+02,1.739130434782608647e-01,4.800000000000000000e+01,9.209923584000000000e+09,1.063470563328000000e+12,5.686478018760681152e-01
7.440000000000000000e+02,3.027000000000000000e+03,5.896374377603771677e+01,1.666666666666666574e-01,1.510000000000000000e+02,2.746465280000000000e+09,4.568337612800000000e+11,6.462391465902328491e-03
3.525000000000000000e+03,1.252000000000000000e+03,6.069421828160414378e+01,2.000000000000000111e-01,1.210000000000000000e+02,2.357122304000000000e+09,2.898401689600000000e+11,1.634987145662307739e-01
2.083000000000000000e+03,3.897000000000000000e+03,9.006872920511375469e+01,8.333333333333332871e-02,3.570000000000000000e+02,6.233252480000000000e+08,1.448718008320000000e+11,0.000000000000000000e+00
1.717000000000000000e+03,2.130000000000000000e+03,6.929346287402357802e+02,5.555555555555555247e-02,1.070000000000000000e+02,3.879511552000000000e+09,5.096216330240000000e+11,1.446489691734313965e-01
3.388000000000000000e+03,3.861000000000000000e+03,6.233457319148137543e+01,7.142857142857142461e-02,2.530000000000000000e+02,1.240023296000000000e+09,2.367600394240000000e+11,0.000000000000000000e+00
2.729000000000000000e+03,2.466000000000000000e+03,1.103058685903410918e+02,1.944406936956339094e-01,5.300000000000000000e+01,8.349897216000000000e+09,1.000912453632000000e+12,8.435634374618530273e-01
2.062000000000000000e+03,1.174000000000000000e+03,5.393508990984175000e+01,1.720052290384453675e-01,3.200000000000000000e+02,9.827491200000000000e+08,1.729439498240000000e+11,1.148947626352310181e-01
1.457000000000000000e+03,2.893000000000000000e+03,9.991581420383877798e+01,2.000000000000000111e-01,1.840000000000000000e+02,1.714928000000000000e+09,2.984463237120000000e+11,5.607335567474365234e-01
3.792000000000000000e+03,3.382000000000000000e+03,1.202622590400728768e+02,1.716929178792375721e-01,7.000000000000000000e+01,4.521774080000000000e+09,8.075297423360000000e+11,4.387148097157478333e-02
1.418000000000000000e+03,1.421000000000000000e+03,1.935412542399992901e+02,1.111111111111111049e-01,1.140000000000000000e+02,3.367604480000000000e+09,4.616201175040000000e+11,4.400322437286376953e-01
2.465000000000000000e+03,3.121000000000000000e+03,2.447949357465264768e+02,1.333333333333333315e-01,1.200000000000000000e+01,2.284425011200000000e+10,2.239901466624000000e+12,3.446404933929443359e+00
3.614000000000000000e+03,2.262000000000000000e+03,5.179492558341722486e+01,1.863389981249824745e-01,1.770000000000000000e+02,9.143131520000000000e+08,1.572709171200000000e+11,9.588528424501419067e-03
9.150000000000000000e+02,3.899000000000000000e+03,9.066616621976235990e+01,1.178511301977579334e-01,3.870000000000000000e+02,4.096056000000000000e+08,1.313549352960000000e+11,3.222843259572982788e-02
3.773000000000000000e+03,1.263000000000000000e+03,1.355977409447046682e+02,1.016394535227177209e-01,5.700000000000000000e+01,7.847402496000000000e+09,9.251958292480000000e+11,7.964859604835510254e-01
4.160000000000000000e+02,1.363000000000000000e+03,1.947887376501574863e+02,1.619708859679250268e-01,4.000000000000000000e+00,3.802601062400000000e+10,4.025006424064000000e+12,3.468478620052337646e-01
2.520000000000000000e+03,1.011000000000000000e+03,5.033496556157668351e+02,9.428090415820634951e-02,9.000000000000000000e+00,2.156558540800000000e+10,2.274888253440000000e+12,8.735226988792419434e-01
1.725000000000000000e+03,2.294000000000000000e+03,7.972377222915798711e+01,1.720052290384453675e-01,3.090000000000000000e+02,5.701532160000000000e+08,1.980960112640000000e+11,5.738828913308680058e-04
2.583000000000000000e+03,2.260000000000000000e+02,6.190461932149963076e+01,1.597191412499849861e-01,2.150000000000000000e+02,1.368266624000000000e+09,2.413002588160000000e+11,2.798807621002197266e-01
1.570000000000000000e+03,2.418000000000000000e+03,8.443198633743182313e+01,1.505846504842085487e-01,8.100000000000000000e+01,2.113757184000000000e+09,7.291969863680000000e+11,5.292919650673866272e-02
2.390000000000000000e+03,3.390000000000000000e+02,3.686403907008370879e+02,1.580834852607558572e-01,0.000000000000000000e+00,8.377669222400000000e+10,1.136895144755200000e+13,5.675861835479736328e-01
4.130000000000000000e+02,3.363000000000000000e+03,3.021582934828643729e+01,1.720052290384453675e-01,3.440000000000000000e+02,9.464224640000000000e+08,1.704183234560000000e+11,0.000000000000000000e+00
3.571000000000000000e+03,1.256000000000000000e+03,7.035205499623582170e+01,1.860163329510811370e-01,1.380000000000000000e+02,3.022589184000000000e+09,4.204997181440000000e+11,4.476498663425445557e-01
3.400000000000000000e+03,9.820000000000000000e+02,4.152255197256042720e+02,1.333333333333333315e-01,2.390000000000000000e+02,1.094699904000000000e+09,2.605480509440000000e+11,7.193678617477416992e-02
6.860000000000000000e+02,1.612000000000000000e+03,2.981755594087341592e+02,1.176877882894626220e-01,8.900000000000000000e+01,6.014683136000000000e+09,6.031215820800000000e+11,3.571751117706298828e-01
2.400000000000000000e+03,1.311000000000000000e+03,1.577209561206639137e+02,1.597191412499849861e-01,2.300000000000000000e+01,1.432996761600000000e+10,1.869943144448000000e+12,4.284954965114593506e-01
2.048000000000000000e+03,3.909000000000000000e+03,6.993933938852404708e+01,9.090909090909091161e-02,4.380000000000000000e+02,3.354831680000000000e+08,1.083496611840000000e+11,7.706786505877971649e-03
6.570000000000000000e+02,3.907000000000000000e+03,3.953781819751527848e+01,1.490711984999859852e-01,1.960000000000000000e+02,6.868819840000000000e+08,2.607462809600000000e+11,2.266290783882141113e-02
2.886000000000000000e+03,3.527000000000000000e+03,2.830423367519589988e+02,5.237828008789241485e-02,2.800000000000000000e+01,1.246307840000000000e+10,1.611237163008000000e+12,9.548643231391906738e-01
1.965000000000000000e+03,3.821000000000000000e+03,2.559703430794397150e+01,1.863389981249824745e-01,3.920000000000000000e+02,8.194494720000000000e+08,1.469327114240000000e+11,0.000000000000000000e+00
2.406000000000000000e+03,1.309000000000000000e+03,1.700837336713295826e+02,1.597191412499849861e-01,2.300000000000000000e+01,1.432996761600000000e+10,1.869943144448000000e+12,4.284954965114593506e-01
2.880000000000000000e+03,3.527000000000000000e+03,2.765866485511821793e+02,1.888525745775105347e-01,2.800000000000000000e+01,1.246307840000000000e+10,1.611237163008000000e+12,9.548643231391906738e-01
6.270000000000000000e+02,5.000000000000000000e+02,5.248633089982929789e+01,1.875000000000000000e-01,1.860000000000000000e+02,1.649663616000000000e+09,3.608393154560000000e+11,1.441983040422201157e-02
2.992000000000000000e+03,1.021000000000000000e+03,5.957505186894155713e+01,7.142857142857142461e-02,2.900000000000000000e+02,8.722309760000000000e+08,2.141345710080000000e+11,2.310216985642910004e-02
2.018000000000000000e+03,3.627000000000000000e+03,2.055659397509957103e+02,8.333333333333332871e-02,3.890000000000000000e+02,5.083081280000000000e+08,1.482653859840000000e+11,2.867386676371097565e-02
2.165000000000000000e+03,2.606000000000000000e+03,2.101460178879042360e+02,1.374903330507991073e-01,5.100000000000000000e+01,8.195988992000000000e+09,1.038099021824000000e+12,2.238056659698486328e-01
4.890000000000000000e+02,1.809000000000000000e+03,2.035838136529057749e+02,1.994505484123890171e-01,1.100000000000000000e+01,1.421665075200000000e+10,1.753114214400000000e+12,1.261094808578491211e+00
2.847000000000000000e+03,3.994000000000000000e+03,2.897072917712402500e+02,1.683587574253684604e-01,2.000000000000000000e+00,5.628931686400000000e+10,6.278159532032000000e+12,7.123951315879821777e-01
6.880000000000000000e+02,1.613000000000000000e+03,4.728167484226653983e+02,7.443229275647869625e-02,8.900000000000000000e+01,6.014683136000000000e+09,6.031215820800000000e+11,3.571751117706298828e-01
3.497000000000000000e+03,3.191000000000000000e+03,1.286798573253113318e+02,1.505846504842085487e-01,6.700000000000000000e+01,6.759896064000000000e+09,7.669665628160000000e+11,5.162037611007690430e-01
4.070000000000000000e+02,1.365000000000000000e+03,1.457435898368835581e+02,1.863389981249824745e-01,4.000000000000000000e+00,3.802601062400000000e+10,4.025006424064000000e+12,3.468478620052337646e-01
2.334000000000000000e+03,2.441000000000000000e+03,3.003267105821262248e+02,1.788854381999831766e-01,2.000000000000000000e+01,1.773182566400000000e+10,1.272934170624000000e+12,1.895519137382507324e+00
1.688000000000000000e+03,2.253000000000000000e+03,6.361240862782462955e+02,6.043426966215648122e-02,3.000000000000000000e+00,5.031784038400000000e+10,4.124430041088000000e+12,3.194062948226928711e+00
1.680000000000000000e+02,2.144000000000000000e+03,9.463125467307052929e+01,7.692307692307692735e-02,3.240000000000000000e+02,3.948697280000000000e+08,1.732660756480000000e+11,0.000000000000000000e+00
2.516000000000000000e+03,4.270000000000000000e+02,1.171353639926254147e+02,1.663780661615406053e-01,8.700000000000000000e+01,2.918684928000000000e+09,4.349424435200000000e+11,4.410782754421234131e-01
3.160000000000000000e+03,2.220000000000000000e+03,7.762172079979572459e+01,1.285648693066450132e-01,4.460000000000000000e+02,3.565987200000000000e+08,1.076971028480000000e+11,0.000000000000000000e+00
3.130000000000000000e+03,2.699000000000000000e+03,3.513870969160942792e+01,9.090909090909091161e-02,3.150000000000000000e+02,5.062053120000000000e+08,1.108951203840000000e+11,0.000000000000000000e+00
1.601000000000000000e+03,2.127000000000000000e+03,2.399361773844021286e+02,1.874138920735300140e-01,5.400000000000000000e+01,1.122953011200000000e+10,8.577714094080000000e+11,2.445178747177124023e+00
2.333000000000000000e+03,1.638000000000000000e+03,8.441008320999802095e+01,1.490711984999859852e-01,1.340000000000000000e+02,1.772967168000000000e+09,2.816054394880000000e+11,6.904131919145584106e-02
1.168000000000000000e+03,2.460000000000000000e+02,8.469836471299070126e+02,7.856742013183862228e-02,1.100000000000000000e+02,4.937474048000000000e+09,5.120097320960000000e+11,1.020596385002136230e+00
9.140000000000000000e+02,5.900000000000000000e+01,7.432347102896409297e+01,1.561737618886060719e-01,5.000000000000000000e+00,3.720409907200000000e+10,5.819019034624000000e+12,4.008188247680664062e-01
3.524000000000000000e+03,1.289000000000000000e+03,1.034890298374413220e+02,6.666666666666666574e-02,2.160000000000000000e+02,1.614228096000000000e+09,2.714947584000000000e+11,1.289268881082534790e-01
3.255000000000000000e+03,1.013000000000000000e+03,2.227759213202674289e+02,0.000000000000000000e+00,2.050000000000000000e+02,1.157463040000000000e+09,2.754100920320000000e+11,3.203420713543891907e-02
3.617000000000000000e+03,3.969000000000000000e+03,9.710306625067445339e+02,0.000000000000000000e+00,4.900000000000000000e+01,1.021636915200000000e+10,1.022901485568000000e+12,6.887623667716979980e-01
2.007000000000000000e+03,3.985000000000000000e+03,2.390911065290111992e+02,1.792654619833765339e-01,4.600000000000000000e+01,1.164763852800000000e+10,1.045021261824000000e+12,1.535035371780395508e+00
3.162000000000000000e+03,2.935000000000000000e+03,1.043042559081990532e+02,1.087856586440842377e-01,2.730000000000000000e+02,9.557055360000000000e+08,1.986753986560000000e+11,2.025958299636840820e-01
1.082000000000000000e+03,3.510000000000000000e+02,5.731821172110218185e+02,0.000000000000000000e+00,4.070000000000000000e+02,3.171887040000000000e+08,1.305641451520000000e+11,2.433669194579124451e-02
4.310000000000000000e+02,1.017000000000000000e+03,3.688985095299829453e+01,1.863389981249824745e-01,3.480000000000000000e+02,8.024995200000000000e+08,1.582646231040000000e+11,0.000000000000000000e+00
3.657000000000000000e+03,4.570000000000000000e+02,2.833665183110534826e+02,6.734350297014739251e-02,6.600000000000000000e+01,7.834381824000000000e+09,8.073894297600000000e+11,1.438179731369018555e+00
2.523000000000000000e+03,1.009000000000000000e+03,3.026801239829179053e+02,1.374368541872553473e-01,9.000000000000000000e+00,2.156558540800000000e+10,2.274888253440000000e+12,8.735226988792419434e-01
1.072000000000000000e+03,9.360000000000000000e+02,1.354052671619996602e+02,1.767766952966368932e-01,1.500000000000000000e+02,4.068170240000000000e+09,3.656151859200000000e+11,7.556946277618408203e-01
2.643000000000000000e+03,3.083000000000000000e+03,2.445074502119602187e+02,1.821078397711708707e-01,1.000000000000000000e+01,2.532703436800000000e+10,1.915071758336000000e+12,4.421397686004638672e+00
2.100000000000000000e+03,3.838000000000000000e+03,4.221108281521269134e+01,1.756820922315766309e-01,1.240000000000000000e+02,4.820801024000000000e+09,4.914155356160000000e+11,8.609086275100708008e-02
3.096000000000000000e+03,1.081000000000000000e+03,1.433368259428023066e+02,1.944406936956339094e-01,5.200000000000000000e+01,8.784549888000000000e+09,9.930926981120000000e+11,3.149703741073608398e-01
2.325000000000000000e+03,2.810000000000000000e+03,8.199706741013102373e+01,1.720052290384453675e-01,2.770000000000000000e+02,1.161475328000000000e+09,2.077248389120000000e+11,3.332068398594856262e-02
3.294000000000000000e+03,2.278000000000000000e+03,6.141267582979465800e+01,1.720052290384453675e-01,3.070000000000000000e+02,6.678266880000000000e+08,1.812894842880000000e+11,0.000000000000000000e+00
3.270000000000000000e+03,3.297000000000000000e+03,3.643002182319976896e+02,1.631868123374091983e-01,6.000000000000000000e+00,2.321462886400000000e+10,3.045936857088000000e+12,4.250588417053222656e+00
4.130000000000000000e+02,3.219000000000000000e+03,4.339040969797488856e+01,1.428571428571428492e-01,2.830000000000000000e+02,1.296733952000000000e+09,2.140295495680000000e+11,0.000000000000000000e+00
1.070000000000000000e+03,1.140000000000000000e+02,1.255570626982440956e+02,1.176470588235294101e-01,1.470000000000000000e+02,2.007474560000000000e+09,4.196885790720000000e+11,3.573011159896850586e-01
2.386000000000000000e+03,3.350000000000000000e+02,3.032251304471723756e+02,1.255514556359381972e-01,0.000000000000000000e+00,8.377669222400000000e+10,1.136895144755200000e+13,5.675861835479736328e-01
9.300000000000000000e+02,4.650000000000000000e+02,2.092098813880396619e+02,1.758282590894063580e-01,1.500000000000000000e+01,1.594162892800000000e+10,2.064746414080000000e+12,2.757654666900634766e+00
3.998000000000000000e+03,2.887000000000000000e+03,3.911243785508371928e+01,1.490711984999859852e-01,2.290000000000000000e+02,1.661390208000000000e+09,2.690882600960000000e+11,0.000000000000000000e+00
1.883000000000000000e+03,2.010000000000000000e+03,4.038501576703568219e+01,1.666666666666666574e-01,3.740000000000000000e+02,4.893059200000000000e+08,1.374361190400000000e+11,2.621973305940628052e-02
3.618000000000000000e+03,3.971000000000000000e+03,1.323236384128838949e+02,9.722034684781695468e-02,4.900000000000000000e+01,1.021636915200000000e+10,1.022901485568000000e+12,6.887623667716979980e-01
1.052000000000000000e+03,6.650000000000000000e+02,1.064030753263399305e+02,1.597191412499849861e-01,2.450000000000000000e+02,1.805912064000000000e+09,2.084656250880000000e+11,0.000000000000000000e+00
1.589000000000000000e+03,3.171000000000000000e+03,6.347778940144648629e+01,8.333333333333332871e-02,4.100000000000000000e+02,5.477777280000000000e+08,1.411371499520000000e+11,0.000000000000000000e+00
3.701000000000000000e+03,2.341000000000000000e+03,3.349599220455150430e+02,1.087856586440842377e-01,3.490000000000000000e+02,3.763875840000000000e+08,1.713577000960000000e+11,1.236851606518030167e-02
1.718000000000000000e+03,2.130000000000000000e+03,2.115527744959741483e+02,0.000000000000000000e+00,1.070000000000000000e+02,3.879511552000000000e+09,5.096216330240000000e+11,1.446489691734313965e-01
3.044000000000000000e+03,3.641000000000000000e+03,3.307573409846141743e+01,1.818181818181818232e-01,4.350000000000000000e+02,4.158810240000000000e+08,1.147037286400000000e+11,0.000000000000000000e+00
2.393000000000000000e+03,3.350000000000000000e+02,3.428133604591718040e+02,8.768894029410941038e-02,0.000000000000000000e+00,8.377669222400000000e+10,1.136895144755200000e+13,5.675861835479736328e-01
3.044000000000000000e+03,3.387000000000000000e+03,3.393678697829839734e+02,1.199999999999999956e-01,3.300000000000000000e+01,1.268767641600000000e+10,1.303878828032000000e+12,1.093849778175354004e+00
1.320000000000000000e+02,2.329000000000000000e+03,2.382351172430217900e+02,1.386750490563072868e-01,1.800000000000000000e+01,1.490262937600000000e+10,1.419475419136000000e+12,1.013386368751525879e+00
2.560000000000000000e+02,1.291000000000000000e+03,2.252973594554292802e+01,1.538461538461538547e-01,2.610000000000000000e+02,1.680964992000000000e+09,2.036213514240000000e+11,0.000000000000000000e+00
2.039000000000000000e+03,3.781000000000000000e+03,6.623868070407731068e+01,1.538461538461538547e-01,3.280000000000000000e+02,9.917941760000000000e+08,1.777407426560000000e+11,2.566045336425304413e-02
1.773000000000000000e+03,1.613000000000000000e+03,1.006584606938371280e+02,1.663780661615406053e-01,1.250000000000000000e+02,3.574713600000000000e+09,4.212908687360000000e+11,5.837091803550720215e-01
2.086000000000000000e+03,2.817000000000000000e+03,7.477100382361648201e+01,1.178511301977579334e-01,3.660000000000000000e+02,8.097580800000000000e+08,1.497639157760000000e+11,0.000000000000000000e+00
2.608000000000000000e+03,3.996000000000000000e+03,4.501568041451014324e+02,1.724137931034482873e-01,1.400000000000000000e+01,2.786027520000000000e+10,1.979431518208000000e+12,3.603759050369262695e+00
2.465000000000000000e+03,2.291000000000000000e+03,1.524996492421592222e+02,1.860163329510811370e-01,1.400000000000000000e+02,3.021581056000000000e+09,3.996486205440000000e+11,7.970087528228759766e-01
3.200000000000000000e+02,2.058000000000000000e+03,7.680805021540554378e+01,1.428571428571428492e-01,2.460000000000000000e+02,1.691814400000000000e+09,2.299914813440000000e+11,4.089944437146186829e-02
1.827000000000000000e+03,1.934000000000000000e+03,6.032815359353291740e+01,1.663780661615406053e-01,1.610000000000000000e+02,1.280539904000000000e+09,4.004363632640000000e+11,8.078122884035110474e-02
2.062000000000000000e+03,3.991000000000000000e+03,7.550615748686981021e+01,7.692307692307692735e-02,2.720000000000000000e+02,5.435582080000000000e+08,1.726447943680000000e+11,1.365709211677312851e-02
7.240000000000000000e+02,2.780000000000000000e+03,1.205348502046342958e+02,1.863389981249824745e-01,4.300000000000000000e+01,6.625502720000000000e+09,1.240374575104000000e+12,7.242954522371292114e-02
9.700000000000000000e+02,2.622000000000000000e+03,6.484611394047618660e+01,1.897658566033678385e-01,8.800000000000000000e+01,3.431953920000000000e+09,5.633286471680000000e+11,0.000000000000000000e+00
2.762000000000000000e+03,1.425000000000000000e+03,5.800648807319517175e+01,1.178511301977579334e-01,3.450000000000000000e+02,8.111738880000000000e+08,1.588323614720000000e+11,0.000000000000000000e+00
3.391000000000000000e+03,2.932000000000000000e+03,8.409533350013984432e+01,1.963383631246505001e-01,7.200000000000000000e+01,7.327007232000000000e+09,7.772913664000000000e+11,0.000000000000000000e+00
3.188000000000000000e+03,3.625000000000000000e+03,6.271184946579184327e+01,1.720052290384453675e-01,3.330000000000000000e+02,5.459247360000000000e+08,1.804148080640000000e+11,2.241535298526287079e-02
2.394000000000000000e+03,3.350000000000000000e+02,3.223234790515150507e+02,9.803921568627450844e-02,0.000000000000000000e+00,8.377669222400000000e+10,1.136895144755200000e+13,5.675861835479736328e-01
5.560000000000000000e+02,2.108000000000000000e+03,1.430370901741540308e+02,1.488645855129573925e-01,9.000000000000000000e+01,3.911753472000000000e+09,5.539202990080000000e+11,2.956744432449340820e-01
3.526000000000000000e+03,1.257000000000000000e+03,6.104784435910835327e+01,1.490711984999859852e-01,1.210000000000000000e+02,2.357122304000000000e+09,2.898401689600000000e+11,1.634987145662307739e-01
1.690000000000000000e+02,2.144000000000000000e+03,1.251639472918133720e+02,0.000000000000000000e+00,3.240000000000000000e+02,3.948697280000000000e+08,1.732660756480000000e+11,0.000000000000000000e+00
3.570000000000000000e+02,2.164000000000000000e+03,6.345992617023734965e+02,8.321783316232578276e-02,1.000000000000000000e+00,5.404031385600000000e+10,4.775771897856000000e+12,1.709547489881515503e-01
2.020000000000000000e+02,3.710000000000000000e+02,2.200719521858870849e+02,1.242259987499883256e-01,1.430000000000000000e+02,2.452175616000000000e+09,4.575933235200000000e+11,4.266196489334106445e-01
1.400000000000000000e+02,3.251000000000000000e+03,3.596855408721735898e+02,8.600261451922268374e-02,3.200000000000000000e+01,1.154737459200000000e+10,1.562261454848000000e+12,8.456335663795471191e-01
2.043000000000000000e+03,1.496000000000000000e+03,1.790150648299181739e+02,1.397542485937368628e-01,1.080000000000000000e+02,4.493515264000000000e+09,3.675199242240000000e+11,2.710719108581542969e-01
2.389000000000000000e+03,2.544000000000000000e+03,1.024067961264081248e+02,1.904761904761904656e-01,3.000000000000000000e+01,1.280711270400000000e+10,8.244191559680000000e+11,2.003521442413330078e+00
3.495000000000000000e+03,3.188000000000000000e+03,1.703920679237503180e+02,1.064794274999899953e-01,6.700000000000000000e+01,6.759896064000000000e+09,7.669665628160000000e+11,5.162037611007690430e-01
2.223000000000000000e+03,3.054000000000000000e+03,9.116578134487713214e+01,1.792654619833765339e-01,1.600000000000000000e+01,1.937281843200000000e+10,1.002276192256000000e+12,7.867671847343444824e-01
3.616000000000000000e+03,3.971000000000000000e+03,1.423191562777736010e+02,9.722034684781695468e-02,4.900000000000000000e+01,1.021636915200000000e+10,1.022901485568000000e+12,6.887623667716979980e-01
9.210000000000000000e+02,5.700000000000000000e+01,1.841848072099420222e+02,6.898602743283391292e-02,5.000000000000000000e+00,3.720409907200000000e+10,5.819019034624000000e+12,4.008188247680664062e-01
3.978000000000000000e+03,2.414000000000000000e+03,3.534768995883082425e+02,1.720052290384453675e-01,2.700000000000000000e+01,1.238435225600000000e+10,1.530468237312000000e+12,2.036925554275512695e+00
2.863000000000000000e+03,1.471000000000000000e+03,7.330065624787091849e+01,1.720052290384453675e-01,3.130000000000000000e+02,8.743348480000000000e+08,1.771336335360000000e+11,5.516332760453224182e-02
2.692000000000000000e+03,3.214000000000000000e+03,1.197530221731906011e+02,7.142857142857142461e-02,1.980000000000000000e+02,1.823513216000000000e+09,2.506064363520000000e+11,1.331411115825176239e-02
3.198000000000000000e+03,3.803000000000000000e+03,1.630957431259315342e+02,1.131370849898476055e-01,3.600000000000000000e+01,1.181075353600000000e+10,1.269782806528000000e+12,8.137409687042236328e-01
2.170000000000000000e+03,2.608000000000000000e+03,1.377310262502272167e+02,1.792654619833765339e-01,5.100000000000000000e+01,8.195988992000000000e+09,1.038099021824000000e+12,2.238056659698486328e-01
2.727000000000000000e+03,1.567000000000000000e+03,4.951658446335014929e+01,1.597191412499849861e-01,2.270000000000000000e+02,1.495355776000000000e+09,2.562825912320000000e+11,0.000000000000000000e+00
2.350000000000000000e+03,2.640000000000000000e+03,8.041870552326811605e+01,1.863389981249824745e-01,3.960000000000000000e+02,3.692078080000000000e+08,1.317974343680000000e+11,2.518715336918830872e-02
1.277000000000000000e+03,1.801000000000000000e+03,1.791247413297412265e+02,1.666666666666666574e-01,4.100000000000000000e+01,1.095597670400000000e+10,1.212032876544000000e+12,5.461735725402832031e-01
5.600000000000000000e+02,2.104000000000000000e+03,1.345072627887453507e+02,1.488645855129573925e-01,9.000000000000000000e+01,3.911753472000000000e+09,5.539202990080000000e+11,2.956744432449340820e-01
2.954000000000000000e+03,2.885000000000000000e+03,1.938626634320428366e+02,9.090909090909091161e-02,4.140000000000000000e+02,4.536569920000000000e+08,1.238589112320000000e+11,2.499718219041824341e-02
3.714000000000000000e+03,2.822000000000000000e+03,4.316474038326644802e+01,1.597191412499849861e-01,2.580000000000000000e+02,1.245406848000000000e+09,2.089458892800000000e+11,1.283563021570444107e-02
2.162000000000000000e+03,1.543000000000000000e+03,1.039821968883836689e+02,8.318903308077030267e-02,1.460000000000000000e+02,2.724431104000000000e+09,3.837422469120000000e+11,1.022337898612022400e-01
2.222000000000000000e+03,3.060000000000000000e+03,6.623796117255486138e+01,8.695652173913043237e-02,1.600000000000000000e+01,1.937281843200000000e+10,1.002276192256000000e+12,7.867671847343444824e-01
1.614000000000000000e+03,2.956000000000000000e+03,1.149118965031467354e+02,1.363636363636363535e-01,6.400000000000000000e+01,6.949873664000000000e+09,8.574791843840000000e+11,4.483140707015991211e-01
7.120000000000000000e+02,1.539000000000000000e+03,2.748650443960534062e+01,2.000000000000000111e-01,4.500000000000000000e+02,4.502080000000000000e+08,9.080265932800000000e+10,0.000000000000000000e+00
1.401000000000000000e+03,1.339000000000000000e+03,9.713298423408778604e+01,1.176470588235294101e-01,1.330000000000000000e+02,2.948885760000000000e+09,4.005123194880000000e+11,4.462803006172180176e-01
4.180000000000000000e+02,1.373000000000000000e+03,1.640748415492171262e+02,1.964185503295965418e-01,4.000000000000000000e+00,3.802601062400000000e+10,4.025006424064000000e+12,3.468478620052337646e-01
2.842000000000000000e+03,3.984000000000000000e+03,5.545600057141748493e+02,1.190476190476190410e-01,2.000000000000000000e+00,5.628931686400000000e+10,6.278159532032000000e+12,7.123951315879821777e-01
2.254000000000000000e+03,1.344000000000000000e+03,1.572592386683228085e+02,1.437398936440172637e-01,6.900000000000000000e+01,6.535744512000000000e+09,8.611923230720000000e+11,9.509965181350708008e-01
6.120000000000000000e+02,9.220000000000000000e+02,1.121674716837416952e+02,6.734350297014739251e-02,7.700000000000000000e+01,5.899091456000000000e+09,7.579769241600000000e+11,0.000000000000000000e+00
1.494000000000000000e+03,1.418000000000000000e+03,9.333175366367385095e+01,1.242259987499883256e-01,1.150000000000000000e+02,4.847934976000000000e+09,5.071829401600000000e+11,1.144441142678260803e-01
3.252000000000000000e+03,1.013000000000000000e+03,9.193411332360896893e+01,2.000000000000000111e-01,2.050000000000000000e+02,1.157463040000000000e+09,2.754100920320000000e+11,3.203420713543891907e-02
1.742000000000000000e+03,2.682000000000000000e+03,4.413617550109794365e+02,0.000000000000000000e+00,3.550000000000000000e+02,3.566433600000000000e+08,1.543529267200000000e+11,2.777648903429508209e-02
2.805000000000000000e+03,3.045000000000000000e+03,1.155313276338078339e+02,1.242259987499883256e-01,7.900000000000000000e+01,6.795408384000000000e+09,4.628956774400000000e+11,4.103572666645050049e-01
4.110000000000000000e+02,1.372000000000000000e+03,2.031178389492007170e+02,1.242259987499883256e-01,4.000000000000000000e+00,3.802601062400000000e+10,4.025006424064000000e+12,3.468478620052337646e-01
1.482000000000000000e+03,1.134000000000000000e+03,4.858316783359510538e+01,8.333333333333332871e-02,3.970000000000000000e+02,6.280145280000000000e+08,1.328404561920000000e+11,0.000000000000000000e+00
3.269000000000000000e+03,3.296000000000000000e+03,3.320195717204514949e+02,1.515151515151515194e-01,6.000000000000000000e+00,2.321462886400000000e+10,3.045936857088000000e+12,4.250588417053222656e+00
9.560000000000000000e+02,9.040000000000000000e+02,8.662013530271377704e+01,1.538461538461538547e-01,2.930000000000000000e+02,6.906223360000000000e+08,2.063568076800000000e+11,8.101104944944381714e-02
3.543000000000000000e+03,2.476000000000000000e+03,1.093504108572399787e+02,2.000000000000000111e-01,4.000000000000000000e+01,9.953271808000000000e+09,1.281303117824000000e+12,1.119234338402748108e-01
2.050000000000000000e+03,2.223000000000000000e+03,2.060455224210909364e+01,1.863389981249824745e-01,4.210000000000000000e+02,6.836668800000000000e+08,1.401587138560000000e+11,0.000000000000000000e+00
3.730000000000000000e+02,3.314000000000000000e+03,5.346615394208441074e+01,1.176877882894626220e-01,4.700000000000000000e+01,9.861278720000000000e+09,5.817014681600000000e+11,1.430872678756713867e+00
1.650000000000000000e+03,3.018000000000000000e+03,1.127863961424001502e+02,1.875000000000000000e-01,1.480000000000000000e+02,1.804167296000000000e+09,3.542372515840000000e+11,5.573551058769226074e-01
1.010000000000000000e+02,1.333000000000000000e+03,3.998615026420961840e+02,6.148754619013457184e-02,5.000000000000000000e+01,7.797797888000000000e+09,1.035582898176000000e+12,4.051990509033203125e-01
3.690000000000000000e+03,2.878000000000000000e+03,1.482946575361307850e+02,1.821078397711708707e-01,2.100000000000000000e+01,2.165043609600000000e+10,1.786106085376000000e+12,1.058541417121887207e+00
2.130000000000000000e+02,3.088000000000000000e+03,8.310555446358021925e+01,1.538461538461538547e-01,3.190000000000000000e+02,7.121811840000000000e+08,1.865498132480000000e+11,0.000000000000000000e+00
5.430000000000000000e+02,2.456000000000000000e+03,5.087195229829882237e+01,1.397542485937368628e-01,1.600000000000000000e+02,1.700266368000000000e+09,3.477796618240000000e+11,1.986222900450229645e-02
2.171000000000000000e+03,1.140000000000000000e+02,2.905133706439329444e+02,1.317615691736824801e-01,3.900000000000000000e+01,1.259311308800000000e+10,1.231577808896000000e+12,2.042043924331665039e+00
1.690000000000000000e+03,2.253000000000000000e+03,5.162241395337300673e+02,1.114352871788556881e-01,3.000000000000000000e+00,5.031784038400000000e+10,4.124430041088000000e+12,3.194062948226928711e+00
9.120000000000000000e+02,5.800000000000000000e+01,6.295761048053412878e+01,1.857505635576563174e-01,5.000000000000000000e+00,3.720409907200000000e+10,5.819019034624000000e+12,4.008188247680664062e-01
1.952000000000000000e+03,1.591000000000000000e+03,7.386759178136261994e+01,1.490711984999859852e-01,2.090000000000000000e+02,1.680539008000000000e+09,2.664933130240000000e+11,6.827071309089660645e-02
7.400000000000000000e+01,3.753000000000000000e+03,3.049559184836295600e+01,1.976423537605237202e-01,1.650000000000000000e+02,4.043890176000000000e+09,3.563160535040000000e+11,0.000000000000000000e+00
2.395000000000000000e+03,3.250000000000000000e+02,3.074501623609720582e+02,1.413941676652544777e-01,0.000000000000000000e+00,8.377669222400000000e+10,1.136895144755200000e+13,5.675861835479736328e-01
2.020000000000000000e+03,3.627000000000000000e+03,4.408350387865932873e+01,1.863389981249824745e-01,3.890000000000000000e+02,5.083081280000000000e+08,1.482653859840000000e+11,2.867386676371097565e-02
3.993000000000000000e+03,1.521000000000000000e+03,3.973845159363952462e+01,1.720052290384453675e-01,3.270000000000000000e+02,8.375604480000000000e+08,1.751238082560000000e+11,0.000000000000000000e+00
2.973000000000000000e+03,4.000000000000000000e+01,2.957329156787963598e+02,1.472537723434878820e-01,2.200000000000000000e+01,1.112703795200000000e+10,1.769099100160000000e+12,1.792023628950119019e-01
1.797000000000000000e+03,6.970000000000000000e+02,8.414981164015546256e+01,1.664356663246515655e-01,9.200000000000000000e+01,4.124931584000000000e+09,6.228464107520000000e+11,4.545400738716125488e-01
1.304000000000000000e+03,1.399000000000000000e+03,9.216841522412926224e+01,1.756820922315766309e-01,3.700000000000000000e+01,6.610348032000000000e+09,4.648333803520000000e+11,1.881828457117080688e-01
3.037000000000000000e+03,1.482000000000000000e+03,5.118432726622274345e+02,0.000000000000000000e+00,1.760000000000000000e+02,1.103179776000000000e+09,2.857155624960000000e+11,1.274166256189346313e-01
3.161000000000000000e+03,2.936000000000000000e+03,3.951169192688930139e+02,0.000000000000000000e+00,2.730000000000000000e+02,9.557055360000000000e+08,1.986753986560000000e+11,2.025958299636840820e-01
3.700000000000000000e+03,2.554000000000000000e+03,6.924011851791338756e+01,9.428090415820634951e-02,1.850000000000000000e+02,1.654559744000000000e+09,3.033799720960000000e+11,0.000000000000000000e+00
3.684000000000000000e+03,2.873000000000000000e+03,3.412001857058226619e+02,1.472537723434878820e-01,2.100000000000000000e+01,2.165043609600000000e+10,1.786106085376000000e+12,1.058541417121887207e+00
2.106000000000000000e+03,3.700000000000000000e+03,4.222397861831091177e+02,1.818181818181818232e-01,3.770000000000000000e+02,6.849020800000000000e+08,1.270833643520000000e+11,1.050892248749732971e-01
9.130000000000000000e+02,5.500000000000000000e+01,6.453051067360540571e+01,1.463414634146341375e-01,5.000000000000000000e+00,3.720409907200000000e+10,5.819019034624000000e+12,4.008188247680664062e-01
1.716000000000000000e+03,1.662000000000000000e+03,1.079770878007383601e+02,1.666666666666666574e-01,1.700000000000000000e+01,1.223959859200000000e+10,1.187346776064000000e+12,2.400017738342285156e+00
3.496000000000000000e+03,3.188000000000000000e+03,1.462593124287593582e+02,1.346870059402947850e-01,6.700000000000000000e+01,6.759896064000000000e+09,7.669665628160000000e+11,5.162037611007690430e-01
1.069000000000000000e+03,1.110000000000000000e+02,8.466939961018070449e+01,1.860163329510811370e-01,1.470000000000000000e+02,2.007474560000000000e+09,4.196885790720000000e+11,3.573011159896850586e-01
3.689000000000000000e+03,1.570000000000000000e+02,1.211722292999867392e+02,1.176877882894626220e-01,9.600000000000000000e+01,5.135301632000000000e+09,6.143458672640000000e+11,2.233735471963882446e-01
1.150000000000000000e+02,3.030000000000000000e+03,8.236191989537677216e+01,1.767766952966368932e-01,1.640000000000000000e+02,2.050533248000000000e+09,3.406673346560000000e+11,1.269493103027343750e-01
1.251000000000000000e+03,2.149000000000000000e+03,6.773388880380676369e+01,1.720052290384453675e-01,3.140000000000000000e+02,7.569043840000000000e+08,1.834407690240000000e+11,1.344446092844009399e-01
1.438000000000000000e+03,1.480000000000000000e+03,3.801733880732507487e+01,1.490711984999859852e-01,2.330000000000000000e+02,2.212824576000000000e+09,2.835332136960000000e+11,0.000000000000000000e+00
2.517000000000000000e+03,1.012000000000000000e+03,3.694658773950318391e+02,1.699673171197594868e-01,9.000000000000000000e+00,2.156558540800000000e+10,2.274888253440000000e+12,8.735226988792419434e-01
3.619000000000000000e+03,3.409000000000000000e+03,2.106111204771288214e+02,1.502313031443328895e-01,4.200000000000000000e+01,1.222075596800000000e+10,1.233799348224000000e+12,5.440852642059326172e-01
1.686000000000000000e+03,2.249000000000000000e+03,7.111757325469495754e+02,8.108108108108108558e-02,3.000000000000000000e+00,5.031784038400000000e+10,4.124430041088000000e+12,3.194062948226928711e+00
3.161000000000000000e+03,2.130000000000000000e+03,4.590973038989369570e+01,8.333333333333332871e-02,3.590000000000000000e+02,4.310534400000000000e+08,1.623431413760000000e+11,2.802438847720623016e-02
2.073000000000000000e+03,2.846000000000000000e+03,1.056171314123719185e+02,1.963383631246505001e-01,6.500000000000000000e+01,8.930834432000000000e+09,7.377056563200000000e+11,2.099134683609008789e+00
2.200000000000000000e+03,1.649000000000000000e+03,4.153890393188485319e+01,1.863389981249824745e-01,3.640000000000000000e+02,4.553031040000000000e+08,1.432976752640000000e+11,3.647781908512115479e-02
3.434000000000000000e+03,2.520000000000000000e+03,1.955638382211553221e+02,1.490711984999859852e-01,1.780000000000000000e+02,1.308760320000000000e+09,3.124685045760000000e+11,7.397050857543945312e-01
1.568000000000000000e+03,2.417000000000000000e+03,1.745976845355658327e+02,4.761904761904761640e-02,8.100000000000000000e+01,2.113757184000000000e+09,7.291969863680000000e+11,5.292919650673866272e-02
1.760000000000000000e+02,2.691000000000000000e+03,7.409298411513337612e+01,1.756820922315766309e-01,1.180000000000000000e+02,2.033851904000000000e+09,4.885573795840000000e+11,6.876211613416671753e-02
1.661000000000000000e+03,1.082000000000000000e+03,4.635400765184036231e+01,1.333333333333333315e-01,1.900000000000000000e+02,1.711664896000000000e+09,2.957806796800000000e+11,0.000000000000000000e+00
5.560000000000000000e+02,8.110000000000000000e+02,1.115832438440744312e+02,1.538461538461538547e-01,3.110000000000000000e+02,7.146896000000000000e+08,1.657005015040000000e+11,2.138228267431259155e-01
1.242000000000000000e+03,1.348000000000000000e+03,7.796613556835694681e+00,1.571348402636772446e-01,4.680000000000000000e+02,5.224346240000000000e+08,5.330726092800000000e+10,0.000000000000000000e+00
1.276000000000000000e+03,1.799000000000000000e+03,2.526968332664654042e+02,1.502313031443328895e-01,4.100000000000000000e+01,1.095597670400000000e+10,1.212032876544000000e+12,5.461735725402832031e-01
1.920000000000000000e+03,3.055000000000000000e+03,6.094702225618304681e+01,1.663780661615406053e-01,1.660000000000000000e+02,2.417051648000000000e+09,3.856119562240000000e+11,4.769425466656684875e-02
3.636000000000000000e+03,3.131000000000000000e+03,1.480794180731413974e+02,1.315334104411640948e-01,1.190000000000000000e+02,3.870370048000000000e+09,4.366447411200000000e+11,4.725667238235473633e-01
9.150000000000000000e+02,5.400000000000000000e+01,6.740124674519016423e+01,1.005635518443331877e-01,5.000000000000000000e+00,3.720409907200000000e+10,5.819019034624000000e+12,4.008188247680664062e-01
1.601000000000000000e+03,2.125000000000000000e+03,2.366163135604734578e+02,1.874138920735300140e-01,5.400000000000000000e+01,1.122953011200000000e+10,8.577714094080000000e+11,2.445178747177124023e+00
1.160000000000000000e+02,3.031000000000000000e+03,8.584917242408693028e+01,1.976423537605237202e-01,1.640000000000000000e+02,2.050533248000000000e+09,3.406673346560000000e+11,1.269493103027343750e-01
2.124000000000000000e+03,2.922000000000000000e+03,7.578398900120090786e+01,1.885618083164126990e-01,1.880000000000000000e+02,2.986171904000000000e+09,2.614912122880000000e+11,0.000000000000000000e+00
3.143000000000000000e+03,3.201000000000000000e+03,2.414349647099809602e+02,0.000000000000000000e+00,2.660000000000000000e+02,3.668829760000000000e+08,2.523920138240000000e+11,1.705454289913177490e-02
1.066000000000000000e+03,1.120000000000000000e+02,9.876498516859939514e+01,1.663780661615406053e-01,1.470000000000000000e+02,2.007474560000000000e+09,4.196885790720000000e+11,3.573011159896850586e-01
2.147000000000000000e+03,3.740000000000000000e+02,1.183157877056421796e+02,9.428090415820634951e-02,2.230000000000000000e+02,1.358996096000000000e+09,2.736059351040000000e+11,2.617974281311035156e-01
2.258000000000000000e+03,5.950000000000000000e+02,8.007595362360608249e+01,7.692307692307692735e-02,2.960000000000000000e+02,7.204333440000000000e+08,1.981503406080000000e+11,1.099447533488273621e-01
2.461000000000000000e+03,3.114000000000000000e+03,3.614247655006619766e+02,1.666666666666666574e-01,1.200000000000000000e+01,2.284425011200000000e+10,2.239901466624000000e+12,3.446404933929443359e+00
2.500000000000000000e+03,2.620000000000000000e+03,6.985621313510334573e+01,1.087856586440842377e-01,2.440000000000000000e+02,7.854515840000000000e+08,1.657421332480000000e+11,0.000000000000000000e+00
4.910000000000000000e+02,1.811000000000000000e+03,3.241185294766801803e+02,1.111111111111111049e-01,1.100000000000000000e+01,1.421665075200000000e+10,1.753114214400000000e+12,1.261094808578491211e+00
1.606000000000000000e+03,2.123000000000000000e+03,2.559014666671803582e+02,1.437398936440172637e-01,5.400000000000000000e+01,1.122953011200000000e+10,8.577714094080000000e+11,2.445178747177124023e+00
3.618000000000000000e+03,3.969000000000000000e+03,2.231534547858911992e+02,4.347826086956521618e-02,4.900000000000000000e+01,1.021636915200000000e+10,1.022901485568000000e+12,6.887623667716979980e-01
1.980000000000000000e+03,1.505000000000000000e+03,1.231007289358196601e+02,5.882352941176470507e-02,1.350000000000000000e+02,2.493312768000000000e+09,4.014708817920000000e+11,4.813774675130844116e-02
1.685000000000000000e+03,2.258000000000000000e+03,3.046961341343941854e+02,1.643989873053572914e-01,3.000000000000000000e+00,5.031784038400000000e+10,4.124430041088000000e+12,3.194062948226928711e+00
7.260000000000000000e+02,2.566000000000000000e+03,2.854737269852414556e+02,1.087856586440842377e-01,3.530000000000000000e+02,5.401441920000000000e+08,1.662799708160000000e+11,2.892997302114963531e-02
3.085000000000000000e+03,3.610000000000000000e+03,3.574554750207890947e+02,1.542115846551579128e-01,1.300000000000000000e+01,1.881086976000000000e+10,2.053483003904000000e+12,1.574149370193481445e+00
3.451000000000000000e+03,1.414000000000000000e+03,1.134221873521343156e+02,1.860163329510811370e-01,1.370000000000000000e+02,2.813895936000000000e+09,4.221787832320000000e+11,2.725269179791212082e-03
3.387000000000000000e+03,3.862000000000000000e+03,5.217533201568890178e+01,1.597191412499849861e-01,2.530000000000000000e+02,1.240023296000000000e+09,2.367600394240000000e+11,0.000000000000000000e+00
2.525000000000000000e+03,1.008000000000000000e+03,1.918176265139177303e+02,1.943650631615100322e-01,9.000000000000000000e+00,2.156558540800000000e+10,2.274888253440000000e+12,8.735226988792419434e-01
1.271000000000000000e+03,1.799000000000000000e+03,2.080378770581466483e+02,1.178511301977579334e-01,4.100000000000000000e+01,1.095597670400000000e+10,1.212032876544000000e+12,5.461735725402832031e-01
3.278000000000000000e+03,3.290000000000000000e+03,1.596238416183497577e+02,1.916531915253563423e-01,6.000000000000000000e+00,2.321462886400000000e+10,3.045936857088000000e+12,4.250588417053222656e+00
2.386000000000000000e+03,3.370000000000000000e+02,2.770855949811756318e+02,1.531421505079736123e-01,0.000000000000000000e+00,8.377669222400000000e+10,1.136895144755200000e+13,5.675861835479736328e-01
3.538000000000000000e+03,2.481000000000000000e+03,1.195572320719617352e+02,2.000000000000000111e-01,4.000000000000000000e+01,9.953271808000000000e+09,1.281303117824000000e+12,1.119234338402748108e-01
8.390000000000000000e+02,4.410000000000000000e+02,8.763286874284921169e+01,1.000000000000000056e-01,8.500000000000000000e+01,6.778748416000000000e+09,6.711748853760000000e+11,0.000000000000000000e+00
1.718000000000000000e+03,1.662000000000000000e+03,9.877861164451013565e+01,1.863389981249824745e-01,1.700000000000000000e+01,1.223959859200000000e+10,1.187346776064000000e+12,2.400017738342285156e+00
2.967000000000000000e+03,3.713000000000000000e+03,1.958083706958709342e+02,1.242259987499883256e-01,1.090000000000000000e+02,4.211948288000000000e+09,4.665582878720000000e+11,9.797154068946838379e-01
3.219000000000000000e+03,2.254000000000000000e+03,1.649508812082650024e+02,1.581138830084189706e-01,8.400000000000000000e+01,5.299633664000000000e+09,6.581860433920000000e+11,6.692118048667907715e-01
3.038000000000000000e+03,1.484000000000000000e+03,6.044672556323832424e+01,1.490711984999859852e-01,1.760000000000000000e+02,1.103179776000000000e+09,2.857155624960000000e+11,1.274166256189346313e-01
3.372000000000000000e+03,2.982000000000000000e+03,7.732341186699844116e+01,1.178511301977579334e-01,3.950000000000000000e+02,4.555417600000000000e+08,1.569063075840000000e+11,2.446600701659917831e-03
1.981000000000000000e+03,1.506000000000000000e+03,8.162400208586542760e+01,1.315334104411640948e-01,1.350000000000000000e+02,2.493312768000000000e+09,4.014708817920000000e+11,4.813774675130844116e-02
2.393000000000000000e+03,3.360000000000000000e+02,3.392507922095774120e+02,1.055914668065588979e-01,0.000000000000000000e+00,8.377669222400000000e+10,1.136895144755200000e+13,5.675861835479736328e-01
3.750000000000000000e+02,2.163000000000000000e+03,1.608015739181191748e+02,1.818181818181818232e-01,4.260000000000000000e+02,5.590865920000000000e+08,1.151256985600000000e+11,1.361108035780489445e-03
3.749000000000000000e+03,2.303000000000000000e+03,6.152350024266110040e+01,1.818181818181818232e-01,4.090000000000000000e+02,4.722456000000000000e+08,1.279692881920000000e+11,9.717266261577606201e-02
2.042000000000000000e+03,3.782000000000000000e+03,7.526170272788407090e+01,1.087856586440842377e-01,3.280000000000000000e+02,9.917941760000000000e+08,1.777407426560000000e+11,2.566045336425304413e-02
3.386000000000000000e+03,3.941000000000000000e+03,4.048291352856656289e+01,7.692307692307692735e-02,3.760000000000000000e+02,4.800745280000000000e+08,1.675726192640000000e+11,5.757528124377131462e-04
3.619000000000000000e+03,3.971000000000000000e+03,1.255754786615270859e+02,1.229750923802691437e-01,4.900000000000000000e+01,1.021636915200000000e+10,1.022901485568000000e+12,6.887623667716979980e-01
3.107000000000000000e+03,1.264000000000000000e+03,8.288435960724474683e+01,1.064794274999899953e-01,7.800000000000000000e+01,5.756817408000000000e+09,7.567747317760000000e+11,5.334236100316047668e-02
4.130000000000000000e+02,3.220000000000000000e+03,4.264528894025016115e+01,7.142857142857142461e-02,2.830000000000000000e+02,1.296733952000000000e+09,2.140295495680000000e+11,0.000000000000000000e+00
3.403000000000000000e+03,9.830000000000000000e+02,6.631168137166082488e+01,9.428090415820634951e-02,2.390000000000000000e+02,1.094699904000000000e+09,2.605480509440000000e+11,7.193678617477416992e-02
3.168000000000000000e+03,4.100000000000000000e+02,2.223113550176464628e+02,0.000000000000000000e+00,3.230000000000000000e+02,6.811424000000000000e+08,1.798026690560000000e+11,5.580879002809524536e-02
5.160000000000000000e+02,1.645000000000000000e+03,6.534497739678509731e+01,1.000000000000000056e-01,4.470000000000000000e+02,3.331680640000000000e+08,9.659407564800000000e+10,4.790472984313964844e-02
2.063000000000000000e+03,3.994000000000000000e+03,8.531717464490132841e+01,1.720052290384453675e-01,2.720000000000000000e+02,5.435582080000000000e+08,1.726447943680000000e+11,1.365709211677312851e-02
2.109000000000000000e+03,3.607000000000000000e+03,1.399293934152735233e+02,1.178511301977579334e-01,3.620000000000000000e+02,3.237032320000000000e+08,1.473524695040000000e+11,3.438935428857803345e-02
1.017000000000000000e+03,9.270000000000000000e+02,4.750298244817135185e+01,1.863389981249824745e-01,3.710000000000000000e+02,3.972028800000000000e+08,1.328047636480000000e+11,5.567327886819839478e-02
3.077000000000000000e+03,2.411000000000000000e+03,2.092144899559250746e+02,1.229750923802691437e-01,1.900000000000000000e+01,1.888740147200000000e+10,1.018762625024000000e+12,2.206895589828491211e+00
2.050000000000000000e+02,3.690000000000000000e+02,9.800921896419470158e+01,1.756820922315766309e-01,1.430000000000000000e+02,2.452175616000000000e+09,4.575933235200000000e+11,4.266196489334106445e-01
2.639000000000000000e+03,3.080000000000000000e+03,2.548825203818901741e+02,1.923273145405179907e-01,1.000000000000000000e+01,2.532703436800000000e+10,1.915071758336000000e+12,4.421397686004638672e+00
3.273000000000000000e+03,1.174000000000000000e+03,3.973884064350525591e+01,1.000000000000000056e-01,4.610000000000000000e+02,3.486914560000000000e+08,7.917443481600000000e+10,0.000000000000000000e+00
1.689000000000000000e+03,2.253000000000000000e+03,5.656543338155734091e+02,8.546696378833458507e-02,3.000000000000000000e+00,5.031784038400000000e+10,4.124430041088000000e+12,3.194062948226928711e+00
1.147000000000000000e+03,1.554000000000000000e+03,1.629629506014680089e+02,0.000000000000000000e+00,3.100000000000000000e+02,8.167900800000000000e+08,1.839095480320000000e+11,0.000000000000000000e+00
3.276000000000000000e+03,1.279000000000000000e+03,7.775834626893963275e+01,1.976423537605237202e-01,1.540000000000000000e+02,1.889881472000000000e+09,3.674163445760000000e+11,7.948416471481323242e-02
3.393000000000000000e+03,2.938000000000000000e+03,6.809300341082825980e+01,1.716929178792375721e-01,7.200000000000000000e+01,7.327007232000000000e+09,7.772913664000000000e+11,0.000000000000000000e+00
4.360000000000000000e+02,2.727000000000000000e+03,1.711443944325872337e+02,1.428571428571428492e-01,6.100000000000000000e+01,9.361108992000000000e+09,7.905924218880000000e+11,2.025802731513977051e-01
2.801000000000000000e+03,3.044000000000000000e+03,1.352330460517439406e+02,1.571348402636772446e-01,7.900000000000000000e+01,6.795408384000000000e+09,4.628956774400000000e+11,4.103572666645050049e-01
9.150000000000000000e+02,5.200000000000000000e+01,7.020397138425938977e+01,1.219512195121951192e-01,5.000000000000000000e+00,3.720409907200000000e+10,5.819019034624000000e+12,4.008188247680664062e-01
2.170000000000000000e+02,3.087000000000000000e+03,7.361413091393237096e+01,1.720052290384453675e-01,3.190000000000000000e+02,7.121811840000000000e+08,1.865498132480000000e+11,0.000000000000000000e+00
2.507000000000000000e+03,7.370000000000000000e+02,1.038951628504113813e+02,1.397542485937368628e-01,1.120000000000000000e+02,1.174737792000000000e+09,3.528273428480000000e+11,2.373855710029602051e-01
7.200000000000000000e+01,3.755000000000000000e+03,3.586847714666978959e+01,8.838834764831844659e-02,1.650000000000000000e+02,4.043890176000000000e+09,3.563160535040000000e+11,0.000000000000000000e+00
2.226000000000000000e+03,3.059000000000000000e+03,6.607453143270545581e+01,1.792654619833765339e-01,1.600000000000000000e+01,1.937281843200000000e+10,1.002276192256000000e+12,7.867671847343444824e-01
2.513000000000000000e+03,3.224000000000000000e+03,5.279121595456746263e+01,1.178511301977579334e-01,3.700000000000000000e+02,3.395659200000000000e+08,1.525896642560000000e+11,0.000000000000000000e+00
2.976000000000000000e+03,4.300000000000000000e+01,3.785354461078914596e+02,7.985957062499249304e-02,2.200000000000000000e+01,1.112703795200000000e+10,1.769099100160000000e+12,1.792023628950119019e-01
2.854000000000000000e+03,3.986000000000000000e+03,3.395178913543494446e+02,1.919585178166321182e-01,2.000000000000000000e+00,5.628931686400000000e+10,6.278159532032000000e+12,7.123951315879821777e-01
3.569000000000000000e+03,2.392000000000000000e+03,5.870992653562798580e+01,1.178511301977579334e-01,3.780000000000000000e+02,3.485710080000000000e+08,1.624616304640000000e+11,0.000000000000000000e+00
3.684000000000000000e+03,2.882000000000000000e+03,2.168312675335702693e+02,1.821078397711708707e-01,2.100000000000000000e+01,2.165043609600000000e+10,1.786106085376000000e+12,1.058541417121887207e+00
3.580000000000000000e+02,2.164000000000000000e+03,7.638647145118342223e+02,5.884389414473131102e-02,1.000000000000000000e+00,5.404031385600000000e+10,4.775771897856000000e+12,1.709547489881515503e-01
1.572000000000000000e+03,2.982000000000000000e+03,9.155309539253073581e+02,7.142857142857142461e-02,2.280000000000000000e+02,1.568986880000000000e+09,2.207783649280000000e+11,2.009579539299011230e-01
2.398000000000000000e+03,3.340000000000000000e+02,2.706155678884329632e+02,1.493288844287040951e-01,0.000000000000000000e+00,8.377669222400000000e+10,1.136895144755200000e+13,5.675861835479736328e-01
2.396000000000000000e+03,3.350000000000000000e+02,2.909289106803819323e+02,1.255514556359381972e-01,0.000000000000000000e+00,8.377669222400000000e+10,1.136895144755200000e+13,5.675861835479736328e-01
3.364000000000000000e+03,6.240000000000000000e+02,1.647826276506362149e+02,8.333333333333332871e-02,3.730000000000000000e+02,4.087375040000000000e+08,1.537433600000000000e+11,0.000000000000000000e+00
3.079000000000000000e+03,2.314000000000000000e+03,1.119122473578700863e+02,1.010152544552210818e-01,2.670000000000000000e+02,1.123539072000000000e+09,2.090375905280000000e+11,1.689279526472091675e-01
9.900000000000000000e+01,1.333000000000000000e+03,1.432964805062910045e+02,1.374903330507991073e-01,5.000000000000000000e+01,7.797797888000000000e+09,1.035582898176000000e+12,4.051990509033203125e-01
2.516000000000000000e+03,4.300000000000000000e+02,1.195800316654610782e+02,1.315334104411640948e-01,8.700000000000000000e+01,2.918684928000000000e+09,4.349424435200000000e+11,4.410782754421234131e-01
1.395000000000000000e+03,2.581000000000000000e+03,6.965635968552918200e+01,1.397542485937368628e-01,1.910000000000000000e+02,1.375448704000000000e+09,3.619017523200000000e+11,0.000000000000000000e+00
3.142000000000000000e+03,2.905000000000000000e+03,7.824532325738175587e+01,1.666666666666666574e-01,3.320000000000000000e+02,3.886562560000000000e+08,1.347733094400000000e+11,1.476993318647146225e-02
3.293000000000000000e+03,2.275000000000000000e+03,3.900261962553518202e+01,1.720052290384453675e-01,3.070000000000000000e+02,6.678266880000000000e+08,1.812894842880000000e+11,0.000000000000000000e+00
1.690000000000000000e+03,2.251000000000000000e+03,5.397348673666685954e+02,1.114352871788556881e-01,3.000000000000000000e+00,5.031784038400000000e+10,4.124430041088000000e+12,3.194062948226928711e+00
2.520000000000000000e+03,1.012000000000000000e+03,7.902740235287279802e+02,7.453559924999299258e-02,9.000000000000000000e+00,2.156558540800000000e+10,2.274888253440000000e+12,8.735226988792419434e-01
3.650000000000000000e+03,2.660000000000000000e+02,7.036881436550275737e+01,1.087856586440842377e-01,3.650000000000000000e+02,4.033187520000000000e+08,1.703893893120000000e+11,7.649682229384779930e-04
7.690000000000000000e+02,2.397000000000000000e+03,1.157030612236301153e+02,1.720052290384453675e-01,3.040000000000000000e+02,6.220001280000000000e+08,1.832824340480000000e+11,1.750465482473373413e-01
2.260000000000000000e+03,1.116000000000000000e+03,2.510556107377159094e+02,1.527076157636170495e-01,2.500000000000000000e+01,1.306004275200000000e+10,1.702466420736000000e+12,0.000000000000000000e+00
3.877000000000000000e+03,1.993000000000000000e+03,2.795430539977864441e+02,1.064794274999899953e-01,6.300000000000000000e+01,1.001084723200000000e+10,8.035539353600000000e+11,1.929144382476806641e+00
3.197000000000000000e+03,3.804000000000000000e+03,1.375755899530037141e+02,1.697056274847713875e-01,3.600000000000000000e+01,1.181075353600000000e+10,1.269782806528000000e+12,8.137409687042236328e-01
2.345000000000000000e+03,3.122000000000000000e+03,5.221067847951067620e+01,1.756820922315766309e-01,1.290000000000000000e+02,2.992413696000000000e+09,4.594857082880000000e+11,0.000000000000000000e+00
3.974000000000000000e+03,2.418000000000000000e+03,4.693467255703443470e+02,7.692307692307692735e-02,2.700000000000000000e+01,1.238435225600000000e+10,1.530468237312000000e+12,2.036925554275512695e+00
2.173000000000000000e+03,1.140000000000000000e+02,4.212068735769450427e+02,5.892556509887896671e-02,3.900000000000000000e+01,1.259311308800000000e+10,1.231577808896000000e+12,2.042043924331665039e+00
6.940000000000000000e+02,3.350000000000000000e+02,3.142507804725715204e+01,1.666666666666666574e-01,2.970000000000000000e+02,5.074717760000000000e+08,1.627715010560000000e+11,7.526428252458572388e-02
2.888000000000000000e+03,3.528000000000000000e+03,2.099555442976215147e+02,1.335389361282958987e-01,2.800000000000000000e+01,1.246307840000000000e+10,1.611237163008000000e+12,9.548643231391906738e-01
2.721000000000000000e+03,2.468000000000000000e+03,1.774363856217092064e+02,1.739130434782608647e-01,5.300000000000000000e+01,8.349897216000000000e+09,1.000912453632000000e+12,8.435634374618530273e-01
2.954000000000000000e+03,2.884000000000000000e+03,4.222397381486329948e+01,1.818181818181818232e-01,4.140000000000000000e+02,4.536569920000000000e+08,1.238589112320000000e+11,2.499718219041824341e-02
2.471000000000000000e+03,2.291000000000000000e+03,9.456596769245716416e+01,1.860163329510811370e-01,1.400000000000000000e+02,3.021581056000000000e+09,3.996486205440000000e+11,7.970087528228759766e-01
3.152000000000000000e+03,3.950000000000000000e+03,1.178323740756941334e+02,6.250000000000000000e-02,2.100000000000000000e+02,5.425520640000000000e+08,3.273477652480000000e+11,0.000000000000000000e+00
2.340000000000000000e+03,2.446000000000000000e+03,1.682646841676298948e+02,1.649242250247064112e-01,2.000000000000000000e+01,1.773182566400000000e+10,1.272934170624000000e+12,1.895519137382507324e+00
1.144000000000000000e+03,3.906000000000000000e+03,1.977842132610589942e+02,1.682864002229532419e-01,8.000000000000000000e+00,2.140511027200000000e+10,2.705576689664000000e+12,6.908459067344665527e-01
7.000000000000000000e+02,3.282000000000000000e+03,2.827144719891249380e+01,1.720052290384453675e-01,3.260000000000000000e+02,1.060119680000000000e+09,2.013788078080000000e+11,0.000000000000000000e+00
1.005000000000000000e+03,1.277000000000000000e+03,1.057486217535016380e+02,1.490711984999859852e-01,1.670000000000000000e+02,3.089423872000000000e+09,3.143499120640000000e+11,1.613117009401321411e-01
3.293000000000000000e+03,2.277000000000000000e+03,5.892457405571504125e+01,7.692307692307692735e-02,3.070000000000000000e+02,6.678266880000000000e+08,1.812894842880000000e+11,0.000000000000000000e+00
3.817000000000000000e+03,1.261000000000000000e+03,4.055029797829003968e+01,1.863389981249824745e-01,2.630000000000000000e+02,6.555905920000000000e+08,1.569963048960000000e+11,9.541357867419719696e-03
8.370000000000000000e+02,4.360000000000000000e+02,8.136187795760606889e+01,1.802775637731994507e-01,8.500000000000000000e+01,6.778748416000000000e+09,6.711748853760000000e+11,0.000000000000000000e+00
2.380000000000000000e+02,3.026000000000000000e+03,2.073332894013437908e+02,1.720052290384453675e-01,2.520000000000000000e+02,5.304390080000000000e+08,1.728783646720000000e+11,1.031575426459312439e-01
3.224000000000000000e+03,2.251000000000000000e+03,1.386281783952568389e+02,1.414213562373095034e-01,8.400000000000000000e+01,5.299633664000000000e+09,6.581860433920000000e+11,6.692118048667907715e-01
1.606000000000000000e+03,2.128000000000000000e+03,3.168995449782329388e+02,1.016394535227177209e-01,5.400000000000000000e+01,1.122953011200000000e+10,8.577714094080000000e+11,2.445178747177124023e+00
3.772000000000000000e+03,1.258000000000000000e+03,1.311989431906147843e+02,1.363636363636363535e-01,5.700000000000000000e+01,7.847402496000000000e+09,9.251958292480000000e+11,7.964859604835510254e-01
4.950000000000000000e+02,1.816000000000000000e+03,1.572122108628381056e+02,1.656346649999844434e-01,1.100000000000000000e+01,1.421665075200000000e+10,1.753114214400000000e+12,1.261094808578491211e+00
3.042000000000000000e+03,3.639000000000000000e+03,4.387699601143243910e+01,1.818181818181818232e-01,4.350000000000000000e+02,4.158810240000000000e+08,1.147037286400000000e+11,0.000000000000000000e+00
2.252000000000000000e+03,1.345000000000000000e+03,1.559237170365844634e+02,1.874138920735300140e-01,6.900000000000000000e+01,6.535744512000000000e+09,8.611923230720000000e+11,9.509965181350708008e-01
6.300000000000000000e+02,4.980000000000000000e+02,3.997445839548277746e+01,1.976423537605237202e-01,1.860000000000000000e+02,1.649663616000000000e+09,3.608393154560000000e+11,1.441983040422201157e-02
2.064000000000000000e+03,3.993000000000000000e+03,6.696568063337471699e+01,1.720052290384453675e-01,2.720000000000000000e+02,5.435582080000000000e+08,1.726447943680000000e+11,1.365709211677312851e-02
2.610000000000000000e+03,2.000000000000000000e+00,4.286577838873967039e+02,1.246164150174327717e-01,1.400000000000000000e+01,2.786027520000000000e+10,1.979431518208000000e+12,3.603759050369262695e+00
6.360000000000000000e+02,1.694000000000000000e+03,1.961996553888729125e+02,7.692307692307692735e-02,2.680000000000000000e+02,1.058980544000000000e+09,1.964929351680000000e+11,9.750066697597503662e-02
3.085000000000000000e+03,1.573000000000000000e+03,4.922390538545551664e+01,1.720052290384453675e-01,3.840000000000000000e+02,4.895907840000000000e+08,1.659950202880000000e+11,0.000000000000000000e+00
2.344000000000000000e+03,3.118000000000000000e+03,8.149241337031629939e+01,1.242259987499883256e-01,1.290000000000000000e+02,2.992413696000000000e+09,4.594857082880000000e+11,0.000000000000000000e+00
2.845000000000000000e+03,3.991000000000000000e+03,4.385923656906006158e+02,9.816918156232525006e-02,2.000000000000000000e+00,5.628931686400000000e+10,6.278159532032000000e+12,7.123951315879821777e-01
2.255000000000000000e+03,2.185000000000000000e+03,1.074475688448766704e+02,1.597191412499849861e-01,2.340000000000000000e+02,4.483788160000000000e+08,2.543628288000000000e+11,1.729344725608825684e-01
3.198000000000000000e+03,3.798000000000000000e+03,2.837041354386114449e+02,1.442220510185595606e-01,3.600000000000000000e+01,1.181075353600000000e+10,1.269782806528000000e+12,8.137409687042236328e-01
3.442000000000000000e+03,1.702000000000000000e+03,6.737347131351137364e+01,1.285648693066450132e-01,4.060000000000000000e+02,3.725964160000000000e+08,1.281604403200000000e+11,7.672461122274398804e-02
1.718000000000000000e+03,1.657000000000000000e+03,2.453538528387151132e+02,9.316949906249123725e-02,1.700000000000000000e+01,1.223959859200000000e+10,1.187346776064000000e+12,2.400017738342285156e+00
2.383000000000000000e+03,3.330000000000000000e+02,2.416200548369693877e+02,1.616904166908886553e-01,0.000000000000000000e+00,8.377669222400000000e+10,1.136895144755200000e+13,5.675861835479736328e-01
2.145000000000000000e+03,3.730000000000000000e+02,3.791931198309770821e+02,1.490711984999859852e-01,2.230000000000000000e+02,1.358996096000000000e+09,2.736059351040000000e+11,2.617974281311035156e-01
1.718000000000000000e+03,2.133000000000000000e+03,6.365008519331982484e+01,1.666666666666666574e-01,1.070000000000000000e+02,3.879511552000000000e+09,5.096216330240000000e+11,1.446489691734313965e-01
3.703000000000000000e+03,3.717000000000000000e+03,9.174340062077313007e+01,1.764705882352941291e-01,1.520000000000000000e+02,2.955342592000000000e+09,3.941879316480000000e+11,2.590242326259613037e-01
2.254000000000000000e+03,1.113000000000000000e+03,4.516163726017387603e+02,1.047565601757848297e-01,2.500000000000000000e+01,1.306004275200000000e+10,1.702466420736000000e+12,0.000000000000000000e+00
1.571000000000000000e+03,2.981000000000000000e+03,1.545520767075111053e+02,1.597191412499849861e-01,2.280000000000000000e+02,1.568986880000000000e+09,2.207783649280000000e+11,2.009579539299011230e-01
9.140000000000000000e+02,5.800000000000000000e+01,7.943798157601482046e+01,1.422183388986658636e-01,5.000000000000000000e+00,3.720409907200000000e+10,5.819019034624000000e+12,4.008188247680664062e-01
2.728000000000000000e+03,1.569000000000000000e+03,4.905957254588612670e+01,0.000000000000000000e+00,2.270000000000000000e+02,1.495355776000000000e+09,2.562825912320000000e+11,0.000000000000000000e+00
6.110000000000000000e+02,2.593000000000000000e+03,3.903602915111903826e+02,5.656854249492380277e-02,3.100000000000000000e+01,1.543549849600000000e+10,1.268652310528000000e+12,2.477414608001708984e+00
1.682000000000000000e+03,2.248000000000000000e+03,4.268515025662721314e+02,1.528879526889832530e-01,3.000000000000000000e+00,5.031784038400000000e+10,4.124430041088000000e+12,3.194062948226928711e+00
1.823000000000000000e+03,1.935000000000000000e+03,1.555679688526835776e+02,1.315334104411640948e-01,1.610000000000000000e+02,1.280539904000000000e+09,4.004363632640000000e+11,8.078122884035110474e-02
2.853000000000000000e+03,3.985000000000000000e+03,3.824756792381552941e+02,1.733359497447742315e-01,2.000000000000000000e+00,5.628931686400000000e+10,6.278159532032000000e+12,7.123951315879821777e-01
3.620000000000000000e+03,3.410000000000000000e+03,2.144365421349904750e+02,1.502313031443328895e-01,4.200000000000000000e+01,1.222075596800000000e+10,1.233799348224000000e+12,5.440852642059326172e-01
1.801000000000000000e+03,7.960000000000000000e+02,1.002136774428730064e+02,1.315334104411640948e-01,1.630000000000000000e+02,2.709165312000000000e+09,3.863595909120000000e+11,0.000000000000000000e+00
1.851000000000000000e+03,1.581000000000000000e+03,2.430547594731562100e+01,1.333333333333333315e-01,2.310000000000000000e+02,1.867093120000000000e+09,2.600269414400000000e+11,2.516664098948240280e-03
2.829000000000000000e+03,3.820000000000000000e+02,6.103753032566868342e+01,1.863389981249824745e-01,3.690000000000000000e+02,5.351056320000000000e+08,1.365955379200000000e+11,6.768663879483938217e-04
6.560000000000000000e+02,3.905000000000000000e+03,5.915923193378291955e+01,0.000000000000000000e+00,1.960000000000000000e+02,6.868819840000000000e+08,2.607462809600000000e+11,2.266290783882141113e-02
3.490000000000000000e+03,3.190000000000000000e+03,1.261697715917511147e+02,1.904761904761904656e-01,6.700000000000000000e+01,6.759896064000000000e+09,7.669665628160000000e+11,5.162037611007690430e-01
1.308000000000000000e+03,1.401000000000000000e+03,7.605064370047966804e+01,1.756820922315766309e-01,3.700000000000000000e+01,6.610348032000000000e+09,4.648333803520000000e+11,1.881828457117080688e-01
2.729000000000000000e+03,2.469000000000000000e+03,1.181222813120368613e+02,1.792654619833765339e-01,5.300000000000000000e+01,8.349897216000000000e+09,1.000912453632000000e+12,8.435634374618530273e-01
3.580000000000000000e+02,2.156000000000000000e+03,4.220038857641853838e+02,1.915818391915925789e-01,1.000000000000000000e+00,5.404031385600000000e+10,4.775771897856000000e+12,1.709547489881515503e-01
2.724000000000000000e+03,2.470000000000000000e+03,2.539075096348242084e+02,9.722034684781695468e-02,5.300000000000000000e+01,8.349897216000000000e+09,1.000912453632000000e+12,8.435634374618530273e-01
3.400000000000000000e+02,1.476000000000000000e+03,3.656977177787575215e+02,1.545157428361449981e-01,7.000000000000000000e+00,3.392714137600000000e+10,2.913892564992000000e+12,4.570787429809570312e+00
4.140000000000000000e+02,1.372000000000000000e+03,2.528177692281622342e+02,1.145307118227127940e-01,4.000000000000000000e+00,3.802601062400000000e+10,4.025006424064000000e+12,3.468478620052337646e-01
2.023000000000000000e+03,7.850000000000000000e+02,1.035521184497619345e+02,1.716929178792375721e-01,6.800000000000000000e+01,5.959005184000000000e+09,8.359626014720000000e+11,1.076989397406578064e-01
3.380000000000000000e+02,1.475000000000000000e+03,4.380058283190476800e+02,1.249425947156866806e-01,7.000000000000000000e+00,3.392714137600000000e+10,2.913892564992000000e+12,4.570787429809570312e+00
2.111000000000000000e+03,3.607000000000000000e+03,6.298557988792452988e+01,1.178511301977579334e-01,3.620000000000000000e+02,3.237032320000000000e+08,1.473524695040000000e+11,3.438935428857803345e-02
3.530000000000000000e+02,3.392000000000000000e+03,1.510631533310207999e+02,2.000000000000000111e-01,8.200000000000000000e+01,6.290100736000000000e+09,6.371417128960000000e+11,2.918904721736907959e-01
3.570000000000000000e+03,1.255000000000000000e+03,9.833944061319989771e+01,1.176470588235294101e-01,1.380000000000000000e+02,3.022589184000000000e+09,4.204997181440000000e+11,4.476498663425445557e-01
1.316000000000000000e+03,1.710000000000000000e+03,6.211876211326136143e+01,1.571348402636772446e-01,9.900000000000000000e+01,6.651615232000000000e+09,4.739571056640000000e+11,5.995762534439563751e-03
1.820000000000000000e+03,1.056000000000000000e+03,2.852568655625486258e+02,7.443229275647869625e-02,1.060000000000000000e+02,2.685982464000000000e+09,6.262559211520000000e+11,8.711945414543151855e-01
1.313000000000000000e+03,1.713000000000000000e+03,1.084341775990104679e+02,7.856742013183862228e-02,9.900000000000000000e+01,6.651615232000000000e+09,4.739571056640000000e+11,5.995762534439563751e-03
2.819000000000000000e+03,1.289000000000000000e+03,7.278335031997517035e+01,0.000000000000000000e+00,3.180000000000000000e+02,5.085496640000000000e+08,5.448243200000000000e+10,1.716505968943238258e-03
3.257000000000000000e+03,1.011000000000000000e+03,8.616043156953503512e+01,1.885618083164126990e-01,2.050000000000000000e+02,1.157463040000000000e+09,2.754100920320000000e+11,3.203420713543891907e-02
1.206000000000000000e+03,1.655000000000000000e+03,9.075807425809425411e+01,1.863389981249824745e-01,3.470000000000000000e+02,5.773256320000000000e+08,1.564047933440000000e+11,8.532965183258056641e-02
2.802000000000000000e+03,3.043000000000000000e+03,1.175892099966420687e+02,1.756820922315766309e-01,7.900000000000000000e+01,6.795408384000000000e+09,4.628956774400000000e+11,4.103572666645050049e-01
2.468000000000000000e+03,2.295000000000000000e+03,7.147994629041858161e+01,1.764705882352941291e-01,1.400000000000000000e+02,3.021581056000000000e+09,3.996486205440000000e+11,7.970087528228759766e-01
1.660000000000000000e+02,2.069000000000000000e+03,8.869871203937098869e+01,8.333333333333332871e-02,3.850000000000000000e+02,5.595765120000000000e+08,1.562758676480000000e+11,2.008460089564323425e-02
3.686000000000000000e+03,2.879000000000000000e+03,3.235198966945085886e+02,7.985957062499249304e-02,2.100000000000000000e+01,2.165043609600000000e+10,1.786106085376000000e+12,1.058541417121887207e+00
2.830000000000000000e+03,3.830000000000000000e+02,1.029615293129887732e+02,8.333333333333332871e-02,3.690000000000000000e+02,5.351056320000000000e+08,1.365955379200000000e+11,6.768663879483938217e-04
2.501000000000000000e+03,2.618000000000000000e+03,8.878437873868259089e+01,7.692307692307692735e-02,2.440000000000000000e+02,7.854515840000000000e+08,1.657421332480000000e+11,0.000000000000000000e+00
2.392000000000000000e+03,3.240000000000000000e+02,3.547883456935197160e+02,1.386483884679504952e-01,0.000000000000000000e+00,8.377669222400000000e+10,1.136895144755200000e+13,5.675861835479736328e-01
1.179000000000000000e+03,1.480000000000000000e+03,7.552604182695165491e+01,1.720052290384453675e-01,3.410000000000000000e+02,5.061010880000000000e+08,1.726660935680000000e+11,0.000000000000000000e+00
3.530000000000000000e+03,1.722000000000000000e+03,5.184732017192341402e+01,1.720052290384453675e-01,3.050000000000000000e+02,8.581805440000000000e+08,1.842686033920000000e+11,0.000000000000000000e+00
1.169000000000000000e+03,2.500000000000000000e+02,1.057984726148076078e+02,1.666666666666666574e-01,1.100000000000000000e+02,4.937474048000000000e+09,5.120097320960000000e+11,1.020596385002136230e+00
2.163000000000000000e+03,2.606000000000000000e+03,1.468168932153150195e+02,1.844626385704036808e-01,5.100000000000000000e+01,8.195988992000000000e+09,1.038099021824000000e+12,2.238056659698486328e-01
1.660000000000000000e+03,1.081000000000000000e+03,9.204894286098195266e+01,9.428090415820634951e-02,1.900000000000000000e+02,1.711664896000000000e+09,2.957806796800000000e+11,0.000000000000000000e+00
3.615000000000000000e+03,3.973000000000000000e+03,1.088609791051576821e+02,1.944406936956339094e-01,4.900000000000000000e+01,1.021636915200000000e+10,1.022901485568000000e+12,6.887623667716979980e-01
1.663000000000000000e+03,1.078000000000000000e+03,6.625997071375002179e+01,1.885618083164126990e-01,1.900000000000000000e+02,1.711664896000000000e+09,2.957806796800000000e+11,0.000000000000000000e+00
3.103000000000000000e+03,3.390000000000000000e+02,1.296130011750879305e+02,1.242259987499883256e-01,1.200000000000000000e+02,1.610145920000000000e+09,4.548143677440000000e+11,8.406070992350578308e-03
1.458000000000000000e+03,3.573000000000000000e+03,6.817626898004837699e+01,1.863389981249824745e-01,3.540000000000000000e+02,3.307080320000000000e+08,1.579146117120000000e+11,6.042137742042541504e-02
3.427000000000000000e+03,9.410000000000000000e+02,5.424807524525231628e+01,1.875000000000000000e-01,1.590000000000000000e+02,2.391091456000000000e+09,3.734835691520000000e+11,0.000000000000000000e+00
2.731000000000000000e+03,2.721000000000000000e+03,2.516256797802308256e+02,1.333333333333333315e-01,2.070000000000000000e+02,1.396155776000000000e+09,2.768124968960000000e+11,1.600566804409027100e-01
2.251000000000000000e+03,1.338000000000000000e+03,1.647528710517061654e+02,1.638886943392722229e-01,6.900000000000000000e+01,6.535744512000000000e+09,8.611923230720000000e+11,9.509965181350708008e-01
2.015000000000000000e+03,3.984000000000000000e+03,2.188911437063082417e+02,1.944406936956339094e-01,4.600000000000000000e+01,1.164763852800000000e+10,1.045021261824000000e+12,1.535035371780395508e+00
1.568000000000000000e+03,2.416000000000000000e+03,1.969439721100567908e+02,6.734350297014739251e-02,8.100000000000000000e+01,2.113757184000000000e+09,7.291969863680000000e+11,5.292919650673866272e-02
1.457000000000000000e+03,3.571000000000000000e+03,7.252725954663081893e+02,0.000000000000000000e+00,3.540000000000000000e+02,3.307080320000000000e+08,1.579146117120000000e+11,6.042137742042541504e-02
6.950000000000000000e+02,3.330000000000000000e+02,4.793483878497371364e+01,8.333333333333332871e-02,2.970000000000000000e+02,5.074717760000000000e+08,1.627715010560000000e+11,7.526428252458572388e-02
2.583000000000000000e+03,8.380000000000000000e+02,2.012720809514040070e+02,1.585809856006792640e-01,2.600000000000000000e+01,1.537867468800000000e+10,1.513454567424000000e+12,1.694393157958984375e+00
1.419000000000000000e+03,1.421000000000000000e+03,1.460857257189827010e+02,1.666666666666666574e-01,1.140000000000000000e+02,3.367604480000000000e+09,4.616201175040000000e+11,4.400322437286376953e-01
2.145000000000000000e+03,3.750000000000000000e+02,1.765000246225376941e+02,6.666666666666666574e-02,2.230000000000000000e+02,1.358996096000000000e+09,2.736059351040000000e+11,2.617974281311035156e-01
2.884000000000000000e+03,3.524000000000000000e+03,2.924671376967734773e+02,8.281733249999222168e-02,2.800000000000000000e+01,1.246307840000000000e+10,1.611237163008000000e+12,9.548643231391906738e-01
2.527000000000000000e+03,1.014000000000000000e+03,2.017580913553130983e+02,1.699673171197594868e-01,9.000000000000000000e+00,2.156558540800000000e+10,2.274888253440000000e+12,8.735226988792419434e-01
3.692000000000000000e+03,1.590000000000000000e+02,5.413319403699573229e+01,1.664356663246515655e-01,9.600000000000000000e+01,5.135301632000000000e+09,6.143458672640000000e+11,2.233735471963882446e-01
3.155000000000000000e+03,3.273000000000000000e+03,5.218368951356978869e+02,1.333333333333333315e-01,2.240000000000000000e+02,6.962512000000000000e+08,2.676758282240000000e+11,1.371105313301086426e-01
3.610000000000000000e+02,2.158000000000000000e+03,7.113698285241949861e+02,1.341847240419153930e-01,1.000000000000000000e+00,5.404031385600000000e+10,4.775771897856000000e+12,1.709547489881515503e-01
9.860000000000000000e+02,1.024000000000000000e+03,2.372383929283852240e+02,1.720052290384453675e-01,2.910000000000000000e+02,1.149223552000000000e+09,2.001802035200000000e+11,1.450264174491167068e-02
2.410000000000000000e+02,1.135000000000000000e+03,2.055373951097681982e+02,1.567630989332169100e-01,5.600000000000000000e+01,8.372165632000000000e+09,9.969321902080000000e+11,1.320460557937622070e+00
2.517000000000000000e+03,1.575000000000000000e+03,2.875658364580930311e+02,8.695652173913043237e-02,4.400000000000000000e+01,1.090394419200000000e+10,1.034238296064000000e+12,7.928316593170166016e-01
7.280000000000000000e+02,2.777000000000000000e+03,1.772717305721033085e+02,9.316949906249123725e-02,4.300000000000000000e+01,6.625502720000000000e+09,1.240374575104000000e+12,7.242954522371292114e-02
1.437000000000000000e+03,1.479000000000000000e+03,4.068763164968309098e+01,1.490711984999859852e-01,2.330000000000000000e+02,2.212824576000000000e+09,2.835332136960000000e+11,0.000000000000000000e+00
2.080000000000000000e+03,1.644000000000000000e+03,6.070523703423882012e+01,0.000000000000000000e+00,4.360000000000000000e+02,4.850862720000000000e+08,1.028187176960000000e+11,0.000000000000000000e+00
3.086000000000000000e+03,3.613000000000000000e+03,3.998259806441678279e+02,1.090440572471854941e-01,1.300000000000000000e+01,1.881086976000000000e+10,2.053483003904000000e+12,1.574149370193481445e+00
2.390000000000000000e+03,3.320000000000000000e+02,3.883474246810926616e+02,2.772967769359009974e-02,0.000000000000000000e+00,8.377669222400000000e+10,1.136895144755200000e+13,5.675861835479736328e-01
2.692000000000000000e+03,3.213000000000000000e+03,2.035111374045947343e+02,1.010152544552210818e-01,1.980000000000000000e+02,1.823513216000000000e+09,2.506064363520000000e+11,1.331411115825176239e-02
3.420000000000000000e+02,1.470000000000000000e+03,4.730214625049397341e+02,9.582659576267817114e-02,7.000000000000000000e+00,3.392714137600000000e+10,2.913892564992000000e+12,4.570787429809570312e+00
3.610000000000000000e+02,2.166000000000000000e+03,7.296917722903668846e+02,8.321783316232578276e-02,1.000000000000000000e+00,5.404031385600000000e+10,4.775771897856000000e+12,1.709547489881515503e-01
6.150000000000000000e+02,9.230000000000000000e+02,7.140805496484976800e+01,1.346870059402947850e-01,7.700000000000000000e+01,5.899091456000000000e+09,7.579769241600000000e+11,0.000000000000000000e+00
1.025000000000000000e+03,1.669000000000000000e+03,5.786693365807605005e+02,1.414213562373095034e-01,4.440000000000000000e+02,8.562755200000000000e+08,7.557586944000000000e+10,0.000000000000000000e+00
2.397000000000000000e+03,3.330000000000000000e+02,2.907762450314897933e+02,1.240108886340541006e-01,0.000000000000000000e+00,8.377669222400000000e+10,1.136895144755200000e+13,5.675861835479736328e-01
3.496000000000000000e+03,3.190000000000000000e+03,1.878265039399314560e+02,9.523809523809523281e-02,6.700000000000000000e+01,6.759896064000000000e+09,7.669665628160000000e+11,5.162037611007690430e-01
3.778000000000000000e+03,1.960000000000000000e+03,9.519313728449100154e+01,9.428090415820634951e-02,1.950000000000000000e+02,1.265744256000000000e+09,2.763455201280000000e+11,7.307041436433792114e-02
2.420000000000000000e+02,1.136000000000000000e+03,2.164180105354128045e+02,1.567630989332169100e-01,5.600000000000000000e+01,8.372165632000000000e+09,9.969321902080000000e+11,1.320460557937622070e+00
3.370000000000000000e+03,2.982000000000000000e+03,4.347645756143960938e+01,1.178511301977579334e-01,3.950000000000000000e+02,4.555417600000000000e+08,1.569063075840000000e+11,2.446600701659917831e-03
2.353000000000000000e+03,2.640000000000000000e+03,6.701221611996868432e+01,1.178511301977579334e-01,3.960000000000000000e+02,3.692078080000000000e+08,1.317974343680000000e+11,2.518715336918830872e-02
2.008000000000000000e+03,3.983000000000000000e+03,2.006769887214243226e+02,1.844626385704036808e-01,4.600000000000000000e+01,1.164763852800000000e+10,1.045021261824000000e+12,1.535035371780395508e+00
1.205000000000000000e+03,1.657000000000000000e+03,9.341975633812208457e+01,1.666666666666666574e-01,3.470000000000000000e+02,5.773256320000000000e+08,1.564047933440000000e+11,8.532965183258056641e-02
3.158000000000000000e+03,3.367000000000000000e+03,1.431691577322987712e+02,1.571348402636772446e-01,1.050000000000000000e+02,4.555825664000000000e+09,4.907443159040000000e+11,8.129624128341674805e-01
7.420000000000000000e+02,1.102000000000000000e+03,1.021458833302769307e+02,1.756820922315766309e-01,1.220000000000000000e+02,2.339360768000000000e+09,4.686494105600000000e+11,2.064795345067977905e-01
1.020000000000000000e+02,1.330000000000000000e+03,1.347573255455012031e+02,1.739130434782608647e-01,5.000000000000000000e+01,7.797797888000000000e+09,1.035582898176000000e+12,4.051990509033203125e-01
9.210000000000000000e+02,6.200000000000000000e+01,1.125264196100577578e+02,1.775636558361101958e-01,5.000000000000000000e+00,3.720409907200000000e+10,5.819019034624000000e+12,4.008188247680664062e-01
3.092000000000000000e+03,3.615000000000000000e+03,2.496556027712156549e+02,1.462979547282511894e-01,1.300000000000000000e+01,1.881086976000000000e+10,2.053483003904000000e+12,1.574149370193481445e+00
2.040000000000000000e+03,3.780000000000000000e+03,4.460234500276482095e+02,1.087856586440842377e-01,3.280000000000000000e+02,9.917941760000000000e+08,1.777407426560000000e+11,2.566045336425304413e-02
3.690000000000000000e+02,3.311000000000000000e+03,5.640389446785020766e+01,1.664356663246515655e-01,4.700000000000000000e+01,9.861278720000000000e+09,5.817014681600000000e+11,1.430872678756713867e+00
3.106000000000000000e+03,1.267000000000000000e+03,7.018674790572684685e+01,1.963383631246505001e-01,7.800000000000000000e+01,5.756817408000000000e+09,7.567747317760000000e+11,5.334236100316047668e-02
3.619000000000000000e+03,3.967000000000000000e+03,2.383613952614600748e+02,1.229750923802691437e-01,4.900000000000000000e+01,1.021636915200000000e+10,1.022901485568000000e+12,6.887623667716979980e-01
1.837000000000000000e+03,8.810000000000000000e+02,6.826585598434637348e+01,1.010152544552210818e-01,2.300000000000000000e+02,1.177191040000000000e+09,2.513947852800000000e+11,0.000000000000000000e+00
3.387000000000000000e+03,3.860000000000000000e+03,6.674213695756006359e+01,1.597191412499849861e-01,2.530000000000000000e+02,1.240023296000000000e+09,2.367600394240000000e+11,0.000000000000000000e+00
2.847000000000000000e+03,3.989000000000000000e+03,6.854869973954248508e+02,5.323971374999499767e-02,2.000000000000000000e+00,5.628931686400000000e+10,6.278159532032000000e+12,7.123951315879821777e-01
2.750000000000000000e+02,3.805000000000000000e+03,6.629385715191796180e+01,1.178511301977579334e-01,3.060000000000000000e+02,4.257210880000000000e+08,1.476218224640000000e+11,1.062473375350236893e-02
1.924000000000000000e+03,3.051000000000000000e+03,6.210951452628932401e+01,1.663780661615406053e-01,1.660000000000000000e+02,2.417051648000000000e+09,3.856119562240000000e+11,4.769425466656684875e-02
3.390000000000000000e+03,2.934000000000000000e+03,1.165700152884050880e+02,9.523809523809523281e-02,7.200000000000000000e+01,7.327007232000000000e+09,7.772913664000000000e+11,0.000000000000000000e+00
2.977000000000000000e+03,4.500000000000000000e+01,2.991500905631463638e+02,1.129384878631564115e-01,2.200000000000000000e+01,1.112703795200000000e+10,1.769099100160000000e+12,1.792023628950119019e-01
3.182000000000000000e+03,3.194000000000000000e+03,6.556276713380117371e+01,1.666666666666666574e-01,3.520000000000000000e+02,5.111344960000000000e+08,1.465756876800000000e+11,7.448452711105346680e-02
1.657000000000000000e+03,3.699000000000000000e+03,9.643298932233912524e+01,2.000000000000000111e-01,9.300000000000000000e+01,2.634921984000000000e+09,6.339202908160000000e+11,4.281575083732604980e-01
9.170000000000000000e+02,6.200000000000000000e+01,9.065337986891906041e+01,1.775636558361101958e-01,5.000000000000000000e+00,3.720409907200000000e+10,5.819019034624000000e+12,4.008188247680664062e-01
2.485000000000000000e+03,2.517000000000000000e+03,1.147031305244414909e+02,1.897658566033678385e-01,7.500000000000000000e+01,5.647273984000000000e+09,6.097907220480000000e+11,6.713297367095947266e-01
3.566000000000000000e+03,1.257000000000000000e+03,1.149853867202437385e+02,1.663780661615406053e-01,1.380000000000000000e+02,3.022589184000000000e+09,4.204997181440000000e+11,4.476498663425445557e-01
2.017000000000000000e+03,3.624000000000000000e+03,5.324171734824062696e+01,1.863389981249824745e-01,3.890000000000000000e+02,5.083081280000000000e+08,1.482653859840000000e+11,2.867386676371097565e-02
2.254000000000000000e+03,1.114000000000000000e+03,4.757582360790306666e+02,8.281733249999222168e-02,2.500000000000000000e+01,1.306004275200000000e+10,1.702466420736000000e+12,0.000000000000000000e+00
1.277000000000000000e+03,1.803000000000000000e+03,1.742344312799545776e+02,1.863389981249824745e-01,4.100000000000000000e+01,1.095597670400000000e+10,1.212032876544000000e+12,5.461735725402832031e-01
2.208000000000000000e+03,3.700000000000000000e+03,1.108020863569624055e+02,1.860163329510811370e-01,1.260000000000000000e+02,1.674342144000000000e+09,3.931353251840000000e+11,3.196120858192443848e-01
3.400000000000000000e+03,9.810000000000000000e+02,8.987139222882322542e+01,1.490711984999859852e-01,2.390000000000000000e+02,1.094699904000000000e+09,2.605480509440000000e+11,7.193678617477416992e-02
6.150000000000000000e+02,9.190000000000000000e+02,8.610623837282969362e+01,1.346870059402947850e-01,7.700000000000000000e+01,5.899091456000000000e+09,7.579769241600000000e+11,0.000000000000000000e+00
3.271000000000000000e+03,2.769000000000000000e+03,1.883642355333017235e+02,9.316949906249123725e-02,3.800000000000000000e+01,6.768592384000000000e+09,1.212657696768000000e+12,3.731330037117004395e-01
2.331000000000000000e+03,1.638000000000000000e+03,1.948880479740626583e+02,6.666666666666666574e-02,1.340000000000000000e+02,1.772967168000000000e+09,2.816054394880000000e+11,6.904131919145584106e-02
2.886000000000000000e+03,3.521000000000000000e+03,1.817521088513636585e+02,1.888525745775105347e-01,2.800000000000000000e+01,1.246307840000000000e+10,1.611237163008000000e+12,9.548643231391906738e-01
3.220000000000000000e+02,2.059000000000000000e+03,1.269707178031838311e+02,7.142857142857142461e-02,2.460000000000000000e+02,1.691814400000000000e+09,2.299914813440000000e+11,4.089944437146186829e-02
1.248000000000000000e+03,2.151000000000000000e+03,9.453726977346563842e+01,1.538461538461538547e-01,3.140000000000000000e+02,7.569043840000000000e+08,1.834407690240000000e+11,1.344446092844009399e-01
1.670000000000000000e+02,2.145000000000000000e+03,4.546724193258863522e+01,1.720052290384453675e-01,3.240000000000000000e+02,3.948697280000000000e+08,1.732660756480000000e+11,0.000000000000000000e+00
3.780000000000000000e+03,1.958000000000000000e+03,9.592771438441782550e+01,9.428090415820634951e-02,1.950000000000000000e+02,1.265744256000000000e+09,2.763455201280000000e+11,7.307041436433792114e-02
3.688000000000000000e+03,1.550000000000000000e+02,2.070902790820973394e+02,1.664356663246515655e-01,9.600000000000000000e+01,5.135301632000000000e+09,6.143458672640000000e+11,2.233735471963882446e-01
3.813000000000000000e+03,3.619000000000000000e+03,4.021038045296663910e+01,1.818181818181818232e-01,4.370000000000000000e+02,4.168623680000000000e+08,1.162479206400000000e+11,0.000000000000000000e+00
3.688000000000000000e+03,2.877000000000000000e+03,2.568090069899581636e+02,1.071428571428571369e-01,2.100000000000000000e+01,2.165043609600000000e+10,1.786106085376000000e+12,1.058541417121887207e+00
1.066000000000000000e+03,1.140000000000000000e+02,1.401768870701936862e+02,1.176470588235294101e-01,1.470000000000000000e+02,2.007474560000000000e+09,4.196885790720000000e+11,3.573011159896850586e-01
3.042000000000000000e+03,3.389000000000000000e+03,3.103695040441339756e+02,8.944271909999158832e-02,3.300000000000000000e+01,1.268767641600000000e+10,1.303878828032000000e+12,1.093849778175354004e+00
1.849000000000000000e+03,1.583000000000000000e+03,3.068151638540206605e+01,1.333333333333333315e-01,2.310000000000000000e+02,1.867093120000000000e+09,2.600269414400000000e+11,2.516664098948240280e-03
2.396000000000000000e+03,3.340000000000000000e+02,2.986365523484960818e+02,1.143323900950058980e-01,0.000000000000000000e+00,8.377669222400000000e+10,1.136895144755200000e+13,5.675861835479736328e-01
1.604000000000000000e+03,2.122000000000000000e+03,2.204156531956878382e+02,1.874138920735300140e-01,5.400000000000000000e+01,1.122953011200000000e+10,8.577714094080000000e+11,2.445178747177124023e+00
3.630000000000000000e+02,2.163000000000000000e+03,5.645670854555484084e+02,7.894736842105262720e-02,1.000000000000000000e+00,5.404031385600000000e+10,4.775771897856000000e+12,1.709547489881515503e-01
3.510000000000000000e+02,6.120000000000000000e+02,1.398035322520929640e+02,1.064794274999899953e-01,7.400000000000000000e+01,3.999097856000000000e+09,7.883710136320000000e+11,1.153122663497924805e+00
2.828000000000000000e+03,1.217000000000000000e+03,1.679794740679829772e+02,1.176877882894626220e-01,9.100000000000000000e+01,2.423620608000000000e+09,5.533967974400000000e+11,5.127481222152709961e-01
1.935000000000000000e+03,2.850000000000000000e+02,1.809791035318326067e+02,8.333333333333332871e-02,3.670000000000000000e+02,5.155913600000000000e+08,1.472662405120000000e+11,1.946306824684143066e-01
2.519000000000000000e+03,1.573000000000000000e+03,1.709590455576577881e+02,1.944406936956339094e-01,4.400000000000000000e+01,1.090394419200000000e+10,1.034238296064000000e+12,7.928316593170166016e-01
2.730000000000000000e+03,3.620000000000000000e+02,1.377855162400979339e+02,1.720052290384453675e-01,2.990000000000000000e+02,5.162441920000000000e+08,1.705914368000000000e+11,1.019609123468399048e-01
3.410000000000000000e+02,1.475000000000000000e+03,3.844275519302181010e+02,1.355192713636236279e-01,7.000000000000000000e+00,3.392714137600000000e+10,2.913892564992000000e+12,4.570787429809570312e+00
1.134000000000000000e+03,8.710000000000000000e+02,1.154820610168734873e+02,1.397542485937368628e-01,1.530000000000000000e+02,3.903179264000000000e+09,3.433034219520000000e+11,4.950304031372070312e-01
3.186000000000000000e+03,3.625000000000000000e+03,6.288710372622378486e+01,1.720052290384453675e-01,3.330000000000000000e+02,5.459247360000000000e+08,1.804148080640000000e+11,2.241535298526287079e-02
4.010000000000000000e+02,8.130000000000000000e+02,2.328668438291776965e+02,6.428243465332250661e-02,5.900000000000000000e+01,7.918117376000000000e+09,9.050025492480000000e+11,1.697563409805297852e+00
3.203000000000000000e+03,1.943000000000000000e+03,1.193636530302231336e+01,5.555555555555555247e-02,1.490000000000000000e+02,4.130169088000000000e+09,5.134606336000000000e+11,0.000000000000000000e+00
2.225000000000000000e+03,3.059000000000000000e+03,6.694951713955343564e+01,1.374903330507991073e-01,1.600000000000000000e+01,1.937281843200000000e+10,1.002276192256000000e+12,7.867671847343444824e-01
8.490000000000000000e+02,2.069000000000000000e+03,1.626740025841252191e+02,1.863389981249824745e-01,4.500000000000000000e+01,1.243060633600000000e+10,1.139536691200000000e+12,6.545064449310302734e-01
1.621000000000000000e+03,6.100000000000000000e+01,1.235330810958475070e+02,1.756820922315766309e-01,1.020000000000000000e+02,5.742077440000000000e+09,5.014899261440000000e+11,8.554428815841674805e-01
1.010000000000000000e+02,1.330000000000000000e+03,2.178277441222483901e+02,1.792654619833765339e-01,5.000000000000000000e+01,7.797797888000000000e+09,1.035582898176000000e+12,4.051990509033203125e-01
2.385000000000000000e+03,3.360000000000000000e+02,2.576248646209623416e+02,1.531421505079736123e-01,0.000000000000000000e+00,8.377669222400000000e+10,1.136895144755200000e+13,5.675861835479736328e-01
1.147000000000000000e+03,1.556000000000000000e+03,9.770549450718036155e+01,1.538461538461538547e-01,3.100000000000000000e+02,8.167900800000000000e+08,1.839095480320000000e+11,0.000000000000000000e+00
3.428000000000000000e+03,1.226000000000000000e+03,8.057144266160744905e+01,1.860163329510811370e-01,1.130000000000000000e+02,2.657031680000000000e+09,3.958027059200000000e+11,1.962056942284107208e-02
2.979000000000000000e+03,4.200000000000000000e+01,2.249593767664980817e+02,1.923273145405179907e-01,2.200000000000000000e+01,1.112703795200000000e+10,1.769099100160000000e+12,1.792023628950119019e-01
3.078000000000000000e+03,2.313000000000000000e+03,4.807771635167360387e+02,0.000000000000000000e+00,2.670000000000000000e+02,1.123539072000000000e+09,2.090375905280000000e+11,1.689279526472091675e-01
1.320000000000000000e+03,2.832000000000000000e+03,1.112842589315534951e+02,0.000000000000000000e+00,2.870000000000000000e+02,8.163894400000000000e+08,2.115932815360000000e+11,0.000000000000000000e+00
2.842000000000000000e+03,3.990000000000000000e+03,5.218146924983856252e+02,1.190476190476190410e-01,2.000000000000000000e+00,5.628931686400000000e+10,6.278159532032000000e+12,7.123951315879821777e-01
2.584000000000000000e+03,8.380000000000000000e+02,1.538213317838264800e+02,1.961161351381840168e-01,2.600000000000000000e+01,1.537867468800000000e+10,1.513454567424000000e+12,1.694393157958984375e+00
1.196000000000000000e+03,1.706000000000000000e+03,1.116825884442604462e+02,1.315334104411640948e-01,1.160000000000000000e+02,3.898425856000000000e+09,4.367803351040000000e+11,0.000000000000000000e+00
2.173000000000000000e+03,1.100000000000000000e+02,3.642013564498818141e+02,1.317615691736824801e-01,3.900000000000000000e+01,1.259311308800000000e+10,1.231577808896000000e+12,2.042043924331665039e+00
2.394000000000000000e+03,9.190000000000000000e+02,1.333567318816679119e+02,6.250000000000000000e-02,1.620000000000000000e+02,2.895883776000000000e+09,3.341555793920000000e+11,2.132596969604492188e-01
3.657000000000000000e+03,4.520000000000000000e+02,2.478520599082122260e+02,1.963383631246505001e-01,6.600000000000000000e+01,7.834381824000000000e+09,8.073894297600000000e+11,1.438179731369018555e+00
1.798000000000000000e+03,7.990000000000000000e+02,9.087287843141015742e+01,1.315334104411640948e-01,1.630000000000000000e+02,2.709165312000000000e+09,3.863595909120000000e+11,0.000000000000000000e+00
3.150000000000000000e+03,3.953000000000000000e+03,5.424311038832052390e+01,1.976423537605237202e-01,2.100000000000000000e+02,5.425520640000000000e+08,3.273477652480000000e+11,0.000000000000000000e+00
1.921000000000000000e+03,3.055000000000000000e+03,5.288633573205408567e+01,1.315334104411640948e-01,1.660000000000000000e+02,2.417051648000000000e+09,3.856119562240000000e+11,4.769425466656684875e-02
2.780000000000000000e+03,3.286000000000000000e+03,1.205134675282229466e+02,1.064794274999899953e-01,6.200000000000000000e+01,7.472852480000000000e+09,7.617833861120000000e+11,6.833025813102722168e-01
3.650000000000000000e+02,2.158000000000000000e+03,4.020882953366885317e+02,1.860807318911967267e-01,1.000000000000000000e+00,5.404031385600000000e+10,4.775771897856000000e+12,1.709547489881515503e-01
2.380000000000000000e+03,1.728000000000000000e+03,4.155595148728724553e+01,1.756820922315766309e-01,1.300000000000000000e+02,3.632104192000000000e+09,4.624581591040000000e+11,1.768329180777072906e-02
9.190000000000000000e+02,4.700000000000000000e+01,5.791945213109555368e+01,1.951219512195122019e-01,5.000000000000000000e+00,3.720409907200000000e+10,5.819019034624000000e+12,4.008188247680664062e-01
3.569000000000000000e+03,1.253000000000000000e+03,1.382286298712777182e+02,1.315334104411640948e-01,1.380000000000000000e+02,3.022589184000000000e+09,4.204997181440000000e+11,4.476498663425445557e-01
1.440000000000000000e+02,1.418000000000000000e+03,1.019856911896377767e+02,8.318903308077030267e-02,1.360000000000000000e+02,2.809626368000000000e+09,3.971332505600000000e+11,3.292922303080558777e-02
3.044000000000000000e+03,3.637000000000000000e+03,7.481973648595192117e+01,1.818181818181818232e-01,4.350000000000000000e+02,4.158810240000000000e+08,1.147037286400000000e+11,0.000000000000000000e+00
2.641000000000000000e+03,3.081000000000000000e+03,3.195819973856731053e+02,1.515228816828315950e-01,1.000000000000000000e+01,2.532703436800000000e+10,1.915071758336000000e+12,4.421397686004638672e+00
3.491000000000000000e+03,3.189000000000000000e+03,1.792820717279449241e+02,1.505846504842085487e-01,6.700000000000000000e+01,6.759896064000000000e+09,7.669665628160000000e+11,5.162037611007690430e-01
2.514000000000000000e+03,5.080000000000000000e+02,8.601480152154137215e+01,1.087856586440842377e-01,3.350000000000000000e+02,5.515812480000000000e+08,1.945871646720000000e+11,4.840171895921230316e-03
1.068000000000000000e+03,3.160000000000000000e+02,7.980586127574680688e+01,1.490711984999859852e-01,2.360000000000000000e+02,1.219746304000000000e+09,2.748856074240000000e+11,0.000000000000000000e+00
3.972000000000000000e+03,2.415000000000000000e+03,2.243717167907925045e+02,1.923076923076923184e-01,2.700000000000000000e+01,1.238435225600000000e+10,1.530468237312000000e+12,2.036925554275512695e+00
2.506000000000000000e+03,1.865000000000000000e+03,1.552109407904931686e+02,8.318903308077030267e-02,1.280000000000000000e+02,4.207731712000000000e+09,4.357716705280000000e+11,1.003083679825067520e-02
3.408000000000000000e+03,2.281000000000000000e+03,5.150522769288949121e+01,2.000000000000000111e-01,1.870000000000000000e+02,1.219883392000000000e+09,3.004904243200000000e+11,1.182178035378456116e-01
3.145000000000000000e+03,9.990000000000000000e+02,1.064150287261715704e+02,1.664356663246515655e-01,9.500000000000000000e+01,3.394375168000000000e+09,5.609730211840000000e+11,7.624695897102355957e-01
1.640000000000000000e+02,2.070000000000000000e+03,1.494646670545660925e+02,1.666666666666666574e-01,3.850000000000000000e+02,5.595765120000000000e+08,1.562758676480000000e+11,2.008460089564323425e-02
3.128000000000000000e+03,2.940000000000000000e+03,1.010183443544489705e+02,1.818181818181818232e-01,4.390000000000000000e+02,4.905143680000000000e+08,1.041386618880000000e+11,2.955183619633316994e-03
1.316000000000000000e+03,1.711000000000000000e+03,7.470227535528250939e+01,1.242259987499883256e-01,9.900000000000000000e+01,6.651615232000000000e+09,4.739571056640000000e+11,5.995762534439563751e-03
1.810000000000000000e+02,2.693000000000000000e+03,1.357298633872171365e+02,1.242259987499883256e-01,1.180000000000000000e+02,2.033851904000000000e+09,4.885573795840000000e+11,6.876211613416671753e-02
3.260000000000000000e+03,1.564000000000000000e+03,8.903939919449337026e+01,7.142857142857142461e-02,2.600000000000000000e+02,7.938867200000000000e+08,2.138420510720000000e+11,1.661869138479232788e-01
2.633000000000000000e+03,2.681000000000000000e+03,4.393083835769719485e+02,1.264911064067351931e-01,3.400000000000000000e+01,1.456821657600000000e+10,1.276274671616000000e+12,1.921485066413879395e+00
2.335000000000000000e+03,2.441000000000000000e+03,2.976496128720260117e+02,1.649242250247064112e-01,2.000000000000000000e+01,1.773182566400000000e+10,1.272934170624000000e+12,1.895519137382507324e+00
1.430000000000000000e+03,2.005000000000000000e+03,2.146265446163025956e+02,9.090909090909091161e-02,4.280000000000000000e+02,3.783943040000000000e+08,1.120649216000000000e+11,3.187136724591255188e-02
1.564000000000000000e+03,4.210000000000000000e+02,5.897117560933335767e+01,1.333333333333333315e-01,2.190000000000000000e+02,1.896797312000000000e+09,2.620838871040000000e+11,2.483881562948226929e-01
1.805000000000000000e+03,1.760000000000000000e+03,3.753160023996732519e+01,1.178511301977579334e-01,4.040000000000000000e+02,4.314691200000000000e+08,1.523989217280000000e+11,0.000000000000000000e+00
3.387000000000000000e+03,2.937000000000000000e+03,8.288489838297465440e+01,1.505846504842085487e-01,7.200000000000000000e+01,7.327007232000000000e+09,7.772913664000000000e+11,0.000000000000000000e+00
2.607000000000000000e+03,3.999000000000000000e+03,4.003065487345270981e+02,1.724137931034482873e-01,1.400000000000000000e+01,2.786027520000000000e+10,1.979431518208000000e+12,3.603759050369262695e+00
2.298000000000000000e+03,1.190000000000000000e+03,6.471225020437459818e+01,1.720052290384453675e-01,2.790000000000000000e+02,8.299195520000000000e+08,1.722283950080000000e+11,1.422405540943145752e-01
9.230000000000000000e+02,4.680000000000000000e+02,2.906962892782745485e+02,9.753196981883414940e-02,1.500000000000000000e+01,1.594162892800000000e+10,2.064746414080000000e+12,2.757654666900634766e+00
7.200000000000000000e+01,3.754000000000000000e+03,3.628310135905042699e+01,1.397542485937368628e-01,1.650000000000000000e+02,4.043890176000000000e+09,3.563160535040000000e+11,0.000000000000000000e+00
2.563000000000000000e+03,3.099000000000000000e+03,9.976503419933173689e+01,1.397542485937368628e-01,1.680000000000000000e+02,2.705936384000000000e+09,3.518693048320000000e+11,1.805059164762496948e-01
3.615000000000000000e+03,3.971000000000000000e+03,1.508519865155404318e+02,1.229750923802691437e-01,4.900000000000000000e+01,1.021636915200000000e+10,1.022901485568000000e+12,6.887623667716979980e-01
1.670000000000000000e+02,2.069000000000000000e+03,5.253963778702794940e+01,1.178511301977579334e-01,3.850000000000000000e+02,5.595765120000000000e+08,1.562758676480000000e+11,2.008460089564323425e-02
4.940000000000000000e+02,8.280000000000000000e+02,1.589785349395561411e+02,1.716929178792375721e-01,5.500000000000000000e+01,7.281438720000000000e+09,8.199545815040000000e+11,3.597804307937622070e-01
3.108000000000000000e+03,3.661000000000000000e+03,7.557457878887475999e+01,1.597191412499849861e-01,2.060000000000000000e+02,1.390374016000000000e+09,2.378899783680000000e+11,9.224576503038406372e-02
3.403000000000000000e+03,1.751000000000000000e+03,9.413253485019767197e+01,1.397542485937368628e-01,1.720000000000000000e+02,2.824540416000000000e+09,3.283790069760000000e+11,3.157474398612976074e-01
2.515000000000000000e+03,1.579000000000000000e+03,1.919996862845040368e+02,1.739130434782608647e-01,4.400000000000000000e+01,1.090394419200000000e+10,1.034238296064000000e+12,7.928316593170166016e-01
1.609000000000000000e+03,2.958000000000000000e+03,2.176164895923849656e+02,1.285648693066450132e-01,6.400000000000000000e+01,6.949873664000000000e+09,8.574791843840000000e+11,4.483140707015991211e-01
1.140000000000000000e+03,3.897000000000000000e+03,3.212633811973164484e+02,1.397542485937368628e-01,8.000000000000000000e+00,2.140511027200000000e+10,2.705576689664000000e+12,6.908459067344665527e-01
2.021000000000000000e+03,7.810000000000000000e+02,1.378005227090000915e+02,1.963383631246505001e-01,6.800000000000000000e+01,5.959005184000000000e+09,8.359626014720000000e+11,1.076989397406578064e-01
2.213000000000000000e+03,3.703000000000000000e+03,1.141373627000773610e+02,1.663780661615406053e-01,1.260000000000000000e+02,1.674342144000000000e+09,3.931353251840000000e+11,3.196120858192443848e-01
1.624000000000000000e+03,2.503000000000000000e+03,3.352444164072664989e+01,1.490711984999859852e-01,1.940000000000000000e+02,2.283313920000000000e+09,2.992840048640000000e+11,0.000000000000000000e+00
5.220000000000000000e+02,1.417000000000000000e+03,7.267547233571410459e+01,1.863389981249824745e-01,1.750000000000000000e+02,8.884802560000000000e+08,1.496278794240000000e+11,0.000000000000000000e+00
3.566000000000000000e+03,1.256000000000000000e+03,4.057917452617655272e+02,1.315334104411640948e-01,1.380000000000000000e+02,3.022589184000000000e+09,4.204997181440000000e+11,4.476498663425445557e-01
3.497000000000000000e+03,3.188000000000000000e+03,1.274331007360800356e+02,1.716929178792375721e-01,6.700000000000000000e+01,6.759896064000000000e+09,7.669665628160000000e+11,5.162037611007690430e-01
3.813000000000000000e+03,1.260000000000000000e+03,4.633527137681880959e+01,1.666666666666666574e-01,2.630000000000000000e+02,6.555905920000000000e+08,1.569963048960000000e+11,9.541357867419719696e-03
1.837000000000000000e+03,1.019000000000000000e+03,6.296442133533282970e+01,1.178511301977579334e-01,3.630000000000000000e+02,4.935514240000000000e+08,1.608073379840000000e+11,5.866875499486923218e-02
3.986000000000000000e+03,1.740000000000000000e+03,6.759853093944809643e+01,1.720052290384453675e-01,2.700000000000000000e+02,8.602592640000000000e+08,2.070787686400000000e+11,7.237505912780761719e-02
2.384000000000000000e+03,3.300000000000000000e+02,2.627936964576820742e+02,1.386483884679504952e-01,0.000000000000000000e+00,8.377669222400000000e+10,1.136895144755200000e+13,5.675861835479736328e-01
3.015000000000000000e+03,5.630000000000000000e+02,8.294866853268214300e+02,1.176877882894626220e-01,8.300000000000000000e+01,7.333322752000000000e+09,5.761101987840000000e+11,1.337852120399475098e+00
3.277000000000000000e+03,3.290000000000000000e+03,1.905152359930451667e+02,1.631868123374091983e-01,6.000000000000000000e+00,2.321462886400000000e+10,3.045936857088000000e+12,4.250588417053222656e+00
4.120000000000000000e+02,1.361000000000000000e+03,1.889736112294443728e+02,1.964185503295965418e-01,4.000000000000000000e+00,3.802601062400000000e+10,4.025006424064000000e+12,3.468478620052337646e-01
3.490000000000000000e+02,6.090000000000000000e+02,8.869184602283772278e+01,1.904761904761904656e-01,7.400000000000000000e+01,3.999097856000000000e+09,7.883710136320000000e+11,1.153122663497924805e+00
1.310000000000000000e+03,1.399000000000000000e+03,8.057170466174316914e+01,1.756820922315766309e-01,3.700000000000000000e+01,6.610348032000000000e+09,4.648333803520000000e+11,1.881828457117080688e-01
3.159000000000000000e+03,9.030000000000000000e+02,2.022177229298514476e+02,1.874138920735300140e-01,5.800000000000000000e+01,1.094278246400000000e+10,8.453797314560000000e+11,1.849814414978027344e+00
9.860000000000000000e+02,1.026000000000000000e+03,6.306636237976645276e+01,7.692307692307692735e-02,2.910000000000000000e+02,1.149223552000000000e+09,2.001802035200000000e+11,1.450264174491167068e-02
7.300000000000000000e+01,3.756000000000000000e+03,3.161939473885805896e+01,0.000000000000000000e+00,1.650000000000000000e+02,4.043890176000000000e+09,3.563160535040000000e+11,0.000000000000000000e+00
1.075000000000000000e+03,9.370000000000000000e+02,8.046126310888843136e+01,1.976423537605237202e-01,1.500000000000000000e+02,4.068170240000000000e+09,3.656151859200000000e+11,7.556946277618408203e-01
2.398000000000000000e+03,3.380000000000000000e+02,2.652043099124767309e+02,1.941077438551306877e-01,0.000000000000000000e+00,8.377669222400000000e+10,1.136895144755200000e+13,5.675861835479736328e-01
3.150000000000000000e+03,3.950000000000000000e+03,1.883716591867170109e+02,6.250000000000000000e-02,2.100000000000000000e+02,5.425520640000000000e+08,3.273477652480000000e+11,0.000000000000000000e+00
2.148000000000000000e+03,3.730000000000000000e+02,8.615999125471935827e+01,1.885618083164126990e-01,2.230000000000000000e+02,1.358996096000000000e+09,2.736059351040000000e+11,2.617974281311035156e-01
3.292000000000000000e+03,2.277000000000000000e+03,1.159095724299823900e+02,0.000000000000000000e+00,3.070000000000000000e+02,6.678266880000000000e+08,1.812894842880000000e+11,0.000000000000000000e+00
2.170000000000000000e+02,9.000000000000000000e+02,5.549303457367088299e+01,1.087856586440842377e-01,3.420000000000000000e+02,4.321206720000000000e+08,1.857938554880000000e+11,1.448071841150522232e-02
3.600000000000000000e+02,2.161000000000000000e+03,7.403150334456026940e+02,5.263157894736841813e-02,1.000000000000000000e+00,5.404031385600000000e+10,4.775771897856000000e+12,1.709547489881515503e-01
3.107000000000000000e+03,1.260000000000000000e+03,1.050826300054036153e+02,1.716929178792375721e-01,7.800000000000000000e+01,5.756817408000000000e+09,7.567747317760000000e+11,5.334236100316047668e-02
7.260000000000000000e+02,2.773000000000000000e+03,2.191618891662287183e+02,1.250000000000000000e-01,4.300000000000000000e+01,6.625502720000000000e+09,1.240374575104000000e+12,7.242954522371292114e-02
2.713000000000000000e+03,3.603000000000000000e+03,2.463217727757810493e+01,1.720052290384453675e-01,3.370000000000000000e+02,4.077027840000000000e+08,1.692376760320000000e+11,8.081462234258651733e-03
5.880000000000000000e+02,1.041000000000000000e+03,3.521010017353717103e+01,0.000000000000000000e+00,4.160000000000000000e+02,4.967334080000000000e+08,1.476233134080000000e+11,0.000000000000000000e+00
1.143000000000000000e+03,3.904000000000000000e+03,2.818905637955953694e+02,9.882117688026186009e-02,8.000000000000000000e+00,2.140511027200000000e+10,2.705576689664000000e+12,6.908459067344665527e-01
1.392000000000000000e+03,2.581000000000000000e+03,7.143573831346444081e+01,1.767766952966368932e-01,1.910000000000000000e+02,1.375448704000000000e+09,3.619017523200000000e+11,0.000000000000000000e+00
4.100000000000000000e+02,1.363000000000000000e+03,1.787704434181887621e+02,1.619708859679250268e-01,4.000000000000000000e+00,3.802601062400000000e+10,4.025006424064000000e+12,3.468478620052337646e-01
3.162000000000000000e+03,9.060000000000000000e+02,1.455763015278415367e+02,1.874138920735300140e-01,5.800000000000000000e+01,1.094278246400000000e+10,8.453797314560000000e+11,1.849814414978027344e+00
2.446000000000000000e+03,1.600000000000000000e+03,1.434182198083096296e+02,9.428090415820634951e-02,2.010000000000000000e+02,1.514802688000000000e+09,2.663109427200000000e+11,3.404684662818908691e-01
3.817000000000000000e+03,3.560000000000000000e+02,9.408230789340683486e+01,1.490711984999859852e-01,1.810000000000000000e+02,1.792154496000000000e+09,2.964711014400000000e+11,1.341915279626846313e-01
2.514000000000000000e+03,5.100000000000000000e+02,4.968737641660047899e+01,1.087856586440842377e-01,3.350000000000000000e+02,5.515812480000000000e+08,1.945871646720000000e+11,4.840171895921230316e-03
1.360000000000000000e+03,8.000000000000000000e+02,8.266831334952486259e+02,6.666666666666666574e-02,1.930000000000000000e+02,2.001208192000000000e+09,2.823118520320000000e+11,4.850084185600280762e-01
2.517000000000000000e+03,1.579000000000000000e+03,1.925880000985747245e+02,1.944406936956339094e-01,4.400000000000000000e+01,1.090394419200000000e+10,1.034238296064000000e+12,7.928316593170166016e-01
3.158000000000000000e+03,3.273000000000000000e+03,1.830508925065695394e+02,6.666666666666666574e-02,2.240000000000000000e+02,6.962512000000000000e+08,2.676758282240000000e+11,1.371105313301086426e-01
2.166000000000000000e+03,2.609000000000000000e+03,3.350018727083006524e+02,0.000000000000000000e+00,5.100000000000000000e+01,8.195988992000000000e+09,1.038099021824000000e+12,2.238056659698486328e-01
3.223000000000000000e+03,2.256000000000000000e+03,1.329353820358154792e+02,1.581138830084189706e-01,8.400000000000000000e+01,5.299633664000000000e+09,6.581860433920000000e+11,6.692118048667907715e-01
9.150000000000000000e+02,5.600000000000000000e+01,6.722665998512039209e+01,1.005635518443331877e-01,5.000000000000000000e+00,3.720409907200000000e+10,5.819019034624000000e+12,4.008188247680664062e-01
3.199000000000000000e+03,3.801000000000000000e+03,2.469065883156302164e+02,4.000000000000000083e-02,3.600000000000000000e+01,1.181075353600000000e+10,1.269782806528000000e+12,8.137409687042236328e-01
3.441000000000000000e+03,1.610000000000000000e+03,6.606285009631258731e+01,1.428571428571428492e-01,2.510000000000000000e+02,1.120951680000000000e+09,2.118354042880000000e+11,3.045468330383300781e-01
3.293000000000000000e+03,1.547000000000000000e+03,9.569332905695473812e+01,5.263157894736841813e-02,1.000000000000000000e+02,5.067320320000000000e+09,6.003260784640000000e+11,0.000000000000000000e+00
3.094000000000000000e+03,3.613000000000000000e+03,2.512709408194856167e+02,1.758282590894063580e-01,1.300000000000000000e+01,1.881086976000000000e+10,2.053483003904000000e+12,1.574149370193481445e+00
7.300000000000000000e+02,2.777000000000000000e+03,1.409157498648550870e+02,1.717960677340691911e-01,4.300000000000000000e+01,6.625502720000000000e+09,1.240374575104000000e+12,7.242954522371292114e-02
2.832000000000000000e+03,3.820000000000000000e+02,6.111905916880871814e+01,1.178511301977579334e-01,3.690000000000000000e+02,5.351056320000000000e+08,1.365955379200000000e+11,6.768663879483938217e-04
1.660000000000000000e+03,3.701000000000000000e+03,8.012352857160848885e+01,1.118033988749894958e-01,9.300000000000000000e+01,2.634921984000000000e+09,6.339202908160000000e+11,4.281575083732604980e-01
3.888000000000000000e+03,5.890000000000000000e+02,3.523596568329116963e+01,1.538461538461538547e-01,3.220000000000000000e+02,5.697305600000000000e+08,1.900652789760000000e+11,0.000000000000000000e+00
2.991000000000000000e+03,1.021000000000000000e+03,4.950712008266582131e+01,1.010152544552210818e-01,2.900000000000000000e+02,8.722309760000000000e+08,2.141345710080000000e+11,2.310216985642910004e-02
5.600000000000000000e+02,2.103000000000000000e+03,1.167017199261947979e+02,1.897658566033678385e-01,9.000000000000000000e+01,3.911753472000000000e+09,5.539202990080000000e+11,2.956744432449340820e-01
1.400000000000000000e+02,3.252000000000000000e+03,3.557749769512319062e+02,1.216260638526299870e-01,3.200000000000000000e+01,1.154737459200000000e+10,1.562261454848000000e+12,8.456335663795471191e-01
2.750000000000000000e+03,3.658000000000000000e+03,5.400449161128739917e+01,1.720052290384453675e-01,1.110000000000000000e+02,1.490579456000000000e+09,2.051426385920000000e+11,3.236221894621849060e-02
2.829000000000000000e+03,3.192000000000000000e+03,1.999741958949116452e+02,1.720052290384453675e-01,2.650000000000000000e+02,3.615540160000000000e+08,1.883296890880000000e+11,1.699150539934635162e-02
1.846000000000000000e+03,3.660000000000000000e+03,1.170392804799410413e+02,0.000000000000000000e+00,1.970000000000000000e+02,1.901484416000000000e+09,3.233736294400000000e+11,5.048052407801151276e-03
2.126000000000000000e+03,2.918000000000000000e+03,7.359514500879748766e+01,1.333333333333333315e-01,1.880000000000000000e+02,2.986171904000000000e+09,2.614912122880000000e+11,0.000000000000000000e+00
1.401000000000000000e+03,1.334000000000000000e+03,8.849047273466018737e+01,1.764705882352941291e-01,1.330000000000000000e+02,2.948885760000000000e+09,4.005123194880000000e+11,4.462803006172180176e-01
3.291000000000000000e+03,6.430000000000000000e+02,4.695498149869128923e+01,1.720052290384453675e-01,3.500000000000000000e+02,6.536188160000000000e+08,1.804572590080000000e+11,0.000000000000000000e+00
1.460000000000000000e+02,1.420000000000000000e+03,4.979023408802065376e+01,1.860163329510811370e-01,1.360000000000000000e+02,2.809626368000000000e+09,3.971332505600000000e+11,3.292922303080558777e-02
2.507000000000000000e+03,1.869000000000000000e+03,5.123600113685052548e+01,1.764705882352941291e-01,1.280000000000000000e+02,4.207731712000000000e+09,4.357716705280000000e+11,1.003083679825067520e-02
1.808000000000000000e+03,1.913000000000000000e+03,4.493980641685865862e+01,1.597191412499849861e-01,2.810000000000000000e+02,1.284644224000000000e+09,2.199001825280000000e+11,3.346104547381401062e-02
3.154000000000000000e+03,3.273000000000000000e+03,1.809136236155799509e+02,2.000000000000000111e-01,2.240000000000000000e+02,6.962512000000000000e+08,2.676758282240000000e+11,1.371105313301086426e-01
1.823000000000000000e+03,1.058000000000000000e+03,7.268462933629547251e+01,1.897658566033678385e-01,1.060000000000000000e+02,2.685982464000000000e+09,6.262559211520000000e+11,8.711945414543151855e-01
1.626000000000000000e+03,2.883000000000000000e+03,4.465636112005881131e+01,1.666666666666666574e-01,3.380000000000000000e+02,6.394778880000000000e+08,1.540701716480000000e+11,3.700610995292663574e-02
3.518000000000000000e+03,2.198000000000000000e+03,6.849099740778777345e+01,1.976423537605237202e-01,1.740000000000000000e+02,2.256804608000000000e+09,3.629357793280000000e+11,0.000000000000000000e+00
3.299000000000000000e+03,2.015000000000000000e+03,7.586650740714226515e+01,9.090909090909091161e-02,4.130000000000000000e+02,4.827967360000000000e+08,1.231281029120000000e+11,0.000000000000000000e+00
4.590000000000000000e+02,1.721000000000000000e+03,2.709822264753497123e+01,1.285648693066450132e-01,4.430000000000000000e+02,5.629418240000000000e+08,1.133475512320000000e+11,0.000000000000000000e+00
7.550000000000000000e+02,2.818000000000000000e+03,6.307071522148150677e+01,1.597191412499849861e-01,2.820000000000000000e+02,1.098008576000000000e+09,2.201634078720000000e+11,4.612980782985687256e-02
2.470000000000000000e+03,3.117000000000000000e+03,3.522300039368453213e+02,1.666666666666666574e-01,1.200000000000000000e+01,2.284425011200000000e+10,2.239901466624000000e+12,3.446404933929443359e+00
3.360000000000000000e+02,1.468000000000000000e+03,5.781035130610596298e+02,1.285648693066449855e-01,7.000000000000000000e+00,3.392714137600000000e+10,2.913892564992000000e+12,4.570787429809570312e+00
9.700000000000000000e+02,2.616000000000000000e+03,9.834879856438972467e+01,1.897658566033678385e-01,8.800000000000000000e+01,3.431953920000000000e+09,5.633286471680000000e+11,0.000000000000000000e+00
7.430000000000000000e+02,1.102000000000000000e+03,1.398835798757247915e+02,1.242259987499883256e-01,1.220000000000000000e+02,2.339360768000000000e+09,4.686494105600000000e+11,2.064795345067977905e-01
5.590000000000000000e+02,8.090000000000000000e+02,8.203805159311019679e+01,1.720052290384453675e-01,3.110000000000000000e+02,7.146896000000000000e+08,1.657005015040000000e+11,2.138228267431259155e-01
6.140000000000000000e+02,9.240000000000000000e+02,7.222603340816520756e+01,1.505846504842085487e-01,7.700000000000000000e+01,5.899091456000000000e+09,7.579769241600000000e+11,0.000000000000000000e+00
3.440000000000000000e+03,5.110000000000000000e+02,9.000386455398579244e+01,2.000000000000000111e-01,6.000000000000000000e+01,5.884199936000000000e+09,6.306729164800000000e+11,1.673907041549682617e-01
3.332000000000000000e+03,8.140000000000000000e+02,7.654438850566505437e+01,1.860163329510811370e-01,1.420000000000000000e+02,2.753105152000000000e+09,3.924815380480000000e+11,0.000000000000000000e+00
1.083000000000000000e+03,3.490000000000000000e+02,4.336860696549167216e+01,1.863389981249824745e-01,4.070000000000000000e+02,3.171887040000000000e+08,1.305641451520000000e+11,2.433669194579124451e-02
2.613000000000000000e+03,8.900000000000000000e+02,4.271076305444957200e+01,1.285648693066450132e-01,4.220000000000000000e+02,4.683117120000000000e+08,1.220823941120000000e+11,0.000000000000000000e+00
1.077000000000000000e+03,9.340000000000000000e+02,1.227421702850718930e+02,1.875000000000000000e-01,1.500000000000000000e+02,4.068170240000000000e+09,3.656151859200000000e+11,7.556946277618408203e-01
3.271000000000000000e+03,2.767000000000000000e+03,1.841422066471287735e+02,9.316949906249123725e-02,3.800000000000000000e+01,6.768592384000000000e+09,1.212657696768000000e+12,3.731330037117004395e-01
2.030000000000000000e+03,3.370000000000000000e+03,1.126779122959154051e+02,1.242259987499883256e-01,9.700000000000000000e+01,4.802887680000000000e+09,5.289786736640000000e+11,4.203024804592132568e-01
1.160000000000000000e+02,3.027000000000000000e+03,3.745371733030470978e+02,8.838834764831844659e-02,1.640000000000000000e+02,2.050533248000000000e+09,3.406673346560000000e+11,1.269493103027343750e-01
3.401000000000000000e+03,1.753000000000000000e+03,1.465533613168804550e+02,6.250000000000000000e-02,1.720000000000000000e+02,2.824540416000000000e+09,3.283790069760000000e+11,3.157474398612976074e-01
1.365000000000000000e+03,1.365000000000000000e+03,4.124133174163159765e+01,2.000000000000000111e-01,1.560000000000000000e+02,1.652563456000000000e+09,2.679119380480000000e+11,7.161618210375308990e-03
1.692000000000000000e+03,2.251000000000000000e+03,4.165453536413276652e+02,1.643989873053572914e-01,3.000000000000000000e+00,5.031784038400000000e+10,4.124430041088000000e+12,3.194062948226928711e+00
7.450000000000000000e+02,1.106000000000000000e+03,7.197434711571946764e+01,1.666666666666666574e-01,1.220000000000000000e+02,2.339360768000000000e+09,4.686494105600000000e+11,2.064795345067977905e-01
2.160000000000000000e+03,8.780000000000000000e+02,6.218173175305258837e+01,1.178511301977579334e-01,3.560000000000000000e+02,3.463397760000000000e+08,1.410516090880000000e+11,1.325987046584486961e-03
9.260000000000000000e+02,5.500000000000000000e+01,1.528611872238232650e+02,1.707317073170731836e-01,5.000000000000000000e+00,3.720409907200000000e+10,5.819019034624000000e+12,4.008188247680664062e-01
1.416000000000000000e+03,1.419000000000000000e+03,1.939002192170989929e+02,1.111111111111111049e-01,1.140000000000000000e+02,3.367604480000000000e+09,4.616201175040000000e+11,4.400322437286376953e-01
8.100000000000000000e+02,1.469000000000000000e+03,2.481431812299425417e+02,5.000000000000000278e-02,9.800000000000000000e+01,2.440556544000000000e+09,6.734337146880000000e+11,5.716390162706375122e-02
2.245000000000000000e+03,3.787000000000000000e+03,8.068860985788579683e+02,4.347826086956521618e-02,4.800000000000000000e+01,9.209923584000000000e+09,1.063470563328000000e+12,5.686478018760681152e-01
7.700000000000000000e+02,2.397000000000000000e+03,4.083209731948387002e+02,1.538461538461538547e-01,3.040000000000000000e+02,6.220001280000000000e+08,1.832824340480000000e+11,1.750465482473373413e-01
1.141000000000000000e+03,3.902000000000000000e+03,4.086269977975296115e+02,4.419417382415922330e-02,8.000000000000000000e+00,2.140511027200000000e+10,2.705576689664000000e+12,6.908459067344665527e-01
1.838000000000000000e+03,8.820000000000000000e+02,4.213995391321488171e+01,1.428571428571428492e-01,2.300000000000000000e+02,1.177191040000000000e+09,2.513947852800000000e+11,0.000000000000000000e+00
2.098000000000000000e+03,3.837000000000000000e+03,7.951454594817587918e+01,5.555555555555555247e-02,1.240000000000000000e+02,4.820801024000000000e+09,4.914155356160000000e+11,8.609086275100708008e-02
4.940000000000000000e+02,8.340000000000000000e+02,9.980028402496145645e+01,1.716929178792375721e-01,5.500000000000000000e+01,7.281438720000000000e+09,8.199545815040000000e+11,3.597804307937622070e-01
3.620000000000000000e+02,2.164000000000000000e+03,7.162929451405307191e+02,5.884389414473131102e-02,1.000000000000000000e+00,5.404031385600000000e+10,4.775771897856000000e+12,1.709547489881515503e-01
1.615000000000000000e+03,2.956000000000000000e+03,1.003293461317634581e+02,1.818181818181818232e-01,6.400000000000000000e+01,6.949873664000000000e+09,8.574791843840000000e+11,4.483140707015991211e-01
2.199000000000000000e+03,1.650000000000000000e+03,4.149246892654566921e+01,1.863389981249824745e-01,3.640000000000000000e+02,4.553031040000000000e+08,1.432976752640000000e+11,3.647781908512115479e-02
1.744000000000000000e+03,2.682000000000000000e+03,7.137752394372920151e+01,1.666666666666666574e-01,3.550000000000000000e+02,3.566433600000000000e+08,1.543529267200000000e+11,2.777648903429508209e-02
2.163000000000000000e+03,3.682000000000000000e+03,6.383723407861054966e+01,1.000000000000000056e-01,4.560000000000000000e+02,3.424396800000000000e+08,8.504325734400000000e+10,0.000000000000000000e+00
2.258000000000000000e+03,1.115000000000000000e+03,4.355591923748498289e+02,7.407407407407406996e-02,2.500000000000000000e+01,1.306004275200000000e+10,1.702466420736000000e+12,0.000000000000000000e+00
3.040000000000000000e+02,2.169000000000000000e+03,4.380782743979970206e+01,1.818181818181818232e-01,4.150000000000000000e+02,4.193257600000000000e+08,1.273916375040000000e+11,3.943456336855888367e-02
1.683000000000000000e+03,2.253000000000000000e+03,5.299401120944784225e+02,8.546696378833458507e-02,3.000000000000000000e+00,5.031784038400000000e+10,4.124430041088000000e+12,3.194062948226928711e+00
3.410000000000000000e+03,2.280000000000000000e+03,5.880192479565791785e+01,1.885618083164126990e-01,1.870000000000000000e+02,1.219883392000000000e+09,3.004904243200000000e+11,1.182178035378456116e-01
2.347000000000000000e+03,3.121000000000000000e+03,5.314950502295116053e+01,1.242259987499883256e-01,1.290000000000000000e+02,2.992413696000000000e+09,4.594857082880000000e+11,0.000000000000000000e+00
2.388000000000000000e+03,3.350000000000000000e+02,3.913347542225210987e+02,9.803921568627450844e-02,0.000000000000000000e+00,8.377669222400000000e+10,1.136895144755200000e+13,5.675861835479736328e-01
2.818000000000000000e+03,1.288000000000000000e+03,1.357873136303947774e+02,1.571348402636772446e-01,3.180000000000000000e+02,5.085496640000000000e+08,5.448243200000000000e+10,1.716505968943238258e-03
2.766000000000000000e+03,2.824000000000000000e+03,4.594282331244888695e+01,7.692307692307692735e-02,3.210000000000000000e+02,1.038460352000000000e+09,1.964209766400000000e+11,0.000000000000000000e+00
1.680000000000000000e+03,2.249000000000000000e+03,3.860585170740565104e+02,1.813028089864694437e-01,3.000000000000000000e+00,5.031784038400000000e+10,4.124430041088000000e+12,3.194062948226928711e+00
3.095000000000000000e+03,1.078000000000000000e+03,2.412261075764420184e+02,6.148754619013457184e-02,5.200000000000000000e+01,8.784549888000000000e+09,9.930926981120000000e+11,3.149703741073608398e-01
2.399000000000000000e+03,3.260000000000000000e+02,3.120058738819803921e+02,1.849800221971882874e-01,0.000000000000000000e+00,8.377669222400000000e+10,1.136895144755200000e+13,5.675861835479736328e-01
3.274000000000000000e+03,3.291000000000000000e+03,4.112897317123725429e+02,6.775963568181181396e-02,6.000000000000000000e+00,2.321462886400000000e+10,3.045936857088000000e+12,4.250588417053222656e+00
6.220000000000000000e+02,3.757000000000000000e+03,2.112461241129051928e+02,1.888525745775105347e-01,2.400000000000000000e+01,1.978117324800000000e+10,1.640358739968000000e+12,2.145830392837524414e+00
3.527000000000000000e+03,1.253000000000000000e+03,5.317637691700635827e+01,1.885618083164126990e-01,1.210000000000000000e+02,2.357122304000000000e+09,2.898401689600000000e+11,1.634987145662307739e-01
2.917000000000000000e+03,3.680000000000000000e+02,3.278501281680780011e+01,1.597191412499849861e-01,2.750000000000000000e+02,9.321776640000000000e+08,2.158241710080000000e+11,4.665264487266540527e-02
7.430000000000000000e+02,3.027000000000000000e+03,6.149305849942104629e+01,1.756820922315766309e-01,1.510000000000000000e+02,2.746465280000000000e+09,4.568337612800000000e+11,6.462391465902328491e-03
1.699000000000000000e+03,1.998000000000000000e+03,9.938440438662001952e+01,7.692307692307692735e-02,3.390000000000000000e+02,4.733577920000000000e+08,1.675546787840000000e+11,1.828818209469318390e-02
1.141000000000000000e+03,3.904000000000000000e+03,3.214738731863629368e+02,9.882117688026186009e-02,8.000000000000000000e+00,2.140511027200000000e+10,2.705576689664000000e+12,6.908459067344665527e-01
9.220000000000000000e+02,5.500000000000000000e+01,1.957011588184554967e+02,7.317073170731706877e-02,5.000000000000000000e+00,3.720409907200000000e+10,5.819019034624000000e+12,4.008188247680664062e-01
2.251000000000000000e+03,1.115000000000000000e+03,2.317415463423409676e+02,1.851851851851851749e-01,2.500000000000000000e+01,1.306004275200000000e+10,1.702466420736000000e+12,0.000000000000000000e+00
1.370000000000000000e+02,3.252000000000000000e+03,2.324773489639612478e+02,1.923076923076923184e-01,3.200000000000000000e+01,1.154737459200000000e+10,1.562261454848000000e+12,8.456335663795471191e-01
2.244000000000000000e+03,3.790000000000000000e+03,2.134625340665911892e+02,1.567630989332169100e-01,4.800000000000000000e+01,9.209923584000000000e+09,1.063470563328000000e+12,5.686478018760681152e-01
4.870000000000000000e+02,1.812000000000000000e+03,2.413169075927208951e+02,1.656346649999844434e-01,1.100000000000000000e+01,1.421665075200000000e+10,1.753114214400000000e+12,1.261094808578491211e+00
1.981000000000000000e+03,1.507000000000000000e+03,6.998284719803474729e+01,1.663780661615406053e-01,1.350000000000000000e+02,2.493312768000000000e+09,4.014708817920000000e+11,4.813774675130844116e-02
2.085000000000000000e+03,3.895000000000000000e+03,5.991736511102943297e+01,1.863389981249824745e-01,3.570000000000000000e+02,6.233252480000000000e+08,1.448718008320000000e+11,0.000000000000000000e+00
3.042000000000000000e+03,3.394000000000000000e+03,2.196417244898668741e+02,1.788854381999831766e-01,3.300000000000000000e+01,1.268767641600000000e+10,1.303878828032000000e+12,1.093849778175354004e+00
2.824000000000000000e+03,1.217000000000000000e+03,2.237845284267884551e+02,1.176877882894626220e-01,9.100000000000000000e+01,2.423620608000000000e+09,5.533967974400000000e+11,5.127481222152709961e-01
2.370000000000000000e+02,1.139000000000000000e+03,2.004901127959290648e+02,9.722034684781695468e-02,5.600000000000000000e+01,8.372165632000000000e+09,9.969321902080000000e+11,1.320460557937622070e+00
3.610000000000000000e+02,2.160000000000000000e+03,7.807301988735505347e+02,8.321783316232578276e-02,1.000000000000000000e+00,5.404031385600000000e+10,4.775771897856000000e+12,1.709547489881515503e-01
2.028000000000000000e+03,7.820000000000000000e+02,1.316093777004161041e+02,1.428571428571428492e-01,6.800000000000000000e+01,5.959005184000000000e+09,8.359626014720000000e+11,1.076989397406578064e-01
2.334000000000000000e+03,2.445000000000000000e+03,2.305753170264650009e+02,8.000000000000000167e-02,2.000000000000000000e+01,1.773182566400000000e+10,1.272934170624000000e+12,1.895519137382507324e+00
4.910000000000000000e+02,8.300000000000000000e+02,6.127914935508164263e+02,6.734350297014739251e-02,5.500000000000000000e+01,7.281438720000000000e+09,8.199545815040000000e+11,3.597804307937622070e-01
4.800000000000000000e+02,3.378000000000000000e+03,8.270634858381686172e+01,1.720052290384453675e-01,3.020000000000000000e+02,9.286039040000000000e+08,1.915977891840000000e+11,1.680024266242980957e-01
5.400000000000000000e+02,2.456000000000000000e+03,6.838090772917855986e+01,8.838834764831844659e-02,1.600000000000000000e+02,1.700266368000000000e+09,3.477796618240000000e+11,1.986222900450229645e-02
2.236000000000000000e+03,2.157000000000000000e+03,3.145983041555403759e+01,1.664356663246515655e-01,1.040000000000000000e+02,5.843740672000000000e+09,5.778919915520000000e+11,4.973959177732467651e-03
1.146000000000000000e+03,1.556000000000000000e+03,1.098309693436816588e+02,1.720052290384453675e-01,3.100000000000000000e+02,8.167900800000000000e+08,1.839095480320000000e+11,0.000000000000000000e+00
6.980000000000000000e+02,2.351000000000000000e+03,1.419972432063129304e+02,1.250000000000000000e-01,1.320000000000000000e+02,3.981132032000000000e+09,3.638901800960000000e+11,1.465964019298553467e-01
5.560000000000000000e+02,2.104000000000000000e+03,1.169244057203325156e+02,1.488645855129573925e-01,9.000000000000000000e+01,3.911753472000000000e+09,5.539202990080000000e+11,2.956744432449340820e-01
5.780000000000000000e+02,8.140000000000000000e+02,3.231419938162957237e+02,1.885618083164126990e-01,2.180000000000000000e+02,1.156192128000000000e+09,2.753976401920000000e+11,2.849904596805572510e-01
3.037000000000000000e+03,1.485000000000000000e+03,5.883687964870272680e+01,2.000000000000000111e-01,1.760000000000000000e+02,1.103179776000000000e+09,2.857155624960000000e+11,1.274166256189346313e-01
3.553000000000000000e+03,1.404000000000000000e+03,1.229196816099415912e+02,1.976423537605237202e-01,1.390000000000000000e+02,3.034572544000000000e+09,3.687495434240000000e+11,3.046059608459472656e-01
1.320000000000000000e+02,2.323000000000000000e+03,1.984736977385712464e+02,1.923076923076923184e-01,1.800000000000000000e+01,1.490262937600000000e+10,1.419475419136000000e+12,1.013386368751525879e+00
1.808000000000000000e+03,1.915000000000000000e+03,1.347186717322982190e+02,7.142857142857142461e-02,2.810000000000000000e+02,1.284644224000000000e+09,2.199001825280000000e+11,3.346104547381401062e-02
1.574000000000000000e+03,2.984000000000000000e+03,1.319450854001239009e+02,1.597191412499849861e-01,2.280000000000000000e+02,1.568986880000000000e+09,2.207783649280000000e+11,2.009579539299011230e-01
5.600000000000000000e+02,8.120000000000000000e+02,7.203603477683984124e+01,1.720052290384453675e-01,3.110000000000000000e+02,7.146896000000000000e+08,1.657005015040000000e+11,2.138228267431259155e-01
2.463000000000000000e+03,3.121000000000000000e+03,2.137177269554632630e+02,1.490711984999859852e-01,1.200000000000000000e+01,2.284425011200000000e+10,2.239901466624000000e+12,3.446404933929443359e+00
2.827000000000000000e+03,1.218000000000000000e+03,2.265772431780164879e+02,5.263157894736841813e-02,9.100000000000000000e+01,2.423620608000000000e+09,5.533967974400000000e+11,5.127481222152709961e-01
3.230000000000000000e+02,2.056000000000000000e+03,5.758431635731452758e+01,1.597191412499849861e-01,2.460000000000000000e+02,1.691814400000000000e+09,2.299914813440000000e+11,4.089944437146186829e-02
2.783000000000000000e+03,5.280000000000000000e+02,8.173134097990410396e+01,0.000000000000000000e+00,3.750000000000000000e+02,3.594050560000000000e+08,1.401413304320000000e+11,2.758428268134593964e-02
2.400000000000000000e+02,1.137000000000000000e+03,6.638552328439089933e+02,6.148754619013457184e-02,5.600000000000000000e+01,8.372165632000000000e+09,9.969321902080000000e+11,1.320460557937622070e+00
2.886000000000000000e+03,3.526000000000000000e+03,7.168439104301894531e+02,3.703703703703703498e-02,2.800000000000000000e+01,1.246307840000000000e+10,1.611237163008000000e+12,9.548643231391906738e-01
2.105000000000000000e+03,3.701000000000000000e+03,1.194234764469357231e+02,1.285648693066450132e-01,3.770000000000000000e+02,6.849020800000000000e+08,1.270833643520000000e+11,1.050892248749732971e-01
3.081000000000000000e+03,1.575000000000000000e+03,3.418316393163787126e+01,1.720052290384453675e-01,3.840000000000000000e+02,4.895907840000000000e+08,1.659950202880000000e+11,0.000000000000000000e+00
3.385000000000000000e+03,3.940000000000000000e+03,6.205872002420272793e+01,7.692307692307692735e-02,3.760000000000000000e+02,4.800745280000000000e+08,1.675726192640000000e+11,5.757528124377131462e-04
3.141000000000000000e+03,3.200000000000000000e+03,1.464963896583541612e+02,1.597191412499849861e-01,2.660000000000000000e+02,3.668829760000000000e+08,2.523920138240000000e+11,1.705454289913177490e-02
9.650000000000000000e+02,2.617000000000000000e+03,9.678064556742326374e+01,1.897658566033678385e-01,8.800000000000000000e+01,3.431953920000000000e+09,5.633286471680000000e+11,0.000000000000000000e+00
3.277000000000000000e+03,6.050000000000000000e+02,1.382504694141705670e+02,1.720052290384453675e-01,2.950000000000000000e+02,6.594207360000000000e+08,1.879180247040000000e+11,4.961204528808593750e-02
1.685000000000000000e+03,2.247000000000000000e+03,5.254173861565390098e+02,1.378113382052103819e-01,3.000000000000000000e+00,5.031784038400000000e+10,4.124430041088000000e+12,3.194062948226928711e+00
6.460000000000000000e+02,1.723000000000000000e+03,2.175265102903738637e+02,1.176877882894626220e-01,3.500000000000000000e+01,1.143281561600000000e+10,6.191613870080000000e+11,7.271656394004821777e-01
7.450000000000000000e+02,3.028000000000000000e+03,5.686075399795739571e+01,1.242259987499883256e-01,1.510000000000000000e+02,2.746465280000000000e+09,4.568337612800000000e+11,6.462391465902328491e-03
1.266000000000000000e+03,3.925000000000000000e+03,3.038009401251253507e+02,8.281733249999222168e-02,2.900000000000000000e+01,1.019431731200000000e+10,1.588923858944000000e+12,0.000000000000000000e+00
3.289000000000000000e+03,1.548000000000000000e+03,6.915315018326801066e+01,1.664356663246515655e-01,1.000000000000000000e+02,5.067320320000000000e+09,6.003260784640000000e+11,0.000000000000000000e+00
3.442000000000000000e+03,5.050000000000000000e+02,1.230502373551300366e+02,1.414213562373095034e-01,6.000000000000000000e+01,5.884199936000000000e+09,6.306729164800000000e+11,1.673907041549682617e-01
1.690000000000000000e+02,2.146000000000000000e+03,4.754320363586685971e+01,1.538461538461538547e-01,3.240000000000000000e+02,3.948697280000000000e+08,1.732660756480000000e+11,0.000000000000000000e+00
2.760000000000000000e+02,3.804000000000000000e+03,4.662936459696685887e+01,1.666666666666666574e-01,3.060000000000000000e+02,4.257210880000000000e+08,1.476218224640000000e+11,1.062473375350236893e-02
3.360000000000000000e+02,1.469000000000000000e+03,5.903943047265574933e+02,1.092591295595148199e-01,7.000000000000000000e+00,3.392714137600000000e+10,2.913892564992000000e+12,4.570787429809570312e+00
8.420000000000000000e+02,4.390000000000000000e+02,8.401977832291338188e+01,1.499999999999999944e-01,8.500000000000000000e+01,6.778748416000000000e+09,6.711748853760000000e+11,0.000000000000000000e+00
2.849000000000000000e+03,3.994000000000000000e+03,3.034006445563494481e+02,1.813279310919978238e-01,2.000000000000000000e+00,5.628931686400000000e+10,6.278159532032000000e+12,7.123951315879821777e-01
7.480000000000000000e+02,1.103000000000000000e+03,8.754408253721872768e+01,1.666666666666666574e-01,1.220000000000000000e+02,2.339360768000000000e+09,4.686494105600000000e+11,2.064795345067977905e-01
1.369000000000000000e+03,1.380000000000000000e+03,9.213220000375122254e+01,9.090909090909091161e-02,4.180000000000000000e+02,4.905984640000000000e+08,1.172196638720000000e+11,3.831699723377823830e-03
3.206000000000000000e+03,2.998000000000000000e+03,5.400752259465002680e+01,1.976423537605237202e-01,1.820000000000000000e+02,2.227453696000000000e+09,3.294442946560000000e+11,5.853049829602241516e-02
1.195000000000000000e+03,1.705000000000000000e+03,1.654611578731561679e+02,5.882352941176470507e-02,1.160000000000000000e+02,3.898425856000000000e+09,4.367803351040000000e+11,0.000000000000000000e+00
3.427000000000000000e+03,9.460000000000000000e+02,7.314821928405292795e+01,1.250000000000000000e-01,1.590000000000000000e+02,2.391091456000000000e+09,3.734835691520000000e+11,0.000000000000000000e+00
2.610000000000000000e+03,3.995000000000000000e+03,5.196157234035595138e+02,1.542115846551579128e-01,1.400000000000000000e+01,2.786027520000000000e+10,1.979431518208000000e+12,3.603759050369262695e+00
2.850000000000000000e+03,3.992000000000000000e+03,3.730446363902872235e+02,1.524553389864963804e-01,2.000000000000000000e+00,5.628931686400000000e+10,6.278159532032000000e+12,7.123951315879821777e-01
3.772000000000000000e+03,1.261000000000000000e+03,3.534876271634854561e+02,0.000000000000000000e+00,5.700000000000000000e+01,7.847402496000000000e+09,9.251958292480000000e+11,7.964859604835510254e-01
2.258000000000000000e+03,1.112000000000000000e+03,2.647925753226309098e+02,1.335389361282958987e-01,2.500000000000000000e+01,1.306004275200000000e+10,1.702466420736000000e+12,0.000000000000000000e+00
3.265000000000000000e+03,2.770000000000000000e+03,1.234825113319023160e+02,1.863389981249824745e-01,3.800000000000000000e+01,6.768592384000000000e+09,1.212657696768000000e+12,3.731330037117004395e-01
3.081000000000000000e+03,3.263000000000000000e+03,5.829420572104789500e+01,1.976423537605237202e-01,1.550000000000000000e+02,1.669745408000000000e+09,3.648343572480000000e+11,1.946539035998284817e-03
2.354000000000000000e+03,2.640000000000000000e+03,3.872543229836147560e+01,1.863389981249824745e-01,3.960000000000000000e+02,3.692078080000000000e+08,1.317974343680000000e+11,2.518715336918830872e-02
2.842000000000000000e+03,3.989000000000000000e+03,5.711342060876949063e+02,1.064794274999899953e-01,2.000000000000000000e+00,5.628931686400000000e+10,6.278159532032000000e+12,7.123951315879821777e-01
3.180000000000000000e+03,1.557000000000000000e+03,4.245924497091466066e+01,2.000000000000000111e-01,4.520000000000000000e+02,4.158648000000000000e+08,7.938805760000000000e+10,5.449514463543891907e-02
2.332000000000000000e+03,2.442000000000000000e+03,1.671815817575055405e+02,2.000000000000000111e-01,2.000000000000000000e+01,1.773182566400000000e+10,1.272934170624000000e+12,1.895519137382507324e+00
3.158000000000000000e+03,3.366000000000000000e+03,1.717142415432697931e+02,1.242259987499883256e-01,1.050000000000000000e+02,4.555825664000000000e+09,4.907443159040000000e+11,8.129624128341674805e-01
2.527000000000000000e+03,1.615000000000000000e+03,1.819237518130724709e+02,1.087856586440842377e-01,3.300000000000000000e+02,7.456220800000000000e+08,1.716678328320000000e+11,1.123093739151954651e-01
3.223000000000000000e+03,2.251000000000000000e+03,1.679489206684391149e+02,1.118033988749894958e-01,8.400000000000000000e+01,5.299633664000000000e+09,6.581860433920000000e+11,6.692118048667907715e-01
3.640000000000000000e+02,2.158000000000000000e+03,4.339236972248249344e+02,1.685032694061275871e-01,1.000000000000000000e+00,5.404031385600000000e+10,4.775771897856000000e+12,1.709547489881515503e-01
2.563000000000000000e+03,3.098000000000000000e+03,7.983002568714968561e+01,1.976423537605237202e-01,1.680000000000000000e+02,2.705936384000000000e+09,3.518693048320000000e+11,1.805059164762496948e-01
2.041000000000000000e+03,1.495000000000000000e+03,2.033524335243030237e+02,1.250000000000000000e-01,1.080000000000000000e+02,4.493515264000000000e+09,3.675199242240000000e+11,2.710719108581542969e-01
2.392000000000000000e+03,3.290000000000000000e+02,3.866086825193426080e+02,4.384447014705470519e-02,0.000000000000000000e+00,8.377669222400000000e+10,1.136895144755200000e+13,5.675861835479736328e-01
3.389000000000000000e+03,2.937000000000000000e+03,9.150671840672690394e+01,6.734350297014739251e-02,7.200000000000000000e+01,7.327007232000000000e+09,7.772913664000000000e+11,0.000000000000000000e+00
3.393000000000000000e+03,2.937000000000000000e+03,7.696417810761788303e+01,1.505846504842085487e-01,7.200000000000000000e+01,7.327007232000000000e+09,7.772913664000000000e+11,0.000000000000000000e+00
1.000000000000000000e+02,1.337000000000000000e+03,1.419979205934219806e+02,1.567630989332169100e-01,5.000000000000000000e+01,7.797797888000000000e+09,1.035582898176000000e+12,4.051990509033203125e-01
7.410000000000000000e+02,3.031000000000000000e+03,6.794125274569080375e+01,1.756820922315766309e-01,1.510000000000000000e+02,2.746465280000000000e+09,4.568337612800000000e+11,6.462391465902328491e-03
1.722000000000000000e+03,2.293000000000000000e+03,9.044811225250948894e+01,1.720052290384453675e-01,3.090000000000000000e+02,5.701532160000000000e+08,1.980960112640000000e+11,5.738828913308680058e-04
2.329000000000000000e+03,1.638000000000000000e+03,2.384524269979579572e+02,1.490711984999859852e-01,1.340000000000000000e+02,1.772967168000000000e+09,2.816054394880000000e+11,6.904131919145584106e-02
1.496000000000000000e+03,2.858000000000000000e+03,9.751985097339537845e+01,1.010152544552210818e-01,2.170000000000000000e+02,7.817744640000000000e+08,2.485457551360000000e+11,1.256426051259040833e-02
1.937000000000000000e+03,2.830000000000000000e+02,5.555027320558608039e+01,1.863389981249824745e-01,3.670000000000000000e+02,5.155913600000000000e+08,1.472662405120000000e+11,1.946306824684143066e-01
5.800000000000000000e+02,8.150000000000000000e+02,1.823952441456058864e+02,6.666666666666666574e-02,2.180000000000000000e+02,1.156192128000000000e+09,2.753976401920000000e+11,2.849904596805572510e-01
7.000000000000000000e+01,3.755000000000000000e+03,3.646785598424052921e+01,1.976423537605237202e-01,1.650000000000000000e+02,4.043890176000000000e+09,3.563160535040000000e+11,0.000000000000000000e+00
3.088000000000000000e+03,3.609000000000000000e+03,5.742412818810948920e+02,1.090440572471854941e-01,1.300000000000000000e+01,1.881086976000000000e+10,2.053483003904000000e+12,1.574149370193481445e+00
3.152000000000000000e+03,3.952000000000000000e+03,7.278991564471809284e+01,1.397542485937368628e-01,2.100000000000000000e+02,5.425520640000000000e+08,3.273477652480000000e+11,0.000000000000000000e+00
2.136000000000000000e+03,2.746000000000000000e+03,6.011233220450730386e+01,1.764705882352941291e-01,1.030000000000000000e+02,3.443494656000000000e+09,3.972623237120000000e+11,1.831960305571556091e-02
6.160000000000000000e+02,3.763000000000000000e+03,2.827936688135770851e+02,1.888525745775105347e-01,2.400000000000000000e+01,1.978117324800000000e+10,1.640358739968000000e+12,2.145830392837524414e+00
2.842000000000000000e+03,3.992000000000000000e+03,3.625063997160173130e+02,1.524553389864963804e-01,2.000000000000000000e+00,5.628931686400000000e+10,6.278159532032000000e+12,7.123951315879821777e-01
3.496000000000000000e+03,3.187000000000000000e+03,1.235327996045597416e+02,1.716929178792375721e-01,6.700000000000000000e+01,6.759896064000000000e+09,7.669665628160000000e+11,5.162037611007690430e-01
3.160000000000000000e+03,2.128000000000000000e+03,1.524145590164980035e+02,1.178511301977579334e-01,3.590000000000000000e+02,4.310534400000000000e+08,1.623431413760000000e+11,2.802438847720623016e-02
2.638000000000000000e+03,2.683000000000000000e+03,2.985793665215545047e+02,8.944271909999158832e-02,3.400000000000000000e+01,1.456821657600000000e+10,1.276274671616000000e+12,1.921485066413879395e+00
1.948000000000000000e+03,1.593000000000000000e+03,6.043689967166265831e+01,1.490711984999859852e-01,2.090000000000000000e+02,1.680539008000000000e+09,2.664933130240000000e+11,6.827071309089660645e-02
4.130000000000000000e+02,1.364000000000000000e+03,1.753283391798852051e+02,1.111111111111111049e-01,4.000000000000000000e+00,3.802601062400000000e+10,4.025006424064000000e+12,3.468478620052337646e-01
3.638000000000000000e+03,1.606000000000000000e+03,5.739179356326835091e+01,1.178511301977579334e-01,3.460000000000000000e+02,6.322601600000000000e+08,1.617805639680000000e+11,2.031495869159698486e-01
2.968000000000000000e+03,3.717000000000000000e+03,1.899110486422308668e+02,1.111111111111111049e-01,1.090000000000000000e+02,4.211948288000000000e+09,4.665582878720000000e+11,9.797154068946838379e-01
2.245000000000000000e+03,5.830000000000000000e+02,2.761220947642111412e+01,1.000000000000000056e-01,4.570000000000000000e+02,3.330442240000000000e+08,7.997295001600000000e+10,0.000000000000000000e+00
2.157000000000000000e+03,8.800000000000000000e+02,4.142868907016310231e+01,1.863389981249824745e-01,3.560000000000000000e+02,3.463397760000000000e+08,1.410516090880000000e+11,1.325987046584486961e-03
8.250000000000000000e+02,1.475000000000000000e+03,8.760079652631402780e+01,0.000000000000000000e+00,4.540000000000000000e+02,3.197552960000000000e+08,8.025119948800000000e+10,0.000000000000000000e+00
2.255000000000000000e+03,1.341000000000000000e+03,2.224813817631762447e+02,9.090909090909091161e-02,6.900000000000000000e+01,6.535744512000000000e+09,8.611923230720000000e+11,9.509965181350708008e-01
2.333000000000000000e+03,2.442000000000000000e+03,2.313469420187818173e+02,1.697056274847713875e-01,2.000000000000000000e+01,1.773182566400000000e+10,1.272934170624000000e+12,1.895519137382507324e+00
1.397000000000000000e+03,2.583000000000000000e+03,4.323967823362998786e+01,1.875000000000000000e-01,1.910000000000000000e+02,1.375448704000000000e+09,3.619017523200000000e+11,0.000000000000000000e+00
3.157000000000000000e+03,3.365000000000000000e+03,2.754161810717090475e+02,5.555555555555555247e-02,1.050000000000000000e+02,4.555825664000000000e+09,4.907443159040000000e+11,8.129624128341674805e-01
2.649000000000000000e+03,3.076000000000000000e+03,2.706383274498262494e+02,1.923273145405179907e-01,1.000000000000000000e+01,2.532703436800000000e+10,1.915071758336000000e+12,4.421397686004638672e+00
3.436000000000000000e+03,2.522000000000000000e+03,9.711706233472487781e+01,2.000000000000000111e-01,1.780000000000000000e+02,1.308760320000000000e+09,3.124685045760000000e+11,7.397050857543945312e-01
1.373000000000000000e+03,1.979000000000000000e+03,2.923296066546299699e+01,1.111111111111111049e-01,4.630000000000000000e+02,3.741878080000000000e+08,7.174715801600000000e+10,0.000000000000000000e+00
1.881000000000000000e+03,2.009000000000000000e+03,2.218684750128290943e+02,8.333333333333332871e-02,3.740000000000000000e+02,4.893059200000000000e+08,1.374361190400000000e+11,2.621973305940628052e-02
3.620000000000000000e+02,3.090000000000000000e+03,2.448771201378640328e+01,1.863389981249824745e-01,3.980000000000000000e+02,8.177869440000000000e+08,1.488555704320000000e+11,0.000000000000000000e+00
1.734000000000000000e+03,2.186000000000000000e+03,1.211638861998055603e+02,1.597191412499849861e-01,2.080000000000000000e+02,2.567625216000000000e+09,2.535187906560000000e+11,5.201082229614257812e-01
5.710000000000000000e+02,3.369000000000000000e+03,5.258924843815713501e+01,1.178511301977579334e-01,4.020000000000000000e+02,5.964901120000000000e+08,1.515574067200000000e+11,0.000000000000000000e+00
2.218000000000000000e+03,3.059000000000000000e+03,8.367687184822527513e+01,1.792654619833765339e-01,1.600000000000000000e+01,1.937281843200000000e+10,1.002276192256000000e+12,7.867671847343444824e-01
3.500000000000000000e+02,6.100000000000000000e+02,1.030024738289820903e+02,1.505846504842085487e-01,7.400000000000000000e+01,3.999097856000000000e+09,7.883710136320000000e+11,1.153122663497924805e+00
9.470000000000000000e+02,3.725000000000000000e+03,7.811480493978989159e+01,1.897658566033678385e-01,8.600000000000000000e+01,4.879837696000000000e+09,6.154542776320000000e+11,4.639183580875396729e-01
2.784000000000000000e+03,5.300000000000000000e+02,2.957774073784998237e+01,1.863389981249824745e-01,3.750000000000000000e+02,3.594050560000000000e+08,1.401413304320000000e+11,2.758428268134593964e-02
1.569000000000000000e+03,2.414000000000000000e+03,1.085732518684645243e+02,1.716929178792375721e-01,8.100000000000000000e+01,2.113757184000000000e+09,7.291969863680000000e+11,5.292919650673866272e-02
3.041000000000000000e+03,3.389000000000000000e+03,2.408877815548509318e+02,1.264911064067351931e-01,3.300000000000000000e+01,1.268767641600000000e+10,1.303878828032000000e+12,1.093849778175354004e+00
3.710000000000000000e+02,3.312000000000000000e+03,6.229659594532633093e+01,5.263157894736841813e-02,4.700000000000000000e+01,9.861278720000000000e+09,5.817014681600000000e+11,1.430872678756713867e+00
5.550000000000000000e+02,2.106000000000000000e+03,9.658665860722982188e+01,1.578947368421052544e-01,9.000000000000000000e+01,3.911753472000000000e+09,5.539202990080000000e+11,2.956744432449340820e-01
2.224000000000000000e+03,3.059000000000000000e+03,6.869322622628294539e+01,9.722034684781695468e-02,1.600000000000000000e+01,1.937281843200000000e+10,1.002276192256000000e+12,7.867671847343444824e-01
2.171000000000000000e+03,1.100000000000000000e+02,2.989044638089304726e+02,1.767766952966368654e-01,3.900000000000000000e+01,1.259311308800000000e+10,1.231577808896000000e+12,2.042043924331665039e+00
2.559000000000000000e+03,3.102000000000000000e+03,9.568653779391505054e+01,1.976423537605237202e-01,1.680000000000000000e+02,2.705936384000000000e+09,3.518693048320000000e+11,1.805059164762496948e-01
2.823000000000000000e+03,1.218000000000000000e+03,1.474590979880334487e+02,1.578947368421052544e-01,9.100000000000000000e+01,2.423620608000000000e+09,5.533967974400000000e+11,5.127481222152709961e-01
2.988000000000000000e+03,2.210000000000000000e+03,4.833410274125214556e+01,1.428571428571428492e-01,2.490000000000000000e+02,6.372180480000000000e+08,2.369996226560000000e+11,1.347461994737386703e-02
2.248000000000000000e+03,3.784000000000000000e+03,1.649254542930238472e+02,1.567630989332169100e-01,4.800000000000000000e+01,9.209923584000000000e+09,1.063470563328000000e+12,5.686478018760681152e-01
1.441000000000000000e+03,1.476000000000000000e+03,2.745332058418028254e+01,1.885618083164126990e-01,2.330000000000000000e+02,2.212824576000000000e+09,2.835332136960000000e+11,0.000000000000000000e+00
3.432000000000000000e+03,1.227000000000000000e+03,7.574351637561802875e+01,1.315334104411640948e-01,1.130000000000000000e+02,2.657031680000000000e+09,3.958027059200000000e+11,1.962056942284107208e-02
3.274000000000000000e+03,1.174000000000000000e+03,3.690408559890337159e+01,0.000000000000000000e+00,4.610000000000000000e+02,3.486914560000000000e+08,7.917443481600000000e+10,0.000000000000000000e+00
2.970000000000000000e+02,2.466000000000000000e+03,5.041162733165721477e+01,1.538461538461538547e-01,2.200000000000000000e+02,6.968931840000000000e+08,2.078136893440000000e+11,0.000000000000000000e+00
1.320000000000000000e+03,2.830000000000000000e+03,1.385494619574506885e+02,1.428571428571428492e-01,2.870000000000000000e+02,8.163894400000000000e+08,2.115932815360000000e+11,0.000000000000000000e+00
2.171000000000000000e+03,1.130000000000000000e+02,3.230315017877757100e+02,1.250000000000000000e-01,3.900000000000000000e+01,1.259311308800000000e+10,1.231577808896000000e+12,2.042043924331665039e+00
3.650000000000000000e+02,2.161000000000000000e+03,4.390126219225921886e+02,1.417148633456448426e-01,1.000000000000000000e+00,5.404031385600000000e+10,4.775771897856000000e+12,1.709547489881515503e-01
2.178000000000000000e+03,1.110000000000000000e+02,1.859698029939295054e+02,1.863389981249824745e-01,3.900000000000000000e+01,1.259311308800000000e+10,1.231577808896000000e+12,2.042043924331665039e+00
1.715000000000000000e+03,2.130000000000000000e+03,1.208684835062407927e+02,1.666666666666666574e-01,1.070000000000000000e+02,3.879511552000000000e+09,5.096216330240000000e+11,1.446489691734313965e-01
3.057000000000000000e+03,2.813000000000000000e+03,4.148494949537597876e+01,1.818181818181818232e-01,4.010000000000000000e+02,3.274269760000000000e+08,1.216945438720000000e+11,5.912503227591514587e-02
2.507000000000000000e+03,7.400000000000000000e+02,9.396586648594349356e+01,1.767766952966368932e-01,1.120000000000000000e+02,1.174737792000000000e+09,3.528273428480000000e+11,2.373855710029602051e-01
1.067000000000000000e+03,1.120000000000000000e+02,1.092647246175573912e+02,1.315334104411640948e-01,1.470000000000000000e+02,2.007474560000000000e+09,4.196885790720000000e+11,3.573011159896850586e-01
2.775000000000000000e+03,3.287000000000000000e+03,1.613179511729953219e+02,1.716929178792375721e-01,6.200000000000000000e+01,7.472852480000000000e+09,7.617833861120000000e+11,6.833025813102722168e-01
8.250000000000000000e+02,1.476000000000000000e+03,5.579811083647437897e+01,1.000000000000000056e-01,4.540000000000000000e+02,3.197552960000000000e+08,8.025119948800000000e+10,0.000000000000000000e+00
2.632000000000000000e+03,2.679000000000000000e+03,3.547815017903312196e+02,2.000000000000000111e-01,3.400000000000000000e+01,1.456821657600000000e+10,1.276274671616000000e+12,1.921485066413879395e+00
2.466000000000000000e+03,2.294000000000000000e+03,1.267569753198509233e+02,1.663780661615406053e-01,1.400000000000000000e+02,3.021581056000000000e+09,3.996486205440000000e+11,7.970087528228759766e-01
3.042000000000000000e+03,3.390000000000000000e+03,3.102070249589925197e+02,8.000000000000000167e-02,3.300000000000000000e+01,1.268767641600000000e+10,1.303878828032000000e+12,1.093849778175354004e+00
2.391000000000000000e+03,3.350000000000000000e+02,3.897743938359767526e+02,7.843137254901960675e-02,0.000000000000000000e+00,8.377669222400000000e+10,1.136895144755200000e+13,5.675861835479736328e-01
2.393000000000000000e+03,3.220000000000000000e+02,3.227908362053136102e+02,1.807753815155468124e-01,0.000000000000000000e+00,8.377669222400000000e+10,1.136895144755200000e+13,5.675861835479736328e-01
2.780000000000000000e+02,2.790000000000000000e+02,1.061866146573678833e+02,9.428090415820634951e-02,2.120000000000000000e+02,8.252440960000000000e+08,2.681984286720000000e+11,4.292364716529846191e-01
3.105000000000000000e+03,3.173000000000000000e+03,1.819174299728983328e+02,7.692307692307692735e-02,1.580000000000000000e+02,1.341931904000000000e+09,1.860513300480000000e+11,3.629177063703536987e-02
1.180000000000000000e+03,1.479000000000000000e+03,9.568396352544034755e+01,7.692307692307692735e-02,3.410000000000000000e+02,5.061010880000000000e+08,1.726660935680000000e+11,0.000000000000000000e+00
4.150000000000000000e+02,3.359000000000000000e+03,2.907557903641117392e+01,1.720052290384453675e-01,3.440000000000000000e+02,9.464224640000000000e+08,1.704183234560000000e+11,0.000000000000000000e+00
7.290000000000000000e+02,2.568000000000000000e+03,2.535723353889446230e+01,1.720052290384453675e-01,3.530000000000000000e+02,5.401441920000000000e+08,1.662799708160000000e+11,2.892997302114963531e-02
3.524000000000000000e+03,1.256000000000000000e+03,9.499033834951757171e+01,9.428090415820634951e-02,1.210000000000000000e+02,2.357122304000000000e+09,2.898401689600000000e+11,1.634987145662307739e-01
2.161000000000000000e+03,1.542000000000000000e+03,1.390945292764210706e+02,1.176470588235294101e-01,1.460000000000000000e+02,2.724431104000000000e+09,3.837422469120000000e+11,1.022337898612022400e-01
1.567000000000000000e+03,2.413000000000000000e+03,1.906025222573618123e+02,1.904761904761904656e-01,8.100000000000000000e+01,2.113757184000000000e+09,7.291969863680000000e+11,5.292919650673866272e-02
2.079000000000000000e+03,3.081000000000000000e+03,4.544147418558116414e+01,1.976423537605237202e-01,1.700000000000000000e+02,4.433466880000000000e+09,3.195793571840000000e+11,0.000000000000000000e+00
3.882000000000000000e+03,5.340000000000000000e+02,8.488461982676199113e+01,8.838834764831844659e-02,1.690000000000000000e+02,2.371363584000000000e+09,3.570016911360000000e+11,0.000000000000000000e+00
1.040000000000000000e+02,1.331000000000000000e+03,8.676606654458112189e+01,1.567630989332169100e-01,5.000000000000000000e+01,7.797797888000000000e+09,1.035582898176000000e+12,4.051990509033203125e-01
2.379000000000000000e+03,1.724000000000000000e+03,1.628574231260451199e+02,1.242259987499883256e-01,1.300000000000000000e+02,3.632104192000000000e+09,4.624581591040000000e+11,1.768329180777072906e-02
9.250000000000000000e+02,5.800000000000000000e+01,1.321814956803723078e+02,1.636147300609602229e-01,5.000000000000000000e+00,3.720409907200000000e+10,5.819019034624000000e+12,4.008188247680664062e-01
3.616000000000000000e+03,3.414000000000000000e+03,2.226028487104288445e+02,9.316949906249123725e-02,4.200000000000000000e+01,1.222075596800000000e+10,1.233799348224000000e+12,5.440852642059326172e-01
1.471000000000000000e+03,1.839000000000000000e+03,4.998375781293180466e+02,1.087856586440842377e-01,2.550000000000000000e+02,9.812340480000000000e+08,1.673714237440000000e+11,9.509994834661483765e-02
3.704000000000000000e+03,3.721000000000000000e+03,1.206218239842581141e+02,8.318903308077030267e-02,1.520000000000000000e+02,2.955342592000000000e+09,3.941879316480000000e+11,2.590242326259613037e-01
1.977000000000000000e+03,1.503000000000000000e+03,9.699873301661729386e+01,1.663780661615406053e-01,1.350000000000000000e+02,2.493312768000000000e+09,4.014708817920000000e+11,4.813774675130844116e-02
1.472000000000000000e+03,1.840000000000000000e+03,1.070300452023366518e+02,0.000000000000000000e+00,2.550000000000000000e+02,9.812340480000000000e+08,1.673714237440000000e+11,9.509994834661483765e-02
3.375000000000000000e+03,2.550000000000000000e+03,7.112895418770548872e+01,1.087856586440842377e-01,3.080000000000000000e+02,5.708842880000000000e+08,1.806985297920000000e+11,0.000000000000000000e+00
2.169000000000000000e+03,2.612000000000000000e+03,1.061034733753412524e+02,1.844626385704036808e-01,5.100000000000000000e+01,8.195988992000000000e+09,1.038099021824000000e+12,2.238056659698486328e-01
2.407000000000000000e+03,1.309000000000000000e+03,1.410666141342187245e+02,1.923273145405179907e-01,2.300000000000000000e+01,1.432996761600000000e+10,1.869943144448000000e+12,4.284954965114593506e-01
2.464000000000000000e+03,3.121000000000000000e+03,2.303732015289800188e+02,1.374368541872553473e-01,1.200000000000000000e+01,2.284425011200000000e+10,2.239901466624000000e+12,3.446404933929443359e+00
2.071000000000000000e+03,2.838000000000000000e+03,2.384121530647679776e+02,1.963383631246505001e-01,6.500000000000000000e+01,8.930834432000000000e+09,7.377056563200000000e+11,2.099134683609008789e+00
1.438000000000000000e+03,1.478000000000000000e+03,4.071187610341169716e+01,6.666666666666666574e-02,2.330000000000000000e+02,2.212824576000000000e+09,2.835332136960000000e+11,0.000000000000000000e+00
1.401000000000000000e+03,1.338000000000000000e+03,1.226030762564135017e+02,5.882352941176470507e-02,1.330000000000000000e+02,2.948885760000000000e+09,4.005123194880000000e+11,4.462803006172180176e-01
2.388000000000000000e+03,3.290000000000000000e+02,3.834200001670964184e+02,7.069708383262723883e-02,0.000000000000000000e+00,8.377669222400000000e+10,1.136895144755200000e+13,5.675861835479736328e-01
7.000000000000000000e+02,9.340000000000000000e+02,8.473516880531013840e+01,1.250000000000000000e-01,1.710000000000000000e+02,2.035380352000000000e+09,3.514815283200000000e+11,1.891390979290008545e-01
4.180000000000000000e+02,1.364000000000000000e+03,1.744045660184069391e+02,1.778645621509124530e-01,4.000000000000000000e+00,3.802601062400000000e+10,4.025006424064000000e+12,3.468478620052337646e-01
1.655000000000000000e+03,3.018000000000000000e+03,1.082415652503575529e+02,1.250000000000000000e-01,1.480000000000000000e+02,1.804167296000000000e+09,3.542372515840000000e+11,5.573551058769226074e-01
3.090000000000000000e+03,1.078000000000000000e+03,1.285534684070034075e+02,1.792654619833765339e-01,5.200000000000000000e+01,8.784549888000000000e+09,9.930926981120000000e+11,3.149703741073608398e-01
1.734000000000000000e+03,2.185000000000000000e+03,1.336536904648963855e+02,1.428571428571428492e-01,2.080000000000000000e+02,2.567625216000000000e+09,2.535187906560000000e+11,5.201082229614257812e-01
6.850000000000000000e+02,1.617000000000000000e+03,8.934724299968935668e+01,1.897658566033678385e-01,8.900000000000000000e+01,6.014683136000000000e+09,6.031215820800000000e+11,3.571751117706298828e-01
2.974000000000000000e+03,4.600000000000000000e+01,5.128376928324468054e+02,7.142857142857142461e-02,2.200000000000000000e+01,1.112703795200000000e+10,1.769099100160000000e+12,1.792023628950119019e-01
2.920000000000000000e+02,1.199000000000000000e+03,6.391507451830412379e+01,1.087856586440842377e-01,3.290000000000000000e+02,6.890782720000000000e+08,1.883683880960000000e+11,0.000000000000000000e+00
2.863000000000000000e+03,1.473000000000000000e+03,5.869581113202248446e+01,1.720052290384453675e-01,3.130000000000000000e+02,8.743348480000000000e+08,1.771336335360000000e+11,5.516332760453224182e-02
3.530000000000000000e+02,3.394000000000000000e+03,6.109863290763001942e+02,1.000000000000000056e-01,8.200000000000000000e+01,6.290100736000000000e+09,6.371417128960000000e+11,2.918904721736907959e-01
3.147000000000000000e+03,1.840000000000000000e+02,3.312377681871151935e+01,1.087856586440842377e-01,2.740000000000000000e+02,5.935837440000000000e+08,2.015773655040000000e+11,0.000000000000000000e+00
3.083000000000000000e+03,1.574000000000000000e+03,3.719800100261008424e+01,0.000000000000000000e+00,3.840000000000000000e+02,4.895907840000000000e+08,1.659950202880000000e+11,0.000000000000000000e+00
1.711000000000000000e+03,1.972000000000000000e+03,6.700510690947955084e+01,1.720052290384453675e-01,3.360000000000000000e+02,7.044088320000000000e+08,1.749837414400000000e+11,1.215873584151268005e-01
3.073000000000000000e+03,2.407000000000000000e+03,2.511702575376098707e+02,1.229750923802691437e-01,1.900000000000000000e+01,1.888740147200000000e+10,1.018762625024000000e+12,2.206895589828491211e+00
1.771000000000000000e+03,1.271000000000000000e+03,1.209950453272965802e+02,1.397542485937368628e-01,1.410000000000000000e+02,3.433193472000000000e+09,3.794966282240000000e+11,1.272307150065898895e-02
2.845000000000000000e+03,5.360000000000000000e+02,5.609721532310233272e+01,1.767766952966368932e-01,1.730000000000000000e+02,1.717559808000000000e+09,3.478508666880000000e+11,5.091017484664916992e-02
4.360000000000000000e+02,2.728000000000000000e+03,2.108014964895776302e+02,9.523809523809523281e-02,6.100000000000000000e+01,9.361108992000000000e+09,7.905924218880000000e+11,2.025802731513977051e-01
1.145000000000000000e+03,1.554000000000000000e+03,2.127870970587211730e+02,1.538461538461538547e-01,3.100000000000000000e+02,8.167900800000000000e+08,1.839095480320000000e+11,0.000000000000000000e+00
1.139000000000000000e+03,3.900000000000000000e+03,3.192275160288427855e+02,9.882117688026186009e-02,8.000000000000000000e+00,2.140511027200000000e+10,2.705576689664000000e+12,6.908459067344665527e-01
1.261000000000000000e+03,3.930000000000000000e+03,1.918977658197348148e+02,1.851851851851851749e-01,2.900000000000000000e+01,1.019431731200000000e+10,1.588923858944000000e+12,0.000000000000000000e+00
2.162000000000000000e+03,1.546000000000000000e+03,8.280965050893938439e+01,1.315334104411640948e-01,1.460000000000000000e+02,2.724431104000000000e+09,3.837422469120000000e+11,1.022337898612022400e-01
1.369000000000000000e+03,1.367000000000000000e+03,3.541997370839157355e+01,1.490711984999859852e-01,1.560000000000000000e+02,1.652563456000000000e+09,2.679119380480000000e+11,7.161618210375308990e-03
1.030000000000000000e+02,1.331000000000000000e+03,1.158196243814224715e+02,1.374903330507991073e-01,5.000000000000000000e+01,7.797797888000000000e+09,1.035582898176000000e+12,4.051990509033203125e-01
3.547000000000000000e+03,2.480000000000000000e+03,1.676360773300051790e+02,1.649242250247064112e-01,4.000000000000000000e+01,9.953271808000000000e+09,1.281303117824000000e+12,1.119234338402748108e-01
3.153000000000000000e+03,3.952000000000000000e+03,6.096309746796341500e+01,1.767766952966368932e-01,2.100000000000000000e+02,5.425520640000000000e+08,3.273477652480000000e+11,0.000000000000000000e+00
2.976000000000000000e+03,4.500000000000000000e+01,3.678339826239330819e+02,7.985957062499249304e-02,2.200000000000000000e+01,1.112703795200000000e+10,1.769099100160000000e+12,1.792023628950119019e-01
2.245000000000000000e+03,3.784000000000000000e+03,2.416241309005961568e+02,1.374903330507991073e-01,4.800000000000000000e+01,9.209923584000000000e+09,1.063470563328000000e+12,5.686478018760681152e-01
3.570000000000000000e+02,2.166000000000000000e+03,6.001594177906832783e+02,1.116484391347180166e-01,1.000000000000000000e+00,5.404031385600000000e+10,4.775771897856000000e+12,1.709547489881515503e-01
2.079000000000000000e+03,3.087000000000000000e+03,3.537146174069631854e+01,1.976423537605237202e-01,1.700000000000000000e+02,4.433466880000000000e+09,3.195793571840000000e+11,0.000000000000000000e+00
3.291000000000000000e+03,1.550000000000000000e+03,7.007122709295971674e+01,1.664356663246515655e-01,1.000000000000000000e+02,5.067320320000000000e+09,6.003260784640000000e+11,0.000000000000000000e+00
1.040000000000000000e+02,1.334000000000000000e+03,1.184195696048553543e+02,8.695652173913043237e-02,5.000000000000000000e+01,7.797797888000000000e+09,1.035582898176000000e+12,4.051990509033203125e-01
2.059000000000000000e+03,1.177000000000000000e+03,8.887715585395906714e+01,1.720052290384453675e-01,3.200000000000000000e+02,9.827491200000000000e+08,1.729439498240000000e+11,1.148947626352310181e-01
3.539000000000000000e+03,2.482000000000000000e+03,1.285843304805459297e+02,1.649242250247064112e-01,4.000000000000000000e+01,9.953271808000000000e+09,1.281303117824000000e+12,1.119234338402748108e-01
2.522000000000000000e+03,1.011000000000000000e+03,5.444930242292653020e+02,6.666666666666666574e-02,9.000000000000000000e+00,2.156558540800000000e+10,2.274888253440000000e+12,8.735226988792419434e-01
1.145000000000000000e+03,3.902000000000000000e+03,2.328142695449436417e+02,9.882117688026186009e-02,8.000000000000000000e+00,2.140511027200000000e+10,2.705576689664000000e+12,6.908459067344665527e-01
1.684000000000000000e+03,2.252000000000000000e+03,8.467250365124830296e+02,5.405405405405405705e-02,3.000000000000000000e+00,5.031784038400000000e+10,4.124430041088000000e+12,3.194062948226928711e+00
1.741000000000000000e+03,2.682000000000000000e+03,3.821441251302329078e+02,8.333333333333332871e-02,3.550000000000000000e+02,3.566433600000000000e+08,1.543529267200000000e+11,2.777648903429508209e-02
8.370000000000000000e+02,4.410000000000000000e+02,7.792032519013328340e+01,1.414213562373095034e-01,8.500000000000000000e+01,6.778748416000000000e+09,6.711748853760000000e+11,0.000000000000000000e+00
3.779000000000000000e+03,1.085000000000000000e+03,7.600523190643060900e+01,0.000000000000000000e+00,3.810000000000000000e+02,7.137031040000000000e+08,1.453547028480000000e+11,0.000000000000000000e+00
2.378000000000000000e+03,1.724000000000000000e+03,1.247737834990459334e+02,1.756820922315766309e-01,1.300000000000000000e+02,3.632104192000000000e+09,4.624581591040000000e+11,1.768329180777072906e-02
3.204000000000000000e+03,2.994000000000000000e+03,4.786028232018123418e+01,1.976423537605237202e-01,1.820000000000000000e+02,2.227453696000000000e+09,3.294442946560000000e+11,5.853049829602241516e-02
1.020000000000000000e+02,1.331000000000000000e+03,1.605946936272158041e+02,1.304347826086956486e-01,5.000000000000000000e+01,7.797797888000000000e+09,1.035582898176000000e+12,4.051990509033203125e-01
1.393000000000000000e+03,2.585000000000000000e+03,5.265779089156640680e+01,1.397542485937368628e-01,1.910000000000000000e+02,1.375448704000000000e+09,3.619017523200000000e+11,0.000000000000000000e+00
2.808000000000000000e+03,3.786000000000000000e+03,8.104053059690910743e+01,1.597191412499849861e-01,2.140000000000000000e+02,1.683058048000000000e+09,2.561943306240000000e+11,1.267226338386535645e-01
6.860000000000000000e+02,1.614000000000000000e+03,2.231191379365004366e+02,5.263157894736841813e-02,8.900000000000000000e+01,6.014683136000000000e+09,6.031215820800000000e+11,3.571751117706298828e-01
2.296000000000000000e+03,1.191000000000000000e+03,5.944254954656690870e+01,1.538461538461538547e-01,2.790000000000000000e+02,8.299195520000000000e+08,1.722283950080000000e+11,1.422405540943145752e-01
1.053000000000000000e+03,6.670000000000000000e+02,1.062448285041914033e+02,0.000000000000000000e+00,2.450000000000000000e+02,1.805912064000000000e+09,2.084656250880000000e+11,0.000000000000000000e+00
1.273000000000000000e+03,1.803000000000000000e+03,2.340084879160714024e+02,8.333333333333332871e-02,4.100000000000000000e+01,1.095597670400000000e+10,1.212032876544000000e+12,5.461735725402832031e-01
1.087000000000000000e+03,3.115000000000000000e+03,3.128791631335773715e+01,1.285648693066450132e-01,4.200000000000000000e+02,4.720592000000000000e+08,1.222859407360000000e+11,2.189010754227638245e-02
1.250000000000000000e+03,2.152000000000000000e+03,6.783933010144789932e+01,7.692307692307692735e-02,3.140000000000000000e+02,7.569043840000000000e+08,1.834407690240000000e+11,1.344446092844009399e-01
3.616000000000000000e+03,3.411000000000000000e+03,3.019470694003766766e+02,5.892556509887896671e-02,4.200000000000000000e+01,1.222075596800000000e+10,1.233799348224000000e+12,5.440852642059326172e-01
3.600000000000000000e+02,2.169000000000000000e+03,3.747796295850196771e+02,1.578947368421052544e-01,1.000000000000000000e+00,5.404031385600000000e+10,4.775771897856000000e+12,1.709547489881515503e-01
2.398000000000000000e+03,3.280000000000000000e+02,3.039375295749958354e+02,1.493288844287040951e-01,0.000000000000000000e+00,8.377669222400000000e+10,1.136895144755200000e+13,5.675861835479736328e-01
3.090000000000000000e+03,1.075000000000000000e+03,1.563328337160067747e+02,1.944406936956339094e-01,5.200000000000000000e+01,8.784549888000000000e+09,9.930926981120000000e+11,3.149703741073608398e-01
3.985000000000000000e+03,1.739000000000000000e+03,1.873599202166519149e+02,7.692307692307692735e-02,2.700000000000000000e+02,8.602592640000000000e+08,2.070787686400000000e+11,7.237505912780761719e-02
2.729000000000000000e+03,2.723000000000000000e+03,1.806066703857021878e+02,1.333333333333333315e-01,2.070000000000000000e+02,1.396155776000000000e+09,2.768124968960000000e+11,1.600566804409027100e-01
1.797000000000000000e+03,7.970000000000000000e+02,7.256108364074893302e+01,1.860163329510811370e-01,1.630000000000000000e+02,2.709165312000000000e+09,3.863595909120000000e+11,0.000000000000000000e+00
2.842000000000000000e+03,3.982000000000000000e+03,4.202665264967099006e+02,1.524553389864963804e-01,2.000000000000000000e+00,5.628931686400000000e+10,6.278159532032000000e+12,7.123951315879821777e-01
3.093000000000000000e+03,1.080000000000000000e+03,2.015401407646216398e+02,1.374903330507991073e-01,5.200000000000000000e+01,8.784549888000000000e+09,9.930926981120000000e+11,3.149703741073608398e-01
2.502000000000000000e+03,2.617000000000000000e+03,5.046197286522799885e+01,1.720052290384453675e-01,2.440000000000000000e+02,7.854515840000000000e+08,1.657421332480000000e+11,0.000000000000000000e+00
3.161000000000000000e+03,9.010000000000000000e+02,3.897454234261865622e+02,1.016394535227177209e-01,5.800000000000000000e+01,1.094278246400000000e+10,8.453797314560000000e+11,1.849814414978027344e+00
1.764000000000000000e+03,4.730000000000000000e+02,4.805602254865467415e+01,1.428571428571428492e-01,2.110000000000000000e+02,1.394466176000000000e+09,2.478166507520000000e+11,2.401392906904220581e-02
2.824000000000000000e+03,1.215000000000000000e+03,1.530622880562218313e+02,1.897658566033678385e-01,9.100000000000000000e+01,2.423620608000000000e+09,5.533967974400000000e+11,5.127481222152709961e-01
2.966000000000000000e+03,3.715000000000000000e+03,1.973632099756669049e+02,1.111111111111111049e-01,1.090000000000000000e+02,4.211948288000000000e+09,4.665582878720000000e+11,9.797154068946838379e-01
1.018000000000000000e+03,9.260000000000000000e+02,1.071949770025584883e+02,8.333333333333332871e-02,3.710000000000000000e+02,3.972028800000000000e+08,1.328047636480000000e+11,5.567327886819839478e-02
3.768000000000000000e+03,1.261000000000000000e+03,5.012944330614741375e+02,1.818181818181818232e-01,5.700000000000000000e+01,7.847402496000000000e+09,9.251958292480000000e+11,7.964859604835510254e-01
3.492000000000000000e+03,3.192000000000000000e+03,1.189529574577000233e+02,1.346870059402947850e-01,6.700000000000000000e+01,6.759896064000000000e+09,7.669665628160000000e+11,5.162037611007690430e-01
2.387000000000000000e+03,3.270000000000000000e+02,3.634169863753375012e+02,1.109187107743603989e-01,0.000000000000000000e+00,8.377669222400000000e+10,1.136895144755200000e+13,5.675861835479736328e-01
3.258000000000000000e+03,1.013000000000000000e+03,5.262622424460544579e+01,2.000000000000000111e-01,2.050000000000000000e+02,1.157463040000000000e+09,2.754100920320000000e+11,3.203420713543891907e-02
9.170000000000000000e+02,5.700000000000000000e+01,7.659159912251175228e+01,6.898602743283391292e-02,5.000000000000000000e+00,3.720409907200000000e+10,5.819019034624000000e+12,4.008188247680664062e-01
2.381000000000000000e+03,3.330000000000000000e+02,6.750715829535025705e+02,1.999615495526582132e-01,0.000000000000000000e+00,8.377669222400000000e+10,1.136895144755200000e+13,5.675861835479736328e-01
3.079000000000000000e+03,3.260000000000000000e+03,1.015755349346834322e+02,6.250000000000000000e-02,1.550000000000000000e+02,1.669745408000000000e+09,3.648343572480000000e+11,1.946539035998284817e-03
3.816000000000000000e+03,1.262000000000000000e+03,3.934957009545087203e+01,1.863389981249824745e-01,2.630000000000000000e+02,6.555905920000000000e+08,1.569963048960000000e+11,9.541357867419719696e-03
3.267000000000000000e+03,2.766000000000000000e+03,2.319987897408053925e+02,1.178511301977579334e-01,3.800000000000000000e+01,6.768592384000000000e+09,1.212657696768000000e+12,3.731330037117004395e-01
2.881000000000000000e+03,3.524000000000000000e+03,2.559701102700669253e+02,1.656346649999844434e-01,2.800000000000000000e+01,1.246307840000000000e+10,1.611237163008000000e+12,9.548643231391906738e-01
1.272000000000000000e+03,1.798000000000000000e+03,2.264456094196521292e+02,1.317615691736824801e-01,4.100000000000000000e+01,1.095597670400000000e+10,1.212032876544000000e+12,5.461735725402832031e-01
1.395000000000000000e+03,2.583000000000000000e+03,7.836244719366746381e+01,6.250000000000000000e-02,1.910000000000000000e+02,1.375448704000000000e+09,3.619017523200000000e+11,0.000000000000000000e+00
3.188000000000000000e+03,3.621000000000000000e+03,5.928297493554015318e+01,1.720052290384453675e-01,3.330000000000000000e+02,5.459247360000000000e+08,1.804148080640000000e+11,2.241535298526287079e-02
3.107000000000000000e+03,3.175000000000000000e+03,5.507211597143501081e+01,1.720052290384453675e-01,1.580000000000000000e+02,1.341931904000000000e+09,1.860513300480000000e+11,3.629177063703536987e-02
1.072000000000000000e+03,2.713000000000000000e+03,2.742840164975907769e+01,1.863389981249824745e-01,3.680000000000000000e+02,6.087105920000000000e+08,1.541392302080000000e+11,0.000000000000000000e+00
2.825000000000000000e+03,1.216000000000000000e+03,2.069011406116635783e+02,1.176877882894626220e-01,9.100000000000000000e+01,2.423620608000000000e+09,5.533967974400000000e+11,5.127481222152709961e-01
3.187000000000000000e+03,5.900000000000000000e+01,9.140951845270167553e+01,1.597191412499849861e-01,2.350000000000000000e+02,1.789910528000000000e+09,2.301310566400000000e+11,1.099770516157150269e-01
1.082000000000000000e+03,3.500000000000000000e+02,1.387803015088174448e+02,8.333333333333332871e-02,4.070000000000000000e+02,3.171887040000000000e+08,1.305641451520000000e+11,2.433669194579124451e-02
1.846000000000000000e+03,3.662000000000000000e+03,8.881896885077541981e+01,1.250000000000000000e-01,1.970000000000000000e+02,1.901484416000000000e+09,3.233736294400000000e+11,5.048052407801151276e-03
3.547000000000000000e+03,2.481000000000000000e+03,1.893727850030743411e+02,1.600000000000000033e-01,4.000000000000000000e+01,9.953271808000000000e+09,1.281303117824000000e+12,1.119234338402748108e-01
2.852000000000000000e+03,3.986000000000000000e+03,4.649792185938138687e+02,1.448276792928147594e-01,2.000000000000000000e+00,5.628931686400000000e+10,6.278159532032000000e+12,7.123951315879821777e-01
1.615000000000000000e+03,1.039000000000000000e+03,3.800653431630037460e+01,1.666666666666666574e-01,4.190000000000000000e+02,6.792685440000000000e+08,1.388187811840000000e+11,0.000000000000000000e+00
1.297000000000000000e+03,2.340000000000000000e+02,2.713820550963902889e+01,1.720052290384453675e-01,3.790000000000000000e+02,6.020218880000000000e+08,1.710966538240000000e+11,0.000000000000000000e+00
2.391000000000000000e+03,3.220000000000000000e+02,3.636125760412311365e+02,1.764705882352941291e-01,0.000000000000000000e+00,8.377669222400000000e+10,1.136895144755200000e+13,5.675861835479736328e-01
4.390000000000000000e+02,2.728000000000000000e+03,1.236426148765393975e+02,1.716929178792375721e-01,6.100000000000000000e+01,9.361108992000000000e+09,7.905924218880000000e+11,2.025802731513977051e-01
2.409000000000000000e+03,3.454000000000000000e+03,4.416170903613019050e+01,1.538461538461538547e-01,3.580000000000000000e+02,6.998554240000000000e+08,1.721436569600000000e+11,0.000000000000000000e+00
2.007000000000000000e+03,3.984000000000000000e+03,2.017373691283653159e+02,1.944406936956339094e-01,4.600000000000000000e+01,1.164763852800000000e+10,1.045021261824000000e+12,1.535035371780395508e+00
2.524000000000000000e+03,1.016000000000000000e+03,3.858623096758485644e+02,1.201850425154663005e-01,9.000000000000000000e+00,2.156558540800000000e+10,2.274888253440000000e+12,8.735226988792419434e-01
8.780000000000000000e+02,1.445000000000000000e+03,2.070692448904756588e+02,1.250000000000000000e-01,1.570000000000000000e+02,1.279842816000000000e+09,3.484008775680000000e+11,2.002031058073043823e-01
3.105000000000000000e+03,1.265000000000000000e+03,9.419803869115783357e+01,9.523809523809523281e-02,7.800000000000000000e+01,5.756817408000000000e+09,7.567747317760000000e+11,5.334236100316047668e-02
1.380000000000000000e+02,3.250000000000000000e+03,2.752250083031475469e+02,1.216260638526299870e-01,3.200000000000000000e+01,1.154737459200000000e+10,1.562261454848000000e+12,8.456335663795471191e-01
3.778000000000000000e+03,1.959000000000000000e+03,1.920171547243218697e+02,6.666666666666666574e-02,1.950000000000000000e+02,1.265744256000000000e+09,2.763455201280000000e+11,7.307041436433792114e-02
1.169000000000000000e+03,2.450000000000000000e+02,2.692761345494275247e+02,1.111111111111111049e-01,1.100000000000000000e+02,4.937474048000000000e+09,5.120097320960000000e+11,1.020596385002136230e+00
1.655000000000000000e+03,3.016000000000000000e+03,1.197786270132410351e+02,1.767766952966368932e-01,1.480000000000000000e+02,1.804167296000000000e+09,3.542372515840000000e+11,5.573551058769226074e-01
4.360000000000000000e+02,2.729000000000000000e+03,2.524129690623557281e+02,4.761904761904761640e-02,6.100000000000000000e+01,9.361108992000000000e+09,7.905924218880000000e+11,2.025802731513977051e-01
3.690000000000000000e+03,2.674000000000000000e+03,1.491499121985465059e+01,1.000000000000000056e-01,4.620000000000000000e+02,3.378628160000000000e+08,7.270843187200000000e+10,0.000000000000000000e+00
1.803000000000000000e+03,1.758000000000000000e+03,6.622788979015761868e+01,1.178511301977579334e-01,4.040000000000000000e+02,4.314691200000000000e+08,1.523989217280000000e+11,0.000000000000000000e+00
2.138000000000000000e+03,2.746000000000000000e+03,1.027129797514249674e+02,5.882352941176470507e-02,1.030000000000000000e+02,3.443494656000000000e+09,3.972623237120000000e+11,1.831960305571556091e-02
2.577000000000000000e+03,8.410000000000000000e+02,5.068124074213191079e+02,1.087856586440842377e-01,2.600000000000000000e+01,1.537867468800000000e+10,1.513454567424000000e+12,1.694393157958984375e+00
3.078000000000000000e+03,2.312000000000000000e+03,2.690764269958286263e+02,7.142857142857142461e-02,2.670000000000000000e+02,1.123539072000000000e+09,2.090375905280000000e+11,1.689279526472091675e-01
5.440000000000000000e+02,2.456000000000000000e+03,4.679220156850504253e+01,1.976423537605237202e-01,1.600000000000000000e+02,1.700266368000000000e+09,3.477796618240000000e+11,1.986222900450229645e-02
2.738000000000000000e+03,1.333000000000000000e+03,7.289081372878234788e+01,2.000000000000000111e-01,1.800000000000000000e+02,2.299778304000000000e+09,3.093213347840000000e+11,2.055913954973220825e-01
