2.235000000000000000e+03,2.159000000000000000e+03,1.551665228057105139e+02,5.000000000000000278e-02,8.300000000000000000e+01,8.956526592000000000e+09,6.515022233600000000e+11,5.435594320297241211e-01
3.979000000000000000e+03,2.089000000000000000e+03,1.543072990593226734e+02,1.897658566033678385e-01,7.600000000000000000e+01,6.012193792000000000e+09,5.932355420160000000e+11,2.364895343780517578e-01
3.222000000000000000e+03,2.256000000000000000e+03,8.835798307290166065e+01,1.052631578947368363e-01,9.400000000000000000e+01,5.039864832000000000e+09,6.060616581120000000e+11,6.635777950286865234e-01
3.370000000000000000e+02,1.473000000000000000e+03,2.201156063032278354e+01,7.710579232757895640e-02,1.700000000000000000e+01,5.264295936000000000e+10,2.150357925888000000e+12,1.609793305397033691e-01
1.260000000000000000e+02,2.330000000000000000e+03,1.410018858390831440e+02,1.631784879661263288e-01,1.000000000000000000e+01,1.996886425600000000e+10,1.406474911744000000e+12,1.505521297454833984e+00
3.541000000000000000e+03,2.478000000000000000e+03,2.396925427355525358e+02,1.178511301977579334e-01,3.200000000000000000e+01,2.188575744000000000e+10,1.215032852480000000e+12,2.247135162353515625e+00
3.979000000000000000e+03,2.414000000000000000e+03,2.527698413629784469e+01,1.863389981249824745e-01,4.500000000000000000e+01,2.933959884800000000e+10,1.161086107648000000e+12,0.000000000000000000e+00
1.791000000000000000e+03,6.990000000000000000e+02,9.754621454734272845e+01,1.664356663246515655e-01,9.600000000000000000e+01,7.474629632000000000e+09,5.915148943360000000e+11,2.710782289505004883e-01
3.783000000000000000e+03,2.082000000000000000e+03,8.586083928620516872e+02,1.000000000000000056e-01,3.700000000000000000e+01,6.925903872000000000e+09,6.656544604160000000e+11,6.811499595642089844e-01
3.520000000000000000e+02,6.240000000000000000e+02,1.461911576833131221e+02,1.414213562373095034e-01,6.900000000000000000e+01,2.519118848000000000e+09,6.528198901760000000e+11,4.075180888175964355e-01
2.830000000000000000e+03,3.188000000000000000e+03,2.332701596816951621e+02,1.720052290384453675e-01,2.570000000000000000e+02,3.613436800000000000e+08,1.793486192640000000e+11,5.170684680342674255e-02
1.766000000000000000e+03,1.272000000000000000e+03,1.133688754685514368e+02,1.176470588235294101e-01,1.320000000000000000e+02,4.678830592000000000e+09,4.214285598720000000e+11,3.574668765068054199e-01
2.256000000000000000e+03,1.119000000000000000e+03,1.848041634118224863e+01,1.697056274847713875e-01,3.800000000000000000e+01,2.731669299200000000e+10,1.339208237056000000e+12,0.000000000000000000e+00
4.140000000000000000e+02,3.360000000000000000e+03,2.859540326976877509e+02,7.692307692307692735e-02,3.000000000000000000e+02,6.761123200000000000e+08,1.850314096640000000e+11,1.175257489085197449e-01
1.072000000000000000e+03,2.713000000000000000e+03,2.708659637943551246e+01,1.720052290384453675e-01,3.250000000000000000e+02,4.487570880000000000e+08,1.660798238720000000e+11,2.765476144850254059e-02
2.333000000000000000e+03,2.446000000000000000e+03,1.376314765449042739e+02,1.264911064067351931e-01,1.600000000000000000e+01,3.099138048000000000e+10,1.294922940416000000e+12,4.591097354888916016e+00
1.474000000000000000e+03,1.842000000000000000e+03,2.624526066480180120e+01,1.720052290384453675e-01,2.680000000000000000e+02,3.387232000000000000e+08,1.792297369600000000e+11,3.738203644752502441e-02
3.428000000000000000e+03,9.430000000000000000e+02,3.575350124691217957e+01,1.315334104411640948e-01,1.620000000000000000e+02,3.060062976000000000e+09,3.823545876480000000e+11,2.805753350257873535e-01
5.550000000000000000e+02,2.107000000000000000e+03,6.967210774136863449e+01,1.664356663246515655e-01,9.200000000000000000e+01,8.088771072000000000e+09,5.596324823040000000e+11,7.699264287948608398e-01
6.100000000000000000e+02,2.587000000000000000e+03,3.503483091783958514e+01,1.739130434782608647e-01,4.100000000000000000e+01,3.039488614400000000e+10,1.064241790976000000e+12,7.708724141120910645e-01
1.618000000000000000e+03,5.900000000000000000e+01,9.404707208048732525e+01,1.860163329510811370e-01,1.260000000000000000e+02,4.513734144000000000e+09,4.525443645440000000e+11,9.953110814094543457e-01
3.543000000000000000e+03,2.482000000000000000e+03,7.142012389417190832e+01,8.333333333333332871e-02,3.200000000000000000e+01,2.188575744000000000e+10,1.215032852480000000e+12,2.247135162353515625e+00
2.508000000000000000e+03,1.863000000000000000e+03,1.863313464587771477e+02,1.315334104411640948e-01,1.420000000000000000e+02,5.136879616000000000e+09,4.324141629440000000e+11,2.311038821935653687e-01
2.256000000000000000e+03,2.188000000000000000e+03,6.282178697431294268e+01,1.597191412499849861e-01,2.450000000000000000e+02,6.759123840000000000e+08,2.125311344640000000e+11,2.900222241878509521e-01
9.250000000000000000e+02,5.100000000000000000e+01,5.892820846433328796e+01,1.313454831008415424e-01,2.000000000000000000e+00,4.836097638400000000e+10,5.956759453696000000e+12,4.612917602062225342e-01
2.043000000000000000e+03,1.495000000000000000e+03,7.844607456049396887e+01,1.397542485937368628e-01,1.170000000000000000e+02,4.141453568000000000e+09,3.299535093760000000e+11,1.914184540510177612e-01
4.800000000000000000e+02,3.380000000000000000e+03,1.466874956990960399e+01,1.863389981249824745e-01,3.370000000000000000e+02,3.180891520000000000e+08,1.595851407360000000e+11,0.000000000000000000e+00
3.854000000000000000e+03,1.357000000000000000e+03,1.321393563866762690e+02,3.535533905932737586e-02,0.000000000000000000e+00,7.301141299200000000e+10,5.371525595136000000e+12,3.230303525924682617e-01
2.450000000000000000e+02,2.925000000000000000e+03,1.540273690968677158e+02,5.882352941176470507e-02,1.790000000000000000e+02,4.286263552000000000e+09,3.801942917120000000e+11,2.970622479915618896e-01
3.490000000000000000e+02,3.394000000000000000e+03,5.495887212014879708e+01,1.897658566033678385e-01,1.110000000000000000e+02,5.865623040000000000e+09,5.513145876480000000e+11,2.487920820713043213e-01
2.008000000000000000e+03,3.990000000000000000e+03,1.716116283748837077e+02,1.928473039599674921e-01,5.800000000000000000e+01,1.764974796800000000e+10,9.503931760640000000e+11,1.640438556671142578e+00
9.200000000000000000e+02,6.300000000000000000e+01,1.016063395843876975e+02,1.857505635576563174e-01,2.000000000000000000e+00,4.836097638400000000e+10,5.956759453696000000e+12,4.612917602062225342e-01
1.795000000000000000e+03,6.960000000000000000e+02,5.276991485211907928e+01,1.578947368421052544e-01,9.600000000000000000e+01,7.474629632000000000e+09,5.915148943360000000e+11,2.710782289505004883e-01
3.534000000000000000e+03,1.726000000000000000e+03,5.378198203731766824e+01,1.538461538461538547e-01,2.630000000000000000e+02,4.127903040000000000e+08,1.956510597120000000e+11,2.772472240030765533e-02
2.336000000000000000e+03,2.450000000000000000e+03,1.032890420067428607e+02,2.000000000000000111e-01,1.600000000000000000e+01,3.099138048000000000e+10,1.294922940416000000e+12,4.591097354888916016e+00
2.517000000000000000e+03,1.018000000000000000e+03,1.013039493763788812e+02,1.287696884094281791e-01,1.900000000000000000e+01,3.211539865600000000e+10,1.839924903936000000e+12,4.858803153038024902e-01
1.258000000000000000e+03,3.927000000000000000e+03,4.769304795232945082e+01,1.961161351381840168e-01,2.700000000000000000e+01,4.451796172800000000e+10,1.408662896640000000e+12,3.526160120964050293e-01
2.633000000000000000e+03,2.682000000000000000e+03,1.053498954302148860e+02,8.333333333333332871e-02,3.900000000000000000e+01,2.389246156800000000e+10,1.108915257344000000e+12,7.688570618629455566e-01
2.086000000000000000e+03,2.812000000000000000e+03,3.881753521632376192e+01,1.178511301977579334e-01,3.410000000000000000e+02,6.574589440000000000e+08,1.499270348800000000e+11,1.997702196240425110e-02
3.858000000000000000e+03,1.354000000000000000e+03,8.223131453045468220e+01,9.013878188659972535e-02,0.000000000000000000e+00,7.301141299200000000e+10,5.371525595136000000e+12,3.230303525924682617e-01
1.770000000000000000e+03,1.607000000000000000e+03,8.242334153855091472e+01,1.860163329510811370e-01,1.380000000000000000e+02,2.455658496000000000e+09,4.106929438720000000e+11,1.264987438917160034e-01
3.430000000000000000e+02,1.469000000000000000e+03,1.375469719655185230e+01,1.724137931034482873e-01,1.700000000000000000e+01,5.264295936000000000e+10,2.150357925888000000e+12,1.609793305397033691e-01
2.760000000000000000e+03,3.674000000000000000e+03,1.727086434324624236e+02,6.666666666666666574e-02,1.290000000000000000e+02,1.944571648000000000e+09,2.719028346880000000e+11,3.264051377773284912e-01
7.710000000000000000e+02,2.421000000000000000e+03,4.062087530312080474e+01,1.720052290384453675e-01,3.240000000000000000e+02,4.153980800000000000e+08,1.759464652800000000e+11,3.340010717511177063e-02
1.573000000000000000e+03,2.416000000000000000e+03,4.702104518275454126e+01,1.963383631246505001e-01,7.000000000000000000e+01,3.691625984000000000e+09,7.435327242240000000e+11,9.238203763961791992e-01
2.521000000000000000e+03,1.014000000000000000e+03,5.359995667663599761e+01,7.985957062499249304e-02,1.900000000000000000e+01,3.211539865600000000e+10,1.839924903936000000e+12,4.858803153038024902e-01
6.060000000000000000e+02,2.593000000000000000e+03,3.451964433605477467e+01,1.944406936956339094e-01,4.100000000000000000e+01,3.039488614400000000e+10,1.064241790976000000e+12,7.708724141120910645e-01
1.656000000000000000e+03,1.081000000000000000e+03,4.348231224879209122e+01,1.767766952966368932e-01,1.750000000000000000e+02,1.725437440000000000e+09,3.437754777600000000e+11,2.619169652462005615e-01
6.600000000000000000e+02,1.737000000000000000e+03,2.664371492812357474e+02,7.443229275647869625e-02,3.000000000000000000e+01,1.417263513600000000e+10,6.153933946880000000e+11,9.578550457954406738e-01
2.250000000000000000e+03,1.342000000000000000e+03,2.334483530862399334e+02,1.499999999999999944e-01,8.100000000000000000e+01,8.068609536000000000e+09,7.168793640960000000e+11,7.845193743705749512e-01
3.046000000000000000e+03,3.388000000000000000e+03,4.647345849908118964e+01,1.567630989332169100e-01,5.100000000000000000e+01,2.175456870400000000e+10,9.791455232000000000e+11,0.000000000000000000e+00
3.788000000000000000e+03,2.083000000000000000e+03,7.599422582809425819e+01,1.581138830084189706e-01,3.700000000000000000e+01,6.925903872000000000e+09,6.656544604160000000e+11,6.811499595642089844e-01
1.069000000000000000e+03,3.190000000000000000e+02,5.597634222252774094e+01,2.000000000000000111e-01,2.330000000000000000e+02,6.209496320000000000e+08,2.893950812160000000e+11,1.476807296276092529e-01
3.110000000000000000e+03,3.658000000000000000e+03,6.816144719997639356e+01,1.597191412499849861e-01,2.250000000000000000e+02,9.303131520000000000e+08,2.084795514880000000e+11,9.833247214555740356e-02
3.787000000000000000e+03,2.079000000000000000e+03,1.769235096358182489e+02,1.802775637731994507e-01,3.700000000000000000e+01,6.925903872000000000e+09,6.656544604160000000e+11,6.811499595642089844e-01
3.277000000000000000e+03,1.281000000000000000e+03,5.997413170055285718e+02,6.250000000000000000e-02,1.440000000000000000e+02,2.995511040000000000e+09,3.637745745920000000e+11,7.464761734008789062e-01
1.472000000000000000e+03,1.842000000000000000e+03,1.026642376515170128e+02,7.692307692307692735e-02,2.680000000000000000e+02,3.387232000000000000e+08,1.792297369600000000e+11,3.738203644752502441e-02
3.973000000000000000e+03,2.093000000000000000e+03,6.832831035748492354e+01,1.897658566033678385e-01,7.600000000000000000e+01,6.012193792000000000e+09,5.932355420160000000e+11,2.364895343780517578e-01
3.702000000000000000e+03,2.553000000000000000e+03,2.134730603959150130e+01,1.885618083164126990e-01,1.980000000000000000e+02,1.618238080000000000e+09,3.098244218880000000e+11,1.910182833671569824e-01
1.603000000000000000e+03,2.124000000000000000e+03,6.608715424072160260e+01,1.716929178792375721e-01,6.700000000000000000e+01,2.263678566400000000e+10,7.642853539840000000e+11,1.249879002571105957e+00
3.850000000000000000e+03,1.356000000000000000e+03,4.311384431136543753e+02,1.250000000000000000e-01,0.000000000000000000e+00,7.301141299200000000e+10,5.371525595136000000e+12,3.230303525924682617e-01
9.430000000000000000e+02,3.723000000000000000e+03,1.956937265727287070e+02,5.263157894736841813e-02,8.700000000000000000e+01,7.962043904000000000e+09,6.099624919040000000e+11,7.106984853744506836e-01
2.340000000000000000e+02,1.139000000000000000e+03,1.089420815749541163e+02,1.374903330507991073e-01,5.700000000000000000e+01,8.470172672000000000e+09,9.695676334080000000e+11,1.448810100555419922e+00
2.725000000000000000e+03,2.470000000000000000e+03,8.012585358043882877e+01,1.016394535227177209e-01,5.300000000000000000e+01,1.131311718400000000e+10,9.541244682240000000e+11,1.090019583702087402e+00
1.693000000000000000e+03,1.998000000000000000e+03,7.034591775279847070e+01,1.863389981249824745e-01,3.160000000000000000e+02,3.948845120000000000e+08,1.476823613440000000e+11,5.348441191017627716e-03
2.072000000000000000e+03,2.844000000000000000e+03,1.156485701083710467e+02,1.414213562373095034e-01,6.800000000000000000e+01,1.048354918400000000e+10,7.046033571840000000e+11,8.116820454597473145e-01
2.979000000000000000e+03,4.400000000000000000e+01,1.071115844937531136e+02,1.111111111111111049e-01,1.100000000000000000e+01,3.576540364800000000e+10,1.680807821312000000e+12,2.075748682022094727e+00
9.630000000000000000e+02,2.619000000000000000e+03,2.191421217362996856e+02,1.488645855129573925e-01,8.800000000000000000e+01,5.297309696000000000e+09,5.749003386880000000e+11,1.700879216194152832e+00
1.780000000000000000e+02,2.694000000000000000e+03,2.383590641039325249e+02,1.860163329510811370e-01,1.190000000000000000e+02,2.209803520000000000e+09,4.380837478400000000e+11,6.837707161903381348e-01
2.991000000000000000e+03,1.019000000000000000e+03,6.945275684732698096e+01,7.692307692307692735e-02,2.920000000000000000e+02,5.220359040000000000e+08,1.912100945920000000e+11,9.537348896265029907e-02
3.973000000000000000e+03,2.417000000000000000e+03,2.193438080367729626e+01,1.717960677340691911e-01,4.500000000000000000e+01,2.933959884800000000e+10,1.161086107648000000e+12,0.000000000000000000e+00
1.651000000000000000e+03,3.016000000000000000e+03,6.103046396987060263e+01,1.885618083164126990e-01,1.610000000000000000e+02,1.813462784000000000e+09,3.086701363200000000e+11,3.963987231254577637e-01
5.310000000000000000e+02,1.734000000000000000e+03,6.394635565535562449e+01,1.000000000000000056e-01,8.500000000000000000e+01,1.334152294400000000e+10,6.413754040320000000e+11,2.690244674682617188e+00
3.560000000000000000e+02,6.200000000000000000e+02,7.676344468856508740e+01,1.414213562373095034e-01,6.900000000000000000e+01,2.519118848000000000e+09,6.528198901760000000e+11,4.075180888175964355e-01
3.440000000000000000e+03,5.070000000000000000e+02,2.519694667660021139e+02,1.488645855129573925e-01,5.900000000000000000e+01,4.818864128000000000e+09,5.752418467840000000e+11,5.228825211524963379e-01
2.210000000000000000e+03,3.702000000000000000e+03,1.406088599739107963e+02,1.250000000000000000e-01,1.200000000000000000e+02,1.413297024000000000e+09,3.281207623680000000e+11,2.572538256645202637e-01
1.176000000000000000e+03,9.450000000000000000e+02,1.137091059559652564e+02,7.692307692307692735e-02,2.660000000000000000e+02,9.486789760000000000e+08,2.049079541760000000e+11,1.377537250518798828e-01
1.308000000000000000e+03,1.395000000000000000e+03,1.574866716437249750e+02,1.118033988749894958e-01,3.400000000000000000e+01,1.266510643200000000e+10,7.028321812480000000e+11,3.640272617340087891e-01
2.348000000000000000e+03,3.120000000000000000e+03,8.938970859937758462e+01,1.242259987499883256e-01,1.210000000000000000e+02,7.143699968000000000e+09,4.740812636160000000e+11,4.700884819030761719e-01
3.558000000000000000e+03,1.406000000000000000e+03,7.998635257693476319e+01,1.397542485937368628e-01,1.730000000000000000e+02,2.307132928000000000e+09,3.346703646720000000e+11,1.729831695556640625e-01
3.821000000000000000e+03,1.658000000000000000e+03,3.690230242696766538e+01,7.692307692307692735e-02,2.010000000000000000e+02,5.403896960000000000e+08,1.908479918080000000e+11,1.492742747068405151e-01
3.497000000000000000e+03,3.187000000000000000e+03,8.500688222791848148e+02,7.071067811865475172e-02,7.200000000000000000e+01,1.264045465600000000e+10,6.807097835520000000e+11,5.790898799896240234e-01
1.004000000000000000e+03,1.278000000000000000e+03,1.096283442789017073e+02,1.397542485937368628e-01,1.720000000000000000e+02,2.377929984000000000e+09,3.280464117760000000e+11,2.886517047882080078e-01
3.933000000000000000e+03,3.589000000000000000e+03,1.071926071249728523e+02,1.756820922315766309e-01,1.150000000000000000e+02,8.581559808000000000e+09,4.948238008320000000e+11,5.617836713790893555e-01
1.952000000000000000e+03,3.914000000000000000e+03,1.143586783817625161e+02,1.490711984999859852e-01,1.860000000000000000e+02,9.393569920000000000e+08,2.994678333440000000e+11,8.796782791614532471e-02
1.947000000000000000e+03,3.913000000000000000e+03,9.516637935086386335e+01,2.000000000000000111e-01,1.860000000000000000e+02,9.393569920000000000e+08,2.994678333440000000e+11,8.796782791614532471e-02
9.300000000000000000e+02,5.300000000000000000e+01,4.554782012974561667e+01,1.857505635576563174e-01,2.000000000000000000e+00,4.836097638400000000e+10,5.956759453696000000e+12,4.612917602062225342e-01
1.952000000000000000e+03,1.568000000000000000e+03,2.200683416071813099e+02,1.250000000000000000e-01,1.670000000000000000e+02,3.063771904000000000e+09,3.769188679680000000e+11,6.263079047203063965e-01
3.817000000000000000e+03,3.570000000000000000e+02,6.738130484545564514e+01,9.428090415820634951e-02,2.080000000000000000e+02,2.188138240000000000e+09,2.766488862720000000e+11,2.967958748340606689e-01
3.813000000000000000e+03,2.195000000000000000e+03,7.154475877902773107e+01,1.277753129999879833e-01,5.000000000000000000e+00,6.303399526400000000e+10,3.637388771328000000e+12,2.569424629211425781e+00
1.950000000000000000e+03,3.915000000000000000e+03,1.102191255179582470e+02,1.333333333333333315e-01,1.860000000000000000e+02,9.393569920000000000e+08,2.994678333440000000e+11,8.796782791614532471e-02
1.273000000000000000e+03,1.805000000000000000e+03,6.984703540132797173e+01,8.333333333333332871e-02,3.600000000000000000e+01,1.450358067200000000e+10,1.097609969664000000e+12,1.465617537498474121e+00
3.152000000000000000e+03,3.952000000000000000e+03,4.857676910916173085e+01,1.397542485937368628e-01,2.170000000000000000e+02,5.120787200000000000e+08,3.151246131200000000e+11,2.553134262561798096e-01
3.403000000000000000e+03,1.757000000000000000e+03,6.001175373600475638e+01,1.490711984999859852e-01,2.050000000000000000e+02,2.007096576000000000e+09,3.110571868160000000e+11,3.634668886661529541e-02
2.020000000000000000e+02,3.760000000000000000e+02,1.723586382382332829e+02,1.860163329510811370e-01,1.650000000000000000e+02,2.563304704000000000e+09,4.133531811840000000e+11,7.525227665901184082e-01
1.488000000000000000e+03,1.419000000000000000e+03,2.442394827657572876e+02,1.176877882894626220e-01,1.050000000000000000e+02,1.297780121600000000e+10,5.435112488960000000e+11,6.052412390708923340e-01
3.275000000000000000e+03,1.279000000000000000e+03,2.056528409270865438e+02,1.397542485937368628e-01,1.440000000000000000e+02,2.995511040000000000e+09,3.637745745920000000e+11,7.464761734008789062e-01
1.270000000000000000e+02,2.328000000000000000e+03,8.044964009658158375e+02,8.600261451922268374e-02,1.000000000000000000e+01,1.996886425600000000e+10,1.406474911744000000e+12,1.505521297454833984e+00
3.620000000000000000e+02,3.089000000000000000e+03,6.724290305069065710e+01,8.333333333333332871e-02,3.360000000000000000e+02,4.760226560000000000e+08,1.574415237120000000e+11,3.742261976003646851e-02
3.556000000000000000e+03,3.417000000000000000e+03,6.245620472067426476e+01,1.111111111111111049e-01,1.360000000000000000e+02,5.107780096000000000e+09,4.809077555200000000e+11,6.091393232345581055e-01
3.540000000000000000e+02,2.159000000000000000e+03,5.233606630919805269e+01,1.663780661615406053e-01,1.000000000000000000e+00,8.831377408000000000e+10,3.447775821824000000e+12,4.181708395481109619e-01
3.450000000000000000e+03,2.863000000000000000e+03,6.359584137796848609e+02,1.176877882894626220e-01,6.600000000000000000e+01,5.837941760000000000e+09,6.081861386240000000e+11,1.099951863288879395e+00
2.063000000000000000e+03,3.999000000000000000e+03,7.880581349738845631e+01,1.538461538461538547e-01,1.780000000000000000e+02,3.707405120000000000e+08,1.698027438080000000e+11,1.132679879665374756e-01
2.858000000000000000e+03,1.471000000000000000e+03,1.156296739626331771e+02,1.178511301977579334e-01,3.080000000000000000e+02,7.085787520000000000e+08,1.645988904960000000e+11,9.297596663236618042e-02
2.143000000000000000e+03,1.476000000000000000e+03,1.007518885830231739e+02,1.885618083164126990e-01,1.940000000000000000e+02,8.222473600000000000e+08,2.805040742400000000e+11,9.123795479536056519e-02
2.975000000000000000e+03,4.800000000000000000e+01,8.909345907491399430e+01,1.527076157636170495e-01,1.100000000000000000e+01,3.576540364800000000e+10,1.680807821312000000e+12,2.075748682022094727e+00
3.434000000000000000e+03,1.230000000000000000e+03,3.721450507351400461e+01,1.860163329510811370e-01,1.000000000000000000e+02,2.065479552000000000e+09,4.219889909760000000e+11,5.504037141799926758e-01
3.278000000000000000e+03,3.297000000000000000e+03,1.468052777095539625e+02,1.822172467139156482e-01,4.000000000000000000e+00,4.576543129600000000e+10,2.901718335488000000e+12,1.090228271484375000e+01
1.621000000000000000e+03,1.607000000000000000e+03,5.813123477753315171e+01,1.571348402636772446e-01,1.120000000000000000e+02,4.358597632000000000e+09,5.040958341120000000e+11,4.804726839065551758e-01
4.790000000000000000e+02,3.380000000000000000e+03,2.129429951897619233e+01,1.178511301977579334e-01,3.370000000000000000e+02,3.180891520000000000e+08,1.595851407360000000e+11,0.000000000000000000e+00
1.267000000000000000e+03,1.804000000000000000e+03,5.507720337582655645e+01,1.717960677340691911e-01,3.600000000000000000e+01,1.450358067200000000e+10,1.097609969664000000e+12,1.465617537498474121e+00
1.658000000000000000e+03,1.082000000000000000e+03,3.589766015295201669e+02,6.250000000000000000e-02,1.750000000000000000e+02,1.725437440000000000e+09,3.437754777600000000e+11,2.619169652462005615e-01
2.407000000000000000e+03,1.306000000000000000e+03,6.845421229900652804e+01,1.656346649999844434e-01,2.100000000000000000e+01,3.967555993600000000e+10,1.669329846272000000e+12,7.246407270431518555e-01
2.479000000000000000e+03,2.516000000000000000e+03,5.629482175238965169e+01,1.571348402636772446e-01,1.020000000000000000e+02,5.462126592000000000e+09,5.022053498880000000e+11,4.640202224254608154e-01
1.072000000000000000e+03,3.210000000000000000e+02,6.935619383247663450e+01,1.333333333333333315e-01,2.330000000000000000e+02,6.209496320000000000e+08,2.893950812160000000e+11,1.476807296276092529e-01
2.576000000000000000e+03,8.360000000000000000e+02,7.813882322775768330e+01,1.199999999999999956e-01,3.500000000000000000e+01,2.461768089600000000e+10,1.257411051520000000e+12,0.000000000000000000e+00
2.759000000000000000e+03,3.676000000000000000e+03,6.871912067815013359e+01,1.333333333333333315e-01,1.290000000000000000e+02,1.944571648000000000e+09,2.719028346880000000e+11,3.264051377773284912e-01
6.130000000000000000e+02,9.270000000000000000e+02,1.652893166905402111e+01,1.802775637731994507e-01,9.900000000000000000e+01,1.845776793600000000e+10,6.941362094080000000e+11,0.000000000000000000e+00
1.800000000000000000e+02,2.690000000000000000e+03,2.520364714962846620e+02,8.318903308077030267e-02,1.190000000000000000e+02,2.209803520000000000e+09,4.380837478400000000e+11,6.837707161903381348e-01
2.026000000000000000e+03,7.830000000000000000e+02,6.850118005725259707e+01,1.064794274999899953e-01,6.400000000000000000e+01,8.225184256000000000e+09,7.782105088000000000e+11,7.376434803009033203e-01
2.394000000000000000e+03,9.160000000000000000e+02,8.726087024079797061e+01,1.490711984999859852e-01,2.040000000000000000e+02,2.069250304000000000e+09,3.103355699200000000e+11,2.170622348785400391e-01
2.728000000000000000e+03,1.568000000000000000e+03,1.527869788488627876e+02,9.428090415820634951e-02,1.850000000000000000e+02,5.017332224000000000e+09,3.059564871680000000e+11,8.744556903839111328e-01
3.205000000000000000e+03,3.000000000000000000e+03,1.217191132829785971e+02,1.397542485937368628e-01,1.820000000000000000e+02,2.496905216000000000e+09,3.449701007360000000e+11,1.933547407388687134e-01
1.847000000000000000e+03,1.583000000000000000e+03,2.842678384770611544e+01,2.000000000000000111e-01,2.240000000000000000e+02,1.496969344000000000e+09,2.768687267840000000e+11,1.539164930582046509e-01
2.028000000000000000e+03,7.790000000000000000e+02,3.555239943946913286e+02,1.716929178792375721e-01,6.400000000000000000e+01,8.225184256000000000e+09,7.782105088000000000e+11,7.376434803009033203e-01
2.084000000000000000e+03,3.899000000000000000e+03,5.442102858000198751e+01,1.863389981249824745e-01,3.330000000000000000e+02,6.931243520000000000e+08,1.523700858880000000e+11,1.314230114221572876e-01
2.972000000000000000e+03,4.300000000000000000e+01,1.191452439800578986e+02,1.527076157636170495e-01,1.100000000000000000e+01,3.576540364800000000e+10,1.680807821312000000e+12,2.075748682022094727e+00
4.330000000000000000e+02,2.731000000000000000e+03,1.090889551493380907e+02,1.505846504842085487e-01,6.000000000000000000e+01,9.892344832000000000e+09,7.822726266880000000e+11,1.314265251159667969e+00
2.163000000000000000e+03,2.611000000000000000e+03,1.341074409661327422e+02,1.229750923802691437e-01,4.800000000000000000e+01,2.004998963200000000e+10,9.887308840960000000e+11,1.277428388595581055e+00
2.329000000000000000e+03,1.638000000000000000e+03,9.850664982932299552e+01,1.490711984999859852e-01,1.370000000000000000e+02,9.244498560000000000e+08,2.924000378880000000e+11,2.638534903526306152e-01
3.550000000000000000e+02,3.397000000000000000e+03,5.940934140746193748e+01,1.664356663246515655e-01,1.110000000000000000e+02,5.865623040000000000e+09,5.513145876480000000e+11,2.487920820713043213e-01
3.404000000000000000e+03,9.830000000000000000e+02,7.370708530025562766e+01,1.428571428571428492e-01,2.440000000000000000e+02,9.381701760000000000e+08,2.411223777280000000e+11,1.813671588897705078e-01
2.997000000000000000e+03,3.219000000000000000e+03,8.078365192142047135e+01,1.000000000000000056e-01,3.510000000000000000e+02,3.834950080000000000e+08,9.035782553600000000e+10,3.453246131539344788e-02
3.083000000000000000e+03,3.262000000000000000e+03,3.549303836925416533e+01,1.875000000000000000e-01,1.340000000000000000e+02,7.659243520000000000e+08,3.657010708480000000e+11,2.813197076320648193e-01
6.120000000000000000e+02,2.588000000000000000e+03,4.737133882334813961e+01,1.567630989332169100e-01,4.100000000000000000e+01,3.039488614400000000e+10,1.064241790976000000e+12,7.708724141120910645e-01
2.300000000000000000e+01,1.897000000000000000e+03,1.112074549628444515e+02,5.000000000000000278e-02,8.600000000000000000e+01,8.359140864000000000e+09,6.356979548160000000e+11,3.633834123611450195e-01
3.817000000000000000e+03,3.600000000000000000e+02,3.203108348884808976e+01,1.490711984999859852e-01,2.080000000000000000e+02,2.188138240000000000e+09,2.766488862720000000e+11,2.967958748340606689e-01
2.211000000000000000e+03,3.700000000000000000e+03,1.400509158050907388e+02,1.397542485937368628e-01,1.200000000000000000e+02,1.413297024000000000e+09,3.281207623680000000e+11,2.572538256645202637e-01
4.830000000000000000e+02,1.815000000000000000e+03,2.277772313539290394e+01,1.502313031443328895e-01,1.400000000000000000e+01,2.384566476800000000e+10,1.169877762048000000e+12,1.326438903808593750e+00
3.618000000000000000e+03,3.966000000000000000e+03,1.011571010376040505e+02,1.567630989332169100e-01,4.400000000000000000e+01,1.617178419200000000e+10,1.029702746112000000e+12,1.566848874092102051e+00
1.826000000000000000e+03,1.938000000000000000e+03,3.340798494029474597e+01,1.860163329510811370e-01,1.560000000000000000e+02,1.740929792000000000e+09,4.219179827200000000e+11,6.084308028221130371e-01
2.775000000000000000e+03,3.250000000000000000e+02,1.929759429007381470e+02,8.838834764831844659e-02,1.760000000000000000e+02,1.897518080000000000e+09,3.672120360960000000e+11,2.138888686895370483e-01
2.463000000000000000e+03,3.116000000000000000e+03,2.955836603039339820e+02,1.421760560557814024e-01,7.000000000000000000e+00,4.260092313600000000e+10,2.118265864192000000e+12,1.421061873435974121e+00
1.267000000000000000e+03,1.807000000000000000e+03,7.655543056887111675e+01,1.863389981249824745e-01,3.600000000000000000e+01,1.450358067200000000e+10,1.097609969664000000e+12,1.465617537498474121e+00
3.977000000000000000e+03,2.422000000000000000e+03,2.050970877589275787e+01,1.666666666666666574e-01,4.500000000000000000e+01,2.933959884800000000e+10,1.161086107648000000e+12,0.000000000000000000e+00
1.942000000000000000e+03,3.871000000000000000e+03,2.648365372170800214e+01,9.722034684781695468e-02,5.200000000000000000e+01,3.828430028800000000e+10,1.034564075520000000e+12,0.000000000000000000e+00
3.331000000000000000e+03,8.180000000000000000e+02,3.421331507543505381e+02,1.315334104411640948e-01,1.590000000000000000e+02,2.247792128000000000e+09,3.937771847680000000e+11,1.870324611663818359e-01
3.522000000000000000e+03,1.286000000000000000e+03,6.324456236347968030e+01,1.597191412499849861e-01,2.750000000000000000e+02,7.826227200000000000e+08,2.273865236480000000e+11,5.492387712001800537e-02
6.520000000000000000e+02,1.206000000000000000e+03,2.847340975232334586e+02,1.428571428571428492e-01,2.210000000000000000e+02,2.182107136000000000e+09,2.105663488000000000e+11,3.516459465026855469e-01
2.844000000000000000e+03,3.408000000000000000e+03,1.076108706063065199e+02,1.720052290384453675e-01,2.900000000000000000e+02,9.821194240000000000e+08,2.017713684480000000e+11,1.762540489435195923e-01
2.146000000000000000e+03,3.760000000000000000e+02,7.445115989189291383e+01,1.010152544552210818e-01,2.730000000000000000e+02,8.624572160000000000e+08,2.291342704640000000e+11,1.538608521223068237e-01
3.268000000000000000e+03,2.772000000000000000e+03,7.104599169121947000e+01,1.567630989332169100e-01,2.800000000000000000e+01,1.262479360000000000e+10,1.088863928320000000e+12,7.823085188865661621e-01
3.090000000000000000e+03,1.076000000000000000e+03,1.177690429923055149e+02,1.304347826086956486e-01,4.700000000000000000e+01,2.149117542400000000e+10,1.025539571712000000e+12,2.488818407058715820e+00
1.360000000000000000e+03,7.970000000000000000e+02,1.176187355681855138e+02,9.428090415820634951e-02,2.350000000000000000e+02,9.059889920000000000e+08,2.646524887040000000e+11,1.314550936222076416e-01
3.700000000000000000e+03,3.720000000000000000e+03,1.318328294575027542e+02,8.838834764831844659e-02,1.950000000000000000e+02,2.191118592000000000e+09,3.672240619520000000e+11,2.955987751483917236e-01
2.221000000000000000e+03,3.058000000000000000e+03,9.612358588418049976e+01,8.695652173913043237e-02,1.200000000000000000e+01,3.063368704000000000e+10,1.071789244416000000e+12,1.678610682487487793e+00
5.240000000000000000e+02,1.422000000000000000e+03,5.374044874478102685e+01,1.087856586440842377e-01,1.400000000000000000e+02,1.417431680000000000e+09,1.728836894720000000e+11,9.872478991746902466e-02
3.639000000000000000e+03,3.130000000000000000e+03,6.830283059960027003e+01,8.318903308077030267e-02,1.280000000000000000e+02,3.839666176000000000e+09,4.332187156480000000e+11,1.764668971300125122e-01
3.077000000000000000e+03,2.406000000000000000e+03,9.872919280799442276e+01,1.928473039599674921e-01,2.000000000000000000e+01,2.138906214400000000e+10,9.160418918400000000e+11,6.593467593193054199e-01
3.430000000000000000e+02,2.560000000000000000e+02,3.042891470361917641e+02,9.090909090909091161e-02,3.520000000000000000e+02,4.539794560000000000e+08,1.068479283200000000e+11,1.503887120634317398e-02
2.973000000000000000e+03,4.400000000000000000e+01,1.169907065638949462e+02,1.111111111111111049e-01,1.100000000000000000e+01,3.576540364800000000e+10,1.680807821312000000e+12,2.075748682022094727e+00
1.670000000000000000e+02,2.146000000000000000e+03,6.891047661270273750e+01,1.720052290384453675e-01,2.930000000000000000e+02,9.289077760000000000e+08,1.737262530560000000e+11,1.096618697047233582e-01
2.014000000000000000e+03,3.988000000000000000e+03,3.632006049733833919e+01,1.437398936440172637e-01,5.800000000000000000e+01,1.764974796800000000e+10,9.503931760640000000e+11,1.640438556671142578e+00
1.591000000000000000e+03,3.169000000000000000e+03,3.382437777262880729e+01,1.863389981249824745e-01,3.470000000000000000e+02,3.555295680000000000e+08,1.387580620800000000e+11,0.000000000000000000e+00
1.392000000000000000e+03,2.580000000000000000e+03,8.263729193074294699e+01,1.250000000000000000e-01,1.890000000000000000e+02,1.658296320000000000e+09,3.660822609920000000e+11,5.479530692100524902e-01
2.400000000000000000e+03,1.309000000000000000e+03,1.421064983959056462e+02,1.171213948210510919e-01,2.100000000000000000e+01,3.967555993600000000e+10,1.669329846272000000e+12,7.246407270431518555e-01
8.400000000000000000e+02,4.400000000000000000e+02,8.245894595689865980e+01,1.118033988749894958e-01,7.700000000000000000e+01,9.925042176000000000e+09,7.026825625600000000e+11,1.432763218879699707e+00
2.200000000000000000e+01,1.897000000000000000e+03,1.276953746253607704e+02,7.071067811865475172e-02,8.600000000000000000e+01,8.359140864000000000e+09,6.356979548160000000e+11,3.633834123611450195e-01
3.681000000000000000e+03,2.881000000000000000e+03,3.411676841616247202e+01,1.600000000000000033e-01,3.300000000000000000e+01,2.596919091200000000e+10,1.392400793600000000e+12,4.729880765080451965e-02
2.516000000000000000e+03,1.018000000000000000e+03,6.788894366227947330e+01,1.515228816828315950e-01,1.900000000000000000e+01,3.211539865600000000e+10,1.839924903936000000e+12,4.858803153038024902e-01
1.797000000000000000e+03,7.960000000000000000e+02,7.940461423407700181e+01,1.663780661615406053e-01,1.600000000000000000e+02,2.614074880000000000e+09,3.916269158400000000e+11,1.103178709745407104e-01
2.611000000000000000e+03,3.996000000000000000e+03,1.178218099693196734e+02,1.171213948210510919e-01,2.200000000000000000e+01,4.871026278400000000e+10,1.682183815168000000e+12,0.000000000000000000e+00
3.100000000000000000e+03,3.174000000000000000e+03,2.828027625821493984e+02,1.087856586440842377e-01,1.550000000000000000e+02,1.548637440000000000e+09,1.975964794880000000e+11,3.172023296356201172e-01
1.951000000000000000e+03,1.569000000000000000e+03,1.275104212538671646e+02,8.838834764831844659e-02,1.670000000000000000e+02,3.063771904000000000e+09,3.769188679680000000e+11,6.263079047203063965e-01
1.290000000000000000e+02,2.325000000000000000e+03,2.598501230030070701e+02,7.692307692307692735e-02,1.000000000000000000e+01,1.996886425600000000e+10,1.406474911744000000e+12,1.505521297454833984e+00
2.139000000000000000e+03,1.479000000000000000e+03,5.781974671807312660e+01,1.490711984999859852e-01,1.940000000000000000e+02,8.222473600000000000e+08,2.805040742400000000e+11,9.123795479536056519e-02
7.670000000000000000e+02,2.422000000000000000e+03,9.480729726916580091e+01,1.538461538461538547e-01,3.240000000000000000e+02,4.153980800000000000e+08,1.759464652800000000e+11,3.340010717511177063e-02
7.460000000000000000e+02,1.102000000000000000e+03,3.208216367898829162e+02,5.882352941176470507e-02,1.230000000000000000e+02,3.450585344000000000e+09,4.269201489920000000e+11,4.118150472640991211e-01
1.271000000000000000e+03,1.803000000000000000e+03,1.463929385020987581e+02,8.333333333333332871e-02,3.600000000000000000e+01,1.450358067200000000e+10,1.097609969664000000e+12,1.465617537498474121e+00
3.041000000000000000e+03,3.393000000000000000e+03,2.429314406833685069e+01,1.567630989332169100e-01,5.100000000000000000e+01,2.175456870400000000e+10,9.791455232000000000e+11,0.000000000000000000e+00
3.682000000000000000e+03,2.875000000000000000e+03,5.828211031401903597e+01,8.944271909999158832e-02,3.300000000000000000e+01,2.596919091200000000e+10,1.392400793600000000e+12,4.729880765080451965e-02
2.094000000000000000e+03,3.835000000000000000e+03,1.362567730626499554e+02,1.571348402636772446e-01,1.430000000000000000e+02,5.989215232000000000e+09,4.811243520000000000e+11,3.899121284484863281e-01
2.210000000000000000e+03,3.703000000000000000e+03,1.565155007800770761e+02,1.397542485937368628e-01,1.200000000000000000e+02,1.413297024000000000e+09,3.281207623680000000e+11,2.572538256645202637e-01
6.180000000000000000e+02,3.760000000000000000e+03,1.716522802768725739e+02,8.600261451922268374e-02,2.400000000000000000e+01,4.572494233600000000e+10,1.500802318336000000e+12,4.620099544525146484e+00
9.190000000000000000e+02,5.700000000000000000e+01,9.528942989529437568e+01,1.005635518443331877e-01,2.000000000000000000e+00,4.836097638400000000e+10,5.956759453696000000e+12,4.612917602062225342e-01
3.455000000000000000e+03,1.418000000000000000e+03,5.804255899800683238e+01,1.242259987499883256e-01,1.240000000000000000e+02,4.137655552000000000e+09,4.729755729920000000e+11,5.137715339660644531e-01
2.254000000000000000e+03,1.115000000000000000e+03,3.656176619981630438e+01,5.656854249492380277e-02,3.800000000000000000e+01,2.731669299200000000e+10,1.339208237056000000e+12,0.000000000000000000e+00
2.732000000000000000e+03,2.720000000000000000e+03,5.442084701741130459e+01,1.428571428571428492e-01,2.310000000000000000e+02,1.039507904000000000e+09,2.160468295680000000e+11,1.857722848653793335e-01
2.450000000000000000e+02,2.923000000000000000e+03,6.776315103625493919e+01,1.764705882352941291e-01,1.790000000000000000e+02,4.286263552000000000e+09,3.801942917120000000e+11,2.970622479915618896e-01
1.020000000000000000e+02,1.331000000000000000e+03,4.180865672237514445e+02,9.722034684781695468e-02,5.000000000000000000e+01,1.556661555200000000e+10,9.990592266240000000e+11,1.033417701721191406e+00
2.402000000000000000e+03,1.309000000000000000e+03,1.348898564485031955e+02,5.237828008789241485e-02,2.100000000000000000e+01,3.967555993600000000e+10,1.669329846272000000e+12,7.246407270431518555e-01
4.860000000000000000e+02,1.821000000000000000e+03,2.715297468591819552e+01,1.666666666666666574e-01,1.400000000000000000e+01,2.384566476800000000e+10,1.169877762048000000e+12,1.326438903808593750e+00
2.465000000000000000e+03,3.122000000000000000e+03,6.338961310524805270e+01,1.856953381770518607e-01,7.000000000000000000e+00,4.260092313600000000e+10,2.118265864192000000e+12,1.421061873435974121e+00
2.350000000000000000e+02,1.135000000000000000e+03,8.176989526273602849e+01,1.567630989332169100e-01,5.700000000000000000e+01,8.470172672000000000e+09,9.695676334080000000e+11,1.448810100555419922e+00
3.070000000000000000e+03,2.410000000000000000e+03,5.073574889415929334e+01,1.874138920735300140e-01,2.000000000000000000e+01,2.138906214400000000e+10,9.160418918400000000e+11,6.593467593193054199e-01
8.580000000000000000e+02,2.070000000000000000e+03,3.753225926214134489e+01,1.792654619833765339e-01,5.600000000000000000e+01,2.377781452800000000e+10,1.003706777600000000e+12,2.094316333532333374e-01
3.203000000000000000e+03,2.995000000000000000e+03,8.979313816932618408e+01,1.976423537605237202e-01,1.820000000000000000e+02,2.496905216000000000e+09,3.449701007360000000e+11,1.933547407388687134e-01
2.940000000000000000e+02,1.205000000000000000e+03,3.691021389873905179e+01,1.597191412499849861e-01,2.590000000000000000e+02,7.924589440000000000e+08,2.086176358400000000e+11,1.401886492967605591e-01
1.367000000000000000e+03,1.377000000000000000e+03,2.038757633737491801e+02,0.000000000000000000e+00,3.500000000000000000e+02,4.407639680000000000e+08,9.170168217600000000e+10,1.644791476428508759e-02
3.420000000000000000e+02,1.469000000000000000e+03,1.406051605815200745e+01,1.462979547282511894e-01,1.700000000000000000e+01,5.264295936000000000e+10,2.150357925888000000e+12,1.609793305397033691e-01
3.814000000000000000e+03,3.600000000000000000e+02,7.155558583146216733e+01,1.885618083164126990e-01,2.080000000000000000e+02,2.188138240000000000e+09,2.766488862720000000e+11,2.967958748340606689e-01
4.140000000000000000e+02,1.370000000000000000e+03,4.975873077361066521e+01,1.212678125181664845e-01,3.000000000000000000e+00,6.902842163200000000e+10,3.272609628160000000e+12,7.570462226867675781e-01
3.691000000000000000e+03,1.580000000000000000e+02,2.036698954761572509e+02,1.000000000000000056e-01,8.400000000000000000e+01,9.303531520000000000e+09,6.815071600640000000e+11,3.154100179672241211e-01
7.420000000000000000e+02,3.027000000000000000e+03,1.785888546074479279e+02,1.571348402636772446e-01,1.350000000000000000e+02,3.606882304000000000e+09,4.865386741760000000e+11,4.158747792243957520e-01
3.409000000000000000e+03,2.154000000000000000e+03,5.926994341152620649e+01,1.863389981249824745e-01,3.050000000000000000e+02,4.195468480000000000e+08,1.337553879040000000e+11,3.559986129403114319e-02
8.510000000000000000e+02,2.070000000000000000e+03,4.685838531113816430e+01,1.374903330507991073e-01,5.600000000000000000e+01,2.377781452800000000e+10,1.003706777600000000e+12,2.094316333532333374e-01
1.979000000000000000e+03,1.508000000000000000e+03,2.991117216905353757e+02,1.315334104411640948e-01,1.500000000000000000e+02,2.156276224000000000e+09,3.887007006720000000e+11,2.612947225570678711e-01
3.401000000000000000e+03,1.753000000000000000e+03,1.104163331849918279e+02,1.490711984999859852e-01,2.050000000000000000e+02,2.007096576000000000e+09,3.110571868160000000e+11,3.634668886661529541e-02
3.688000000000000000e+03,1.580000000000000000e+02,6.962713008570264606e+01,1.802775637731994507e-01,8.400000000000000000e+01,9.303531520000000000e+09,6.815071600640000000e+11,3.154100179672241211e-01
2.408000000000000000e+03,1.306000000000000000e+03,6.790046454033017653e+01,1.994505484123890171e-01,2.100000000000000000e+01,3.967555993600000000e+10,1.669329846272000000e+12,7.246407270431518555e-01
3.730000000000000000e+02,3.312000000000000000e+03,3.242583477496933142e+02,1.578947368421052544e-01,4.600000000000000000e+01,1.400953139200000000e+10,6.190456504320000000e+11,1.350523829460144043e+00
1.950000000000000000e+03,3.914000000000000000e+03,1.200833182094803533e+02,6.666666666666666574e-02,1.860000000000000000e+02,9.393569920000000000e+08,2.994678333440000000e+11,8.796782791614532471e-02
3.090000000000000000e+03,1.079000000000000000e+03,1.162379551386497241e+02,1.844626385704036808e-01,4.700000000000000000e+01,2.149117542400000000e+10,1.025539571712000000e+12,2.488818407058715820e+00
3.540000000000000000e+03,2.482000000000000000e+03,6.822654255099122622e+01,1.502313031443328895e-01,3.200000000000000000e+01,2.188575744000000000e+10,1.215032852480000000e+12,2.247135162353515625e+00
6.880000000000000000e+02,1.610000000000000000e+03,4.884650110432488646e+01,1.052631578947368363e-01,1.060000000000000000e+02,8.503719424000000000e+09,5.539100098560000000e+11,1.529115915298461914e+00
3.775000000000000000e+03,1.260000000000000000e+03,2.790292179685687870e+02,1.638886943392722229e-01,6.100000000000000000e+01,1.627101593600000000e+10,8.702694522880000000e+11,3.920187950134277344e+00
2.856000000000000000e+03,1.474000000000000000e+03,6.936016433723192165e+01,1.863389981249824745e-01,3.080000000000000000e+02,7.085787520000000000e+08,1.645988904960000000e+11,9.297596663236618042e-02
3.106000000000000000e+03,1.264000000000000000e+03,8.381451008085221588e+01,1.716929178792375721e-01,7.300000000000000000e+01,6.995432448000000000e+09,7.722072145920000000e+11,6.042641401290893555e-01
1.753000000000000000e+03,2.639000000000000000e+03,1.052319867573161076e+02,5.263157894736841813e-02,1.100000000000000000e+02,5.270673408000000000e+09,5.406609571840000000e+11,2.526594698429107666e-01
3.570000000000000000e+02,2.162000000000000000e+03,1.071943460939073702e+02,4.159451654038515134e-02,1.000000000000000000e+00,8.831377408000000000e+10,3.447775821824000000e+12,4.181708395481109619e-01
2.641000000000000000e+03,3.081000000000000000e+03,1.983266104122724869e+02,1.047565601757848297e-01,1.500000000000000000e+01,3.527756185600000000e+10,1.735473496064000000e+12,1.871760040521621704e-01
2.420000000000000000e+02,2.927000000000000000e+03,6.396669891114181894e+01,1.860163329510811370e-01,1.790000000000000000e+02,4.286263552000000000e+09,3.801942917120000000e+11,2.970622479915618896e-01
2.097000000000000000e+03,3.839000000000000000e+03,1.686294014595797819e+02,1.242259987499883256e-01,1.430000000000000000e+02,5.989215232000000000e+09,4.811243520000000000e+11,3.899121284484863281e-01
2.523000000000000000e+03,1.013000000000000000e+03,5.852157378218839057e+01,1.597191412499849861e-01,1.900000000000000000e+01,3.211539865600000000e+10,1.839924903936000000e+12,4.858803153038024902e-01
3.170000000000000000e+03,2.680000000000000000e+03,3.997844650979883596e+01,1.490711984999859852e-01,2.540000000000000000e+02,9.485489280000000000e+08,2.663671562240000000e+11,1.101500093936920166e-01
2.143000000000000000e+03,1.480000000000000000e+03,2.784962476268044895e+01,1.885618083164126990e-01,1.940000000000000000e+02,8.222473600000000000e+08,2.805040742400000000e+11,9.123795479536056519e-02
2.210000000000000000e+03,3.700000000000000000e+03,1.458410434029579790e+02,1.767766952966368932e-01,1.200000000000000000e+02,1.413297024000000000e+09,3.281207623680000000e+11,2.572538256645202637e-01
8.910000000000000000e+02,2.524000000000000000e+03,7.337927409344366936e+01,1.333333333333333315e-01,2.380000000000000000e+02,1.091454464000000000e+09,2.722975580160000000e+11,4.998725652694702148e-02
2.510000000000000000e+03,1.574000000000000000e+03,1.121710600773381685e+02,1.437398936440172637e-01,4.300000000000000000e+01,1.761921638400000000e+10,9.155836641280000000e+11,3.939166545867919922e+00
9.240000000000000000e+02,5.700000000000000000e+01,2.268586619491229044e+02,3.449301371641695646e-02,2.000000000000000000e+00,4.836097638400000000e+10,5.956759453696000000e+12,4.612917602062225342e-01
8.940000000000000000e+02,1.841000000000000000e+03,1.097258816178151619e+01,9.090909090909091161e-02,3.570000000000000000e+02,3.494712320000000000e+09,1.018283130880000000e+11,0.000000000000000000e+00
1.136000000000000000e+03,8.720000000000000000e+02,1.381354597537130928e+02,1.333333333333333315e-01,1.970000000000000000e+02,3.027413504000000000e+09,3.112459632640000000e+11,4.253049790859222412e-01
3.445000000000000000e+03,5.110000000000000000e+02,6.190465299775966912e+01,1.897658566033678385e-01,5.900000000000000000e+01,4.818864128000000000e+09,5.752418467840000000e+11,5.228825211524963379e-01
1.315000000000000000e+03,2.833000000000000000e+03,3.050629888411832624e+01,1.720052290384453675e-01,2.620000000000000000e+02,3.926612800000000000e+08,2.037588623360000000e+11,7.410188764333724976e-02
2.827000000000000000e+03,3.187000000000000000e+03,1.499003988368795035e+02,1.720052290384453675e-01,2.570000000000000000e+02,3.613436800000000000e+08,1.793486192640000000e+11,5.170684680342674255e-02
3.975000000000000000e+03,2.590000000000000000e+03,6.377953101509106091e+02,1.315334104411640948e-01,1.640000000000000000e+02,2.869155584000000000e+09,3.821064683520000000e+11,7.292455434799194336e-01
3.817000000000000000e+03,2.197000000000000000e+03,4.565928324097868796e+01,1.807015805810502640e-01,5.000000000000000000e+00,6.303399526400000000e+10,3.637388771328000000e+12,2.569424629211425781e+00
2.257000000000000000e+03,1.119000000000000000e+03,1.661652938929293910e+01,2.000000000000000111e-01,3.800000000000000000e+01,2.731669299200000000e+10,1.339208237056000000e+12,0.000000000000000000e+00
2.237000000000000000e+03,2.155000000000000000e+03,7.601854916969639930e+01,1.802775637731994507e-01,8.300000000000000000e+01,8.956526592000000000e+09,6.515022233600000000e+11,5.435594320297241211e-01
3.225000000000000000e+03,2.252000000000000000e+03,1.240999445565194179e+02,1.897658566033678385e-01,9.400000000000000000e+01,5.039864832000000000e+09,6.060616581120000000e+11,6.635777950286865234e-01
3.452000000000000000e+03,2.860000000000000000e+03,8.541977150963796817e+01,1.664356663246515655e-01,6.600000000000000000e+01,5.837941760000000000e+09,6.081861386240000000e+11,1.099951863288879395e+00
2.516000000000000000e+03,2.835000000000000000e+03,1.147372514488586859e+02,1.720052290384453675e-01,2.710000000000000000e+02,4.502600960000000000e+08,1.904349020160000000e+11,1.080366820096969604e-01
3.201000000000000000e+03,1.941000000000000000e+03,1.098597598414485788e+02,1.176877882894626220e-01,1.130000000000000000e+02,7.726062080000000000e+09,5.761304494080000000e+11,5.950784087181091309e-01
9.170000000000000000e+02,5.600000000000000000e+01,8.359491989071536011e+01,1.463414634146341375e-01,2.000000000000000000e+00,4.836097638400000000e+10,5.956759453696000000e+12,4.612917602062225342e-01
3.033000000000000000e+03,1.480000000000000000e+03,8.691982049335366867e+01,1.885618083164126990e-01,1.710000000000000000e+02,1.038279296000000000e+09,2.857244098560000000e+11,5.369240045547485352e-01
1.821000000000000000e+03,1.059000000000000000e+03,5.781750350478909439e+01,1.664356663246515655e-01,1.080000000000000000e+02,3.472463104000000000e+09,6.062234009600000000e+11,1.079535961151123047e+00
3.697000000000000000e+03,1.376000000000000000e+03,1.786581130329812197e+02,1.315334104411640948e-01,1.410000000000000000e+02,5.124332032000000000e+09,4.340172062720000000e+11,8.931189179420471191e-01
6.180000000000000000e+02,3.763000000000000000e+03,8.429125070211883042e+01,1.087856586440842377e-01,2.400000000000000000e+01,4.572494233600000000e+10,1.500802318336000000e+12,4.620099544525146484e+00
1.411000000000000000e+03,1.626000000000000000e+03,9.544989619691641280e+01,1.664356663246515655e-01,8.200000000000000000e+01,6.161942016000000000e+09,5.409183170560000000e+11,9.187395125627517700e-02
3.849000000000000000e+03,1.352000000000000000e+03,3.195999856521387414e+02,1.802775637731994507e-01,0.000000000000000000e+00,7.301141299200000000e+10,5.371525595136000000e+12,3.230303525924682617e-01
3.155000000000000000e+03,3.368000000000000000e+03,7.397775431256462753e+01,1.315334104411640948e-01,1.160000000000000000e+02,3.793797120000000000e+09,4.191869009920000000e+11,2.268115729093551636e-01
9.410000000000000000e+02,3.724000000000000000e+03,1.895722692627637400e+02,1.664356663246515655e-01,8.700000000000000000e+01,7.962043904000000000e+09,6.099624919040000000e+11,7.106984853744506836e-01
1.731000000000000000e+03,2.186000000000000000e+03,4.509779359719534142e+01,1.428571428571428492e-01,2.910000000000000000e+02,7.874066560000000000e+08,2.121412935680000000e+11,1.422809213399887085e-01
3.852000000000000000e+03,1.349000000000000000e+03,1.173182859484976461e+02,1.903943276465977219e-01,0.000000000000000000e+00,7.301141299200000000e+10,5.371525595136000000e+12,3.230303525924682617e-01
2.392000000000000000e+03,2.538000000000000000e+03,8.199485530794073895e+01,1.904761904761904656e-01,2.300000000000000000e+01,1.991361945600000000e+10,7.920974561280000000e+11,1.786077260971069336e+00
1.290000000000000000e+02,2.329000000000000000e+03,2.286160776005344530e+02,7.692307692307692735e-02,1.000000000000000000e+01,1.996886425600000000e+10,1.406474911744000000e+12,1.505521297454833984e+00
3.981000000000000000e+03,2.420000000000000000e+03,1.988032730252273339e+01,1.863389981249824745e-01,4.500000000000000000e+01,2.933959884800000000e+10,1.161086107648000000e+12,0.000000000000000000e+00
3.663000000000000000e+03,4.570000000000000000e+02,3.504425423193304567e+01,1.963383631246505001e-01,7.500000000000000000e+01,9.171800064000000000e+09,7.418361282560000000e+11,1.302706003189086914e+00
2.169000000000000000e+03,2.608000000000000000e+03,5.326473969752492366e+01,1.792654619833765339e-01,4.800000000000000000e+01,2.004998963200000000e+10,9.887308840960000000e+11,1.277428388595581055e+00
6.110000000000000000e+02,2.587000000000000000e+03,4.005777644804770432e+01,1.792654619833765339e-01,4.100000000000000000e+01,3.039488614400000000e+10,1.064241790976000000e+12,7.708724141120910645e-01
3.995000000000000000e+03,1.519000000000000000e+03,4.914582605083550249e+01,1.720052290384453675e-01,3.070000000000000000e+02,6.826536320000000000e+08,1.672112209920000000e+11,8.619345724582672119e-02
1.836000000000000000e+03,8.810000000000000000e+02,6.841830496464162081e+01,1.597191412499849861e-01,2.400000000000000000e+02,5.599216000000000000e+08,2.475048796160000000e+11,1.206644847989082336e-01
3.554000000000000000e+03,1.406000000000000000e+03,1.129883580201921802e+02,1.397542485937368628e-01,1.730000000000000000e+02,2.307132928000000000e+09,3.346703646720000000e+11,1.729831695556640625e-01
1.312000000000000000e+03,1.399000000000000000e+03,4.671971428066540710e+01,1.802775637731994507e-01,3.400000000000000000e+01,1.266510643200000000e+10,7.028321812480000000e+11,3.640272617340087891e-01
1.171000000000000000e+03,2.450000000000000000e+02,7.594464557234229574e+01,7.856742013183862228e-02,1.330000000000000000e+02,3.402823424000000000e+09,4.583243120640000000e+11,4.153676033020019531e-01
1.561000000000000000e+03,4.200000000000000000e+02,1.312842514147952215e+02,1.597191412499849861e-01,2.460000000000000000e+02,6.425163520000000000e+08,2.422428467200000000e+11,1.008660122752189636e-01
1.191000000000000000e+03,1.706000000000000000e+03,1.478699152961498839e+02,1.663780661615406053e-01,1.180000000000000000e+02,4.714155008000000000e+09,4.329807544320000000e+11,7.848110198974609375e-01
2.846000000000000000e+03,3.412000000000000000e+03,2.892900636701975969e+01,1.720052290384453675e-01,2.900000000000000000e+02,9.821194240000000000e+08,2.017713684480000000e+11,1.762540489435195923e-01
1.460000000000000000e+03,2.696000000000000000e+03,1.531516528296889135e+02,6.666666666666666574e-02,2.280000000000000000e+02,7.762957440000000000e+08,2.579108659200000000e+11,2.493864148855209351e-01
1.270000000000000000e+03,1.801000000000000000e+03,7.810912186190002160e+01,1.717960677340691911e-01,3.600000000000000000e+01,1.450358067200000000e+10,1.097609969664000000e+12,1.465617537498474121e+00
3.072000000000000000e+03,8.730000000000000000e+02,1.098456046349982671e+02,1.976423537605237202e-01,1.700000000000000000e+02,1.429099264000000000e+09,3.279949987840000000e+11,7.364984601736068726e-02
3.076000000000000000e+03,8.710000000000000000e+02,1.399318319646740179e+02,8.838834764831844659e-02,1.700000000000000000e+02,1.429099264000000000e+09,3.279949987840000000e+11,7.364984601736068726e-02
2.771000000000000000e+03,3.250000000000000000e+02,1.486552912530831634e+02,1.976423537605237202e-01,1.760000000000000000e+02,1.897518080000000000e+09,3.672120360960000000e+11,2.138888686895370483e-01
3.588000000000000000e+03,1.179000000000000000e+03,7.351581755348563263e+01,1.335389361282958987e-01,6.000000000000000000e+00,4.993640448000000000e+10,1.631447547904000000e+12,2.750630855560302734e+00
8.530000000000000000e+02,2.068000000000000000e+03,1.253588433897004393e+02,6.148754619013457184e-02,5.600000000000000000e+01,2.377781452800000000e+10,1.003706777600000000e+12,2.094316333532333374e-01
3.699000000000000000e+03,2.553000000000000000e+03,4.294476399591489013e+01,1.490711984999859852e-01,1.980000000000000000e+02,1.618238080000000000e+09,3.098244218880000000e+11,1.910182833671569824e-01
1.650000000000000000e+03,3.693000000000000000e+03,2.700150466925016985e+02,1.052631578947368363e-01,9.700000000000000000e+01,2.464083968000000000e+09,5.523820380160000000e+11,3.607912957668304443e-01
1.572000000000000000e+03,2.978000000000000000e+03,9.250161372614246602e+01,1.538461538461538547e-01,2.850000000000000000e+02,6.836806400000000000e+08,1.794414182400000000e+11,1.307955831289291382e-01
6.120000000000000000e+02,2.587000000000000000e+03,4.128944515046609354e+01,1.944406936956339094e-01,4.100000000000000000e+01,3.039488614400000000e+10,1.064241790976000000e+12,7.708724141120910645e-01
2.725000000000000000e+03,1.569000000000000000e+03,7.780682542353923736e+01,1.333333333333333315e-01,1.850000000000000000e+02,5.017332224000000000e+09,3.059564871680000000e+11,8.744556903839111328e-01
3.199000000000000000e+03,3.796000000000000000e+03,3.040626536395142807e+02,1.317615691736824801e-01,3.100000000000000000e+01,1.797018828800000000e+10,1.127008960512000000e+12,9.884166121482849121e-01
3.240000000000000000e+02,2.058000000000000000e+03,6.933845349319459217e+01,7.142857142857142461e-02,2.520000000000000000e+02,9.568181760000000000e+08,2.335715000320000000e+11,1.026855111122131348e-01
2.042000000000000000e+03,1.500000000000000000e+03,6.830781636965969028e+01,1.875000000000000000e-01,1.170000000000000000e+02,4.141453568000000000e+09,3.299535093760000000e+11,1.914184540510177612e-01
3.185000000000000000e+03,5.700000000000000000e+01,6.977039105619580539e+01,1.597191412499849861e-01,2.510000000000000000e+02,1.089167872000000000e+09,2.191891005440000000e+11,2.160213589668273926e-01
4.000000000000000000e+02,8.180000000000000000e+02,3.159808265309602859e+01,1.346870059402947850e-01,7.100000000000000000e+01,1.033783398400000000e+10,7.907896852480000000e+11,7.018927931785583496e-01
3.526000000000000000e+03,1.287000000000000000e+03,5.620874321192560785e+01,1.428571428571428492e-01,2.750000000000000000e+02,7.826227200000000000e+08,2.273865236480000000e+11,5.492387712001800537e-02
3.264000000000000000e+03,2.773000000000000000e+03,7.157389587469647552e+01,1.374903330507991073e-01,2.800000000000000000e+01,1.262479360000000000e+10,1.088863928320000000e+12,7.823085188865661621e-01
2.123000000000000000e+03,2.925000000000000000e+03,6.924367987232544692e+02,6.666666666666666574e-02,1.800000000000000000e+02,5.667555840000000000e+09,2.846418862080000000e+11,1.204462528228759766e+00
1.801000000000000000e+03,1.760000000000000000e+03,8.215728587561650897e+01,8.333333333333332871e-02,3.310000000000000000e+02,5.589888000000000000e+08,1.546249994240000000e+11,9.391003102064132690e-02
4.130000000000000000e+02,3.360000000000000000e+03,5.743238026659489606e+02,1.087856586440842377e-01,3.000000000000000000e+02,6.761123200000000000e+08,1.850314096640000000e+11,1.175257489085197449e-01
1.999000000000000000e+03,2.600000000000000000e+01,7.826498233232550206e+01,7.692307692307692735e-02,2.770000000000000000e+02,5.164774080000000000e+08,1.762560573440000000e+11,8.273551613092422485e-02
2.086000000000000000e+03,3.898000000000000000e+03,4.657652448597617649e+02,0.000000000000000000e+00,3.330000000000000000e+02,6.931243520000000000e+08,1.523700858880000000e+11,1.314230114221572876e-01
8.790000000000000000e+02,1.447000000000000000e+03,2.240799382036368854e+02,6.666666666666666574e-02,1.680000000000000000e+02,8.116872320000000000e+08,3.029185986560000000e+11,2.076815217733383179e-01
3.854000000000000000e+03,1.362000000000000000e+03,8.376331785894154791e+01,1.520690632574554779e-01,0.000000000000000000e+00,7.301141299200000000e+10,5.371525595136000000e+12,3.230303525924682617e-01
3.080000000000000000e+03,3.259000000000000000e+03,1.057530346978335984e+02,1.875000000000000000e-01,1.340000000000000000e+02,7.659243520000000000e+08,3.657010708480000000e+11,2.813197076320648193e-01
3.701000000000000000e+03,1.374000000000000000e+03,1.136409923078811346e+02,1.315334104411640948e-01,1.410000000000000000e+02,5.124332032000000000e+09,4.340172062720000000e+11,8.931189179420471191e-01
3.081000000000000000e+03,1.574000000000000000e+03,4.525065343508853744e+01,0.000000000000000000e+00,3.150000000000000000e+02,5.846113920000000000e+08,1.710546124800000000e+11,3.108717687427997589e-02
2.028000000000000000e+03,7.800000000000000000e+02,1.387969322749638366e+02,1.505846504842085487e-01,6.400000000000000000e+01,8.225184256000000000e+09,7.782105088000000000e+11,7.376434803009033203e-01
2.823000000000000000e+03,1.219000000000000000e+03,1.091061652628764591e+02,1.756820922315766309e-01,9.800000000000000000e+01,2.222143232000000000e+09,4.761788416000000000e+11,2.608013153076171875e-01
2.255000000000000000e+03,1.339000000000000000e+03,3.647011670774439551e+01,1.802775637731994507e-01,8.100000000000000000e+01,8.068609536000000000e+09,7.168793640960000000e+11,7.845193743705749512e-01
3.293000000000000000e+03,6.360000000000000000e+02,6.740131277496247719e+01,1.538461538461538547e-01,2.890000000000000000e+02,4.774969280000000000e+08,1.903992668160000000e+11,2.638908661901950836e-02
3.684000000000000000e+03,2.875000000000000000e+03,3.775189684125148659e+01,1.442220510185595606e-01,3.300000000000000000e+01,2.596919091200000000e+10,1.392400793600000000e+12,4.729880765080451965e-02
9.460000000000000000e+02,3.724000000000000000e+03,1.508554073846551091e+02,1.176877882894626220e-01,8.700000000000000000e+01,7.962043904000000000e+09,6.099624919040000000e+11,7.106984853744506836e-01
3.253000000000000000e+03,1.012000000000000000e+03,1.131624812345034172e+02,1.490711984999859852e-01,2.060000000000000000e+02,1.361531776000000000e+09,2.695304806400000000e+11,3.313000202178955078e-01
2.726000000000000000e+03,2.466000000000000000e+03,7.895838036850179265e+01,1.285648693066450132e-01,5.300000000000000000e+01,1.131311718400000000e+10,9.541244682240000000e+11,1.090019583702087402e+00
1.430000000000000000e+02,3.253000000000000000e+03,1.727767349323516441e+02,1.631784879661263288e-01,2.600000000000000000e+01,1.438108057600000000e+10,1.427807535104000000e+12,3.526270389556884766e+00
1.623000000000000000e+03,1.036000000000000000e+03,5.186448268537969852e+01,1.666666666666666574e-01,3.460000000000000000e+02,1.095322752000000000e+09,1.446473891840000000e+11,7.075598835945129395e-02
3.684000000000000000e+03,2.879000000000000000e+03,4.651705484444526917e+01,1.442220510185595606e-01,3.300000000000000000e+01,2.596919091200000000e+10,1.392400793600000000e+12,4.729880765080451965e-02
3.204000000000000000e+03,2.996000000000000000e+03,8.753851273298607794e+01,1.250000000000000000e-01,1.820000000000000000e+02,2.496905216000000000e+09,3.449701007360000000e+11,1.933547407388687134e-01
6.180000000000000000e+02,3.765000000000000000e+03,6.861405650620561403e+01,1.720052290384453675e-01,2.400000000000000000e+01,4.572494233600000000e+10,1.500802318336000000e+12,4.620099544525146484e+00
2.481000000000000000e+03,2.514000000000000000e+03,4.210398674351158093e+02,0.000000000000000000e+00,1.020000000000000000e+02,5.462126592000000000e+09,5.022053498880000000e+11,4.640202224254608154e-01
1.821000000000000000e+03,2.208000000000000000e+03,1.036888780770678835e+02,1.597191412499849861e-01,2.410000000000000000e+02,6.423651200000000000e+08,2.507693752320000000e+11,9.978354722261428833e-02
1.712000000000000000e+03,1.657000000000000000e+03,4.446241598340872656e+02,9.090909090909091161e-02,1.300000000000000000e+01,1.214220800000000000e+10,8.739340288000000000e+11,1.179914355278015137e+00
1.267000000000000000e+03,3.926000000000000000e+03,4.932073125438032690e+01,1.538461538461538547e-01,2.700000000000000000e+01,4.451796172800000000e+10,1.408662896640000000e+12,3.526160120964050293e-01
3.091000000000000000e+03,3.611000000000000000e+03,1.438844296368632172e+02,1.010152544552210818e-01,1.800000000000000000e+01,4.353104691200000000e+10,1.882279772160000000e+12,3.471975401043891907e-02
2.638000000000000000e+03,2.681000000000000000e+03,9.729338184660504396e+01,1.317615691736824801e-01,3.900000000000000000e+01,2.389246156800000000e+10,1.108915257344000000e+12,7.688570618629455566e-01
3.086000000000000000e+03,3.609000000000000000e+03,4.794205208959041897e+01,1.785714285714285754e-01,1.800000000000000000e+01,4.353104691200000000e+10,1.882279772160000000e+12,3.471975401043891907e-02
2.237000000000000000e+03,2.157000000000000000e+03,1.532032499301670896e+02,1.118033988749894958e-01,8.300000000000000000e+01,8.956526592000000000e+09,6.515022233600000000e+11,5.435594320297241211e-01
3.430000000000000000e+02,1.472000000000000000e+03,3.743030223028222281e+01,1.379310344827586188e-01,1.700000000000000000e+01,5.264295936000000000e+10,2.150357925888000000e+12,1.609793305397033691e-01
4.400000000000000000e+02,1.758000000000000000e+03,7.065611435059342682e+01,7.692307692307692735e-02,2.830000000000000000e+02,6.999811200000000000e+08,1.975207198720000000e+11,1.401029527187347412e-01
3.080000000000000000e+03,1.574000000000000000e+03,5.026368591167584299e+01,7.692307692307692735e-02,3.150000000000000000e+02,5.846113920000000000e+08,1.710546124800000000e+11,3.108717687427997589e-02
3.816000000000000000e+03,2.189000000000000000e+03,1.991597426538392597e+02,6.388765649999399165e-02,5.000000000000000000e+00,6.303399526400000000e+10,3.637388771328000000e+12,2.569424629211425781e+00
3.805000000000000000e+03,6.250000000000000000e+02,4.920960863047659473e+01,1.597191412499849861e-01,2.390000000000000000e+02,5.174441920000000000e+08,2.259967344640000000e+11,1.706432849168777466e-01
3.988000000000000000e+03,1.736000000000000000e+03,5.370940441321850045e+01,1.597191412499849861e-01,2.640000000000000000e+02,7.200593920000000000e+08,2.115586129920000000e+11,1.228637471795082092e-01
3.102000000000000000e+03,3.390000000000000000e+02,1.280612246342494700e+02,0.000000000000000000e+00,1.140000000000000000e+02,2.197843456000000000e+09,5.375084789760000000e+11,3.056838810443878174e-01
9.270000000000000000e+02,4.690000000000000000e+02,7.533545420358217370e+01,1.216260638526299870e-01,9.000000000000000000e+00,2.194928844800000000e+10,1.422013628416000000e+12,3.583382368087768555e+00
2.918000000000000000e+03,3.630000000000000000e+02,5.954038025474956441e+01,1.597191412499849861e-01,2.600000000000000000e+02,8.427557120000000000e+08,2.263200563200000000e+11,1.667747050523757935e-01
2.138000000000000000e+03,2.747000000000000000e+03,4.258256656290781166e+02,8.318903308077030267e-02,8.900000000000000000e+01,5.015371776000000000e+09,4.318797824000000000e+11,1.743932604789733887e+00
7.290000000000000000e+02,2.781000000000000000e+03,7.462294261625750380e+01,2.000000000000000111e-01,2.900000000000000000e+01,1.928219033600000000e+10,1.265615634432000000e+12,2.214435577392578125e+00
3.554000000000000000e+03,1.407000000000000000e+03,3.829445617859300910e+01,1.767766952966368932e-01,1.730000000000000000e+02,2.307132928000000000e+09,3.346703646720000000e+11,1.729831695556640625e-01
3.530000000000000000e+02,2.167000000000000000e+03,1.088349331135211457e+02,1.883271834539073097e-01,1.000000000000000000e+00,8.831377408000000000e+10,3.447775821824000000e+12,4.181708395481109619e-01
2.100000000000000000e+01,1.897000000000000000e+03,1.062927925745923829e+02,1.118033988749894958e-01,8.600000000000000000e+01,8.359140864000000000e+09,6.356979548160000000e+11,3.633834123611450195e-01
5.570000000000000000e+02,2.111000000000000000e+03,1.039413581379930918e+02,1.664356663246515655e-01,9.200000000000000000e+01,8.088771072000000000e+09,5.596324823040000000e+11,7.699264287948608398e-01
3.276000000000000000e+03,3.299000000000000000e+03,1.042976308769172675e+02,1.822172467139156482e-01,4.000000000000000000e+00,4.576543129600000000e+10,2.901718335488000000e+12,1.090228271484375000e+01
1.592000000000000000e+03,3.170000000000000000e+03,2.353993370900456483e+01,1.863389981249824745e-01,3.470000000000000000e+02,3.555295680000000000e+08,1.387580620800000000e+11,0.000000000000000000e+00
2.803000000000000000e+03,2.431000000000000000e+03,7.887348350485299875e+01,9.428090415820634951e-02,2.110000000000000000e+02,1.372552576000000000e+09,2.953143582720000000e+11,3.066765964031219482e-01
3.809000000000000000e+03,2.189000000000000000e+03,6.538136464154189298e+01,1.807015805810502640e-01,5.000000000000000000e+00,6.303399526400000000e+10,3.637388771328000000e+12,2.569424629211425781e+00
3.539000000000000000e+03,2.644000000000000000e+03,7.577695740936549385e+01,1.863389981249824745e-01,3.440000000000000000e+02,7.274041600000000000e+08,1.387446599680000000e+11,1.718518696725368500e-02
3.809000000000000000e+03,2.191000000000000000e+03,6.008845729247079959e+01,1.714285714285714302e-01,5.000000000000000000e+00,6.303399526400000000e+10,3.637388771328000000e+12,2.569424629211425781e+00
3.857000000000000000e+03,1.352000000000000000e+03,8.797985842134461620e+01,1.118033988749894958e-01,0.000000000000000000e+00,7.301141299200000000e+10,5.371525595136000000e+12,3.230303525924682617e-01
6.110000000000000000e+02,2.594000000000000000e+03,5.640807632566323804e+01,1.374903330507991073e-01,4.100000000000000000e+01,3.039488614400000000e+10,1.064241790976000000e+12,7.708724141120910645e-01
3.861000000000000000e+03,1.359000000000000000e+03,6.059361008182546726e+01,1.677050983124842298e-01,0.000000000000000000e+00,7.301141299200000000e+10,5.371525595136000000e+12,3.230303525924682617e-01
1.020000000000000000e+02,1.332000000000000000e+03,6.159526943018253178e+02,6.148754619013457184e-02,5.000000000000000000e+01,1.556661555200000000e+10,9.990592266240000000e+11,1.033417701721191406e+00
1.417000000000000000e+03,1.624000000000000000e+03,9.333957856912181228e+01,1.664356663246515655e-01,8.200000000000000000e+01,6.161942016000000000e+09,5.409183170560000000e+11,9.187395125627517700e-02
3.691000000000000000e+03,1.600000000000000000e+02,5.634608516830045488e+01,2.000000000000000111e-01,8.400000000000000000e+01,9.303531520000000000e+09,6.815071600640000000e+11,3.154100179672241211e-01
3.097000000000000000e+03,1.075000000000000000e+03,4.746403500507769024e+01,1.792654619833765339e-01,4.700000000000000000e+01,2.149117542400000000e+10,1.025539571712000000e+12,2.488818407058715820e+00
3.110000000000000000e+03,3.659000000000000000e+03,8.653853326331406492e+01,1.010152544552210818e-01,2.250000000000000000e+02,9.303131520000000000e+08,2.084795514880000000e+11,9.833247214555740356e-02
3.360000000000000000e+02,1.472000000000000000e+03,2.153961318414248538e+01,1.034482758620689641e-01,1.700000000000000000e+01,5.264295936000000000e+10,2.150357925888000000e+12,1.609793305397033691e-01
4.800000000000000000e+02,3.381000000000000000e+03,1.365169715460077882e+01,1.666666666666666574e-01,3.370000000000000000e+02,3.180891520000000000e+08,1.595851407360000000e+11,0.000000000000000000e+00
1.623000000000000000e+03,5.800000000000000000e+01,1.929099481049511837e+02,1.176470588235294101e-01,1.260000000000000000e+02,4.513734144000000000e+09,4.525443645440000000e+11,9.953110814094543457e-01
1.302000000000000000e+03,2.003000000000000000e+03,3.002730397991718405e+02,1.567630989332169100e-01,4.200000000000000000e+01,1.348992307200000000e+10,1.067025235968000000e+12,3.646400213241577148e+00
1.953000000000000000e+03,1.568000000000000000e+03,1.135738271338234426e+02,1.875000000000000000e-01,1.670000000000000000e+02,3.063771904000000000e+09,3.769188679680000000e+11,6.263079047203063965e-01
2.776000000000000000e+03,3.281000000000000000e+03,7.955424727900499704e+01,1.716929178792375721e-01,6.200000000000000000e+01,1.213782118400000000e+10,7.476529725440000000e+11,1.117016077041625977e+00
2.506000000000000000e+03,1.863000000000000000e+03,1.024420848759545208e+02,1.315334104411640948e-01,1.420000000000000000e+02,5.136879616000000000e+09,4.324141629440000000e+11,2.311038821935653687e-01
1.564000000000000000e+03,4.190000000000000000e+02,7.162679075503010040e+01,1.597191412499849861e-01,2.460000000000000000e+02,6.425163520000000000e+08,2.422428467200000000e+11,1.008660122752189636e-01
3.550000000000000000e+02,2.162000000000000000e+03,6.502560035288085771e+01,9.300816647554056849e-02,1.000000000000000000e+00,8.831377408000000000e+10,3.447775821824000000e+12,4.181708395481109619e-01
3.510000000000000000e+02,3.397000000000000000e+03,1.878562286435742976e+02,7.443229275647869625e-02,1.110000000000000000e+02,5.865623040000000000e+09,5.513145876480000000e+11,2.487920820713043213e-01
2.642000000000000000e+03,3.076000000000000000e+03,1.281955324356723054e+02,1.171213948210510919e-01,1.500000000000000000e+01,3.527756185600000000e+10,1.735473496064000000e+12,1.871760040521621704e-01
1.941000000000000000e+03,3.876000000000000000e+03,3.243601289045980707e+01,1.304347826086956486e-01,5.200000000000000000e+01,3.828430028800000000e+10,1.034564075520000000e+12,0.000000000000000000e+00
4.010000000000000000e+02,8.140000000000000000e+02,8.292602899781245185e+01,1.716929178792375721e-01,7.100000000000000000e+01,1.033783398400000000e+10,7.907896852480000000e+11,7.018927931785583496e-01
6.340000000000000000e+02,1.690000000000000000e+03,7.155183515835024366e+01,1.666666666666666574e-01,2.970000000000000000e+02,8.341594240000000000e+08,1.482848174080000000e+11,3.178405389189720154e-02
6.130000000000000000e+02,2.589000000000000000e+03,4.422292387695755167e+01,1.567630989332169100e-01,4.100000000000000000e+01,3.039488614400000000e+10,1.064241790976000000e+12,7.708724141120910645e-01
2.094000000000000000e+03,3.837000000000000000e+03,1.707799926189442772e+02,1.111111111111111049e-01,1.430000000000000000e+02,5.989215232000000000e+09,4.811243520000000000e+11,3.899121284484863281e-01
2.610000000000000000e+03,1.000000000000000000e+00,1.124655673706744494e+02,1.050187781236031626e-01,2.200000000000000000e+01,4.871026278400000000e+10,1.682183815168000000e+12,0.000000000000000000e+00
3.796000000000000000e+03,3.383000000000000000e+03,4.050029512189309600e+01,1.963383631246505001e-01,6.300000000000000000e+01,9.890160640000000000e+09,7.694368112640000000e+11,7.079712152481079102e-01
1.491000000000000000e+03,2.862000000000000000e+03,8.312986011148049670e+01,7.142857142857142461e-02,2.100000000000000000e+02,6.465219840000000000e+08,2.291632046080000000e+11,9.430054575204849243e-02
3.089000000000000000e+03,3.614000000000000000e+03,7.442774131545351679e+01,3.571428571428571230e-02,1.800000000000000000e+01,4.353104691200000000e+10,1.882279772160000000e+12,3.471975401043891907e-02
3.856000000000000000e+03,1.358000000000000000e+03,8.501951965571113590e+01,5.590169943749474790e-02,0.000000000000000000e+00,7.301141299200000000e+10,5.371525595136000000e+12,3.230303525924682617e-01
3.611000000000000000e+03,2.262000000000000000e+03,1.310125689811605127e+02,7.692307692307692735e-02,8.000000000000000000e+01,1.710721536000000000e+09,1.731962306560000000e+11,3.160461187362670898e-01
3.816000000000000000e+03,2.196000000000000000e+03,5.602160546683681730e+01,1.456862718169366910e-01,5.000000000000000000e+00,6.303399526400000000e+10,3.637388771328000000e+12,2.569424629211425781e+00
9.260000000000000000e+02,6.300000000000000000e+01,6.439661582327551059e+01,1.857505635576563174e-01,2.000000000000000000e+00,4.836097638400000000e+10,5.956759453696000000e+12,4.612917602062225342e-01
1.074000000000000000e+03,3.170000000000000000e+02,2.990503760246165754e+01,1.885618083164126990e-01,2.330000000000000000e+02,6.209496320000000000e+08,2.893950812160000000e+11,1.476807296276092529e-01
2.514000000000000000e+03,1.013000000000000000e+03,7.815759182392046966e+01,1.923273145405179907e-01,1.900000000000000000e+01,3.211539865600000000e+10,1.839924903936000000e+12,4.858803153038024902e-01
1.998000000000000000e+03,2.700000000000000000e+01,1.069608624528095362e+02,7.692307692307692735e-02,2.770000000000000000e+02,5.164774080000000000e+08,1.762560573440000000e+11,8.273551613092422485e-02
7.700000000000000000e+02,2.421000000000000000e+03,6.489867860309510661e+01,1.087856586440842377e-01,3.240000000000000000e+02,4.153980800000000000e+08,1.759464652800000000e+11,3.340010717511177063e-02
3.814000000000000000e+03,1.261000000000000000e+03,7.578145417736769218e+01,1.178511301977579334e-01,2.580000000000000000e+02,3.662850880000000000e+08,1.533653319680000000e+11,5.041117593646049500e-02
3.018000000000000000e+03,5.630000000000000000e+02,1.129045918375059330e+02,7.856742013183862228e-02,1.220000000000000000e+02,6.462716928000000000e+09,4.743136870400000000e+11,2.938182950019836426e-01
2.061000000000000000e+03,1.175000000000000000e+03,1.176402389955630241e+02,8.333333333333332871e-02,3.280000000000000000e+02,5.687434240000000000e+08,1.537079869440000000e+11,6.243311241269111633e-02
3.850000000000000000e+03,1.353000000000000000e+03,1.314808619050298262e+02,1.457737973711325241e-01,0.000000000000000000e+00,7.301141299200000000e+10,5.371525595136000000e+12,3.230303525924682617e-01
3.557000000000000000e+03,3.418000000000000000e+03,3.471345187946749888e+01,1.756820922315766309e-01,1.360000000000000000e+02,5.107780096000000000e+09,4.809077555200000000e+11,6.091393232345581055e-01
3.980000000000000000e+02,8.140000000000000000e+02,2.017902025281161968e+02,9.523809523809523281e-02,7.100000000000000000e+01,1.033783398400000000e+10,7.907896852480000000e+11,7.018927931785583496e-01
7.690000000000000000e+02,1.554000000000000000e+03,4.841877718231552308e+01,1.490711984999859852e-01,2.160000000000000000e+02,1.974329472000000000e+09,2.626538045440000000e+11,2.617572844028472900e-01
2.401000000000000000e+03,1.311000000000000000e+03,7.008623575806980455e+01,1.335389361282958987e-01,2.100000000000000000e+01,3.967555993600000000e+10,1.669329846272000000e+12,7.246407270431518555e-01
9.900000000000000000e+01,1.329000000000000000e+03,8.985960549009271858e+01,1.944406936956339094e-01,5.000000000000000000e+01,1.556661555200000000e+10,9.990592266240000000e+11,1.033417701721191406e+00
2.632000000000000000e+03,2.679000000000000000e+03,2.432896274614909089e+02,1.767766952966368654e-01,3.900000000000000000e+01,2.389246156800000000e+10,1.108915257344000000e+12,7.688570618629455566e-01
1.025000000000000000e+03,1.670000000000000000e+03,5.092461423852415123e+02,1.250000000000000000e-01,3.550000000000000000e+02,4.212931200000000000e+08,4.887572480000000000e+10,0.000000000000000000e+00
3.584000000000000000e+03,1.180000000000000000e+03,8.236059029040021073e+01,1.656346649999844434e-01,6.000000000000000000e+00,4.993640448000000000e+10,1.631447547904000000e+12,2.750630855560302734e+00
3.205000000000000000e+03,1.941000000000000000e+03,1.544046503970322419e+02,1.176877882894626220e-01,1.130000000000000000e+02,7.726062080000000000e+09,5.761304494080000000e+11,5.950784087181091309e-01
9.290000000000000000e+02,5.300000000000000000e+01,4.963443515993804311e+01,1.636147300609602229e-01,2.000000000000000000e+00,4.836097638400000000e+10,5.956759453696000000e+12,4.612917602062225342e-01
9.440000000000000000e+02,3.725000000000000000e+03,1.639518422652571701e+02,1.052631578947368363e-01,8.700000000000000000e+01,7.962043904000000000e+09,6.099624919040000000e+11,7.106984853744506836e-01
5.300000000000000000e+02,1.733000000000000000e+03,6.728521203065986356e+02,7.071067811865475172e-02,8.500000000000000000e+01,1.334152294400000000e+10,6.413754040320000000e+11,2.690244674682617188e+00
6.140000000000000000e+02,2.591000000000000000e+03,3.699367673451688177e+01,1.739130434782608647e-01,4.100000000000000000e+01,3.039488614400000000e+10,1.064241790976000000e+12,7.708724141120910645e-01
6.620000000000000000e+02,1.738000000000000000e+03,5.451848652199517176e+01,1.897658566033678385e-01,3.000000000000000000e+01,1.417263513600000000e+10,6.153933946880000000e+11,9.578550457954406738e-01
3.887000000000000000e+03,5.870000000000000000e+02,9.850848078501719840e+01,1.538461538461538547e-01,2.940000000000000000e+02,5.208605120000000000e+08,1.844918190080000000e+11,6.816863268613815308e-02
3.795000000000000000e+03,3.375000000000000000e+03,1.210041003996695252e+02,1.904761904761904656e-01,6.300000000000000000e+01,9.890160640000000000e+09,7.694368112640000000e+11,7.079712152481079102e-01
1.710000000000000000e+03,1.656000000000000000e+03,1.445251835104939175e+02,1.638886943392722229e-01,1.300000000000000000e+01,1.214220800000000000e+10,8.739340288000000000e+11,1.179914355278015137e+00
3.452000000000000000e+03,2.863000000000000000e+03,4.483456667498465720e+01,1.897658566033678385e-01,6.600000000000000000e+01,5.837941760000000000e+09,6.081861386240000000e+11,1.099951863288879395e+00
3.185000000000000000e+03,6.100000000000000000e+01,4.708367359248550343e+01,1.597191412499849861e-01,2.510000000000000000e+02,1.089167872000000000e+09,2.191891005440000000e+11,2.160213589668273926e-01
3.590000000000000000e+02,2.163000000000000000e+03,1.251180650891974153e+02,2.941176470588235253e-02,1.000000000000000000e+00,8.831377408000000000e+10,3.447775821824000000e+12,4.181708395481109619e-01
2.517000000000000000e+03,2.832000000000000000e+03,8.104935115031203452e+01,7.692307692307692735e-02,2.710000000000000000e+02,4.502600960000000000e+08,1.904349020160000000e+11,1.080366820096969604e-01
5.310000000000000000e+02,1.731000000000000000e+03,7.954338980903496292e+01,1.802775637731994507e-01,8.500000000000000000e+01,1.334152294400000000e+10,6.413754040320000000e+11,2.690244674682617188e+00
1.922000000000000000e+03,3.055000000000000000e+03,4.622748736736008368e+01,1.976423537605237202e-01,1.630000000000000000e+02,4.056990720000000000e+09,3.779123281920000000e+11,1.363024413585662842e-01
1.370000000000000000e+02,3.248000000000000000e+03,1.064289515938088186e+02,1.386750490563072868e-01,2.600000000000000000e+01,1.438108057600000000e+10,1.427807535104000000e+12,3.526270389556884766e+00
3.278000000000000000e+03,1.280000000000000000e+03,4.231235854605522491e+02,6.250000000000000000e-02,1.440000000000000000e+02,2.995511040000000000e+09,3.637745745920000000e+11,7.464761734008789062e-01
2.024000000000000000e+03,7.780000000000000000e+02,1.165803326709950483e+02,1.505846504842085487e-01,6.400000000000000000e+01,8.225184256000000000e+09,7.782105088000000000e+11,7.376434803009033203e-01
2.472000000000000000e+03,3.117000000000000000e+03,1.027676000126649427e+02,1.724137931034482873e-01,7.000000000000000000e+00,4.260092313600000000e+10,2.118265864192000000e+12,1.421061873435974121e+00
3.802000000000000000e+03,6.240000000000000000e+02,1.125725198996837690e+02,7.142857142857142461e-02,2.390000000000000000e+02,5.174441920000000000e+08,2.259967344640000000e+11,1.706432849168777466e-01
3.196000000000000000e+03,3.803000000000000000e+03,6.604146530191516717e+01,1.863389981249824745e-01,3.100000000000000000e+01,1.797018828800000000e+10,1.127008960512000000e+12,9.884166121482849121e-01
3.290000000000000000e+03,2.279000000000000000e+03,4.523270596003311539e+01,1.087856586440842377e-01,2.990000000000000000e+02,5.986179200000000000e+08,1.710872985600000000e+11,4.373416677117347717e-02
1.798000000000000000e+03,7.970000000000000000e+02,4.336180652612538324e+02,8.318903308077030267e-02,1.600000000000000000e+02,2.614074880000000000e+09,3.916269158400000000e+11,1.103178709745407104e-01
3.104000000000000000e+03,1.264000000000000000e+03,7.071806318198751740e+01,1.428571428571428492e-01,7.300000000000000000e+01,6.995432448000000000e+09,7.722072145920000000e+11,6.042641401290893555e-01
3.619000000000000000e+03,3.972000000000000000e+03,5.818680518266388901e+01,1.844626385704036808e-01,4.400000000000000000e+01,1.617178419200000000e+10,1.029702746112000000e+12,1.566848874092102051e+00
3.105000000000000000e+03,3.390000000000000000e+02,8.771095880499495934e+01,1.578947368421052544e-01,1.140000000000000000e+02,2.197843456000000000e+09,5.375084789760000000e+11,3.056838810443878174e-01
2.324000000000000000e+03,2.810000000000000000e+03,7.844580161205948343e+01,1.428571428571428492e-01,2.870000000000000000e+02,6.854396800000000000e+08,2.084819927040000000e+11,1.414418071508407593e-01
2.918000000000000000e+03,3.660000000000000000e+02,9.796964528075021406e+01,1.010152544552210818e-01,2.600000000000000000e+02,8.427557120000000000e+08,2.263200563200000000e+11,1.667747050523757935e-01
3.097000000000000000e+03,1.078000000000000000e+03,3.497705882963597190e+01,1.944406936956339094e-01,4.700000000000000000e+01,2.149117542400000000e+10,1.025539571712000000e+12,2.488818407058715820e+00
3.684000000000000000e+03,2.878000000000000000e+03,5.073310688438375138e+01,1.264911064067351931e-01,3.300000000000000000e+01,2.596919091200000000e+10,1.392400793600000000e+12,4.729880765080451965e-02
3.620000000000000000e+03,3.967000000000000000e+03,8.738208676714192791e+01,1.944406936956339094e-01,4.400000000000000000e+01,1.617178419200000000e+10,1.029702746112000000e+12,1.566848874092102051e+00
3.158000000000000000e+03,2.938000000000000000e+03,7.048488185174355181e+01,7.692307692307692735e-02,2.980000000000000000e+02,3.785439360000000000e+08,1.740825067520000000e+11,8.881265670061111450e-02
3.849000000000000000e+03,1.360000000000000000e+03,9.860696873877425617e+01,1.802775637731994507e-01,0.000000000000000000e+00,7.301141299200000000e+10,5.371525595136000000e+12,3.230303525924682617e-01
8.490000000000000000e+02,2.144000000000000000e+03,4.434875452093987747e+01,1.863389981249824745e-01,3.270000000000000000e+02,5.939808000000000000e+08,1.465437716480000000e+11,7.499665021896362305e-02
2.757000000000000000e+03,3.676000000000000000e+03,3.516158798959165210e+01,1.885618083164126990e-01,1.290000000000000000e+02,1.944571648000000000e+09,2.719028346880000000e+11,3.264051377773284912e-01
3.406000000000000000e+03,2.276000000000000000e+03,7.502352688796415237e+01,1.333333333333333315e-01,2.150000000000000000e+02,1.763839616000000000e+09,2.953210757120000000e+11,1.914934664964675903e-01
3.977000000000000000e+03,2.421000000000000000e+03,2.150912739788995154e+01,1.250000000000000000e-01,4.500000000000000000e+01,2.933959884800000000e+10,1.161086107648000000e+12,0.000000000000000000e+00
9.900000000000000000e+01,1.331000000000000000e+03,9.686329099478415401e+02,1.229750923802691437e-01,5.000000000000000000e+01,1.556661555200000000e+10,9.990592266240000000e+11,1.033417701721191406e+00
3.794000000000000000e+03,3.376000000000000000e+03,1.367803986680338824e+02,1.505846504842085487e-01,6.300000000000000000e+01,9.890160640000000000e+09,7.694368112640000000e+11,7.079712152481079102e-01
2.521000000000000000e+03,1.015000000000000000e+03,7.862737318406335874e+01,7.142857142857142461e-02,1.900000000000000000e+01,3.211539865600000000e+10,1.839924903936000000e+12,4.858803153038024902e-01
7.440000000000000000e+02,3.032000000000000000e+03,5.218347351992028393e+01,1.666666666666666574e-01,1.350000000000000000e+02,3.606882304000000000e+09,4.865386741760000000e+11,4.158747792243957520e-01
4.910000000000000000e+02,8.310000000000000000e+02,1.425439447663040369e+02,4.761904761904761640e-02,4.900000000000000000e+01,7.905716224000000000e+09,7.715926179840000000e+11,2.006682634353637695e+00
2.720000000000000000e+03,2.469000000000000000e+03,1.215093220402550003e+02,1.874138920735300140e-01,5.300000000000000000e+01,1.131311718400000000e+10,9.541244682240000000e+11,1.090019583702087402e+00
2.346000000000000000e+03,3.120000000000000000e+03,1.529520967649906424e+02,5.555555555555555247e-02,1.210000000000000000e+02,7.143699968000000000e+09,4.740812636160000000e+11,4.700884819030761719e-01
9.240000000000000000e+02,4.690000000000000000e+02,8.900031041513786931e+02,3.846153846153846367e-02,9.000000000000000000e+00,2.194928844800000000e+10,1.422013628416000000e+12,3.583382368087768555e+00
3.293000000000000000e+03,6.390000000000000000e+02,6.319876650399793760e+01,7.692307692307692735e-02,2.890000000000000000e+02,4.774969280000000000e+08,1.903992668160000000e+11,2.638908661901950836e-02
1.259000000000000000e+03,3.926000000000000000e+03,5.769159628154796593e+01,1.538461538461538547e-01,2.700000000000000000e+01,4.451796172800000000e+10,1.408662896640000000e+12,3.526160120964050293e-01
1.842000000000000000e+03,3.658000000000000000e+03,7.652960529826437153e+01,1.976423537605237202e-01,1.870000000000000000e+02,2.693199360000000000e+09,3.451426570240000000e+11,2.012060433626174927e-01
3.185000000000000000e+03,5.800000000000000000e+01,2.016867921937595725e+02,1.010152544552210818e-01,2.510000000000000000e+02,1.089167872000000000e+09,2.191891005440000000e+11,2.160213589668273926e-01
9.200000000000000000e+02,1.701000000000000000e+03,5.403310100658913484e+01,1.000000000000000056e-01,2.130000000000000000e+02,1.500061696000000000e+09,8.283317043200000000e+10,0.000000000000000000e+00
3.076000000000000000e+03,1.077000000000000000e+03,1.035753606932747886e+02,1.863389981249824745e-01,2.860000000000000000e+02,4.380639680000000000e+08,1.405465559040000000e+11,8.471606671810150146e-02
3.523000000000000000e+03,1.285000000000000000e+03,5.685266825323031270e+01,1.597191412499849861e-01,2.750000000000000000e+02,7.826227200000000000e+08,2.273865236480000000e+11,5.492387712001800537e-02
1.947000000000000000e+03,1.592000000000000000e+03,6.000189441403959023e+01,1.490711984999859852e-01,2.230000000000000000e+02,1.263835520000000000e+09,2.617083985920000000e+11,2.692348361015319824e-01
3.776000000000000000e+03,1.957000000000000000e+03,4.210435341157477040e+01,1.885618083164126990e-01,2.120000000000000000e+02,7.961107840000000000e+08,2.616089149440000000e+11,1.231193840503692627e-01
3.708000000000000000e+03,1.197000000000000000e+03,1.069422156348228867e+02,1.490711984999859852e-01,7.800000000000000000e+01,4.232730880000000000e+09,2.918509117440000000e+11,8.519148230552673340e-01
1.249000000000000000e+03,2.148000000000000000e+03,1.216155866049017078e+02,1.087856586440842377e-01,3.130000000000000000e+02,4.205896000000000000e+08,1.665786183680000000e+11,3.704225644469261169e-02
1.767000000000000000e+03,1.273000000000000000e+03,1.289147542418136823e+02,8.318903308077030267e-02,1.320000000000000000e+02,4.678830592000000000e+09,4.214285598720000000e+11,3.574668765068054199e-01
3.550000000000000000e+02,6.190000000000000000e+02,6.216322605429057546e+01,1.581138830084189706e-01,6.900000000000000000e+01,2.519118848000000000e+09,6.528198901760000000e+11,4.075180888175964355e-01
9.420000000000000000e+02,3.723000000000000000e+03,1.214334811338477635e+02,1.052631578947368363e-01,8.700000000000000000e+01,7.962043904000000000e+09,6.099624919040000000e+11,7.106984853744506836e-01
1.320000000000000000e+02,2.331000000000000000e+03,1.222948142970745522e+02,1.923076923076923184e-01,1.000000000000000000e+01,1.996886425600000000e+10,1.406474911744000000e+12,1.505521297454833984e+00
1.196000000000000000e+03,1.703000000000000000e+03,7.700752637276534074e+01,1.860163329510811370e-01,1.180000000000000000e+02,4.714155008000000000e+09,4.329807544320000000e+11,7.848110198974609375e-01
3.857000000000000000e+03,1.363000000000000000e+03,6.356714472585407805e+01,1.820027472320129569e-01,0.000000000000000000e+00,7.301141299200000000e+10,5.371525595136000000e+12,3.230303525924682617e-01
1.768000000000000000e+03,1.609000000000000000e+03,2.479905102802268289e+02,1.860163329510811370e-01,1.380000000000000000e+02,2.455658496000000000e+09,4.106929438720000000e+11,1.264987438917160034e-01
2.040000000000000000e+02,3.750000000000000000e+02,6.700054901770288041e+01,1.315334104411640948e-01,1.650000000000000000e+02,2.563304704000000000e+09,4.133531811840000000e+11,7.525227665901184082e-01
3.850000000000000000e+03,1.352000000000000000e+03,1.127516485761805427e+02,1.600781059358212244e-01,0.000000000000000000e+00,7.301141299200000000e+10,5.371525595136000000e+12,3.230303525924682617e-01
1.171000000000000000e+03,2.470000000000000000e+02,1.490724357297133906e+02,7.856742013183862228e-02,1.330000000000000000e+02,3.402823424000000000e+09,4.583243120640000000e+11,4.153676033020019531e-01
7.210000000000000000e+02,2.776000000000000000e+03,1.147744171846903214e+02,1.788854381999831766e-01,2.900000000000000000e+01,1.928219033600000000e+10,1.265615634432000000e+12,2.214435577392578125e+00
2.727000000000000000e+03,2.466000000000000000e+03,6.561982369894037959e+01,1.638886943392722229e-01,5.300000000000000000e+01,1.131311718400000000e+10,9.541244682240000000e+11,1.090019583702087402e+00
1.147000000000000000e+03,1.560000000000000000e+03,8.257550161370872388e+01,1.863389981249824745e-01,3.420000000000000000e+02,4.908336320000000000e+08,1.605870387200000000e+11,0.000000000000000000e+00
9.170000000000000000e+02,5.800000000000000000e+01,1.246596663965636225e+02,1.542574468374819374e-01,2.000000000000000000e+00,4.836097638400000000e+10,5.956759453696000000e+12,4.612917602062225342e-01
2.468000000000000000e+03,2.288000000000000000e+03,7.830390813507852954e+01,1.976423537605237202e-01,1.740000000000000000e+02,2.748058880000000000e+09,3.761774592000000000e+11,2.325160354375839233e-01
3.659000000000000000e+03,4.600000000000000000e+02,9.722757514648642996e+01,1.904761904761904656e-01,7.500000000000000000e+01,9.171800064000000000e+09,7.418361282560000000e+11,1.302706003189086914e+00
3.407000000000000000e+03,2.278000000000000000e+03,1.155832036476849538e+02,6.666666666666666574e-02,2.150000000000000000e+02,1.763839616000000000e+09,2.953210757120000000e+11,1.914934664964675903e-01
2.740000000000000000e+02,3.804000000000000000e+03,7.144037630456354293e+01,1.720052290384453675e-01,2.470000000000000000e+02,4.202672320000000000e+08,1.736723005440000000e+11,8.762682229280471802e-02
6.890000000000000000e+02,1.615000000000000000e+03,4.679868573410403343e+01,1.664356663246515655e-01,1.060000000000000000e+02,8.503719424000000000e+09,5.539100098560000000e+11,1.529115915298461914e+00
2.979000000000000000e+03,4.600000000000000000e+01,1.195546819663567391e+02,1.335389361282958987e-01,1.100000000000000000e+01,3.576540364800000000e+10,1.680807821312000000e+12,2.075748682022094727e+00
3.661000000000000000e+03,4.530000000000000000e+02,7.764805032756152059e+01,1.716929178792375721e-01,7.500000000000000000e+01,9.171800064000000000e+09,7.418361282560000000e+11,1.302706003189086914e+00
1.921000000000000000e+03,3.049000000000000000e+03,6.336124320459011017e+01,1.875000000000000000e-01,1.630000000000000000e+02,4.056990720000000000e+09,3.779123281920000000e+11,1.363024413585662842e-01
1.948000000000000000e+03,1.568000000000000000e+03,1.634996391445593531e+02,1.250000000000000000e-01,1.670000000000000000e+02,3.063771904000000000e+09,3.769188679680000000e+11,6.263079047203063965e-01
1.720000000000000000e+03,2.299000000000000000e+03,3.096142378873364009e+01,1.863389981249824745e-01,3.200000000000000000e+02,4.233776640000000000e+08,1.610186752000000000e+11,3.248220309615135193e-02
1.146000000000000000e+03,3.898000000000000000e+03,8.321409900852698627e+01,1.699673171197594868e-01,8.000000000000000000e+00,3.991272652800000000e+10,2.224507322368000000e+12,9.772834777832031250e-01
2.292000000000000000e+03,1.184000000000000000e+03,7.224533938375692799e+01,1.087856586440842377e-01,2.740000000000000000e+02,5.024897280000000000e+08,1.785749667840000000e+11,4.372858628630638123e-02
1.938000000000000000e+03,3.873000000000000000e+03,4.350516657727942516e+01,1.304347826086956486e-01,5.200000000000000000e+01,3.828430028800000000e+10,1.034564075520000000e+12,0.000000000000000000e+00
3.659000000000000000e+03,4.570000000000000000e+02,1.490280835065655083e+02,4.761904761904761640e-02,7.500000000000000000e+01,9.171800064000000000e+09,7.418361282560000000e+11,1.302706003189086914e+00
3.264000000000000000e+03,2.767000000000000000e+03,7.710630743229936002e+01,1.374903330507991073e-01,2.800000000000000000e+01,1.262479360000000000e+10,1.088863928320000000e+12,7.823085188865661621e-01
2.582000000000000000e+03,2.230000000000000000e+02,7.343318643848772354e+01,1.428571428571428492e-01,2.420000000000000000e+02,4.223672320000000000e+08,2.294449438720000000e+11,4.048020020127296448e-02
2.226000000000000000e+03,3.056000000000000000e+03,6.563351750520841676e+01,1.567630989332169100e-01,1.200000000000000000e+01,3.063368704000000000e+10,1.071789244416000000e+12,1.678610682487487793e+00
3.799000000000000000e+03,2.646000000000000000e+03,6.559537449048114865e+01,1.597191412499849861e-01,2.320000000000000000e+02,1.347878528000000000e+09,2.471929282560000000e+11,1.529861688613891602e-01
1.978000000000000000e+03,1.507000000000000000e+03,2.965059793793761855e+02,5.882352941176470507e-02,1.500000000000000000e+02,2.156276224000000000e+09,3.887007006720000000e+11,2.612947225570678711e-01
2.041000000000000000e+03,1.494000000000000000e+03,5.674382813445829754e+01,1.976423537605237202e-01,1.170000000000000000e+02,4.141453568000000000e+09,3.299535093760000000e+11,1.914184540510177612e-01
3.410000000000000000e+02,1.473000000000000000e+03,2.730376815301029936e+01,7.710579232757895640e-02,1.700000000000000000e+01,5.264295936000000000e+10,2.150357925888000000e+12,1.609793305397033691e-01
1.140000000000000000e+03,3.894000000000000000e+03,1.305357246079363449e+02,1.054092553389459896e-01,8.000000000000000000e+00,3.991272652800000000e+10,2.224507322368000000e+12,9.772834777832031250e-01
3.434000000000000000e+03,1.226000000000000000e+03,1.864445543403485033e+02,8.318903308077030267e-02,1.000000000000000000e+02,2.065479552000000000e+09,4.219889909760000000e+11,5.504037141799926758e-01
4.400000000000000000e+02,2.731000000000000000e+03,4.733662262675485266e+01,1.963383631246505001e-01,6.000000000000000000e+01,9.892344832000000000e+09,7.822726266880000000e+11,1.314265251159667969e+00
2.044000000000000000e+03,2.223000000000000000e+03,1.011523225119731535e+02,1.863389981249824745e-01,3.190000000000000000e+02,1.058999872000000000e+09,1.626930544640000000e+11,2.378668822348117828e-02
2.780000000000000000e+03,3.279000000000000000e+03,7.318570274691548150e+01,1.963383631246505001e-01,6.200000000000000000e+01,1.213782118400000000e+10,7.476529725440000000e+11,1.117016077041625977e+00
7.210000000000000000e+02,2.781000000000000000e+03,8.494921509264344195e+01,2.000000000000000111e-01,2.900000000000000000e+01,1.928219033600000000e+10,1.265615634432000000e+12,2.214435577392578125e+00
3.387000000000000000e+03,2.939000000000000000e+03,6.730395028748486652e+01,1.716929178792375721e-01,7.400000000000000000e+01,1.621565542400000000e+10,7.788651479040000000e+11,5.994437336921691895e-01
6.170000000000000000e+02,3.757000000000000000e+03,1.529619463645141195e+02,1.923076923076923184e-01,2.400000000000000000e+01,4.572494233600000000e+10,1.500802318336000000e+12,4.620099544525146484e+00
2.219000000000000000e+03,3.057000000000000000e+03,5.957612246792534449e+01,1.792654619833765339e-01,1.200000000000000000e+01,3.063368704000000000e+10,1.071789244416000000e+12,1.678610682487487793e+00
3.600000000000000000e+02,2.167000000000000000e+03,5.810629509315571539e+01,1.315334104411640948e-01,1.000000000000000000e+00,8.831377408000000000e+10,3.447775821824000000e+12,4.181708395481109619e-01
2.334000000000000000e+03,2.448000000000000000e+03,1.304922810703553750e+02,1.442220510185595606e-01,1.600000000000000000e+01,3.099138048000000000e+10,1.294922940416000000e+12,4.591097354888916016e+00
1.920000000000000000e+03,3.054000000000000000e+03,7.336685391009783075e+01,1.397542485937368628e-01,1.630000000000000000e+02,4.056990720000000000e+09,3.779123281920000000e+11,1.363024413585662842e-01
6.100000000000000000e+02,9.210000000000000000e+02,5.092001103615974245e+01,1.581138830084189706e-01,9.900000000000000000e+01,1.845776793600000000e+10,6.941362094080000000e+11,0.000000000000000000e+00
1.818000000000000000e+03,1.058000000000000000e+03,4.306924960045081008e+01,1.488645855129573925e-01,1.080000000000000000e+02,3.472463104000000000e+09,6.062234009600000000e+11,1.079535961151123047e+00
1.492000000000000000e+03,1.688000000000000000e+03,3.344804894002255224e+01,1.666666666666666574e-01,3.110000000000000000e+02,7.309690240000000000e+08,1.309064232960000000e+11,7.439114153385162354e-02
3.433000000000000000e+03,1.228000000000000000e+03,9.070533119258566046e+01,5.882352941176470507e-02,1.000000000000000000e+02,2.065479552000000000e+09,4.219889909760000000e+11,5.504037141799926758e-01
9.300000000000000000e+02,5.800000000000000000e+01,4.027978520518534111e+01,1.775636558361101958e-01,2.000000000000000000e+00,4.836097638400000000e+10,5.956759453696000000e+12,4.612917602062225342e-01
3.585000000000000000e+03,1.171000000000000000e+03,5.564267006847566677e+01,1.888525745775105347e-01,6.000000000000000000e+00,4.993640448000000000e+10,1.631447547904000000e+12,2.750630855560302734e+00
2.614000000000000000e+03,3.999000000000000000e+03,8.945785226753528718e+01,7.407407407407406996e-02,2.200000000000000000e+01,4.871026278400000000e+10,1.682183815168000000e+12,0.000000000000000000e+00
3.679000000000000000e+03,2.880000000000000000e+03,3.537852050668386283e+01,1.442220510185595606e-01,3.300000000000000000e+01,2.596919091200000000e+10,1.392400793600000000e+12,4.729880765080451965e-02
3.814000000000000000e+03,2.194000000000000000e+03,1.626421861604473804e+02,9.035079029052513200e-02,5.000000000000000000e+00,6.303399526400000000e+10,3.637388771328000000e+12,2.569424629211425781e+00
4.940000000000000000e+02,8.310000000000000000e+02,1.853315043057529294e+02,1.505846504842085487e-01,4.900000000000000000e+01,7.905716224000000000e+09,7.715926179840000000e+11,2.006682634353637695e+00
3.267000000000000000e+03,3.295000000000000000e+03,1.138662823691825565e+02,1.900863290718193543e-01,4.000000000000000000e+00,4.576543129600000000e+10,2.901718335488000000e+12,1.090228271484375000e+01
1.414000000000000000e+03,1.623000000000000000e+03,1.189603810376279256e+02,1.052631578947368363e-01,8.200000000000000000e+01,6.161942016000000000e+09,5.409183170560000000e+11,9.187395125627517700e-02
1.191000000000000000e+03,1.704000000000000000e+03,2.523766167054710365e+02,1.176470588235294101e-01,1.180000000000000000e+02,4.714155008000000000e+09,4.329807544320000000e+11,7.848110198974609375e-01
2.400000000000000000e+01,1.898000000000000000e+03,7.952177590797035123e+01,1.118033988749894958e-01,8.600000000000000000e+01,8.359140864000000000e+09,6.356979548160000000e+11,3.633834123611450195e-01
3.087000000000000000e+03,3.617000000000000000e+03,6.113262434389334032e+01,1.597191412499849861e-01,1.800000000000000000e+01,4.353104691200000000e+10,1.882279772160000000e+12,3.471975401043891907e-02
3.591000000000000000e+03,1.175000000000000000e+03,3.037860791118854209e+01,1.888525745775105347e-01,6.000000000000000000e+00,4.993640448000000000e+10,1.631447547904000000e+12,2.750630855560302734e+00
3.849000000000000000e+03,1.358000000000000000e+03,1.389018458862061323e+02,1.581138830084189706e-01,0.000000000000000000e+00,7.301141299200000000e+10,5.371525595136000000e+12,3.230303525924682617e-01
2.809000000000000000e+03,3.786000000000000000e+03,7.682027397518848488e+01,1.428571428571428492e-01,2.260000000000000000e+02,1.694067840000000000e+09,2.313366077440000000e+11,1.372270882129669189e-01
3.451000000000000000e+03,2.858000000000000000e+03,1.186467212099189652e+02,1.897658566033678385e-01,6.600000000000000000e+01,5.837941760000000000e+09,6.081861386240000000e+11,1.099951863288879395e+00
3.350000000000000000e+02,1.476000000000000000e+03,1.121465069750318122e+01,1.950639396376682988e-01,1.700000000000000000e+01,5.264295936000000000e+10,2.150357925888000000e+12,1.609793305397033691e-01
2.974000000000000000e+03,4.900000000000000000e+01,8.469994087457487808e+01,1.994505484123890171e-01,1.100000000000000000e+01,3.576540364800000000e+10,1.680807821312000000e+12,2.075748682022094727e+00
3.401000000000000000e+03,9.840000000000000000e+02,3.171589832534159470e+01,1.010152544552210818e-01,2.440000000000000000e+02,9.381701760000000000e+08,2.411223777280000000e+11,1.813671588897705078e-01
1.400000000000000000e+02,3.253000000000000000e+03,3.583360804297107052e+02,1.153846153846153910e-01,2.600000000000000000e+01,1.438108057600000000e+10,1.427807535104000000e+12,3.526270389556884766e+00
6.530000000000000000e+02,3.901000000000000000e+03,2.498894769122660193e+02,7.142857142857142461e-02,1.880000000000000000e+02,6.476391680000000000e+08,2.439948533760000000e+11,3.397938311100006104e-01
6.160000000000000000e+02,3.762000000000000000e+03,7.465541430004516599e+01,1.585809856006792640e-01,2.400000000000000000e+01,4.572494233600000000e+10,1.500802318336000000e+12,4.620099544525146484e+00
1.248000000000000000e+03,1.354000000000000000e+03,6.797656081227740010e+00,0.000000000000000000e+00,3.600000000000000000e+02,5.049757760000000000e+08,4.579411968000000000e+10,0.000000000000000000e+00
1.943000000000000000e+03,3.870000000000000000e+03,2.806696004197684857e+01,1.567630989332169100e-01,5.200000000000000000e+01,3.828430028800000000e+10,1.034564075520000000e+12,0.000000000000000000e+00
2.451000000000000000e+03,1.595000000000000000e+03,1.114030496022080712e+02,1.597191412499849861e-01,2.290000000000000000e+02,1.433138432000000000e+09,2.458848624640000000e+11,1.181099116802215576e-01
2.255000000000000000e+03,1.114000000000000000e+03,3.637409549836613110e+01,1.131370849898476055e-01,3.800000000000000000e+01,2.731669299200000000e+10,1.339208237056000000e+12,0.000000000000000000e+00
7.230000000000000000e+02,2.782000000000000000e+03,7.687159692198250127e+01,1.788854381999831766e-01,2.900000000000000000e+01,1.928219033600000000e+10,1.265615634432000000e+12,2.214435577392578125e+00
1.178000000000000000e+03,9.430000000000000000e+02,5.513146119003396706e+01,1.720052290384453675e-01,2.660000000000000000e+02,9.486789760000000000e+08,2.049079541760000000e+11,1.377537250518798828e-01
4.780000000000000000e+02,3.380000000000000000e+03,4.728979832575178222e+01,8.333333333333332871e-02,3.370000000000000000e+02,3.180891520000000000e+08,1.595851407360000000e+11,0.000000000000000000e+00
2.710000000000000000e+02,2.810000000000000000e+02,7.739794830254267310e+01,1.428571428571428492e-01,2.270000000000000000e+02,6.140675200000000000e+08,2.543858974720000000e+11,4.976339638233184814e-01
2.646000000000000000e+03,3.077000000000000000e+03,4.559880622443125020e+01,1.335389361282958987e-01,1.500000000000000000e+01,3.527756185600000000e+10,1.735473496064000000e+12,1.871760040521621704e-01
1.621000000000000000e+03,1.033000000000000000e+03,7.011165944423495944e+01,1.863389981249824745e-01,3.460000000000000000e+02,1.095322752000000000e+09,1.446473891840000000e+11,7.075598835945129395e-02
3.699000000000000000e+03,1.378000000000000000e+03,2.278896016616906195e+01,1.764705882352941291e-01,1.410000000000000000e+02,5.124332032000000000e+09,4.340172062720000000e+11,8.931189179420471191e-01
3.450000000000000000e+02,2.560000000000000000e+02,4.468601118115992676e+01,9.090909090909091161e-02,3.520000000000000000e+02,4.539794560000000000e+08,1.068479283200000000e+11,1.503887120634317398e-02
3.350000000000000000e+02,1.471000000000000000e+03,1.534744237122091803e+01,1.421760560557814024e-01,1.700000000000000000e+01,5.264295936000000000e+10,2.150357925888000000e+12,1.609793305397033691e-01
3.149000000000000000e+03,3.951000000000000000e+03,5.619872631452865619e+01,1.397542485937368628e-01,2.170000000000000000e+02,5.120787200000000000e+08,3.151246131200000000e+11,2.553134262561798096e-01
1.765000000000000000e+03,1.273000000000000000e+03,5.350670592686762461e+01,1.860163329510811370e-01,1.320000000000000000e+02,4.678830592000000000e+09,4.214285598720000000e+11,3.574668765068054199e-01
3.451000000000000000e+03,2.862000000000000000e+03,1.209292563079533522e+02,1.176877882894626220e-01,6.600000000000000000e+01,5.837941760000000000e+09,6.081861386240000000e+11,1.099951863288879395e+00
2.250000000000000000e+03,1.341000000000000000e+03,1.697969684103916279e+02,1.581138830084189706e-01,8.100000000000000000e+01,8.068609536000000000e+09,7.168793640960000000e+11,7.845193743705749512e-01
2.399000000000000000e+03,1.308000000000000000e+03,7.878049385998885157e+01,1.481481481481481399e-01,2.100000000000000000e+01,3.967555993600000000e+10,1.669329846272000000e+12,7.246407270431518555e-01
2.578000000000000000e+03,8.380000000000000000e+02,4.088429483505818496e+01,8.944271909999158832e-02,3.500000000000000000e+01,2.461768089600000000e+10,1.257411051520000000e+12,0.000000000000000000e+00
3.278000000000000000e+03,1.281000000000000000e+03,1.852199929764762771e+02,8.838834764831844659e-02,1.440000000000000000e+02,2.995511040000000000e+09,3.637745745920000000e+11,7.464761734008789062e-01
2.262000000000000000e+03,5.920000000000000000e+02,2.256476121031148807e+01,1.720052290384453675e-01,3.040000000000000000e+02,3.876726720000000000e+08,1.808310599680000000e+11,3.964058309793472290e-02
1.440000000000000000e+03,1.476000000000000000e+03,3.626831865268876527e+02,0.000000000000000000e+00,1.910000000000000000e+02,4.317606912000000000e+09,3.233326366720000000e+11,3.796105086803436279e-01
9.250000000000000000e+02,4.710000000000000000e+02,1.637961567628449586e+02,1.216260638526299870e-01,9.000000000000000000e+00,2.194928844800000000e+10,1.422013628416000000e+12,3.583382368087768555e+00
9.240000000000000000e+02,4.630000000000000000e+02,3.133140680996741025e+02,1.923076923076923184e-01,9.000000000000000000e+00,2.194928844800000000e+10,1.422013628416000000e+12,3.583382368087768555e+00
3.793000000000000000e+03,3.376000000000000000e+03,9.732672529095789571e+01,1.716929178792375721e-01,6.300000000000000000e+01,9.890160640000000000e+09,7.694368112640000000e+11,7.079712152481079102e-01
3.816000000000000000e+03,3.560000000000000000e+02,8.496104810742596669e+01,1.333333333333333315e-01,2.080000000000000000e+02,2.188138240000000000e+09,2.766488862720000000e+11,2.967958748340606689e-01
3.088000000000000000e+03,3.609000000000000000e+03,1.212783982937008034e+02,1.472537723434878820e-01,1.800000000000000000e+01,4.353104691200000000e+10,1.882279772160000000e+12,3.471975401043891907e-02
3.699000000000000000e+03,2.550000000000000000e+03,1.133430853190203322e+02,9.428090415820634951e-02,1.980000000000000000e+02,1.618238080000000000e+09,3.098244218880000000e+11,1.910182833671569824e-01
3.672000000000000000e+03,1.163000000000000000e+03,6.724185510917895670e+01,1.756820922315766309e-01,1.030000000000000000e+02,4.909637632000000000e+09,5.050224476160000000e+11,1.168877959251403809e+00
3.540000000000000000e+02,2.167000000000000000e+03,9.252726464310325127e+01,1.663780661615406053e-01,1.000000000000000000e+00,8.831377408000000000e+10,3.447775821824000000e+12,4.181708395481109619e-01
2.027000000000000000e+03,3.371000000000000000e+03,1.894358418803398934e+02,1.111111111111111049e-01,1.090000000000000000e+02,4.767008768000000000e+09,5.140877803520000000e+11,8.066106438636779785e-01
4.020000000000000000e+02,8.150000000000000000e+02,4.983449423226244335e+01,1.963383631246505001e-01,7.100000000000000000e+01,1.033783398400000000e+10,7.907896852480000000e+11,7.018927931785583496e-01
3.979000000000000000e+03,2.593000000000000000e+03,3.858189490017846168e+01,1.663780661615406053e-01,1.640000000000000000e+02,2.869155584000000000e+09,3.821064683520000000e+11,7.292455434799194336e-01
2.636000000000000000e+03,2.680000000000000000e+03,1.287166546163168164e+02,9.316949906249123725e-02,3.900000000000000000e+01,2.389246156800000000e+10,1.108915257344000000e+12,7.688570618629455566e-01
8.470000000000000000e+02,2.145000000000000000e+03,5.834639750103547584e+01,1.666666666666666574e-01,3.270000000000000000e+02,5.939808000000000000e+08,1.465437716480000000e+11,7.499665021896362305e-02
3.544000000000000000e+03,2.483000000000000000e+03,7.545057640208320038e+01,1.317615691736824801e-01,3.200000000000000000e+01,2.188575744000000000e+10,1.215032852480000000e+12,2.247135162353515625e+00
3.390000000000000000e+03,2.935000000000000000e+03,4.009751069681337867e+02,9.523809523809523281e-02,7.400000000000000000e+01,1.621565542400000000e+10,7.788651479040000000e+11,5.994437336921691895e-01
2.259000000000000000e+03,2.185000000000000000e+03,9.861297164581920072e+01,1.597191412499849861e-01,2.450000000000000000e+02,6.759123840000000000e+08,2.125311344640000000e+11,2.900222241878509521e-01
3.701000000000000000e+03,1.377000000000000000e+03,2.937739080753229359e+01,1.663780661615406053e-01,1.410000000000000000e+02,5.124332032000000000e+09,4.340172062720000000e+11,8.931189179420471191e-01
3.276000000000000000e+03,3.297000000000000000e+03,1.849185070121840511e+02,1.325825214724776491e-01,4.000000000000000000e+00,4.576543129600000000e+10,2.901718335488000000e+12,1.090228271484375000e+01
2.480000000000000000e+03,2.515000000000000000e+03,3.374030322447932235e+02,7.856742013183862228e-02,1.020000000000000000e+02,5.462126592000000000e+09,5.022053498880000000e+11,4.640202224254608154e-01
3.017000000000000000e+03,5.610000000000000000e+02,4.041435204757728883e+01,1.666666666666666574e-01,1.220000000000000000e+02,6.462716928000000000e+09,4.743136870400000000e+11,2.938182950019836426e-01
3.658000000000000000e+03,4.600000000000000000e+02,7.747046532145681397e+01,1.963383631246505001e-01,7.500000000000000000e+01,9.171800064000000000e+09,7.418361282560000000e+11,1.302706003189086914e+00
1.474000000000000000e+03,1.841000000000000000e+03,3.398626129189799627e+01,1.538461538461538547e-01,2.680000000000000000e+02,3.387232000000000000e+08,1.792297369600000000e+11,3.738203644752502441e-02
9.220000000000000000e+02,5.900000000000000000e+01,8.112768351532550071e+01,7.712872341874096871e-02,2.000000000000000000e+00,4.836097638400000000e+10,5.956759453696000000e+12,4.612917602062225342e-01
2.506000000000000000e+03,7.390000000000000000e+02,6.737293812421806649e+01,1.490711984999859852e-01,1.040000000000000000e+02,1.506699520000000000e+09,3.044843192320000000e+11,2.345273643732070923e-01
2.234000000000000000e+03,2.158000000000000000e+03,2.772728307023679690e+02,5.000000000000000278e-02,8.300000000000000000e+01,8.956526592000000000e+09,6.515022233600000000e+11,5.435594320297241211e-01
6.860000000000000000e+02,1.614000000000000000e+03,3.987537289551648456e+01,1.488645855129573925e-01,1.060000000000000000e+02,8.503719424000000000e+09,5.539100098560000000e+11,1.529115915298461914e+00
2.778000000000000000e+03,3.281000000000000000e+03,1.230672606127593980e+02,1.064794274999899953e-01,6.200000000000000000e+01,1.213782118400000000e+10,7.476529725440000000e+11,1.117016077041625977e+00
2.260000000000000000e+03,2.186000000000000000e+03,1.442071002455400333e+02,1.597191412499849861e-01,2.450000000000000000e+02,6.759123840000000000e+08,2.125311344640000000e+11,2.900222241878509521e-01
3.093000000000000000e+03,1.078000000000000000e+03,1.479356056096316081e+02,8.695652173913043237e-02,4.700000000000000000e+01,2.149117542400000000e+10,1.025539571712000000e+12,2.488818407058715820e+00
3.076000000000000000e+03,2.408000000000000000e+03,9.108012718040397715e+01,1.016394535227177209e-01,2.000000000000000000e+01,2.138906214400000000e+10,9.160418918400000000e+11,6.593467593193054199e-01
2.960000000000000000e+02,2.469000000000000000e+03,5.551818119710834765e+01,7.692307692307692735e-02,2.000000000000000000e+02,8.640007680000000000e+08,2.070236200960000000e+11,9.774547070264816284e-02
1.949000000000000000e+03,1.588000000000000000e+03,5.133466445590759264e+01,2.000000000000000111e-01,2.230000000000000000e+02,1.263835520000000000e+09,2.617083985920000000e+11,2.692348361015319824e-01
1.362000000000000000e+03,7.990000000000000000e+02,1.330667279617675831e+02,9.428090415820634951e-02,2.350000000000000000e+02,9.059889920000000000e+08,2.646524887040000000e+11,1.314550936222076416e-01
2.470000000000000000e+03,2.290000000000000000e+03,9.768006297763434986e+01,1.976423537605237202e-01,1.740000000000000000e+02,2.748058880000000000e+09,3.761774592000000000e+11,2.325160354375839233e-01
2.750000000000000000e+02,2.800000000000000000e+02,9.505297901198727573e+01,1.597191412499849861e-01,2.270000000000000000e+02,6.140675200000000000e+08,2.543858974720000000e+11,4.976339638233184814e-01
1.248000000000000000e+03,2.148000000000000000e+03,1.004176493256044864e+02,1.720052290384453675e-01,3.130000000000000000e+02,4.205896000000000000e+08,1.665786183680000000e+11,3.704225644469261169e-02
3.391000000000000000e+03,2.936000000000000000e+03,3.987689828346686340e+02,6.734350297014739251e-02,7.400000000000000000e+01,1.621565542400000000e+10,7.788651479040000000e+11,5.994437336921691895e-01
3.104000000000000000e+03,3.360000000000000000e+02,4.081950500064917264e+01,1.897658566033678385e-01,1.140000000000000000e+02,2.197843456000000000e+09,5.375084789760000000e+11,3.056838810443878174e-01
3.429000000000000000e+03,9.450000000000000000e+02,3.155907307422734931e+01,1.860163329510811370e-01,1.620000000000000000e+02,3.060062976000000000e+09,3.823545876480000000e+11,2.805753350257873535e-01
3.698000000000000000e+03,2.550000000000000000e+03,6.423533259214076452e+01,1.490711984999859852e-01,1.980000000000000000e+02,1.618238080000000000e+09,3.098244218880000000e+11,1.910182833671569824e-01
3.219000000000000000e+03,2.255000000000000000e+03,1.219370102412904657e+02,1.664356663246515655e-01,9.400000000000000000e+01,5.039864832000000000e+09,6.060616581120000000e+11,6.635777950286865234e-01
6.090000000000000000e+02,2.593000000000000000e+03,6.931806222001026185e+01,9.722034684781695468e-02,4.100000000000000000e+01,3.039488614400000000e+10,1.064241790976000000e+12,7.708724141120910645e-01
3.570000000000000000e+02,2.160000000000000000e+03,5.605447725059613617e+01,9.300816647554056849e-02,1.000000000000000000e+00,8.831377408000000000e+10,3.447775821824000000e+12,4.181708395481109619e-01
1.607000000000000000e+03,2.129000000000000000e+03,9.505764218830655921e+01,1.346870059402947850e-01,6.700000000000000000e+01,2.263678566400000000e+10,7.642853539840000000e+11,1.249879002571105957e+00
3.434000000000000000e+03,2.519000000000000000e+03,8.952420196190969648e+01,1.885618083164126990e-01,2.020000000000000000e+02,1.624872064000000000e+09,2.780250112000000000e+11,4.750607609748840332e-01
3.540000000000000000e+02,6.190000000000000000e+02,6.134014866398666754e+01,1.499999999999999944e-01,6.900000000000000000e+01,2.519118848000000000e+09,6.528198901760000000e+11,4.075180888175964355e-01
2.468000000000000000e+03,2.290000000000000000e+03,1.411904912884127441e+02,8.838834764831844659e-02,1.740000000000000000e+02,2.748058880000000000e+09,3.761774592000000000e+11,2.325160354375839233e-01
1.623000000000000000e+03,1.032000000000000000e+03,4.706772854398101913e+01,1.666666666666666574e-01,3.460000000000000000e+02,1.095322752000000000e+09,1.446473891840000000e+11,7.075598835945129395e-02
4.150000000000000000e+02,3.360000000000000000e+03,7.595816839857691605e+01,1.087856586440842377e-01,3.000000000000000000e+02,6.761123200000000000e+08,1.850314096640000000e+11,1.175257489085197449e-01
3.816000000000000000e+03,1.262000000000000000e+03,8.940765887215097507e+01,8.333333333333332871e-02,2.580000000000000000e+02,3.662850880000000000e+08,1.533653319680000000e+11,5.041117593646049500e-02
3.431000000000000000e+03,1.226000000000000000e+03,1.312649960165652487e+02,1.315334104411640948e-01,1.000000000000000000e+02,2.065479552000000000e+09,4.219889909760000000e+11,5.504037141799926758e-01
2.979000000000000000e+03,4.800000000000000000e+01,8.164485589666585952e+01,1.851851851851851749e-01,1.100000000000000000e+01,3.576540364800000000e+10,1.680807821312000000e+12,2.075748682022094727e+00
3.701000000000000000e+03,3.717000000000000000e+03,1.065016425789400074e+02,1.250000000000000000e-01,1.950000000000000000e+02,2.191118592000000000e+09,3.672240619520000000e+11,2.955987751483917236e-01
2.290000000000000000e+03,1.183000000000000000e+03,8.662015681386185406e+01,1.720052290384453675e-01,2.740000000000000000e+02,5.024897280000000000e+08,1.785749667840000000e+11,4.372858628630638123e-02
2.483000000000000000e+03,2.516000000000000000e+03,4.332567853665234736e+01,1.571348402636772446e-01,1.020000000000000000e+02,5.462126592000000000e+09,5.022053498880000000e+11,4.640202224254608154e-01
7.280000000000000000e+02,2.780000000000000000e+03,6.872317061409573569e+01,1.442220510185595606e-01,2.900000000000000000e+01,1.928219033600000000e+10,1.265615634432000000e+12,2.214435577392578125e+00
2.464000000000000000e+03,3.118000000000000000e+03,4.942645296081201991e+02,1.090440572471854941e-01,7.000000000000000000e+00,4.260092313600000000e+10,2.118265864192000000e+12,1.421061873435974121e+00
4.000000000000000000e+02,8.160000000000000000e+02,1.393792632859590128e+02,9.523809523809523281e-02,7.100000000000000000e+01,1.033783398400000000e+10,7.907896852480000000e+11,7.018927931785583496e-01
4.160000000000000000e+02,1.365000000000000000e+03,8.988408334304213554e+01,9.300816647554056849e-02,3.000000000000000000e+00,6.902842163200000000e+10,3.272609628160000000e+12,7.570462226867675781e-01
1.571000000000000000e+03,2.978000000000000000e+03,1.305148428114517571e+02,1.720052290384453675e-01,2.850000000000000000e+02,6.836806400000000000e+08,1.794414182400000000e+11,1.307955831289291382e-01
3.168000000000000000e+03,2.676000000000000000e+03,6.937363036728372379e+01,1.490711984999859852e-01,2.540000000000000000e+02,9.485489280000000000e+08,2.663671562240000000e+11,1.101500093936920166e-01
2.292000000000000000e+03,1.186000000000000000e+03,6.398008792289053304e+01,1.087856586440842377e-01,2.740000000000000000e+02,5.024897280000000000e+08,1.785749667840000000e+11,4.372858628630638123e-02
2.339000000000000000e+03,2.442000000000000000e+03,8.305117458385558393e+01,1.697056274847713875e-01,1.600000000000000000e+01,3.099138048000000000e+10,1.294922940416000000e+12,4.591097354888916016e+00
3.388000000000000000e+03,3.860000000000000000e+03,8.911750581369615531e+01,1.597191412499849861e-01,2.300000000000000000e+02,1.801585536000000000e+09,2.514149212160000000e+11,2.484616637229919434e-01
3.683000000000000000e+03,2.878000000000000000e+03,3.982067688309646769e+01,8.944271909999158832e-02,3.300000000000000000e+01,2.596919091200000000e+10,1.392400793600000000e+12,4.729880765080451965e-02
3.089000000000000000e+03,3.611000000000000000e+03,1.270460189762143841e+02,7.142857142857142461e-02,1.800000000000000000e+01,4.353104691200000000e+10,1.882279772160000000e+12,3.471975401043891907e-02
1.073000000000000000e+03,3.200000000000000000e+02,7.845227150340917888e+01,9.428090415820634951e-02,2.330000000000000000e+02,6.209496320000000000e+08,2.893950812160000000e+11,1.476807296276092529e-01
1.262000000000000000e+03,3.929000000000000000e+03,5.787851611498991389e+01,1.216260638526299870e-01,2.700000000000000000e+01,4.451796172800000000e+10,1.408662896640000000e+12,3.526160120964050293e-01
6.270000000000000000e+02,5.000000000000000000e+02,7.215661192925918499e+01,1.860163329510811370e-01,1.510000000000000000e+02,1.992101248000000000e+09,4.080898211840000000e+11,6.955169886350631714e-02
9.460000000000000000e+02,3.723000000000000000e+03,1.446559178609808214e+02,1.052631578947368363e-01,8.700000000000000000e+01,7.962043904000000000e+09,6.099624919040000000e+11,7.106984853744506836e-01
1.252000000000000000e+03,2.148000000000000000e+03,1.645780163893396519e+01,1.720052290384453675e-01,3.130000000000000000e+02,4.205896000000000000e+08,1.665786183680000000e+11,3.704225644469261169e-02
2.827000000000000000e+03,1.218000000000000000e+03,3.686389279498973792e+02,5.555555555555555247e-02,9.800000000000000000e+01,2.222143232000000000e+09,4.761788416000000000e+11,2.608013153076171875e-01
8.560000000000000000e+02,2.072000000000000000e+03,4.647743752024280184e+01,1.567630989332169100e-01,5.600000000000000000e+01,2.377781452800000000e+10,1.003706777600000000e+12,2.094316333532333374e-01
3.081000000000000000e+03,1.575000000000000000e+03,3.599671566002429302e+01,7.692307692307692735e-02,3.150000000000000000e+02,5.846113920000000000e+08,1.710546124800000000e+11,3.108717687427997589e-02
3.699000000000000000e+03,1.373000000000000000e+03,1.429692252076805516e+02,1.176470588235294101e-01,1.410000000000000000e+02,5.124332032000000000e+09,4.340172062720000000e+11,8.931189179420471191e-01
2.514000000000000000e+03,1.579000000000000000e+03,8.294509766341757029e+01,1.874138920735300140e-01,4.300000000000000000e+01,1.761921638400000000e+10,9.155836641280000000e+11,3.939166545867919922e+00
2.590000000000000000e+02,1.292000000000000000e+03,1.038905085110416309e+02,1.010152544552210818e-01,2.340000000000000000e+02,3.983031040000000000e+09,2.327531520000000000e+11,1.931601017713546753e-01
9.620000000000000000e+02,2.615000000000000000e+03,1.262732492523438736e+02,1.897658566033678385e-01,8.800000000000000000e+01,5.297309696000000000e+09,5.749003386880000000e+11,1.700879216194152832e+00
3.878000000000000000e+03,5.310000000000000000e+02,8.394393383679256715e+01,1.860163329510811370e-01,1.450000000000000000e+02,2.489635584000000000e+09,4.032976977920000000e+11,8.420058339834213257e-02
9.160000000000000000e+02,5.900000000000000000e+01,1.326594013925970899e+02,1.857505635576563174e-01,2.000000000000000000e+00,4.836097638400000000e+10,5.956759453696000000e+12,4.612917602062225342e-01
2.762000000000000000e+03,1.428000000000000000e+03,2.301103624883094412e+01,1.863389981249824745e-01,3.140000000000000000e+02,3.868203520000000000e+08,1.621755658240000000e+11,4.999541863799095154e-02
3.882000000000000000e+03,5.350000000000000000e+02,6.052842697048075848e+01,1.860163329510811370e-01,1.450000000000000000e+02,2.489635584000000000e+09,4.032976977920000000e+11,8.420058339834213257e-02
2.612000000000000000e+03,4.000000000000000000e+00,8.161039840347618224e+01,1.855555555555636338e-01,2.200000000000000000e+01,4.871026278400000000e+10,1.682183815168000000e+12,0.000000000000000000e+00
3.270000000000000000e+03,3.296000000000000000e+03,2.785558134628865901e+02,1.126734773582496602e-01,4.000000000000000000e+00,4.576543129600000000e+10,2.901718335488000000e+12,1.090228271484375000e+01
3.674000000000000000e+03,1.162000000000000000e+03,9.498048554927532905e+02,1.242259987499883256e-01,1.030000000000000000e+02,4.909637632000000000e+09,5.050224476160000000e+11,1.168877959251403809e+00
2.263000000000000000e+03,3.711000000000000000e+03,1.228760198295331207e+02,1.178511301977579334e-01,3.180000000000000000e+02,4.913545280000000000e+08,1.575079280640000000e+11,6.375606358051300049e-02
5.790000000000000000e+02,8.140000000000000000e+02,2.470894737460131410e+02,1.490711984999859852e-01,2.180000000000000000e+02,8.583511040000000000e+08,2.650792919040000000e+11,1.668343096971511841e-01
5.250000000000000000e+02,1.734000000000000000e+03,6.304926099595594025e+01,2.000000000000000111e-01,8.500000000000000000e+01,1.334152294400000000e+10,6.413754040320000000e+11,2.690244674682617188e+00
3.640000000000000000e+03,3.128000000000000000e+03,7.601112945222877215e+01,1.315334104411640948e-01,1.280000000000000000e+02,3.839666176000000000e+09,4.332187156480000000e+11,1.764668971300125122e-01
1.622000000000000000e+03,2.508000000000000000e+03,7.848396870507551171e+01,1.397542485937368628e-01,1.930000000000000000e+02,3.885696512000000000e+09,3.168796016640000000e+11,5.713110417127609253e-02
3.797000000000000000e+03,2.645000000000000000e+03,9.855424964732272031e+01,1.428571428571428492e-01,2.320000000000000000e+02,1.347878528000000000e+09,2.471929282560000000e+11,1.529861688613891602e-01
2.448000000000000000e+03,1.597000000000000000e+03,1.412773729808653513e+02,1.010152544552210818e-01,2.290000000000000000e+02,1.433138432000000000e+09,2.458848624640000000e+11,1.181099116802215576e-01
3.048000000000000000e+03,3.391000000000000000e+03,3.471954212060836653e+01,1.739130434782608647e-01,5.100000000000000000e+01,2.175456870400000000e+10,9.791455232000000000e+11,0.000000000000000000e+00
3.078000000000000000e+03,2.313000000000000000e+03,7.681418487269493767e+01,1.720052290384453675e-01,2.840000000000000000e+02,9.221276160000000000e+08,2.000557342720000000e+11,6.525847315788269043e-02
3.707000000000000000e+03,1.194000000000000000e+03,1.495880129922632875e+02,1.490711984999859852e-01,7.800000000000000000e+01,4.232730880000000000e+09,2.918509117440000000e+11,8.519148230552673340e-01
1.950000000000000000e+03,1.565000000000000000e+03,6.338837451281588642e+01,1.875000000000000000e-01,1.670000000000000000e+02,3.063771904000000000e+09,3.769188679680000000e+11,6.263079047203063965e-01
1.571000000000000000e+03,2.418000000000000000e+03,5.931781689585144335e+01,1.064794274999899953e-01,7.000000000000000000e+01,3.691625984000000000e+09,7.435327242240000000e+11,9.238203763961791992e-01
3.935000000000000000e+03,3.592000000000000000e+03,9.905172087304698891e+01,5.555555555555555247e-02,1.150000000000000000e+02,8.581559808000000000e+09,4.948238008320000000e+11,5.617836713790893555e-01
7.120000000000000000e+02,2.465000000000000000e+03,5.817089888359627992e+01,1.333333333333333315e-01,2.090000000000000000e+02,2.049957632000000000e+09,2.796662620160000000e+11,2.703455984592437744e-01
1.415000000000000000e+03,1.418000000000000000e+03,9.571795725734021687e+01,1.860163329510811370e-01,1.520000000000000000e+02,4.673288192000000000e+09,3.888040181760000000e+11,1.391681879758834839e-01
1.175000000000000000e+03,9.420000000000000000e+02,1.137492599924169099e+02,1.720052290384453675e-01,2.660000000000000000e+02,9.486789760000000000e+08,2.049079541760000000e+11,1.377537250518798828e-01
3.681000000000000000e+03,2.880000000000000000e+03,2.967873766816744663e+01,1.199999999999999956e-01,3.300000000000000000e+01,2.596919091200000000e+10,1.392400793600000000e+12,4.729880765080451965e-02
1.610000000000000000e+03,2.960000000000000000e+03,1.335801798718369184e+02,1.437398936440172637e-01,5.400000000000000000e+01,1.041408819200000000e+10,8.919000023040000000e+11,2.400319814682006836e+00
2.191000000000000000e+03,1.645000000000000000e+03,1.147697044672270152e+02,1.863389981249824745e-01,3.120000000000000000e+02,5.148074560000000000e+08,1.380568104960000000e+11,2.518250979483127594e-02
3.265000000000000000e+03,2.774000000000000000e+03,6.912260605176639672e+01,1.739130434782608647e-01,2.800000000000000000e+01,1.262479360000000000e+10,1.088863928320000000e+12,7.823085188865661621e-01
3.815000000000000000e+03,2.195000000000000000e+03,1.019477129109030216e+02,1.142857142857142821e-01,5.000000000000000000e+00,6.303399526400000000e+10,3.637388771328000000e+12,2.569424629211425781e+00
3.263000000000000000e+03,2.774000000000000000e+03,8.248104269819562262e+01,1.944406936956339094e-01,2.800000000000000000e+01,1.262479360000000000e+10,1.088863928320000000e+12,7.823085188865661621e-01
2.325000000000000000e+03,2.811000000000000000e+03,7.581273411719944022e+01,1.010152544552210818e-01,2.870000000000000000e+02,6.854396800000000000e+08,2.084819927040000000e+11,1.414418071508407593e-01
1.192000000000000000e+03,1.701000000000000000e+03,2.012435979330878411e+02,1.860163329510811370e-01,1.180000000000000000e+02,4.714155008000000000e+09,4.329807544320000000e+11,7.848110198974609375e-01
2.704000000000000000e+03,3.098000000000000000e+03,5.485334637905366151e+01,1.818181818181818232e-01,2.360000000000000000e+02,5.399721600000000000e+08,1.266959237120000000e+11,7.340902090072631836e-02
2.209000000000000000e+03,3.081000000000000000e+03,6.753634277562026966e+01,1.863389981249824745e-01,3.390000000000000000e+02,7.090938240000000000e+08,1.408466124800000000e+11,1.572182215750217438e-02
2.881000000000000000e+03,1.340000000000000000e+02,1.162934885871972739e+02,1.597191412499849861e-01,2.490000000000000000e+02,9.528133760000000000e+08,2.377785835520000000e+11,1.267889738082885742e-01
2.775000000000000000e+03,3.290000000000000000e+02,2.545749121766368361e+01,1.976423537605237202e-01,1.760000000000000000e+02,1.897518080000000000e+09,3.672120360960000000e+11,2.138888686895370483e-01
1.614000000000000000e+03,2.957000000000000000e+03,6.579315572524363631e+01,1.363636363636363535e-01,5.400000000000000000e+01,1.041408819200000000e+10,8.919000023040000000e+11,2.400319814682006836e+00
9.240000000000000000e+02,5.300000000000000000e+01,6.589462625645499827e+01,7.712872341874096871e-02,2.000000000000000000e+00,4.836097638400000000e+10,5.956759453696000000e+12,4.612917602062225342e-01
2.489000000000000000e+03,3.977000000000000000e+03,5.484081863376565025e+01,1.490711984999859852e-01,2.070000000000000000e+02,1.389949440000000000e+09,2.682227425280000000e+11,1.866812407970428467e-01
2.516000000000000000e+03,4.250000000000000000e+02,7.479414214398364891e+01,1.860163329510811370e-01,1.310000000000000000e+02,2.237285376000000000e+09,4.049037557760000000e+11,2.605060040950775146e-01
3.293000000000000000e+03,6.380000000000000000e+02,9.155471963444918515e+01,0.000000000000000000e+00,2.890000000000000000e+02,4.774969280000000000e+08,1.903992668160000000e+11,2.638908661901950836e-02
8.080000000000000000e+02,1.469000000000000000e+03,9.436927742404699302e+02,7.071067811865475172e-02,9.100000000000000000e+01,3.535630080000000000e+09,6.492895313920000000e+11,8.669794797897338867e-01
3.086000000000000000e+03,3.614000000000000000e+03,6.586507671186309665e+01,1.129384878631564115e-01,1.800000000000000000e+01,4.353104691200000000e+10,1.882279772160000000e+12,3.471975401043891907e-02
3.042000000000000000e+03,3.388000000000000000e+03,3.971625397847395078e+01,1.567630989332169100e-01,5.100000000000000000e+01,2.175456870400000000e+10,9.791455232000000000e+11,0.000000000000000000e+00
3.540000000000000000e+02,2.165000000000000000e+03,9.733601829654402593e+01,1.315334104411640948e-01,1.000000000000000000e+00,8.831377408000000000e+10,3.447775821824000000e+12,4.181708395481109619e-01
1.950000000000000000e+03,1.591000000000000000e+03,1.269482827097120747e+02,6.666666666666666574e-02,2.230000000000000000e+02,1.263835520000000000e+09,2.617083985920000000e+11,2.692348361015319824e-01
3.815000000000000000e+03,2.192000000000000000e+03,1.071419159141012898e+02,2.857142857142857054e-02,5.000000000000000000e+00,6.303399526400000000e+10,3.637388771328000000e+12,2.569424629211425781e+00
4.100000000000000000e+02,1.360000000000000000e+03,5.067301252433855296e+01,1.973001156617461560e-01,3.000000000000000000e+00,6.902842163200000000e+10,3.272609628160000000e+12,7.570462226867675781e-01
2.447000000000000000e+03,1.596000000000000000e+03,1.357667544075950730e+02,1.428571428571428492e-01,2.290000000000000000e+02,1.433138432000000000e+09,2.458848624640000000e+11,1.181099116802215576e-01
3.793000000000000000e+03,3.382000000000000000e+03,5.481775219455899872e+01,1.716929178792375721e-01,6.300000000000000000e+01,9.890160640000000000e+09,7.694368112640000000e+11,7.079712152481079102e-01
1.690000000000000000e+02,2.144000000000000000e+03,7.965529704861866378e+01,7.692307692307692735e-02,2.930000000000000000e+02,9.289077760000000000e+08,1.737262530560000000e+11,1.096618697047233582e-01
1.711000000000000000e+03,1.660000000000000000e+03,6.643533502697988524e+02,6.428243465332250661e-02,1.300000000000000000e+01,1.214220800000000000e+10,8.739340288000000000e+11,1.179914355278015137e+00
3.769000000000000000e+03,1.265000000000000000e+03,1.101334376033797184e+02,1.928473039599674921e-01,6.100000000000000000e+01,1.627101593600000000e+10,8.702694522880000000e+11,3.920187950134277344e+00
1.308000000000000000e+03,2.003000000000000000e+03,3.153242684912269738e+02,1.567630989332169100e-01,4.200000000000000000e+01,1.348992307200000000e+10,1.067025235968000000e+12,3.646400213241577148e+00
1.844000000000000000e+03,3.659000000000000000e+03,8.359127049986236671e+02,6.250000000000000000e-02,1.870000000000000000e+02,2.693199360000000000e+09,3.451426570240000000e+11,2.012060433626174927e-01
1.712000000000000000e+03,2.129000000000000000e+03,7.938659453454840786e+01,1.111111111111111049e-01,1.010000000000000000e+02,3.648659456000000000e+09,4.807784202240000000e+11,6.310544013977050781e-01
2.608000000000000000e+03,1.000000000000000000e+00,7.174702880204024780e+01,1.658006306030493648e-01,2.200000000000000000e+01,4.871026278400000000e+10,1.682183815168000000e+12,0.000000000000000000e+00
3.810000000000000000e+03,2.192000000000000000e+03,6.362866589603657275e+01,1.456862718169366910e-01,5.000000000000000000e+00,6.303399526400000000e+10,3.637388771328000000e+12,2.569424629211425781e+00
1.975000000000000000e+03,1.506000000000000000e+03,1.981498450174603363e+02,1.764705882352941291e-01,1.500000000000000000e+02,2.156276224000000000e+09,3.887007006720000000e+11,2.612947225570678711e-01
2.025000000000000000e+03,3.369000000000000000e+03,4.488776840674998994e+02,1.111111111111111049e-01,1.090000000000000000e+02,4.767008768000000000e+09,5.140877803520000000e+11,8.066106438636779785e-01
9.200000000000000000e+02,4.670000000000000000e+02,1.843466432094425045e+02,1.585809856006792640e-01,9.000000000000000000e+00,2.194928844800000000e+10,1.422013628416000000e+12,3.583382368087768555e+00
2.973000000000000000e+03,4.600000000000000000e+01,1.108027033320464056e+02,1.335389361282958987e-01,1.100000000000000000e+01,3.576540364800000000e+10,1.680807821312000000e+12,2.075748682022094727e+00
2.516000000000000000e+03,2.832000000000000000e+03,1.427275130975639570e+02,1.087856586440842377e-01,2.710000000000000000e+02,4.502600960000000000e+08,1.904349020160000000e+11,1.080366820096969604e-01
2.382000000000000000e+03,1.726000000000000000e+03,2.203385063926298528e+02,8.318903308077030267e-02,1.390000000000000000e+02,8.027903488000000000e+09,4.483424911360000000e+11,3.236294984817504883e-01
1.064000000000000000e+03,1.190000000000000000e+02,6.896245049561906626e+01,1.885618083164126990e-01,1.660000000000000000e+02,1.370045440000000000e+09,2.645352611840000000e+11,2.215686142444610596e-01
1.603000000000000000e+03,2.127000000000000000e+03,6.206343707808416355e+01,9.523809523809523281e-02,6.700000000000000000e+01,2.263678566400000000e+10,7.642853539840000000e+11,1.249879002571105957e+00
3.523000000000000000e+03,1.288000000000000000e+03,7.411846628782271296e+01,1.010152544552210818e-01,2.750000000000000000e+02,7.826227200000000000e+08,2.273865236480000000e+11,5.492387712001800537e-02
1.950000000000000000e+03,1.566000000000000000e+03,1.494413753619610077e+02,1.250000000000000000e-01,1.670000000000000000e+02,3.063771904000000000e+09,3.769188679680000000e+11,6.263079047203063965e-01
3.615000000000000000e+03,3.971000000000000000e+03,1.197584130640145759e+02,9.722034684781695468e-02,4.400000000000000000e+01,1.617178419200000000e+10,1.029702746112000000e+12,1.566848874092102051e+00
2.021000000000000000e+03,7.800000000000000000e+02,7.057691820749029432e+01,1.963383631246505001e-01,6.400000000000000000e+01,8.225184256000000000e+09,7.782105088000000000e+11,7.376434803009033203e-01
2.508000000000000000e+03,1.862000000000000000e+03,5.242758284709600503e+01,1.860163329510811370e-01,1.420000000000000000e+02,5.136879616000000000e+09,4.324141629440000000e+11,2.311038821935653687e-01
8.950000000000000000e+02,1.843000000000000000e+03,9.715082870607746557e+00,1.285648693066450132e-01,3.570000000000000000e+02,3.494712320000000000e+09,1.018283130880000000e+11,0.000000000000000000e+00
3.163000000000000000e+03,9.030000000000000000e+02,2.193446250109764435e+02,4.761904761904761640e-02,7.900000000000000000e+01,9.350776832000000000e+09,7.296368640000000000e+11,6.641222238540649414e-01
3.090000000000000000e+03,1.078000000000000000e+03,1.120471400962520931e+02,1.567630989332169100e-01,4.700000000000000000e+01,2.149117542400000000e+10,1.025539571712000000e+12,2.488818407058715820e+00
1.650000000000000000e+03,3.692000000000000000e+03,9.452358356110525506e+01,1.578947368421052544e-01,9.700000000000000000e+01,2.464083968000000000e+09,5.523820380160000000e+11,3.607912957668304443e-01
3.081000000000000000e+03,1.573000000000000000e+03,2.102449710102549147e+02,7.692307692307692735e-02,3.150000000000000000e+02,5.846113920000000000e+08,1.710546124800000000e+11,3.108717687427997589e-02
1.170000000000000000e+02,3.026000000000000000e+03,2.426046473628435649e+02,6.250000000000000000e-02,1.810000000000000000e+02,1.703606272000000000e+09,3.191276830720000000e+11,1.524101495742797852e-01
3.681000000000000000e+03,2.875000000000000000e+03,7.441894810593937848e+01,8.000000000000000167e-02,3.300000000000000000e+01,2.596919091200000000e+10,1.392400793600000000e+12,4.729880765080451965e-02
7.500000000000000000e+01,3.757000000000000000e+03,4.429361428160041925e+01,1.860163329510811370e-01,1.540000000000000000e+02,3.961576704000000000e+09,4.022394880000000000e+11,4.600262939929962158e-01
3.095000000000000000e+03,1.076000000000000000e+03,1.634156236032650327e+02,8.695652173913043237e-02,4.700000000000000000e+01,2.149117542400000000e+10,1.025539571712000000e+12,2.488818407058715820e+00
3.073000000000000000e+03,2.406000000000000000e+03,1.228875338497337282e+02,1.437398936440172637e-01,2.000000000000000000e+01,2.138906214400000000e+10,9.160418918400000000e+11,6.593467593193054199e-01
3.676000000000000000e+03,1.167000000000000000e+03,7.759179538808382404e+01,1.756820922315766309e-01,1.030000000000000000e+02,4.909637632000000000e+09,5.050224476160000000e+11,1.168877959251403809e+00
2.385000000000000000e+03,3.835000000000000000e+03,7.951197955384789395e+01,1.885618083164126990e-01,2.190000000000000000e+02,1.670014080000000000e+09,2.785095843840000000e+11,1.740442365407943726e-01
9.200000000000000000e+02,4.680000000000000000e+02,1.032411632344261250e+02,1.538461538461538547e-01,9.000000000000000000e+00,2.194928844800000000e+10,1.422013628416000000e+12,3.583382368087768555e+00
1.390000000000000000e+03,2.584000000000000000e+03,4.634453327131060973e+01,1.767766952966368932e-01,1.890000000000000000e+02,1.658296320000000000e+09,3.660822609920000000e+11,5.479530692100524902e-01
4.120000000000000000e+02,3.362000000000000000e+03,5.600423579225252269e+01,1.720052290384453675e-01,3.000000000000000000e+02,6.761123200000000000e+08,1.850314096640000000e+11,1.175257489085197449e-01
1.320000000000000000e+03,1.717000000000000000e+03,8.851057390194981167e+01,1.756820922315766309e-01,9.500000000000000000e+01,1.568210534400000000e+10,5.062445301760000000e+11,2.863983809947967529e-01
3.278000000000000000e+03,3.292000000000000000e+03,7.823706628704849209e+01,1.682864002229532419e-01,4.000000000000000000e+00,4.576543129600000000e+10,2.901718335488000000e+12,1.090228271484375000e+01
3.702000000000000000e+03,3.717000000000000000e+03,8.626593684163258047e+01,1.397542485937368628e-01,1.950000000000000000e+02,2.191118592000000000e+09,3.672240619520000000e+11,2.955987751483917236e-01
1.809000000000000000e+03,1.915000000000000000e+03,4.238656027582346297e+01,1.597191412499849861e-01,2.800000000000000000e+02,1.017443840000000000e+09,2.190259322880000000e+11,1.025063097476959229e-01
2.499000000000000000e+03,2.619000000000000000e+03,2.905059594801228400e+02,7.692307692307692735e-02,2.200000000000000000e+02,8.441690240000000000e+08,1.855676416000000000e+11,9.814136475324630737e-02
2.381000000000000000e+03,3.819000000000000000e+03,9.161889955226143911e+01,1.315334104411640948e-01,1.070000000000000000e+02,3.027658752000000000e+09,4.165613977600000000e+11,1.792184859514236450e-01
3.197000000000000000e+03,3.795000000000000000e+03,6.251732277749757714e+02,1.717960677340691911e-01,3.100000000000000000e+01,1.797018828800000000e+10,1.127008960512000000e+12,9.884166121482849121e-01
1.764000000000000000e+03,4.730000000000000000e+02,1.629952476449983862e+02,1.490711984999859852e-01,1.840000000000000000e+02,3.484838912000000000e+09,2.917514936320000000e+11,1.206553459167480469e+00
3.857000000000000000e+03,1.354000000000000000e+03,9.439689196074424160e+01,7.071067811865475172e-02,0.000000000000000000e+00,7.301141299200000000e+10,5.371525595136000000e+12,3.230303525924682617e-01
1.837000000000000000e+03,9.960000000000000000e+02,6.010635344327059215e+01,1.720052290384453675e-01,2.370000000000000000e+02,5.241972800000000000e+08,1.821371924480000000e+11,5.407391116023063660e-02
2.192000000000000000e+03,1.646000000000000000e+03,1.355868119583475107e+02,8.333333333333332871e-02,3.120000000000000000e+02,5.148074560000000000e+08,1.380568104960000000e+11,2.518250979483127594e-02
1.806000000000000000e+03,1.915000000000000000e+03,8.655997347753417159e+01,1.010152544552210818e-01,2.800000000000000000e+02,1.017443840000000000e+09,2.190259322880000000e+11,1.025063097476959229e-01
3.520000000000000000e+02,6.210000000000000000e+02,9.935705792132311842e+01,1.118033988749894958e-01,6.900000000000000000e+01,2.519118848000000000e+09,6.528198901760000000e+11,4.075180888175964355e-01
1.752000000000000000e+03,2.640000000000000000e+03,1.015140630609530916e+02,1.176877882894626220e-01,1.100000000000000000e+02,5.270673408000000000e+09,5.406609571840000000e+11,2.526594698429107666e-01
2.256000000000000000e+03,2.186000000000000000e+03,4.058071357561757253e+01,1.597191412499849861e-01,2.450000000000000000e+02,6.759123840000000000e+08,2.125311344640000000e+11,2.900222241878509521e-01
2.644000000000000000e+03,3.078000000000000000e+03,8.764062462308157819e+01,5.237828008789241485e-02,1.500000000000000000e+01,3.527756185600000000e+10,1.735473496064000000e+12,1.871760040521621704e-01
1.312000000000000000e+03,1.394000000000000000e+03,9.882486894630775964e+01,1.414213562373095034e-01,3.400000000000000000e+01,1.266510643200000000e+10,7.028321812480000000e+11,3.640272617340087891e-01
3.677000000000000000e+03,2.880000000000000000e+03,3.247619621128244916e+01,2.000000000000000111e-01,3.300000000000000000e+01,2.596919091200000000e+10,1.392400793600000000e+12,4.729880765080451965e-02
3.390000000000000000e+02,1.472000000000000000e+03,2.229849379727927428e+01,0.000000000000000000e+00,1.700000000000000000e+01,5.264295936000000000e+10,2.150357925888000000e+12,1.609793305397033691e-01
2.517000000000000000e+03,1.010000000000000000e+03,8.271313019510184006e+01,1.923273145405179907e-01,1.900000000000000000e+01,3.211539865600000000e+10,1.839924903936000000e+12,4.858803153038024902e-01
1.313000000000000000e+03,1.396000000000000000e+03,6.125407791159442183e+01,1.499999999999999944e-01,3.400000000000000000e+01,1.266510643200000000e+10,7.028321812480000000e+11,3.640272617340087891e-01
3.589000000000000000e+03,1.175000000000000000e+03,2.824842889442479787e+01,1.171213948210510919e-01,6.000000000000000000e+00,4.993640448000000000e+10,1.631447547904000000e+12,2.750630855560302734e+00
3.880000000000000000e+03,1.995000000000000000e+03,5.429832537201550480e+01,1.064794274999899953e-01,6.500000000000000000e+01,1.248056729600000000e+10,7.399516405760000000e+11,2.149243831634521484e+00
2.324000000000000000e+03,2.811000000000000000e+03,9.350873253181620726e+01,7.142857142857142461e-02,2.870000000000000000e+02,6.854396800000000000e+08,2.084819927040000000e+11,1.414418071508407593e-01
3.089000000000000000e+03,3.618000000000000000e+03,6.197986725288352972e+01,1.785714285714285754e-01,1.800000000000000000e+01,4.353104691200000000e+10,1.882279772160000000e+12,3.471975401043891907e-02
3.103000000000000000e+03,1.265000000000000000e+03,6.032269480246464610e+01,1.963383631246505001e-01,7.300000000000000000e+01,6.995432448000000000e+09,7.722072145920000000e+11,6.042641401290893555e-01
3.271000000000000000e+03,3.296000000000000000e+03,3.265186664505736758e+02,8.838834764831844659e-02,4.000000000000000000e+00,4.576543129600000000e+10,2.901718335488000000e+12,1.090228271484375000e+01
3.852000000000000000e+03,1.355000000000000000e+03,1.723242156817592843e+02,7.905694150420948529e-02,0.000000000000000000e+00,7.301141299200000000e+10,5.371525595136000000e+12,3.230303525924682617e-01
2.803000000000000000e+03,3.050000000000000000e+03,3.126122469825769556e+01,1.756820922315766309e-01,1.270000000000000000e+02,1.076523008000000000e+10,4.631417978880000000e+11,1.170760273933410645e+00
2.639000000000000000e+03,2.682000000000000000e+03,7.846165222206278145e+01,1.666666666666666574e-01,3.900000000000000000e+01,2.389246156800000000e+10,1.108915257344000000e+12,7.688570618629455566e-01
2.573000000000000000e+03,8.350000000000000000e+02,2.784078799801607218e+01,2.000000000000000111e-01,3.500000000000000000e+01,2.461768089600000000e+10,1.257411051520000000e+12,0.000000000000000000e+00
8.480000000000000000e+02,2.145000000000000000e+03,5.133071062923799133e+01,1.863389981249824745e-01,3.270000000000000000e+02,5.939808000000000000e+08,1.465437716480000000e+11,7.499665021896362305e-02
2.643000000000000000e+03,3.083000000000000000e+03,2.591919365690380346e+02,1.481481481481481399e-01,1.500000000000000000e+01,3.527756185600000000e+10,1.735473496064000000e+12,1.871760040521621704e-01
6.990000000000000000e+02,2.352000000000000000e+03,6.647459513324268698e+01,1.976423537605237202e-01,1.490000000000000000e+02,1.993837312000000000e+09,3.625633710080000000e+11,9.843109548091888428e-02
3.255000000000000000e+03,1.012000000000000000e+03,4.877937798318300224e+02,6.666666666666666574e-02,2.060000000000000000e+02,1.361531776000000000e+09,2.695304806400000000e+11,3.313000202178955078e-01
7.480000000000000000e+02,1.102000000000000000e+03,5.923922242893926438e+01,1.764705882352941291e-01,1.230000000000000000e+02,3.450585344000000000e+09,4.269201489920000000e+11,4.118150472640991211e-01
3.797000000000000000e+03,3.382000000000000000e+03,4.671320265923660742e+01,1.716929178792375721e-01,6.300000000000000000e+01,9.890160640000000000e+09,7.694368112640000000e+11,7.079712152481079102e-01
2.576000000000000000e+03,8.350000000000000000e+02,5.530736140818584801e+01,1.600000000000000033e-01,3.500000000000000000e+01,2.461768089600000000e+10,1.257411051520000000e+12,0.000000000000000000e+00
1.700000000000000000e+02,2.145000000000000000e+03,7.839369369942900789e+01,7.692307692307692735e-02,2.930000000000000000e+02,9.289077760000000000e+08,1.737262530560000000e+11,1.096618697047233582e-01
9.190000000000000000e+02,5.400000000000000000e+01,6.391677264862705243e+01,1.090764867073068245e-01,2.000000000000000000e+00,4.836097638400000000e+10,5.956759453696000000e+12,4.612917602062225342e-01
9.280000000000000000e+02,6.100000000000000000e+01,5.339121123053406137e+01,1.724650685820847684e-01,2.000000000000000000e+00,4.836097638400000000e+10,5.956759453696000000e+12,4.612917602062225342e-01
1.150000000000000000e+02,3.025000000000000000e+03,6.971593575488347483e+01,1.767766952966368932e-01,1.810000000000000000e+02,1.703606272000000000e+09,3.191276830720000000e+11,1.524101495742797852e-01
3.360000000000000000e+02,1.473000000000000000e+03,1.777139341303982434e+01,1.090440572471854941e-01,1.700000000000000000e+01,5.264295936000000000e+10,2.150357925888000000e+12,1.609793305397033691e-01
9.290000000000000000e+02,5.700000000000000000e+01,4.641041552595966380e+01,1.483600617145907075e-01,2.000000000000000000e+00,4.836097638400000000e+10,5.956759453696000000e+12,4.612917602062225342e-01
2.069000000000000000e+03,2.840000000000000000e+03,2.755710105970412656e+02,1.118033988749894958e-01,6.800000000000000000e+01,1.048354918400000000e+10,7.046033571840000000e+11,8.116820454597473145e-01
9.210000000000000000e+02,4.670000000000000000e+02,1.832776625890542448e+02,1.216260638526299870e-01,9.000000000000000000e+00,2.194928844800000000e+10,1.422013628416000000e+12,3.583382368087768555e+00
2.846000000000000000e+03,5.380000000000000000e+02,3.050636190713421314e+01,1.976423537605237202e-01,1.460000000000000000e+02,2.242444032000000000e+09,3.406583234560000000e+11,1.633618921041488647e-01
7.170000000000000000e+02,8.770000000000000000e+02,5.485431843701967836e+01,1.863389981249824745e-01,3.220000000000000000e+02,3.776140160000000000e+08,1.603867115520000000e+11,2.872906066477298737e-02
3.935000000000000000e+03,3.591000000000000000e+03,6.420858099792398832e+01,7.856742013183862228e-02,1.150000000000000000e+02,8.581559808000000000e+09,4.948238008320000000e+11,5.617836713790893555e-01
1.138000000000000000e+03,3.894000000000000000e+03,4.696503981409644979e+01,1.414213562373095034e-01,8.000000000000000000e+00,3.991272652800000000e+10,2.224507322368000000e+12,9.772834777832031250e-01
3.584000000000000000e+03,1.177000000000000000e+03,4.190096786693133879e+01,8.281733249999222168e-02,6.000000000000000000e+00,4.993640448000000000e+10,1.631447547904000000e+12,2.750630855560302734e+00
3.275000000000000000e+03,3.289000000000000000e+03,1.344811066854078661e+02,1.682864002229532419e-01,4.000000000000000000e+00,4.576543129600000000e+10,2.901718335488000000e+12,1.090228271484375000e+01
2.072000000000000000e+03,2.841000000000000000e+03,4.163774403166472666e+02,1.118033988749894958e-01,6.800000000000000000e+01,1.048354918400000000e+10,7.046033571840000000e+11,8.116820454597473145e-01
2.070000000000000000e+03,2.843000000000000000e+03,3.644921384674769911e+02,5.000000000000000278e-02,6.800000000000000000e+01,1.048354918400000000e+10,7.046033571840000000e+11,8.116820454597473145e-01
3.169000000000000000e+03,2.680000000000000000e+03,4.128157365399341217e+01,1.333333333333333315e-01,2.540000000000000000e+02,9.485489280000000000e+08,2.663671562240000000e+11,1.101500093936920166e-01
3.434000000000000000e+03,1.225000000000000000e+03,1.870796428313771287e+02,1.315334104411640948e-01,1.000000000000000000e+02,2.065479552000000000e+09,4.219889909760000000e+11,5.504037141799926758e-01
3.390000000000000000e+03,2.934000000000000000e+03,8.294205062995696665e+01,1.428571428571428492e-01,7.400000000000000000e+01,1.621565542400000000e+10,7.788651479040000000e+11,5.994437336921691895e-01
2.796000000000000000e+03,2.530000000000000000e+02,7.504089005579587024e+01,1.285648693066450132e-01,3.490000000000000000e+02,7.084465280000000000e+08,1.148177530880000000e+11,4.367232322692871094e-02
3.453000000000000000e+03,1.414000000000000000e+03,7.101200253306838306e+01,1.666666666666666574e-01,1.240000000000000000e+02,4.137655552000000000e+09,4.729755729920000000e+11,5.137715339660644531e-01
1.348000000000000000e+03,2.010000000000000000e+03,1.168714887415799524e+02,1.333333333333333315e-01,1.770000000000000000e+02,1.732036736000000000e+09,2.927439708160000000e+11,2.931735217571258545e-01
1.150000000000000000e+03,1.377000000000000000e+03,4.873866500136733748e+01,1.818181818181818232e-01,3.450000000000000000e+02,3.319210880000000000e+08,1.152916848640000000e+11,3.565173968672752380e-02
8.940000000000000000e+02,1.843000000000000000e+03,1.025932989416996399e+01,9.090909090909091161e-02,3.570000000000000000e+02,3.494712320000000000e+09,1.018283130880000000e+11,0.000000000000000000e+00
2.257000000000000000e+03,1.117000000000000000e+03,2.117662563371727202e+01,1.649242250247064112e-01,3.800000000000000000e+01,2.731669299200000000e+10,1.339208237056000000e+12,0.000000000000000000e+00
1.334000000000000000e+03,1.358000000000000000e+03,3.061326304285190645e+02,1.285648693066450132e-01,2.030000000000000000e+02,5.687755520000000000e+08,1.221517967360000000e+11,2.040524780750274658e-02
1.900000000000000000e+01,1.896000000000000000e+03,6.527688134501661921e+01,2.000000000000000111e-01,8.600000000000000000e+01,8.359140864000000000e+09,6.356979548160000000e+11,3.633834123611450195e-01
3.157000000000000000e+03,2.940000000000000000e+03,7.747827533393056854e+01,1.087856586440842377e-01,2.980000000000000000e+02,3.785439360000000000e+08,1.740825067520000000e+11,8.881265670061111450e-02
2.803000000000000000e+03,3.049000000000000000e+03,3.876892463034852199e+01,1.666666666666666574e-01,1.270000000000000000e+02,1.076523008000000000e+10,4.631417978880000000e+11,1.170760273933410645e+00
2.008000000000000000e+03,3.989000000000000000e+03,2.915869438796842701e+02,1.638886943392722229e-01,5.800000000000000000e+01,1.764974796800000000e+10,9.503931760640000000e+11,1.640438556671142578e+00
3.570000000000000000e+02,6.240000000000000000e+02,3.249255220841026670e+01,1.802775637731994507e-01,6.900000000000000000e+01,2.519118848000000000e+09,6.528198901760000000e+11,4.075180888175964355e-01
3.099000000000000000e+03,3.400000000000000000e+02,5.737221121723015358e+02,1.664356663246515655e-01,1.140000000000000000e+02,2.197843456000000000e+09,5.375084789760000000e+11,3.056838810443878174e-01
1.062000000000000000e+03,1.230000000000000000e+02,2.719283174076865706e+01,1.333333333333333315e-01,1.660000000000000000e+02,1.370045440000000000e+09,2.645352611840000000e+11,2.215686142444610596e-01
2.915000000000000000e+03,3.640000000000000000e+02,7.797641352485169364e+01,1.597191412499849861e-01,2.600000000000000000e+02,8.427557120000000000e+08,2.263200563200000000e+11,1.667747050523757935e-01
3.662000000000000000e+03,4.540000000000000000e+02,8.378866360387191037e+01,1.716929178792375721e-01,7.500000000000000000e+01,9.171800064000000000e+09,7.418361282560000000e+11,1.302706003189086914e+00
3.426000000000000000e+03,9.450000000000000000e+02,1.632014856751023331e+02,5.882352941176470507e-02,1.620000000000000000e+02,3.060062976000000000e+09,3.823545876480000000e+11,2.805753350257873535e-01
2.391000000000000000e+03,2.538000000000000000e+03,1.478231999248580735e+02,1.963383631246505001e-01,2.300000000000000000e+01,1.991361945600000000e+10,7.920974561280000000e+11,1.786077260971069336e+00
2.997000000000000000e+03,3.220000000000000000e+03,5.383428656488357689e+01,1.414213562373095034e-01,3.510000000000000000e+02,3.834950080000000000e+08,9.035782553600000000e+10,3.453246131539344788e-02
2.144000000000000000e+03,1.478000000000000000e+03,5.951590256082135966e+01,2.000000000000000111e-01,1.940000000000000000e+02,8.222473600000000000e+08,2.805040742400000000e+11,9.123795479536056519e-02
1.194000000000000000e+03,1.707000000000000000e+03,1.018905845276436111e+02,1.860163329510811370e-01,1.180000000000000000e+02,4.714155008000000000e+09,4.329807544320000000e+11,7.848110198974609375e-01
2.918000000000000000e+03,3.650000000000000000e+02,1.266030436449898104e+02,7.142857142857142461e-02,2.600000000000000000e+02,8.427557120000000000e+08,2.263200563200000000e+11,1.667747050523757935e-01
3.091000000000000000e+03,1.077000000000000000e+03,1.714940565970399575e+02,9.722034684781695468e-02,4.700000000000000000e+01,2.149117542400000000e+10,1.025539571712000000e+12,2.488818407058715820e+00
7.100000000000000000e+01,3.759000000000000000e+03,2.575966010426177633e+01,1.860163329510811370e-01,1.540000000000000000e+02,3.961576704000000000e+09,4.022394880000000000e+11,4.600262939929962158e-01
4.170000000000000000e+02,1.361000000000000000e+03,7.860500151516851020e+01,1.883271834539073097e-01,3.000000000000000000e+00,6.902842163200000000e+10,3.272609628160000000e+12,7.570462226867675781e-01
3.630000000000000000e+02,2.167000000000000000e+03,5.040922607093816765e+01,1.883271834539073097e-01,1.000000000000000000e+00,8.831377408000000000e+10,3.447775821824000000e+12,4.181708395481109619e-01
3.803000000000000000e+03,6.230000000000000000e+02,3.410070537933464152e+02,7.142857142857142461e-02,2.390000000000000000e+02,5.174441920000000000e+08,2.259967344640000000e+11,1.706432849168777466e-01
7.090000000000000000e+02,2.465000000000000000e+03,3.690344555986105206e+02,6.666666666666666574e-02,2.090000000000000000e+02,2.049957632000000000e+09,2.796662620160000000e+11,2.703455984592437744e-01
3.660000000000000000e+03,4.600000000000000000e+02,5.434258279493258925e+01,1.963383631246505001e-01,7.500000000000000000e+01,9.171800064000000000e+09,7.418361282560000000e+11,1.302706003189086914e+00
1.648000000000000000e+03,3.692000000000000000e+03,6.213851596389574894e+01,1.897658566033678385e-01,9.700000000000000000e+01,2.464083968000000000e+09,5.523820380160000000e+11,3.607912957668304443e-01
2.339000000000000000e+03,2.449000000000000000e+03,5.480017317009898647e+01,2.000000000000000111e-01,1.600000000000000000e+01,3.099138048000000000e+10,1.294922940416000000e+12,4.591097354888916016e+00
1.193000000000000000e+03,1.702000000000000000e+03,5.953713898225569210e+02,1.176470588235294101e-01,1.180000000000000000e+02,4.714155008000000000e+09,4.329807544320000000e+11,7.848110198974609375e-01
6.120000000000000000e+02,2.592000000000000000e+03,6.688039501188845293e+01,9.722034684781695468e-02,4.100000000000000000e+01,3.039488614400000000e+10,1.064241790976000000e+12,7.708724141120910645e-01
9.200000000000000000e+02,6.100000000000000000e+01,9.083802579181951842e+01,1.422183388986658636e-01,2.000000000000000000e+00,4.836097638400000000e+10,5.956759453696000000e+12,4.612917602062225342e-01
3.274000000000000000e+03,1.279000000000000000e+03,3.859240602375925988e+01,1.976423537605237202e-01,1.440000000000000000e+02,2.995511040000000000e+09,3.637745745920000000e+11,7.464761734008789062e-01
1.652000000000000000e+03,3.016000000000000000e+03,9.041535928265412281e+01,1.490711984999859852e-01,1.610000000000000000e+02,1.813462784000000000e+09,3.086701363200000000e+11,3.963987231254577637e-01
3.095000000000000000e+03,1.075000000000000000e+03,1.593422117344735227e+02,9.722034684781695468e-02,4.700000000000000000e+01,2.149117542400000000e+10,1.025539571712000000e+12,2.488818407058715820e+00
2.727000000000000000e+03,2.467000000000000000e+03,5.797493879830573604e+01,1.437398936440172637e-01,5.300000000000000000e+01,1.131311718400000000e+10,9.541244682240000000e+11,1.090019583702087402e+00
9.240000000000000000e+02,4.720000000000000000e+02,8.695674558850186031e+01,1.538461538461538547e-01,9.000000000000000000e+00,2.194928844800000000e+10,1.422013628416000000e+12,3.583382368087768555e+00
3.813000000000000000e+03,2.194000000000000000e+03,1.186309444788859224e+02,1.030157507275425433e-01,5.000000000000000000e+00,6.303399526400000000e+10,3.637388771328000000e+12,2.569424629211425781e+00
2.638000000000000000e+03,3.077000000000000000e+03,5.471557964885496261e+01,1.994505484123890171e-01,1.500000000000000000e+01,3.527756185600000000e+10,1.735473496064000000e+12,1.871760040521621704e-01
1.145000000000000000e+03,3.899000000000000000e+03,5.890215228863906560e+01,1.490711984999859852e-01,8.000000000000000000e+00,3.991272652800000000e+10,2.224507322368000000e+12,9.772834777832031250e-01
2.391000000000000000e+03,2.546000000000000000e+03,8.217020064699168813e+01,1.963383631246505001e-01,2.300000000000000000e+01,1.991361945600000000e+10,7.920974561280000000e+11,1.786077260971069336e+00
3.494000000000000000e+03,3.185000000000000000e+03,1.099934175510976786e+02,1.802775637731994507e-01,7.200000000000000000e+01,1.264045465600000000e+10,6.807097835520000000e+11,5.790898799896240234e-01
4.120000000000000000e+02,3.361000000000000000e+03,8.573360566976808173e+01,1.538461538461538547e-01,3.000000000000000000e+02,6.761123200000000000e+08,1.850314096640000000e+11,1.175257489085197449e-01
3.517000000000000000e+03,2.192000000000000000e+03,6.089237404962198070e+02,8.838834764831844659e-02,1.900000000000000000e+02,2.307150592000000000e+09,3.480266670080000000e+11,2.627476155757904053e-01
2.044000000000000000e+03,1.499000000000000000e+03,8.020114890157232423e+01,1.767766952966368932e-01,1.170000000000000000e+02,4.141453568000000000e+09,3.299535093760000000e+11,1.914184540510177612e-01
3.200000000000000000e+03,3.797000000000000000e+03,2.097235836281867591e+02,1.178511301977579334e-01,3.100000000000000000e+01,1.797018828800000000e+10,1.127008960512000000e+12,9.884166121482849121e-01
2.160000000000000000e+02,9.000000000000000000e+02,6.459779348661132303e+01,7.692307692307692735e-02,3.100000000000000000e+02,4.837222720000000000e+08,1.678692352000000000e+11,1.754781417548656464e-02
3.073000000000000000e+03,2.413000000000000000e+03,6.163715043150262574e+01,1.874138920735300140e-01,2.000000000000000000e+01,2.138906214400000000e+10,9.160418918400000000e+11,6.593467593193054199e-01
2.140000000000000000e+03,1.480000000000000000e+03,3.500680270267090322e+01,1.490711984999859852e-01,1.940000000000000000e+02,8.222473600000000000e+08,2.805040742400000000e+11,9.123795479536056519e-02
1.063000000000000000e+03,1.230000000000000000e+02,2.229412448102614164e+01,1.490711984999859852e-01,1.660000000000000000e+02,1.370045440000000000e+09,2.645352611840000000e+11,2.215686142444610596e-01
3.201000000000000000e+03,1.938000000000000000e+03,7.591492101171313323e+01,1.488645855129573925e-01,1.130000000000000000e+02,7.726062080000000000e+09,5.761304494080000000e+11,5.950784087181091309e-01
2.400000000000000000e+03,1.310000000000000000e+03,6.575335278373283643e+01,1.335389361282958987e-01,2.100000000000000000e+01,3.967555993600000000e+10,1.669329846272000000e+12,7.246407270431518555e-01
2.915000000000000000e+03,3.660000000000000000e+02,7.475293220753594881e+01,1.597191412499849861e-01,2.600000000000000000e+02,8.427557120000000000e+08,2.263200563200000000e+11,1.667747050523757935e-01
3.785000000000000000e+03,2.084000000000000000e+03,9.888732443254683346e+01,1.000000000000000056e-01,3.700000000000000000e+01,6.925903872000000000e+09,6.656544604160000000e+11,6.811499595642089844e-01
4.870000000000000000e+02,1.817000000000000000e+03,3.495827278075756084e+01,4.166666666666666435e-02,1.400000000000000000e+01,2.384566476800000000e+10,1.169877762048000000e+12,1.326438903808593750e+00
1.440000000000000000e+02,3.253000000000000000e+03,1.024828174643538006e+02,1.923076923076923184e-01,2.600000000000000000e+01,1.438108057600000000e+10,1.427807535104000000e+12,3.526270389556884766e+00
6.160000000000000000e+02,3.761000000000000000e+03,9.016008304492338254e+01,1.538461538461538547e-01,2.400000000000000000e+01,4.572494233600000000e+10,1.500802318336000000e+12,4.620099544525146484e+00
3.035000000000000000e+03,1.479000000000000000e+03,4.833371847016351097e+01,2.000000000000000111e-01,1.710000000000000000e+02,1.038279296000000000e+09,2.857244098560000000e+11,5.369240045547485352e-01
1.802000000000000000e+03,1.761000000000000000e+03,5.331492537016865896e+01,8.333333333333332871e-02,3.310000000000000000e+02,5.589888000000000000e+08,1.546249994240000000e+11,9.391003102064132690e-02
3.860000000000000000e+03,1.360000000000000000e+03,6.784841312422034321e+01,1.600781059358212244e-01,0.000000000000000000e+00,7.301141299200000000e+10,5.371525595136000000e+12,3.230303525924682617e-01
1.142000000000000000e+03,3.895000000000000000e+03,7.571305437712035769e+01,7.453559924999299258e-02,8.000000000000000000e+00,3.991272652800000000e+10,2.224507322368000000e+12,9.772834777832031250e-01
2.360000000000000000e+02,1.141000000000000000e+03,7.741122571511067463e+01,1.374903330507991073e-01,5.700000000000000000e+01,8.470172672000000000e+09,9.695676334080000000e+11,1.448810100555419922e+00
2.613000000000000000e+03,8.880000000000000000e+02,2.229022475131649230e+02,8.333333333333332871e-02,3.430000000000000000e+02,4.670362560000000000e+08,1.352379514880000000e+11,9.790216572582721710e-03
3.201000000000000000e+03,3.802000000000000000e+03,2.081621834831924787e+02,1.767766952966368654e-01,3.100000000000000000e+01,1.797018828800000000e+10,1.127008960512000000e+12,9.884166121482849121e-01
2.255000000000000000e+03,1.116000000000000000e+03,5.198028257413167807e+01,8.000000000000000167e-02,3.800000000000000000e+01,2.731669299200000000e+10,1.339208237056000000e+12,0.000000000000000000e+00
1.051000000000000000e+03,6.640000000000000000e+02,7.902778104595795128e+01,1.597191412499849861e-01,2.760000000000000000e+02,2.121027584000000000e+09,2.094952775680000000e+11,4.893848598003387451e-01
2.757000000000000000e+03,3.675000000000000000e+03,8.687482922438178434e+01,1.490711984999859852e-01,1.290000000000000000e+02,1.944571648000000000e+09,2.719028346880000000e+11,3.264051377773284912e-01
3.777000000000000000e+03,1.961000000000000000e+03,9.972098170127998173e+01,1.490711984999859852e-01,2.120000000000000000e+02,7.961107840000000000e+08,2.616089149440000000e+11,1.231193840503692627e-01
3.431000000000000000e+03,2.520000000000000000e+03,2.789694917568738788e+02,9.428090415820634951e-02,2.020000000000000000e+02,1.624872064000000000e+09,2.780250112000000000e+11,4.750607609748840332e-01
1.939000000000000000e+03,3.876000000000000000e+03,6.715908836232199519e+01,1.567630989332169100e-01,5.200000000000000000e+01,3.828430028800000000e+10,1.034564075520000000e+12,0.000000000000000000e+00
1.171000000000000000e+03,1.006000000000000000e+03,1.129903920292582171e+02,1.285648693066450132e-01,3.380000000000000000e+02,5.003360640000000000e+08,1.124691230720000000e+11,7.298628240823745728e-02
7.660000000000000000e+02,1.554000000000000000e+03,1.845382646162057938e+02,9.428090415820634951e-02,2.160000000000000000e+02,1.974329472000000000e+09,2.626538045440000000e+11,2.617572844028472900e-01
2.472000000000000000e+03,3.116000000000000000e+03,1.145032558859366247e+02,1.758282590894063580e-01,7.000000000000000000e+00,4.260092313600000000e+10,2.118265864192000000e+12,1.421061873435974121e+00
3.583000000000000000e+03,1.176000000000000000e+03,3.048440849819887077e+01,1.111111111111111049e-01,6.000000000000000000e+00,4.993640448000000000e+10,1.631447547904000000e+12,2.750630855560302734e+00
1.074000000000000000e+03,9.300000000000000000e+02,5.013509442424320639e+01,1.976423537605237202e-01,1.920000000000000000e+02,3.406970880000000000e+09,3.373494763520000000e+11,3.758299946784973145e-01
2.724000000000000000e+03,1.569000000000000000e+03,7.856664371142865377e+01,2.000000000000000111e-01,1.850000000000000000e+02,5.017332224000000000e+09,3.059564871680000000e+11,8.744556903839111328e-01
3.876000000000000000e+03,1.991000000000000000e+03,9.906686107842257627e+01,1.716929178792375721e-01,6.500000000000000000e+01,1.248056729600000000e+10,7.399516405760000000e+11,2.149243831634521484e+00
2.582000000000000000e+03,2.270000000000000000e+02,4.324551742218766748e+01,1.428571428571428492e-01,2.420000000000000000e+02,4.223672320000000000e+08,2.294449438720000000e+11,4.048020020127296448e-02
1.260000000000000000e+02,2.325000000000000000e+03,1.179168424000665141e+02,1.386750490563072868e-01,1.000000000000000000e+01,1.996886425600000000e+10,1.406474911744000000e+12,1.505521297454833984e+00
3.814000000000000000e+03,2.197000000000000000e+03,6.165631206109872409e+01,1.737932151513776891e-01,5.000000000000000000e+00,6.303399526400000000e+10,3.637388771328000000e+12,2.569424629211425781e+00
1.922000000000000000e+03,3.050000000000000000e+03,9.502709645479653489e+01,1.397542485937368628e-01,1.630000000000000000e+02,4.056990720000000000e+09,3.779123281920000000e+11,1.363024413585662842e-01
3.617000000000000000e+03,3.969000000000000000e+03,3.238189550746205896e+02,4.347826086956521618e-02,4.400000000000000000e+01,1.617178419200000000e+10,1.029702746112000000e+12,1.566848874092102051e+00
3.590000000000000000e+02,2.161000000000000000e+03,8.952411476831606763e+01,6.576670522058204738e-02,1.000000000000000000e+00,8.831377408000000000e+10,3.447775821824000000e+12,4.181708395481109619e-01
3.854000000000000000e+03,1.351000000000000000e+03,1.060250369747816421e+02,1.274754878398196012e-01,0.000000000000000000e+00,7.301141299200000000e+10,5.371525595136000000e+12,3.230303525924682617e-01
2.393000000000000000e+03,2.540000000000000000e+03,1.350133759949330567e+02,1.064794274999899953e-01,2.300000000000000000e+01,1.991361945600000000e+10,7.920974561280000000e+11,1.786077260971069336e+00
1.620000000000000000e+03,5.600000000000000000e+01,6.613786197025879687e+01,1.315334104411640948e-01,1.260000000000000000e+02,4.513734144000000000e+09,4.525443645440000000e+11,9.953110814094543457e-01
3.617000000000000000e+03,3.965000000000000000e+03,9.455245230411928503e+01,1.792654619833765339e-01,4.400000000000000000e+01,1.617178419200000000e+10,1.029702746112000000e+12,1.566848874092102051e+00
9.250000000000000000e+02,5.800000000000000000e+01,1.685216936706065098e+02,6.898602743283391292e-02,2.000000000000000000e+00,4.836097638400000000e+10,5.956759453696000000e+12,4.612917602062225342e-01
1.771000000000000000e+03,1.608000000000000000e+03,2.536653158537282025e+02,1.176470588235294101e-01,1.380000000000000000e+02,2.455658496000000000e+09,4.106929438720000000e+11,1.264987438917160034e-01
3.194000000000000000e+03,1.266000000000000000e+03,2.795384333591468717e+01,1.720052290384453675e-01,3.020000000000000000e+02,3.371077120000000000e+08,1.820433285120000000e+11,5.045249313116073608e-02
3.360000000000000000e+02,1.476000000000000000e+03,1.122614097752464346e+01,1.724137931034482873e-01,1.700000000000000000e+01,5.264295936000000000e+10,2.150357925888000000e+12,1.609793305397033691e-01
3.268000000000000000e+03,2.771000000000000000e+03,9.549369161871742051e+01,1.374903330507991073e-01,2.800000000000000000e+01,1.262479360000000000e+10,1.088863928320000000e+12,7.823085188865661621e-01
3.857000000000000000e+03,1.350000000000000000e+03,8.972782191157921261e+01,1.581138830084189706e-01,0.000000000000000000e+00,7.301141299200000000e+10,5.371525595136000000e+12,3.230303525924682617e-01
1.172000000000000000e+03,2.450000000000000000e+02,3.560919507372926063e+01,1.242259987499883256e-01,1.330000000000000000e+02,3.402823424000000000e+09,4.583243120640000000e+11,4.153676033020019531e-01
2.648000000000000000e+03,3.081000000000000000e+03,5.359301420727534548e+01,1.994505484123890171e-01,1.500000000000000000e+01,3.527756185600000000e+10,1.735473496064000000e+12,1.871760040521621704e-01
2.972000000000000000e+03,4.100000000000000000e+01,1.157056954553613792e+02,1.851851851851851749e-01,1.100000000000000000e+01,3.576540364800000000e+10,1.680807821312000000e+12,2.075748682022094727e+00
1.168000000000000000e+03,2.470000000000000000e+02,5.479036916660883350e+01,1.242259987499883256e-01,1.330000000000000000e+02,3.402823424000000000e+09,4.583243120640000000e+11,4.153676033020019531e-01
2.249000000000000000e+03,1.114000000000000000e+03,2.302936974561605155e+01,1.788854381999831766e-01,3.800000000000000000e+01,2.731669299200000000e+10,1.339208237056000000e+12,0.000000000000000000e+00
6.290000000000000000e+02,4.990000000000000000e+02,1.957826680427438930e+02,5.882352941176470507e-02,1.510000000000000000e+02,1.992101248000000000e+09,4.080898211840000000e+11,6.955169886350631714e-02
3.859000000000000000e+03,1.360000000000000000e+03,6.829265735867735998e+01,1.414213562373095034e-01,0.000000000000000000e+00,7.301141299200000000e+10,5.371525595136000000e+12,3.230303525924682617e-01
2.726000000000000000e+03,2.468000000000000000e+03,1.183225161085306496e+02,9.090909090909091161e-02,5.300000000000000000e+01,1.131311718400000000e+10,9.541244682240000000e+11,1.090019583702087402e+00
1.259000000000000000e+03,3.924000000000000000e+03,4.757938818694826466e+01,1.720052290384453675e-01,2.700000000000000000e+01,4.451796172800000000e+10,1.408662896640000000e+12,3.526160120964050293e-01
2.761000000000000000e+03,1.428000000000000000e+03,2.188598802953378097e+01,1.666666666666666574e-01,3.140000000000000000e+02,3.868203520000000000e+08,1.621755658240000000e+11,4.999541863799095154e-02
3.292000000000000000e+03,6.370000000000000000e+02,7.000221787566611908e+01,1.087856586440842377e-01,2.890000000000000000e+02,4.774969280000000000e+08,1.903992668160000000e+11,2.638908661901950836e-02
6.980000000000000000e+02,9.330000000000000000e+02,4.512773666326137345e+01,1.490711984999859852e-01,1.960000000000000000e+02,2.349766656000000000e+09,3.092211630080000000e+11,1.835588216781616211e-01
3.813000000000000000e+03,1.263000000000000000e+03,6.153888851772524760e+01,1.863389981249824745e-01,2.580000000000000000e+02,3.662850880000000000e+08,1.533653319680000000e+11,5.041117593646049500e-02
2.890000000000000000e+03,3.525000000000000000e+03,1.247883957204213345e+02,1.961161351381840168e-01,2.500000000000000000e+01,2.538148249600000000e+10,1.442943729664000000e+12,1.294092535972595215e-01
3.970000000000000000e+02,8.120000000000000000e+02,1.008046448915019653e+02,1.963383631246505001e-01,7.100000000000000000e+01,1.033783398400000000e+10,7.907896852480000000e+11,7.018927931785583496e-01
2.385000000000000000e+03,3.833000000000000000e+03,9.292000712744035695e+01,1.333333333333333315e-01,2.190000000000000000e+02,1.670014080000000000e+09,2.785095843840000000e+11,1.740442365407943726e-01
3.680000000000000000e+02,3.312000000000000000e+03,4.065902665536224845e+02,1.052631578947368363e-01,4.600000000000000000e+01,1.400953139200000000e+10,6.190456504320000000e+11,1.350523829460144043e+00
1.711000000000000000e+03,1.662000000000000000e+03,1.041654958234890955e+02,1.437398936440172637e-01,1.300000000000000000e+01,1.214220800000000000e+10,8.739340288000000000e+11,1.179914355278015137e+00
3.083000000000000000e+03,1.573000000000000000e+03,4.326393638916497508e+01,1.720052290384453675e-01,3.150000000000000000e+02,5.846113920000000000e+08,1.710546124800000000e+11,3.108717687427997589e-02
1.273000000000000000e+03,1.803000000000000000e+03,7.774029213334532074e+01,1.178511301977579334e-01,3.600000000000000000e+01,1.450358067200000000e+10,1.097609969664000000e+12,1.465617537498474121e+00
2.163000000000000000e+03,2.608000000000000000e+03,1.948125569743510539e+02,9.722034684781695468e-02,4.800000000000000000e+01,2.004998963200000000e+10,9.887308840960000000e+11,1.277428388595581055e+00
3.520000000000000000e+02,3.394000000000000000e+03,1.807061541260890465e+02,1.052631578947368363e-01,1.110000000000000000e+02,5.865623040000000000e+09,5.513145876480000000e+11,2.487920820713043213e-01
3.273000000000000000e+03,3.291000000000000000e+03,5.299598093121069269e+02,9.375000000000000000e-02,4.000000000000000000e+00,4.576543129600000000e+10,2.901718335488000000e+12,1.090228271484375000e+01
2.166000000000000000e+03,2.611000000000000000e+03,2.359961429029713429e+02,9.722034684781695468e-02,4.800000000000000000e+01,2.004998963200000000e+10,9.887308840960000000e+11,1.277428388595581055e+00
2.150000000000000000e+02,8.990000000000000000e+02,5.483048447386136104e+01,1.720052290384453675e-01,3.100000000000000000e+02,4.837222720000000000e+08,1.678692352000000000e+11,1.754781417548656464e-02
2.221000000000000000e+03,3.061000000000000000e+03,6.914944917360122645e+01,1.567630989332169100e-01,1.200000000000000000e+01,3.063368704000000000e+10,1.071789244416000000e+12,1.678610682487487793e+00
3.096000000000000000e+03,1.079000000000000000e+03,3.494454676395015724e+01,1.844626385704036808e-01,4.700000000000000000e+01,2.149117542400000000e+10,1.025539571712000000e+12,2.488818407058715820e+00
1.146000000000000000e+03,1.377000000000000000e+03,5.809798932041175590e+01,1.818181818181818232e-01,3.450000000000000000e+02,3.319210880000000000e+08,1.152916848640000000e+11,3.565173968672752380e-02
3.020000000000000000e+03,5.630000000000000000e+02,4.339419591517809494e+01,1.756820922315766309e-01,1.220000000000000000e+02,6.462716928000000000e+09,4.743136870400000000e+11,2.938182950019836426e-01
1.462000000000000000e+03,2.697000000000000000e+03,8.385743632941529313e+01,9.428090415820634951e-02,2.280000000000000000e+02,7.762957440000000000e+08,2.579108659200000000e+11,2.493864148855209351e-01
1.070000000000000000e+03,9.340000000000000000e+02,5.867839281736235790e+01,1.976423537605237202e-01,1.920000000000000000e+02,3.406970880000000000e+09,3.373494763520000000e+11,3.758299946784973145e-01
6.130000000000000000e+02,9.260000000000000000e+02,1.993637861126109101e+01,1.414213562373095034e-01,9.900000000000000000e+01,1.845776793600000000e+10,6.941362094080000000e+11,0.000000000000000000e+00
6.290000000000000000e+02,4.960000000000000000e+02,8.362062290342943527e+01,1.860163329510811370e-01,1.510000000000000000e+02,1.992101248000000000e+09,4.080898211840000000e+11,6.955169886350631714e-02
6.230000000000000000e+02,3.762000000000000000e+03,9.611321564101864112e+01,1.216260638526299870e-01,2.400000000000000000e+01,4.572494233600000000e+10,1.500802318336000000e+12,4.620099544525146484e+00
2.468000000000000000e+03,2.289000000000000000e+03,1.465742908059782224e+02,1.397542485937368628e-01,1.740000000000000000e+02,2.748058880000000000e+09,3.761774592000000000e+11,2.325160354375839233e-01
9.200000000000000000e+02,4.710000000000000000e+02,6.896143776284013427e+01,1.923076923076923184e-01,9.000000000000000000e+00,2.194928844800000000e+10,1.422013628416000000e+12,3.583382368087768555e+00
2.164000000000000000e+03,2.610000000000000000e+03,1.009640725331271653e+02,6.148754619013457184e-02,4.800000000000000000e+01,2.004998963200000000e+10,9.887308840960000000e+11,1.277428388595581055e+00
2.614000000000000000e+03,8.890000000000000000e+02,8.048508137117578087e+01,8.333333333333332871e-02,3.430000000000000000e+02,4.670362560000000000e+08,1.352379514880000000e+11,9.790216572582721710e-03
2.450000000000000000e+03,1.597000000000000000e+03,1.056182012795431433e+02,1.010152544552210818e-01,2.290000000000000000e+02,1.433138432000000000e+09,2.458848624640000000e+11,1.181099116802215576e-01
3.254000000000000000e+03,1.011000000000000000e+03,5.945092391891105876e+01,1.490711984999859852e-01,2.060000000000000000e+02,1.361531776000000000e+09,2.695304806400000000e+11,3.313000202178955078e-01
2.777000000000000000e+03,3.282000000000000000e+03,1.776376508113416435e+02,1.064794274999899953e-01,6.200000000000000000e+01,1.213782118400000000e+10,7.476529725440000000e+11,1.117016077041625977e+00
2.419000000000000000e+03,2.663000000000000000e+03,7.452098768892314240e+01,5.882352941176470507e-02,1.480000000000000000e+02,1.149997056000000000e+09,4.166995148800000000e+11,1.336990147829055786e-01
3.099000000000000000e+03,3.175000000000000000e+03,1.921807474405185303e+02,1.538461538461538547e-01,1.550000000000000000e+02,1.548637440000000000e+09,1.975964794880000000e+11,3.172023296356201172e-01
3.142000000000000000e+03,9.950000000000000000e+02,5.671816207608724625e+01,1.756820922315766309e-01,9.300000000000000000e+01,4.418263040000000000e+09,4.843336171520000000e+11,1.032378077507019043e+00
1.460000000000000000e+03,2.697000000000000000e+03,6.258177538661778527e+01,9.428090415820634951e-02,2.280000000000000000e+02,7.762957440000000000e+08,2.579108659200000000e+11,2.493864148855209351e-01
1.140000000000000000e+03,3.901000000000000000e+03,4.263843348739490580e+01,1.374368541872553473e-01,8.000000000000000000e+00,3.991272652800000000e+10,2.224507322368000000e+12,9.772834777832031250e-01
1.414000000000000000e+03,1.422000000000000000e+03,8.902775073183283894e+01,5.882352941176470507e-02,1.520000000000000000e+02,4.673288192000000000e+09,3.888040181760000000e+11,1.391681879758834839e-01
4.880000000000000000e+02,8.320000000000000000e+02,1.135016456900152519e+02,1.716929178792375721e-01,4.900000000000000000e+01,7.905716224000000000e+09,7.715926179840000000e+11,2.006682634353637695e+00
2.392000000000000000e+03,9.180000000000000000e+02,4.693911841693313391e+01,2.000000000000000111e-01,2.040000000000000000e+02,2.069250304000000000e+09,3.103355699200000000e+11,2.170622348785400391e-01
3.089000000000000000e+03,3.608000000000000000e+03,8.390373594688493597e+01,1.785714285714285754e-01,1.800000000000000000e+01,4.353104691200000000e+10,1.882279772160000000e+12,3.471975401043891907e-02
1.074000000000000000e+03,3.210000000000000000e+02,5.303592287295327168e+01,1.885618083164126990e-01,2.330000000000000000e+02,6.209496320000000000e+08,2.893950812160000000e+11,1.476807296276092529e-01
1.621000000000000000e+03,2.504000000000000000e+03,9.755772156790541771e+01,1.250000000000000000e-01,1.930000000000000000e+02,3.885696512000000000e+09,3.168796016640000000e+11,5.713110417127609253e-02
2.644000000000000000e+03,3.084000000000000000e+03,1.623836877602590505e+02,1.888525745775105347e-01,1.500000000000000000e+01,3.527756185600000000e+10,1.735473496064000000e+12,1.871760040521621704e-01
1.621000000000000000e+03,2.507000000000000000e+03,6.586548460483308531e+01,6.250000000000000000e-02,1.930000000000000000e+02,3.885696512000000000e+09,3.168796016640000000e+11,5.713110417127609253e-02
3.678000000000000000e+03,2.874000000000000000e+03,2.435889552643598677e+01,1.697056274847713875e-01,3.300000000000000000e+01,2.596919091200000000e+10,1.392400793600000000e+12,4.729880765080451965e-02
8.380000000000000000e+02,4.350000000000000000e+02,8.842531286152764380e+01,2.000000000000000111e-01,7.700000000000000000e+01,9.925042176000000000e+09,7.026825625600000000e+11,1.432763218879699707e+00
1.262000000000000000e+03,3.923000000000000000e+03,6.916413810406010043e+01,1.216260638526299870e-01,2.700000000000000000e+01,4.451796172800000000e+10,1.408662896640000000e+12,3.526160120964050293e-01
4.150000000000000000e+02,1.360000000000000000e+03,7.146209377133814655e+01,1.860163329510811370e-01,3.000000000000000000e+00,6.902842163200000000e+10,3.272609628160000000e+12,7.570462226867675781e-01
3.540000000000000000e+02,6.260000000000000000e+02,3.087031571001616470e+01,2.000000000000000111e-01,6.900000000000000000e+01,2.519118848000000000e+09,6.528198901760000000e+11,4.075180888175964355e-01
3.556000000000000000e+03,1.402000000000000000e+03,7.979181622613117497e+01,1.875000000000000000e-01,1.730000000000000000e+02,2.307132928000000000e+09,3.346703646720000000e+11,1.729831695556640625e-01
6.160000000000000000e+02,3.758000000000000000e+03,5.810326725036895823e+02,1.923076923076923184e-01,2.400000000000000000e+01,4.572494233600000000e+10,1.500802318336000000e+12,4.620099544525146484e+00
3.772000000000000000e+03,1.260000000000000000e+03,2.726797362824771085e+02,9.090909090909091161e-02,6.100000000000000000e+01,1.627101593600000000e+10,8.702694522880000000e+11,3.920187950134277344e+00
3.151000000000000000e+03,3.952000000000000000e+03,6.504513634427483737e+01,1.250000000000000000e-01,2.170000000000000000e+02,5.120787200000000000e+08,3.151246131200000000e+11,2.553134262561798096e-01
1.494000000000000000e+03,1.687000000000000000e+03,4.154987389518002061e+01,1.863389981249824745e-01,3.110000000000000000e+02,7.309690240000000000e+08,1.309064232960000000e+11,7.439114153385162354e-02
6.180000000000000000e+02,3.764000000000000000e+03,7.971035895301933749e+01,1.386750490563072868e-01,2.400000000000000000e+01,4.572494233600000000e+10,1.500802318336000000e+12,4.620099544525146484e+00
7.110000000000000000e+02,2.466000000000000000e+03,8.141614182259293386e+01,9.428090415820634951e-02,2.090000000000000000e+02,2.049957632000000000e+09,2.796662620160000000e+11,2.703455984592437744e-01
2.044000000000000000e+03,3.783000000000000000e+03,8.365340928092017236e+01,1.720052290384453675e-01,2.790000000000000000e+02,1.571220736000000000e+09,1.889293598720000000e+11,2.064283639192581177e-01
1.309000000000000000e+03,1.393000000000000000e+03,9.376591069249256805e+01,1.581138830084189706e-01,3.400000000000000000e+01,1.266510643200000000e+10,7.028321812480000000e+11,3.640272617340087891e-01
3.402000000000000000e+03,9.820000000000000000e+02,1.309048502612967297e+02,7.142857142857142461e-02,2.440000000000000000e+02,9.381701760000000000e+08,2.411223777280000000e+11,1.813671588897705078e-01
3.166000000000000000e+03,9.000000000000000000e+02,5.375995405348358958e+01,1.716929178792375721e-01,7.900000000000000000e+01,9.350776832000000000e+09,7.296368640000000000e+11,6.641222238540649414e-01
4.920000000000000000e+02,3.677000000000000000e+03,4.982077386271419783e+01,1.571348402636772446e-01,3.580000000000000000e+02,3.749651840000000000e+08,6.233037619200000000e+10,9.068169631063938141e-03
1.400000000000000000e+02,3.247000000000000000e+03,1.732808851155121488e+02,1.153846153846153910e-01,2.600000000000000000e+01,1.438108057600000000e+10,1.427807535104000000e+12,3.526270389556884766e+00
2.150000000000000000e+02,9.030000000000000000e+02,1.911789549267133381e+01,1.720052290384453675e-01,3.100000000000000000e+02,4.837222720000000000e+08,1.678692352000000000e+11,1.754781417548656464e-02
3.151000000000000000e+03,3.949000000000000000e+03,4.382994586667177828e+02,6.250000000000000000e-02,2.170000000000000000e+02,5.120787200000000000e+08,3.151246131200000000e+11,2.553134262561798096e-01
1.316000000000000000e+03,2.833000000000000000e+03,2.866631452938300129e+01,1.087856586440842377e-01,2.620000000000000000e+02,3.926612800000000000e+08,2.037588623360000000e+11,7.410188764333724976e-02
1.070000000000000000e+03,3.170000000000000000e+02,7.151966161223249685e+01,1.885618083164126990e-01,2.330000000000000000e+02,6.209496320000000000e+08,2.893950812160000000e+11,1.476807296276092529e-01
3.610000000000000000e+02,2.169000000000000000e+03,4.603933486645466644e+01,1.973001156617461560e-01,1.000000000000000000e+00,8.831377408000000000e+10,3.447775821824000000e+12,4.181708395481109619e-01
1.943000000000000000e+03,3.877000000000000000e+03,4.417068787827847842e+01,1.944406936956339094e-01,5.200000000000000000e+01,3.828430028800000000e+10,1.034564075520000000e+12,0.000000000000000000e+00
1.005000000000000000e+03,1.277000000000000000e+03,9.217921226388074274e+01,1.875000000000000000e-01,1.720000000000000000e+02,2.377929984000000000e+09,3.280464117760000000e+11,2.886517047882080078e-01
1.624000000000000000e+03,1.608000000000000000e+03,2.380578557237543080e+01,1.756820922315766309e-01,1.120000000000000000e+02,4.358597632000000000e+09,5.040958341120000000e+11,4.804726839065551758e-01
1.768000000000000000e+03,1.275000000000000000e+03,3.047665204555129392e+01,1.764705882352941291e-01,1.320000000000000000e+02,4.678830592000000000e+09,4.214285598720000000e+11,3.574668765068054199e-01
8.100000000000000000e+02,1.472000000000000000e+03,9.538192800572844021e+01,1.118033988749894958e-01,9.100000000000000000e+01,3.535630080000000000e+09,6.492895313920000000e+11,8.669794797897338867e-01
7.430000000000000000e+02,3.027000000000000000e+03,1.235373810230036895e+02,1.242259987499883256e-01,1.350000000000000000e+02,3.606882304000000000e+09,4.865386741760000000e+11,4.158747792243957520e-01
3.270000000000000000e+03,3.294000000000000000e+03,2.842360067214946184e+02,9.375000000000000000e-02,4.000000000000000000e+00,4.576543129600000000e+10,2.901718335488000000e+12,1.090228271484375000e+01
2.159000000000000000e+03,1.547000000000000000e+03,8.609913461312483207e+01,1.397542485937368628e-01,1.690000000000000000e+02,3.334616320000000000e+09,3.723537285120000000e+11,9.473653435707092285e-01
1.951000000000000000e+03,3.914000000000000000e+03,1.312152188208820860e+02,9.428090415820634951e-02,1.860000000000000000e+02,9.393569920000000000e+08,2.994678333440000000e+11,8.796782791614532471e-02
6.510000000000000000e+02,3.902000000000000000e+03,2.104678709267108729e+02,1.428571428571428492e-01,1.880000000000000000e+02,6.476391680000000000e+08,2.439948533760000000e+11,3.397938311100006104e-01
9.700000000000000000e+01,1.335000000000000000e+03,1.333835836757703248e+02,1.944406936956339094e-01,5.000000000000000000e+01,1.556661555200000000e+10,9.990592266240000000e+11,1.033417701721191406e+00
5.300000000000000000e+02,1.734000000000000000e+03,2.708155248306671297e+02,5.000000000000000278e-02,8.500000000000000000e+01,1.334152294400000000e+10,6.413754040320000000e+11,2.690244674682617188e+00
1.752000000000000000e+03,2.635000000000000000e+03,8.887416286907489393e+01,1.664356663246515655e-01,1.100000000000000000e+02,5.270673408000000000e+09,5.406609571840000000e+11,2.526594698429107666e-01
3.979000000000000000e+03,2.590000000000000000e+03,7.147532388388950153e+01,1.315334104411640948e-01,1.640000000000000000e+02,2.869155584000000000e+09,3.821064683520000000e+11,7.292455434799194336e-01
1.416000000000000000e+03,1.419000000000000000e+03,9.266506346094466551e+01,1.663780661615406053e-01,1.520000000000000000e+02,4.673288192000000000e+09,3.888040181760000000e+11,1.391681879758834839e-01
3.078000000000000000e+03,3.263000000000000000e+03,2.124030924145537824e+02,1.397542485937368628e-01,1.340000000000000000e+02,7.659243520000000000e+08,3.657010708480000000e+11,2.813197076320648193e-01
1.375000000000000000e+03,1.986000000000000000e+03,8.858801259200035361e+01,2.000000000000000111e-01,3.560000000000000000e+02,1.240972416000000000e+09,7.389713203200000000e+10,6.522073876112699509e-03
2.470000000000000000e+03,3.115000000000000000e+03,2.393421218148089338e+02,1.243293543263444545e-01,7.000000000000000000e+00,4.260092313600000000e+10,2.118265864192000000e+12,1.421061873435974121e+00
2.348000000000000000e+03,3.117000000000000000e+03,3.387400422646947362e+01,1.571348402636772446e-01,1.210000000000000000e+02,7.143699968000000000e+09,4.740812636160000000e+11,4.700884819030761719e-01
3.158000000000000000e+03,2.940000000000000000e+03,1.186521061205968266e+02,7.692307692307692735e-02,2.980000000000000000e+02,3.785439360000000000e+08,1.740825067520000000e+11,8.881265670061111450e-02
2.973000000000000000e+03,4.300000000000000000e+01,1.469991302036108038e+02,1.171213948210510919e-01,1.100000000000000000e+01,3.576540364800000000e+10,1.680807821312000000e+12,2.075748682022094727e+00
2.175000000000000000e+03,1.110000000000000000e+02,2.642137048385978346e+02,9.316949906249123725e-02,4.000000000000000000e+01,2.409143500800000000e+10,1.124034150400000000e+12,1.411813020706176758e+00
3.584000000000000000e+03,1.172000000000000000e+03,2.893206604362456957e+01,1.656346649999844434e-01,6.000000000000000000e+00,4.993640448000000000e+10,1.631447547904000000e+12,2.750630855560302734e+00
1.941000000000000000e+03,3.877000000000000000e+03,4.575970870268631785e+01,1.739130434782608647e-01,5.200000000000000000e+01,3.828430028800000000e+10,1.034564075520000000e+12,0.000000000000000000e+00
3.940000000000000000e+02,8.160000000000000000e+02,6.060043863693758937e+01,1.904761904761904656e-01,7.100000000000000000e+01,1.033783398400000000e+10,7.907896852480000000e+11,7.018927931785583496e-01
3.166000000000000000e+03,9.040000000000000000e+02,7.542246221464417033e+01,1.716929178792375721e-01,7.900000000000000000e+01,9.350776832000000000e+09,7.296368640000000000e+11,6.641222238540649414e-01
1.822000000000000000e+03,2.209000000000000000e+03,9.513222225847735558e+01,7.142857142857142461e-02,2.410000000000000000e+02,6.423651200000000000e+08,2.507693752320000000e+11,9.978354722261428833e-02
1.370000000000000000e+02,3.249000000000000000e+03,1.441188987663064438e+02,1.216260638526299870e-01,2.600000000000000000e+01,1.438108057600000000e+10,1.427807535104000000e+12,3.526270389556884766e+00
9.670000000000000000e+02,2.620000000000000000e+03,6.709983161857766731e+01,1.897658566033678385e-01,8.800000000000000000e+01,5.297309696000000000e+09,5.749003386880000000e+11,1.700879216194152832e+00
1.589000000000000000e+03,3.173000000000000000e+03,2.621463121973619081e+01,1.863389981249824745e-01,3.470000000000000000e+02,3.555295680000000000e+08,1.387580620800000000e+11,0.000000000000000000e+00
9.210000000000000000e+02,5.100000000000000000e+01,5.504823602406545291e+01,1.313454831008415424e-01,2.000000000000000000e+00,4.836097638400000000e+10,5.956759453696000000e+12,4.612917602062225342e-01
2.388000000000000000e+03,2.541000000000000000e+03,2.150476928728517692e+02,1.963383631246505001e-01,2.300000000000000000e+01,1.991361945600000000e+10,7.920974561280000000e+11,1.786077260971069336e+00
2.401000000000000000e+03,1.307000000000000000e+03,7.000898835488985128e+01,8.281733249999222168e-02,2.100000000000000000e+01,3.967555993600000000e+10,1.669329846272000000e+12,7.246407270431518555e-01
2.289000000000000000e+03,1.186000000000000000e+03,6.133621329332422079e+01,1.720052290384453675e-01,2.740000000000000000e+02,5.024897280000000000e+08,1.785749667840000000e+11,4.372858628630638123e-02
3.043000000000000000e+03,3.392000000000000000e+03,2.668470033625377269e+01,6.148754619013457184e-02,5.100000000000000000e+01,2.175456870400000000e+10,9.791455232000000000e+11,0.000000000000000000e+00
1.623000000000000000e+03,1.608000000000000000e+03,2.700080010773025307e+01,1.666666666666666574e-01,1.120000000000000000e+02,4.358597632000000000e+09,5.040958341120000000e+11,4.804726839065551758e-01
2.207000000000000000e+03,3.084000000000000000e+03,9.766907664668457301e+01,1.666666666666666574e-01,3.390000000000000000e+02,7.090938240000000000e+08,1.408466124800000000e+11,1.572182215750217438e-02
3.880000000000000000e+03,1.992000000000000000e+03,4.369955240832229038e+02,6.734350297014739251e-02,6.500000000000000000e+01,1.248056729600000000e+10,7.399516405760000000e+11,2.149243831634521484e+00
8.390000000000000000e+02,4.370000000000000000e+02,3.123785088438896764e+02,1.118033988749894958e-01,7.700000000000000000e+01,9.925042176000000000e+09,7.026825625600000000e+11,1.432763218879699707e+00
3.580000000000000000e+02,2.163000000000000000e+03,6.488116725335353294e+02,0.000000000000000000e+00,1.000000000000000000e+00,8.831377408000000000e+10,3.447775821824000000e+12,4.181708395481109619e-01
8.770000000000000000e+02,1.448000000000000000e+03,6.977814937130702333e+01,1.885618083164126990e-01,1.680000000000000000e+02,8.116872320000000000e+08,3.029185986560000000e+11,2.076815217733383179e-01
2.805000000000000000e+03,2.432000000000000000e+03,4.743945956194044555e+01,1.490711984999859852e-01,2.110000000000000000e+02,1.372552576000000000e+09,2.953143582720000000e+11,3.066765964031219482e-01
3.515000000000000000e+03,2.192000000000000000e+03,2.138058678082023789e+01,1.976423537605237202e-01,1.900000000000000000e+02,2.307150592000000000e+09,3.480266670080000000e+11,2.627476155757904053e-01
3.674000000000000000e+03,1.161000000000000000e+03,2.549912924087378201e+02,1.756820922315766309e-01,1.030000000000000000e+02,4.909637632000000000e+09,5.050224476160000000e+11,1.168877959251403809e+00
2.400000000000000000e+02,1.139000000000000000e+03,8.442483422851036323e+01,1.374903330507991073e-01,5.700000000000000000e+01,8.470172672000000000e+09,9.695676334080000000e+11,1.448810100555419922e+00
1.270000000000000000e+03,1.449000000000000000e+03,5.605035472689144171e+02,0.000000000000000000e+00,3.090000000000000000e+02,3.922811840000000000e+08,1.094750945280000000e+11,3.782335668802261353e-02
2.062000000000000000e+03,3.999000000000000000e+03,7.418382264973166684e+01,1.720052290384453675e-01,1.780000000000000000e+02,3.707405120000000000e+08,1.698027438080000000e+11,1.132679879665374756e-01
3.449000000000000000e+03,2.858000000000000000e+03,2.037721002665453227e+02,1.578947368421052544e-01,6.600000000000000000e+01,5.837941760000000000e+09,6.081861386240000000e+11,1.099951863288879395e+00
1.695000000000000000e+03,1.998000000000000000e+03,7.159562141551511161e+01,1.863389981249824745e-01,3.160000000000000000e+02,3.948845120000000000e+08,1.476823613440000000e+11,5.348441191017627716e-03
9.420000000000000000e+02,3.725000000000000000e+03,1.782359055954322002e+02,1.488645855129573925e-01,8.700000000000000000e+01,7.962043904000000000e+09,6.099624919040000000e+11,7.106984853744506836e-01
2.620000000000000000e+02,1.294000000000000000e+03,5.565080288286343091e+01,1.597191412499849861e-01,2.340000000000000000e+02,3.983031040000000000e+09,2.327531520000000000e+11,1.931601017713546753e-01
1.951000000000000000e+03,1.590000000000000000e+03,8.986680623260143363e+01,1.490711984999859852e-01,2.230000000000000000e+02,1.263835520000000000e+09,2.617083985920000000e+11,2.692348361015319824e-01
2.338000000000000000e+03,2.441000000000000000e+03,9.193725297085103421e+01,1.788854381999831766e-01,1.600000000000000000e+01,3.099138048000000000e+10,1.294922940416000000e+12,4.591097354888916016e+00
3.277000000000000000e+03,1.277000000000000000e+03,2.073247258796227470e+02,1.875000000000000000e-01,1.440000000000000000e+02,2.995511040000000000e+09,3.637745745920000000e+11,7.464761734008789062e-01
7.440000000000000000e+02,3.027000000000000000e+03,8.699318995717996472e+01,1.111111111111111049e-01,1.350000000000000000e+02,3.606882304000000000e+09,4.865386741760000000e+11,4.158747792243957520e-01
3.340000000000000000e+02,1.473000000000000000e+03,1.163768276142489810e+01,1.758282590894063580e-01,1.700000000000000000e+01,5.264295936000000000e+10,2.150357925888000000e+12,1.609793305397033691e-01
3.550000000000000000e+02,2.159000000000000000e+03,5.379176914839983681e+01,1.470588235294117696e-01,1.000000000000000000e+00,8.831377408000000000e+10,3.447775821824000000e+12,4.181708395481109619e-01
3.390000000000000000e+03,3.864000000000000000e+03,5.150644236170915491e+01,1.597191412499849861e-01,2.300000000000000000e+02,1.801585536000000000e+09,2.514149212160000000e+11,2.484616637229919434e-01
8.070000000000000000e+02,1.471000000000000000e+03,3.892938298179147978e+02,1.118033988749894958e-01,9.100000000000000000e+01,3.535630080000000000e+09,6.492895313920000000e+11,8.669794797897338867e-01
3.973000000000000000e+03,2.416000000000000000e+03,1.919621887678751904e+01,1.863389981249824745e-01,4.500000000000000000e+01,2.933959884800000000e+10,1.161086107648000000e+12,0.000000000000000000e+00
3.815000000000000000e+03,1.264000000000000000e+03,6.495321912757925986e+01,1.666666666666666574e-01,2.580000000000000000e+02,3.662850880000000000e+08,1.533653319680000000e+11,5.041117593646049500e-02
2.520000000000000000e+03,1.011000000000000000e+03,5.395416013489585083e+01,1.472537723434878820e-01,1.900000000000000000e+01,3.211539865600000000e+10,1.839924903936000000e+12,4.858803153038024902e-01
1.302000000000000000e+03,2.004000000000000000e+03,3.569630258284779529e+02,1.374903330507991073e-01,4.200000000000000000e+01,1.348992307200000000e+10,1.067025235968000000e+12,3.646400213241577148e+00
3.074000000000000000e+03,2.407000000000000000e+03,1.819329827346783759e+02,9.090909090909091161e-02,2.000000000000000000e+01,2.138906214400000000e+10,9.160418918400000000e+11,6.593467593193054199e-01
2.757000000000000000e+03,3.673000000000000000e+03,1.182396103415359363e+02,1.490711984999859852e-01,1.290000000000000000e+02,1.944571648000000000e+09,2.719028346880000000e+11,3.264051377773284912e-01
3.797000000000000000e+03,2.647000000000000000e+03,1.528327162227817553e+02,0.000000000000000000e+00,2.320000000000000000e+02,1.347878528000000000e+09,2.471929282560000000e+11,1.529861688613891602e-01
1.370000000000000000e+02,3.246000000000000000e+03,1.231884997424672150e+02,1.923076923076923184e-01,2.600000000000000000e+01,1.438108057600000000e+10,1.427807535104000000e+12,3.526270389556884766e+00
3.202000000000000000e+03,1.941000000000000000e+03,3.516958676262889867e+02,7.443229275647869625e-02,1.130000000000000000e+02,7.726062080000000000e+09,5.761304494080000000e+11,5.950784087181091309e-01
2.013000000000000000e+03,3.989000000000000000e+03,3.152276565639639472e+01,1.285648693066450132e-01,5.800000000000000000e+01,1.764974796800000000e+10,9.503931760640000000e+11,1.640438556671142578e+00
2.167000000000000000e+03,2.613000000000000000e+03,8.709359065694337687e+01,1.944406936956339094e-01,4.800000000000000000e+01,2.004998963200000000e+10,9.887308840960000000e+11,1.277428388595581055e+00
6.220000000000000000e+02,3.762000000000000000e+03,1.017296125181160988e+02,8.600261451922268374e-02,2.400000000000000000e+01,4.572494233600000000e+10,1.500802318336000000e+12,4.620099544525146484e+00
1.271000000000000000e+03,1.801000000000000000e+03,9.810427032460972896e+01,1.666666666666666574e-01,3.600000000000000000e+01,1.450358067200000000e+10,1.097609969664000000e+12,1.465617537498474121e+00
1.461000000000000000e+03,2.893000000000000000e+03,2.033833607425294474e+02,6.666666666666666574e-02,1.990000000000000000e+02,1.217136768000000000e+09,2.727443988480000000e+11,1.342078447341918945e-01
1.563000000000000000e+03,4.230000000000000000e+02,8.207340505344195947e+01,1.428571428571428492e-01,2.460000000000000000e+02,6.425163520000000000e+08,2.422428467200000000e+11,1.008660122752189636e-01
2.916000000000000000e+03,3.650000000000000000e+02,1.538197315066462352e+02,7.142857142857142461e-02,2.600000000000000000e+02,8.427557120000000000e+08,2.263200563200000000e+11,1.667747050523757935e-01
3.420000000000000000e+02,1.471000000000000000e+03,3.658015676931944427e+01,1.090440572471854941e-01,1.700000000000000000e+01,5.264295936000000000e+10,2.150357925888000000e+12,1.609793305397033691e-01
2.646000000000000000e+03,3.075000000000000000e+03,7.437254355802056693e+01,1.851851851851851749e-01,1.500000000000000000e+01,3.527756185600000000e+10,1.735473496064000000e+12,1.871760040521621704e-01
1.407000000000000000e+03,1.438000000000000000e+03,9.641015172748224415e+01,1.087856586440842377e-01,3.060000000000000000e+02,3.563017920000000000e+08,1.718765486080000000e+11,4.105625301599502563e-02
2.015000000000000000e+03,3.987000000000000000e+03,4.190519107305507873e+01,1.818181818181818232e-01,5.800000000000000000e+01,1.764974796800000000e+10,9.503931760640000000e+11,1.640438556671142578e+00
2.122000000000000000e+03,2.922000000000000000e+03,1.577681254256038130e+02,1.490711984999859852e-01,1.800000000000000000e+02,5.667555840000000000e+09,2.846418862080000000e+11,1.204462528228759766e+00
3.681000000000000000e+03,2.873000000000000000e+03,2.343400811246679893e+01,1.600000000000000033e-01,3.300000000000000000e+01,2.596919091200000000e+10,1.392400793600000000e+12,4.729880765080451965e-02
2.733000000000000000e+03,2.724000000000000000e+03,4.124155812433919976e+01,1.597191412499849861e-01,2.310000000000000000e+02,1.039507904000000000e+09,2.160468295680000000e+11,1.857722848653793335e-01
1.876000000000000000e+03,1.486000000000000000e+03,2.756877480285524840e+01,1.597191412499849861e-01,2.690000000000000000e+02,1.238931328000000000e+09,2.126970224640000000e+11,2.752779722213745117e-01
2.072000000000000000e+03,2.842000000000000000e+03,3.942416043320138783e+02,1.000000000000000056e-01,6.800000000000000000e+01,1.048354918400000000e+10,7.046033571840000000e+11,8.116820454597473145e-01
1.940000000000000000e+03,3.873000000000000000e+03,1.872636873419440207e+01,4.347826086956521618e-02,5.200000000000000000e+01,3.828430028800000000e+10,1.034564075520000000e+12,0.000000000000000000e+00
3.171000000000000000e+03,2.680000000000000000e+03,4.454976466224060516e+01,1.885618083164126990e-01,2.540000000000000000e+02,9.485489280000000000e+08,2.663671562240000000e+11,1.101500093936920166e-01
3.272000000000000000e+03,3.299000000000000000e+03,3.399488319686633417e+02,1.593443597997745154e-01,4.000000000000000000e+00,4.576543129600000000e+10,2.901718335488000000e+12,1.090228271484375000e+01
3.555000000000000000e+03,3.418000000000000000e+03,5.161540135838882293e+01,1.756820922315766309e-01,1.360000000000000000e+02,5.107780096000000000e+09,4.809077555200000000e+11,6.091393232345581055e-01
3.082000000000000000e+03,2.315000000000000000e+03,7.131901608413042482e+01,1.720052290384453675e-01,2.840000000000000000e+02,9.221276160000000000e+08,2.000557342720000000e+11,6.525847315788269043e-02
1.361000000000000000e+03,8.010000000000000000e+02,6.762190929007206819e+01,2.000000000000000111e-01,2.350000000000000000e+02,9.059889920000000000e+08,2.646524887040000000e+11,1.314550936222076416e-01
1.141000000000000000e+03,3.903000000000000000e+03,3.061068097417398803e+01,2.000000000000000111e-01,8.000000000000000000e+00,3.991272652800000000e+10,2.224507322368000000e+12,9.772834777832031250e-01
1.571000000000000000e+03,2.414000000000000000e+03,5.610735718277580020e+01,1.716929178792375721e-01,7.000000000000000000e+01,3.691625984000000000e+09,7.435327242240000000e+11,9.238203763961791992e-01
1.378000000000000000e+03,1.986000000000000000e+03,6.072875383518829295e+01,1.000000000000000056e-01,3.560000000000000000e+02,1.240972416000000000e+09,7.389713203200000000e+10,6.522073876112699509e-03
3.279000000000000000e+03,1.281000000000000000e+03,4.354040454951595507e+01,1.397542485937368628e-01,1.440000000000000000e+02,2.995511040000000000e+09,3.637745745920000000e+11,7.464761734008789062e-01
1.951000000000000000e+03,1.565000000000000000e+03,5.079392804034077358e+01,1.976423537605237202e-01,1.670000000000000000e+02,3.063771904000000000e+09,3.769188679680000000e+11,6.263079047203063965e-01
1.061000000000000000e+03,1.200000000000000000e+02,1.490615885230631363e+02,9.428090415820634951e-02,1.660000000000000000e+02,1.370045440000000000e+09,2.645352611840000000e+11,2.215686142444610596e-01
1.346000000000000000e+03,2.010000000000000000e+03,1.741168817659107333e+02,1.885618083164126990e-01,1.770000000000000000e+02,1.732036736000000000e+09,2.927439708160000000e+11,2.931735217571258545e-01
3.612000000000000000e+03,3.971000000000000000e+03,7.368954713419006453e+01,1.944406936956339094e-01,4.400000000000000000e+01,1.617178419200000000e+10,1.029702746112000000e+12,1.566848874092102051e+00
4.460000000000000000e+02,2.140000000000000000e+03,8.132903803333826431e+01,1.863389981249824745e-01,3.260000000000000000e+02,5.960732160000000000e+08,1.486363033600000000e+11,8.805303834378719330e-03
2.227000000000000000e+03,3.057000000000000000e+03,5.104540480724213580e+01,1.792654619833765339e-01,1.200000000000000000e+01,3.063368704000000000e+10,1.071789244416000000e+12,1.678610682487487793e+00
3.167000000000000000e+03,2.677000000000000000e+03,5.082354352747941562e+01,1.490711984999859852e-01,2.540000000000000000e+02,9.485489280000000000e+08,2.663671562240000000e+11,1.101500093936920166e-01
3.449000000000000000e+03,2.859000000000000000e+03,1.773671726376581148e+02,1.052631578947368363e-01,6.600000000000000000e+01,5.837941760000000000e+09,6.081861386240000000e+11,1.099951863288879395e+00
1.317000000000000000e+03,1.718000000000000000e+03,1.034227118447221443e+02,1.111111111111111049e-01,9.500000000000000000e+01,1.568210534400000000e+10,5.062445301760000000e+11,2.863983809947967529e-01
1.950000000000000000e+03,3.916000000000000000e+03,4.420132848525604885e+01,2.000000000000000111e-01,1.860000000000000000e+02,9.393569920000000000e+08,2.994678333440000000e+11,8.796782791614532471e-02
3.102000000000000000e+03,1.264000000000000000e+03,5.183202120334107832e+01,1.716929178792375721e-01,7.300000000000000000e+01,6.995432448000000000e+09,7.722072145920000000e+11,6.042641401290893555e-01
3.550000000000000000e+02,6.210000000000000000e+02,6.078594332435179837e+01,7.071067811865475172e-02,6.900000000000000000e+01,2.519118848000000000e+09,6.528198901760000000e+11,4.075180888175964355e-01
1.271000000000000000e+03,1.449000000000000000e+03,7.051867357356546506e+01,9.090909090909091161e-02,3.090000000000000000e+02,3.922811840000000000e+08,1.094750945280000000e+11,3.782335668802261353e-02
2.780000000000000000e+03,3.282000000000000000e+03,1.264247981797903861e+02,6.734350297014739251e-02,6.200000000000000000e+01,1.213782118400000000e+10,7.476529725440000000e+11,1.117016077041625977e+00
1.920000000000000000e+03,3.052000000000000000e+03,1.081139856931301466e+02,6.250000000000000000e-02,1.630000000000000000e+02,4.056990720000000000e+09,3.779123281920000000e+11,1.363024413585662842e-01
4.930000000000000000e+02,8.290000000000000000e+02,2.266454362067615591e+02,1.064794274999899953e-01,4.900000000000000000e+01,7.905716224000000000e+09,7.715926179840000000e+11,2.006682634353637695e+00
1.922000000000000000e+03,3.052000000000000000e+03,8.062508593330387896e+01,6.250000000000000000e-02,1.630000000000000000e+02,4.056990720000000000e+09,3.779123281920000000e+11,1.363024413585662842e-01
3.978000000000000000e+03,2.594000000000000000e+03,3.139039262877028946e+01,1.860163329510811370e-01,1.640000000000000000e+02,2.869155584000000000e+09,3.821064683520000000e+11,7.292455434799194336e-01
3.094000000000000000e+03,3.613000000000000000e+03,7.175771899775563156e+01,1.785714285714285754e-01,1.800000000000000000e+01,4.353104691200000000e+10,1.882279772160000000e+12,3.471975401043891907e-02
9.210000000000000000e+02,4.720000000000000000e+02,1.039146443444078045e+02,1.923076923076923184e-01,9.000000000000000000e+00,2.194928844800000000e+10,1.422013628416000000e+12,3.583382368087768555e+00
2.024000000000000000e+03,3.368000000000000000e+03,1.341412754347474845e+02,1.756820922315766309e-01,1.090000000000000000e+02,4.767008768000000000e+09,5.140877803520000000e+11,8.066106438636779785e-01
7.020000000000000000e+02,9.340000000000000000e+02,4.372305181323870471e+01,1.885618083164126990e-01,1.960000000000000000e+02,2.349766656000000000e+09,3.092211630080000000e+11,1.835588216781616211e-01
3.618000000000000000e+03,3.968000000000000000e+03,1.576933544154801154e+02,9.722034684781695468e-02,4.400000000000000000e+01,1.617178419200000000e+10,1.029702746112000000e+12,1.566848874092102051e+00
9.220000000000000000e+02,5.300000000000000000e+01,7.414673823672430331e+01,7.712872341874096871e-02,2.000000000000000000e+00,4.836097638400000000e+10,5.956759453696000000e+12,4.612917602062225342e-01
3.157000000000000000e+03,3.369000000000000000e+03,7.326115632036687941e+01,1.860163329510811370e-01,1.160000000000000000e+02,3.793797120000000000e+09,4.191869009920000000e+11,2.268115729093551636e-01
1.808000000000000000e+03,1.914000000000000000e+03,8.305705581925550973e+01,7.142857142857142461e-02,2.800000000000000000e+02,1.017443840000000000e+09,2.190259322880000000e+11,1.025063097476959229e-01
8.500000000000000000e+02,2.070000000000000000e+03,3.233359254782934045e+01,1.792654619833765339e-01,5.600000000000000000e+01,2.377781452800000000e+10,1.003706777600000000e+12,2.094316333532333374e-01
9.210000000000000000e+02,5.400000000000000000e+01,1.014837422972449588e+02,6.898602743283391292e-02,2.000000000000000000e+00,4.836097638400000000e+10,5.956759453696000000e+12,4.612917602062225342e-01
1.830000000000000000e+03,1.936000000000000000e+03,8.548897167204972902e+01,8.318903308077030267e-02,1.560000000000000000e+02,1.740929792000000000e+09,4.219179827200000000e+11,6.084308028221130371e-01
2.330000000000000000e+03,1.636000000000000000e+03,9.614883172467391148e+01,1.333333333333333315e-01,1.370000000000000000e+02,9.244498560000000000e+08,2.924000378880000000e+11,2.638534903526306152e-01
2.517000000000000000e+03,3.986000000000000000e+03,1.494650876505738211e+02,1.176470588235294101e-01,1.580000000000000000e+02,3.761532928000000000e+09,4.043810406400000000e+11,4.026892483234405518e-01
1.140000000000000000e+03,3.892000000000000000e+03,1.134134141561238494e+02,1.699673171197594868e-01,8.000000000000000000e+00,3.991272652800000000e+10,2.224507322368000000e+12,9.772834777832031250e-01
2.634000000000000000e+03,2.684000000000000000e+03,8.597847925940193647e+01,9.316949906249123725e-02,3.900000000000000000e+01,2.389246156800000000e+10,1.108915257344000000e+12,7.688570618629455566e-01
1.360000000000000000e+02,3.247000000000000000e+03,1.071849026661606672e+02,1.923076923076923184e-01,2.600000000000000000e+01,1.438108057600000000e+10,1.427807535104000000e+12,3.526270389556884766e+00
1.649000000000000000e+03,3.692000000000000000e+03,8.788039092880697467e+01,1.664356663246515655e-01,9.700000000000000000e+01,2.464083968000000000e+09,5.523820380160000000e+11,3.607912957668304443e-01
3.591000000000000000e+03,1.176000000000000000e+03,4.321670132510168116e+01,1.851851851851851749e-01,6.000000000000000000e+00,4.993640448000000000e+10,1.631447547904000000e+12,2.750630855560302734e+00
3.698000000000000000e+03,2.549000000000000000e+03,4.931858047012907775e+01,1.885618083164126990e-01,1.980000000000000000e+02,1.618238080000000000e+09,3.098244218880000000e+11,1.910182833671569824e-01
2.517000000000000000e+03,4.290000000000000000e+02,7.673737720997746692e+01,1.315334104411640948e-01,1.310000000000000000e+02,2.237285376000000000e+09,4.049037557760000000e+11,2.605060040950775146e-01
2.392000000000000000e+03,2.540000000000000000e+03,1.597237297392051119e+02,9.523809523809523281e-02,2.300000000000000000e+01,1.991361945600000000e+10,7.920974561280000000e+11,1.786077260971069336e+00
1.270000000000000000e+02,2.326000000000000000e+03,4.266825736894709280e+02,8.600261451922268374e-02,1.000000000000000000e+01,1.996886425600000000e+10,1.406474911744000000e+12,1.505521297454833984e+00
1.138000000000000000e+03,3.902000000000000000e+03,4.840607230490244461e+01,1.943650631615100322e-01,8.000000000000000000e+00,3.991272652800000000e+10,2.224507322368000000e+12,9.772834777832031250e-01
1.940000000000000000e+03,3.871000000000000000e+03,5.195888302542562087e+01,9.722034684781695468e-02,5.200000000000000000e+01,3.828430028800000000e+10,1.034564075520000000e+12,0.000000000000000000e+00
1.470000000000000000e+02,1.416000000000000000e+03,1.486507578869249642e+02,1.315334104411640948e-01,1.470000000000000000e+02,4.709297664000000000e+09,4.262561382400000000e+11,1.654796600341796875e+00
4.850000000000000000e+02,1.818000000000000000e+03,3.506256444932798644e+01,5.892556509887896671e-02,1.400000000000000000e+01,2.384566476800000000e+10,1.169877762048000000e+12,1.326438903808593750e+00
3.933000000000000000e+03,3.593000000000000000e+03,1.890936341270465846e+02,7.856742013183862228e-02,1.150000000000000000e+02,8.581559808000000000e+09,4.948238008320000000e+11,5.617836713790893555e-01
3.857000000000000000e+03,2.231000000000000000e+03,9.008568615242171518e+01,7.692307692307692735e-02,3.300000000000000000e+02,3.352062080000000000e+08,1.694843043840000000e+11,1.855861395597457886e-02
3.388000000000000000e+03,2.935000000000000000e+03,4.807847812522185649e+01,1.346870059402947850e-01,7.400000000000000000e+01,1.621565542400000000e+10,7.788651479040000000e+11,5.994437336921691895e-01
6.250000000000000000e+02,3.760000000000000000e+03,3.635471505391413416e+01,1.961161351381840168e-01,2.400000000000000000e+01,4.572494233600000000e+10,1.500802318336000000e+12,4.620099544525146484e+00
6.090000000000000000e+02,9.250000000000000000e+02,1.904542057905464603e+01,1.118033988749894958e-01,9.900000000000000000e+01,1.845776793600000000e+10,6.941362094080000000e+11,0.000000000000000000e+00
3.267000000000000000e+03,2.767000000000000000e+03,1.072380416004320551e+02,1.567630989332169100e-01,2.800000000000000000e+01,1.262479360000000000e+10,1.088863928320000000e+12,7.823085188865661621e-01
5.600000000000000000e+02,2.110000000000000000e+03,8.538376282658759919e+01,1.488645855129573925e-01,9.200000000000000000e+01,8.088771072000000000e+09,5.596324823040000000e+11,7.699264287948608398e-01
1.790000000000000000e+02,2.689000000000000000e+03,2.693518028447959409e+02,1.176470588235294101e-01,1.190000000000000000e+02,2.209803520000000000e+09,4.380837478400000000e+11,6.837707161903381348e-01
1.148000000000000000e+03,1.379000000000000000e+03,4.799412099268344889e+01,1.818181818181818232e-01,3.450000000000000000e+02,3.319210880000000000e+08,1.152916848640000000e+11,3.565173968672752380e-02
1.601000000000000000e+03,2.126000000000000000e+03,3.624824554730631831e+01,1.963383631246505001e-01,6.700000000000000000e+01,2.263678566400000000e+10,7.642853539840000000e+11,1.249879002571105957e+00
2.330000000000000000e+03,1.637000000000000000e+03,1.191397930018566456e+02,1.490711984999859852e-01,1.370000000000000000e+02,9.244498560000000000e+08,2.924000378880000000e+11,2.638534903526306152e-01
2.237000000000000000e+03,2.161000000000000000e+03,6.452024113396105065e+01,1.802775637731994507e-01,8.300000000000000000e+01,8.956526592000000000e+09,6.515022233600000000e+11,5.435594320297241211e-01
1.571000000000000000e+03,2.420000000000000000e+03,5.414010754924741775e+01,1.716929178792375721e-01,7.000000000000000000e+01,3.691625984000000000e+09,7.435327242240000000e+11,9.238203763961791992e-01
3.635000000000000000e+03,3.129000000000000000e+03,8.133034922031913538e+01,1.764705882352941291e-01,1.280000000000000000e+02,3.839666176000000000e+09,4.332187156480000000e+11,1.764668971300125122e-01
7.090000000000000000e+02,2.464000000000000000e+03,9.053685635272336185e+02,9.428090415820634951e-02,2.090000000000000000e+02,2.049957632000000000e+09,2.796662620160000000e+11,2.703455984592437744e-01
1.030000000000000000e+02,1.337000000000000000e+03,5.645393358750321511e+01,1.944406936956339094e-01,5.000000000000000000e+01,1.556661555200000000e+10,9.990592266240000000e+11,1.033417701721191406e+00
1.589000000000000000e+03,3.169000000000000000e+03,5.142750892040855604e+01,1.863389981249824745e-01,3.470000000000000000e+02,3.555295680000000000e+08,1.387580620800000000e+11,0.000000000000000000e+00
8.880000000000000000e+02,2.524000000000000000e+03,9.432432646030780177e+01,6.666666666666666574e-02,2.380000000000000000e+02,1.091454464000000000e+09,2.722975580160000000e+11,4.998725652694702148e-02
2.221000000000000000e+03,3.055000000000000000e+03,9.299287039705828306e+01,1.567630989332169100e-01,1.200000000000000000e+01,3.063368704000000000e+10,1.071789244416000000e+12,1.678610682487487793e+00
1.659000000000000000e+03,1.086000000000000000e+03,3.185153059734784620e+01,1.976423537605237202e-01,1.750000000000000000e+02,1.725437440000000000e+09,3.437754777600000000e+11,2.619169652462005615e-01
2.810000000000000000e+03,3.784000000000000000e+03,1.332676513997191705e+02,7.142857142857142461e-02,2.260000000000000000e+02,1.694067840000000000e+09,2.313366077440000000e+11,1.372270882129669189e-01
1.348000000000000000e+03,2.011000000000000000e+03,9.649865629360733976e+01,2.000000000000000111e-01,1.770000000000000000e+02,1.732036736000000000e+09,2.927439708160000000e+11,2.931735217571258545e-01
2.516000000000000000e+03,4.280000000000000000e+02,1.200035040893103400e+02,5.882352941176470507e-02,1.310000000000000000e+02,2.237285376000000000e+09,4.049037557760000000e+11,2.605060040950775146e-01
2.253000000000000000e+03,1.113000000000000000e+03,2.399164463347152321e+01,1.199999999999999956e-01,3.800000000000000000e+01,2.731669299200000000e+10,1.339208237056000000e+12,0.000000000000000000e+00
3.276000000000000000e+03,1.278000000000000000e+03,2.081212708985633242e+02,1.397542485937368628e-01,1.440000000000000000e+02,2.995511040000000000e+09,3.637745745920000000e+11,7.464761734008789062e-01
9.180000000000000000e+02,5.100000000000000000e+01,4.601760908445630349e+01,1.724650685820847684e-01,2.000000000000000000e+00,4.836097638400000000e+10,5.956759453696000000e+12,4.612917602062225342e-01
2.223000000000000000e+03,3.062000000000000000e+03,7.566946137637150116e+01,1.739130434782608647e-01,1.200000000000000000e+01,3.063368704000000000e+10,1.071789244416000000e+12,1.678610682487487793e+00
2.401000000000000000e+03,1.313000000000000000e+03,5.539624169036260071e+01,1.994505484123890171e-01,2.100000000000000000e+01,3.967555993600000000e+10,1.669329846272000000e+12,7.246407270431518555e-01
9.250000000000000000e+02,4.900000000000000000e+01,5.159911516469120585e+01,1.775636558361101958e-01,2.000000000000000000e+00,4.836097638400000000e+10,5.956759453696000000e+12,4.612917602062225342e-01
1.072000000000000000e+03,9.360000000000000000e+02,3.227191188006965916e+01,1.976423537605237202e-01,1.920000000000000000e+02,3.406970880000000000e+09,3.373494763520000000e+11,3.758299946784973145e-01
3.440000000000000000e+02,2.580000000000000000e+02,5.146356321391673561e+01,1.818181818181818232e-01,3.520000000000000000e+02,4.539794560000000000e+08,1.068479283200000000e+11,1.503887120634317398e-02
3.411000000000000000e+03,2.154000000000000000e+03,1.881997541303725825e+02,8.333333333333332871e-02,3.050000000000000000e+02,4.195468480000000000e+08,1.337553879040000000e+11,3.559986129403114319e-02
1.800000000000000000e+03,7.950000000000000000e+02,6.347712708333911280e+01,1.860163329510811370e-01,1.600000000000000000e+02,2.614074880000000000e+09,3.916269158400000000e+11,1.103178709745407104e-01
1.264000000000000000e+03,3.922000000000000000e+03,5.639408282045742737e+01,1.585809856006792640e-01,2.700000000000000000e+01,4.451796172800000000e+10,1.408662896640000000e+12,3.526160120964050293e-01
3.934000000000000000e+03,3.593000000000000000e+03,1.538862899833609674e+02,5.555555555555555247e-02,1.150000000000000000e+02,8.581559808000000000e+09,4.948238008320000000e+11,5.617836713790893555e-01
3.691000000000000000e+03,1.520000000000000000e+02,2.000010504232215567e+02,2.000000000000000111e-01,8.400000000000000000e+01,9.303531520000000000e+09,6.815071600640000000e+11,3.154100179672241211e-01
7.260000000000000000e+02,2.778000000000000000e+03,4.483680139027550240e+02,4.000000000000000083e-02,2.900000000000000000e+01,1.928219033600000000e+10,1.265615634432000000e+12,2.214435577392578125e+00
1.653000000000000000e+03,3.018000000000000000e+03,3.036096340921744172e+02,0.000000000000000000e+00,1.610000000000000000e+02,1.813462784000000000e+09,3.086701363200000000e+11,3.963987231254577637e-01
2.518000000000000000e+03,2.832000000000000000e+03,4.584605097638063143e+01,1.087856586440842377e-01,2.710000000000000000e+02,4.502600960000000000e+08,1.904349020160000000e+11,1.080366820096969604e-01
2.346000000000000000e+03,3.121000000000000000e+03,5.679199575428610558e+01,1.111111111111111049e-01,1.210000000000000000e+02,7.143699968000000000e+09,4.740812636160000000e+11,4.700884819030761719e-01
3.770000000000000000e+03,1.265000000000000000e+03,8.965890419867631067e+01,1.638886943392722229e-01,6.100000000000000000e+01,1.627101593600000000e+10,8.702694522880000000e+11,3.920187950134277344e+00
2.980000000000000000e+03,4.600000000000000000e+01,1.037686506582149235e+02,1.656346649999844434e-01,1.100000000000000000e+01,3.576540364800000000e+10,1.680807821312000000e+12,2.075748682022094727e+00
3.689000000000000000e+03,1.590000000000000000e+02,5.293639648956013133e+01,1.802775637731994507e-01,8.400000000000000000e+01,9.303531520000000000e+09,6.815071600640000000e+11,3.154100179672241211e-01
6.580000000000000000e+02,1.738000000000000000e+03,2.194551671472339649e+02,1.176877882894626220e-01,3.000000000000000000e+01,1.417263513600000000e+10,6.153933946880000000e+11,9.578550457954406738e-01
1.947000000000000000e+03,1.568000000000000000e+03,8.426823324229155787e+01,1.875000000000000000e-01,1.670000000000000000e+02,3.063771904000000000e+09,3.769188679680000000e+11,6.263079047203063965e-01
3.850000000000000000e+03,1.351000000000000000e+03,1.022789321605395401e+02,1.767766952966368932e-01,0.000000000000000000e+00,7.301141299200000000e+10,5.371525595136000000e+12,3.230303525924682617e-01
3.388000000000000000e+03,3.864000000000000000e+03,5.700178227000202469e+01,1.597191412499849861e-01,2.300000000000000000e+02,1.801585536000000000e+09,2.514149212160000000e+11,2.484616637229919434e-01
3.600000000000000000e+02,2.157000000000000000e+03,5.571136583890255878e+01,1.860163329510811370e-01,1.000000000000000000e+00,8.831377408000000000e+10,3.447775821824000000e+12,4.181708395481109619e-01
1.756000000000000000e+03,2.638000000000000000e+03,7.203973387001579454e+01,1.578947368421052544e-01,1.100000000000000000e+02,5.270673408000000000e+09,5.406609571840000000e+11,2.526594698429107666e-01
3.681000000000000000e+03,2.874000000000000000e+03,4.482021808211891312e+01,1.199999999999999956e-01,3.300000000000000000e+01,2.596919091200000000e+10,1.392400793600000000e+12,4.729880765080451965e-02
2.404000000000000000e+03,1.305000000000000000e+03,7.736733605671778946e+01,1.171213948210510919e-01,2.100000000000000000e+01,3.967555993600000000e+10,1.669329846272000000e+12,7.246407270431518555e-01
3.205000000000000000e+03,2.995000000000000000e+03,9.742157657467048182e+01,1.976423537605237202e-01,1.820000000000000000e+02,2.496905216000000000e+09,3.449701007360000000e+11,1.933547407388687134e-01
7.450000000000000000e+02,1.103000000000000000e+03,9.470355390864401102e+01,5.882352941176470507e-02,1.230000000000000000e+02,3.450585344000000000e+09,4.269201489920000000e+11,4.118150472640991211e-01
1.362000000000000000e+03,7.980000000000000000e+02,9.843417760836406671e+01,6.666666666666666574e-02,2.350000000000000000e+02,9.059889920000000000e+08,2.646524887040000000e+11,1.314550936222076416e-01
1.440000000000000000e+02,1.419000000000000000e+03,9.084270579766804588e+01,1.315334104411640948e-01,1.470000000000000000e+02,4.709297664000000000e+09,4.262561382400000000e+11,1.654796600341796875e+00
3.772000000000000000e+03,1.266000000000000000e+03,5.116000685954928429e+01,1.818181818181818232e-01,6.100000000000000000e+01,1.627101593600000000e+10,8.702694522880000000e+11,3.920187950134277344e+00
2.470000000000000000e+03,3.117000000000000000e+03,1.854736376938631111e+02,1.034482758620689641e-01,7.000000000000000000e+00,4.260092313600000000e+10,2.118265864192000000e+12,1.421061873435974121e+00
1.769000000000000000e+03,1.609000000000000000e+03,2.687296900534789188e+02,1.315334104411640948e-01,1.380000000000000000e+02,2.455658496000000000e+09,4.106929438720000000e+11,1.264987438917160034e-01
3.158000000000000000e+03,2.941000000000000000e+03,5.329931138311791727e+01,1.538461538461538547e-01,2.980000000000000000e+02,3.785439360000000000e+08,1.740825067520000000e+11,8.881265670061111450e-02
1.714000000000000000e+03,1.662000000000000000e+03,5.177452949927446468e+01,1.638886943392722229e-01,1.300000000000000000e+01,1.214220800000000000e+10,8.739340288000000000e+11,1.179914355278015137e+00
3.522000000000000000e+03,1.287000000000000000e+03,6.583129016087866603e+01,1.428571428571428492e-01,2.750000000000000000e+02,7.826227200000000000e+08,2.273865236480000000e+11,5.492387712001800537e-02
2.393000000000000000e+03,2.545000000000000000e+03,3.049778263968723309e+02,1.505846504842085487e-01,2.300000000000000000e+01,1.991361945600000000e+10,7.920974561280000000e+11,1.786077260971069336e+00
3.150000000000000000e+03,3.951000000000000000e+03,7.669875076072719366e+01,8.838834764831844659e-02,2.170000000000000000e+02,5.120787200000000000e+08,3.151246131200000000e+11,2.553134262561798096e-01
3.520000000000000000e+02,6.190000000000000000e+02,5.949700761767444135e+01,1.802775637731994507e-01,6.900000000000000000e+01,2.519118848000000000e+09,6.528198901760000000e+11,4.075180888175964355e-01
2.178000000000000000e+03,1.150000000000000000e+02,1.140999341240315488e+02,1.863389981249824745e-01,4.000000000000000000e+01,2.409143500800000000e+10,1.124034150400000000e+12,1.411813020706176758e+00
3.542000000000000000e+03,2.483000000000000000e+03,1.042204407629103855e+02,1.317615691736824801e-01,3.200000000000000000e+01,2.188575744000000000e+10,1.215032852480000000e+12,2.247135162353515625e+00
3.660000000000000000e+03,4.520000000000000000e+02,1.785693263335982124e+02,1.963383631246505001e-01,7.500000000000000000e+01,9.171800064000000000e+09,7.418361282560000000e+11,1.302706003189086914e+00
2.254000000000000000e+03,1.112000000000000000e+03,2.156534035830824436e+01,1.649242250247064112e-01,3.800000000000000000e+01,2.731669299200000000e+10,1.339208237056000000e+12,0.000000000000000000e+00
1.754000000000000000e+03,2.637000000000000000e+03,1.324075460873554277e+02,7.443229275647869625e-02,1.100000000000000000e+02,5.270673408000000000e+09,5.406609571840000000e+11,2.526594698429107666e-01
1.826000000000000000e+03,1.937000000000000000e+03,2.960048740921033783e+01,1.764705882352941291e-01,1.560000000000000000e+02,1.740929792000000000e+09,4.219179827200000000e+11,6.084308028221130371e-01
3.195000000000000000e+03,3.798000000000000000e+03,4.522268585583001936e+02,1.317615691736824801e-01,3.100000000000000000e+01,1.797018828800000000e+10,1.127008960512000000e+12,9.884166121482849121e-01
2.246000000000000000e+03,3.783000000000000000e+03,8.394492196921281391e+01,1.437398936440172637e-01,5.500000000000000000e+01,1.614189875200000000e+10,9.459097272320000000e+11,4.489732086658477783e-01
3.045000000000000000e+03,3.394000000000000000e+03,2.785178314234725505e+01,1.374903330507991073e-01,5.100000000000000000e+01,2.175456870400000000e+10,9.791455232000000000e+11,0.000000000000000000e+00
3.689000000000000000e+03,1.560000000000000000e+02,6.232986219544138748e+02,1.000000000000000056e-01,8.400000000000000000e+01,9.303531520000000000e+09,6.815071600640000000e+11,3.154100179672241211e-01
1.304000000000000000e+03,2.008000000000000000e+03,2.230741431219840933e+02,1.374903330507991073e-01,4.200000000000000000e+01,1.348992307200000000e+10,1.067025235968000000e+12,3.646400213241577148e+00
1.835000000000000000e+03,9.950000000000000000e+02,5.396067021941090758e+01,1.538461538461538547e-01,2.370000000000000000e+02,5.241972800000000000e+08,1.821371924480000000e+11,5.407391116023063660e-02
3.158000000000000000e+03,2.937000000000000000e+03,5.937196360262222328e+01,1.538461538461538547e-01,2.980000000000000000e+02,3.785439360000000000e+08,1.740825067520000000e+11,8.881265670061111450e-02
2.261000000000000000e+03,5.930000000000000000e+02,5.694044650712828570e+01,7.692307692307692735e-02,3.040000000000000000e+02,3.876726720000000000e+08,1.808310599680000000e+11,3.964058309793472290e-02
1.836000000000000000e+03,9.950000000000000000e+02,6.918477879655245033e+01,1.720052290384453675e-01,2.370000000000000000e+02,5.241972800000000000e+08,1.821371924480000000e+11,5.407391116023063660e-02
6.250000000000000000e+02,3.761000000000000000e+03,5.119452926752533983e+01,1.923076923076923184e-01,2.400000000000000000e+01,4.572494233600000000e+10,1.500802318336000000e+12,4.620099544525146484e+00
3.224000000000000000e+03,2.251000000000000000e+03,5.922285475454437886e+01,1.897658566033678385e-01,9.400000000000000000e+01,5.039864832000000000e+09,6.060616581120000000e+11,6.635777950286865234e-01
2.345000000000000000e+03,3.118000000000000000e+03,1.459582265455585457e+02,7.856742013183862228e-02,1.210000000000000000e+02,7.143699968000000000e+09,4.740812636160000000e+11,4.700884819030761719e-01
1.376000000000000000e+03,1.986000000000000000e+03,7.321367061969273493e+01,1.000000000000000056e-01,3.560000000000000000e+02,1.240972416000000000e+09,7.389713203200000000e+10,6.522073876112699509e-03
3.863000000000000000e+03,1.356000000000000000e+03,6.159231275560842533e+01,2.000000000000000111e-01,0.000000000000000000e+00,7.301141299200000000e+10,5.371525595136000000e+12,3.230303525924682617e-01
2.382000000000000000e+03,1.724000000000000000e+03,1.004579715292541806e+02,1.860163329510811370e-01,1.390000000000000000e+02,8.027903488000000000e+09,4.483424911360000000e+11,3.236294984817504883e-01
4.390000000000000000e+02,2.729000000000000000e+03,8.307043128072659499e+01,1.505846504842085487e-01,6.000000000000000000e+01,9.892344832000000000e+09,7.822726266880000000e+11,1.314265251159667969e+00
2.518000000000000000e+03,3.987000000000000000e+03,1.645441654069857691e+02,8.318903308077030267e-02,1.580000000000000000e+02,3.761532928000000000e+09,4.043810406400000000e+11,4.026892483234405518e-01
1.443000000000000000e+03,1.476000000000000000e+03,9.256606145398836816e+01,1.875000000000000000e-01,1.910000000000000000e+02,4.317606912000000000e+09,3.233326366720000000e+11,3.796105086803436279e-01
3.075000000000000000e+03,2.413000000000000000e+03,6.862184177530858165e+01,1.874138920735300140e-01,2.000000000000000000e+01,2.138906214400000000e+10,9.160418918400000000e+11,6.593467593193054199e-01
3.815000000000000000e+03,2.185000000000000000e+03,8.540478926479936206e+01,1.714285714285714302e-01,5.000000000000000000e+00,6.303399526400000000e+10,3.637388771328000000e+12,2.569424629211425781e+00
2.841000000000000000e+03,5.410000000000000000e+02,4.072195654414585420e+01,1.767766952966368932e-01,1.460000000000000000e+02,2.242444032000000000e+09,3.406583234560000000e+11,1.633618921041488647e-01
5.270000000000000000e+02,1.731000000000000000e+03,8.564251859106246911e+01,1.802775637731994507e-01,8.500000000000000000e+01,1.334152294400000000e+10,6.413754040320000000e+11,2.690244674682617188e+00
2.464000000000000000e+03,3.120000000000000000e+03,1.285496684774941798e+02,1.462979547282511894e-01,7.000000000000000000e+00,4.260092313600000000e+10,2.118265864192000000e+12,1.421061873435974121e+00
3.680000000000000000e+02,3.310000000000000000e+03,2.360119828089324017e+02,1.488645855129573925e-01,4.600000000000000000e+01,1.400953139200000000e+10,6.190456504320000000e+11,1.350523829460144043e+00
3.531000000000000000e+03,1.725000000000000000e+03,4.793263213792059787e+02,1.087856586440842377e-01,2.630000000000000000e+02,4.127903040000000000e+08,1.956510597120000000e+11,2.772472240030765533e-02
2.027000000000000000e+03,3.366000000000000000e+03,2.702334248258109142e+02,1.666666666666666574e-01,1.090000000000000000e+02,4.767008768000000000e+09,5.140877803520000000e+11,8.066106438636779785e-01
3.101000000000000000e+03,3.176000000000000000e+03,3.411673343508939524e+02,7.692307692307692735e-02,1.550000000000000000e+02,1.548637440000000000e+09,1.975964794880000000e+11,3.172023296356201172e-01
2.780000000000000000e+03,3.018000000000000000e+03,5.474206887424513468e+01,1.863389981249824745e-01,3.010000000000000000e+02,8.306222080000000000e+08,1.458187796480000000e+11,7.133752107620239258e-02
2.950000000000000000e+02,1.202000000000000000e+03,1.046516615657368590e+02,7.142857142857142461e-02,2.590000000000000000e+02,7.924589440000000000e+08,2.086176358400000000e+11,1.401886492967605591e-01
1.766000000000000000e+03,1.274000000000000000e+03,1.350051651081337809e+02,1.663780661615406053e-01,1.320000000000000000e+02,4.678830592000000000e+09,4.214285598720000000e+11,3.574668765068054199e-01
6.980000000000000000e+02,9.310000000000000000e+02,1.130908266856466753e+02,1.490711984999859852e-01,1.960000000000000000e+02,2.349766656000000000e+09,3.092211630080000000e+11,1.835588216781616211e-01
1.614000000000000000e+03,2.956000000000000000e+03,8.147364073045183375e+01,1.437398936440172637e-01,5.400000000000000000e+01,1.041408819200000000e+10,8.919000023040000000e+11,2.400319814682006836e+00
2.728000000000000000e+03,2.469000000000000000e+03,6.854806051034610448e+01,1.874138920735300140e-01,5.300000000000000000e+01,1.131311718400000000e+10,9.541244682240000000e+11,1.090019583702087402e+00
2.490000000000000000e+03,3.975000000000000000e+03,7.660755007449949971e+01,1.333333333333333315e-01,2.070000000000000000e+02,1.389949440000000000e+09,2.682227425280000000e+11,1.866812407970428467e-01
9.630000000000000000e+02,2.618000000000000000e+03,3.283823139779846656e+02,1.176877882894626220e-01,8.800000000000000000e+01,5.297309696000000000e+09,5.749003386880000000e+11,1.700879216194152832e+00
3.581000000000000000e+03,1.175000000000000000e+03,2.876857848395718520e+01,1.888525745775105347e-01,6.000000000000000000e+00,4.993640448000000000e+10,1.631447547904000000e+12,2.750630855560302734e+00
1.700000000000000000e+02,2.144000000000000000e+03,6.228531884193935042e+01,1.087856586440842377e-01,2.930000000000000000e+02,9.289077760000000000e+08,1.737262530560000000e+11,1.096618697047233582e-01
2.322000000000000000e+03,2.812000000000000000e+03,7.403202271425881520e+01,1.428571428571428492e-01,2.870000000000000000e+02,6.854396800000000000e+08,2.084819927040000000e+11,1.414418071508407593e-01
2.465000000000000000e+03,3.119000000000000000e+03,2.507558353015018895e+02,9.753196981883414940e-02,7.000000000000000000e+00,4.260092313600000000e+10,2.118265864192000000e+12,1.421061873435974121e+00
1.135000000000000000e+03,8.760000000000000000e+02,4.425698989636886438e+01,1.490711984999859852e-01,1.970000000000000000e+02,3.027413504000000000e+09,3.112459632640000000e+11,4.253049790859222412e-01
3.072000000000000000e+03,2.411000000000000000e+03,1.262947680028804314e+02,1.285648693066450132e-01,2.000000000000000000e+01,2.138906214400000000e+10,9.160418918400000000e+11,6.593467593193054199e-01
3.500000000000000000e+02,3.398000000000000000e+03,5.269308917396244141e+01,1.488645855129573925e-01,1.110000000000000000e+02,5.865623040000000000e+09,5.513145876480000000e+11,2.487920820713043213e-01
1.005000000000000000e+03,1.276000000000000000e+03,1.252910392174339336e+02,1.976423537605237202e-01,1.720000000000000000e+02,2.377929984000000000e+09,3.280464117760000000e+11,2.886517047882080078e-01
2.029000000000000000e+03,3.369000000000000000e+03,7.967456776994512779e+01,1.111111111111111049e-01,1.090000000000000000e+02,4.767008768000000000e+09,5.140877803520000000e+11,8.066106438636779785e-01
3.262000000000000000e+03,2.767000000000000000e+03,5.462571353420996445e+01,1.844626385704036808e-01,2.800000000000000000e+01,1.262479360000000000e+10,1.088863928320000000e+12,7.823085188865661621e-01
1.412000000000000000e+03,1.419000000000000000e+03,1.099794072729903576e+02,1.663780661615406053e-01,1.520000000000000000e+02,4.673288192000000000e+09,3.888040181760000000e+11,1.391681879758834839e-01
1.250000000000000000e+03,2.151000000000000000e+03,1.034619364416174250e+02,1.538461538461538547e-01,3.130000000000000000e+02,4.205896000000000000e+08,1.665786183680000000e+11,3.704225644469261169e-02
1.770000000000000000e+03,1.270000000000000000e+03,1.113024405866681690e+02,1.663780661615406053e-01,1.320000000000000000e+02,4.678830592000000000e+09,4.214285598720000000e+11,3.574668765068054199e-01
8.790000000000000000e+02,1.448000000000000000e+03,1.021927449611654168e+02,1.333333333333333315e-01,1.680000000000000000e+02,8.116872320000000000e+08,3.029185986560000000e+11,2.076815217733383179e-01
2.420000000000000000e+02,2.925000000000000000e+03,5.418042106381795975e+01,1.860163329510811370e-01,1.790000000000000000e+02,4.286263552000000000e+09,3.801942917120000000e+11,2.970622479915618896e-01
4.070000000000000000e+02,1.363000000000000000e+03,4.869843656898319750e+01,1.973001156617461560e-01,3.000000000000000000e+00,6.902842163200000000e+10,3.272609628160000000e+12,7.570462226867675781e-01
2.808000000000000000e+03,3.050000000000000000e+03,1.181842614563530987e+02,1.242259987499883256e-01,1.270000000000000000e+02,1.076523008000000000e+10,4.631417978880000000e+11,1.170760273933410645e+00
3.544000000000000000e+03,2.479000000000000000e+03,3.905260308592998513e+02,5.892556509887896671e-02,3.200000000000000000e+01,2.188575744000000000e+10,1.215032852480000000e+12,2.247135162353515625e+00
3.219000000000000000e+03,2.252000000000000000e+03,1.608285024657896543e+02,1.897658566033678385e-01,9.400000000000000000e+01,5.039864832000000000e+09,6.060616581120000000e+11,6.635777950286865234e-01
2.383000000000000000e+03,3.820000000000000000e+03,6.375065896790921727e+01,1.860163329510811370e-01,1.070000000000000000e+02,3.027658752000000000e+09,4.165613977600000000e+11,1.792184859514236450e-01
2.167000000000000000e+03,2.605000000000000000e+03,1.377399516335024146e+02,1.944406936956339094e-01,4.800000000000000000e+01,2.004998963200000000e+10,9.887308840960000000e+11,1.277428388595581055e+00
2.807000000000000000e+03,3.783000000000000000e+03,7.891597402945603790e+01,1.597191412499849861e-01,2.260000000000000000e+02,1.694067840000000000e+09,2.313366077440000000e+11,1.372270882129669189e-01
3.420000000000000000e+02,1.472000000000000000e+03,6.063039895482228303e+01,1.034482758620689641e-01,1.700000000000000000e+01,5.264295936000000000e+10,2.150357925888000000e+12,1.609793305397033691e-01
3.813000000000000000e+03,2.188000000000000000e+03,1.111832696847824167e+02,1.030157507275425433e-01,5.000000000000000000e+00,6.303399526400000000e+10,3.637388771328000000e+12,2.569424629211425781e+00
2.740000000000000000e+02,2.820000000000000000e+02,7.801074932219758296e+01,1.010152544552210818e-01,2.270000000000000000e+02,6.140675200000000000e+08,2.543858974720000000e+11,4.976339638233184814e-01
1.411000000000000000e+03,1.422000000000000000e+03,8.254116300275047990e+01,1.860163329510811370e-01,1.520000000000000000e+02,4.673288192000000000e+09,3.888040181760000000e+11,1.391681879758834839e-01
6.310000000000000000e+02,1.691000000000000000e+03,1.301771164955438849e+02,1.178511301977579334e-01,2.970000000000000000e+02,8.341594240000000000e+08,1.482848174080000000e+11,3.178405389189720154e-02
2.323000000000000000e+03,2.950000000000000000e+02,1.704019271888800802e+01,1.767766952966368932e-01,3.590000000000000000e+02,3.177111680000000000e+08,4.451980902400000000e+10,0.000000000000000000e+00
1.795000000000000000e+03,6.980000000000000000e+02,1.069509146574412028e+02,1.897658566033678385e-01,9.600000000000000000e+01,7.474629632000000000e+09,5.915148943360000000e+11,2.710782289505004883e-01
2.996000000000000000e+03,3.217000000000000000e+03,8.128886265494082863e+01,2.000000000000000111e-01,3.510000000000000000e+02,3.834950080000000000e+08,9.035782553600000000e+10,3.453246131539344788e-02
3.851000000000000000e+03,1.362000000000000000e+03,8.857843374726498098e+01,1.802775637731994507e-01,0.000000000000000000e+00,7.301141299200000000e+10,5.371525595136000000e+12,3.230303525924682617e-01
2.390000000000000000e+02,1.139000000000000000e+03,7.923039617192324613e+01,9.722034684781695468e-02,5.700000000000000000e+01,8.470172672000000000e+09,9.695676334080000000e+11,1.448810100555419922e+00
3.587000000000000000e+03,1.181000000000000000e+03,5.362260860530474105e+01,1.888525745775105347e-01,6.000000000000000000e+00,4.993640448000000000e+10,1.631447547904000000e+12,2.750630855560302734e+00
4.780000000000000000e+02,3.379000000000000000e+03,3.105448944513402409e+01,1.666666666666666574e-01,3.370000000000000000e+02,3.180891520000000000e+08,1.595851407360000000e+11,0.000000000000000000e+00
6.080000000000000000e+02,2.587000000000000000e+03,4.383654774064158488e+01,1.944406936956339094e-01,4.100000000000000000e+01,3.039488614400000000e+10,1.064241790976000000e+12,7.708724141120910645e-01
3.530000000000000000e+02,2.161000000000000000e+03,5.445314540174377527e+01,1.583872002098383469e-01,1.000000000000000000e+00,8.831377408000000000e+10,3.447775821824000000e+12,4.181708395481109619e-01
5.290000000000000000e+02,1.736000000000000000e+03,2.944067495114090889e+02,1.000000000000000056e-01,8.500000000000000000e+01,1.334152294400000000e+10,6.413754040320000000e+11,2.690244674682617188e+00
1.836000000000000000e+03,8.820000000000000000e+02,2.710262802352579925e+01,1.428571428571428492e-01,2.400000000000000000e+02,5.599216000000000000e+08,2.475048796160000000e+11,1.206644847989082336e-01
2.725000000000000000e+03,2.471000000000000000e+03,7.643651105540365620e+01,1.437398936440172637e-01,5.300000000000000000e+01,1.131311718400000000e+10,9.541244682240000000e+11,1.090019583702087402e+00
1.002000000000000000e+03,1.277000000000000000e+03,4.288326663681383479e+02,0.000000000000000000e+00,1.720000000000000000e+02,2.377929984000000000e+09,3.280464117760000000e+11,2.886517047882080078e-01
1.147000000000000000e+03,1.558000000000000000e+03,1.128748715461603211e+02,8.333333333333332871e-02,3.420000000000000000e+02,4.908336320000000000e+08,1.605870387200000000e+11,0.000000000000000000e+00
2.060000000000000000e+02,3.740000000000000000e+02,1.492519551355945495e+01,1.860163329510811370e-01,1.650000000000000000e+02,2.563304704000000000e+09,4.133531811840000000e+11,7.525227665901184082e-01
2.193000000000000000e+03,1.646000000000000000e+03,8.658307296247086526e+01,1.178511301977579334e-01,3.120000000000000000e+02,5.148074560000000000e+08,1.380568104960000000e+11,2.518250979483127594e-02
3.275000000000000000e+03,6.120000000000000000e+02,7.649471831166539459e+01,1.720052290384453675e-01,2.700000000000000000e+02,9.765783680000000000e+08,1.974550200320000000e+11,1.784845441579818726e-01
1.391000000000000000e+03,2.585000000000000000e+03,5.195186404347280273e+01,1.976423537605237202e-01,1.890000000000000000e+02,1.658296320000000000e+09,3.660822609920000000e+11,5.479530692100524902e-01
3.094000000000000000e+03,1.073000000000000000e+03,1.596405013043423651e+02,1.374903330507991073e-01,4.700000000000000000e+01,2.149117542400000000e+10,1.025539571712000000e+12,2.488818407058715820e+00
1.680000000000000000e+02,2.143000000000000000e+03,6.409023529860215262e+01,1.720052290384453675e-01,2.930000000000000000e+02,9.289077760000000000e+08,1.737262530560000000e+11,1.096618697047233582e-01
2.739000000000000000e+03,1.332000000000000000e+03,6.523163101932279062e+01,1.333333333333333315e-01,2.220000000000000000e+02,1.911242880000000000e+09,2.877858119680000000e+11,1.703075766563415527e-01
1.801000000000000000e+03,7.970000000000000000e+02,7.639155131377741270e+01,1.315334104411640948e-01,1.600000000000000000e+02,2.614074880000000000e+09,3.916269158400000000e+11,1.103178709745407104e-01
1.053000000000000000e+03,6.640000000000000000e+02,5.456295909377499811e+02,7.142857142857142461e-02,2.760000000000000000e+02,2.121027584000000000e+09,2.094952775680000000e+11,4.893848598003387451e-01
3.266000000000000000e+03,2.772000000000000000e+03,1.394458009564780525e+02,9.722034684781695468e-02,2.800000000000000000e+01,1.262479360000000000e+10,1.088863928320000000e+12,7.823085188865661621e-01
9.700000000000000000e+01,1.332000000000000000e+03,8.792136458312211289e+01,1.792654619833765339e-01,5.000000000000000000e+01,1.556661555200000000e+10,9.990592266240000000e+11,1.033417701721191406e+00
4.870000000000000000e+02,1.815000000000000000e+03,2.849753904826956941e+01,9.316949906249123725e-02,1.400000000000000000e+01,2.384566476800000000e+10,1.169877762048000000e+12,1.326438903808593750e+00
2.262000000000000000e+03,3.711000000000000000e+03,6.113439281097671341e+01,1.863389981249824745e-01,3.180000000000000000e+02,4.913545280000000000e+08,1.575079280640000000e+11,6.375606358051300049e-02
5.400000000000000000e+02,2.455000000000000000e+03,1.398872354999157892e+02,1.860163329510811370e-01,1.250000000000000000e+02,2.171653120000000000e+09,3.972780195840000000e+11,5.276274681091308594e-01
1.604000000000000000e+03,2.126000000000000000e+03,2.799806206926174923e+02,6.734350297014739251e-02,6.700000000000000000e+01,2.263678566400000000e+10,7.642853539840000000e+11,1.249879002571105957e+00
2.645000000000000000e+03,3.075000000000000000e+03,6.208849672459408708e+01,1.656346649999844434e-01,1.500000000000000000e+01,3.527756185600000000e+10,1.735473496064000000e+12,1.871760040521621704e-01
2.520000000000000000e+03,3.988000000000000000e+03,8.911538133538664397e+01,1.764705882352941291e-01,1.580000000000000000e+02,3.761532928000000000e+09,4.043810406400000000e+11,4.026892483234405518e-01
2.329000000000000000e+03,1.636000000000000000e+03,1.200247250207098659e+02,6.666666666666666574e-02,1.370000000000000000e+02,9.244498560000000000e+08,2.924000378880000000e+11,2.638534903526306152e-01
2.781000000000000000e+03,3.019000000000000000e+03,8.794176530707050006e+02,8.333333333333332871e-02,3.010000000000000000e+02,8.306222080000000000e+08,1.458187796480000000e+11,7.133752107620239258e-02
3.856000000000000000e+03,1.360000000000000000e+03,8.370587256962005540e+01,1.030776406404415174e-01,0.000000000000000000e+00,7.301141299200000000e+10,5.371525595136000000e+12,3.230303525924682617e-01
2.498000000000000000e+03,2.620000000000000000e+03,9.914264601111773345e+01,1.720052290384453675e-01,2.200000000000000000e+02,8.441690240000000000e+08,1.855676416000000000e+11,9.814136475324630737e-02
3.702000000000000000e+03,3.721000000000000000e+03,5.898191133590440671e+01,1.397542485937368628e-01,1.950000000000000000e+02,2.191118592000000000e+09,3.672240619520000000e+11,2.955987751483917236e-01
6.290000000000000000e+02,5.020000000000000000e+02,6.032391648111219951e+01,1.860163329510811370e-01,1.510000000000000000e+02,1.992101248000000000e+09,4.080898211840000000e+11,6.955169886350631714e-02
5.810000000000000000e+02,8.140000000000000000e+02,2.025267225012113386e+02,1.490711984999859852e-01,2.180000000000000000e+02,8.583511040000000000e+08,2.650792919040000000e+11,1.668343096971511841e-01
3.620000000000000000e+02,2.166000000000000000e+03,5.051090581225817999e+01,1.470588235294117696e-01,1.000000000000000000e+00,8.831377408000000000e+10,3.447775821824000000e+12,4.181708395481109619e-01
9.270000000000000000e+02,4.660000000000000000e+02,6.103135319214912613e+01,1.386750490563072868e-01,9.000000000000000000e+00,2.194928844800000000e+10,1.422013628416000000e+12,3.583382368087768555e+00
1.720000000000000000e+03,2.297000000000000000e+03,6.364416308946918832e+01,1.863389981249824745e-01,3.200000000000000000e+02,4.233776640000000000e+08,1.610186752000000000e+11,3.248220309615135193e-02
3.819000000000000000e+03,1.659000000000000000e+03,1.271211120294519503e+02,1.087856586440842377e-01,2.010000000000000000e+02,5.403896960000000000e+08,1.908479918080000000e+11,1.492742747068405151e-01
4.390000000000000000e+02,1.757000000000000000e+03,3.910318577796179795e+01,1.720052290384453675e-01,2.830000000000000000e+02,6.999811200000000000e+08,1.975207198720000000e+11,1.401029527187347412e-01
5.570000000000000000e+02,2.106000000000000000e+03,9.123572437363155814e+02,1.176877882894626220e-01,9.200000000000000000e+01,8.088771072000000000e+09,5.596324823040000000e+11,7.699264287948608398e-01
8.520000000000000000e+02,2.066000000000000000e+03,6.240038708895640696e+01,1.567630989332169100e-01,5.600000000000000000e+01,2.377781452800000000e+10,1.003706777600000000e+12,2.094316333532333374e-01
1.660000000000000000e+03,1.083000000000000000e+03,8.120991781111062835e+01,1.250000000000000000e-01,1.750000000000000000e+02,1.725437440000000000e+09,3.437754777600000000e+11,2.619169652462005615e-01
4.170000000000000000e+02,1.365000000000000000e+03,5.540096520650842393e+01,1.212678125181664845e-01,3.000000000000000000e+00,6.902842163200000000e+10,3.272609628160000000e+12,7.570462226867675781e-01
1.494000000000000000e+03,1.686000000000000000e+03,3.827876652802919466e+01,1.666666666666666574e-01,3.110000000000000000e+02,7.309690240000000000e+08,1.309064232960000000e+11,7.439114153385162354e-02
6.100000000000000000e+02,2.592000000000000000e+03,3.927939032156955932e+02,4.347826086956521618e-02,4.100000000000000000e+01,3.039488614400000000e+10,1.064241790976000000e+12,7.708724141120910645e-01
3.520000000000000000e+02,3.396000000000000000e+03,5.177767875082306546e+02,0.000000000000000000e+00,1.110000000000000000e+02,5.865623040000000000e+09,5.513145876480000000e+11,2.487920820713043213e-01
3.273000000000000000e+03,3.290000000000000000e+03,6.828235153784765998e+02,1.250000000000000000e-01,4.000000000000000000e+00,4.576543129600000000e+10,2.901718335488000000e+12,1.090228271484375000e+01
2.213000000000000000e+03,3.701000000000000000e+03,2.137652497531074403e+02,8.838834764831844659e-02,1.200000000000000000e+02,1.413297024000000000e+09,3.281207623680000000e+11,2.572538256645202637e-01
2.205000000000000000e+03,3.083000000000000000e+03,8.453184987788992544e+01,1.863389981249824745e-01,3.390000000000000000e+02,7.090938240000000000e+08,1.408466124800000000e+11,1.572182215750217438e-02
1.572000000000000000e+03,2.417000000000000000e+03,5.553014583962017525e+01,1.428571428571428492e-01,7.000000000000000000e+01,3.691625984000000000e+09,7.435327242240000000e+11,9.238203763961791992e-01
3.600000000000000000e+02,2.160000000000000000e+03,5.734890523381952931e+01,1.060456257489408582e-01,1.000000000000000000e+00,8.831377408000000000e+10,3.447775821824000000e+12,4.181708395481109619e-01
2.460000000000000000e+02,2.928000000000000000e+03,5.376924766345219098e+01,1.315334104411640948e-01,1.790000000000000000e+02,4.286263552000000000e+09,3.801942917120000000e+11,2.970622479915618896e-01
3.148000000000000000e+03,1.850000000000000000e+02,7.179470358650332855e+02,0.000000000000000000e+00,2.550000000000000000e+02,1.040948736000000000e+09,2.294191390720000000e+11,1.502451896667480469e-01
2.448000000000000000e+03,4.840000000000000000e+02,6.220814100484288645e+01,1.538461538461538547e-01,2.950000000000000000e+02,5.136313920000000000e+08,1.722018856960000000e+11,7.479093223810195923e-02
6.220000000000000000e+02,3.764000000000000000e+03,1.110798481894170351e+02,1.386750490563072868e-01,2.400000000000000000e+01,4.572494233600000000e+10,1.500802318336000000e+12,4.620099544525146484e+00
3.391000000000000000e+03,3.863000000000000000e+03,7.220689017372490071e+01,1.597191412499849861e-01,2.300000000000000000e+02,1.801585536000000000e+09,2.514149212160000000e+11,2.484616637229919434e-01
3.375000000000000000e+03,2.550000000000000000e+03,6.485328373288132298e+01,1.720052290384453675e-01,2.810000000000000000e+02,3.892101440000000000e+08,1.901225082880000000e+11,2.060008794069290161e-02
3.812000000000000000e+03,2.197000000000000000e+03,4.681909379906205260e+01,1.916629694999819888e-01,5.000000000000000000e+00,6.303399526400000000e+10,3.637388771328000000e+12,2.569424629211425781e+00
9.270000000000000000e+02,5.700000000000000000e+01,7.885980308117849802e+01,1.005635518443331877e-01,2.000000000000000000e+00,4.836097638400000000e+10,5.956759453696000000e+12,4.612917602062225342e-01
1.836000000000000000e+03,9.980000000000000000e+02,5.076937841711745847e+01,1.087856586440842377e-01,2.370000000000000000e+02,5.241972800000000000e+08,1.821371924480000000e+11,5.407391116023063660e-02
2.806000000000000000e+03,3.050000000000000000e+03,4.898692733850328409e+02,5.555555555555555247e-02,1.270000000000000000e+02,1.076523008000000000e+10,4.631417978880000000e+11,1.170760273933410645e+00
1.267000000000000000e+03,1.803000000000000000e+03,5.178997334910225447e+01,1.863389981249824745e-01,3.600000000000000000e+01,1.450358067200000000e+10,1.097609969664000000e+12,1.465617537498474121e+00
3.768000000000000000e+03,1.263000000000000000e+03,6.830373741752486012e+02,1.874138920735300140e-01,6.100000000000000000e+01,1.627101593600000000e+10,8.702694522880000000e+11,3.920187950134277344e+00
1.832000000000000000e+03,8.830000000000000000e+02,5.931435313560183431e+01,1.597191412499849861e-01,2.400000000000000000e+02,5.599216000000000000e+08,2.475048796160000000e+11,1.206644847989082336e-01
1.800000000000000000e+02,2.693000000000000000e+03,6.835667879813489662e+02,1.315334104411640948e-01,1.190000000000000000e+02,2.209803520000000000e+09,4.380837478400000000e+11,6.837707161903381348e-01
1.273000000000000000e+03,1.802000000000000000e+03,7.917761910188291097e+01,1.502313031443328895e-01,3.600000000000000000e+01,1.450358067200000000e+10,1.097609969664000000e+12,1.465617537498474121e+00
2.641000000000000000e+03,3.080000000000000000e+03,1.668482290377427830e+02,8.281733249999222168e-02,1.500000000000000000e+01,3.527756185600000000e+10,1.735473496064000000e+12,1.871760040521621704e-01
3.095000000000000000e+03,1.077000000000000000e+03,1.216615438531067923e+02,9.722034684781695468e-02,4.700000000000000000e+01,2.149117542400000000e+10,1.025539571712000000e+12,2.488818407058715820e+00
7.220000000000000000e+02,2.782000000000000000e+03,7.028504981611335722e+01,2.000000000000000111e-01,2.900000000000000000e+01,1.928219033600000000e+10,1.265615634432000000e+12,2.214435577392578125e+00
1.947000000000000000e+03,1.593000000000000000e+03,3.145071172266183268e+01,1.885618083164126990e-01,2.230000000000000000e+02,1.263835520000000000e+09,2.617083985920000000e+11,2.692348361015319824e-01
2.161000000000000000e+03,1.543000000000000000e+03,6.642384078432223760e+01,1.397542485937368628e-01,1.690000000000000000e+02,3.334616320000000000e+09,3.723537285120000000e+11,9.473653435707092285e-01
9.260000000000000000e+02,5.500000000000000000e+01,8.725351597608350573e+01,7.712872341874096871e-02,2.000000000000000000e+00,4.836097638400000000e+10,5.956759453696000000e+12,4.612917602062225342e-01
1.997000000000000000e+03,2.600000000000000000e+01,4.501210825478908077e+02,7.692307692307692735e-02,2.770000000000000000e+02,5.164774080000000000e+08,1.762560573440000000e+11,8.273551613092422485e-02
3.428000000000000000e+03,9.420000000000000000e+02,4.367599625543484620e+01,1.663780661615406053e-01,1.620000000000000000e+02,3.060062976000000000e+09,3.823545876480000000e+11,2.805753350257873535e-01
3.278000000000000000e+03,1.279000000000000000e+03,3.765206308715721661e+02,8.838834764831844659e-02,1.440000000000000000e+02,2.995511040000000000e+09,3.637745745920000000e+11,7.464761734008789062e-01
1.792000000000000000e+03,6.960000000000000000e+02,4.212047084691553209e+02,0.000000000000000000e+00,9.600000000000000000e+01,7.474629632000000000e+09,5.915148943360000000e+11,2.710782289505004883e-01
1.260000000000000000e+03,3.929000000000000000e+03,5.242158917180694289e+01,1.631784879661263288e-01,2.700000000000000000e+01,4.451796172800000000e+10,1.408662896640000000e+12,3.526160120964050293e-01
8.460000000000000000e+02,2.141000000000000000e+03,1.019850842151223844e+02,1.863389981249824745e-01,3.270000000000000000e+02,5.939808000000000000e+08,1.465437716480000000e+11,7.499665021896362305e-02
5.880000000000000000e+02,4.220000000000000000e+02,7.795837351095342171e+01,1.720052290384453675e-01,2.820000000000000000e+02,1.102760704000000000e+09,2.045083975680000000e+11,1.114259064197540283e-01
2.405000000000000000e+03,1.309000000000000000e+03,6.155000250102492032e+01,8.281733249999222168e-02,2.100000000000000000e+01,3.967555993600000000e+10,1.669329846272000000e+12,7.246407270431518555e-01
2.262000000000000000e+03,5.930000000000000000e+02,3.539113106181602575e+01,1.538461538461538547e-01,3.040000000000000000e+02,3.876726720000000000e+08,1.808310599680000000e+11,3.964058309793472290e-02
2.452000000000000000e+03,5.720000000000000000e+02,6.413152763726570527e+01,1.720052290384453675e-01,3.030000000000000000e+02,7.781590400000000000e+08,1.692194897920000000e+11,5.809598788619041443e-02
2.242000000000000000e+03,3.789000000000000000e+03,6.362314214426449155e+01,1.928473039599674921e-01,5.500000000000000000e+01,1.614189875200000000e+10,9.459097272320000000e+11,4.489732086658477783e-01
2.856000000000000000e+03,1.471000000000000000e+03,7.880220289089628238e+01,1.178511301977579334e-01,3.080000000000000000e+02,7.085787520000000000e+08,1.645988904960000000e+11,9.297596663236618042e-02
9.250000000000000000e+02,5.600000000000000000e+01,1.388280641957776709e+02,4.878048780487805047e-02,2.000000000000000000e+00,4.836097638400000000e+10,5.956759453696000000e+12,4.612917602062225342e-01
3.426000000000000000e+03,9.430000000000000000e+02,2.488163890699129013e+02,5.882352941176470507e-02,1.620000000000000000e+02,3.060062976000000000e+09,3.823545876480000000e+11,2.805753350257873535e-01
1.835000000000000000e+03,8.840000000000000000e+02,2.847009593214534107e+01,1.597191412499849861e-01,2.400000000000000000e+02,5.599216000000000000e+08,2.475048796160000000e+11,1.206644847989082336e-01
2.827000000000000000e+03,1.215000000000000000e+03,4.076619474522858866e+01,1.756820922315766309e-01,9.800000000000000000e+01,2.222143232000000000e+09,4.761788416000000000e+11,2.608013153076171875e-01
1.588000000000000000e+03,3.171000000000000000e+03,4.820803403019350242e+01,1.666666666666666574e-01,3.470000000000000000e+02,3.555295680000000000e+08,1.387580620800000000e+11,0.000000000000000000e+00
6.520000000000000000e+02,3.900000000000000000e+03,6.011298455082229708e+01,1.597191412499849861e-01,1.880000000000000000e+02,6.476391680000000000e+08,2.439948533760000000e+11,3.397938311100006104e-01
3.933000000000000000e+03,3.595000000000000000e+03,6.604009603376336202e+01,1.756820922315766309e-01,1.150000000000000000e+02,8.581559808000000000e+09,4.948238008320000000e+11,5.617836713790893555e-01
1.141000000000000000e+03,3.900000000000000000e+03,4.495537789441976173e+01,1.000000000000000056e-01,8.000000000000000000e+00,3.991272652800000000e+10,2.224507322368000000e+12,9.772834777832031250e-01
1.980000000000000000e+03,1.506000000000000000e+03,7.117010792739648650e+01,1.176470588235294101e-01,1.500000000000000000e+02,2.156276224000000000e+09,3.887007006720000000e+11,2.612947225570678711e-01
2.829000000000000000e+03,1.218000000000000000e+03,1.015875912385158699e+02,1.666666666666666574e-01,9.800000000000000000e+01,2.222143232000000000e+09,4.761788416000000000e+11,2.608013153076171875e-01
3.279000000000000000e+03,3.292000000000000000e+03,7.307567184464463139e+01,1.976423537605237202e-01,4.000000000000000000e+00,4.576543129600000000e+10,2.901718335488000000e+12,1.090228271484375000e+01
3.794000000000000000e+03,3.375000000000000000e+03,1.142876092540713131e+02,1.963383631246505001e-01,6.300000000000000000e+01,9.890160640000000000e+09,7.694368112640000000e+11,7.079712152481079102e-01
3.530000000000000000e+03,1.727000000000000000e+03,5.863924946863305365e+01,1.720052290384453675e-01,2.630000000000000000e+02,4.127903040000000000e+08,1.956510597120000000e+11,2.772472240030765533e-02
1.978000000000000000e+03,1.505000000000000000e+03,6.090616655757000899e+02,5.882352941176470507e-02,1.500000000000000000e+02,2.156276224000000000e+09,3.887007006720000000e+11,2.612947225570678711e-01
3.590000000000000000e+03,1.178000000000000000e+03,4.944457702411805400e+01,1.656346649999844434e-01,6.000000000000000000e+00,4.993640448000000000e+10,1.631447547904000000e+12,2.750630855560302734e+00
3.960000000000000000e+02,8.150000000000000000e+02,2.993245545842418096e+02,1.064794274999899953e-01,7.100000000000000000e+01,1.033783398400000000e+10,7.907896852480000000e+11,7.018927931785583496e-01
3.640000000000000000e+02,2.162000000000000000e+03,4.644817478648238307e+01,1.789047803028888106e-01,1.000000000000000000e+00,8.831377408000000000e+10,3.447775821824000000e+12,4.181708395481109619e-01
6.120000000000000000e+02,9.250000000000000000e+02,3.435695076999295594e+01,7.071067811865475172e-02,9.900000000000000000e+01,1.845776793600000000e+10,6.941362094080000000e+11,0.000000000000000000e+00
2.380000000000000000e+03,3.820000000000000000e+03,4.757673391334506050e+02,5.882352941176470507e-02,1.070000000000000000e+02,3.027658752000000000e+09,4.165613977600000000e+11,1.792184859514236450e-01
2.259000000000000000e+03,2.187000000000000000e+03,1.925765050970662458e+02,7.142857142857142461e-02,2.450000000000000000e+02,6.759123840000000000e+08,2.125311344640000000e+11,2.900222241878509521e-01
3.268000000000000000e+03,2.768000000000000000e+03,1.069222006479777889e+02,1.567630989332169100e-01,2.800000000000000000e+01,1.262479360000000000e+10,1.088863928320000000e+12,7.823085188865661621e-01
2.161000000000000000e+03,2.611000000000000000e+03,1.010585860033664716e+02,1.944406936956339094e-01,4.800000000000000000e+01,2.004998963200000000e+10,9.887308840960000000e+11,1.277428388595581055e+00
3.977000000000000000e+03,2.418000000000000000e+03,3.222020981933560790e+01,0.000000000000000000e+00,4.500000000000000000e+01,2.933959884800000000e+10,1.161086107648000000e+12,0.000000000000000000e+00
3.406000000000000000e+03,2.277000000000000000e+03,1.253133737169975319e+02,6.666666666666666574e-02,2.150000000000000000e+02,1.763839616000000000e+09,2.953210757120000000e+11,1.914934664964675903e-01
9.200000000000000000e+02,5.800000000000000000e+01,8.352641861003297663e+01,8.794027501131680691e-02,2.000000000000000000e+00,4.836097638400000000e+10,5.956759453696000000e+12,4.612917602062225342e-01
9.190000000000000000e+02,5.200000000000000000e+01,5.830857286116880545e+01,1.379720548656678258e-01,2.000000000000000000e+00,4.836097638400000000e+10,5.956759453696000000e+12,4.612917602062225342e-01
4.150000000000000000e+02,3.363000000000000000e+03,4.982787147477444734e+01,1.720052290384453675e-01,3.000000000000000000e+02,6.761123200000000000e+08,1.850314096640000000e+11,1.175257489085197449e-01
1.730000000000000000e+03,2.187000000000000000e+03,6.146030141003247849e+01,1.010152544552210818e-01,2.910000000000000000e+02,7.874066560000000000e+08,2.121412935680000000e+11,1.422809213399887085e-01
3.657000000000000000e+03,4.540000000000000000e+02,1.994222657218681434e+02,1.346870059402947850e-01,7.500000000000000000e+01,9.171800064000000000e+09,7.418361282560000000e+11,1.302706003189086914e+00
3.182000000000000000e+03,5.900000000000000000e+01,1.589038527081816881e+02,1.428571428571428492e-01,2.510000000000000000e+02,1.089167872000000000e+09,2.191891005440000000e+11,2.160213589668273926e-01
2.780000000000000000e+03,3.286000000000000000e+03,5.959753766621507509e+01,1.505846504842085487e-01,6.200000000000000000e+01,1.213782118400000000e+10,7.476529725440000000e+11,1.117016077041625977e+00
3.556000000000000000e+03,1.407000000000000000e+03,6.572222398199048143e+01,1.250000000000000000e-01,1.730000000000000000e+02,2.307132928000000000e+09,3.346703646720000000e+11,1.729831695556640625e-01
3.074000000000000000e+03,2.412000000000000000e+03,1.224941932978260724e+02,1.363636363636363535e-01,2.000000000000000000e+01,2.138906214400000000e+10,9.160418918400000000e+11,6.593467593193054199e-01
1.030000000000000000e+02,1.334000000000000000e+03,1.658767476376087870e+02,9.722034684781695468e-02,5.000000000000000000e+01,1.556661555200000000e+10,9.990592266240000000e+11,1.033417701721191406e+00
3.080000000000000000e+03,3.262000000000000000e+03,3.950798902667112884e+02,0.000000000000000000e+00,1.340000000000000000e+02,7.659243520000000000e+08,3.657010708480000000e+11,2.813197076320648193e-01
2.177000000000000000e+03,1.130000000000000000e+02,1.501776930130277492e+02,1.250000000000000000e-01,4.000000000000000000e+01,2.409143500800000000e+10,1.124034150400000000e+12,1.411813020706176758e+00
1.647000000000000000e+03,3.694000000000000000e+03,4.790378772066755886e+01,1.664356663246515655e-01,9.700000000000000000e+01,2.464083968000000000e+09,5.523820380160000000e+11,3.607912957668304443e-01
1.767000000000000000e+03,1.269000000000000000e+03,9.529526532580051423e+01,1.860163329510811370e-01,1.320000000000000000e+02,4.678830592000000000e+09,4.214285598720000000e+11,3.574668765068054199e-01
1.272000000000000000e+03,1.807000000000000000e+03,7.176883288382281023e+01,9.316949906249123725e-02,3.600000000000000000e+01,1.450358067200000000e+10,1.097609969664000000e+12,1.465617537498474121e+00
3.104000000000000000e+03,3.390000000000000000e+02,1.276022249389136505e+02,1.052631578947368363e-01,1.140000000000000000e+02,2.197843456000000000e+09,5.375084789760000000e+11,3.056838810443878174e-01
3.078000000000000000e+03,8.730000000000000000e+02,3.448219279750887978e+01,1.976423537605237202e-01,1.700000000000000000e+02,1.429099264000000000e+09,3.279949987840000000e+11,7.364984601736068726e-02
8.540000000000000000e+02,2.066000000000000000e+03,1.027476908851811146e+02,1.304347826086956486e-01,5.600000000000000000e+01,2.377781452800000000e+10,1.003706777600000000e+12,2.094316333532333374e-01
2.516000000000000000e+03,1.013000000000000000e+03,8.674154635865616569e+01,1.287696884094281791e-01,1.900000000000000000e+01,3.211539865600000000e+10,1.839924903936000000e+12,4.858803153038024902e-01
3.106000000000000000e+03,1.261000000000000000e+03,1.113423272338707051e+02,9.523809523809523281e-02,7.300000000000000000e+01,6.995432448000000000e+09,7.722072145920000000e+11,6.042641401290893555e-01
2.252000000000000000e+03,1.112000000000000000e+03,3.283220824626641843e+01,1.649242250247064112e-01,3.800000000000000000e+01,2.731669299200000000e+10,1.339208237056000000e+12,0.000000000000000000e+00
3.993000000000000000e+03,1.519000000000000000e+03,6.346287125699914355e+01,7.692307692307692735e-02,3.070000000000000000e+02,6.826536320000000000e+08,1.672112209920000000e+11,8.619345724582672119e-02
1.356000000000000000e+03,1.762000000000000000e+03,3.891760455519575146e+01,1.720052290384453675e-01,2.960000000000000000e+02,1.173888768000000000e+09,1.974799564800000000e+11,6.154699251055717468e-02
2.600000000000000000e+01,1.894000000000000000e+03,1.054282225624821052e+02,1.802775637731994507e-01,8.600000000000000000e+01,8.359140864000000000e+09,6.356979548160000000e+11,3.633834123611450195e-01
3.553000000000000000e+03,3.416000000000000000e+03,8.230106880724511598e+01,1.756820922315766309e-01,1.360000000000000000e+02,5.107780096000000000e+09,4.809077555200000000e+11,6.091393232345581055e-01
6.090000000000000000e+02,2.595000000000000000e+03,2.839747330669349168e+01,1.792654619833765339e-01,4.100000000000000000e+01,3.039488614400000000e+10,1.064241790976000000e+12,7.708724141120910645e-01
7.130000000000000000e+02,1.544000000000000000e+03,5.269911082190294849e+01,1.414213562373095034e-01,3.540000000000000000e+02,5.872789760000000000e+08,8.170256793600000000e+10,5.139613151550292969e-02
3.787000000000000000e+03,2.082000000000000000e+03,4.658581268613363591e+02,1.000000000000000056e-01,3.700000000000000000e+01,6.925903872000000000e+09,6.656544604160000000e+11,6.811499595642089844e-01
2.737000000000000000e+03,1.332000000000000000e+03,2.309386419875409615e+02,0.000000000000000000e+00,2.220000000000000000e+02,1.911242880000000000e+09,2.877858119680000000e+11,1.703075766563415527e-01
2.381000000000000000e+03,1.724000000000000000e+03,1.431194030451181902e+02,1.764705882352941291e-01,1.390000000000000000e+02,8.027903488000000000e+09,4.483424911360000000e+11,3.236294984817504883e-01
3.540000000000000000e+02,6.250000000000000000e+02,6.925627428122388096e+01,1.499999999999999944e-01,6.900000000000000000e+01,2.519118848000000000e+09,6.528198901760000000e+11,4.075180888175964355e-01
2.805000000000000000e+03,2.430000000000000000e+03,1.104058275813307830e+02,6.666666666666666574e-02,2.110000000000000000e+02,1.372552576000000000e+09,2.953143582720000000e+11,3.066765964031219482e-01
1.001000000000000000e+03,1.280000000000000000e+03,3.743055155799267908e+01,1.976423537605237202e-01,1.720000000000000000e+02,2.377929984000000000e+09,3.280464117760000000e+11,2.886517047882080078e-01
1.612000000000000000e+03,2.958000000000000000e+03,1.487523370085078511e+02,6.428243465332250661e-02,5.400000000000000000e+01,1.041408819200000000e+10,8.919000023040000000e+11,2.400319814682006836e+00
3.783000000000000000e+03,2.083000000000000000e+03,2.409439669747073935e+02,1.118033988749894958e-01,3.700000000000000000e+01,6.925903872000000000e+09,6.656544604160000000e+11,6.811499595642089844e-01
4.140000000000000000e+02,1.365000000000000000e+03,6.635598235724471294e+01,4.159451654038515134e-02,3.000000000000000000e+00,6.902842163200000000e+10,3.272609628160000000e+12,7.570462226867675781e-01
9.430000000000000000e+02,3.724000000000000000e+03,1.283278045258659859e+02,7.443229275647869625e-02,8.700000000000000000e+01,7.962043904000000000e+09,6.099624919040000000e+11,7.106984853744506836e-01
1.330000000000000000e+02,2.324000000000000000e+03,1.094882394135450312e+02,1.923076923076923184e-01,1.000000000000000000e+01,1.996886425600000000e+10,1.406474911744000000e+12,1.505521297454833984e+00
2.251000000000000000e+03,1.341000000000000000e+03,4.263069848942719204e+02,1.118033988749894958e-01,8.100000000000000000e+01,8.068609536000000000e+09,7.168793640960000000e+11,7.845193743705749512e-01
3.444000000000000000e+03,5.080000000000000000e+02,7.593904563108004879e+01,1.176877882894626220e-01,5.900000000000000000e+01,4.818864128000000000e+09,5.752418467840000000e+11,5.228825211524963379e-01
3.657000000000000000e+03,4.530000000000000000e+02,6.855896530672764300e+01,1.716929178792375721e-01,7.500000000000000000e+01,9.171800064000000000e+09,7.418361282560000000e+11,1.302706003189086914e+00
2.174000000000000000e+03,1.160000000000000000e+02,1.661772906721991774e+02,1.250000000000000000e-01,4.000000000000000000e+01,2.409143500800000000e+10,1.124034150400000000e+12,1.411813020706176758e+00
6.100000000000000000e+02,2.588000000000000000e+03,4.911277004292015391e+01,1.304347826086956486e-01,4.100000000000000000e+01,3.039488614400000000e+10,1.064241790976000000e+12,7.708724141120910645e-01
5.000000000000000000e+00,2.884000000000000000e+03,5.757010178804787870e+01,1.490711984999859852e-01,2.500000000000000000e+02,8.211125120000000000e+08,2.586923663360000000e+11,1.097938567399978638e-01
2.584000000000000000e+03,2.240000000000000000e+02,8.345123011338814933e+01,1.597191412499849861e-01,2.420000000000000000e+02,4.223672320000000000e+08,2.294449438720000000e+11,4.048020020127296448e-02
3.992000000000000000e+03,1.520000000000000000e+03,4.282689851537607950e+01,1.720052290384453675e-01,3.070000000000000000e+02,6.826536320000000000e+08,1.672112209920000000e+11,8.619345724582672119e-02
3.202000000000000000e+03,1.937000000000000000e+03,6.623320645502251125e+01,1.664356663246515655e-01,1.130000000000000000e+02,7.726062080000000000e+09,5.761304494080000000e+11,5.950784087181091309e-01
3.712000000000000000e+03,2.816000000000000000e+03,9.483851898550108217e+01,1.428571428571428492e-01,2.480000000000000000e+02,1.529134080000000000e+09,2.136252088320000000e+11,1.656225137412548065e-02
2.726000000000000000e+03,1.571000000000000000e+03,8.493745027612594356e+01,1.490711984999859852e-01,1.850000000000000000e+02,5.017332224000000000e+09,3.059564871680000000e+11,8.744556903839111328e-01
1.248000000000000000e+03,1.353000000000000000e+03,6.676623353073338762e+00,1.250000000000000000e-01,3.600000000000000000e+02,5.049757760000000000e+08,4.579411968000000000e+10,0.000000000000000000e+00
5.800000000000000000e+02,8.160000000000000000e+02,3.535528066514260104e+02,0.000000000000000000e+00,2.180000000000000000e+02,8.583511040000000000e+08,2.650792919040000000e+11,1.668343096971511841e-01
3.992000000000000000e+03,1.519000000000000000e+03,5.200535581903902482e+01,1.087856586440842377e-01,3.070000000000000000e+02,6.826536320000000000e+08,1.672112209920000000e+11,8.619345724582672119e-02
2.640000000000000000e+03,3.083000000000000000e+03,6.282721366451345091e+01,1.851851851851851749e-01,1.500000000000000000e+01,3.527756185600000000e+10,1.735473496064000000e+12,1.871760040521621704e-01
3.855000000000000000e+03,1.350000000000000000e+03,8.600035889728265204e+01,1.499999999999999944e-01,0.000000000000000000e+00,7.301141299200000000e+10,5.371525595136000000e+12,3.230303525924682617e-01
3.981000000000000000e+03,2.416000000000000000e+03,2.307895650776640650e+01,1.863389981249824745e-01,4.500000000000000000e+01,2.933959884800000000e+10,1.161086107648000000e+12,0.000000000000000000e+00
4.120000000000000000e+02,1.369000000000000000e+03,3.847769614520563408e+01,9.300816647554056849e-02,3.000000000000000000e+00,6.902842163200000000e+10,3.272609628160000000e+12,7.570462226867675781e-01
3.293000000000000000e+03,6.400000000000000000e+02,5.526503030616919432e+01,1.538461538461538547e-01,2.890000000000000000e+02,4.774969280000000000e+08,1.903992668160000000e+11,2.638908661901950836e-02
1.307000000000000000e+03,2.005000000000000000e+03,3.024301753865311184e+02,8.695652173913043237e-02,4.200000000000000000e+01,1.348992307200000000e+10,1.067025235968000000e+12,3.646400213241577148e+00
3.265000000000000000e+03,2.771000000000000000e+03,7.111568963626636730e+01,4.347826086956521618e-02,2.800000000000000000e+01,1.262479360000000000e+10,1.088863928320000000e+12,7.823085188865661621e-01
1.307000000000000000e+03,1.394000000000000000e+03,8.492429448929726732e+01,1.802775637731994507e-01,3.400000000000000000e+01,1.266510643200000000e+10,7.028321812480000000e+11,3.640272617340087891e-01
2.025000000000000000e+03,7.820000000000000000e+02,1.758936666289442314e+02,4.761904761904761640e-02,6.400000000000000000e+01,8.225184256000000000e+09,7.782105088000000000e+11,7.376434803009033203e-01
1.768000000000000000e+03,1.273000000000000000e+03,1.717175646568051661e+02,5.882352941176470507e-02,1.320000000000000000e+02,4.678830592000000000e+09,4.214285598720000000e+11,3.574668765068054199e-01
4.150000000000000000e+02,1.361000000000000000e+03,1.025229026614526759e+02,1.583872002098383469e-01,3.000000000000000000e+00,6.902842163200000000e+10,3.272609628160000000e+12,7.570462226867675781e-01
4.110000000000000000e+02,1.360000000000000000e+03,5.588525852744759703e+01,1.860163329510811370e-01,3.000000000000000000e+00,6.902842163200000000e+10,3.272609628160000000e+12,7.570462226867675781e-01
2.844000000000000000e+03,5.400000000000000000e+02,5.689323886638577221e+01,8.838834764831844659e-02,1.460000000000000000e+02,2.242444032000000000e+09,3.406583234560000000e+11,1.633618921041488647e-01
3.730000000000000000e+02,3.311000000000000000e+03,2.341363866876453130e+02,1.664356663246515655e-01,4.600000000000000000e+01,1.400953139200000000e+10,6.190456504320000000e+11,1.350523829460144043e+00
2.512000000000000000e+03,1.578000000000000000e+03,1.077536969960706728e+02,1.437398936440172637e-01,4.300000000000000000e+01,1.761921638400000000e+10,9.155836641280000000e+11,3.939166545867919922e+00
1.612000000000000000e+03,2.959000000000000000e+03,1.277659664414042027e+02,1.016394535227177209e-01,5.400000000000000000e+01,1.041408819200000000e+10,8.919000023040000000e+11,2.400319814682006836e+00
3.820000000000000000e+03,2.194000000000000000e+03,5.516664631691580922e+01,1.665986255670085792e-01,5.000000000000000000e+00,6.303399526400000000e+10,3.637388771328000000e+12,2.569424629211425781e+00
1.266000000000000000e+03,3.924000000000000000e+03,4.869089970168230508e+01,1.386750490563072868e-01,2.700000000000000000e+01,4.451796172800000000e+10,1.408662896640000000e+12,3.526160120964050293e-01
6.290000000000000000e+02,4.970000000000000000e+02,1.239265608919720307e+02,1.315334104411640948e-01,1.510000000000000000e+02,1.992101248000000000e+09,4.080898211840000000e+11,6.955169886350631714e-02
2.611000000000000000e+03,3.995000000000000000e+03,9.252695566904915836e+01,1.527076157636170495e-01,2.200000000000000000e+01,4.871026278400000000e+10,1.682183815168000000e+12,0.000000000000000000e+00
6.170000000000000000e+02,3.764000000000000000e+03,5.584479837264807145e+01,1.631784879661263288e-01,2.400000000000000000e+01,4.572494233600000000e+10,1.500802318336000000e+12,4.620099544525146484e+00
2.087000000000000000e+03,2.810000000000000000e+03,1.075844117982969834e+02,8.333333333333332871e-02,3.410000000000000000e+02,6.574589440000000000e+08,1.499270348800000000e+11,1.997702196240425110e-02
2.100000000000000000e+01,1.898000000000000000e+03,1.019317746967793710e+02,1.414213562373095034e-01,8.600000000000000000e+01,8.359140864000000000e+09,6.356979548160000000e+11,3.633834123611450195e-01
6.600000000000000000e+02,1.734000000000000000e+03,2.460169459078956322e+02,1.176877882894626220e-01,3.000000000000000000e+01,1.417263513600000000e+10,6.153933946880000000e+11,9.578550457954406738e-01
1.150000000000000000e+03,1.557000000000000000e+03,7.533497782570526624e+01,1.863389981249824745e-01,3.420000000000000000e+02,4.908336320000000000e+08,1.605870387200000000e+11,0.000000000000000000e+00
3.425000000000000000e+03,9.450000000000000000e+02,3.142266925207003965e+02,8.318903308077030267e-02,1.620000000000000000e+02,3.060062976000000000e+09,3.823545876480000000e+11,2.805753350257873535e-01
2.575000000000000000e+03,8.400000000000000000e+02,9.784011347287551530e+01,5.656854249492380277e-02,3.500000000000000000e+01,2.461768089600000000e+10,1.257411051520000000e+12,0.000000000000000000e+00
3.978000000000000000e+03,2.588000000000000000e+03,7.564030405168419691e+01,1.860163329510811370e-01,1.640000000000000000e+02,2.869155584000000000e+09,3.821064683520000000e+11,7.292455434799194336e-01
9.250000000000000000e+02,5.400000000000000000e+01,6.339147303175944614e+01,6.898602743283391292e-02,2.000000000000000000e+00,4.836097638400000000e+10,5.956759453696000000e+12,4.612917602062225342e-01
2.884000000000000000e+03,3.526000000000000000e+03,2.052858895755845197e+02,3.846153846153846367e-02,2.500000000000000000e+01,2.538148249600000000e+10,1.442943729664000000e+12,1.294092535972595215e-01
2.050000000000000000e+02,3.750000000000000000e+02,2.646184810236896112e+01,1.663780661615406053e-01,1.650000000000000000e+02,2.563304704000000000e+09,4.133531811840000000e+11,7.525227665901184082e-01
3.107000000000000000e+03,1.262000000000000000e+03,1.114150124095486802e+02,1.505846504842085487e-01,7.300000000000000000e+01,6.995432448000000000e+09,7.722072145920000000e+11,6.042641401290893555e-01
2.233000000000000000e+03,2.158000000000000000e+03,1.171215247609067376e+02,1.000000000000000056e-01,8.300000000000000000e+01,8.956526592000000000e+09,6.515022233600000000e+11,5.435594320297241211e-01
3.777000000000000000e+03,1.086000000000000000e+03,8.019183687785417192e+01,1.178511301977579334e-01,3.290000000000000000e+02,6.989276160000000000e+08,1.463262740480000000e+11,5.058890208601951599e-02
3.203000000000000000e+03,3.000000000000000000e+03,1.337498375015998704e+02,1.397542485937368628e-01,1.820000000000000000e+02,2.496905216000000000e+09,3.449701007360000000e+11,1.933547407388687134e-01
1.492000000000000000e+03,1.420000000000000000e+03,8.681940900375174408e+01,1.488645855129573925e-01,1.050000000000000000e+02,1.297780121600000000e+10,5.435112488960000000e+11,6.052412390708923340e-01
1.146000000000000000e+03,3.897000000000000000e+03,8.329299479630681446e+01,1.666666666666666574e-01,8.000000000000000000e+00,3.991272652800000000e+10,2.224507322368000000e+12,9.772834777832031250e-01
3.088000000000000000e+03,3.618000000000000000e+03,6.430330297655370941e+01,1.821078397711708707e-01,1.800000000000000000e+01,4.353104691200000000e+10,1.882279772160000000e+12,3.471975401043891907e-02
9.200000000000000000e+02,6.000000000000000000e+01,1.043209925084134966e+02,1.219512195121951192e-01,2.000000000000000000e+00,4.836097638400000000e+10,5.956759453696000000e+12,4.612917602062225342e-01
1.844000000000000000e+03,3.661000000000000000e+03,1.326844304062737194e+02,1.397542485937368628e-01,1.870000000000000000e+02,2.693199360000000000e+09,3.451426570240000000e+11,2.012060433626174927e-01
2.449000000000000000e+03,4.830000000000000000e+02,5.791683472811551070e+01,1.087856586440842377e-01,2.950000000000000000e+02,5.136313920000000000e+08,1.722018856960000000e+11,7.479093223810195923e-02
2.068000000000000000e+03,2.842000000000000000e+03,3.331937314124861018e+02,1.000000000000000056e-01,6.800000000000000000e+01,1.048354918400000000e+10,7.046033571840000000e+11,8.116820454597473145e-01
3.780000000000000000e+03,1.084000000000000000e+03,6.987784430882106790e+01,1.863389981249824745e-01,3.290000000000000000e+02,6.989276160000000000e+08,1.463262740480000000e+11,5.058890208601951599e-02
4.130000000000000000e+02,1.365000000000000000e+03,5.572160197046926555e+01,2.941176470588235253e-02,3.000000000000000000e+00,6.902842163200000000e+10,3.272609628160000000e+12,7.570462226867675781e-01
9.450000000000000000e+02,3.726000000000000000e+03,6.638248742599317609e+01,1.664356663246515655e-01,8.700000000000000000e+01,7.962043904000000000e+09,6.099624919040000000e+11,7.106984853744506836e-01
3.589000000000000000e+03,1.172000000000000000e+03,2.227103572970958112e+01,1.851851851851851749e-01,6.000000000000000000e+00,4.993640448000000000e+10,1.631447547904000000e+12,2.750630855560302734e+00
1.023000000000000000e+03,1.671000000000000000e+03,5.060132803851650465e+02,1.767766952966368932e-01,3.550000000000000000e+02,4.212931200000000000e+08,4.887572480000000000e+10,0.000000000000000000e+00
3.635000000000000000e+03,3.130000000000000000e+03,1.028579946782139416e+02,1.860163329510811370e-01,1.280000000000000000e+02,3.839666176000000000e+09,4.332187156480000000e+11,1.764668971300125122e-01
8.780000000000000000e+02,1.447000000000000000e+03,2.016142485344759052e+02,9.428090415820634951e-02,1.680000000000000000e+02,8.116872320000000000e+08,3.029185986560000000e+11,2.076815217733383179e-01
2.380000000000000000e+02,1.138000000000000000e+03,3.334243940253903702e+02,4.347826086956521618e-02,5.700000000000000000e+01,8.470172672000000000e+09,9.695676334080000000e+11,1.448810100555419922e+00
3.542000000000000000e+03,2.484000000000000000e+03,8.562877663270406003e+01,1.717960677340691911e-01,3.200000000000000000e+01,2.188575744000000000e+10,1.215032852480000000e+12,2.247135162353515625e+00
2.254000000000000000e+03,1.117000000000000000e+03,5.467172193912205813e+01,5.656854249492380277e-02,3.800000000000000000e+01,2.731669299200000000e+10,1.339208237056000000e+12,0.000000000000000000e+00
2.223000000000000000e+03,3.055000000000000000e+03,9.228823936786875493e+01,1.304347826086956486e-01,1.200000000000000000e+01,3.063368704000000000e+10,1.071789244416000000e+12,1.678610682487487793e+00
1.794000000000000000e+03,6.940000000000000000e+02,8.343582867718383511e+01,1.488645855129573925e-01,9.600000000000000000e+01,7.474629632000000000e+09,5.915148943360000000e+11,2.710782289505004883e-01
1.751000000000000000e+03,2.635000000000000000e+03,9.374510971399399750e+01,1.897658566033678385e-01,1.100000000000000000e+02,5.270673408000000000e+09,5.406609571840000000e+11,2.526594698429107666e-01
2.980000000000000000e+02,2.467000000000000000e+03,6.557599140519181447e+01,1.720052290384453675e-01,2.000000000000000000e+02,8.640007680000000000e+08,2.070236200960000000e+11,9.774547070264816284e-02
3.033000000000000000e+03,1.481000000000000000e+03,7.014164860492149955e+01,1.490711984999859852e-01,1.710000000000000000e+02,1.038279296000000000e+09,2.857244098560000000e+11,5.369240045547485352e-01
3.080000000000000000e+03,1.077000000000000000e+03,2.789723209186872310e+01,1.863389981249824745e-01,2.860000000000000000e+02,4.380639680000000000e+08,1.405465559040000000e+11,8.471606671810150146e-02
2.028000000000000000e+03,3.368000000000000000e+03,3.434600022346474475e+02,7.856742013183862228e-02,1.090000000000000000e+02,4.767008768000000000e+09,5.140877803520000000e+11,8.066106438636779785e-01
1.820000000000000000e+03,1.054000000000000000e+03,1.013325806438839436e+02,1.052631578947368363e-01,1.080000000000000000e+02,3.472463104000000000e+09,6.062234009600000000e+11,1.079535961151123047e+00
1.650000000000000000e+03,3.694000000000000000e+03,9.562160224669910349e+02,5.263157894736841813e-02,9.700000000000000000e+01,2.464083968000000000e+09,5.523820380160000000e+11,3.607912957668304443e-01
3.701000000000000000e+03,2.551000000000000000e+03,5.821549187955608318e+01,6.666666666666666574e-02,1.980000000000000000e+02,1.618238080000000000e+09,3.098244218880000000e+11,1.910182833671569824e-01
2.777000000000000000e+03,3.285000000000000000e+03,6.777361934238315655e+01,1.346870059402947850e-01,6.200000000000000000e+01,1.213782118400000000e+10,7.476529725440000000e+11,1.117016077041625977e+00
3.520000000000000000e+03,2.193000000000000000e+03,3.733821294494939735e+01,1.250000000000000000e-01,1.900000000000000000e+02,2.307150592000000000e+09,3.480266670080000000e+11,2.627476155757904053e-01
1.249000000000000000e+03,2.151000000000000000e+03,7.137477968436061815e+01,1.720052290384453675e-01,3.130000000000000000e+02,4.205896000000000000e+08,1.665786183680000000e+11,3.704225644469261169e-02
6.280000000000000000e+02,5.000000000000000000e+02,1.000101551896350998e+02,1.315334104411640948e-01,1.510000000000000000e+02,1.992101248000000000e+09,4.080898211840000000e+11,6.955169886350631714e-02
2.562000000000000000e+03,3.099000000000000000e+03,6.333227401803171830e+01,1.397542485937368628e-01,1.830000000000000000e+02,1.435199104000000000e+09,3.311490170880000000e+11,1.839263886213302612e-01
5.410000000000000000e+02,2.456000000000000000e+03,1.506894170081435504e+02,1.663780661615406053e-01,1.250000000000000000e+02,2.171653120000000000e+09,3.972780195840000000e+11,5.276274681091308594e-01
3.678000000000000000e+03,1.164000000000000000e+03,9.672468895039814640e+01,1.666666666666666574e-01,1.030000000000000000e+02,4.909637632000000000e+09,5.050224476160000000e+11,1.168877959251403809e+00
3.683000000000000000e+03,2.873000000000000000e+03,2.303671084831477245e+01,1.788854381999831766e-01,3.300000000000000000e+01,2.596919091200000000e+10,1.392400793600000000e+12,4.729880765080451965e-02
2.759000000000000000e+03,1.425000000000000000e+03,6.132488153339644299e+01,1.863389981249824745e-01,3.140000000000000000e+02,3.868203520000000000e+08,1.621755658240000000e+11,4.999541863799095154e-02
2.693000000000000000e+03,3.214000000000000000e+03,1.903691836494815277e+02,1.010152544552210818e-01,2.140000000000000000e+02,2.025763840000000000e+09,2.481892065280000000e+11,3.800879716873168945e-01
3.350000000000000000e+02,1.469000000000000000e+03,1.355811090094452176e+01,1.724137931034482873e-01,1.700000000000000000e+01,5.264295936000000000e+10,2.150357925888000000e+12,1.609793305397033691e-01
1.820000000000000000e+03,1.055000000000000000e+03,8.725433090605969255e+02,5.263157894736841813e-02,1.080000000000000000e+02,3.472463104000000000e+09,6.062234009600000000e+11,1.079535961151123047e+00
3.274000000000000000e+03,3.289000000000000000e+03,4.117768170808492414e+02,1.593443597997745154e-01,4.000000000000000000e+00,4.576543129600000000e+10,2.901718335488000000e+12,1.090228271484375000e+01
2.723000000000000000e+03,2.469000000000000000e+03,1.329148846460542188e+02,6.428243465332250661e-02,5.300000000000000000e+01,1.131311718400000000e+10,9.541244682240000000e+11,1.090019583702087402e+00
2.758000000000000000e+03,3.674000000000000000e+03,3.078733475572177554e+02,6.666666666666666574e-02,1.290000000000000000e+02,1.944571648000000000e+09,2.719028346880000000e+11,3.264051377773284912e-01
1.280000000000000000e+02,2.332000000000000000e+03,1.072298366013772863e+02,1.961161351381840168e-01,1.000000000000000000e+01,1.996886425600000000e+10,1.406474911744000000e+12,1.505521297454833984e+00
3.401000000000000000e+03,1.756000000000000000e+03,1.143177213139898356e+02,9.428090415820634951e-02,2.050000000000000000e+02,2.007096576000000000e+09,3.110571868160000000e+11,3.634668886661529541e-02
1.920000000000000000e+03,3.049000000000000000e+03,5.855949433230848200e+01,1.976423537605237202e-01,1.630000000000000000e+02,4.056990720000000000e+09,3.779123281920000000e+11,1.363024413585662842e-01
2.981000000000000000e+03,4.500000000000000000e+01,7.415962857672340647e+01,1.888525745775105347e-01,1.100000000000000000e+01,3.576540364800000000e+10,1.680807821312000000e+12,2.075748682022094727e+00
1.941000000000000000e+03,3.869000000000000000e+03,4.727382451097114568e+01,1.739130434782608647e-01,5.200000000000000000e+01,3.828430028800000000e+10,1.034564075520000000e+12,0.000000000000000000e+00
1.273000000000000000e+03,1.808000000000000000e+03,5.330604931592161932e+01,1.502313031443328895e-01,3.600000000000000000e+01,1.450358067200000000e+10,1.097609969664000000e+12,1.465617537498474121e+00
3.015000000000000000e+03,5.640000000000000000e+02,1.296000479307447506e+02,1.111111111111111049e-01,1.220000000000000000e+02,6.462716928000000000e+09,4.743136870400000000e+11,2.938182950019836426e-01
7.430000000000000000e+02,1.104000000000000000e+03,3.854481870360758933e+01,1.663780661615406053e-01,1.230000000000000000e+02,3.450585344000000000e+09,4.269201489920000000e+11,4.118150472640991211e-01
4.150000000000000000e+02,1.369000000000000000e+03,4.190206915693963197e+01,1.060456257489408582e-01,3.000000000000000000e+00,6.902842163200000000e+10,3.272609628160000000e+12,7.570462226867675781e-01
2.469000000000000000e+03,3.114000000000000000e+03,2.154707692297296830e+02,1.243293543263444545e-01,7.000000000000000000e+00,4.260092313600000000e+10,2.118265864192000000e+12,1.421061873435974121e+00
7.460000000000000000e+02,1.099000000000000000e+03,7.065465130275792660e+01,1.860163329510811370e-01,1.230000000000000000e+02,3.450585344000000000e+09,4.269201489920000000e+11,4.118150472640991211e-01
1.789000000000000000e+03,6.960000000000000000e+02,9.026690587872919025e+01,1.578947368421052544e-01,9.600000000000000000e+01,7.474629632000000000e+09,5.915148943360000000e+11,2.710782289505004883e-01
1.823000000000000000e+03,2.207000000000000000e+03,9.522059128585448207e+01,1.428571428571428492e-01,2.410000000000000000e+02,6.423651200000000000e+08,2.507693752320000000e+11,9.978354722261428833e-02
2.616000000000000000e+03,3.998000000000000000e+03,3.893062105555745234e+01,1.527076157636170495e-01,2.200000000000000000e+01,4.871026278400000000e+10,1.682183815168000000e+12,0.000000000000000000e+00
2.512000000000000000e+03,1.572000000000000000e+03,1.123726602367031688e+02,1.437398936440172637e-01,4.300000000000000000e+01,1.761921638400000000e+10,9.155836641280000000e+11,3.939166545867919922e+00
2.809000000000000000e+03,3.782000000000000000e+03,8.923128689109792333e+01,1.428571428571428492e-01,2.260000000000000000e+02,1.694067840000000000e+09,2.313366077440000000e+11,1.372270882129669189e-01
3.692000000000000000e+03,1.580000000000000000e+02,2.304813764191264056e+02,1.118033988749894958e-01,8.400000000000000000e+01,9.303531520000000000e+09,6.815071600640000000e+11,3.154100179672241211e-01
3.432000000000000000e+03,1.230000000000000000e+03,4.121698120094212214e+01,1.860163329510811370e-01,1.000000000000000000e+02,2.065479552000000000e+09,4.219889909760000000e+11,5.504037141799926758e-01
3.036000000000000000e+03,1.483000000000000000e+03,1.164710721508303664e+02,9.428090415820634951e-02,1.710000000000000000e+02,1.038279296000000000e+09,2.857244098560000000e+11,5.369240045547485352e-01
3.160000000000000000e+03,3.273000000000000000e+03,6.523046525473903046e+01,1.597191412499849861e-01,2.430000000000000000e+02,3.815572160000000000e+08,2.447413084160000000e+11,1.630178391933441162e-01
2.507000000000000000e+03,7.380000000000000000e+02,4.508536364646094796e+01,2.000000000000000111e-01,1.040000000000000000e+02,1.506699520000000000e+09,3.044843192320000000e+11,2.345273643732070923e-01
1.800000000000000000e+03,7.980000000000000000e+02,3.078886961106406943e+02,5.882352941176470507e-02,1.600000000000000000e+02,2.614074880000000000e+09,3.916269158400000000e+11,1.103178709745407104e-01
1.608000000000000000e+03,2.959000000000000000e+03,1.201727497421409936e+02,1.638886943392722229e-01,5.400000000000000000e+01,1.041408819200000000e+10,8.919000023040000000e+11,2.400319814682006836e+00
6.140000000000000000e+02,2.592000000000000000e+03,3.856341892316186204e+01,1.792654619833765339e-01,4.100000000000000000e+01,3.039488614400000000e+10,1.064241790976000000e+12,7.708724141120910645e-01
3.394000000000000000e+03,2.936000000000000000e+03,3.967758048467737098e+01,1.963383631246505001e-01,7.400000000000000000e+01,1.621565542400000000e+10,7.788651479040000000e+11,5.994437336921691895e-01
3.772000000000000000e+03,1.263000000000000000e+03,4.235028036450435707e+02,4.545454545454545581e-02,6.100000000000000000e+01,1.627101593600000000e+10,8.702694522880000000e+11,3.920187950134277344e+00
2.393000000000000000e+03,9.180000000000000000e+02,2.133550960164652395e+02,1.333333333333333315e-01,2.040000000000000000e+02,2.069250304000000000e+09,3.103355699200000000e+11,2.170622348785400391e-01
2.782000000000000000e+03,3.285000000000000000e+03,5.003200085901495697e+01,1.716929178792375721e-01,6.200000000000000000e+01,1.213782118400000000e+10,7.476529725440000000e+11,1.117016077041625977e+00
1.647000000000000000e+03,3.693000000000000000e+03,3.413896646777372013e+01,1.897658566033678385e-01,9.700000000000000000e+01,2.464083968000000000e+09,5.523820380160000000e+11,3.607912957668304443e-01
3.149000000000000000e+03,3.952000000000000000e+03,4.854299795374114979e+01,1.767766952966368932e-01,2.170000000000000000e+02,5.120787200000000000e+08,3.151246131200000000e+11,2.553134262561798096e-01
2.702000000000000000e+03,3.096000000000000000e+03,7.798287312317694386e+01,1.818181818181818232e-01,2.360000000000000000e+02,5.399721600000000000e+08,1.266959237120000000e+11,7.340902090072631836e-02
1.489000000000000000e+03,1.416000000000000000e+03,2.385549627826348740e+02,1.176877882894626220e-01,1.050000000000000000e+02,1.297780121600000000e+10,5.435112488960000000e+11,6.052412390708923340e-01
1.355000000000000000e+03,1.759000000000000000e+03,5.723380381913032977e+01,1.720052290384453675e-01,2.960000000000000000e+02,1.173888768000000000e+09,1.974799564800000000e+11,6.154699251055717468e-02
3.786000000000000000e+03,2.080000000000000000e+03,3.652732643492255420e+02,1.118033988749894958e-01,3.700000000000000000e+01,6.925903872000000000e+09,6.656544604160000000e+11,6.811499595642089844e-01
1.979000000000000000e+03,1.504000000000000000e+03,8.758593972893794444e+01,1.315334104411640948e-01,1.500000000000000000e+02,2.156276224000000000e+09,3.887007006720000000e+11,2.612947225570678711e-01
1.953000000000000000e+03,3.913000000000000000e+03,9.302403393366249418e+01,2.000000000000000111e-01,1.860000000000000000e+02,9.393569920000000000e+08,2.994678333440000000e+11,8.796782791614532471e-02
3.854000000000000000e+03,1.363000000000000000e+03,7.869093646585697854e+01,1.767766952966368932e-01,0.000000000000000000e+00,7.301141299200000000e+10,5.371525595136000000e+12,3.230303525924682617e-01
1.413000000000000000e+03,1.626000000000000000e+03,1.189109402610947797e+02,7.443229275647869625e-02,8.200000000000000000e+01,6.161942016000000000e+09,5.409183170560000000e+11,9.187395125627517700e-02
2.724000000000000000e+03,2.470000000000000000e+03,9.432431175139640800e+01,9.090909090909091161e-02,5.300000000000000000e+01,1.131311718400000000e+10,9.541244682240000000e+11,1.090019583702087402e+00
3.391000000000000000e+03,2.941000000000000000e+03,3.958887917694286074e+01,1.963383631246505001e-01,7.400000000000000000e+01,1.621565542400000000e+10,7.788651479040000000e+11,5.994437336921691895e-01
2.513000000000000000e+03,1.576000000000000000e+03,3.429332186593203460e+02,4.545454545454545581e-02,4.300000000000000000e+01,1.761921638400000000e+10,9.155836641280000000e+11,3.939166545867919922e+00
2.829000000000000000e+03,1.217000000000000000e+03,4.248072272675954508e+01,1.756820922315766309e-01,9.800000000000000000e+01,2.222143232000000000e+09,4.761788416000000000e+11,2.608013153076171875e-01
2.381000000000000000e+03,3.824000000000000000e+03,7.809949559515010264e+01,1.860163329510811370e-01,1.070000000000000000e+02,3.027658752000000000e+09,4.165613977600000000e+11,1.792184859514236450e-01
6.190000000000000000e+02,3.757000000000000000e+03,8.560360622957273335e+01,1.585809856006792640e-01,2.400000000000000000e+01,4.572494233600000000e+10,1.500802318336000000e+12,4.620099544525146484e+00
3.495000000000000000e+03,3.186000000000000000e+03,1.644810431467253693e+02,1.118033988749894958e-01,7.200000000000000000e+01,1.264045465600000000e+10,6.807097835520000000e+11,5.790898799896240234e-01
3.978000000000000000e+03,2.593000000000000000e+03,3.220795854562094718e+01,1.315334104411640948e-01,1.640000000000000000e+02,2.869155584000000000e+09,3.821064683520000000e+11,7.292455434799194336e-01
3.994000000000000000e+03,1.516000000000000000e+03,5.165099699021922675e+01,1.720052290384453675e-01,3.070000000000000000e+02,6.826536320000000000e+08,1.672112209920000000e+11,8.619345724582672119e-02
3.198000000000000000e+03,3.796000000000000000e+03,4.545003317098852449e+02,1.250000000000000000e-01,3.100000000000000000e+01,1.797018828800000000e+10,1.127008960512000000e+12,9.884166121482849121e-01
2.210000000000000000e+03,3.704000000000000000e+03,1.062348942611374980e+02,1.767766952966368932e-01,1.200000000000000000e+02,1.413297024000000000e+09,3.281207623680000000e+11,2.572538256645202637e-01
1.950000000000000000e+03,1.569000000000000000e+03,1.104332827811486055e+02,6.250000000000000000e-02,1.670000000000000000e+02,3.063771904000000000e+09,3.769188679680000000e+11,6.263079047203063965e-01
1.715000000000000000e+03,1.660000000000000000e+03,5.344989945147302990e+01,1.437398936440172637e-01,1.300000000000000000e+01,1.214220800000000000e+10,8.739340288000000000e+11,1.179914355278015137e+00
5.280000000000000000e+02,1.731000000000000000e+03,2.454256610776878347e+02,1.581138830084189706e-01,8.500000000000000000e+01,1.334152294400000000e+10,6.413754040320000000e+11,2.690244674682617188e+00
2.086000000000000000e+03,3.076000000000000000e+03,7.506927167790195199e+01,1.176470588235294101e-01,1.570000000000000000e+02,3.798783232000000000e+09,3.840699924480000000e+11,9.788149595260620117e-01
7.450000000000000000e+02,3.028000000000000000e+03,7.184584753172600813e+01,7.856742013183862228e-02,1.350000000000000000e+02,3.606882304000000000e+09,4.865386741760000000e+11,4.158747792243957520e-01
2.379000000000000000e+03,1.726000000000000000e+03,3.229786950384344095e+02,1.315334104411640948e-01,1.390000000000000000e+02,8.027903488000000000e+09,4.483424911360000000e+11,3.236294984817504883e-01
2.690000000000000000e+03,3.213000000000000000e+03,1.599927237110013891e+02,1.428571428571428492e-01,2.140000000000000000e+02,2.025763840000000000e+09,2.481892065280000000e+11,3.800879716873168945e-01
2.977000000000000000e+03,4.500000000000000000e+01,1.241162320784840176e+02,5.237828008789241485e-02,1.100000000000000000e+01,3.576540364800000000e+10,1.680807821312000000e+12,2.075748682022094727e+00
1.920000000000000000e+03,3.053000000000000000e+03,8.730831862154703060e+01,8.838834764831844659e-02,1.630000000000000000e+02,4.056990720000000000e+09,3.779123281920000000e+11,1.363024413585662842e-01
3.404000000000000000e+03,2.280000000000000000e+03,6.527880782592499997e+01,1.885618083164126990e-01,2.150000000000000000e+02,1.763839616000000000e+09,2.953210757120000000e+11,1.914934664964675903e-01
2.799000000000000000e+03,2.540000000000000000e+02,3.935687076249698180e+01,1.818181818181818232e-01,3.490000000000000000e+02,7.084465280000000000e+08,1.148177530880000000e+11,4.367232322692871094e-02
6.250000000000000000e+02,3.762000000000000000e+03,4.439221349743189649e+01,1.961161351381840168e-01,2.400000000000000000e+01,4.572494233600000000e+10,1.500802318336000000e+12,4.620099544525146484e+00
2.773000000000000000e+03,3.280000000000000000e+02,2.441863176635078503e+01,1.397542485937368628e-01,1.760000000000000000e+02,1.897518080000000000e+09,3.672120360960000000e+11,2.138888686895370483e-01
9.900000000000000000e+01,1.336000000000000000e+03,2.313168149694660372e+02,1.567630989332169100e-01,5.000000000000000000e+01,1.556661555200000000e+10,9.990592266240000000e+11,1.033417701721191406e+00
6.580000000000000000e+02,1.733000000000000000e+03,1.030595024480359854e+02,1.664356663246515655e-01,3.000000000000000000e+01,1.417263513600000000e+10,6.153933946880000000e+11,9.578550457954406738e-01
1.247000000000000000e+03,1.355000000000000000e+03,6.858281710697882616e+00,1.767766952966368932e-01,3.600000000000000000e+02,5.049757760000000000e+08,4.579411968000000000e+10,0.000000000000000000e+00
2.222000000000000000e+03,3.055000000000000000e+03,9.677083913849244823e+01,1.374903330507991073e-01,1.200000000000000000e+01,3.063368704000000000e+10,1.071789244416000000e+12,1.678610682487487793e+00
2.730000000000000000e+02,2.830000000000000000e+02,9.820408732815391772e+01,1.428571428571428492e-01,2.270000000000000000e+02,6.140675200000000000e+08,2.543858974720000000e+11,4.976339638233184814e-01
2.518000000000000000e+03,4.290000000000000000e+02,5.598478124036723358e+01,1.860163329510811370e-01,1.310000000000000000e+02,2.237285376000000000e+09,4.049037557760000000e+11,2.605060040950775146e-01
1.852000000000000000e+03,1.584000000000000000e+03,3.339428186918546970e+01,1.490711984999859852e-01,2.240000000000000000e+02,1.496969344000000000e+09,2.768687267840000000e+11,1.539164930582046509e-01
2.775000000000000000e+03,3.284000000000000000e+03,6.830805051545048912e+01,1.963383631246505001e-01,6.200000000000000000e+01,1.213782118400000000e+10,7.476529725440000000e+11,1.117016077041625977e+00
3.400000000000000000e+02,1.469000000000000000e+03,3.202362843857316932e+01,1.090440572471854941e-01,1.700000000000000000e+01,5.264295936000000000e+10,2.150357925888000000e+12,1.609793305397033691e-01
2.880000000000000000e+02,2.721000000000000000e+03,3.871404884526825185e+01,1.863389981249824745e-01,3.320000000000000000e+02,3.615825280000000000e+08,1.449192488960000000e+11,2.213831804692745209e-02
1.792000000000000000e+03,6.950000000000000000e+02,2.111976913391138737e+02,5.263157894736841813e-02,9.600000000000000000e+01,7.474629632000000000e+09,5.915148943360000000e+11,2.710782289505004883e-01
3.816000000000000000e+03,2.195000000000000000e+03,7.537553099035000059e+01,1.178030178747903056e-01,5.000000000000000000e+00,6.303399526400000000e+10,3.637388771328000000e+12,2.569424629211425781e+00
2.261000000000000000e+03,5.950000000000000000e+02,4.565604762644776571e+01,1.720052290384453675e-01,3.040000000000000000e+02,3.876726720000000000e+08,1.808310599680000000e+11,3.964058309793472290e-02
2.061000000000000000e+03,3.997000000000000000e+03,1.202671811391352179e+02,1.538461538461538547e-01,1.780000000000000000e+02,3.707405120000000000e+08,1.698027438080000000e+11,1.132679879665374756e-01
2.558000000000000000e+03,3.100000000000000000e+03,8.422295236242565863e+01,1.250000000000000000e-01,1.830000000000000000e+02,1.435199104000000000e+09,3.311490170880000000e+11,1.839263886213302612e-01
3.294000000000000000e+03,6.370000000000000000e+02,7.257691652281084771e+01,1.087856586440842377e-01,2.890000000000000000e+02,4.774969280000000000e+08,1.903992668160000000e+11,2.638908661901950836e-02
3.092000000000000000e+03,1.079000000000000000e+03,1.456831813094524080e+02,1.374903330507991073e-01,4.700000000000000000e+01,2.149117542400000000e+10,1.025539571712000000e+12,2.488818407058715820e+00
9.280000000000000000e+02,4.670000000000000000e+02,6.260053069854063779e+01,1.585809856006792640e-01,9.000000000000000000e+00,2.194928844800000000e+10,1.422013628416000000e+12,3.583382368087768555e+00
1.300000000000000000e+02,2.331000000000000000e+03,1.121172899314291982e+02,1.585809856006792640e-01,1.000000000000000000e+01,1.996886425600000000e+10,1.406474911744000000e+12,1.505521297454833984e+00
7.160000000000000000e+02,8.790000000000000000e+02,8.188428316210071500e+01,0.000000000000000000e+00,3.220000000000000000e+02,3.776140160000000000e+08,1.603867115520000000e+11,2.872906066477298737e-02
6.120000000000000000e+02,2.594000000000000000e+03,4.033918747899891599e+01,1.567630989332169100e-01,4.100000000000000000e+01,3.039488614400000000e+10,1.064241790976000000e+12,7.708724141120910645e-01
1.795000000000000000e+03,6.940000000000000000e+02,4.246671193995410221e+01,1.897658566033678385e-01,9.600000000000000000e+01,7.474629632000000000e+09,5.915148943360000000e+11,2.710782289505004883e-01
3.883000000000000000e+03,1.992000000000000000e+03,6.742304993928613044e+01,1.963383631246505001e-01,6.500000000000000000e+01,1.248056729600000000e+10,7.399516405760000000e+11,2.149243831634521484e+00
3.147000000000000000e+03,1.830000000000000000e+02,7.732691795821600067e+01,1.597191412499849861e-01,2.550000000000000000e+02,1.040948736000000000e+09,2.294191390720000000e+11,1.502451896667480469e-01
3.277000000000000000e+03,6.110000000000000000e+02,1.063144319841150747e+02,1.538461538461538547e-01,2.700000000000000000e+02,9.765783680000000000e+08,1.974550200320000000e+11,1.784845441579818726e-01
2.222000000000000000e+03,3.060000000000000000e+03,9.407261544191788971e+01,9.722034684781695468e-02,1.200000000000000000e+01,3.063368704000000000e+10,1.071789244416000000e+12,1.678610682487487793e+00
1.200000000000000000e+02,3.028000000000000000e+03,9.311386048534885163e+01,1.976423537605237202e-01,1.810000000000000000e+02,1.703606272000000000e+09,3.191276830720000000e+11,1.524101495742797852e-01
2.761000000000000000e+03,3.675000000000000000e+03,4.643830004394051514e+01,1.490711984999859852e-01,1.290000000000000000e+02,1.944571648000000000e+09,2.719028346880000000e+11,3.264051377773284912e-01
4.900000000000000000e+02,8.280000000000000000e+02,2.671804174543908630e+02,1.064794274999899953e-01,4.900000000000000000e+01,7.905716224000000000e+09,7.715926179840000000e+11,2.006682634353637695e+00
2.420000000000000000e+03,2.665000000000000000e+03,6.790052232118678432e+01,1.663780661615406053e-01,1.480000000000000000e+02,1.149997056000000000e+09,4.166995148800000000e+11,1.336990147829055786e-01
3.883000000000000000e+03,1.993000000000000000e+03,1.269395898000899479e+02,1.904761904761904656e-01,6.500000000000000000e+01,1.248056729600000000e+10,7.399516405760000000e+11,2.149243831634521484e+00
2.775000000000000000e+03,3.283000000000000000e+03,6.801331223739207132e+01,1.904761904761904656e-01,6.200000000000000000e+01,1.213782118400000000e+10,7.476529725440000000e+11,1.117016077041625977e+00
3.976000000000000000e+03,2.092000000000000000e+03,1.794672202715592277e+02,5.263157894736841813e-02,7.600000000000000000e+01,6.012193792000000000e+09,5.932355420160000000e+11,2.364895343780517578e-01
1.623000000000000000e+03,5.700000000000000000e+01,1.145272084940319530e+02,1.315334104411640948e-01,1.260000000000000000e+02,4.513734144000000000e+09,4.525443645440000000e+11,9.953110814094543457e-01
6.130000000000000000e+02,2.592000000000000000e+03,5.350804215286827059e+01,1.374903330507991073e-01,4.100000000000000000e+01,3.039488614400000000e+10,1.064241790976000000e+12,7.708724141120910645e-01
6.860000000000000000e+02,1.613000000000000000e+03,7.435631479235570396e+01,1.176877882894626220e-01,1.060000000000000000e+02,8.503719424000000000e+09,5.539100098560000000e+11,1.529115915298461914e+00
3.782000000000000000e+03,2.084000000000000000e+03,7.404831126872346658e+01,1.802775637731994507e-01,3.700000000000000000e+01,6.925903872000000000e+09,6.656544604160000000e+11,6.811499595642089844e-01
2.261000000000000000e+03,5.940000000000000000e+02,6.851080781600992964e+01,1.087856586440842377e-01,3.040000000000000000e+02,3.876726720000000000e+08,1.808310599680000000e+11,3.964058309793472290e-02
3.637000000000000000e+03,3.132000000000000000e+03,8.242245782421983336e+01,1.860163329510811370e-01,1.280000000000000000e+02,3.839666176000000000e+09,4.332187156480000000e+11,1.764668971300125122e-01
6.070000000000000000e+02,2.592000000000000000e+03,1.368779286614237947e+02,1.374903330507991073e-01,4.100000000000000000e+01,3.039488614400000000e+10,1.064241790976000000e+12,7.708724141120910645e-01
2.506000000000000000e+03,1.866000000000000000e+03,8.109174506828681217e+01,8.318903308077030267e-02,1.420000000000000000e+02,5.136879616000000000e+09,4.324141629440000000e+11,2.311038821935653687e-01
1.308000000000000000e+03,2.008000000000000000e+03,6.245206305372791178e+01,1.844626385704036808e-01,4.200000000000000000e+01,1.348992307200000000e+10,1.067025235968000000e+12,3.646400213241577148e+00
1.061000000000000000e+03,1.230000000000000000e+02,4.065583167587347191e+01,1.490711984999859852e-01,1.660000000000000000e+02,1.370045440000000000e+09,2.645352611840000000e+11,2.215686142444610596e-01
2.580000000000000000e+03,2.250000000000000000e+02,1.262045929415843091e+02,1.428571428571428492e-01,2.420000000000000000e+02,4.223672320000000000e+08,2.294449438720000000e+11,4.048020020127296448e-02
9.240000000000000000e+02,6.000000000000000000e+01,9.262049546895705987e+01,1.005635518443331877e-01,2.000000000000000000e+00,4.836097638400000000e+10,5.956759453696000000e+12,4.612917602062225342e-01
3.290000000000000000e+03,1.550000000000000000e+03,8.621671109399821376e+01,1.664356663246515655e-01,9.000000000000000000e+01,1.092595200000000000e+10,6.076843950080000000e+11,6.028710603713989258e-01
2.340000000000000000e+02,1.135000000000000000e+03,5.490594605809366868e+01,1.844626385704036808e-01,5.700000000000000000e+01,8.470172672000000000e+09,9.695676334080000000e+11,1.448810100555419922e+00
6.180000000000000000e+02,3.759000000000000000e+03,1.576645622037393650e+02,1.087856586440842377e-01,2.400000000000000000e+01,4.572494233600000000e+10,1.500802318336000000e+12,4.620099544525146484e+00
1.945000000000000000e+03,3.873000000000000000e+03,3.995259800523995608e+01,1.739130434782608647e-01,5.200000000000000000e+01,3.828430028800000000e+10,1.034564075520000000e+12,0.000000000000000000e+00
2.332000000000000000e+03,2.448000000000000000e+03,8.403516315194617903e+01,2.000000000000000111e-01,1.600000000000000000e+01,3.099138048000000000e+10,1.294922940416000000e+12,4.591097354888916016e+00
2.209000000000000000e+03,3.701000000000000000e+03,5.763779414583513727e+01,1.976423537605237202e-01,1.200000000000000000e+02,1.413297024000000000e+09,3.281207623680000000e+11,2.572538256645202637e-01
1.173000000000000000e+03,1.007000000000000000e+03,1.079842139453161280e+02,9.090909090909091161e-02,3.380000000000000000e+02,5.003360640000000000e+08,1.124691230720000000e+11,7.298628240823745728e-02
2.383000000000000000e+03,3.831000000000000000e+03,8.249951917143013702e+01,1.333333333333333315e-01,2.190000000000000000e+02,1.670014080000000000e+09,2.785095843840000000e+11,1.740442365407943726e-01
5.320000000000000000e+02,1.736000000000000000e+03,3.433455775080867767e+01,1.802775637731994507e-01,8.500000000000000000e+01,1.334152294400000000e+10,6.413754040320000000e+11,2.690244674682617188e+00
3.153000000000000000e+03,3.951000000000000000e+03,3.431097706051968999e+01,1.397542485937368628e-01,2.170000000000000000e+02,5.120787200000000000e+08,3.151246131200000000e+11,2.553134262561798096e-01
9.640000000000000000e+02,2.618000000000000000e+03,9.137741668076525912e+02,7.443229275647869625e-02,8.800000000000000000e+01,5.297309696000000000e+09,5.749003386880000000e+11,1.700879216194152832e+00
3.617000000000000000e+03,3.973000000000000000e+03,7.417571846368821298e+01,1.792654619833765339e-01,4.400000000000000000e+01,1.617178419200000000e+10,1.029702746112000000e+12,1.566848874092102051e+00
2.325000000000000000e+03,2.814000000000000000e+03,1.015489049962051951e+02,1.597191412499849861e-01,2.870000000000000000e+02,6.854396800000000000e+08,2.084819927040000000e+11,1.414418071508407593e-01
2.173000000000000000e+03,1.150000000000000000e+02,2.392285347021637563e+02,9.316949906249123725e-02,4.000000000000000000e+01,2.409143500800000000e+10,1.124034150400000000e+12,1.411813020706176758e+00
6.300000000000000000e+02,1.690000000000000000e+03,1.005378914961948453e+02,1.666666666666666574e-01,2.970000000000000000e+02,8.341594240000000000e+08,1.482848174080000000e+11,3.178405389189720154e-02
1.420000000000000000e+02,3.252000000000000000e+03,1.485095874616386595e+02,1.087856586440842377e-01,2.600000000000000000e+01,1.438108057600000000e+10,1.427807535104000000e+12,3.526270389556884766e+00
2.804000000000000000e+03,3.051000000000000000e+03,3.160275506475902674e+01,1.571348402636772446e-01,1.270000000000000000e+02,1.076523008000000000e+10,4.631417978880000000e+11,1.170760273933410645e+00
1.588000000000000000e+03,3.170000000000000000e+03,5.449240783185847192e+01,1.863389981249824745e-01,3.470000000000000000e+02,3.555295680000000000e+08,1.387580620800000000e+11,0.000000000000000000e+00
6.590000000000000000e+02,1.738000000000000000e+03,2.588824101521315697e+02,1.052631578947368363e-01,3.000000000000000000e+01,1.417263513600000000e+10,6.153933946880000000e+11,9.578550457954406738e-01
3.388000000000000000e+03,2.938000000000000000e+03,3.297818602466212496e+02,1.064794274999899953e-01,7.400000000000000000e+01,1.621565542400000000e+10,7.788651479040000000e+11,5.994437336921691895e-01
3.684000000000000000e+03,2.880000000000000000e+03,2.681596056291907004e+01,1.697056274847713875e-01,3.300000000000000000e+01,2.596919091200000000e+10,1.392400793600000000e+12,4.729880765080451965e-02
3.334000000000000000e+03,8.220000000000000000e+02,5.431306204601936827e+01,1.860163329510811370e-01,1.590000000000000000e+02,2.247792128000000000e+09,3.937771847680000000e+11,1.870324611663818359e-01
7.550000000000000000e+02,2.818000000000000000e+03,4.961447951171075488e+01,1.597191412499849861e-01,2.780000000000000000e+02,1.045625408000000000e+09,2.224233349120000000e+11,9.319210797548294067e-02
3.085000000000000000e+03,3.616000000000000000e+03,1.396084645930282591e+02,1.785714285714285754e-01,1.800000000000000000e+01,4.353104691200000000e+10,1.882279772160000000e+12,3.471975401043891907e-02
3.714000000000000000e+03,2.819000000000000000e+03,8.741093861748919380e+01,1.597191412499849861e-01,2.480000000000000000e+02,1.529134080000000000e+09,2.136252088320000000e+11,1.656225137412548065e-02
1.310000000000000000e+03,1.397000000000000000e+03,1.132995727443031058e+02,5.000000000000000278e-02,3.400000000000000000e+01,1.266510643200000000e+10,7.028321812480000000e+11,3.640272617340087891e-01
3.044000000000000000e+03,3.387000000000000000e+03,2.407475798456613703e+01,1.739130434782608647e-01,5.100000000000000000e+01,2.175456870400000000e+10,9.791455232000000000e+11,0.000000000000000000e+00
2.808000000000000000e+03,3.047000000000000000e+03,5.811515552972230836e+01,1.571348402636772446e-01,1.270000000000000000e+02,1.076523008000000000e+10,4.631417978880000000e+11,1.170760273933410645e+00
4.550000000000000000e+02,1.722000000000000000e+03,2.039010742763176509e+01,1.285648693066450132e-01,3.530000000000000000e+02,3.341959680000000000e+08,1.146389626880000000e+11,0.000000000000000000e+00
2.806000000000000000e+03,3.051000000000000000e+03,1.298385147335001761e+02,1.111111111111111049e-01,1.270000000000000000e+02,1.076523008000000000e+10,4.631417978880000000e+11,1.170760273933410645e+00
3.196000000000000000e+03,3.801000000000000000e+03,9.259318708858191940e+02,1.178511301977579334e-01,3.100000000000000000e+01,1.797018828800000000e+10,1.127008960512000000e+12,9.884166121482849121e-01
8.890000000000000000e+02,2.524000000000000000e+03,5.654344400017383805e+02,0.000000000000000000e+00,2.380000000000000000e+02,1.091454464000000000e+09,2.722975580160000000e+11,4.998725652694702148e-02
2.257000000000000000e+03,2.185000000000000000e+03,6.574699697122201769e+01,1.597191412499849861e-01,2.450000000000000000e+02,6.759123840000000000e+08,2.125311344640000000e+11,2.900222241878509521e-01
3.266000000000000000e+03,2.774000000000000000e+03,8.052840853484187278e+01,1.792654619833765339e-01,2.800000000000000000e+01,1.262479360000000000e+10,1.088863928320000000e+12,7.823085188865661621e-01
8.100000000000000000e+02,1.467000000000000000e+03,1.528384363999232392e+02,1.581138830084189706e-01,9.100000000000000000e+01,3.535630080000000000e+09,6.492895313920000000e+11,8.669794797897338867e-01
3.047000000000000000e+03,3.391000000000000000e+03,5.490281399109166927e+01,1.304347826086956486e-01,5.100000000000000000e+01,2.175456870400000000e+10,9.791455232000000000e+11,0.000000000000000000e+00
1.743000000000000000e+03,2.681000000000000000e+03,6.619837270593691869e+01,8.333333333333332871e-02,3.210000000000000000e+02,6.330676480000000000e+08,1.448220426240000000e+11,8.876670151948928833e-02
2.063000000000000000e+03,1.173000000000000000e+03,5.054516437711747301e+01,1.863389981249824745e-01,3.280000000000000000e+02,5.687434240000000000e+08,1.537079869440000000e+11,6.243311241269111633e-02
1.347000000000000000e+03,2.010000000000000000e+03,1.695963212536249216e+02,1.490711984999859852e-01,1.770000000000000000e+02,1.732036736000000000e+09,2.927439708160000000e+11,2.931735217571258545e-01
2.466000000000000000e+03,3.121000000000000000e+03,8.913613006216131396e+01,1.421760560557814024e-01,7.000000000000000000e+00,4.260092313600000000e+10,2.118265864192000000e+12,1.421061873435974121e+00
2.378000000000000000e+03,3.820000000000000000e+03,1.126171390837544521e+02,1.315334104411640948e-01,1.070000000000000000e+02,3.027658752000000000e+09,4.165613977600000000e+11,1.792184859514236450e-01
3.520000000000000000e+02,3.393000000000000000e+03,1.484020850467572359e+02,1.578947368421052544e-01,1.110000000000000000e+02,5.865623040000000000e+09,5.513145876480000000e+11,2.487920820713043213e-01
3.639000000000000000e+03,3.132000000000000000e+03,8.836208885401941870e+01,1.860163329510811370e-01,1.280000000000000000e+02,3.839666176000000000e+09,4.332187156480000000e+11,1.764668971300125122e-01
1.830000000000000000e+03,1.939000000000000000e+03,4.772262309932931146e+01,1.315334104411640948e-01,1.560000000000000000e+02,1.740929792000000000e+09,4.219179827200000000e+11,6.084308028221130371e-01
4.100000000000000000e+02,1.361000000000000000e+03,7.439520899324968184e+01,1.714985851425088470e-01,3.000000000000000000e+00,6.902842163200000000e+10,3.272609628160000000e+12,7.570462226867675781e-01
2.734000000000000000e+03,2.722000000000000000e+03,4.401564457252531071e+01,1.428571428571428492e-01,2.310000000000000000e+02,1.039507904000000000e+09,2.160468295680000000e+11,1.857722848653793335e-01
2.350000000000000000e+02,1.138000000000000000e+03,1.592752085015185344e+02,8.695652173913043237e-02,5.700000000000000000e+01,8.470172672000000000e+09,9.695676334080000000e+11,1.448810100555419922e+00
3.203000000000000000e+03,2.996000000000000000e+03,1.185540366099526466e+02,1.397542485937368628e-01,1.820000000000000000e+02,2.496905216000000000e+09,3.449701007360000000e+11,1.933547407388687134e-01
2.390000000000000000e+02,1.135000000000000000e+03,8.420921741320239562e+01,1.567630989332169100e-01,5.700000000000000000e+01,8.470172672000000000e+09,9.695676334080000000e+11,1.448810100555419922e+00
3.176000000000000000e+03,3.604000000000000000e+03,1.189003704196211118e+02,7.692307692307692735e-02,2.670000000000000000e+02,6.016624640000000000e+08,2.037758853120000000e+11,4.424465820193290710e-02
2.171000000000000000e+03,1.110000000000000000e+02,2.531468089663489138e+02,1.502313031443328895e-01,4.000000000000000000e+01,2.409143500800000000e+10,1.124034150400000000e+12,1.411813020706176758e+00
2.614000000000000000e+03,1.000000000000000000e+00,6.503430619911321742e+01,1.050187781236031626e-01,2.200000000000000000e+01,4.871026278400000000e+10,1.682183815168000000e+12,0.000000000000000000e+00
2.829000000000000000e+03,3.190000000000000000e+03,1.395519686622018583e+02,1.087856586440842377e-01,2.570000000000000000e+02,3.613436800000000000e+08,1.793486192640000000e+11,5.170684680342674255e-02
1.304000000000000000e+03,2.009000000000000000e+03,1.872497324281457622e+02,1.792654619833765339e-01,4.200000000000000000e+01,1.348992307200000000e+10,1.067025235968000000e+12,3.646400213241577148e+00
3.073000000000000000e+03,8.720000000000000000e+02,1.437674408884101922e+02,1.250000000000000000e-01,1.700000000000000000e+02,1.429099264000000000e+09,3.279949987840000000e+11,7.364984601736068726e-02
1.623000000000000000e+03,5.900000000000000000e+01,6.224221430341322758e+01,1.315334104411640948e-01,1.260000000000000000e+02,4.513734144000000000e+09,4.525443645440000000e+11,9.953110814094543457e-01
1.490000000000000000e+03,1.686000000000000000e+03,6.717322008222137697e+01,1.666666666666666574e-01,3.110000000000000000e+02,7.309690240000000000e+08,1.309064232960000000e+11,7.439114153385162354e-02
1.624000000000000000e+03,1.603000000000000000e+03,1.975791207163116496e+02,1.242259987499883256e-01,1.120000000000000000e+02,4.358597632000000000e+09,5.040958341120000000e+11,4.804726839065551758e-01
3.690000000000000000e+02,3.312000000000000000e+03,8.327323472188780897e+02,5.263157894736841813e-02,4.600000000000000000e+01,1.400953139200000000e+10,6.190456504320000000e+11,1.350523829460144043e+00
3.976000000000000000e+03,2.589000000000000000e+03,8.353359942021920688e+02,1.315334104411640948e-01,1.640000000000000000e+02,2.869155584000000000e+09,3.821064683520000000e+11,7.292455434799194336e-01
3.799000000000000000e+03,3.379000000000000000e+03,8.451636211408791155e+01,1.904761904761904656e-01,6.300000000000000000e+01,9.890160640000000000e+09,7.694368112640000000e+11,7.079712152481079102e-01
2.561000000000000000e+03,3.100000000000000000e+03,1.220049378970468155e+02,6.250000000000000000e-02,1.830000000000000000e+02,1.435199104000000000e+09,3.311490170880000000e+11,1.839263886213302612e-01
3.263000000000000000e+03,2.770000000000000000e+03,8.177044996325942350e+01,8.695652173913043237e-02,2.800000000000000000e+01,1.262479360000000000e+10,1.088863928320000000e+12,7.823085188865661621e-01
1.250000000000000000e+03,2.148000000000000000e+03,8.427568020087869627e+01,7.692307692307692735e-02,3.130000000000000000e+02,4.205896000000000000e+08,1.665786183680000000e+11,3.704225644469261169e-02
4.080000000000000000e+02,1.368000000000000000e+03,9.298079807713892819e+01,1.583872002098383469e-01,3.000000000000000000e+00,6.902842163200000000e+10,3.272609628160000000e+12,7.570462226867675781e-01
1.140000000000000000e+03,3.895000000000000000e+03,2.327817139691541399e+02,7.453559924999299258e-02,8.000000000000000000e+00,3.991272652800000000e+10,2.224507322368000000e+12,9.772834777832031250e-01
3.581000000000000000e+03,1.174000000000000000e+03,2.693139338591121046e+01,1.994505484123890171e-01,6.000000000000000000e+00,4.993640448000000000e+10,1.631447547904000000e+12,2.750630855560302734e+00
3.389000000000000000e+03,2.933000000000000000e+03,4.593835231764002458e+01,1.963383631246505001e-01,7.400000000000000000e+01,1.621565542400000000e+10,7.788651479040000000e+11,5.994437336921691895e-01
3.853000000000000000e+03,1.355000000000000000e+03,1.482686568988837337e+02,5.590169943749474790e-02,0.000000000000000000e+00,7.301141299200000000e+10,5.371525595136000000e+12,3.230303525924682617e-01
1.946000000000000000e+03,1.591000000000000000e+03,1.307686173783906156e+02,2.000000000000000111e-01,2.230000000000000000e+02,1.263835520000000000e+09,2.617083985920000000e+11,2.692348361015319824e-01
1.493000000000000000e+03,2.861000000000000000e+03,1.203268980777520483e+02,1.010152544552210818e-01,2.100000000000000000e+02,6.465219840000000000e+08,2.291632046080000000e+11,9.430054575204849243e-02
8.500000000000000000e+02,2.069000000000000000e+03,3.701675672605182399e+01,1.739130434782608647e-01,5.600000000000000000e+01,2.377781452800000000e+10,1.003706777600000000e+12,2.094316333532333374e-01
1.937000000000000000e+03,3.873000000000000000e+03,6.418931202264944602e+01,1.739130434782608647e-01,5.200000000000000000e+01,3.828430028800000000e+10,1.034564075520000000e+12,0.000000000000000000e+00
2.253000000000000000e+03,1.118000000000000000e+03,3.879859635354884517e+01,8.000000000000000167e-02,3.800000000000000000e+01,2.731669299200000000e+10,1.339208237056000000e+12,0.000000000000000000e+00
3.091000000000000000e+03,1.078000000000000000e+03,1.773060499405747805e+02,1.229750923802691437e-01,4.700000000000000000e+01,2.149117542400000000e+10,1.025539571712000000e+12,2.488818407058715820e+00
1.430000000000000000e+02,1.418000000000000000e+03,8.960684546170517706e+01,1.764705882352941291e-01,1.470000000000000000e+02,4.709297664000000000e+09,4.262561382400000000e+11,1.654796600341796875e+00
1.176000000000000000e+03,9.420000000000000000e+02,1.016982486151811855e+02,1.538461538461538547e-01,2.660000000000000000e+02,9.486789760000000000e+08,2.049079541760000000e+11,1.377537250518798828e-01
2.516000000000000000e+03,1.578000000000000000e+03,1.087994094241324490e+02,1.928473039599674921e-01,4.300000000000000000e+01,1.761921638400000000e+10,9.155836641280000000e+11,3.939166545867919922e+00
3.045000000000000000e+03,3.392000000000000000e+03,5.522139177517450292e+01,6.148754619013457184e-02,5.100000000000000000e+01,2.175456870400000000e+10,9.791455232000000000e+11,0.000000000000000000e+00
2.757000000000000000e+03,3.672000000000000000e+03,4.770755242660975881e+01,1.885618083164126990e-01,1.290000000000000000e+02,1.944571648000000000e+09,2.719028346880000000e+11,3.264051377773284912e-01
6.090000000000000000e+02,2.594000000000000000e+03,3.379205191600074443e+01,1.374903330507991073e-01,4.100000000000000000e+01,3.039488614400000000e+10,1.064241790976000000e+12,7.708724141120910645e-01
6.000000000000000000e+00,2.883000000000000000e+03,7.422422632474082604e+01,1.490711984999859852e-01,2.500000000000000000e+02,8.211125120000000000e+08,2.586923663360000000e+11,1.097938567399978638e-01
1.417000000000000000e+03,1.623000000000000000e+03,7.475978685865598550e+01,1.897658566033678385e-01,8.200000000000000000e+01,6.161942016000000000e+09,5.409183170560000000e+11,9.187395125627517700e-02
3.175000000000000000e+03,3.603000000000000000e+03,3.733854136688447056e+01,1.720052290384453675e-01,2.670000000000000000e+02,6.016624640000000000e+08,2.037758853120000000e+11,4.424465820193290710e-02
1.264000000000000000e+03,3.928000000000000000e+03,8.420406777443912461e+01,8.600261451922268374e-02,2.700000000000000000e+01,4.451796172800000000e+10,1.408662896640000000e+12,3.526160120964050293e-01
2.416000000000000000e+03,2.661000000000000000e+03,7.498226838198613109e+01,1.663780661615406053e-01,1.480000000000000000e+02,1.149997056000000000e+09,4.166995148800000000e+11,1.336990147829055786e-01
1.065000000000000000e+03,1.210000000000000000e+02,2.168187157424902267e+01,2.000000000000000111e-01,1.660000000000000000e+02,1.370045440000000000e+09,2.645352611840000000e+11,2.215686142444610596e-01
6.230000000000000000e+02,3.760000000000000000e+03,7.298935400678438157e+01,1.216260638526299870e-01,2.400000000000000000e+01,4.572494233600000000e+10,1.500802318336000000e+12,4.620099544525146484e+00
2.975000000000000000e+03,4.200000000000000000e+01,1.411067077940479066e+02,8.281733249999222168e-02,1.100000000000000000e+01,3.576540364800000000e+10,1.680807821312000000e+12,2.075748682022094727e+00
7.690000000000000000e+02,2.423000000000000000e+03,7.116051194984949291e+01,7.692307692307692735e-02,3.240000000000000000e+02,4.153980800000000000e+08,1.759464652800000000e+11,3.340010717511177063e-02
3.019000000000000000e+03,5.640000000000000000e+02,8.297231690467457099e+01,1.111111111111111049e-01,1.220000000000000000e+02,6.462716928000000000e+09,4.743136870400000000e+11,2.938182950019836426e-01
3.380000000000000000e+02,1.472000000000000000e+03,6.135729014539274573e+01,3.448275862068965469e-02,1.700000000000000000e+01,5.264295936000000000e+10,2.150357925888000000e+12,1.609793305397033691e-01
5.780000000000000000e+02,8.140000000000000000e+02,1.236471135765258111e+02,1.885618083164126990e-01,2.180000000000000000e+02,8.583511040000000000e+08,2.650792919040000000e+11,1.668343096971511841e-01
7.410000000000000000e+02,3.028000000000000000e+03,1.288113281084116863e+02,1.756820922315766309e-01,1.350000000000000000e+02,3.606882304000000000e+09,4.865386741760000000e+11,4.158747792243957520e-01
2.163000000000000000e+03,2.849000000000000000e+03,1.595148627518701119e+02,1.863389981249824745e-01,3.230000000000000000e+02,7.089058560000000000e+08,1.494411345920000000e+11,1.456113308668136597e-01
2.226000000000000000e+03,3.055000000000000000e+03,7.821682100252820646e+01,1.844626385704036808e-01,1.200000000000000000e+01,3.063368704000000000e+10,1.071789244416000000e+12,1.678610682487487793e+00
2.169000000000000000e+03,2.611000000000000000e+03,6.012523436122302201e+01,1.944406936956339094e-01,4.800000000000000000e+01,2.004998963200000000e+10,9.887308840960000000e+11,1.277428388595581055e+00
2.521000000000000000e+03,1.013000000000000000e+03,5.461984331948269755e+01,1.010152544552210818e-01,1.900000000000000000e+01,3.211539865600000000e+10,1.839924903936000000e+12,4.858803153038024902e-01
2.519000000000000000e+03,2.833000000000000000e+03,1.781627848019436300e+01,1.538461538461538547e-01,2.710000000000000000e+02,4.502600960000000000e+08,1.904349020160000000e+11,1.080366820096969604e-01
1.948000000000000000e+03,3.912000000000000000e+03,9.567201303338238461e+01,1.490711984999859852e-01,1.860000000000000000e+02,9.393569920000000000e+08,2.994678333440000000e+11,8.796782791614532471e-02
2.783000000000000000e+03,3.282000000000000000e+03,5.142545435589571667e+01,1.963383631246505001e-01,6.200000000000000000e+01,1.213782118400000000e+10,7.476529725440000000e+11,1.117016077041625977e+00
1.769000000000000000e+03,1.274000000000000000e+03,3.167149164294949770e+01,1.315334104411640948e-01,1.320000000000000000e+02,4.678830592000000000e+09,4.214285598720000000e+11,3.574668765068054199e-01
4.780000000000000000e+02,3.383000000000000000e+03,6.563520288642183687e+01,1.666666666666666574e-01,3.370000000000000000e+02,3.180891520000000000e+08,1.595851407360000000e+11,0.000000000000000000e+00
3.749000000000000000e+03,2.306000000000000000e+03,3.232994841992194779e+01,1.818181818181818232e-01,3.480000000000000000e+02,3.215613440000000000e+08,1.223452180480000000e+11,0.000000000000000000e+00
3.106000000000000000e+03,1.263000000000000000e+03,9.617188083476528959e+01,1.346870059402947850e-01,7.300000000000000000e+01,6.995432448000000000e+09,7.722072145920000000e+11,6.042641401290893555e-01
2.448000000000000000e+03,1.598000000000000000e+03,8.754694002278482401e+01,1.597191412499849861e-01,2.290000000000000000e+02,1.433138432000000000e+09,2.458848624640000000e+11,1.181099116802215576e-01
1.848000000000000000e+03,1.585000000000000000e+03,3.446147261992324928e+01,1.885618083164126990e-01,2.240000000000000000e+02,1.496969344000000000e+09,2.768687267840000000e+11,1.539164930582046509e-01
6.500000000000000000e+02,1.209000000000000000e+03,6.820921557425060655e+01,1.597191412499849861e-01,2.210000000000000000e+02,2.182107136000000000e+09,2.105663488000000000e+11,3.516459465026855469e-01
3.101000000000000000e+03,3.174000000000000000e+03,3.672313841025089118e+02,7.692307692307692735e-02,1.550000000000000000e+02,1.548637440000000000e+09,1.975964794880000000e+11,3.172023296356201172e-01
4.870000000000000000e+02,1.821000000000000000e+03,2.771507561771722195e+01,1.717960677340691911e-01,1.400000000000000000e+01,2.384566476800000000e+10,1.169877762048000000e+12,1.326438903808593750e+00
2.398000000000000000e+03,1.306000000000000000e+03,7.974940424759159896e+01,1.994505484123890171e-01,2.100000000000000000e+01,3.967555993600000000e+10,1.669329846272000000e+12,7.246407270431518555e-01
1.262000000000000000e+03,3.928000000000000000e+03,1.298974306672035084e+02,8.600261451922268374e-02,2.700000000000000000e+01,4.451796172800000000e+10,1.408662896640000000e+12,3.526160120964050293e-01
9.220000000000000000e+02,4.700000000000000000e+02,1.327892958646098123e+02,1.087856586440842377e-01,9.000000000000000000e+00,2.194928844800000000e+10,1.422013628416000000e+12,3.583382368087768555e+00
1.260000000000000000e+02,2.323000000000000000e+03,1.099169576961485433e+02,1.923076923076923184e-01,1.000000000000000000e+01,1.996886425600000000e+10,1.406474911744000000e+12,1.505521297454833984e+00
2.164000000000000000e+03,2.613000000000000000e+03,1.147740597954528852e+02,1.792654619833765339e-01,4.800000000000000000e+01,2.004998963200000000e+10,9.887308840960000000e+11,1.277428388595581055e+00
3.530000000000000000e+02,3.393000000000000000e+03,8.528767084499264683e+01,1.664356663246515655e-01,1.110000000000000000e+02,5.865623040000000000e+09,5.513145876480000000e+11,2.487920820713043213e-01
2.175000000000000000e+03,1.150000000000000000e+02,1.663391001057418919e+02,9.316949906249123725e-02,4.000000000000000000e+01,2.409143500800000000e+10,1.124034150400000000e+12,1.411813020706176758e+00
2.257000000000000000e+03,1.115000000000000000e+03,2.807511041478635150e+01,1.649242250247064112e-01,3.800000000000000000e+01,2.731669299200000000e+10,1.339208237056000000e+12,0.000000000000000000e+00
1.613000000000000000e+03,2.956000000000000000e+03,1.737041145471592358e+02,1.016394535227177209e-01,5.400000000000000000e+01,1.041408819200000000e+10,8.919000023040000000e+11,2.400319814682006836e+00
3.855000000000000000e+03,2.231000000000000000e+03,3.692392218202824949e+01,1.720052290384453675e-01,3.300000000000000000e+02,3.352062080000000000e+08,1.694843043840000000e+11,1.855861395597457886e-02
3.705000000000000000e+03,1.194000000000000000e+03,1.697786909800052229e+02,1.490711984999859852e-01,7.800000000000000000e+01,4.232730880000000000e+09,2.918509117440000000e+11,8.519148230552673340e-01
3.410000000000000000e+03,2.157000000000000000e+03,2.751844648790102710e+01,1.863389981249824745e-01,3.050000000000000000e+02,4.195468480000000000e+08,1.337553879040000000e+11,3.559986129403114319e-02
3.264000000000000000e+03,2.771000000000000000e+03,7.732647170801564585e+01,6.148754619013457184e-02,2.800000000000000000e+01,1.262479360000000000e+10,1.088863928320000000e+12,7.823085188865661621e-01
3.043000000000000000e+03,3.391000000000000000e+03,3.393802453131685581e+01,4.347826086956521618e-02,5.100000000000000000e+01,2.175456870400000000e+10,9.791455232000000000e+11,0.000000000000000000e+00
2.487000000000000000e+03,3.977000000000000000e+03,4.331793996172047656e+01,1.490711984999859852e-01,2.070000000000000000e+02,1.389949440000000000e+09,2.682227425280000000e+11,1.866812407970428467e-01
3.520000000000000000e+02,2.162000000000000000e+03,5.126747125787613157e+01,1.789047803028888106e-01,1.000000000000000000e+00,8.831377408000000000e+10,3.447775821824000000e+12,4.181708395481109619e-01
1.740000000000000000e+03,2.681000000000000000e+03,8.627388186390750491e+01,1.666666666666666574e-01,3.210000000000000000e+02,6.330676480000000000e+08,1.448220426240000000e+11,8.876670151948928833e-02
3.658000000000000000e+03,4.530000000000000000e+02,1.605793574855043460e+02,1.505846504842085487e-01,7.500000000000000000e+01,9.171800064000000000e+09,7.418361282560000000e+11,1.302706003189086914e+00
3.392000000000000000e+03,2.940000000000000000e+03,4.991474293001972740e+01,1.716929178792375721e-01,7.400000000000000000e+01,1.621565542400000000e+10,7.788651479040000000e+11,5.994437336921691895e-01
3.685000000000000000e+03,2.880000000000000000e+03,2.426834367133505665e+01,2.000000000000000111e-01,3.300000000000000000e+01,2.596919091200000000e+10,1.392400793600000000e+12,4.729880765080451965e-02
2.781000000000000000e+03,3.017000000000000000e+03,1.157434882190573688e+02,1.863389981249824745e-01,3.010000000000000000e+02,8.306222080000000000e+08,1.458187796480000000e+11,7.133752107620239258e-02
1.261000000000000000e+03,3.922000000000000000e+03,4.188584859112465608e+01,1.720052290384453675e-01,2.700000000000000000e+01,4.451796172800000000e+10,1.408662896640000000e+12,3.526160120964050293e-01
3.613000000000000000e+03,3.971000000000000000e+03,1.048531815697051712e+02,1.567630989332169100e-01,4.400000000000000000e+01,1.617178419200000000e+10,1.029702746112000000e+12,1.566848874092102051e+00
1.274000000000000000e+03,1.804000000000000000e+03,7.020038437503103523e+01,1.317615691736824801e-01,3.600000000000000000e+01,1.450358067200000000e+10,1.097609969664000000e+12,1.465617537498474121e+00
9.430000000000000000e+02,3.725000000000000000e+03,2.185233524590342711e+02,1.176877882894626220e-01,8.700000000000000000e+01,7.962043904000000000e+09,6.099624919040000000e+11,7.106984853744506836e-01
2.642000000000000000e+03,3.074000000000000000e+03,1.103697261257151467e+02,1.888525745775105347e-01,1.500000000000000000e+01,3.527756185600000000e+10,1.735473496064000000e+12,1.871760040521621704e-01
3.700000000000000000e+02,3.310000000000000000e+03,3.626661461245485043e+02,1.052631578947368363e-01,4.600000000000000000e+01,1.400953139200000000e+10,6.190456504320000000e+11,1.350523829460144043e+00
1.140000000000000000e+03,3.898000000000000000e+03,1.349379194149953491e+02,4.714045207910317475e-02,8.000000000000000000e+00,3.991272652800000000e+10,2.224507322368000000e+12,9.772834777832031250e-01
3.794000000000000000e+03,3.383000000000000000e+03,4.820335169560784294e+01,1.963383631246505001e-01,6.300000000000000000e+01,9.890160640000000000e+09,7.694368112640000000e+11,7.079712152481079102e-01
2.012000000000000000e+03,3.991000000000000000e+03,2.950026340297012339e+01,1.874138920735300140e-01,5.800000000000000000e+01,1.764974796800000000e+10,9.503931760640000000e+11,1.640438556671142578e+00
2.071000000000000000e+03,2.840000000000000000e+03,4.198357389574852618e+02,1.118033988749894958e-01,6.800000000000000000e+01,1.048354918400000000e+10,7.046033571840000000e+11,8.116820454597473145e-01
1.172000000000000000e+03,2.440000000000000000e+02,5.113328978049366924e+01,1.571348402636772446e-01,1.330000000000000000e+02,3.402823424000000000e+09,4.583243120640000000e+11,4.153676033020019531e-01
2.263000000000000000e+03,3.713000000000000000e+03,7.761766960505769930e+01,1.178511301977579334e-01,3.180000000000000000e+02,4.913545280000000000e+08,1.575079280640000000e+11,6.375606358051300049e-02
3.043000000000000000e+03,3.387000000000000000e+03,3.205320671268993493e+01,1.792654619833765339e-01,5.100000000000000000e+01,2.175456870400000000e+10,9.791455232000000000e+11,0.000000000000000000e+00
1.076000000000000000e+03,9.330000000000000000e+02,9.962472192989061170e+01,1.875000000000000000e-01,1.920000000000000000e+02,3.406970880000000000e+09,3.373494763520000000e+11,3.758299946784973145e-01
2.827000000000000000e+03,2.442000000000000000e+03,2.102509006283414408e+02,1.397542485937368628e-01,1.530000000000000000e+02,3.823034624000000000e+09,3.764229242880000000e+11,2.990027666091918945e-01
3.291000000000000000e+03,1.550000000000000000e+03,1.435253405877643900e+02,1.578947368421052544e-01,9.000000000000000000e+01,1.092595200000000000e+10,6.076843950080000000e+11,6.028710603713989258e-01
2.419000000000000000e+03,2.665000000000000000e+03,6.836554420550848477e+01,1.315334104411640948e-01,1.480000000000000000e+02,1.149997056000000000e+09,4.166995148800000000e+11,1.336990147829055786e-01
2.516000000000000000e+03,1.014000000000000000e+03,1.074382808857572513e+02,1.129384878631564115e-01,1.900000000000000000e+01,3.211539865600000000e+10,1.839924903936000000e+12,4.858803153038024902e-01
3.979000000000000000e+03,2.589000000000000000e+03,5.793607449496717976e+01,1.663780661615406053e-01,1.640000000000000000e+02,2.869155584000000000e+09,3.821064683520000000e+11,7.292455434799194336e-01
3.680000000000000000e+03,2.881000000000000000e+03,4.401857866955653975e+01,1.649242250247064112e-01,3.300000000000000000e+01,2.596919091200000000e+10,1.392400793600000000e+12,4.729880765080451965e-02
2.404000000000000000e+03,1.311000000000000000e+03,7.168571926352144885e+01,1.171213948210510919e-01,2.100000000000000000e+01,3.967555993600000000e+10,1.669329846272000000e+12,7.246407270431518555e-01
2.253000000000000000e+03,1.115000000000000000e+03,3.195182353890053406e+01,4.000000000000000083e-02,3.800000000000000000e+01,2.731669299200000000e+10,1.339208237056000000e+12,0.000000000000000000e+00
1.773000000000000000e+03,1.608000000000000000e+03,1.732483193437426792e+02,1.663780661615406053e-01,1.380000000000000000e+02,2.455658496000000000e+09,4.106929438720000000e+11,1.264987438917160034e-01
6.520000000000000000e+02,3.903000000000000000e+03,2.361245646305249863e+02,1.010152544552210818e-01,1.880000000000000000e+02,6.476391680000000000e+08,2.439948533760000000e+11,3.397938311100006104e-01
2.636000000000000000e+03,2.682000000000000000e+03,1.837800086391045227e+02,4.166666666666666435e-02,3.900000000000000000e+01,2.389246156800000000e+10,1.108915257344000000e+12,7.688570618629455566e-01
2.466000000000000000e+03,3.122000000000000000e+03,8.023306128291378059e+01,1.758282590894063580e-01,7.000000000000000000e+00,4.260092313600000000e+10,2.118265864192000000e+12,1.421061873435974121e+00
1.822000000000000000e+03,1.056000000000000000e+03,1.536140234229430916e+02,1.052631578947368363e-01,1.080000000000000000e+02,3.472463104000000000e+09,6.062234009600000000e+11,1.079535961151123047e+00
3.975000000000000000e+03,2.417000000000000000e+03,3.189694790545547676e+01,9.316949906249123725e-02,4.500000000000000000e+01,2.933959884800000000e+10,1.161086107648000000e+12,0.000000000000000000e+00
3.400000000000000000e+03,1.755000000000000000e+03,1.386029589916325904e+02,1.333333333333333315e-01,2.050000000000000000e+02,2.007096576000000000e+09,3.110571868160000000e+11,3.634668886661529541e-02
2.889000000000000000e+03,3.525000000000000000e+03,1.055082000714395889e+02,1.585809856006792640e-01,2.500000000000000000e+01,2.538148249600000000e+10,1.442943729664000000e+12,1.294092535972595215e-01
1.459000000000000000e+03,2.893000000000000000e+03,5.423101691338465571e+02,6.666666666666666574e-02,1.990000000000000000e+02,1.217136768000000000e+09,2.727443988480000000e+11,1.342078447341918945e-01
3.889000000000000000e+03,5.890000000000000000e+02,5.320342264653468334e+01,1.538461538461538547e-01,2.940000000000000000e+02,5.208605120000000000e+08,1.844918190080000000e+11,6.816863268613815308e-02
3.980000000000000000e+03,2.416000000000000000e+03,2.673984866990637244e+01,1.502313031443328895e-01,4.500000000000000000e+01,2.933959884800000000e+10,1.161086107648000000e+12,0.000000000000000000e+00
4.110000000000000000e+02,1.362000000000000000e+03,7.474050457312681317e+01,1.315334104411640948e-01,3.000000000000000000e+00,6.902842163200000000e+10,3.272609628160000000e+12,7.570462226867675781e-01
2.506000000000000000e+03,1.867000000000000000e+03,1.058974235610147474e+02,1.315334104411640948e-01,1.420000000000000000e+02,5.136879616000000000e+09,4.324141629440000000e+11,2.311038821935653687e-01
3.853000000000000000e+03,1.352000000000000000e+03,1.351875898663094517e+02,1.118033988749894958e-01,0.000000000000000000e+00,7.301141299200000000e+10,5.371525595136000000e+12,3.230303525924682617e-01
3.081000000000000000e+03,3.262000000000000000e+03,1.241409119577162841e+02,6.250000000000000000e-02,1.340000000000000000e+02,7.659243520000000000e+08,3.657010708480000000e+11,2.813197076320648193e-01
3.447000000000000000e+03,2.864000000000000000e+03,1.882037527568813857e+02,1.897658566033678385e-01,6.600000000000000000e+01,5.837941760000000000e+09,6.081861386240000000e+11,1.099951863288879395e+00
1.147000000000000000e+03,1.556000000000000000e+03,6.944035290857910070e+01,1.863389981249824745e-01,3.420000000000000000e+02,4.908336320000000000e+08,1.605870387200000000e+11,0.000000000000000000e+00
3.516000000000000000e+03,2.191000000000000000e+03,4.136686543500510282e+01,1.767766952966368932e-01,1.900000000000000000e+02,2.307150592000000000e+09,3.480266670080000000e+11,2.627476155757904053e-01
5.600000000000000000e+02,2.108000000000000000e+03,1.107527557167210119e+02,1.052631578947368363e-01,9.200000000000000000e+01,8.088771072000000000e+09,5.596324823040000000e+11,7.699264287948608398e-01
1.818000000000000000e+03,1.059000000000000000e+03,2.982719488797418350e+01,1.897658566033678385e-01,1.080000000000000000e+02,3.472463104000000000e+09,6.062234009600000000e+11,1.079535961151123047e+00
3.676000000000000000e+03,1.164000000000000000e+03,2.541538254890872679e+02,5.555555555555555247e-02,1.030000000000000000e+02,4.909637632000000000e+09,5.050224476160000000e+11,1.168877959251403809e+00
1.680000000000000000e+02,2.147000000000000000e+03,6.869004673274771733e+01,1.720052290384453675e-01,2.930000000000000000e+02,9.289077760000000000e+08,1.737262530560000000e+11,1.096618697047233582e-01
8.800000000000000000e+02,1.446000000000000000e+03,1.786224668492945682e+02,6.666666666666666574e-02,1.680000000000000000e+02,8.116872320000000000e+08,3.029185986560000000e+11,2.076815217733383179e-01
2.406000000000000000e+03,1.312000000000000000e+03,4.914310552602665894e+01,1.851851851851851749e-01,2.100000000000000000e+01,3.967555993600000000e+10,1.669329846272000000e+12,7.246407270431518555e-01
3.090000000000000000e+03,3.615000000000000000e+03,5.384902953003644654e+01,7.985957062499249304e-02,1.800000000000000000e+01,4.353104691200000000e+10,1.882279772160000000e+12,3.471975401043891907e-02
6.300000000000000000e+02,4.960000000000000000e+02,7.951639072754242932e+01,1.764705882352941291e-01,1.510000000000000000e+02,1.992101248000000000e+09,4.080898211840000000e+11,6.955169886350631714e-02
1.712000000000000000e+03,2.128000000000000000e+03,8.404052331188381686e+01,1.242259987499883256e-01,1.010000000000000000e+02,3.648659456000000000e+09,4.807784202240000000e+11,6.310544013977050781e-01
1.601000000000000000e+03,2.127000000000000000e+03,4.478212898604292747e+01,1.904761904761904656e-01,6.700000000000000000e+01,2.263678566400000000e+10,7.642853539840000000e+11,1.249879002571105957e+00
1.570000000000000000e+03,2.419000000000000000e+03,9.024035771813908013e+01,1.064794274999899953e-01,7.000000000000000000e+01,3.691625984000000000e+09,7.435327242240000000e+11,9.238203763961791992e-01
8.390000000000000000e+02,4.360000000000000000e+02,3.594677857627294202e+02,1.581138830084189706e-01,7.700000000000000000e+01,9.925042176000000000e+09,7.026825625600000000e+11,1.432763218879699707e+00
2.178000000000000000e+03,1.130000000000000000e+02,1.964254631447283543e+02,1.666666666666666574e-01,4.000000000000000000e+01,2.409143500800000000e+10,1.124034150400000000e+12,1.411813020706176758e+00
9.170000000000000000e+02,1.701000000000000000e+03,5.347824184494572819e+01,2.000000000000000111e-01,2.130000000000000000e+02,1.500061696000000000e+09,8.283317043200000000e+10,0.000000000000000000e+00
2.500000000000000000e+01,1.893000000000000000e+03,1.289696442952070470e+02,1.802775637731994507e-01,8.600000000000000000e+01,8.359140864000000000e+09,6.356979548160000000e+11,3.633834123611450195e-01
2.027000000000000000e+03,3.370000000000000000e+03,3.619641305117434626e+02,5.555555555555555247e-02,1.090000000000000000e+02,4.767008768000000000e+09,5.140877803520000000e+11,8.066106438636779785e-01
8.100000000000000000e+02,1.471000000000000000e+03,1.706508662014732352e+02,7.071067811865475172e-02,9.100000000000000000e+01,3.535630080000000000e+09,6.492895313920000000e+11,8.669794797897338867e-01
4.140000000000000000e+02,1.361000000000000000e+03,6.751138049549554410e+01,1.499711621644936599e-01,3.000000000000000000e+00,6.902842163200000000e+10,3.272609628160000000e+12,7.570462226867675781e-01
3.796000000000000000e+03,2.645000000000000000e+03,8.087839695360811731e+01,1.597191412499849861e-01,2.320000000000000000e+02,1.347878528000000000e+09,2.471929282560000000e+11,1.529861688613891602e-01
3.539000000000000000e+03,2.478000000000000000e+03,7.230610463338881289e+01,1.863389981249824745e-01,3.200000000000000000e+01,2.188575744000000000e+10,1.215032852480000000e+12,2.247135162353515625e+00
1.827000000000000000e+03,1.938000000000000000e+03,7.058810484385593043e+01,1.315334104411640948e-01,1.560000000000000000e+02,1.740929792000000000e+09,4.219179827200000000e+11,6.084308028221130371e-01
3.692000000000000000e+03,1.540000000000000000e+02,4.748101005279088440e+02,1.118033988749894958e-01,8.400000000000000000e+01,9.303531520000000000e+09,6.815071600640000000e+11,3.154100179672241211e-01
2.396000000000000000e+03,9.200000000000000000e+02,2.291746739552260337e+01,1.490711984999859852e-01,2.040000000000000000e+02,2.069250304000000000e+09,3.103355699200000000e+11,2.170622348785400391e-01
2.519000000000000000e+03,1.014000000000000000e+03,1.322035685863284868e+02,3.571428571428571230e-02,1.900000000000000000e+01,3.211539865600000000e+10,1.839924903936000000e+12,4.858803153038024902e-01
9.200000000000000000e+02,4.660000000000000000e+02,1.189740024376464333e+02,1.720052290384453675e-01,9.000000000000000000e+00,2.194928844800000000e+10,1.422013628416000000e+12,3.583382368087768555e+00
3.588000000000000000e+03,1.172000000000000000e+03,3.359560066061830241e+01,1.656346649999844434e-01,6.000000000000000000e+00,4.993640448000000000e+10,1.631447547904000000e+12,2.750630855560302734e+00
2.843000000000000000e+03,5.420000000000000000e+02,4.317295290359183468e+01,1.875000000000000000e-01,1.460000000000000000e+02,2.242444032000000000e+09,3.406583234560000000e+11,1.633618921041488647e-01
9.850000000000000000e+02,1.024000000000000000e+03,5.543289372701451612e+01,1.538461538461538547e-01,2.880000000000000000e+02,6.826971520000000000e+08,2.043456061440000000e+11,6.240923330187797546e-02
3.856000000000000000e+03,2.230000000000000000e+03,3.124481931286107184e+01,1.720052290384453675e-01,3.300000000000000000e+02,3.352062080000000000e+08,1.694843043840000000e+11,1.855861395597457886e-02
3.582000000000000000e+03,1.173000000000000000e+03,2.479912930924094994e+01,1.851851851851851749e-01,6.000000000000000000e+00,4.993640448000000000e+10,1.631447547904000000e+12,2.750630855560302734e+00
9.200000000000000000e+02,1.702000000000000000e+03,5.808685366206719891e+01,1.414213562373095034e-01,2.130000000000000000e+02,1.500061696000000000e+09,8.283317043200000000e+10,0.000000000000000000e+00
2.642000000000000000e+03,3.078000000000000000e+03,2.739799731268600453e+02,5.237828008789241485e-02,1.500000000000000000e+01,3.527756185600000000e+10,1.735473496064000000e+12,1.871760040521621704e-01
3.553000000000000000e+03,1.406000000000000000e+03,5.077811943244809356e+01,1.976423537605237202e-01,1.730000000000000000e+02,2.307132928000000000e+09,3.346703646720000000e+11,1.729831695556640625e-01
2.417000000000000000e+03,2.661000000000000000e+03,8.578318127671792581e+01,1.315334104411640948e-01,1.480000000000000000e+02,1.149997056000000000e+09,4.166995148800000000e+11,1.336990147829055786e-01
3.932000000000000000e+03,3.591000000000000000e+03,1.821749148318347125e+02,1.242259987499883256e-01,1.150000000000000000e+02,8.581559808000000000e+09,4.948238008320000000e+11,5.617836713790893555e-01
3.584000000000000000e+03,1.179000000000000000e+03,6.570843305278295077e+01,1.335389361282958987e-01,6.000000000000000000e+00,4.993640448000000000e+10,1.631447547904000000e+12,2.750630855560302734e+00
1.614000000000000000e+03,2.960000000000000000e+03,7.835303518210753282e+01,1.928473039599674921e-01,5.400000000000000000e+01,1.041408819200000000e+10,8.919000023040000000e+11,2.400319814682006836e+00
3.288000000000000000e+03,1.548000000000000000e+03,7.199333030175971260e+01,1.664356663246515655e-01,9.000000000000000000e+01,1.092595200000000000e+10,6.076843950080000000e+11,6.028710603713989258e-01
2.234000000000000000e+03,2.161000000000000000e+03,7.389518067168886262e+01,1.581138830084189706e-01,8.300000000000000000e+01,8.956526592000000000e+09,6.515022233600000000e+11,5.435594320297241211e-01
2.763000000000000000e+03,1.427000000000000000e+03,3.811458286945232032e+01,1.863389981249824745e-01,3.140000000000000000e+02,3.868203520000000000e+08,1.621755658240000000e+11,4.999541863799095154e-02
3.554000000000000000e+03,3.413000000000000000e+03,9.353601527738375410e+01,1.571348402636772446e-01,1.360000000000000000e+02,5.107780096000000000e+09,4.809077555200000000e+11,6.091393232345581055e-01
9.630000000000000000e+02,2.616000000000000000e+03,5.883558368984846538e+02,1.176877882894626220e-01,8.800000000000000000e+01,5.297309696000000000e+09,5.749003386880000000e+11,1.700879216194152832e+00
1.626000000000000000e+03,1.604000000000000000e+03,4.907370385957438685e+01,1.756820922315766309e-01,1.120000000000000000e+02,4.358597632000000000e+09,5.040958341120000000e+11,4.804726839065551758e-01
3.520000000000000000e+02,3.399000000000000000e+03,4.789130470818331275e+01,1.578947368421052544e-01,1.110000000000000000e+02,5.865623040000000000e+09,5.513145876480000000e+11,2.487920820713043213e-01
1.618000000000000000e+03,5.800000000000000000e+01,1.237116155680876233e+02,1.764705882352941291e-01,1.260000000000000000e+02,4.513734144000000000e+09,4.525443645440000000e+11,9.953110814094543457e-01
3.812000000000000000e+03,2.191000000000000000e+03,7.272130728904194541e+01,8.571428571428571508e-02,5.000000000000000000e+00,6.303399526400000000e+10,3.637388771328000000e+12,2.569424629211425781e+00
2.225000000000000000e+03,3.058000000000000000e+03,1.122443651836854173e+02,8.695652173913043237e-02,1.200000000000000000e+01,3.063368704000000000e+10,1.071789244416000000e+12,1.678610682487487793e+00
3.639000000000000000e+03,3.128000000000000000e+03,8.537575449635036762e+01,8.318903308077030267e-02,1.280000000000000000e+02,3.839666176000000000e+09,4.332187156480000000e+11,1.764668971300125122e-01
1.312000000000000000e+03,1.395000000000000000e+03,8.536318261139082608e+01,1.118033988749894958e-01,3.400000000000000000e+01,1.266510643200000000e+10,7.028321812480000000e+11,3.640272617340087891e-01
3.811000000000000000e+03,2.189000000000000000e+03,6.563663613339717529e+01,1.277753129999879833e-01,5.000000000000000000e+00,6.303399526400000000e+10,3.637388771328000000e+12,2.569424629211425781e+00
2.410000000000000000e+02,3.015000000000000000e+03,5.929160337105502521e+01,1.863389981249824745e-01,2.530000000000000000e+02,4.436043520000000000e+08,1.612296847360000000e+11,3.729216754436492920e-02
1.440000000000000000e+02,3.247000000000000000e+03,1.120649584646182007e+02,1.923076923076923184e-01,2.600000000000000000e+01,1.438108057600000000e+10,1.427807535104000000e+12,3.526270389556884766e+00
3.540000000000000000e+02,2.158000000000000000e+03,4.864619663780229075e+01,1.883271834539073097e-01,1.000000000000000000e+00,8.831377408000000000e+10,3.447775821824000000e+12,4.181708395481109619e-01
2.142000000000000000e+03,2.745000000000000000e+03,3.525018414990866944e+01,1.860163329510811370e-01,8.900000000000000000e+01,5.015371776000000000e+09,4.318797824000000000e+11,1.743932604789733887e+00
4.130000000000000000e+02,1.366000000000000000e+03,4.360476912236619995e+01,0.000000000000000000e+00,3.000000000000000000e+00,6.902842163200000000e+10,3.272609628160000000e+12,7.570462226867675781e-01
3.440000000000000000e+02,1.473000000000000000e+03,3.597623208563364017e+01,1.758282590894063580e-01,1.700000000000000000e+01,5.264295936000000000e+10,2.150357925888000000e+12,1.609793305397033691e-01
1.062000000000000000e+03,1.200000000000000000e+02,1.206186821249017953e+02,6.666666666666666574e-02,1.660000000000000000e+02,1.370045440000000000e+09,2.645352611840000000e+11,2.215686142444610596e-01
3.145000000000000000e+03,9.990000000000000000e+02,5.934325947842682325e+01,1.666666666666666574e-01,9.300000000000000000e+01,4.418263040000000000e+09,4.843336171520000000e+11,1.032378077507019043e+00
3.079000000000000000e+03,2.315000000000000000e+03,9.882858706166514651e+01,1.087856586440842377e-01,2.840000000000000000e+02,9.221276160000000000e+08,2.000557342720000000e+11,6.525847315788269043e-02
3.639000000000000000e+03,3.126000000000000000e+03,6.391065316860658641e+01,1.860163329510811370e-01,1.280000000000000000e+02,3.839666176000000000e+09,4.332187156480000000e+11,1.764668971300125122e-01
2.642000000000000000e+03,3.080000000000000000e+03,1.584110217685556563e+02,5.237828008789241485e-02,1.500000000000000000e+01,3.527756185600000000e+10,1.735473496064000000e+12,1.871760040521621704e-01
1.802000000000000000e+03,7.970000000000000000e+02,5.540080767432225173e+01,1.860163329510811370e-01,1.600000000000000000e+02,2.614074880000000000e+09,3.916269158400000000e+11,1.103178709745407104e-01
2.614000000000000000e+03,8.880000000000000000e+02,1.077541392036766297e+02,1.178511301977579334e-01,3.430000000000000000e+02,4.670362560000000000e+08,1.352379514880000000e+11,9.790216572582721710e-03
2.012000000000000000e+03,3.984000000000000000e+03,6.897101328567421206e+02,1.437398936440172637e-01,5.800000000000000000e+01,1.764974796800000000e+10,9.503931760640000000e+11,1.640438556671142578e+00
7.410000000000000000e+02,3.030000000000000000e+03,6.946355932197432992e+01,1.756820922315766309e-01,1.350000000000000000e+02,3.606882304000000000e+09,4.865386741760000000e+11,4.158747792243957520e-01
3.276000000000000000e+03,1.282000000000000000e+03,3.312362569963854071e+02,1.397542485937368628e-01,1.440000000000000000e+02,2.995511040000000000e+09,3.637745745920000000e+11,7.464761734008789062e-01
3.620000000000000000e+02,3.091000000000000000e+03,3.906492019946545469e+01,8.333333333333332871e-02,3.360000000000000000e+02,4.760226560000000000e+08,1.574415237120000000e+11,3.742261976003646851e-02
2.572000000000000000e+03,8.360000000000000000e+02,3.522711325072496180e+01,2.000000000000000111e-01,3.500000000000000000e+01,2.461768089600000000e+10,1.257411051520000000e+12,0.000000000000000000e+00
2.482000000000000000e+03,2.513000000000000000e+03,1.111475525105192901e+02,7.856742013183862228e-02,1.020000000000000000e+02,5.462126592000000000e+09,5.022053498880000000e+11,4.640202224254608154e-01
1.648000000000000000e+03,3.694000000000000000e+03,9.689749734267692816e+01,1.176877882894626220e-01,9.700000000000000000e+01,2.464083968000000000e+09,5.523820380160000000e+11,3.607912957668304443e-01
2.410000000000000000e+02,1.140000000000000000e+03,4.669312990695187437e+01,1.944406936956339094e-01,5.700000000000000000e+01,8.470172672000000000e+09,9.695676334080000000e+11,1.448810100555419922e+00
1.603000000000000000e+03,2.128000000000000000e+03,1.189441125851584076e+02,1.064794274999899953e-01,6.700000000000000000e+01,2.263678566400000000e+10,7.642853539840000000e+11,1.249879002571105957e+00
1.761000000000000000e+03,4.740000000000000000e+02,5.275970247169525464e+02,1.490711984999859852e-01,1.840000000000000000e+02,3.484838912000000000e+09,2.917514936320000000e+11,1.206553459167480469e+00
1.335000000000000000e+03,1.358000000000000000e+03,8.309940176799159417e+01,9.090909090909091161e-02,2.030000000000000000e+02,5.687755520000000000e+08,1.221517967360000000e+11,2.040524780750274658e-02
3.075000000000000000e+03,2.408000000000000000e+03,1.544915941426968402e+02,6.428243465332250661e-02,2.000000000000000000e+01,2.138906214400000000e+10,9.160418918400000000e+11,6.593467593193054199e-01
8.370000000000000000e+02,4.420000000000000000e+02,6.821435619315205656e+01,1.581138830084189706e-01,7.700000000000000000e+01,9.925042176000000000e+09,7.026825625600000000e+11,1.432763218879699707e+00
2.337000000000000000e+03,2.446000000000000000e+03,4.866139876749118116e+02,5.656854249492380277e-02,1.600000000000000000e+01,3.099138048000000000e+10,1.294922940416000000e+12,4.591097354888916016e+00
3.590000000000000000e+02,2.160000000000000000e+03,5.898608183409793071e+01,9.300816647554056849e-02,1.000000000000000000e+00,8.831377408000000000e+10,3.447775821824000000e+12,4.181708395481109619e-01
5.780000000000000000e+02,8.180000000000000000e+02,6.618003008766564221e+01,1.885618083164126990e-01,2.180000000000000000e+02,8.583511040000000000e+08,2.650792919040000000e+11,1.668343096971511841e-01
5.900000000000000000e+02,4.220000000000000000e+02,7.084245907259216324e+01,7.692307692307692735e-02,2.820000000000000000e+02,1.102760704000000000e+09,2.045083975680000000e+11,1.114259064197540283e-01
2.382000000000000000e+03,1.730000000000000000e+03,7.660611037762184594e+01,1.860163329510811370e-01,1.390000000000000000e+02,8.027903488000000000e+09,4.483424911360000000e+11,3.236294984817504883e-01
3.683000000000000000e+03,2.881000000000000000e+03,2.258026468656185060e+01,1.788854381999831766e-01,3.300000000000000000e+01,2.596919091200000000e+10,1.392400793600000000e+12,4.729880765080451965e-02
3.088000000000000000e+03,3.617000000000000000e+03,6.449104855031788475e+01,1.472537723434878820e-01,1.800000000000000000e+01,4.353104691200000000e+10,1.882279772160000000e+12,3.471975401043891907e-02
7.680000000000000000e+02,2.423000000000000000e+03,6.640938697030219373e+01,1.087856586440842377e-01,3.240000000000000000e+02,4.153980800000000000e+08,1.759464652800000000e+11,3.340010717511177063e-02
2.516000000000000000e+03,3.985000000000000000e+03,1.330448748816642706e+02,1.860163329510811370e-01,1.580000000000000000e+02,3.761532928000000000e+09,4.043810406400000000e+11,4.026892483234405518e-01
1.612000000000000000e+03,2.957000000000000000e+03,2.277794746683564142e+02,4.545454545454545581e-02,5.400000000000000000e+01,1.041408819200000000e+10,8.919000023040000000e+11,2.400319814682006836e+00
3.538000000000000000e+03,2.647000000000000000e+03,6.063167496366691012e+01,8.333333333333332871e-02,3.440000000000000000e+02,7.274041600000000000e+08,1.387446599680000000e+11,1.718518696725368500e-02
1.619000000000000000e+03,2.508000000000000000e+03,4.010979337182135396e+01,1.767766952966368932e-01,1.930000000000000000e+02,3.885696512000000000e+09,3.168796016640000000e+11,5.713110417127609253e-02
4.120000000000000000e+02,1.363000000000000000e+03,8.258815111049987934e+01,9.300816647554056849e-02,3.000000000000000000e+00,6.902842163200000000e+10,3.272609628160000000e+12,7.570462226867675781e-01
2.234000000000000000e+03,2.155000000000000000e+03,1.203319650520809745e+02,1.581138830084189706e-01,8.300000000000000000e+01,8.956526592000000000e+09,6.515022233600000000e+11,5.435594320297241211e-01
7.440000000000000000e+02,3.026000000000000000e+03,4.360967572131340120e+01,1.666666666666666574e-01,1.350000000000000000e+02,3.606882304000000000e+09,4.865386741760000000e+11,4.158747792243957520e-01
2.350000000000000000e+02,1.137000000000000000e+03,1.166325989998597379e+02,9.722034684781695468e-02,5.700000000000000000e+01,8.470172672000000000e+09,9.695676334080000000e+11,1.448810100555419922e+00
3.940000000000000000e+02,8.170000000000000000e+02,5.497042736843098254e+01,1.963383631246505001e-01,7.100000000000000000e+01,1.033783398400000000e+10,7.907896852480000000e+11,7.018927931785583496e-01
2.512000000000000000e+03,4.270000000000000000e+02,7.498825473171049794e+01,1.860163329510811370e-01,1.310000000000000000e+02,2.237285376000000000e+09,4.049037557760000000e+11,2.605060040950775146e-01
1.004000000000000000e+03,1.275000000000000000e+03,1.025331052826738301e+02,1.767766952966368932e-01,1.720000000000000000e+02,2.377929984000000000e+09,3.280464117760000000e+11,2.886517047882080078e-01
3.510000000000000000e+02,3.396000000000000000e+03,3.778499749527885569e+02,5.263157894736841813e-02,1.110000000000000000e+02,5.865623040000000000e+09,5.513145876480000000e+11,2.487920820713043213e-01
2.774000000000000000e+03,3.270000000000000000e+02,5.566636902243075724e+01,6.250000000000000000e-02,1.760000000000000000e+02,1.897518080000000000e+09,3.672120360960000000e+11,2.138888686895370483e-01
1.846000000000000000e+03,3.656000000000000000e+03,1.029217403494286600e+02,1.976423537605237202e-01,1.870000000000000000e+02,2.693199360000000000e+09,3.451426570240000000e+11,2.012060433626174927e-01
3.677000000000000000e+03,2.878000000000000000e+03,4.589444859937591303e+01,1.649242250247064112e-01,3.300000000000000000e+01,2.596919091200000000e+10,1.392400793600000000e+12,4.729880765080451965e-02
1.134000000000000000e+03,8.730000000000000000e+02,1.239954553370912294e+02,1.490711984999859852e-01,1.970000000000000000e+02,3.027413504000000000e+09,3.112459632640000000e+11,4.253049790859222412e-01
1.941000000000000000e+03,3.870000000000000000e+03,5.089843892877834008e+01,1.304347826086956486e-01,5.200000000000000000e+01,3.828430028800000000e+10,1.034564075520000000e+12,0.000000000000000000e+00
3.815000000000000000e+03,2.190000000000000000e+03,1.826123082033169851e+02,2.857142857142857054e-02,5.000000000000000000e+00,6.303399526400000000e+10,3.637388771328000000e+12,2.569424629211425781e+00
1.949000000000000000e+03,1.589000000000000000e+03,1.712158163751729205e+02,1.333333333333333315e-01,2.230000000000000000e+02,1.263835520000000000e+09,2.617083985920000000e+11,2.692348361015319824e-01
8.810000000000000000e+02,1.444000000000000000e+03,1.172370912571717838e+02,1.885618083164126990e-01,1.680000000000000000e+02,8.116872320000000000e+08,3.029185986560000000e+11,2.076815217733383179e-01
1.621000000000000000e+03,1.604000000000000000e+03,5.343263695077281454e+02,1.242259987499883256e-01,1.120000000000000000e+02,4.358597632000000000e+09,5.040958341120000000e+11,4.804726839065551758e-01
3.860000000000000000e+03,1.354000000000000000e+03,8.278607093803796602e+01,1.346291201783625935e-01,0.000000000000000000e+00,7.301141299200000000e+10,5.371525595136000000e+12,3.230303525924682617e-01
1.817000000000000000e+03,1.058000000000000000e+03,3.406852844219240239e+01,1.897658566033678385e-01,1.080000000000000000e+02,3.472463104000000000e+09,6.062234009600000000e+11,1.079535961151123047e+00
3.274000000000000000e+03,3.295000000000000000e+03,9.066666663825001251e+02,4.419417382415922330e-02,4.000000000000000000e+00,4.576543129600000000e+10,2.901718335488000000e+12,1.090228271484375000e+01
2.993000000000000000e+03,1.018000000000000000e+03,8.171620392771716013e+01,1.087856586440842377e-01,2.920000000000000000e+02,5.220359040000000000e+08,1.912100945920000000e+11,9.537348896265029907e-02
2.470000000000000000e+03,2.291000000000000000e+03,7.184500296262764607e+01,1.875000000000000000e-01,1.740000000000000000e+02,2.748058880000000000e+09,3.761774592000000000e+11,2.325160354375839233e-01
1.820000000000000000e+02,2.692000000000000000e+03,3.123179051489806923e+01,1.860163329510811370e-01,1.190000000000000000e+02,2.209803520000000000e+09,4.380837478400000000e+11,6.837707161903381348e-01
3.496000000000000000e+03,3.192000000000000000e+03,4.214085511605163958e+01,2.000000000000000111e-01,7.200000000000000000e+01,1.264045465600000000e+10,6.807097835520000000e+11,5.790898799896240234e-01
1.270000000000000000e+02,2.325000000000000000e+03,1.567465805794662401e+02,1.087856586440842377e-01,1.000000000000000000e+01,1.996886425600000000e+10,1.406474911744000000e+12,1.505521297454833984e+00
4.140000000000000000e+02,1.362000000000000000e+03,9.993294403808742743e+01,1.212678125181664845e-01,3.000000000000000000e+00,6.902842163200000000e+10,3.272609628160000000e+12,7.570462226867675781e-01
1.569000000000000000e+03,2.418000000000000000e+03,1.825973110709279013e+02,4.761904761904761640e-02,7.000000000000000000e+01,3.691625984000000000e+09,7.435327242240000000e+11,9.238203763961791992e-01
2.025000000000000000e+03,3.367000000000000000e+03,2.251887125088763071e+02,1.571348402636772446e-01,1.090000000000000000e+02,4.767008768000000000e+09,5.140877803520000000e+11,8.066106438636779785e-01
1.945000000000000000e+03,3.875000000000000000e+03,3.083230395080164143e+01,1.944406936956339094e-01,5.200000000000000000e+01,3.828430028800000000e+10,1.034564075520000000e+12,0.000000000000000000e+00
3.440000000000000000e+03,5.090000000000000000e+02,2.307062353348380270e+02,1.052631578947368363e-01,5.900000000000000000e+01,4.818864128000000000e+09,5.752418467840000000e+11,5.228825211524963379e-01
2.640000000000000000e+03,3.075000000000000000e+03,7.786223347176637333e+01,1.851851851851851749e-01,1.500000000000000000e+01,3.527756185600000000e+10,1.735473496064000000e+12,1.871760040521621704e-01
1.074000000000000000e+03,3.200000000000000000e+02,3.810686801034906779e+01,1.490711984999859852e-01,2.330000000000000000e+02,6.209496320000000000e+08,2.893950812160000000e+11,1.476807296276092529e-01
2.162000000000000000e+03,1.547000000000000000e+03,6.138835673303965024e+01,1.767766952966368932e-01,1.690000000000000000e+02,3.334616320000000000e+09,3.723537285120000000e+11,9.473653435707092285e-01
1.660000000000000000e+03,1.081000000000000000e+03,5.132175063062319964e+01,1.767766952966368932e-01,1.750000000000000000e+02,1.725437440000000000e+09,3.437754777600000000e+11,2.619169652462005615e-01
1.060000000000000000e+03,1.220000000000000000e+02,1.299892855396340110e+02,1.490711984999859852e-01,1.660000000000000000e+02,1.370045440000000000e+09,2.645352611840000000e+11,2.215686142444610596e-01
5.390000000000000000e+02,2.456000000000000000e+03,8.295511230028854470e+02,1.176470588235294101e-01,1.250000000000000000e+02,2.171653120000000000e+09,3.972780195840000000e+11,5.276274681091308594e-01
3.600000000000000000e+02,2.166000000000000000e+03,5.660775778756235610e+01,1.060456257489408582e-01,1.000000000000000000e+00,8.831377408000000000e+10,3.447775821824000000e+12,4.181708395481109619e-01
3.194000000000000000e+03,1.265000000000000000e+03,4.755720778204842247e+01,1.087856586440842377e-01,3.020000000000000000e+02,3.371077120000000000e+08,1.820433285120000000e+11,5.045249313116073608e-02
3.520000000000000000e+02,6.230000000000000000e+02,6.450833642084771213e+01,1.118033988749894958e-01,6.900000000000000000e+01,2.519118848000000000e+09,6.528198901760000000e+11,4.075180888175964355e-01
3.080000000000000000e+03,1.573000000000000000e+03,2.783464665231594495e+02,1.087856586440842377e-01,3.150000000000000000e+02,5.846113920000000000e+08,1.710546124800000000e+11,3.108717687427997589e-02
1.650000000000000000e+03,3.018000000000000000e+03,7.928782429070169258e+01,2.000000000000000111e-01,1.610000000000000000e+02,1.813462784000000000e+09,3.086701363200000000e+11,3.963987231254577637e-01
3.811000000000000000e+03,2.193000000000000000e+03,5.640432228687132010e+01,1.277753129999879833e-01,5.000000000000000000e+00,6.303399526400000000e+10,3.637388771328000000e+12,2.569424629211425781e+00
2.524000000000000000e+03,1.017000000000000000e+03,9.340802265776235913e+01,1.923273145405179907e-01,1.900000000000000000e+01,3.211539865600000000e+10,1.839924903936000000e+12,4.858803153038024902e-01
1.832000000000000000e+03,8.810000000000000000e+02,1.319824843133544618e+02,1.597191412499849861e-01,2.400000000000000000e+02,5.599216000000000000e+08,2.475048796160000000e+11,1.206644847989082336e-01
1.147000000000000000e+03,1.376000000000000000e+03,2.539901342344864474e+02,1.285648693066450132e-01,3.450000000000000000e+02,3.319210880000000000e+08,1.152916848640000000e+11,3.565173968672752380e-02
9.280000000000000000e+02,5.500000000000000000e+01,6.557663553234762333e+01,1.243663295998240076e-01,2.000000000000000000e+00,4.836097638400000000e+10,5.956759453696000000e+12,4.612917602062225342e-01
2.265000000000000000e+03,3.711000000000000000e+03,7.485944046273027652e+01,1.178511301977579334e-01,3.180000000000000000e+02,4.913545280000000000e+08,1.575079280640000000e+11,6.375606358051300049e-02
4.920000000000000000e+02,8.290000000000000000e+02,4.592530891410859795e+02,6.734350297014739251e-02,4.900000000000000000e+01,7.905716224000000000e+09,7.715926179840000000e+11,2.006682634353637695e+00
3.082000000000000000e+03,3.262000000000000000e+03,4.403522072148147970e+01,1.250000000000000000e-01,1.340000000000000000e+02,7.659243520000000000e+08,3.657010708480000000e+11,2.813197076320648193e-01
2.160000000000000000e+02,9.020000000000000000e+02,7.620980641358227103e+01,7.692307692307692735e-02,3.100000000000000000e+02,4.837222720000000000e+08,1.678692352000000000e+11,1.754781417548656464e-02
8.780000000000000000e+02,1.444000000000000000e+03,2.783348378779672316e+02,1.490711984999859852e-01,1.680000000000000000e+02,8.116872320000000000e+08,3.029185986560000000e+11,2.076815217733383179e-01
3.429000000000000000e+03,9.440000000000000000e+02,3.433867317988902101e+01,1.764705882352941291e-01,1.620000000000000000e+02,3.060062976000000000e+09,3.823545876480000000e+11,2.805753350257873535e-01
5.550000000000000000e+02,2.110000000000000000e+03,7.066182638380855963e+01,1.897658566033678385e-01,9.200000000000000000e+01,8.088771072000000000e+09,5.596324823040000000e+11,7.699264287948608398e-01
7.440000000000000000e+02,1.099000000000000000e+03,4.381537126606711041e+01,1.860163329510811370e-01,1.230000000000000000e+02,3.450585344000000000e+09,4.269201489920000000e+11,4.118150472640991211e-01
2.255000000000000000e+03,1.341000000000000000e+03,3.155385017741327758e+01,1.118033988749894958e-01,8.100000000000000000e+01,8.068609536000000000e+09,7.168793640960000000e+11,7.845193743705749512e-01
1.352000000000000000e+03,1.761000000000000000e+03,8.647306893498034697e+01,1.538461538461538547e-01,2.960000000000000000e+02,1.173888768000000000e+09,1.974799564800000000e+11,6.154699251055717468e-02
3.440000000000000000e+02,1.470000000000000000e+03,1.401055639880630288e+01,1.856953381770518607e-01,1.700000000000000000e+01,5.264295936000000000e+10,2.150357925888000000e+12,1.609793305397033691e-01
3.720000000000000000e+02,3.315000000000000000e+03,5.280503018378726665e+01,1.897658566033678385e-01,4.600000000000000000e+01,1.400953139200000000e+10,6.190456504320000000e+11,1.350523829460144043e+00
1.394000000000000000e+03,2.583000000000000000e+03,7.811004180010910147e+01,1.397542485937368628e-01,1.890000000000000000e+02,1.658296320000000000e+09,3.660822609920000000e+11,5.479530692100524902e-01
6.290000000000000000e+02,4.980000000000000000e+02,1.902038476732277843e+02,8.318903308077030267e-02,1.510000000000000000e+02,1.992101248000000000e+09,4.080898211840000000e+11,6.955169886350631714e-02
2.470000000000000000e+03,3.118000000000000000e+03,1.669411684598598526e+02,1.090440572471854941e-01,7.000000000000000000e+00,4.260092313600000000e+10,2.118265864192000000e+12,1.421061873435974121e+00
1.458000000000000000e+03,2.894000000000000000e+03,1.479325129818100208e+02,1.490711984999859852e-01,1.990000000000000000e+02,1.217136768000000000e+09,2.727443988480000000e+11,1.342078447341918945e-01
3.730000000000000000e+02,3.314000000000000000e+03,4.025835666148294933e+01,1.897658566033678385e-01,4.600000000000000000e+01,1.400953139200000000e+10,6.190456504320000000e+11,1.350523829460144043e+00
2.465000000000000000e+03,3.115000000000000000e+03,8.371736189177639744e+02,9.753196981883414940e-02,7.000000000000000000e+00,4.260092313600000000e+10,2.118265864192000000e+12,1.421061873435974121e+00
1.062000000000000000e+03,1.240000000000000000e+02,2.315141305968052876e+01,2.000000000000000111e-01,1.660000000000000000e+02,1.370045440000000000e+09,2.645352611840000000e+11,2.215686142444610596e-01
1.655000000000000000e+03,3.020000000000000000e+03,3.764640020477665416e+01,1.885618083164126990e-01,1.610000000000000000e+02,1.813462784000000000e+09,3.086701363200000000e+11,3.963987231254577637e-01
3.072000000000000000e+03,8.720000000000000000e+02,6.595407700478637025e+01,1.875000000000000000e-01,1.700000000000000000e+02,1.429099264000000000e+09,3.279949987840000000e+11,7.364984601736068726e-02
3.585000000000000000e+03,1.172000000000000000e+03,4.730585874418833470e+01,1.527076157636170495e-01,6.000000000000000000e+00,4.993640448000000000e+10,1.631447547904000000e+12,2.750630855560302734e+00
1.140000000000000000e+02,3.026000000000000000e+03,8.383493442794852513e+01,1.976423537605237202e-01,1.810000000000000000e+02,1.703606272000000000e+09,3.191276830720000000e+11,1.524101495742797852e-01
3.279000000000000000e+03,6.120000000000000000e+02,4.948911883307363979e+01,1.720052290384453675e-01,2.700000000000000000e+02,9.765783680000000000e+08,1.974550200320000000e+11,1.784845441579818726e-01
3.975000000000000000e+03,2.093000000000000000e+03,9.942347668569939856e+01,1.176877882894626220e-01,7.600000000000000000e+01,6.012193792000000000e+09,5.932355420160000000e+11,2.364895343780517578e-01
3.151000000000000000e+03,3.953000000000000000e+03,2.677902921379006429e+01,1.875000000000000000e-01,2.170000000000000000e+02,5.120787200000000000e+08,3.151246131200000000e+11,2.553134262561798096e-01
4.120000000000000000e+02,1.362000000000000000e+03,7.061511939381122716e+01,1.212678125181664845e-01,3.000000000000000000e+00,6.902842163200000000e+10,3.272609628160000000e+12,7.570462226867675781e-01
3.660000000000000000e+03,4.530000000000000000e+02,1.530192771153049591e+02,1.505846504842085487e-01,7.500000000000000000e+01,9.171800064000000000e+09,7.418361282560000000e+11,1.302706003189086914e+00
3.073000000000000000e+03,2.411000000000000000e+03,1.442924384514685698e+02,1.016394535227177209e-01,2.000000000000000000e+01,2.138906214400000000e+10,9.160418918400000000e+11,6.593467593193054199e-01
2.084000000000000000e+03,3.079000000000000000e+03,5.499588146409347189e+01,1.764705882352941291e-01,1.570000000000000000e+02,3.798783232000000000e+09,3.840699924480000000e+11,9.788149595260620117e-01
3.782000000000000000e+03,2.080000000000000000e+03,2.453796231988650902e+02,1.802775637731994507e-01,3.700000000000000000e+01,6.925903872000000000e+09,6.656544604160000000e+11,6.811499595642089844e-01
1.721000000000000000e+03,2.300000000000000000e+03,4.233121625637313201e+01,1.863389981249824745e-01,3.200000000000000000e+02,4.233776640000000000e+08,1.610186752000000000e+11,3.248220309615135193e-02
3.820000000000000000e+03,1.660000000000000000e+03,6.264856400309145812e+01,1.538461538461538547e-01,2.010000000000000000e+02,5.403896960000000000e+08,1.908479918080000000e+11,1.492742747068405151e-01
2.500000000000000000e+01,1.899000000000000000e+03,5.985925000912219929e+01,1.802775637731994507e-01,8.600000000000000000e+01,8.359140864000000000e+09,6.356979548160000000e+11,3.633834123611450195e-01
2.382000000000000000e+03,3.833000000000000000e+03,1.101040022409983123e+02,6.666666666666666574e-02,2.190000000000000000e+02,1.670014080000000000e+09,2.785095843840000000e+11,1.740442365407943726e-01
2.615000000000000000e+03,8.900000000000000000e+02,2.632415829299849364e+01,1.863389981249824745e-01,3.430000000000000000e+02,4.670362560000000000e+08,1.352379514880000000e+11,9.790216572582721710e-03
1.833000000000000000e+03,8.820000000000000000e+02,1.233793201482283450e+02,7.142857142857142461e-02,2.400000000000000000e+02,5.599216000000000000e+08,2.475048796160000000e+11,1.206644847989082336e-01
2.842000000000000000e+03,5.410000000000000000e+02,5.567929482670984953e+01,1.397542485937368628e-01,1.460000000000000000e+02,2.242444032000000000e+09,3.406583234560000000e+11,1.633618921041488647e-01
3.497000000000000000e+03,3.186000000000000000e+03,1.600927102223482734e+02,1.118033988749894958e-01,7.200000000000000000e+01,1.264045465600000000e+10,6.807097835520000000e+11,5.790898799896240234e-01
9.230000000000000000e+02,4.900000000000000000e+01,5.695928385361855817e+01,1.707317073170731836e-01,2.000000000000000000e+00,4.836097638400000000e+10,5.956759453696000000e+12,4.612917602062225342e-01
1.348000000000000000e+03,2.006000000000000000e+03,1.660587186736831882e+02,1.333333333333333315e-01,1.770000000000000000e+02,1.732036736000000000e+09,2.927439708160000000e+11,2.931735217571258545e-01
1.020000000000000000e+03,9.280000000000000000e+02,7.307403205781247379e+01,9.090909090909091161e-02,3.350000000000000000e+02,3.738715520000000000e+08,1.154055864320000000e+11,3.682396933436393738e-02
3.858000000000000000e+03,1.349000000000000000e+03,8.100688966001692393e+01,1.903943276465977219e-01,0.000000000000000000e+00,7.301141299200000000e+10,5.371525595136000000e+12,3.230303525924682617e-01
3.802000000000000000e+03,6.230000000000000000e+02,8.907514374408637536e+01,1.010152544552210818e-01,2.390000000000000000e+02,5.174441920000000000e+08,2.259967344640000000e+11,1.706432849168777466e-01
1.653000000000000000e+03,3.020000000000000000e+03,4.496030643893031709e+01,1.333333333333333315e-01,1.610000000000000000e+02,1.813462784000000000e+09,3.086701363200000000e+11,3.963987231254577637e-01
1.415000000000000000e+03,1.624000000000000000e+03,1.153720766571657634e+02,7.443229275647869625e-02,8.200000000000000000e+01,6.161942016000000000e+09,5.409183170560000000e+11,9.187395125627517700e-02
1.274000000000000000e+03,1.803000000000000000e+03,6.800275379624338257e+01,1.502313031443328895e-01,3.600000000000000000e+01,1.450358067200000000e+10,1.097609969664000000e+12,1.465617537498474121e+00
3.858000000000000000e+03,2.231000000000000000e+03,4.555064350352980540e+01,1.087856586440842377e-01,3.300000000000000000e+02,3.352062080000000000e+08,1.694843043840000000e+11,1.855861395597457886e-02
1.651000000000000000e+03,3.020000000000000000e+03,6.525942875835455936e+01,1.885618083164126990e-01,1.610000000000000000e+02,1.813462784000000000e+09,3.086701363200000000e+11,3.963987231254577637e-01
1.147000000000000000e+03,1.378000000000000000e+03,5.439731810698732062e+01,1.285648693066450132e-01,3.450000000000000000e+02,3.319210880000000000e+08,1.152916848640000000e+11,3.565173968672752380e-02
3.560000000000000000e+02,2.162000000000000000e+03,7.558514358044698156e+01,6.576670522058204738e-02,1.000000000000000000e+00,8.831377408000000000e+10,3.447775821824000000e+12,4.181708395481109619e-01
2.172000000000000000e+03,1.140000000000000000e+02,2.076434440049278862e+02,9.316949906249123725e-02,4.000000000000000000e+01,2.409143500800000000e+10,1.124034150400000000e+12,1.411813020706176758e+00
2.888000000000000000e+03,3.529000000000000000e+03,6.740626702077602772e+01,1.631784879661263288e-01,2.500000000000000000e+01,2.538148249600000000e+10,1.442943729664000000e+12,1.294092535972595215e-01
4.920000000000000000e+02,8.330000000000000000e+02,1.204993936910017140e+02,1.505846504842085487e-01,4.900000000000000000e+01,7.905716224000000000e+09,7.715926179840000000e+11,2.006682634353637695e+00
1.791000000000000000e+03,6.980000000000000000e+02,1.346605161716359760e+02,1.176877882894626220e-01,9.600000000000000000e+01,7.474629632000000000e+09,5.915148943360000000e+11,2.710782289505004883e-01
3.076000000000000000e+03,2.411000000000000000e+03,6.316174716470813877e+01,1.285648693066450132e-01,2.000000000000000000e+01,2.138906214400000000e+10,9.160418918400000000e+11,6.593467593193054199e-01
3.683000000000000000e+03,2.880000000000000000e+03,2.884768159226412010e+01,1.442220510185595606e-01,3.300000000000000000e+01,2.596919091200000000e+10,1.392400793600000000e+12,4.729880765080451965e-02
9.630000000000000000e+02,2.614000000000000000e+03,1.774366031064229219e+02,1.897658566033678385e-01,8.800000000000000000e+01,5.297309696000000000e+09,5.749003386880000000e+11,1.700879216194152832e+00
7.450000000000000000e+02,1.105000000000000000e+03,2.629383498594908986e+01,1.764705882352941291e-01,1.230000000000000000e+02,3.450585344000000000e+09,4.269201489920000000e+11,4.118150472640991211e-01
1.190000000000000000e+02,3.026000000000000000e+03,8.916586000853348537e+01,1.397542485937368628e-01,1.810000000000000000e+02,1.703606272000000000e+09,3.191276830720000000e+11,1.524101495742797852e-01
2.463000000000000000e+03,3.113000000000000000e+03,1.102252167818133017e+02,1.950639396376682988e-01,7.000000000000000000e+00,4.260092313600000000e+10,2.118265864192000000e+12,1.421061873435974121e+00
7.030000000000000000e+02,9.320000000000000000e+02,9.654326789593459068e+01,2.000000000000000111e-01,1.960000000000000000e+02,2.349766656000000000e+09,3.092211630080000000e+11,1.835588216781616211e-01
2.561000000000000000e+03,3.101000000000000000e+03,1.046729823811924547e+02,8.838834764831844659e-02,1.830000000000000000e+02,1.435199104000000000e+09,3.311490170880000000e+11,1.839263886213302612e-01
6.970000000000000000e+02,2.347000000000000000e+03,8.994010795529001712e+01,1.397542485937368628e-01,1.490000000000000000e+02,1.993837312000000000e+09,3.625633710080000000e+11,9.843109548091888428e-02
2.642000000000000000e+03,3.084000000000000000e+03,5.127280518367387430e+01,1.888525745775105347e-01,1.500000000000000000e+01,3.527756185600000000e+10,1.735473496064000000e+12,1.871760040521621704e-01
3.680000000000000000e+03,2.874000000000000000e+03,5.399754872067263278e+01,1.264911064067351931e-01,3.300000000000000000e+01,2.596919091200000000e+10,1.392400793600000000e+12,4.729880765080451965e-02
4.830000000000000000e+02,1.817000000000000000e+03,2.318404727325153303e+01,1.250000000000000000e-01,1.400000000000000000e+01,2.384566476800000000e+10,1.169877762048000000e+12,1.326438903808593750e+00
9.220000000000000000e+02,5.700000000000000000e+01,1.247714910091443556e+02,3.449301371641695646e-02,2.000000000000000000e+00,4.836097638400000000e+10,5.956759453696000000e+12,4.612917602062225342e-01
1.438000000000000000e+03,1.477000000000000000e+03,1.583209416734769945e+02,1.397542485937368628e-01,1.910000000000000000e+02,4.317606912000000000e+09,3.233326366720000000e+11,3.796105086803436279e-01
5.290000000000000000e+02,1.737000000000000000e+03,9.844936936971012642e+01,1.499999999999999944e-01,8.500000000000000000e+01,1.334152294400000000e+10,6.413754040320000000e+11,2.690244674682617188e+00
1.070000000000000000e+03,2.713000000000000000e+03,4.881440984292189711e+01,1.720052290384453675e-01,3.250000000000000000e+02,4.487570880000000000e+08,1.660798238720000000e+11,2.765476144850254059e-02
2.975000000000000000e+03,4.500000000000000000e+01,2.099097136516725186e+02,5.237828008789241485e-02,1.100000000000000000e+01,3.576540364800000000e+10,1.680807821312000000e+12,2.075748682022094727e+00
2.010000000000000000e+02,3.750000000000000000e+02,6.367210765831928398e+01,1.663780661615406053e-01,1.650000000000000000e+02,2.563304704000000000e+09,4.133531811840000000e+11,7.525227665901184082e-01
2.025000000000000000e+03,3.371000000000000000e+03,2.528956882399278072e+02,1.571348402636772446e-01,1.090000000000000000e+02,4.767008768000000000e+09,5.140877803520000000e+11,8.066106438636779785e-01
7.470000000000000000e+02,1.102000000000000000e+03,1.217379628942108809e+02,1.176470588235294101e-01,1.230000000000000000e+02,3.450585344000000000e+09,4.269201489920000000e+11,4.118150472640991211e-01
3.704000000000000000e+03,1.197000000000000000e+03,1.062368883116700431e+02,1.490711984999859852e-01,7.800000000000000000e+01,4.232730880000000000e+09,2.918509117440000000e+11,8.519148230552673340e-01
2.634000000000000000e+03,2.681000000000000000e+03,1.750987901566092546e+02,5.892556509887896671e-02,3.900000000000000000e+01,2.389246156800000000e+10,1.108915257344000000e+12,7.688570618629455566e-01
1.141000000000000000e+03,3.901000000000000000e+03,4.418622871902668692e+01,1.333333333333333315e-01,8.000000000000000000e+00,3.991272652800000000e+10,2.224507322368000000e+12,9.772834777832031250e-01
3.143000000000000000e+03,9.970000000000000000e+02,5.659370548632931275e+01,1.242259987499883256e-01,9.300000000000000000e+01,4.418263040000000000e+09,4.843336171520000000e+11,1.032378077507019043e+00
8.000000000000000000e+00,2.887000000000000000e+03,3.921420776720870549e+01,1.490711984999859852e-01,2.500000000000000000e+02,8.211125120000000000e+08,2.586923663360000000e+11,1.097938567399978638e-01
1.608000000000000000e+03,2.127000000000000000e+03,6.497916056360163850e+01,1.428571428571428492e-01,6.700000000000000000e+01,2.263678566400000000e+10,7.642853539840000000e+11,1.249879002571105957e+00
1.146000000000000000e+03,3.896000000000000000e+03,6.179368567178859450e+01,1.699673171197594868e-01,8.000000000000000000e+00,3.991272652800000000e+10,2.224507322368000000e+12,9.772834777832031250e-01
1.774000000000000000e+03,1.611000000000000000e+03,4.050164857917441452e+01,1.860163329510811370e-01,1.380000000000000000e+02,2.455658496000000000e+09,4.106929438720000000e+11,1.264987438917160034e-01
3.075000000000000000e+03,2.405000000000000000e+03,1.075459774573696166e+02,1.874138920735300140e-01,2.000000000000000000e+01,2.138906214400000000e+10,9.160418918400000000e+11,6.593467593193054199e-01
7.170000000000000000e+02,8.810000000000000000e+02,3.858329423825516358e+01,1.863389981249824745e-01,3.220000000000000000e+02,3.776140160000000000e+08,1.603867115520000000e+11,2.872906066477298737e-02
9.220000000000000000e+02,5.400000000000000000e+01,1.165235681551414189e+02,5.453824335365341225e-02,2.000000000000000000e+00,4.836097638400000000e+10,5.956759453696000000e+12,4.612917602062225342e-01
1.139000000000000000e+03,3.901000000000000000e+03,5.462793126144234179e+01,1.490711984999859852e-01,8.000000000000000000e+00,3.991272652800000000e+10,2.224507322368000000e+12,9.772834777832031250e-01
1.943000000000000000e+03,3.876000000000000000e+03,5.158166093846777045e+01,1.567630989332169100e-01,5.200000000000000000e+01,3.828430028800000000e+10,1.034564075520000000e+12,0.000000000000000000e+00
2.730000000000000000e+03,2.722000000000000000e+03,5.567408212011818591e+01,1.428571428571428492e-01,2.310000000000000000e+02,1.039507904000000000e+09,2.160468295680000000e+11,1.857722848653793335e-01
7.260000000000000000e+02,2.776000000000000000e+03,5.736678226082362926e+02,8.944271909999158832e-02,2.900000000000000000e+01,1.928219033600000000e+10,1.265615634432000000e+12,2.214435577392578125e+00
1.350000000000000000e+03,2.007000000000000000e+03,8.263536817025121195e+01,1.490711984999859852e-01,1.770000000000000000e+02,1.732036736000000000e+09,2.927439708160000000e+11,2.931735217571258545e-01
2.612000000000000000e+03,3.995000000000000000e+03,1.055425297929857749e+02,1.481481481481481399e-01,2.200000000000000000e+01,4.871026278400000000e+10,1.682183815168000000e+12,0.000000000000000000e+00
2.370000000000000000e+02,1.142000000000000000e+03,6.169291853876688947e+01,1.739130434782608647e-01,5.700000000000000000e+01,8.470172672000000000e+09,9.695676334080000000e+11,1.448810100555419922e+00
1.366000000000000000e+03,1.378000000000000000e+03,4.510031384527263754e+01,1.414213562373095034e-01,3.500000000000000000e+02,4.407639680000000000e+08,9.170168217600000000e+10,1.644791476428508759e-02
4.360000000000000000e+02,2.727000000000000000e+03,5.243922418548962696e+02,1.428571428571428492e-01,6.000000000000000000e+01,9.892344832000000000e+09,7.822726266880000000e+11,1.314265251159667969e+00
3.275000000000000000e+03,3.297000000000000000e+03,5.958250736549475732e+02,1.126734773582496602e-01,4.000000000000000000e+00,4.576543129600000000e+10,2.901718335488000000e+12,1.090228271484375000e+01
4.080000000000000000e+02,1.366000000000000000e+03,8.878816492879815314e+01,1.470588235294117696e-01,3.000000000000000000e+00,6.902842163200000000e+10,3.272609628160000000e+12,7.570462226867675781e-01
2.467000000000000000e+03,3.119000000000000000e+03,4.206166117918547798e+02,6.896551724137930939e-02,7.000000000000000000e+00,4.260092313600000000e+10,2.118265864192000000e+12,1.421061873435974121e+00
7.120000000000000000e+02,1.546000000000000000e+03,5.254689253526869663e+01,1.000000000000000056e-01,3.540000000000000000e+02,5.872789760000000000e+08,8.170256793600000000e+10,5.139613151550292969e-02
1.440000000000000000e+02,1.418000000000000000e+03,1.635689266394833794e+02,1.176470588235294101e-01,1.470000000000000000e+02,4.709297664000000000e+09,4.262561382400000000e+11,1.654796600341796875e+00
1.249000000000000000e+03,2.150000000000000000e+03,1.010385823492522235e+02,1.087856586440842377e-01,3.130000000000000000e+02,4.205896000000000000e+08,1.665786183680000000e+11,3.704225644469261169e-02
1.624000000000000000e+03,1.604000000000000000e+03,1.554272833242634704e+02,7.856742013183862228e-02,1.120000000000000000e+02,4.358597632000000000e+09,5.040958341120000000e+11,4.804726839065551758e-01
3.703000000000000000e+03,3.721000000000000000e+03,3.159240988719287913e+01,1.767766952966368932e-01,1.950000000000000000e+02,2.191118592000000000e+09,3.672240619520000000e+11,2.955987751483917236e-01
1.951000000000000000e+03,3.912000000000000000e+03,1.301742711268470316e+02,9.428090415820634951e-02,1.860000000000000000e+02,9.393569920000000000e+08,2.994678333440000000e+11,8.796782791614532471e-02
2.500000000000000000e+01,1.897000000000000000e+03,8.162903293356900747e+01,1.118033988749894958e-01,8.600000000000000000e+01,8.359140864000000000e+09,6.356979548160000000e+11,3.633834123611450195e-01
2.969000000000000000e+03,3.718000000000000000e+03,1.969066254454680802e+02,1.176470588235294101e-01,1.300000000000000000e+02,5.315287552000000000e+09,4.184949063680000000e+11,9.917013049125671387e-01
2.446000000000000000e+03,4.820000000000000000e+02,7.752953996998309094e+01,1.538461538461538547e-01,2.950000000000000000e+02,5.136313920000000000e+08,1.722018856960000000e+11,7.479093223810195923e-02
3.088000000000000000e+03,3.613000000000000000e+03,1.203315386120388553e+02,3.571428571428571230e-02,1.800000000000000000e+01,4.353104691200000000e+10,1.882279772160000000e+12,3.471975401043891907e-02
2.558000000000000000e+03,3.102000000000000000e+03,1.167785286620532474e+02,1.767766952966368932e-01,1.830000000000000000e+02,1.435199104000000000e+09,3.311490170880000000e+11,1.839263886213302612e-01
9.850000000000000000e+02,1.027000000000000000e+03,5.927719231446150161e+01,7.692307692307692735e-02,2.880000000000000000e+02,6.826971520000000000e+08,2.043456061440000000e+11,6.240923330187797546e-02
3.144000000000000000e+03,9.940000000000000000e+02,1.390394384372971501e+02,1.242259987499883256e-01,9.300000000000000000e+01,4.418263040000000000e+09,4.843336171520000000e+11,1.032378077507019043e+00
3.976000000000000000e+03,2.422000000000000000e+03,1.968951328483855789e+01,1.717960677340691911e-01,4.500000000000000000e+01,2.933959884800000000e+10,1.161086107648000000e+12,0.000000000000000000e+00
1.317000000000000000e+03,1.713000000000000000e+03,1.006861445084376925e+02,1.666666666666666574e-01,9.500000000000000000e+01,1.568210534400000000e+10,5.062445301760000000e+11,2.863983809947967529e-01
1.947000000000000000e+03,1.567000000000000000e+03,1.167964086536358934e+02,1.976423537605237202e-01,1.670000000000000000e+02,3.063771904000000000e+09,3.769188679680000000e+11,6.263079047203063965e-01
3.104000000000000000e+03,3.410000000000000000e+02,5.642451150072583488e+01,1.488645855129573925e-01,1.140000000000000000e+02,2.197843456000000000e+09,5.375084789760000000e+11,3.056838810443878174e-01
1.301000000000000000e+03,2.006000000000000000e+03,2.603839503129410105e+02,1.792654619833765339e-01,4.200000000000000000e+01,1.348992307200000000e+10,1.067025235968000000e+12,3.646400213241577148e+00
3.600000000000000000e+02,2.162000000000000000e+03,7.008685743591544792e+01,6.576670522058204738e-02,1.000000000000000000e+00,8.831377408000000000e+10,3.447775821824000000e+12,4.181708395481109619e-01
1.680000000000000000e+02,2.144000000000000000e+03,7.116803772403247308e+01,1.087856586440842377e-01,2.930000000000000000e+02,9.289077760000000000e+08,1.737262530560000000e+11,1.096618697047233582e-01
9.300000000000000000e+02,5.200000000000000000e+01,4.719911630282827275e+01,1.966404328853304795e-01,2.000000000000000000e+00,4.836097638400000000e+10,5.956759453696000000e+12,4.612917602062225342e-01
1.194000000000000000e+03,1.706000000000000000e+03,8.582462849177814235e+01,1.315334104411640948e-01,1.180000000000000000e+02,4.714155008000000000e+09,4.329807544320000000e+11,7.848110198974609375e-01
2.704000000000000000e+03,3.094000000000000000e+03,6.170578139215479752e+01,1.818181818181818232e-01,2.360000000000000000e+02,5.399721600000000000e+08,1.266959237120000000e+11,7.340902090072631836e-02
2.039000000000000000e+03,1.496000000000000000e+03,6.340568631968552893e+01,1.976423537605237202e-01,1.170000000000000000e+02,4.141453568000000000e+09,3.299535093760000000e+11,1.914184540510177612e-01
9.870000000000000000e+02,1.027000000000000000e+03,6.490049181470506312e+01,1.720052290384453675e-01,2.880000000000000000e+02,6.826971520000000000e+08,2.043456061440000000e+11,6.240923330187797546e-02
2.480000000000000000e+02,2.925000000000000000e+03,5.146300305053985369e+01,1.860163329510811370e-01,1.790000000000000000e+02,4.286263552000000000e+09,3.801942917120000000e+11,2.970622479915618896e-01
4.360000000000000000e+02,2.730000000000000000e+03,9.304425759980601924e+02,0.000000000000000000e+00,6.000000000000000000e+01,9.892344832000000000e+09,7.822726266880000000e+11,1.314265251159667969e+00
1.274000000000000000e+03,1.807000000000000000e+03,5.281803427623135860e+01,1.502313031443328895e-01,3.600000000000000000e+01,1.450358067200000000e+10,1.097609969664000000e+12,1.465617537498474121e+00
3.876000000000000000e+03,5.340000000000000000e+02,1.166140293325186974e+02,1.764705882352941291e-01,1.450000000000000000e+02,2.489635584000000000e+09,4.032976977920000000e+11,8.420058339834213257e-02
3.533000000000000000e+03,1.725000000000000000e+03,6.195047162102817850e+01,1.087856586440842377e-01,2.630000000000000000e+02,4.127903040000000000e+08,1.956510597120000000e+11,2.772472240030765533e-02
9.250000000000000000e+02,5.900000000000000000e+01,7.994753796924460687e+01,8.794027501131680691e-02,2.000000000000000000e+00,4.836097638400000000e+10,5.956759453696000000e+12,4.612917602062225342e-01
2.645000000000000000e+03,3.084000000000000000e+03,1.279240757330992295e+02,1.994505484123890171e-01,1.500000000000000000e+01,3.527756185600000000e+10,1.735473496064000000e+12,1.871760040521621704e-01
4.350000000000000000e+02,2.732000000000000000e+03,6.223965821129610276e+01,1.064794274999899953e-01,6.000000000000000000e+01,9.892344832000000000e+09,7.822726266880000000e+11,1.314265251159667969e+00
8.510000000000000000e+02,2.072000000000000000e+03,3.675848882384848793e+01,1.844626385704036808e-01,5.600000000000000000e+01,2.377781452800000000e+10,1.003706777600000000e+12,2.094316333532333374e-01
3.274000000000000000e+03,3.298000000000000000e+03,1.149456737649937281e+02,1.288470508005518933e-01,4.000000000000000000e+00,4.576543129600000000e+10,2.901718335488000000e+12,1.090228271484375000e+01
2.215000000000000000e+03,3.702000000000000000e+03,6.349143955553086016e+01,1.875000000000000000e-01,1.200000000000000000e+02,1.413297024000000000e+09,3.281207623680000000e+11,2.572538256645202637e-01
3.423000000000000000e+03,9.440000000000000000e+02,4.132918405824700159e+01,1.764705882352941291e-01,1.620000000000000000e+02,3.060062976000000000e+09,3.823545876480000000e+11,2.805753350257873535e-01
3.776000000000000000e+03,1.262000000000000000e+03,6.611796494376407907e+01,1.818181818181818232e-01,6.100000000000000000e+01,1.627101593600000000e+10,8.702694522880000000e+11,3.920187950134277344e+00
1.320000000000000000e+02,2.329000000000000000e+03,1.449348634557103139e+02,1.386750490563072868e-01,1.000000000000000000e+01,1.996886425600000000e+10,1.406474911744000000e+12,1.505521297454833984e+00
1.493000000000000000e+03,1.418000000000000000e+03,1.784883705670287100e+02,1.578947368421052544e-01,1.050000000000000000e+02,1.297780121600000000e+10,5.435112488960000000e+11,6.052412390708923340e-01
1.430000000000000000e+02,3.246000000000000000e+03,2.121859644012855597e+02,1.923076923076923184e-01,2.600000000000000000e+01,1.438108057600000000e+10,1.427807535104000000e+12,3.526270389556884766e+00
1.964000000000000000e+03,3.819000000000000000e+03,9.227453860795307605e+01,1.666666666666666574e-01,3.340000000000000000e+02,9.783617280000000000e+08,1.536872611840000000e+11,4.243917018175125122e-02
8.070000000000000000e+02,1.470000000000000000e+03,3.610417906868121349e+02,1.000000000000000056e-01,9.100000000000000000e+01,3.535630080000000000e+09,6.492895313920000000e+11,8.669794797897338867e-01
1.572000000000000000e+03,2.982000000000000000e+03,4.479504576578312935e+01,1.538461538461538547e-01,2.850000000000000000e+02,6.836806400000000000e+08,1.794414182400000000e+11,1.307955831289291382e-01
2.846000000000000000e+03,5.400000000000000000e+02,2.290249967433345901e+01,1.976423537605237202e-01,1.460000000000000000e+02,2.242444032000000000e+09,3.406583234560000000e+11,1.633618921041488647e-01
3.583000000000000000e+03,1.178000000000000000e+03,4.485247589513917887e+01,1.335389361282958987e-01,6.000000000000000000e+00,4.993640448000000000e+10,1.631447547904000000e+12,2.750630855560302734e+00
2.645000000000000000e+03,3.081000000000000000e+03,1.918055783117373778e+02,1.047565601757848297e-01,1.500000000000000000e+01,3.527756185600000000e+10,1.735473496064000000e+12,1.871760040521621704e-01
4.130000000000000000e+02,1.364000000000000000e+03,4.329427932528252398e+01,5.882352941176470507e-02,3.000000000000000000e+00,6.902842163200000000e+10,3.272609628160000000e+12,7.570462226867675781e-01
1.415000000000000000e+03,1.622000000000000000e+03,8.151225012158360528e+01,1.664356663246515655e-01,8.200000000000000000e+01,6.161942016000000000e+09,5.409183170560000000e+11,9.187395125627517700e-02
2.980000000000000000e+03,4.300000000000000000e+01,9.427370536354585795e+01,1.527076157636170495e-01,1.100000000000000000e+01,3.576540364800000000e+10,1.680807821312000000e+12,2.075748682022094727e+00
3.782000000000000000e+03,2.083000000000000000e+03,1.260272865665520499e+02,1.581138830084189706e-01,3.700000000000000000e+01,6.925903872000000000e+09,6.656544604160000000e+11,6.811499595642089844e-01
3.276000000000000000e+03,6.140000000000000000e+02,1.292568920319019696e+02,1.087856586440842377e-01,2.700000000000000000e+02,9.765783680000000000e+08,1.974550200320000000e+11,1.784845441579818726e-01
9.260000000000000000e+02,6.100000000000000000e+01,7.771719928951638678e+01,1.422183388986658636e-01,2.000000000000000000e+00,4.836097638400000000e+10,5.956759453696000000e+12,4.612917602062225342e-01
2.777000000000000000e+03,3.260000000000000000e+02,4.368798980038087620e+01,1.875000000000000000e-01,1.760000000000000000e+02,1.897518080000000000e+09,3.672120360960000000e+11,2.138888686895370483e-01
2.449000000000000000e+03,1.595000000000000000e+03,1.372076140098076280e+02,7.142857142857142461e-02,2.290000000000000000e+02,1.433138432000000000e+09,2.458848624640000000e+11,1.181099116802215576e-01
3.391000000000000000e+03,3.862000000000000000e+03,6.910319267728233683e+01,1.428571428571428492e-01,2.300000000000000000e+02,1.801585536000000000e+09,2.514149212160000000e+11,2.484616637229919434e-01
8.360000000000000000e+02,4.370000000000000000e+02,4.821496510256293959e+02,1.414213562373095034e-01,7.700000000000000000e+01,9.925042176000000000e+09,7.026825625600000000e+11,1.432763218879699707e+00
1.589000000000000000e+03,3.171000000000000000e+03,6.430572710818491089e+01,8.333333333333332871e-02,3.470000000000000000e+02,3.555295680000000000e+08,1.387580620800000000e+11,0.000000000000000000e+00
3.091000000000000000e+03,3.613000000000000000e+03,8.430063957017564746e+01,7.142857142857142461e-02,1.800000000000000000e+01,4.353104691200000000e+10,1.882279772160000000e+12,3.471975401043891907e-02
1.570000000000000000e+03,2.414000000000000000e+03,7.173858121261285703e+01,1.505846504842085487e-01,7.000000000000000000e+01,3.691625984000000000e+09,7.435327242240000000e+11,9.238203763961791992e-01
1.137000000000000000e+03,3.893000000000000000e+03,3.151088922848021312e+01,1.885618083164126990e-01,8.000000000000000000e+00,3.991272652800000000e+10,2.224507322368000000e+12,9.772834777832031250e-01
3.494000000000000000e+03,3.186000000000000000e+03,2.484094138693706384e+02,1.414213562373095034e-01,7.200000000000000000e+01,1.264045465600000000e+10,6.807097835520000000e+11,5.790898799896240234e-01
2.252000000000000000e+03,1.115000000000000000e+03,3.539338060725686574e+01,5.656854249492380277e-02,3.800000000000000000e+01,2.731669299200000000e+10,1.339208237056000000e+12,0.000000000000000000e+00
3.092000000000000000e+03,3.610000000000000000e+03,7.130313695140984009e+01,1.515228816828315950e-01,1.800000000000000000e+01,4.353104691200000000e+10,1.882279772160000000e+12,3.471975401043891907e-02
2.940000000000000000e+02,2.467000000000000000e+03,7.302345727647072238e+01,1.720052290384453675e-01,2.000000000000000000e+02,8.640007680000000000e+08,2.070236200960000000e+11,9.774547070264816284e-02
5.610000000000000000e+02,2.110000000000000000e+03,9.367490924715505685e+01,1.897658566033678385e-01,9.200000000000000000e+01,8.088771072000000000e+09,5.596324823040000000e+11,7.699264287948608398e-01
3.879000000000000000e+03,5.320000000000000000e+02,1.673914988885332491e+02,1.176470588235294101e-01,1.450000000000000000e+02,2.489635584000000000e+09,4.032976977920000000e+11,8.420058339834213257e-02
3.516000000000000000e+03,2.195000000000000000e+03,3.478585044072917754e+01,1.767766952966368932e-01,1.900000000000000000e+02,2.307150592000000000e+09,3.480266670080000000e+11,2.627476155757904053e-01
1.874000000000000000e+03,1.487000000000000000e+03,5.758323935428737883e+01,1.428571428571428492e-01,2.690000000000000000e+02,1.238931328000000000e+09,2.126970224640000000e+11,2.752779722213745117e-01
7.590000000000000000e+02,4.510000000000000000e+02,6.423982244898603255e+01,8.333333333333332871e-02,3.170000000000000000e+02,3.282048640000000000e+08,1.483971133440000000e+11,3.319354727864265442e-02
3.203000000000000000e+03,1.942000000000000000e+03,1.349692010695977729e+02,1.052631578947368363e-01,1.130000000000000000e+02,7.726062080000000000e+09,5.761304494080000000e+11,5.950784087181091309e-01
1.799000000000000000e+03,8.000000000000000000e+02,8.347493022459791234e+01,1.176470588235294101e-01,1.600000000000000000e+02,2.614074880000000000e+09,3.916269158400000000e+11,1.103178709745407104e-01
2.776000000000000000e+03,3.285000000000000000e+03,8.329387518929979706e+01,1.716929178792375721e-01,6.200000000000000000e+01,1.213782118400000000e+10,7.476529725440000000e+11,1.117016077041625977e+00
2.178000000000000000e+03,1.120000000000000000e+02,1.106626910819608725e+02,1.717960677340691911e-01,4.000000000000000000e+01,2.409143500800000000e+10,1.124034150400000000e+12,1.411813020706176758e+00
1.194000000000000000e+03,1.702000000000000000e+03,1.735983764048909848e+02,1.315334104411640948e-01,1.180000000000000000e+02,4.714155008000000000e+09,4.329807544320000000e+11,7.848110198974609375e-01
2.044000000000000000e+03,1.495000000000000000e+03,7.448979431211031965e+01,1.767766952966368932e-01,1.170000000000000000e+02,4.141453568000000000e+09,3.299535093760000000e+11,1.914184540510177612e-01
2.740000000000000000e+02,2.810000000000000000e+02,8.168289403514827995e+01,7.142857142857142461e-02,2.270000000000000000e+02,6.140675200000000000e+08,2.543858974720000000e+11,4.976339638233184814e-01
2.253000000000000000e+03,1.346000000000000000e+03,4.592367372558945249e+01,2.000000000000000111e-01,8.100000000000000000e+01,8.068609536000000000e+09,7.168793640960000000e+11,7.845193743705749512e-01
1.952000000000000000e+03,1.569000000000000000e+03,1.645319765983444995e+02,1.397542485937368628e-01,1.670000000000000000e+02,3.063771904000000000e+09,3.769188679680000000e+11,6.263079047203063965e-01
1.708000000000000000e+03,2.129000000000000000e+03,1.530808529926529218e+02,1.111111111111111049e-01,1.010000000000000000e+02,3.648659456000000000e+09,4.807784202240000000e+11,6.310544013977050781e-01
3.611000000000000000e+03,2.263000000000000000e+03,5.062869529585952222e+01,1.538461538461538547e-01,8.000000000000000000e+01,1.710721536000000000e+09,1.731962306560000000e+11,3.160461187362670898e-01
3.975000000000000000e+03,2.092000000000000000e+03,1.980781462692060586e+02,7.443229275647869625e-02,7.600000000000000000e+01,6.012193792000000000e+09,5.932355420160000000e+11,2.364895343780517578e-01
3.553000000000000000e+03,3.415000000000000000e+03,8.647831455836397652e+01,1.666666666666666574e-01,1.360000000000000000e+02,5.107780096000000000e+09,4.809077555200000000e+11,6.091393232345581055e-01
2.148000000000000000e+03,3.770000000000000000e+02,3.130297060595617253e+01,1.597191412499849861e-01,2.730000000000000000e+02,8.624572160000000000e+08,2.291342704640000000e+11,1.538608521223068237e-01
6.560000000000000000e+02,1.738000000000000000e+03,1.524097033421781191e+02,1.897658566033678385e-01,3.000000000000000000e+01,1.417263513600000000e+10,6.153933946880000000e+11,9.578550457954406738e-01
3.712000000000000000e+03,2.818000000000000000e+03,1.736807027680085866e+02,0.000000000000000000e+00,2.480000000000000000e+02,1.529134080000000000e+09,2.136252088320000000e+11,1.656225137412548065e-02
3.089000000000000000e+03,3.616000000000000000e+03,6.219000626625902584e+01,1.071428571428571369e-01,1.800000000000000000e+01,4.353104691200000000e+10,1.882279772160000000e+12,3.471975401043891907e-02
2.574000000000000000e+03,8.370000000000000000e+02,4.911123541394804448e+01,1.131370849898476055e-01,3.500000000000000000e+01,2.461768089600000000e+10,1.257411051520000000e+12,0.000000000000000000e+00
3.258000000000000000e+03,1.013000000000000000e+03,1.019349567454761569e+02,2.000000000000000111e-01,2.060000000000000000e+02,1.361531776000000000e+09,2.695304806400000000e+11,3.313000202178955078e-01
3.993000000000000000e+03,1.517000000000000000e+03,5.914115698805490950e+01,7.692307692307692735e-02,3.070000000000000000e+02,6.826536320000000000e+08,1.672112209920000000e+11,8.619345724582672119e-02
9.630000000000000000e+02,2.617000000000000000e+03,4.473699676168574229e+02,1.052631578947368363e-01,8.800000000000000000e+01,5.297309696000000000e+09,5.749003386880000000e+11,1.700879216194152832e+00
2.405000000000000000e+03,1.303000000000000000e+03,8.825965954376454192e+01,1.994505484123890171e-01,2.100000000000000000e+01,3.967555993600000000e+10,1.669329846272000000e+12,7.246407270431518555e-01
3.547000000000000000e+03,2.482000000000000000e+03,1.100567610813516950e+02,1.863389981249824745e-01,3.200000000000000000e+01,2.188575744000000000e+10,1.215032852480000000e+12,2.247135162353515625e+00
1.460000000000000000e+03,2.894000000000000000e+03,1.823083619630685348e+02,6.666666666666666574e-02,1.990000000000000000e+02,1.217136768000000000e+09,2.727443988480000000e+11,1.342078447341918945e-01
3.699000000000000000e+03,3.717000000000000000e+03,4.561328583370156764e+01,1.767766952966368932e-01,1.950000000000000000e+02,2.191118592000000000e+09,3.672240619520000000e+11,2.955987751483917236e-01
1.040000000000000000e+02,1.332000000000000000e+03,5.326759715087545288e+01,1.374903330507991073e-01,5.000000000000000000e+01,1.556661555200000000e+10,9.990592266240000000e+11,1.033417701721191406e+00
3.859000000000000000e+03,1.350000000000000000e+03,8.366449721249178140e+01,1.802775637731994507e-01,0.000000000000000000e+00,7.301141299200000000e+10,5.371525595136000000e+12,3.230303525924682617e-01
1.710000000000000000e+03,1.662000000000000000e+03,1.008440864431585595e+02,1.638886943392722229e-01,1.300000000000000000e+01,1.214220800000000000e+10,8.739340288000000000e+11,1.179914355278015137e+00
1.416000000000000000e+03,1.625000000000000000e+03,1.121747373145213231e+02,1.052631578947368363e-01,8.200000000000000000e+01,6.161942016000000000e+09,5.409183170560000000e+11,9.187395125627517700e-02
1.070000000000000000e+03,3.190000000000000000e+02,8.363594810886294795e+01,1.333333333333333315e-01,2.330000000000000000e+02,6.209496320000000000e+08,2.893950812160000000e+11,1.476807296276092529e-01
3.702000000000000000e+03,2.551000000000000000e+03,3.006734665153742014e+01,1.333333333333333315e-01,1.980000000000000000e+02,1.618238080000000000e+09,3.098244218880000000e+11,1.910182833671569824e-01
7.560000000000000000e+02,2.821000000000000000e+03,6.923196583280306982e+01,1.597191412499849861e-01,2.780000000000000000e+02,1.045625408000000000e+09,2.224233349120000000e+11,9.319210797548294067e-02
3.804000000000000000e+03,6.260000000000000000e+02,5.942125149586984634e+01,1.597191412499849861e-01,2.390000000000000000e+02,5.174441920000000000e+08,2.259967344640000000e+11,1.706432849168777466e-01
1.949000000000000000e+03,1.568000000000000000e+03,2.372589641087670316e+02,6.250000000000000000e-02,1.670000000000000000e+02,3.063771904000000000e+09,3.769188679680000000e+11,6.263079047203063965e-01
3.082000000000000000e+03,3.261000000000000000e+03,5.748127229038592390e+01,1.397542485937368628e-01,1.340000000000000000e+02,7.659243520000000000e+08,3.657010708480000000e+11,2.813197076320648193e-01
6.530000000000000000e+02,3.904000000000000000e+03,2.310272933113810723e+01,1.428571428571428492e-01,1.880000000000000000e+02,6.476391680000000000e+08,2.439948533760000000e+11,3.397938311100006104e-01
3.387000000000000000e+03,2.937000000000000000e+03,9.665764686432639508e+01,1.428571428571428492e-01,7.400000000000000000e+01,1.621565542400000000e+10,7.788651479040000000e+11,5.994437336921691895e-01
2.844000000000000000e+03,5.370000000000000000e+02,5.456494903376040639e+01,1.397542485937368628e-01,1.460000000000000000e+02,2.242444032000000000e+09,3.406583234560000000e+11,1.633618921041488647e-01
2.726000000000000000e+03,2.469000000000000000e+03,9.131536043479360387e+01,1.016394535227177209e-01,5.300000000000000000e+01,1.131311718400000000e+10,9.541244682240000000e+11,1.090019583702087402e+00
1.848000000000000000e+03,1.582000000000000000e+03,5.589305007677801740e+01,1.490711984999859852e-01,2.240000000000000000e+02,1.496969344000000000e+09,2.768687267840000000e+11,1.539164930582046509e-01
3.516000000000000000e+03,2.192000000000000000e+03,5.835527756301911495e+01,1.397542485937368628e-01,1.900000000000000000e+02,2.307150592000000000e+09,3.480266670080000000e+11,2.627476155757904053e-01
2.244000000000000000e+03,3.788000000000000000e+03,1.067771531151590239e+02,1.016394535227177209e-01,5.500000000000000000e+01,1.614189875200000000e+10,9.459097272320000000e+11,4.489732086658477783e-01
4.890000000000000000e+02,1.817000000000000000e+03,3.360168186402247414e+01,1.250000000000000000e-01,1.400000000000000000e+01,2.384566476800000000e+10,1.169877762048000000e+12,1.326438903808593750e+00
3.149000000000000000e+03,1.860000000000000000e+02,5.844873394111390752e+01,1.010152544552210818e-01,2.550000000000000000e+02,1.040948736000000000e+09,2.294191390720000000e+11,1.502451896667480469e-01
3.370000000000000000e+02,1.469000000000000000e+03,2.927611582379586963e+01,1.243293543263444545e-01,1.700000000000000000e+01,5.264295936000000000e+10,2.150357925888000000e+12,1.609793305397033691e-01
3.184000000000000000e+03,6.000000000000000000e+01,2.647709323000523227e+02,7.142857142857142461e-02,2.510000000000000000e+02,1.089167872000000000e+09,2.191891005440000000e+11,2.160213589668273926e-01
2.415000000000000000e+03,2.663000000000000000e+03,7.837467645751782186e+01,1.764705882352941291e-01,1.480000000000000000e+02,1.149997056000000000e+09,4.166995148800000000e+11,1.336990147829055786e-01
3.435000000000000000e+03,1.227000000000000000e+03,1.193805293978793713e+02,1.176470588235294101e-01,1.000000000000000000e+02,2.065479552000000000e+09,4.219889909760000000e+11,5.504037141799926758e-01
7.410000000000000000e+02,3.029000000000000000e+03,7.594341113831789869e+01,1.666666666666666574e-01,1.350000000000000000e+02,3.606882304000000000e+09,4.865386741760000000e+11,4.158747792243957520e-01
3.720000000000000000e+02,3.310000000000000000e+03,1.564643276730994046e+02,1.488645855129573925e-01,4.600000000000000000e+01,1.400953139200000000e+10,6.190456504320000000e+11,1.350523829460144043e+00
2.732000000000000000e+03,2.722000000000000000e+03,1.355389402717566725e+02,0.000000000000000000e+00,2.310000000000000000e+02,1.039507904000000000e+09,2.160468295680000000e+11,1.857722848653793335e-01
1.625000000000000000e+03,1.603000000000000000e+03,7.113236399595446358e+01,1.571348402636772446e-01,1.120000000000000000e+02,4.358597632000000000e+09,5.040958341120000000e+11,4.804726839065551758e-01
3.785000000000000000e+03,2.086000000000000000e+03,8.592440623742687933e+01,2.000000000000000111e-01,3.700000000000000000e+01,6.925903872000000000e+09,6.656544604160000000e+11,6.811499595642089844e-01
1.141000000000000000e+03,3.897000000000000000e+03,6.027138985381409952e+01,0.000000000000000000e+00,8.000000000000000000e+00,3.991272652800000000e+10,2.224507322368000000e+12,9.772834777832031250e-01
3.091000000000000000e+03,1.080000000000000000e+03,1.109496127714161702e+02,1.944406936956339094e-01,4.700000000000000000e+01,2.149117542400000000e+10,1.025539571712000000e+12,2.488818407058715820e+00
2.855000000000000000e+03,1.473000000000000000e+03,1.050584801788431122e+02,1.863389981249824745e-01,3.080000000000000000e+02,7.085787520000000000e+08,1.645988904960000000e+11,9.297596663236618042e-02
2.633000000000000000e+03,2.678000000000000000e+03,1.828356002016105037e+02,1.863389981249824745e-01,3.900000000000000000e+01,2.389246156800000000e+10,1.108915257344000000e+12,7.688570618629455566e-01
1.654000000000000000e+03,3.016000000000000000e+03,7.764666852794692886e+01,1.490711984999859852e-01,1.610000000000000000e+02,1.813462784000000000e+09,3.086701363200000000e+11,3.963987231254577637e-01
2.505000000000000000e+03,1.867000000000000000e+03,9.527926332161179346e+01,1.663780661615406053e-01,1.420000000000000000e+02,5.136879616000000000e+09,4.324141629440000000e+11,2.311038821935653687e-01
2.987000000000000000e+03,2.211000000000000000e+03,3.909678610487365091e+01,1.010152544552210818e-01,2.650000000000000000e+02,4.435137280000000000e+08,2.085157928960000000e+11,8.321103453636169434e-02
5.380000000000000000e+02,2.459000000000000000e+03,3.651575271831591181e+02,8.318903308077030267e-02,1.250000000000000000e+02,2.171653120000000000e+09,3.972780195840000000e+11,5.276274681091308594e-01
1.493000000000000000e+03,1.417000000000000000e+03,1.696986101236001616e+02,1.664356663246515655e-01,1.050000000000000000e+02,1.297780121600000000e+10,5.435112488960000000e+11,6.052412390708923340e-01
2.881000000000000000e+03,3.523000000000000000e+03,1.156096644046367601e+02,1.923076923076923184e-01,2.500000000000000000e+01,2.538148249600000000e+10,1.442943729664000000e+12,1.294092535972595215e-01
3.424000000000000000e+03,9.460000000000000000e+02,5.662253709015406145e+01,1.663780661615406053e-01,1.620000000000000000e+02,3.060062976000000000e+09,3.823545876480000000e+11,2.805753350257873535e-01
7.000000000000000000e+02,9.340000000000000000e+02,5.018627138695870116e+01,1.333333333333333315e-01,1.960000000000000000e+02,2.349766656000000000e+09,3.092211630080000000e+11,1.835588216781616211e-01
1.001000000000000000e+03,1.277000000000000000e+03,2.389230912156598094e+02,6.250000000000000000e-02,1.720000000000000000e+02,2.377929984000000000e+09,3.280464117760000000e+11,2.886517047882080078e-01
1.440000000000000000e+02,1.420000000000000000e+03,6.395785469024468028e+01,1.663780661615406053e-01,1.470000000000000000e+02,4.709297664000000000e+09,4.262561382400000000e+11,1.654796600341796875e+00
3.160000000000000000e+03,9.040000000000000000e+02,8.051699471642308481e+01,1.716929178792375721e-01,7.900000000000000000e+01,9.350776832000000000e+09,7.296368640000000000e+11,6.641222238540649414e-01
3.780000000000000000e+03,1.959000000000000000e+03,5.724790349502421094e+01,1.333333333333333315e-01,2.120000000000000000e+02,7.961107840000000000e+08,2.616089149440000000e+11,1.231193840503692627e-01
1.139000000000000000e+03,3.897000000000000000e+03,7.699807372360993440e+01,6.666666666666666574e-02,8.000000000000000000e+00,3.991272652800000000e+10,2.224507322368000000e+12,9.772834777832031250e-01
3.439000000000000000e+03,5.070000000000000000e+02,7.667928153539516245e+01,1.897658566033678385e-01,5.900000000000000000e+01,4.818864128000000000e+09,5.752418467840000000e+11,5.228825211524963379e-01
3.798000000000000000e+03,2.645000000000000000e+03,8.403065955707309342e+01,1.597191412499849861e-01,2.320000000000000000e+02,1.347878528000000000e+09,2.471929282560000000e+11,1.529861688613891602e-01
2.380000000000000000e+03,3.824000000000000000e+03,6.052587118694243173e+01,1.764705882352941291e-01,1.070000000000000000e+02,3.027658752000000000e+09,4.165613977600000000e+11,1.792184859514236450e-01
2.972000000000000000e+03,3.717000000000000000e+03,4.258262661151481865e+01,1.860163329510811370e-01,1.300000000000000000e+02,5.315287552000000000e+09,4.184949063680000000e+11,9.917013049125671387e-01
1.171000000000000000e+03,2.440000000000000000e+02,5.647372348125914243e+01,1.242259987499883256e-01,1.330000000000000000e+02,3.402823424000000000e+09,4.583243120640000000e+11,4.153676033020019531e-01
2.505000000000000000e+03,7.400000000000000000e+02,1.219112740137711768e+02,1.490711984999859852e-01,1.040000000000000000e+02,1.506699520000000000e+09,3.044843192320000000e+11,2.345273643732070923e-01
2.520000000000000000e+03,1.016000000000000000e+03,1.982961116975074845e+02,5.050762722761054091e-02,1.900000000000000000e+01,3.211539865600000000e+10,1.839924903936000000e+12,4.858803153038024902e-01
1.614000000000000000e+03,2.958000000000000000e+03,6.583705225790033921e+01,1.437398936440172637e-01,5.400000000000000000e+01,1.041408819200000000e+10,8.919000023040000000e+11,2.400319814682006836e+00
4.120000000000000000e+02,3.360000000000000000e+03,9.187186660488578127e+01,1.720052290384453675e-01,3.000000000000000000e+02,6.761123200000000000e+08,1.850314096640000000e+11,1.175257489085197449e-01
3.499000000000000000e+03,3.189000000000000000e+03,8.043683696729927135e+01,1.581138830084189706e-01,7.200000000000000000e+01,1.264045465600000000e+10,6.807097835520000000e+11,5.790898799896240234e-01
2.465000000000000000e+03,2.289000000000000000e+03,1.036112165111053685e+02,1.767766952966368932e-01,1.740000000000000000e+02,2.748058880000000000e+09,3.761774592000000000e+11,2.325160354375839233e-01
3.275000000000000000e+03,3.291000000000000000e+03,2.570009367473795123e+02,1.126734773582496602e-01,4.000000000000000000e+00,4.576543129600000000e+10,2.901718335488000000e+12,1.090228271484375000e+01
1.002000000000000000e+03,1.279000000000000000e+03,6.194590003587980220e+01,1.250000000000000000e-01,1.720000000000000000e+02,2.377929984000000000e+09,3.280464117760000000e+11,2.886517047882080078e-01
7.540000000000000000e+02,2.822000000000000000e+03,5.763749486730539928e+01,1.428571428571428492e-01,2.780000000000000000e+02,1.045625408000000000e+09,2.224233349120000000e+11,9.319210797548294067e-02
3.814000000000000000e+03,1.263000000000000000e+03,9.456707028709327290e+01,1.178511301977579334e-01,2.580000000000000000e+02,3.662850880000000000e+08,1.533653319680000000e+11,5.041117593646049500e-02
6.990000000000000000e+02,2.348000000000000000e+03,7.889986515603430917e+01,8.838834764831844659e-02,1.490000000000000000e+02,1.993837312000000000e+09,3.625633710080000000e+11,9.843109548091888428e-02
1.952000000000000000e+03,3.913000000000000000e+03,1.339749271329581859e+02,1.333333333333333315e-01,1.860000000000000000e+02,9.393569920000000000e+08,2.994678333440000000e+11,8.796782791614532471e-02
6.120000000000000000e+02,2.591000000000000000e+03,6.268905740473760346e+01,8.695652173913043237e-02,4.100000000000000000e+01,3.039488614400000000e+10,1.064241790976000000e+12,7.708724141120910645e-01
2.607000000000000000e+03,3.998000000000000000e+03,4.086228916300836289e+01,1.888525745775105347e-01,2.200000000000000000e+01,4.871026278400000000e+10,1.682183815168000000e+12,0.000000000000000000e+00
3.500000000000000000e+02,3.395000000000000000e+03,2.066247152111118623e+02,1.176877882894626220e-01,1.110000000000000000e+02,5.865623040000000000e+09,5.513145876480000000e+11,2.487920820713043213e-01
1.001000000000000000e+03,1.279000000000000000e+03,5.918848722280584695e+01,1.397542485937368628e-01,1.720000000000000000e+02,2.377929984000000000e+09,3.280464117760000000e+11,2.886517047882080078e-01
3.814000000000000000e+03,2.196000000000000000e+03,5.831472596595252611e+01,1.456862718169366910e-01,5.000000000000000000e+00,6.303399526400000000e+10,3.637388771328000000e+12,2.569424629211425781e+00
3.408000000000000000e+03,2.276000000000000000e+03,2.929776779364532757e+01,1.885618083164126990e-01,2.150000000000000000e+02,1.763839616000000000e+09,2.953210757120000000e+11,1.914934664964675903e-01
3.149000000000000000e+03,1.840000000000000000e+02,6.550273522516540936e+01,1.010152544552210818e-01,2.550000000000000000e+02,1.040948736000000000e+09,2.294191390720000000e+11,1.502451896667480469e-01
3.143000000000000000e+03,9.980000000000000000e+02,4.695114547537343697e+01,1.571348402636772446e-01,9.300000000000000000e+01,4.418263040000000000e+09,4.843336171520000000e+11,1.032378077507019043e+00
1.392000000000000000e+03,2.583000000000000000e+03,2.285521421211226709e+02,6.250000000000000000e-02,1.890000000000000000e+02,1.658296320000000000e+09,3.660822609920000000e+11,5.479530692100524902e-01
3.583000000000000000e+03,1.180000000000000000e+03,5.167049961742148412e+01,1.851851851851851749e-01,6.000000000000000000e+00,4.993640448000000000e+10,1.631447547904000000e+12,2.750630855560302734e+00
1.649000000000000000e+03,3.693000000000000000e+03,1.019183473627126943e+02,1.176877882894626220e-01,9.700000000000000000e+01,2.464083968000000000e+09,5.523820380160000000e+11,3.607912957668304443e-01
2.235000000000000000e+03,2.160000000000000000e+03,1.138321284831760778e+02,1.000000000000000056e-01,8.300000000000000000e+01,8.956526592000000000e+09,6.515022233600000000e+11,5.435594320297241211e-01
1.652000000000000000e+03,3.019000000000000000e+03,2.035737186381308277e+02,9.428090415820634951e-02,1.610000000000000000e+02,1.813462784000000000e+09,3.086701363200000000e+11,3.963987231254577637e-01
2.380000000000000000e+03,3.833000000000000000e+03,5.801064280848443389e+01,2.000000000000000111e-01,2.190000000000000000e+02,1.670014080000000000e+09,2.785095843840000000e+11,1.740442365407943726e-01
7.180000000000000000e+02,8.800000000000000000e+02,2.959633309283777436e+01,1.863389981249824745e-01,3.220000000000000000e+02,3.776140160000000000e+08,1.603867115520000000e+11,2.872906066477298737e-02
1.000000000000000000e+03,1.278000000000000000e+03,8.163947182943248038e+01,1.397542485937368628e-01,1.720000000000000000e+02,2.377929984000000000e+09,3.280464117760000000e+11,2.886517047882080078e-01
2.512000000000000000e+03,1.577000000000000000e+03,1.586596572422985503e+02,1.016394535227177209e-01,4.300000000000000000e+01,1.761921638400000000e+10,9.155836641280000000e+11,3.939166545867919922e+00
2.000000000000000000e+02,3.720000000000000000e+02,4.905055460687741231e+01,1.860163329510811370e-01,1.650000000000000000e+02,2.563304704000000000e+09,4.133531811840000000e+11,7.525227665901184082e-01
3.556000000000000000e+03,3.413000000000000000e+03,1.385604314178927154e+02,1.111111111111111049e-01,1.360000000000000000e+02,5.107780096000000000e+09,4.809077555200000000e+11,6.091393232345581055e-01
1.942000000000000000e+03,3.875000000000000000e+03,2.279700138182564828e+01,9.722034684781695468e-02,5.200000000000000000e+01,3.828430028800000000e+10,1.034564075520000000e+12,0.000000000000000000e+00
3.620000000000000000e+02,2.167000000000000000e+03,5.493224607369077006e+01,1.663780661615406053e-01,1.000000000000000000e+00,8.831377408000000000e+10,3.447775821824000000e+12,4.181708395481109619e-01
1.353000000000000000e+03,1.759000000000000000e+03,6.129409603760822733e+01,1.720052290384453675e-01,2.960000000000000000e+02,1.173888768000000000e+09,1.974799564800000000e+11,6.154699251055717468e-02
2.254000000000000000e+03,1.343000000000000000e+03,1.577307340927423240e+02,7.071067811865475172e-02,8.100000000000000000e+01,8.068609536000000000e+09,7.168793640960000000e+11,7.845193743705749512e-01
1.360000000000000000e+03,7.960000000000000000e+02,7.524505305101787656e+01,1.490711984999859852e-01,2.350000000000000000e+02,9.059889920000000000e+08,2.646524887040000000e+11,1.314550936222076416e-01
2.333000000000000000e+03,2.443000000000000000e+03,5.794445323170164386e+01,1.442220510185595606e-01,1.600000000000000000e+01,3.099138048000000000e+10,1.294922940416000000e+12,4.591097354888916016e+00
3.279000000000000000e+03,1.278000000000000000e+03,1.488472576528995148e+02,1.767766952966368932e-01,1.440000000000000000e+02,2.995511040000000000e+09,3.637745745920000000e+11,7.464761734008789062e-01
2.600000000000000000e+02,1.292000000000000000e+03,7.929437769231189748e+01,7.142857142857142461e-02,2.340000000000000000e+02,3.983031040000000000e+09,2.327531520000000000e+11,1.931601017713546753e-01
2.600000000000000000e+02,1.293000000000000000e+03,1.132281897421515282e+02,0.000000000000000000e+00,2.340000000000000000e+02,3.983031040000000000e+09,2.327531520000000000e+11,1.931601017713546753e-01
1.054000000000000000e+03,6.660000000000000000e+02,4.727894348235880528e+01,1.010152544552210818e-01,2.760000000000000000e+02,2.121027584000000000e+09,2.094952775680000000e+11,4.893848598003387451e-01
3.614000000000000000e+03,3.965000000000000000e+03,7.203034396643140269e+01,1.944406936956339094e-01,4.400000000000000000e+01,1.617178419200000000e+10,1.029702746112000000e+12,1.566848874092102051e+00
9.290000000000000000e+02,5.200000000000000000e+01,4.829331056865160576e+01,1.758805500226336138e-01,2.000000000000000000e+00,4.836097638400000000e+10,5.956759453696000000e+12,4.612917602062225342e-01
2.517000000000000000e+03,1.014000000000000000e+03,1.612092327983988014e+02,7.985957062499249304e-02,1.900000000000000000e+01,3.211539865600000000e+10,1.839924903936000000e+12,4.858803153038024902e-01
1.308000000000000000e+03,2.005000000000000000e+03,2.518069270992175461e+02,1.304347826086956486e-01,4.200000000000000000e+01,1.348992307200000000e+10,1.067025235968000000e+12,3.646400213241577148e+00
7.430000000000000000e+02,3.028000000000000000e+03,8.150675565817878123e+02,7.856742013183862228e-02,1.350000000000000000e+02,3.606882304000000000e+09,4.865386741760000000e+11,4.158747792243957520e-01
1.621000000000000000e+03,2.508000000000000000e+03,8.925578703310837625e+01,1.250000000000000000e-01,1.930000000000000000e+02,3.885696512000000000e+09,3.168796016640000000e+11,5.713110417127609253e-02
2.097000000000000000e+03,3.837000000000000000e+03,5.078713968538695553e+02,5.555555555555555247e-02,1.430000000000000000e+02,5.989215232000000000e+09,4.811243520000000000e+11,3.899121284484863281e-01
2.447000000000000000e+03,1.595000000000000000e+03,1.263827271770932157e+02,1.597191412499849861e-01,2.290000000000000000e+02,1.433138432000000000e+09,2.458848624640000000e+11,1.181099116802215576e-01
2.224000000000000000e+03,3.055000000000000000e+03,6.173220914297009188e+01,1.374903330507991073e-01,1.200000000000000000e+01,3.063368704000000000e+10,1.071789244416000000e+12,1.678610682487487793e+00
2.823000000000000000e+03,2.445000000000000000e+03,1.087049777565449347e+02,1.976423537605237202e-01,1.530000000000000000e+02,3.823034624000000000e+09,3.764229242880000000e+11,2.990027666091918945e-01
3.803000000000000000e+03,6.250000000000000000e+02,1.376106260703104738e+02,7.142857142857142461e-02,2.390000000000000000e+02,5.174441920000000000e+08,2.259967344640000000e+11,1.706432849168777466e-01
2.468000000000000000e+03,3.115000000000000000e+03,3.459595637735188802e+02,7.710579232757895640e-02,7.000000000000000000e+00,4.260092313600000000e+10,2.118265864192000000e+12,1.421061873435974121e+00
2.759000000000000000e+03,3.672000000000000000e+03,2.320726733207064001e+02,1.333333333333333315e-01,1.290000000000000000e+02,1.944571648000000000e+09,2.719028346880000000e+11,3.264051377773284912e-01
1.491000000000000000e+03,1.416000000000000000e+03,1.765115840659912863e+02,1.176877882894626220e-01,1.050000000000000000e+02,1.297780121600000000e+10,5.435112488960000000e+11,6.052412390708923340e-01
5.590000000000000000e+02,2.107000000000000000e+03,1.657674259256572498e+02,7.443229275647869625e-02,9.200000000000000000e+01,8.088771072000000000e+09,5.596324823040000000e+11,7.699264287948608398e-01
1.605000000000000000e+03,2.125000000000000000e+03,1.976996957419712828e+02,9.523809523809523281e-02,6.700000000000000000e+01,2.263678566400000000e+10,7.642853539840000000e+11,1.249879002571105957e+00
1.073000000000000000e+03,2.711000000000000000e+03,2.638791627527525563e+01,1.538461538461538547e-01,3.250000000000000000e+02,4.487570880000000000e+08,1.660798238720000000e+11,2.765476144850254059e-02
2.523000000000000000e+03,1.012000000000000000e+03,4.644444066730544307e+01,1.785714285714285754e-01,1.900000000000000000e+01,3.211539865600000000e+10,1.839924903936000000e+12,4.858803153038024902e-01
3.376000000000000000e+03,2.546000000000000000e+03,4.907391343224766445e+01,1.538461538461538547e-01,2.810000000000000000e+02,3.892101440000000000e+08,1.901225082880000000e+11,2.060008794069290161e-02
4.100000000000000000e+02,1.366000000000000000e+03,7.135775399882544434e+01,8.823529411764706454e-02,3.000000000000000000e+00,6.902842163200000000e+10,3.272609628160000000e+12,7.570462226867675781e-01
4.780000000000000000e+02,3.381000000000000000e+03,7.143501537997985906e+01,0.000000000000000000e+00,3.370000000000000000e+02,3.180891520000000000e+08,1.595851407360000000e+11,0.000000000000000000e+00
2.728000000000000000e+03,1.567000000000000000e+03,9.265169069026718773e+01,1.490711984999859852e-01,1.850000000000000000e+02,5.017332224000000000e+09,3.059564871680000000e+11,8.744556903839111328e-01
3.584000000000000000e+03,1.175000000000000000e+03,4.124016226075593750e+01,8.281733249999222168e-02,6.000000000000000000e+00,4.993640448000000000e+10,1.631447547904000000e+12,2.750630855560302734e+00
2.825000000000000000e+03,2.442000000000000000e+03,1.682398906060451509e+02,1.397542485937368628e-01,1.530000000000000000e+02,3.823034624000000000e+09,3.764229242880000000e+11,2.990027666091918945e-01
6.170000000000000000e+02,3.760000000000000000e+03,1.409203039542831846e+02,1.216260638526299870e-01,2.400000000000000000e+01,4.572494233600000000e+10,1.500802318336000000e+12,4.620099544525146484e+00
3.543000000000000000e+03,2.484000000000000000e+03,1.078514519428824912e+02,1.666666666666666574e-01,3.200000000000000000e+01,2.188575744000000000e+10,1.215032852480000000e+12,2.247135162353515625e+00
2.406000000000000000e+03,1.308000000000000000e+03,5.839897654738266652e+01,1.111111111111111049e-01,2.100000000000000000e+01,3.967555993600000000e+10,1.669329846272000000e+12,7.246407270431518555e-01
1.490000000000000000e+03,1.416000000000000000e+03,2.864184167481581653e+02,1.052631578947368363e-01,1.050000000000000000e+02,1.297780121600000000e+10,5.435112488960000000e+11,6.052412390708923340e-01
2.759000000000000000e+03,1.426000000000000000e+03,5.691190393842499162e+01,1.666666666666666574e-01,3.140000000000000000e+02,3.868203520000000000e+08,1.621755658240000000e+11,4.999541863799095154e-02
3.071000000000000000e+03,2.412000000000000000e+03,5.662897593267106799e+01,1.928473039599674921e-01,2.000000000000000000e+01,2.138906214400000000e+10,9.160418918400000000e+11,6.593467593193054199e-01
2.393000000000000000e+03,9.170000000000000000e+02,1.154494427643538330e+02,1.490711984999859852e-01,2.040000000000000000e+02,2.069250304000000000e+09,3.103355699200000000e+11,2.170622348785400391e-01
6.320000000000000000e+02,1.688000000000000000e+03,9.375057050245290213e+01,1.666666666666666574e-01,2.970000000000000000e+02,8.341594240000000000e+08,1.482848174080000000e+11,3.178405389189720154e-02
2.011000000000000000e+03,3.990000000000000000e+03,5.302489564523246912e+01,1.363636363636363535e-01,5.800000000000000000e+01,1.764974796800000000e+10,9.503931760640000000e+11,1.640438556671142578e+00
2.518000000000000000e+03,2.835000000000000000e+03,4.200636156565064994e+01,1.720052290384453675e-01,2.710000000000000000e+02,4.502600960000000000e+08,1.904349020160000000e+11,1.080366820096969604e-01
3.558000000000000000e+03,3.415000000000000000e+03,7.945577406072546012e+01,1.111111111111111049e-01,1.360000000000000000e+02,5.107780096000000000e+09,4.809077555200000000e+11,6.091393232345581055e-01
1.622000000000000000e+03,1.035000000000000000e+03,5.953812289635794031e+01,1.178511301977579334e-01,3.460000000000000000e+02,1.095322752000000000e+09,1.446473891840000000e+11,7.075598835945129395e-02
9.220000000000000000e+02,4.710000000000000000e+02,7.035536039819234588e+01,1.386750490563072868e-01,9.000000000000000000e+00,2.194928844800000000e+10,1.422013628416000000e+12,3.583382368087768555e+00
2.466000000000000000e+03,2.292000000000000000e+03,6.501496719261986357e+01,8.838834764831844659e-02,1.740000000000000000e+02,2.748058880000000000e+09,3.761774592000000000e+11,2.325160354375839233e-01
9.430000000000000000e+02,3.721000000000000000e+03,1.870251923665028073e+02,1.176877882894626220e-01,8.700000000000000000e+01,7.962043904000000000e+09,6.099624919040000000e+11,7.106984853744506836e-01
2.073000000000000000e+03,2.842000000000000000e+03,1.082136265091074421e+02,1.499999999999999944e-01,6.800000000000000000e+01,1.048354918400000000e+10,7.046033571840000000e+11,8.116820454597473145e-01
2.044000000000000000e+03,1.497000000000000000e+03,1.099526176992116291e+02,1.250000000000000000e-01,1.170000000000000000e+02,4.141453568000000000e+09,3.299535093760000000e+11,1.914184540510177612e-01
3.704000000000000000e+03,3.720000000000000000e+03,3.275647161538122987e+01,1.976423537605237202e-01,1.950000000000000000e+02,2.191118592000000000e+09,3.672240619520000000e+11,2.955987751483917236e-01
1.710000000000000000e+03,1.660000000000000000e+03,2.606403591852705972e+02,1.016394535227177209e-01,1.300000000000000000e+01,1.214220800000000000e+10,8.739340288000000000e+11,1.179914355278015137e+00
3.350000000000000000e+02,1.468000000000000000e+03,1.252982098240986453e+01,1.950639396376682988e-01,1.700000000000000000e+01,5.264295936000000000e+10,2.150357925888000000e+12,1.609793305397033691e-01
2.043000000000000000e+03,3.782000000000000000e+03,1.960411342235471182e+02,7.692307692307692735e-02,2.790000000000000000e+02,1.571220736000000000e+09,1.889293598720000000e+11,2.064283639192581177e-01
2.213000000000000000e+03,3.700000000000000000e+03,2.540594936809098670e+02,1.397542485937368628e-01,1.200000000000000000e+02,1.413297024000000000e+09,3.281207623680000000e+11,2.572538256645202637e-01
7.520000000000000000e+02,2.821000000000000000e+03,6.654207823339218919e+01,1.597191412499849861e-01,2.780000000000000000e+02,1.045625408000000000e+09,2.224233349120000000e+11,9.319210797548294067e-02
3.684000000000000000e+03,2.876000000000000000e+03,3.670263624514630152e+01,1.264911064067351931e-01,3.300000000000000000e+01,2.596919091200000000e+10,1.392400793600000000e+12,4.729880765080451965e-02
2.043000000000000000e+03,3.783000000000000000e+03,1.623841108697818640e+02,1.538461538461538547e-01,2.790000000000000000e+02,1.571220736000000000e+09,1.889293598720000000e+11,2.064283639192581177e-01
6.900000000000000000e+02,1.612000000000000000e+03,2.326986592363791999e+02,1.052631578947368363e-01,1.060000000000000000e+02,8.503719424000000000e+09,5.539100098560000000e+11,1.529115915298461914e+00
2.518000000000000000e+03,1.010000000000000000e+03,9.268645251823922138e+01,1.821078397711708707e-01,1.900000000000000000e+01,3.211539865600000000e+10,1.839924903936000000e+12,4.858803153038024902e-01
3.813000000000000000e+03,2.197000000000000000e+03,4.793002814618659357e+01,1.807015805810502640e-01,5.000000000000000000e+00,6.303399526400000000e+10,3.637388771328000000e+12,2.569424629211425781e+00
1.602000000000000000e+03,2.128000000000000000e+03,5.477293245514703557e+01,1.505846504842085487e-01,6.700000000000000000e+01,2.263678566400000000e+10,7.642853539840000000e+11,1.249879002571105957e+00
1.831000000000000000e+03,1.939000000000000000e+03,3.912181319838310856e+01,1.663780661615406053e-01,1.560000000000000000e+02,1.740929792000000000e+09,4.219179827200000000e+11,6.084308028221130371e-01
3.980000000000000000e+03,2.418000000000000000e+03,2.051207744866369254e+01,1.250000000000000000e-01,4.500000000000000000e+01,2.933959884800000000e+10,1.161086107648000000e+12,0.000000000000000000e+00
1.609000000000000000e+03,2.954000000000000000e+03,1.204828856594772049e+02,1.638886943392722229e-01,5.400000000000000000e+01,1.041408819200000000e+10,8.919000023040000000e+11,2.400319814682006836e+00
3.193000000000000000e+03,1.264000000000000000e+03,1.914515747173261957e+02,1.538461538461538547e-01,3.020000000000000000e+02,3.371077120000000000e+08,1.820433285120000000e+11,5.045249313116073608e-02
8.420000000000000000e+02,4.390000000000000000e+02,8.949042784662559313e+01,2.000000000000000111e-01,7.700000000000000000e+01,9.925042176000000000e+09,7.026825625600000000e+11,1.432763218879699707e+00
3.070000000000000000e+03,2.408000000000000000e+03,7.109003215280195320e+01,1.874138920735300140e-01,2.000000000000000000e+01,2.138906214400000000e+10,9.160418918400000000e+11,6.593467593193054199e-01
2.967000000000000000e+03,3.714000000000000000e+03,8.222514385813389026e+01,1.663780661615406053e-01,1.300000000000000000e+02,5.315287552000000000e+09,4.184949063680000000e+11,9.917013049125671387e-01
1.948000000000000000e+03,1.589000000000000000e+03,1.746861453549447560e+02,1.490711984999859852e-01,2.230000000000000000e+02,1.263835520000000000e+09,2.617083985920000000e+11,2.692348361015319824e-01
1.997000000000000000e+03,2.700000000000000000e+01,6.223933198349026696e+01,1.087856586440842377e-01,2.770000000000000000e+02,5.164774080000000000e+08,1.762560573440000000e+11,8.273551613092422485e-02
2.516000000000000000e+03,1.577000000000000000e+03,1.064648582175100273e+02,1.638886943392722229e-01,4.300000000000000000e+01,1.761921638400000000e+10,9.155836641280000000e+11,3.939166545867919922e+00
6.590000000000000000e+02,1.733000000000000000e+03,8.958490363074623986e+01,1.578947368421052544e-01,3.000000000000000000e+01,1.417263513600000000e+10,6.153933946880000000e+11,9.578550457954406738e-01
2.734000000000000000e+03,1.332000000000000000e+03,7.956087780044910573e+01,2.000000000000000111e-01,2.220000000000000000e+02,1.911242880000000000e+09,2.877858119680000000e+11,1.703075766563415527e-01
1.834000000000000000e+03,9.980000000000000000e+02,5.170695530647246585e+01,1.087856586440842377e-01,2.370000000000000000e+02,5.241972800000000000e+08,1.821371924480000000e+11,5.407391116023063660e-02
1.168000000000000000e+03,2.440000000000000000e+02,7.731228172945773736e+01,1.571348402636772446e-01,1.330000000000000000e+02,3.402823424000000000e+09,4.583243120640000000e+11,4.153676033020019531e-01
2.347000000000000000e+03,3.119000000000000000e+03,1.434672099779873804e+02,5.555555555555555247e-02,1.210000000000000000e+02,7.143699968000000000e+09,4.740812636160000000e+11,4.700884819030761719e-01
9.850000000000000000e+02,1.028000000000000000e+03,7.838784717195071039e+01,1.538461538461538547e-01,2.880000000000000000e+02,6.826971520000000000e+08,2.043456061440000000e+11,6.240923330187797546e-02
9.290000000000000000e+02,5.900000000000000000e+01,4.243687889367487287e+01,1.636147300609602229e-01,2.000000000000000000e+00,4.836097638400000000e+10,5.956759453696000000e+12,4.612917602062225342e-01
3.441000000000000000e+03,5.100000000000000000e+02,1.457591581611344225e+02,7.443229275647869625e-02,5.900000000000000000e+01,4.818864128000000000e+09,5.752418467840000000e+11,5.228825211524963379e-01
2.808000000000000000e+03,3.783000000000000000e+03,1.215377959576591138e+02,1.010152544552210818e-01,2.260000000000000000e+02,1.694067840000000000e+09,2.313366077440000000e+11,1.372270882129669189e-01
2.404000000000000000e+03,1.304000000000000000e+03,9.431198988554061202e+01,1.527076157636170495e-01,2.100000000000000000e+01,3.967555993600000000e+10,1.669329846272000000e+12,7.246407270431518555e-01
3.610000000000000000e+03,2.263000000000000000e+03,1.296022453385391202e+02,1.720052290384453675e-01,8.000000000000000000e+01,1.710721536000000000e+09,1.731962306560000000e+11,3.160461187362670898e-01
3.404000000000000000e+03,2.277000000000000000e+03,8.068532661301115638e+01,1.490711984999859852e-01,2.150000000000000000e+02,1.763839616000000000e+09,2.953210757120000000e+11,1.914934664964675903e-01
1.800000000000000000e+03,7.960000000000000000e+02,7.244716370050154808e+01,1.315334104411640948e-01,1.600000000000000000e+02,2.614074880000000000e+09,3.916269158400000000e+11,1.103178709745407104e-01
1.482000000000000000e+03,1.134000000000000000e+03,1.297932629925444132e+02,0.000000000000000000e+00,3.400000000000000000e+02,3.824646400000000000e+08,1.395550945280000000e+11,5.934963002800941467e-02
1.410000000000000000e+02,3.246000000000000000e+03,1.254106671502286474e+02,1.585809856006792640e-01,2.600000000000000000e+01,1.438108057600000000e+10,1.427807535104000000e+12,3.526270389556884766e+00
1.943000000000000000e+03,3.869000000000000000e+03,2.568437526242455604e+01,1.944406936956339094e-01,5.200000000000000000e+01,3.828430028800000000e+10,1.034564075520000000e+12,0.000000000000000000e+00
1.252000000000000000e+03,2.149000000000000000e+03,1.797631462987368778e+01,1.538461538461538547e-01,3.130000000000000000e+02,4.205896000000000000e+08,1.665786183680000000e+11,3.704225644469261169e-02
3.493000000000000000e+03,3.187000000000000000e+03,2.312368741007272206e+02,1.581138830084189706e-01,7.200000000000000000e+01,1.264045465600000000e+10,6.807097835520000000e+11,5.790898799896240234e-01
2.809000000000000000e+03,3.049000000000000000e+03,3.963750160203781547e+01,1.666666666666666574e-01,1.270000000000000000e+02,1.076523008000000000e+10,4.631417978880000000e+11,1.170760273933410645e+00
2.008000000000000000e+03,3.985000000000000000e+03,4.856041283401319220e+01,1.638886943392722229e-01,5.800000000000000000e+01,1.764974796800000000e+10,9.503931760640000000e+11,1.640438556671142578e+00
1.707000000000000000e+03,2.129000000000000000e+03,4.820930501588807715e+01,1.666666666666666574e-01,1.010000000000000000e+02,3.648659456000000000e+09,4.807784202240000000e+11,6.310544013977050781e-01
1.977000000000000000e+03,1.508000000000000000e+03,2.171334456215643911e+02,1.315334104411640948e-01,1.500000000000000000e+02,2.156276224000000000e+09,3.887007006720000000e+11,2.612947225570678711e-01
6.530000000000000000e+02,1.207000000000000000e+03,1.479440750753608995e+02,1.010152544552210818e-01,2.210000000000000000e+02,2.182107136000000000e+09,2.105663488000000000e+11,3.516459465026855469e-01
2.886000000000000000e+03,3.525000000000000000e+03,1.927185497779089474e+02,5.439282932204211884e-02,2.500000000000000000e+01,2.538148249600000000e+10,1.442943729664000000e+12,1.294092535972595215e-01
3.375000000000000000e+03,2.549000000000000000e+03,4.671519900372021539e+01,1.087856586440842377e-01,2.810000000000000000e+02,3.892101440000000000e+08,1.901225082880000000e+11,2.060008794069290161e-02
3.277000000000000000e+03,3.298000000000000000e+03,1.072385831762183273e+02,1.767766952966368932e-01,4.000000000000000000e+00,4.576543129600000000e+10,2.901718335488000000e+12,1.090228271484375000e+01
3.812000000000000000e+03,2.190000000000000000e+03,7.069804974990469759e+01,9.035079029052513200e-02,5.000000000000000000e+00,6.303399526400000000e+10,3.637388771328000000e+12,2.569424629211425781e+00
3.082000000000000000e+03,2.314000000000000000e+03,6.001224241496927192e+01,1.538461538461538547e-01,2.840000000000000000e+02,9.221276160000000000e+08,2.000557342720000000e+11,6.525847315788269043e-02
2.045000000000000000e+03,2.224000000000000000e+03,8.656801215375061531e+01,1.863389981249824745e-01,3.190000000000000000e+02,1.058999872000000000e+09,1.626930544640000000e+11,2.378668822348117828e-02
2.327000000000000000e+03,1.638000000000000000e+03,7.289582292836948341e+01,1.490711984999859852e-01,1.370000000000000000e+02,9.244498560000000000e+08,2.924000378880000000e+11,2.638534903526306152e-01
1.140000000000000000e+03,3.900000000000000000e+03,4.535928521489510246e+01,1.054092553389459896e-01,8.000000000000000000e+00,3.991272652800000000e+10,2.224507322368000000e+12,9.772834777832031250e-01
1.405000000000000000e+03,1.437000000000000000e+03,1.619929473356619951e+02,7.692307692307692735e-02,3.060000000000000000e+02,3.563017920000000000e+08,1.718765486080000000e+11,4.105625301599502563e-02
1.180000000000000000e+02,3.024000000000000000e+03,6.866997602120892452e+01,1.976423537605237202e-01,1.810000000000000000e+02,1.703606272000000000e+09,3.191276830720000000e+11,1.524101495742797852e-01
1.801000000000000000e+03,7.990000000000000000e+02,7.625278324881509207e+01,1.315334104411640948e-01,1.600000000000000000e+02,2.614074880000000000e+09,3.916269158400000000e+11,1.103178709745407104e-01
6.190000000000000000e+02,3.765000000000000000e+03,7.358040584339401846e+01,1.585809856006792640e-01,2.400000000000000000e+01,4.572494233600000000e+10,1.500802318336000000e+12,4.620099544525146484e+00
3.537000000000000000e+03,2.648000000000000000e+03,4.764154011899142205e+01,1.863389981249824745e-01,3.440000000000000000e+02,7.274041600000000000e+08,1.387446599680000000e+11,1.718518696725368500e-02
2.488000000000000000e+03,3.976000000000000000e+03,6.848285075404533018e+01,6.666666666666666574e-02,2.070000000000000000e+02,1.389949440000000000e+09,2.682227425280000000e+11,1.866812407970428467e-01
7.420000000000000000e+02,1.103000000000000000e+03,1.171011514940006748e+02,1.860163329510811370e-01,1.230000000000000000e+02,3.450585344000000000e+09,4.269201489920000000e+11,4.118150472640991211e-01
2.050000000000000000e+02,3.710000000000000000e+02,3.407601665750185305e+01,1.663780661615406053e-01,1.650000000000000000e+02,2.563304704000000000e+09,4.133531811840000000e+11,7.525227665901184082e-01
3.532000000000000000e+03,1.726000000000000000e+03,8.651455237214119620e+01,0.000000000000000000e+00,2.630000000000000000e+02,4.127903040000000000e+08,1.956510597120000000e+11,2.772472240030765533e-02
6.220000000000000000e+02,3.760000000000000000e+03,7.682714379591472209e+01,8.600261451922268374e-02,2.400000000000000000e+01,4.572494233600000000e+10,1.500802318336000000e+12,4.620099544525146484e+00
2.978000000000000000e+03,4.400000000000000000e+01,1.422844518446262896e+02,7.407407407407406996e-02,1.100000000000000000e+01,3.576540364800000000e+10,1.680807821312000000e+12,2.075748682022094727e+00
3.749000000000000000e+03,2.307000000000000000e+03,3.624708493886902971e+01,9.090909090909091161e-02,3.480000000000000000e+02,3.215613440000000000e+08,1.223452180480000000e+11,0.000000000000000000e+00
2.469000000000000000e+03,3.112000000000000000e+03,2.174810260865187388e+02,1.856953381770518607e-01,7.000000000000000000e+00,4.260092313600000000e+10,2.118265864192000000e+12,1.421061873435974121e+00
4.450000000000000000e+02,2.142000000000000000e+03,5.038320238115807825e+01,1.178511301977579334e-01,3.260000000000000000e+02,5.960732160000000000e+08,1.486363033600000000e+11,8.805303834378719330e-03
3.537000000000000000e+03,2.645000000000000000e+03,7.706025706822390475e+01,1.178511301977579334e-01,3.440000000000000000e+02,7.274041600000000000e+08,1.387446599680000000e+11,1.718518696725368500e-02
2.013000000000000000e+03,3.985000000000000000e+03,1.976369288749892803e+02,1.285648693066450132e-01,5.800000000000000000e+01,1.764974796800000000e+10,9.503931760640000000e+11,1.640438556671142578e+00
1.722000000000000000e+03,2.300000000000000000e+03,4.477628796880342321e+01,1.666666666666666574e-01,3.200000000000000000e+02,4.233776640000000000e+08,1.610186752000000000e+11,3.248220309615135193e-02
2.610000000000000000e+03,3.995000000000000000e+03,7.725020816102170329e+01,1.656346649999844434e-01,2.200000000000000000e+01,4.871026278400000000e+10,1.682183815168000000e+12,0.000000000000000000e+00
3.200000000000000000e+03,1.941000000000000000e+03,8.775173017148557619e+01,1.664356663246515655e-01,1.130000000000000000e+02,7.726062080000000000e+09,5.761304494080000000e+11,5.950784087181091309e-01
2.256000000000000000e+03,1.112000000000000000e+03,2.634434561439025302e+01,2.000000000000000111e-01,3.800000000000000000e+01,2.731669299200000000e+10,1.339208237056000000e+12,0.000000000000000000e+00
2.970000000000000000e+02,2.469000000000000000e+03,4.875012460490112431e+01,1.087856586440842377e-01,2.000000000000000000e+02,8.640007680000000000e+08,2.070236200960000000e+11,9.774547070264816284e-02
2.087000000000000000e+03,3.897000000000000000e+03,6.585078644649199475e+01,1.178511301977579334e-01,3.330000000000000000e+02,6.931243520000000000e+08,1.523700858880000000e+11,1.314230114221572876e-01
1.143000000000000000e+03,3.894000000000000000e+03,4.422953761619224622e+01,1.201850425154663005e-01,8.000000000000000000e+00,3.991272652800000000e+10,2.224507322368000000e+12,9.772834777832031250e-01
3.080000000000000000e+03,2.313000000000000000e+03,2.154361784316092781e+02,7.692307692307692735e-02,2.840000000000000000e+02,9.221276160000000000e+08,2.000557342720000000e+11,6.525847315788269043e-02
1.430000000000000000e+02,1.417000000000000000e+03,9.592312819422821235e+01,1.860163329510811370e-01,1.470000000000000000e+02,4.709297664000000000e+09,4.262561382400000000e+11,1.654796600341796875e+00
2.970000000000000000e+02,1.204000000000000000e+03,4.441222647654366540e+01,1.597191412499849861e-01,2.590000000000000000e+02,7.924589440000000000e+08,2.086176358400000000e+11,1.401886492967605591e-01
3.088000000000000000e+03,3.616000000000000000e+03,6.210785052920668647e+01,1.129384878631564115e-01,1.800000000000000000e+01,4.353104691200000000e+10,1.882279772160000000e+12,3.471975401043891907e-02
1.195000000000000000e+03,1.704000000000000000e+03,1.089075529854962241e+02,1.176470588235294101e-01,1.180000000000000000e+02,4.714155008000000000e+09,4.329807544320000000e+11,7.848110198974609375e-01
1.652000000000000000e+03,3.692000000000000000e+03,8.946908545112083289e+01,1.897658566033678385e-01,9.700000000000000000e+01,2.464083968000000000e+09,5.523820380160000000e+11,3.607912957668304443e-01
2.397000000000000000e+03,9.160000000000000000e+02,4.765314479438079331e+01,1.885618083164126990e-01,2.040000000000000000e+02,2.069250304000000000e+09,3.103355699200000000e+11,2.170622348785400391e-01
3.775000000000000000e+03,1.264000000000000000e+03,4.058423706308563084e+01,1.638886943392722229e-01,6.100000000000000000e+01,1.627101593600000000e+10,8.702694522880000000e+11,3.920187950134277344e+00
3.540000000000000000e+02,2.168000000000000000e+03,7.213464867394006319e+01,1.883271834539073097e-01,1.000000000000000000e+00,8.831377408000000000e+10,3.447775821824000000e+12,4.181708395481109619e-01
1.998000000000000000e+03,2.500000000000000000e+01,1.189314625825000320e+02,7.692307692307692735e-02,2.770000000000000000e+02,5.164774080000000000e+08,1.762560573440000000e+11,8.273551613092422485e-02
1.459000000000000000e+03,2.696000000000000000e+03,8.992385633255518940e+01,1.333333333333333315e-01,2.280000000000000000e+02,7.762957440000000000e+08,2.579108659200000000e+11,2.493864148855209351e-01
2.148000000000000000e+03,3.760000000000000000e+02,4.438742258202660196e+01,1.010152544552210818e-01,2.730000000000000000e+02,8.624572160000000000e+08,2.291342704640000000e+11,1.538608521223068237e-01
3.658000000000000000e+03,4.550000000000000000e+02,7.530605079240727946e+02,6.734350297014739251e-02,7.500000000000000000e+01,9.171800064000000000e+09,7.418361282560000000e+11,1.302706003189086914e+00
8.080000000000000000e+02,1.467000000000000000e+03,1.229111885637895369e+02,1.581138830084189706e-01,9.100000000000000000e+01,3.535630080000000000e+09,6.492895313920000000e+11,8.669794797897338867e-01
2.063000000000000000e+03,1.177000000000000000e+03,7.178261376886325706e+01,1.863389981249824745e-01,3.280000000000000000e+02,5.687434240000000000e+08,1.537079869440000000e+11,6.243311241269111633e-02
2.828000000000000000e+03,3.190000000000000000e+03,1.542850470132653697e+02,7.692307692307692735e-02,2.570000000000000000e+02,3.613436800000000000e+08,1.793486192640000000e+11,5.170684680342674255e-02
6.330000000000000000e+02,5.000000000000000000e+02,5.482961780201630830e+01,1.860163329510811370e-01,1.510000000000000000e+02,1.992101248000000000e+09,4.080898211840000000e+11,6.955169886350631714e-02
1.263000000000000000e+03,3.929000000000000000e+03,6.221755143259971277e+01,1.153846153846153910e-01,2.700000000000000000e+01,4.451796172800000000e+10,1.408662896640000000e+12,3.526160120964050293e-01
1.951000000000000000e+03,1.592000000000000000e+03,8.204854545514635333e+01,1.490711984999859852e-01,2.230000000000000000e+02,1.263835520000000000e+09,2.617083985920000000e+11,2.692348361015319824e-01
9.220000000000000000e+02,5.200000000000000000e+01,6.200711068182793895e+01,1.005635518443331877e-01,2.000000000000000000e+00,4.836097638400000000e+10,5.956759453696000000e+12,4.612917602062225342e-01
1.590000000000000000e+03,3.172000000000000000e+03,3.238911986982000712e+01,8.333333333333332871e-02,3.470000000000000000e+02,3.555295680000000000e+08,1.387580620800000000e+11,0.000000000000000000e+00
9.660000000000000000e+02,2.617000000000000000e+03,2.661247739441553222e+02,5.263157894736841813e-02,8.800000000000000000e+01,5.297309696000000000e+09,5.749003386880000000e+11,1.700879216194152832e+00
2.171000000000000000e+03,1.160000000000000000e+02,7.079719284873185359e+01,1.767766952966368654e-01,4.000000000000000000e+01,2.409143500800000000e+10,1.124034150400000000e+12,1.411813020706176758e+00
2.515000000000000000e+03,4.300000000000000000e+02,1.332281918464085209e+02,1.176470588235294101e-01,1.310000000000000000e+02,2.237285376000000000e+09,4.049037557760000000e+11,2.605060040950775146e-01
3.779000000000000000e+03,1.083000000000000000e+03,6.338098218447082388e+01,1.863389981249824745e-01,3.290000000000000000e+02,6.989276160000000000e+08,1.463262740480000000e+11,5.058890208601951599e-02
2.232000000000000000e+03,2.158000000000000000e+03,1.050259788349311236e+02,1.499999999999999944e-01,8.300000000000000000e+01,8.956526592000000000e+09,6.515022233600000000e+11,5.435594320297241211e-01
2.377000000000000000e+03,3.822000000000000000e+03,6.693437664489512429e+01,1.860163329510811370e-01,1.070000000000000000e+02,3.027658752000000000e+09,4.165613977600000000e+11,1.792184859514236450e-01
2.235000000000000000e+03,2.156000000000000000e+03,1.422367608747231316e+02,1.000000000000000056e-01,8.300000000000000000e+01,8.956526592000000000e+09,6.515022233600000000e+11,5.435594320297241211e-01
3.812000000000000000e+03,2.195000000000000000e+03,5.674319433923508882e+01,1.428571428571428492e-01,5.000000000000000000e+00,6.303399526400000000e+10,3.637388771328000000e+12,2.569424629211425781e+00
1.318000000000000000e+03,2.831000000000000000e+03,8.514602587752489171e+01,1.087856586440842377e-01,2.620000000000000000e+02,3.926612800000000000e+08,2.037588623360000000e+11,7.410188764333724976e-02
1.359000000000000000e+03,7.970000000000000000e+02,5.478835234273656596e+01,1.490711984999859852e-01,2.350000000000000000e+02,9.059889920000000000e+08,2.646524887040000000e+11,1.314550936222076416e-01
1.137000000000000000e+03,3.900000000000000000e+03,2.760559125318183078e+02,1.666666666666666574e-01,8.000000000000000000e+00,3.991272652800000000e+10,2.224507322368000000e+12,9.772834777832031250e-01
2.515000000000000000e+03,1.578000000000000000e+03,9.444235117488420883e+01,1.638886943392722229e-01,4.300000000000000000e+01,1.761921638400000000e+10,9.155836641280000000e+11,3.939166545867919922e+00
2.518000000000000000e+03,1.019000000000000000e+03,6.389236184508819605e+01,1.472537723434878820e-01,1.900000000000000000e+01,3.211539865600000000e+10,1.839924903936000000e+12,4.858803153038024902e-01
2.209000000000000000e+03,3.082000000000000000e+03,6.805927713824087277e+01,1.666666666666666574e-01,3.390000000000000000e+02,7.090938240000000000e+08,1.408466124800000000e+11,1.572182215750217438e-02
2.370000000000000000e+02,1.134000000000000000e+03,1.011894846369802679e+02,1.739130434782608647e-01,5.700000000000000000e+01,8.470172672000000000e+09,9.695676334080000000e+11,1.448810100555419922e+00
2.379000000000000000e+03,1.725000000000000000e+03,1.991553836037342364e+02,1.663780661615406053e-01,1.390000000000000000e+02,8.027903488000000000e+09,4.483424911360000000e+11,3.236294984817504883e-01
2.170000000000000000e+02,9.020000000000000000e+02,9.724786750333610996e+01,1.087856586440842377e-01,3.100000000000000000e+02,4.837222720000000000e+08,1.678692352000000000e+11,1.754781417548656464e-02
1.851000000000000000e+03,1.581000000000000000e+03,5.510408719217428342e+01,1.490711984999859852e-01,2.240000000000000000e+02,1.496969344000000000e+09,2.768687267840000000e+11,1.539164930582046509e-01
1.754000000000000000e+03,2.641000000000000000e+03,6.156938078408717274e+01,1.664356663246515655e-01,1.100000000000000000e+02,5.270673408000000000e+09,5.406609571840000000e+11,2.526594698429107666e-01
3.194000000000000000e+03,3.798000000000000000e+03,1.432702558575652176e+02,1.717960677340691911e-01,3.100000000000000000e+01,1.797018828800000000e+10,1.127008960512000000e+12,9.884166121482849121e-01
8.060000000000000000e+02,1.470000000000000000e+03,1.225844262034256786e+02,1.499999999999999944e-01,9.100000000000000000e+01,3.535630080000000000e+09,6.492895313920000000e+11,8.669794797897338867e-01
2.250000000000000000e+03,1.115000000000000000e+03,2.168157554368446327e+01,1.264911064067351931e-01,3.800000000000000000e+01,2.731669299200000000e+10,1.339208237056000000e+12,0.000000000000000000e+00
6.080000000000000000e+02,2.590000000000000000e+03,2.734354619961189883e+02,9.722034684781695468e-02,4.100000000000000000e+01,3.039488614400000000e+10,1.064241790976000000e+12,7.708724141120910645e-01
1.265000000000000000e+03,3.930000000000000000e+03,3.624763957028058314e+01,1.720052290384453675e-01,2.700000000000000000e+01,4.451796172800000000e+10,1.408662896640000000e+12,3.526160120964050293e-01
3.075000000000000000e+03,8.740000000000000000e+02,1.027377009585387810e+02,1.250000000000000000e-01,1.700000000000000000e+02,1.429099264000000000e+09,3.279949987840000000e+11,7.364984601736068726e-02
2.410000000000000000e+02,3.017000000000000000e+03,5.884358768770486137e+01,1.863389981249824745e-01,2.530000000000000000e+02,4.436043520000000000e+08,1.612296847360000000e+11,3.729216754436492920e-02
7.550000000000000000e+02,2.819000000000000000e+03,4.513127371343968264e+01,1.010152544552210818e-01,2.780000000000000000e+02,1.045625408000000000e+09,2.224233349120000000e+11,9.319210797548294067e-02
9.270000000000000000e+02,4.680000000000000000e+02,8.311551975462489850e+01,1.153846153846153910e-01,9.000000000000000000e+00,2.194928844800000000e+10,1.422013628416000000e+12,3.583382368087768555e+00
1.172000000000000000e+03,1.009000000000000000e+03,2.897518138047898262e+01,1.818181818181818232e-01,3.380000000000000000e+02,5.003360640000000000e+08,1.124691230720000000e+11,7.298628240823745728e-02
5.000000000000000000e+00,2.887000000000000000e+03,3.142023737777719461e+01,1.885618083164126990e-01,2.500000000000000000e+02,8.211125120000000000e+08,2.586923663360000000e+11,1.097938567399978638e-01
1.670000000000000000e+02,2.144000000000000000e+03,6.783854081871119490e+01,1.720052290384453675e-01,2.930000000000000000e+02,9.289077760000000000e+08,1.737262530560000000e+11,1.096618697047233582e-01
3.498000000000000000e+03,3.190000000000000000e+03,5.946110307195006328e+01,1.414213562373095034e-01,7.200000000000000000e+01,1.264045465600000000e+10,6.807097835520000000e+11,5.790898799896240234e-01
1.272000000000000000e+03,1.801000000000000000e+03,1.242266146474807158e+02,1.717960677340691911e-01,3.600000000000000000e+01,1.450358067200000000e+10,1.097609969664000000e+12,1.465617537498474121e+00
3.240000000000000000e+02,2.057000000000000000e+03,7.164549706392649853e+01,1.010152544552210818e-01,2.520000000000000000e+02,9.568181760000000000e+08,2.335715000320000000e+11,1.026855111122131348e-01
2.614000000000000000e+03,0.000000000000000000e+00,7.746773977317138815e+01,8.298362837858909435e-02,2.200000000000000000e+01,4.871026278400000000e+10,1.682183815168000000e+12,0.000000000000000000e+00
1.921000000000000000e+03,3.053000000000000000e+03,8.595217918608352647e+01,6.250000000000000000e-02,1.630000000000000000e+02,4.056990720000000000e+09,3.779123281920000000e+11,1.363024413585662842e-01
2.469000000000000000e+03,3.116000000000000000e+03,3.293660400805783866e+02,7.710579232757895640e-02,7.000000000000000000e+00,4.260092313600000000e+10,2.118265864192000000e+12,1.421061873435974121e+00
7.680000000000000000e+02,1.554000000000000000e+03,6.906313715291919664e+01,9.428090415820634951e-02,2.160000000000000000e+02,1.974329472000000000e+09,2.626538045440000000e+11,2.617572844028472900e-01
2.256000000000000000e+03,1.341000000000000000e+03,4.813390787152806638e+01,1.581138830084189706e-01,8.100000000000000000e+01,8.068609536000000000e+09,7.168793640960000000e+11,7.845193743705749512e-01
1.018000000000000000e+03,9.270000000000000000e+02,1.031820373082848477e+02,1.818181818181818232e-01,3.350000000000000000e+02,3.738715520000000000e+08,1.154055864320000000e+11,3.682396933436393738e-02
9.450000000000000000e+02,3.720000000000000000e+03,1.505018885823310768e+02,1.664356663246515655e-01,8.700000000000000000e+01,7.962043904000000000e+09,6.099624919040000000e+11,7.106984853744506836e-01
2.214000000000000000e+03,3.701000000000000000e+03,1.961558136642545662e+02,1.397542485937368628e-01,1.200000000000000000e+02,1.413297024000000000e+09,3.281207623680000000e+11,2.572538256645202637e-01
3.559000000000000000e+03,1.405000000000000000e+03,4.154460175007716316e+01,1.875000000000000000e-01,1.730000000000000000e+02,2.307132928000000000e+09,3.346703646720000000e+11,1.729831695556640625e-01
3.693000000000000000e+03,1.580000000000000000e+02,2.613654737188966806e+02,1.414213562373095034e-01,8.400000000000000000e+01,9.303531520000000000e+09,6.815071600640000000e+11,3.154100179672241211e-01
3.387000000000000000e+03,2.936000000000000000e+03,5.513375124348906553e+01,1.505846504842085487e-01,7.400000000000000000e+01,1.621565542400000000e+10,7.788651479040000000e+11,5.994437336921691895e-01
2.615000000000000000e+03,3.998000000000000000e+03,5.859029453492653516e+01,1.171213948210510919e-01,2.200000000000000000e+01,4.871026278400000000e+10,1.682183815168000000e+12,0.000000000000000000e+00
9.450000000000000000e+02,3.725000000000000000e+03,2.004105564899588785e+02,1.176877882894626220e-01,8.700000000000000000e+01,7.962043904000000000e+09,6.099624919040000000e+11,7.106984853744506836e-01
1.260000000000000000e+02,2.327000000000000000e+03,4.194690566438750352e+02,1.153846153846153910e-01,1.000000000000000000e+01,1.996886425600000000e+10,1.406474911744000000e+12,1.505521297454833984e+00
3.975000000000000000e+03,2.592000000000000000e+03,2.484850746768056524e+02,1.315334104411640948e-01,1.640000000000000000e+02,2.869155584000000000e+09,3.821064683520000000e+11,7.292455434799194336e-01
3.640000000000000000e+03,3.127000000000000000e+03,7.143234966638826222e+01,1.663780661615406053e-01,1.280000000000000000e+02,3.839666176000000000e+09,4.332187156480000000e+11,1.764668971300125122e-01
1.873000000000000000e+03,1.483000000000000000e+03,1.001688762057483189e+02,1.597191412499849861e-01,2.690000000000000000e+02,1.238931328000000000e+09,2.126970224640000000e+11,2.752779722213745117e-01
8.340000000000000000e+02,4.390000000000000000e+02,9.725632740653188080e+01,2.000000000000000111e-01,7.700000000000000000e+01,9.925042176000000000e+09,7.026825625600000000e+11,1.432763218879699707e+00
3.279000000000000000e+03,3.293000000000000000e+03,7.120562831878473276e+01,1.900863290718193543e-01,4.000000000000000000e+00,4.576543129600000000e+10,2.901718335488000000e+12,1.090228271484375000e+01
2.826000000000000000e+03,2.446000000000000000e+03,1.586062801884789053e+02,1.250000000000000000e-01,1.530000000000000000e+02,3.823034624000000000e+09,3.764229242880000000e+11,2.990027666091918945e-01
1.713000000000000000e+03,1.658000000000000000e+03,3.034734168363937101e+02,6.428243465332250661e-02,1.300000000000000000e+01,1.214220800000000000e+10,8.739340288000000000e+11,1.179914355278015137e+00
2.023000000000000000e+03,7.830000000000000000e+02,1.307913576596154144e+02,1.346870059402947850e-01,6.400000000000000000e+01,8.225184256000000000e+09,7.782105088000000000e+11,7.376434803009033203e-01
3.751000000000000000e+03,2.308000000000000000e+03,2.780932861454949645e+01,1.818181818181818232e-01,3.480000000000000000e+02,3.215613440000000000e+08,1.223452180480000000e+11,0.000000000000000000e+00
3.088000000000000000e+03,3.610000000000000000e+03,1.447821244561645244e+02,1.129384878631564115e-01,1.800000000000000000e+01,4.353104691200000000e+10,1.882279772160000000e+12,3.471975401043891907e-02
1.624000000000000000e+03,1.607000000000000000e+03,2.812507736681880033e+01,1.242259987499883256e-01,1.120000000000000000e+02,4.358597632000000000e+09,5.040958341120000000e+11,4.804726839065551758e-01
3.142000000000000000e+03,9.970000000000000000e+02,4.937343487132776687e+01,1.756820922315766309e-01,9.300000000000000000e+01,4.418263040000000000e+09,4.843336171520000000e+11,1.032378077507019043e+00
2.390000000000000000e+02,1.140000000000000000e+03,5.746097929419597250e+01,1.229750923802691437e-01,5.700000000000000000e+01,8.470172672000000000e+09,9.695676334080000000e+11,1.448810100555419922e+00
3.693000000000000000e+03,1.550000000000000000e+02,5.389815131654995639e+02,1.118033988749894958e-01,8.400000000000000000e+01,9.303531520000000000e+09,6.815071600640000000e+11,3.154100179672241211e-01
1.950000000000000000e+03,1.568000000000000000e+03,9.062427205752493364e+02,0.000000000000000000e+00,1.670000000000000000e+02,3.063771904000000000e+09,3.769188679680000000e+11,6.263079047203063965e-01
2.760000000000000000e+02,3.807000000000000000e+03,8.771923970357792655e+01,1.087856586440842377e-01,2.470000000000000000e+02,4.202672320000000000e+08,1.736723005440000000e+11,8.762682229280471802e-02
2.514000000000000000e+03,1.573000000000000000e+03,1.295189321008560341e+02,1.016394535227177209e-01,4.300000000000000000e+01,1.761921638400000000e+10,9.155836641280000000e+11,3.939166545867919922e+00
9.450000000000000000e+02,3.724000000000000000e+03,1.408318688255092468e+02,7.443229275647869625e-02,8.700000000000000000e+01,7.962043904000000000e+09,6.099624919040000000e+11,7.106984853744506836e-01
3.851000000000000000e+03,1.358000000000000000e+03,1.789516142063570783e+02,1.118033988749894958e-01,0.000000000000000000e+00,7.301141299200000000e+10,5.371525595136000000e+12,3.230303525924682617e-01
3.950000000000000000e+02,8.140000000000000000e+02,6.275249162798974822e+01,1.716929178792375721e-01,7.100000000000000000e+01,1.033783398400000000e+10,7.907896852480000000e+11,7.018927931785583496e-01
1.412000000000000000e+03,1.421000000000000000e+03,1.264883447756529335e+02,1.176470588235294101e-01,1.520000000000000000e+02,4.673288192000000000e+09,3.888040181760000000e+11,1.391681879758834839e-01
3.265000000000000000e+03,2.766000000000000000e+03,6.121620920749506212e+01,1.739130434782608647e-01,2.800000000000000000e+01,1.262479360000000000e+10,1.088863928320000000e+12,7.823085188865661621e-01
2.844000000000000000e+03,5.360000000000000000e+02,4.194875325390008669e+01,1.976423537605237202e-01,1.460000000000000000e+02,2.242444032000000000e+09,3.406583234560000000e+11,1.633618921041488647e-01
3.779000000000000000e+03,1.085000000000000000e+03,8.454536216424342854e+01,8.333333333333332871e-02,3.290000000000000000e+02,6.989276160000000000e+08,1.463262740480000000e+11,5.058890208601951599e-02
3.546000000000000000e+03,2.481000000000000000e+03,1.308539373401706882e+02,1.317615691736824801e-01,3.200000000000000000e+01,2.188575744000000000e+10,1.215032852480000000e+12,2.247135162353515625e+00
9.150000000000000000e+02,5.600000000000000000e+01,5.984754574475412880e+01,1.951219512195122019e-01,2.000000000000000000e+00,4.836097638400000000e+10,5.956759453696000000e+12,4.612917602062225342e-01
2.740000000000000000e+02,2.790000000000000000e+02,1.259876442659686262e+02,1.597191412499849861e-01,2.270000000000000000e+02,6.140675200000000000e+08,2.543858974720000000e+11,4.976339638233184814e-01
2.023000000000000000e+03,7.840000000000000000e+02,7.329262994065008741e+01,1.716929178792375721e-01,6.400000000000000000e+01,8.225184256000000000e+09,7.782105088000000000e+11,7.376434803009033203e-01
1.270000000000000000e+03,1.803000000000000000e+03,9.582903285934959570e+01,9.316949906249123725e-02,3.600000000000000000e+01,1.450358067200000000e+10,1.097609969664000000e+12,1.465617537498474121e+00
2.000000000000000000e+03,2.700000000000000000e+01,3.545362698871294072e+01,1.720052290384453675e-01,2.770000000000000000e+02,5.164774080000000000e+08,1.762560573440000000e+11,8.273551613092422485e-02
2.648000000000000000e+03,3.080000000000000000e+03,4.749753789066949139e+01,1.888525745775105347e-01,1.500000000000000000e+01,3.527756185600000000e+10,1.735473496064000000e+12,1.871760040521621704e-01
3.500000000000000000e+02,6.220000000000000000e+02,4.884136619046994809e+01,2.000000000000000111e-01,6.900000000000000000e+01,2.519118848000000000e+09,6.528198901760000000e+11,4.075180888175964355e-01
3.105000000000000000e+03,1.258000000000000000e+03,8.154206415378507700e+01,1.505846504842085487e-01,7.300000000000000000e+01,6.995432448000000000e+09,7.722072145920000000e+11,6.042641401290893555e-01
3.157000000000000000e+03,3.367000000000000000e+03,1.548897900419097766e+02,8.318903308077030267e-02,1.160000000000000000e+02,3.793797120000000000e+09,4.191869009920000000e+11,2.268115729093551636e-01
3.166000000000000000e+03,9.030000000000000000e+02,8.293466748372358666e+01,1.505846504842085487e-01,7.900000000000000000e+01,9.350776832000000000e+09,7.296368640000000000e+11,6.641222238540649414e-01
3.207000000000000000e+03,2.997000000000000000e+03,9.610948653766006089e+01,1.976423537605237202e-01,1.820000000000000000e+02,2.496905216000000000e+09,3.449701007360000000e+11,1.933547407388687134e-01
1.349000000000000000e+03,2.008000000000000000e+03,1.218902121099045530e+02,6.666666666666666574e-02,1.770000000000000000e+02,1.732036736000000000e+09,2.927439708160000000e+11,2.931735217571258545e-01
2.028000000000000000e+03,7.830000000000000000e+02,4.558467884505559908e+01,1.716929178792375721e-01,6.400000000000000000e+01,8.225184256000000000e+09,7.782105088000000000e+11,7.376434803009033203e-01
1.192000000000000000e+03,1.702000000000000000e+03,4.039720797020528948e+02,1.315334104411640948e-01,1.180000000000000000e+02,4.714155008000000000e+09,4.329807544320000000e+11,7.848110198974609375e-01
2.082000000000000000e+03,3.076000000000000000e+03,1.355423055681436040e+02,1.176470588235294101e-01,1.570000000000000000e+02,3.798783232000000000e+09,3.840699924480000000e+11,9.788149595260620117e-01
2.381000000000000000e+03,1.726000000000000000e+03,5.016294038636860932e+02,5.882352941176470507e-02,1.390000000000000000e+02,8.027903488000000000e+09,4.483424911360000000e+11,3.236294984817504883e-01
2.326000000000000000e+03,1.638000000000000000e+03,5.283423203811763358e+01,1.885618083164126990e-01,1.370000000000000000e+02,9.244498560000000000e+08,2.924000378880000000e+11,2.638534903526306152e-01
2.577000000000000000e+03,8.400000000000000000e+02,3.624036776909330371e+01,5.656854249492380277e-02,3.500000000000000000e+01,2.461768089600000000e+10,1.257411051520000000e+12,0.000000000000000000e+00
8.820000000000000000e+02,1.446000000000000000e+03,8.336718252678393526e+01,2.000000000000000111e-01,1.680000000000000000e+02,8.116872320000000000e+08,3.029185986560000000e+11,2.076815217733383179e-01
2.734000000000000000e+03,2.723000000000000000e+03,3.753994492427086271e+01,1.597191412499849861e-01,2.310000000000000000e+02,1.039507904000000000e+09,2.160468295680000000e+11,1.857722848653793335e-01
6.510000000000000000e+02,1.210000000000000000e+03,1.494921112942834043e+02,1.597191412499849861e-01,2.210000000000000000e+02,2.182107136000000000e+09,2.105663488000000000e+11,3.516459465026855469e-01
1.392000000000000000e+03,2.585000000000000000e+03,5.339345688884291263e+01,1.875000000000000000e-01,1.890000000000000000e+02,1.658296320000000000e+09,3.660822609920000000e+11,5.479530692100524902e-01
3.815000000000000000e+03,3.560000000000000000e+02,1.331829308503302514e+02,1.490711984999859852e-01,2.080000000000000000e+02,2.188138240000000000e+09,2.766488862720000000e+11,2.967958748340606689e-01
3.660000000000000000e+03,4.540000000000000000e+02,1.792038353318030204e+02,1.064794274999899953e-01,7.500000000000000000e+01,9.171800064000000000e+09,7.418361282560000000e+11,1.302706003189086914e+00
3.087000000000000000e+03,3.616000000000000000e+03,5.376609564145876163e+01,1.287696884094281791e-01,1.800000000000000000e+01,4.353104691200000000e+10,1.882279772160000000e+12,3.471975401043891907e-02
3.291000000000000000e+03,6.370000000000000000e+02,5.172027479936632943e+01,1.720052290384453675e-01,2.890000000000000000e+02,4.774969280000000000e+08,1.903992668160000000e+11,2.638908661901950836e-02
2.992000000000000000e+03,1.021000000000000000e+03,5.800283713732031288e+01,1.538461538461538547e-01,2.920000000000000000e+02,5.220359040000000000e+08,1.912100945920000000e+11,9.537348896265029907e-02
3.185000000000000000e+03,5.900000000000000000e+01,2.459233161548622490e+02,7.142857142857142461e-02,2.510000000000000000e+02,1.089167872000000000e+09,2.191891005440000000e+11,2.160213589668273926e-01
3.810000000000000000e+03,2.190000000000000000e+03,6.053037866106388520e+01,1.456862718169366910e-01,5.000000000000000000e+00,6.303399526400000000e+10,3.637388771328000000e+12,2.569424629211425781e+00
2.256000000000000000e+03,2.187000000000000000e+03,5.428354933483890932e+01,1.428571428571428492e-01,2.450000000000000000e+02,6.759123840000000000e+08,2.125311344640000000e+11,2.900222241878509521e-01
2.141000000000000000e+03,2.746000000000000000e+03,6.242185645910989678e+01,1.176470588235294101e-01,8.900000000000000000e+01,5.015371776000000000e+09,4.318797824000000000e+11,1.743932604789733887e+00
3.447000000000000000e+03,2.861000000000000000e+03,1.652079128314838385e+02,1.052631578947368363e-01,6.600000000000000000e+01,5.837941760000000000e+09,6.081861386240000000e+11,1.099951863288879395e+00
1.613000000000000000e+03,2.959000000000000000e+03,1.003164695939525899e+02,1.285648693066450132e-01,5.400000000000000000e+01,1.041408819200000000e+10,8.919000023040000000e+11,2.400319814682006836e+00
1.000000000000000000e+03,1.277000000000000000e+03,1.165587741391965437e+02,1.250000000000000000e-01,1.720000000000000000e+02,2.377929984000000000e+09,3.280464117760000000e+11,2.886517047882080078e-01
2.011000000000000000e+03,3.989000000000000000e+03,7.949204417868925532e+01,9.090909090909091161e-02,5.800000000000000000e+01,1.764974796800000000e+10,9.503931760640000000e+11,1.640438556671142578e+00
3.701000000000000000e+03,2.552000000000000000e+03,3.167508300869046778e+01,9.428090415820634951e-02,1.980000000000000000e+02,1.618238080000000000e+09,3.098244218880000000e+11,1.910182833671569824e-01
3.681000000000000000e+03,2.872000000000000000e+03,2.338367553781131036e+01,2.000000000000000111e-01,3.300000000000000000e+01,2.596919091200000000e+10,1.392400793600000000e+12,4.729880765080451965e-02
3.880000000000000000e+03,5.360000000000000000e+02,5.457737010572016345e+01,1.315334104411640948e-01,1.450000000000000000e+02,2.489635584000000000e+09,4.032976977920000000e+11,8.420058339834213257e-02
2.986000000000000000e+03,2.208000000000000000e+03,4.837067802088392199e+01,1.428571428571428492e-01,2.650000000000000000e+02,4.435137280000000000e+08,2.085157928960000000e+11,8.321103453636169434e-02
1.311000000000000000e+03,1.393000000000000000e+03,7.132372859085870687e+01,1.581138830084189706e-01,3.400000000000000000e+01,1.266510643200000000e+10,7.028321812480000000e+11,3.640272617340087891e-01
2.645000000000000000e+03,3.079000000000000000e+03,6.427215238595942992e+01,7.407407407407406996e-02,1.500000000000000000e+01,3.527756185600000000e+10,1.735473496064000000e+12,1.871760040521621704e-01
1.146000000000000000e+03,1.558000000000000000e+03,8.077471684281987052e+01,1.666666666666666574e-01,3.420000000000000000e+02,4.908336320000000000e+08,1.605870387200000000e+11,0.000000000000000000e+00
3.169000000000000000e+03,2.675000000000000000e+03,4.053876063675328112e+01,2.000000000000000111e-01,2.540000000000000000e+02,9.485489280000000000e+08,2.663671562240000000e+11,1.101500093936920166e-01
6.120000000000000000e+02,9.270000000000000000e+02,2.444634317522721290e+01,1.581138830084189706e-01,9.900000000000000000e+01,1.845776793600000000e+10,6.941362094080000000e+11,0.000000000000000000e+00
1.260000000000000000e+03,3.922000000000000000e+03,4.231440206779466706e+01,1.923076923076923184e-01,2.700000000000000000e+01,4.451796172800000000e+10,1.408662896640000000e+12,3.526160120964050293e-01
1.796000000000000000e+03,7.990000000000000000e+02,5.951081471048604499e+01,1.860163329510811370e-01,1.600000000000000000e+02,2.614074880000000000e+09,3.916269158400000000e+11,1.103178709745407104e-01
1.462000000000000000e+03,2.894000000000000000e+03,9.816512109692556010e+01,1.490711984999859852e-01,1.990000000000000000e+02,1.217136768000000000e+09,2.727443988480000000e+11,1.342078447341918945e-01
2.825000000000000000e+03,2.441000000000000000e+03,1.031650672183690602e+02,1.976423537605237202e-01,1.530000000000000000e+02,3.823034624000000000e+09,3.764229242880000000e+11,2.990027666091918945e-01
7.460000000000000000e+02,1.105000000000000000e+03,3.020169600123038833e+01,1.860163329510811370e-01,1.230000000000000000e+02,3.450585344000000000e+09,4.269201489920000000e+11,4.118150472640991211e-01
2.890000000000000000e+03,3.527000000000000000e+03,1.533460833964443566e+02,1.961161351381840168e-01,2.500000000000000000e+01,2.538148249600000000e+10,1.442943729664000000e+12,1.294092535972595215e-01
3.041000000000000000e+03,3.389000000000000000e+03,2.802484637692182190e+01,1.567630989332169100e-01,5.100000000000000000e+01,2.175456870400000000e+10,9.791455232000000000e+11,0.000000000000000000e+00
2.378000000000000000e+03,3.819000000000000000e+03,8.224490806130306453e+01,1.663780661615406053e-01,1.070000000000000000e+02,3.027658752000000000e+09,4.165613977600000000e+11,1.792184859514236450e-01
1.251000000000000000e+03,2.149000000000000000e+03,5.319786425105041872e+01,7.692307692307692735e-02,3.130000000000000000e+02,4.205896000000000000e+08,1.665786183680000000e+11,3.704225644469261169e-02
1.799000000000000000e+03,7.980000000000000000e+02,1.886969106638100868e+02,0.000000000000000000e+00,1.600000000000000000e+02,2.614074880000000000e+09,3.916269158400000000e+11,1.103178709745407104e-01
9.200000000000000000e+02,5.300000000000000000e+01,6.833776993286831214e+01,1.034790411492508416e-01,2.000000000000000000e+00,4.836097638400000000e+10,5.956759453696000000e+12,4.612917602062225342e-01
3.210000000000000000e+02,2.059000000000000000e+03,6.952341383670587049e+01,1.597191412499849861e-01,2.520000000000000000e+02,9.568181760000000000e+08,2.335715000320000000e+11,1.026855111122131348e-01
6.210000000000000000e+02,3.764000000000000000e+03,1.202566255247286335e+02,1.216260638526299870e-01,2.400000000000000000e+01,4.572494233600000000e+10,1.500802318336000000e+12,4.620099544525146484e+00
4.340000000000000000e+02,2.733000000000000000e+03,5.585132069305470992e+01,1.716929178792375721e-01,6.000000000000000000e+01,9.892344832000000000e+09,7.822726266880000000e+11,1.314265251159667969e+00
1.273000000000000000e+03,1.804000000000000000e+03,8.627018889357731268e+01,9.316949906249123725e-02,3.600000000000000000e+01,1.450358067200000000e+10,1.097609969664000000e+12,1.465617537498474121e+00
3.071000000000000000e+03,2.410000000000000000e+03,1.111781833068644829e+02,1.437398936440172637e-01,2.000000000000000000e+01,2.138906214400000000e+10,9.160418918400000000e+11,6.593467593193054199e-01
3.620000000000000000e+02,2.161000000000000000e+03,4.834039441240962987e+01,1.315334104411640948e-01,1.000000000000000000e+00,8.831377408000000000e+10,3.447775821824000000e+12,4.181708395481109619e-01
3.890000000000000000e+03,5.870000000000000000e+02,6.079239513354298197e+01,7.692307692307692735e-02,2.940000000000000000e+02,5.208605120000000000e+08,1.844918190080000000e+11,6.816863268613815308e-02
1.950000000000000000e+03,1.570000000000000000e+03,7.481729671672039217e+01,1.250000000000000000e-01,1.670000000000000000e+02,3.063771904000000000e+09,3.769188679680000000e+11,6.263079047203063965e-01
3.786000000000000000e+03,2.083000000000000000e+03,2.116381813572103852e+02,7.071067811865475172e-02,3.700000000000000000e+01,6.925903872000000000e+09,6.656544604160000000e+11,6.811499595642089844e-01
8.570000000000000000e+02,2.067000000000000000e+03,6.421422289223676216e+01,1.567630989332169100e-01,5.600000000000000000e+01,2.377781452800000000e+10,1.003706777600000000e+12,2.094316333532333374e-01
1.457000000000000000e+03,2.893000000000000000e+03,8.870849601423482511e+01,2.000000000000000111e-01,1.990000000000000000e+02,1.217136768000000000e+09,2.727443988480000000e+11,1.342078447341918945e-01
2.968000000000000000e+03,3.719000000000000000e+03,1.124866149952907648e+02,1.860163329510811370e-01,1.300000000000000000e+02,5.315287552000000000e+09,4.184949063680000000e+11,9.917013049125671387e-01
3.852000000000000000e+03,1.350000000000000000e+03,1.179907667274352860e+02,1.677050983124842298e-01,0.000000000000000000e+00,7.301141299200000000e+10,5.371525595136000000e+12,3.230303525924682617e-01
3.817000000000000000e+03,2.192000000000000000e+03,6.123657260883658893e+01,6.388765649999399165e-02,5.000000000000000000e+00,6.303399526400000000e+10,3.637388771328000000e+12,2.569424629211425781e+00
2.974000000000000000e+03,3.900000000000000000e+01,1.135085649334391888e+02,1.994505484123890171e-01,1.100000000000000000e+01,3.576540364800000000e+10,1.680807821312000000e+12,2.075748682022094727e+00
1.846000000000000000e+03,3.657000000000000000e+03,7.979807203930323567e+01,1.397542485937368628e-01,1.870000000000000000e+02,2.693199360000000000e+09,3.451426570240000000e+11,2.012060433626174927e-01
3.700000000000000000e+03,3.721000000000000000e+03,8.919324670873778871e+01,1.397542485937368628e-01,1.950000000000000000e+02,2.191118592000000000e+09,3.672240619520000000e+11,2.955987751483917236e-01
1.459000000000000000e+03,2.698000000000000000e+03,2.825775049570621178e+01,1.885618083164126990e-01,2.280000000000000000e+02,7.762957440000000000e+08,2.579108659200000000e+11,2.493864148855209351e-01
1.610000000000000000e+03,2.953000000000000000e+03,1.323969384555530837e+02,1.874138920735300140e-01,5.400000000000000000e+01,1.041408819200000000e+10,8.919000023040000000e+11,2.400319814682006836e+00
3.796000000000000000e+03,2.646000000000000000e+03,4.866874860672336354e+02,1.010152544552210818e-01,2.320000000000000000e+02,1.347878528000000000e+09,2.471929282560000000e+11,1.529861688613891602e-01
2.399000000000000000e+03,1.306000000000000000e+03,8.171683797520053361e+01,1.656346649999844434e-01,2.100000000000000000e+01,3.967555993600000000e+10,1.669329846272000000e+12,7.246407270431518555e-01
1.950000000000000000e+03,1.590000000000000000e+03,1.260032987457316409e+02,9.428090415820634951e-02,2.230000000000000000e+02,1.263835520000000000e+09,2.617083985920000000e+11,2.692348361015319824e-01
1.834000000000000000e+03,8.820000000000000000e+02,1.107000970843466803e+02,0.000000000000000000e+00,2.400000000000000000e+02,5.599216000000000000e+08,2.475048796160000000e+11,1.206644847989082336e-01
2.824000000000000000e+03,1.217000000000000000e+03,1.338244124430079864e+02,1.242259987499883256e-01,9.800000000000000000e+01,2.222143232000000000e+09,4.761788416000000000e+11,2.608013153076171875e-01
3.679000000000000000e+03,2.878000000000000000e+03,5.100767457195416910e+01,8.944271909999158832e-02,3.300000000000000000e+01,2.596919091200000000e+10,1.392400793600000000e+12,4.729880765080451965e-02
3.620000000000000000e+02,2.163000000000000000e+03,5.147580402734043048e+01,1.176470588235294101e-01,1.000000000000000000e+00,8.831377408000000000e+10,3.447775821824000000e+12,4.181708395481109619e-01
1.442000000000000000e+03,1.477000000000000000e+03,7.457013120388359084e+01,1.397542485937368628e-01,1.910000000000000000e+02,4.317606912000000000e+09,3.233326366720000000e+11,3.796105086803436279e-01
4.150000000000000000e+02,3.362000000000000000e+03,6.823837371681239006e+01,1.087856586440842377e-01,3.000000000000000000e+02,6.761123200000000000e+08,1.850314096640000000e+11,1.175257489085197449e-01
3.425000000000000000e+03,9.420000000000000000e+02,1.784829206395660037e+02,1.315334104411640948e-01,1.620000000000000000e+02,3.060062976000000000e+09,3.823545876480000000e+11,2.805753350257873535e-01
2.514000000000000000e+03,1.577000000000000000e+03,1.487371475554879510e+02,1.016394535227177209e-01,4.300000000000000000e+01,1.761921638400000000e+10,9.155836641280000000e+11,3.939166545867919922e+00
3.820000000000000000e+03,2.191000000000000000e+03,5.917329160707241442e+01,1.428571428571428492e-01,5.000000000000000000e+00,6.303399526400000000e+10,3.637388771328000000e+12,2.569424629211425781e+00
1.492000000000000000e+03,2.861000000000000000e+03,2.690483462321665229e+02,7.142857142857142461e-02,2.100000000000000000e+02,6.465219840000000000e+08,2.291632046080000000e+11,9.430054575204849243e-02
2.857000000000000000e+03,1.471000000000000000e+03,1.523233292884580123e+02,8.333333333333332871e-02,3.080000000000000000e+02,7.085787520000000000e+08,1.645988904960000000e+11,9.297596663236618042e-02
1.267000000000000000e+03,3.929000000000000000e+03,3.963607907557917542e+01,1.923076923076923184e-01,2.700000000000000000e+01,4.451796172800000000e+10,1.408662896640000000e+12,3.526160120964050293e-01
2.176000000000000000e+03,1.100000000000000000e+02,1.264454551475257205e+02,1.502313031443328895e-01,4.000000000000000000e+01,2.409143500800000000e+10,1.124034150400000000e+12,1.411813020706176758e+00
3.530000000000000000e+02,2.163000000000000000e+03,5.681319400166585609e+01,1.470588235294117696e-01,1.000000000000000000e+00,8.831377408000000000e+10,3.447775821824000000e+12,4.181708395481109619e-01
1.263000000000000000e+03,3.923000000000000000e+03,7.018469570705458693e+01,1.153846153846153910e-01,2.700000000000000000e+01,4.451796172800000000e+10,1.408662896640000000e+12,3.526160120964050293e-01
3.099000000000000000e+03,3.370000000000000000e+02,7.750504071596796507e+01,1.897658566033678385e-01,1.140000000000000000e+02,2.197843456000000000e+09,5.375084789760000000e+11,3.056838810443878174e-01
9.180000000000000000e+02,1.701000000000000000e+03,5.153760039376514612e+01,1.000000000000000056e-01,2.130000000000000000e+02,1.500061696000000000e+09,8.283317043200000000e+10,0.000000000000000000e+00
5.310000000000000000e+02,1.735000000000000000e+03,5.314379200509055323e+01,1.118033988749894958e-01,8.500000000000000000e+01,1.334152294400000000e+10,6.413754040320000000e+11,2.690244674682617188e+00
1.024000000000000000e+03,1.670000000000000000e+03,4.840769145910425095e+02,0.000000000000000000e+00,3.550000000000000000e+02,4.212931200000000000e+08,4.887572480000000000e+10,0.000000000000000000e+00
9.250000000000000000e+02,4.660000000000000000e+02,2.354036839497157985e+02,8.600261451922268374e-02,9.000000000000000000e+00,2.194928844800000000e+10,1.422013628416000000e+12,3.583382368087768555e+00
3.557000000000000000e+03,1.405000000000000000e+03,1.932375624053079832e+02,6.250000000000000000e-02,1.730000000000000000e+02,2.307132928000000000e+09,3.346703646720000000e+11,1.729831695556640625e-01
1.471000000000000000e+03,1.842000000000000000e+03,1.082859551981926955e+02,1.087856586440842377e-01,2.680000000000000000e+02,3.387232000000000000e+08,1.792297369600000000e+11,3.738203644752502441e-02
9.860000000000000000e+02,1.027000000000000000e+03,7.482477166810613767e+01,1.087856586440842377e-01,2.880000000000000000e+02,6.826971520000000000e+08,2.043456061440000000e+11,6.240923330187797546e-02
4.100000000000000000e+02,3.219000000000000000e+03,4.468542850761284058e+02,7.142857142857142461e-02,2.560000000000000000e+02,4.778569280000000000e+08,2.355664158720000000e+11,1.097523197531700134e-01
3.277000000000000000e+03,3.294000000000000000e+03,1.408503753105403007e+02,1.250000000000000000e-01,4.000000000000000000e+00,4.576543129600000000e+10,2.901718335488000000e+12,1.090228271484375000e+01
3.018000000000000000e+03,5.640000000000000000e+02,1.882694266675247547e+02,5.555555555555555247e-02,1.220000000000000000e+02,6.462716928000000000e+09,4.743136870400000000e+11,2.938182950019836426e-01
1.796000000000000000e+03,7.980000000000000000e+02,7.943406768156441444e+01,1.764705882352941291e-01,1.600000000000000000e+02,2.614074880000000000e+09,3.916269158400000000e+11,1.103178709745407104e-01
1.070000000000000000e+03,2.711000000000000000e+03,1.387570982020387476e+02,7.692307692307692735e-02,3.250000000000000000e+02,4.487570880000000000e+08,1.660798238720000000e+11,2.765476144850254059e-02
3.584000000000000000e+03,1.174000000000000000e+03,3.127097282225737374e+01,1.047565601757848297e-01,6.000000000000000000e+00,4.993640448000000000e+10,1.631447547904000000e+12,2.750630855560302734e+00
1.064000000000000000e+03,1.200000000000000000e+02,4.846596602916575591e+01,1.490711984999859852e-01,1.660000000000000000e+02,1.370045440000000000e+09,2.645352611840000000e+11,2.215686142444610596e-01
1.711000000000000000e+03,2.129000000000000000e+03,3.797960567887276966e+02,5.555555555555555247e-02,1.010000000000000000e+02,3.648659456000000000e+09,4.807784202240000000e+11,6.310544013977050781e-01
1.307000000000000000e+03,2.006000000000000000e+03,2.456721927686747620e+02,9.722034684781695468e-02,4.200000000000000000e+01,1.348992307200000000e+10,1.067025235968000000e+12,3.646400213241577148e+00
2.971000000000000000e+03,4.300000000000000000e+01,1.063666356160249791e+02,1.888525745775105347e-01,1.100000000000000000e+01,3.576540364800000000e+10,1.680807821312000000e+12,2.075748682022094727e+00
1.349000000000000000e+03,2.010000000000000000e+03,8.415741387156637643e+01,1.490711984999859852e-01,1.770000000000000000e+02,1.732036736000000000e+09,2.927439708160000000e+11,2.931735217571258545e-01
3.540000000000000000e+02,6.230000000000000000e+02,5.756114215285784752e+01,5.000000000000000278e-02,6.900000000000000000e+01,2.519118848000000000e+09,6.528198901760000000e+11,4.075180888175964355e-01
8.900000000000000000e+02,2.525000000000000000e+03,1.045046919253890110e+02,9.428090415820634951e-02,2.380000000000000000e+02,1.091454464000000000e+09,2.722975580160000000e+11,4.998725652694702148e-02
2.067000000000000000e+03,2.841000000000000000e+03,7.699714311845580141e+02,1.581138830084189706e-01,6.800000000000000000e+01,1.048354918400000000e+10,7.046033571840000000e+11,8.116820454597473145e-01
2.389000000000000000e+03,2.544000000000000000e+03,9.933761892033319896e+01,1.716929178792375721e-01,2.300000000000000000e+01,1.991361945600000000e+10,7.920974561280000000e+11,1.786077260971069336e+00
3.264000000000000000e+03,2.770000000000000000e+03,1.474196570223007257e+02,4.347826086956521618e-02,2.800000000000000000e+01,1.262479360000000000e+10,1.088863928320000000e+12,7.823085188865661621e-01
3.262000000000000000e+03,2.769000000000000000e+03,7.366884803921722380e+01,1.374903330507991073e-01,2.800000000000000000e+01,1.262479360000000000e+10,1.088863928320000000e+12,7.823085188865661621e-01
3.990000000000000000e+02,8.200000000000000000e+02,2.034132750603345841e+01,1.963383631246505001e-01,7.100000000000000000e+01,1.033783398400000000e+10,7.907896852480000000e+11,7.018927931785583496e-01
6.970000000000000000e+02,2.351000000000000000e+03,1.665349877634683367e+02,1.397542485937368628e-01,1.490000000000000000e+02,1.993837312000000000e+09,3.625633710080000000e+11,9.843109548091888428e-02
2.400000000000000000e+01,1.893000000000000000e+03,1.581782388888827882e+02,1.581138830084189706e-01,8.600000000000000000e+01,8.359140864000000000e+09,6.356979548160000000e+11,3.633834123611450195e-01
1.845000000000000000e+03,3.660000000000000000e+03,1.478454502602795344e+02,6.250000000000000000e-02,1.870000000000000000e+02,2.693199360000000000e+09,3.451426570240000000e+11,2.012060433626174927e-01
3.541000000000000000e+03,2.484000000000000000e+03,7.376804755729607166e+01,1.863389981249824745e-01,3.200000000000000000e+01,2.188575744000000000e+10,1.215032852480000000e+12,2.247135162353515625e+00
6.900000000000000000e+02,1.614000000000000000e+03,7.047424747762532604e+01,1.488645855129573925e-01,1.060000000000000000e+02,8.503719424000000000e+09,5.539100098560000000e+11,1.529115915298461914e+00
2.879000000000000000e+03,1.360000000000000000e+02,2.368655454757762016e+02,7.142857142857142461e-02,2.490000000000000000e+02,9.528133760000000000e+08,2.377785835520000000e+11,1.267889738082885742e-01
1.609000000000000000e+03,2.959000000000000000e+03,1.630143105992383141e+02,1.285648693066450132e-01,5.400000000000000000e+01,1.041408819200000000e+10,8.919000023040000000e+11,2.400319814682006836e+00
2.396000000000000000e+03,2.543000000000000000e+03,6.454578690080603565e+01,1.963383631246505001e-01,2.300000000000000000e+01,1.991361945600000000e+10,7.920974561280000000e+11,1.786077260971069336e+00
3.539000000000000000e+03,2.648000000000000000e+03,3.333098153946712472e+01,1.863389981249824745e-01,3.440000000000000000e+02,7.274041600000000000e+08,1.387446599680000000e+11,1.718518696725368500e-02
1.393000000000000000e+03,2.580000000000000000e+03,3.879458940104042597e+01,1.397542485937368628e-01,1.890000000000000000e+02,1.658296320000000000e+09,3.660822609920000000e+11,5.479530692100524902e-01
1.978000000000000000e+03,1.509000000000000000e+03,8.732297916016665340e+01,1.764705882352941291e-01,1.500000000000000000e+02,2.156276224000000000e+09,3.887007006720000000e+11,2.612947225570678711e-01
3.079000000000000000e+03,3.260000000000000000e+03,1.699755571804294618e+02,1.397542485937368628e-01,1.340000000000000000e+02,7.659243520000000000e+08,3.657010708480000000e+11,2.813197076320648193e-01
1.799000000000000000e+03,7.960000000000000000e+02,8.492264498052196586e+01,1.176470588235294101e-01,1.600000000000000000e+02,2.614074880000000000e+09,3.916269158400000000e+11,1.103178709745407104e-01
1.169000000000000000e+03,2.430000000000000000e+02,5.713196745180201219e+01,1.756820922315766309e-01,1.330000000000000000e+02,3.402823424000000000e+09,4.583243120640000000e+11,4.153676033020019531e-01
2.974000000000000000e+03,4.700000000000000000e+01,9.458651742655823114e+01,1.335389361282958987e-01,1.100000000000000000e+01,3.576540364800000000e+10,1.680807821312000000e+12,2.075748682022094727e+00
2.338000000000000000e+03,2.446000000000000000e+03,1.032725983422527776e+02,8.944271909999158832e-02,1.600000000000000000e+01,3.099138048000000000e+10,1.294922940416000000e+12,4.591097354888916016e+00
2.724000000000000000e+03,2.472000000000000000e+03,1.018685719510653485e+02,1.818181818181818232e-01,5.300000000000000000e+01,1.131311718400000000e+10,9.541244682240000000e+11,1.090019583702087402e+00
2.172000000000000000e+03,1.150000000000000000e+02,1.879467505829138076e+02,1.178511301977579334e-01,4.000000000000000000e+01,2.409143500800000000e+10,1.124034150400000000e+12,1.411813020706176758e+00
2.545000000000000000e+03,4.330000000000000000e+02,8.879098700902301289e+01,1.538461538461538547e-01,2.720000000000000000e+02,4.101821120000000000e+08,1.716130283520000000e+11,2.681593038141727448e-02
1.780000000000000000e+02,2.692000000000000000e+03,1.912476346656399926e+02,8.318903308077030267e-02,1.190000000000000000e+02,2.209803520000000000e+09,4.380837478400000000e+11,6.837707161903381348e-01
1.268000000000000000e+03,1.806000000000000000e+03,7.865906707819814869e+01,1.317615691736824801e-01,3.600000000000000000e+01,1.450358067200000000e+10,1.097609969664000000e+12,1.465617537498474121e+00
2.086000000000000000e+03,3.077000000000000000e+03,7.182786856994687241e+01,1.315334104411640948e-01,1.570000000000000000e+02,3.798783232000000000e+09,3.840699924480000000e+11,9.788149595260620117e-01
1.487000000000000000e+03,1.420000000000000000e+03,2.852751602348186566e+02,1.897658566033678385e-01,1.050000000000000000e+02,1.297780121600000000e+10,5.435112488960000000e+11,6.052412390708923340e-01
2.205000000000000000e+03,3.082000000000000000e+03,8.973585324068368152e+01,1.666666666666666574e-01,3.390000000000000000e+02,7.090938240000000000e+08,1.408466124800000000e+11,1.572182215750217438e-02
3.641000000000000000e+03,3.128000000000000000e+03,6.123739168184040693e+01,1.860163329510811370e-01,1.280000000000000000e+02,3.839666176000000000e+09,4.332187156480000000e+11,1.764668971300125122e-01
2.514000000000000000e+03,1.016000000000000000e+03,6.009661886440046175e+01,1.821078397711708707e-01,1.900000000000000000e+01,3.211539865600000000e+10,1.839924903936000000e+12,4.858803153038024902e-01
8.520000000000000000e+02,2.069000000000000000e+03,7.232342512175232230e+01,8.695652173913043237e-02,5.600000000000000000e+01,2.377781452800000000e+10,1.003706777600000000e+12,2.094316333532333374e-01
3.101000000000000000e+03,3.360000000000000000e+02,1.085492877240908314e+02,1.664356663246515655e-01,1.140000000000000000e+02,2.197843456000000000e+09,5.375084789760000000e+11,3.056838810443878174e-01
1.798000000000000000e+03,8.000000000000000000e+02,7.878862481634217829e+01,1.315334104411640948e-01,1.600000000000000000e+02,2.614074880000000000e+09,3.916269158400000000e+11,1.103178709745407104e-01
3.080000000000000000e+03,1.075000000000000000e+03,3.904099171194514639e+01,1.863389981249824745e-01,2.860000000000000000e+02,4.380639680000000000e+08,1.405465559040000000e+11,8.471606671810150146e-02
1.773000000000000000e+03,1.610000000000000000e+03,1.496336279382504415e+02,1.176470588235294101e-01,1.380000000000000000e+02,2.455658496000000000e+09,4.106929438720000000e+11,1.264987438917160034e-01
1.264000000000000000e+03,3.931000000000000000e+03,4.766536290675757215e+01,1.961161351381840168e-01,2.700000000000000000e+01,4.451796172800000000e+10,1.408662896640000000e+12,3.526160120964050293e-01
2.725000000000000000e+03,1.568000000000000000e+03,7.359800924654817322e+01,1.490711984999859852e-01,1.850000000000000000e+02,5.017332224000000000e+09,3.059564871680000000e+11,8.744556903839111328e-01
2.293000000000000000e+03,1.185000000000000000e+03,7.113539318941865019e+01,1.538461538461538547e-01,2.740000000000000000e+02,5.024897280000000000e+08,1.785749667840000000e+11,4.372858628630638123e-02
3.587000000000000000e+03,1.178000000000000000e+03,8.313976288603988962e+01,8.281733249999222168e-02,6.000000000000000000e+00,4.993640448000000000e+10,1.631447547904000000e+12,2.750630855560302734e+00
2.727000000000000000e+03,1.566000000000000000e+03,7.486252533191026259e+01,2.000000000000000111e-01,1.850000000000000000e+02,5.017332224000000000e+09,3.059564871680000000e+11,8.744556903839111328e-01
1.949000000000000000e+03,3.911000000000000000e+03,9.762772444669474226e+01,1.490711984999859852e-01,1.860000000000000000e+02,9.393569920000000000e+08,2.994678333440000000e+11,8.796782791614532471e-02
6.550000000000000000e+02,3.901000000000000000e+03,6.404827908387979107e+01,1.597191412499849861e-01,1.880000000000000000e+02,6.476391680000000000e+08,2.439948533760000000e+11,3.397938311100006104e-01
3.809000000000000000e+03,2.193000000000000000e+03,5.470371550298550289e+01,1.807015805810502640e-01,5.000000000000000000e+00,6.303399526400000000e+10,3.637388771328000000e+12,2.569424629211425781e+00
2.069000000000000000e+03,2.841000000000000000e+03,8.619445082592078506e+02,7.071067811865475172e-02,6.800000000000000000e+01,1.048354918400000000e+10,7.046033571840000000e+11,8.116820454597473145e-01
3.685000000000000000e+03,2.874000000000000000e+03,7.005303342317476734e+01,2.000000000000000111e-01,3.300000000000000000e+01,2.596919091200000000e+10,1.392400793600000000e+12,4.729880765080451965e-02
3.102000000000000000e+03,3.410000000000000000e+02,4.520500930208699231e+01,1.052631578947368363e-01,1.140000000000000000e+02,2.197843456000000000e+09,5.375084789760000000e+11,3.056838810443878174e-01
1.660000000000000000e+03,1.085000000000000000e+03,2.949918096449500382e+01,1.767766952966368932e-01,1.750000000000000000e+02,1.725437440000000000e+09,3.437754777600000000e+11,2.619169652462005615e-01
5.820000000000000000e+02,8.170000000000000000e+02,7.993929501915616243e+01,1.490711984999859852e-01,2.180000000000000000e+02,8.583511040000000000e+08,2.650792919040000000e+11,1.668343096971511841e-01
3.447000000000000000e+03,2.858000000000000000e+03,1.507048026849455482e+02,1.897658566033678385e-01,6.600000000000000000e+01,5.837941760000000000e+09,6.081861386240000000e+11,1.099951863288879395e+00
1.835000000000000000e+03,8.830000000000000000e+02,3.443278614485699762e+01,1.010152544552210818e-01,2.400000000000000000e+02,5.599216000000000000e+08,2.475048796160000000e+11,1.206644847989082336e-01
7.570000000000000000e+02,4.520000000000000000e+02,9.088979324166629681e+01,1.178511301977579334e-01,3.170000000000000000e+02,3.282048640000000000e+08,1.483971133440000000e+11,3.319354727864265442e-02
3.093000000000000000e+03,3.615000000000000000e+03,7.930555942101977962e+01,1.597191412499849861e-01,1.800000000000000000e+01,4.353104691200000000e+10,1.882279772160000000e+12,3.471975401043891907e-02
3.441000000000000000e+03,5.120000000000000000e+02,3.927240077577550181e+01,1.664356663246515655e-01,5.900000000000000000e+01,4.818864128000000000e+09,5.752418467840000000e+11,5.228825211524963379e-01
3.520000000000000000e+02,2.161000000000000000e+03,4.742079807441228922e+01,1.860163329510811370e-01,1.000000000000000000e+00,8.831377408000000000e+10,3.447775821824000000e+12,4.181708395481109619e-01
3.292000000000000000e+03,1.549000000000000000e+03,2.186969750577750347e+02,1.176877882894626220e-01,9.000000000000000000e+01,1.092595200000000000e+10,6.076843950080000000e+11,6.028710603713989258e-01
3.450000000000000000e+03,2.861000000000000000e+03,5.134220396689715926e+02,5.263157894736841813e-02,6.600000000000000000e+01,5.837941760000000000e+09,6.081861386240000000e+11,1.099951863288879395e+00
1.195000000000000000e+03,1.705000000000000000e+03,1.036292093098026612e+02,1.315334104411640948e-01,1.180000000000000000e+02,4.714155008000000000e+09,4.329807544320000000e+11,7.848110198974609375e-01
3.095000000000000000e+03,1.072000000000000000e+03,8.322465201327374018e+01,1.944406936956339094e-01,4.700000000000000000e+01,2.149117542400000000e+10,1.025539571712000000e+12,2.488818407058715820e+00
2.327000000000000000e+03,1.637000000000000000e+03,9.311404380099476441e+01,9.428090415820634951e-02,1.370000000000000000e+02,9.244498560000000000e+08,2.924000378880000000e+11,2.638534903526306152e-01
4.550000000000000000e+02,1.720000000000000000e+03,2.797308933743645198e+01,1.285648693066450132e-01,3.530000000000000000e+02,3.341959680000000000e+08,1.146389626880000000e+11,0.000000000000000000e+00
2.770000000000000000e+02,3.806000000000000000e+03,5.014792760465240207e+01,1.538461538461538547e-01,2.470000000000000000e+02,4.202672320000000000e+08,1.736723005440000000e+11,8.762682229280471802e-02
3.101000000000000000e+03,3.400000000000000000e+02,1.083136167416348172e+02,7.443229275647869625e-02,1.140000000000000000e+02,2.197843456000000000e+09,5.375084789760000000e+11,3.056838810443878174e-01
2.508000000000000000e+03,1.865000000000000000e+03,7.784937295330514928e+01,5.882352941176470507e-02,1.420000000000000000e+02,5.136879616000000000e+09,4.324141629440000000e+11,2.311038821935653687e-01
2.572000000000000000e+03,8.410000000000000000e+02,4.259215224623548579e+01,1.788854381999831766e-01,3.500000000000000000e+01,2.461768089600000000e+10,1.257411051520000000e+12,0.000000000000000000e+00
3.977000000000000000e+03,2.589000000000000000e+03,4.433370138176111368e+02,1.176470588235294101e-01,1.640000000000000000e+02,2.869155584000000000e+09,3.821064683520000000e+11,7.292455434799194336e-01
2.246000000000000000e+03,3.790000000000000000e+03,3.818553669272343853e+01,1.874138920735300140e-01,5.500000000000000000e+01,1.614189875200000000e+10,9.459097272320000000e+11,4.489732086658477783e-01
3.856000000000000000e+03,1.351000000000000000e+03,1.012089204889776681e+02,1.274754878398196012e-01,0.000000000000000000e+00,7.301141299200000000e+10,5.371525595136000000e+12,3.230303525924682617e-01
3.587000000000000000e+03,1.179000000000000000e+03,6.747363987775356975e+01,1.171213948210510919e-01,6.000000000000000000e+00,4.993640448000000000e+10,1.631447547904000000e+12,2.750630855560302734e+00
3.550000000000000000e+02,2.168000000000000000e+03,5.838466253899986214e+01,1.714985851425088470e-01,1.000000000000000000e+00,8.831377408000000000e+10,3.447775821824000000e+12,4.181708395481109619e-01
2.940000000000000000e+02,1.204000000000000000e+03,7.049443652045108877e+01,1.010152544552210818e-01,2.590000000000000000e+02,7.924589440000000000e+08,2.086176358400000000e+11,1.401886492967605591e-01
3.430000000000000000e+02,1.473000000000000000e+03,5.511900120371742418e+01,1.421760560557814024e-01,1.700000000000000000e+01,5.264295936000000000e+10,2.150357925888000000e+12,1.609793305397033691e-01
7.230000000000000000e+02,2.779000000000000000e+03,6.550245296862697160e+02,8.944271909999158832e-02,2.900000000000000000e+01,1.928219033600000000e+10,1.265615634432000000e+12,2.214435577392578125e+00
3.090000000000000000e+03,3.610000000000000000e+03,1.233371888944446511e+02,1.129384878631564115e-01,1.800000000000000000e+01,4.353104691200000000e+10,1.882279772160000000e+12,3.471975401043891907e-02
3.223000000000000000e+03,2.252000000000000000e+03,1.455416385839217241e+02,1.176877882894626220e-01,9.400000000000000000e+01,5.039864832000000000e+09,6.060616581120000000e+11,6.635777950286865234e-01
9.210000000000000000e+02,4.640000000000000000e+02,1.409627259707760345e+02,1.923076923076923184e-01,9.000000000000000000e+00,2.194928844800000000e+10,1.422013628416000000e+12,3.583382368087768555e+00
1.142000000000000000e+03,3.894000000000000000e+03,8.767961040316984622e+01,1.054092553389459896e-01,8.000000000000000000e+00,3.991272652800000000e+10,2.224507322368000000e+12,9.772834777832031250e-01
2.089000000000000000e+03,2.810000000000000000e+03,3.397315005539662280e+01,1.863389981249824745e-01,3.410000000000000000e+02,6.574589440000000000e+08,1.499270348800000000e+11,1.997702196240425110e-02
1.848000000000000000e+03,3.659000000000000000e+03,6.953279009405572708e+01,1.875000000000000000e-01,1.870000000000000000e+02,2.693199360000000000e+09,3.451426570240000000e+11,2.012060433626174927e-01
2.826000000000000000e+03,2.445000000000000000e+03,2.669393563107415162e+02,6.250000000000000000e-02,1.530000000000000000e+02,3.823034624000000000e+09,3.764229242880000000e+11,2.990027666091918945e-01
4.090000000000000000e+02,3.220000000000000000e+03,1.071555934706017297e+02,7.142857142857142461e-02,2.560000000000000000e+02,4.778569280000000000e+08,2.355664158720000000e+11,1.097523197531700134e-01
2.466000000000000000e+03,2.291000000000000000e+03,8.326417059423997102e+01,6.250000000000000000e-02,1.740000000000000000e+02,2.748058880000000000e+09,3.761774592000000000e+11,2.325160354375839233e-01
8.360000000000000000e+02,4.420000000000000000e+02,4.954057693525503936e+01,1.802775637731994507e-01,7.700000000000000000e+01,9.925042176000000000e+09,7.026825625600000000e+11,1.432763218879699707e+00
2.248000000000000000e+03,3.785000000000000000e+03,7.847587899151233160e+01,1.437398936440172637e-01,5.500000000000000000e+01,1.614189875200000000e+10,9.459097272320000000e+11,4.489732086658477783e-01
5.770000000000000000e+02,8.160000000000000000e+02,1.093693060831332815e+02,2.000000000000000111e-01,2.180000000000000000e+02,8.583511040000000000e+08,2.650792919040000000e+11,1.668343096971511841e-01
1.752000000000000000e+03,2.637000000000000000e+03,1.453866076612068525e+02,7.443229275647869625e-02,1.100000000000000000e+02,5.270673408000000000e+09,5.406609571840000000e+11,2.526594698429107666e-01
3.658000000000000000e+03,4.580000000000000000e+02,2.031646214623622484e+02,1.064794274999899953e-01,7.500000000000000000e+01,9.171800064000000000e+09,7.418361282560000000e+11,1.302706003189086914e+00
2.248000000000000000e+03,3.789000000000000000e+03,3.930530973065784650e+01,1.928473039599674921e-01,5.500000000000000000e+01,1.614189875200000000e+10,9.459097272320000000e+11,4.489732086658477783e-01
3.810000000000000000e+03,2.195000000000000000e+03,5.657290577936938547e+01,1.829464067837956731e-01,5.000000000000000000e+00,6.303399526400000000e+10,3.637388771328000000e+12,2.569424629211425781e+00
2.720000000000000000e+02,2.830000000000000000e+02,8.090892757009281411e+01,1.597191412499849861e-01,2.270000000000000000e+02,6.140675200000000000e+08,2.543858974720000000e+11,4.976339638233184814e-01
2.514000000000000000e+03,4.310000000000000000e+02,8.589207379523280395e+01,1.860163329510811370e-01,1.310000000000000000e+02,2.237285376000000000e+09,4.049037557760000000e+11,2.605060040950775146e-01
2.502000000000000000e+03,2.619000000000000000e+03,1.371547347325023622e+02,1.538461538461538547e-01,2.200000000000000000e+02,8.441690240000000000e+08,1.855676416000000000e+11,9.814136475324630737e-02
2.213000000000000000e+03,3.702000000000000000e+03,2.611614288839903111e+02,6.250000000000000000e-02,1.200000000000000000e+02,1.413297024000000000e+09,3.281207623680000000e+11,2.572538256645202637e-01
1.076000000000000000e+03,9.340000000000000000e+02,5.146940570390501790e+01,1.976423537605237202e-01,1.920000000000000000e+02,3.406970880000000000e+09,3.373494763520000000e+11,3.758299946784973145e-01
6.170000000000000000e+02,3.758000000000000000e+03,1.881592148901222572e+02,1.631784879661263288e-01,2.400000000000000000e+01,4.572494233600000000e+10,1.500802318336000000e+12,4.620099544525146484e+00
9.240000000000000000e+02,4.800000000000000000e+01,5.562137998453992083e+01,1.966404328853304795e-01,2.000000000000000000e+00,4.836097638400000000e+10,5.956759453696000000e+12,4.612917602062225342e-01
3.443000000000000000e+03,5.090000000000000000e+02,1.025284920895702356e+02,5.263157894736841813e-02,5.900000000000000000e+01,4.818864128000000000e+09,5.752418467840000000e+11,5.228825211524963379e-01
3.680000000000000000e+03,2.877000000000000000e+03,3.820822157713242007e+01,4.000000000000000083e-02,3.300000000000000000e+01,2.596919091200000000e+10,1.392400793600000000e+12,4.729880765080451965e-02
2.440000000000000000e+02,3.018000000000000000e+03,5.639871632055112372e+01,1.863389981249824745e-01,2.530000000000000000e+02,4.436043520000000000e+08,1.612296847360000000e+11,3.729216754436492920e-02
3.451000000000000000e+03,2.864000000000000000e+03,8.032085571855583339e+01,1.897658566033678385e-01,6.600000000000000000e+01,5.837941760000000000e+09,6.081861386240000000e+11,1.099951863288879395e+00
3.203000000000000000e+03,2.998000000000000000e+03,2.570111444536496492e+02,6.250000000000000000e-02,1.820000000000000000e+02,2.496905216000000000e+09,3.449701007360000000e+11,1.933547407388687134e-01
2.724000000000000000e+03,2.466000000000000000e+03,1.417273006438552443e+02,9.090909090909091161e-02,5.300000000000000000e+01,1.131311718400000000e+10,9.541244682240000000e+11,1.090019583702087402e+00
1.996000000000000000e+03,2.500000000000000000e+01,8.807697352565918436e+01,1.720052290384453675e-01,2.770000000000000000e+02,5.164774080000000000e+08,1.762560573440000000e+11,8.273551613092422485e-02
2.480000000000000000e+02,2.926000000000000000e+03,4.986874124035219324e+01,1.764705882352941291e-01,1.790000000000000000e+02,4.286263552000000000e+09,3.801942917120000000e+11,2.970622479915618896e-01
1.054000000000000000e+03,6.670000000000000000e+02,3.699834837596510795e+01,1.597191412499849861e-01,2.760000000000000000e+02,2.121027584000000000e+09,2.094952775680000000e+11,4.893848598003387451e-01
2.405000000000000000e+03,1.311000000000000000e+03,4.391245953389660883e+01,1.335389361282958987e-01,2.100000000000000000e+01,3.967555993600000000e+10,1.669329846272000000e+12,7.246407270431518555e-01
3.412000000000000000e+03,2.155000000000000000e+03,3.193621735658105010e+01,8.333333333333332871e-02,3.050000000000000000e+02,4.195468480000000000e+08,1.337553879040000000e+11,3.559986129403114319e-02
3.620000000000000000e+02,2.159000000000000000e+03,5.307923617189445764e+01,1.663780661615406053e-01,1.000000000000000000e+00,8.831377408000000000e+10,3.447775821824000000e+12,4.181708395481109619e-01
3.776000000000000000e+03,1.958000000000000000e+03,5.833023277653488492e+01,1.490711984999859852e-01,2.120000000000000000e+02,7.961107840000000000e+08,2.616089149440000000e+11,1.231193840503692627e-01
6.990000000000000000e+02,9.310000000000000000e+02,1.718263911728993492e+02,9.428090415820634951e-02,1.960000000000000000e+02,2.349766656000000000e+09,3.092211630080000000e+11,1.835588216781616211e-01
2.000000000000000000e+03,2.500000000000000000e+01,3.655378304392007038e+01,1.720052290384453675e-01,2.770000000000000000e+02,5.164774080000000000e+08,1.762560573440000000e+11,8.273551613092422485e-02
3.856000000000000000e+03,1.356000000000000000e+03,1.168099014985558739e+02,2.500000000000000139e-02,0.000000000000000000e+00,7.301141299200000000e+10,5.371525595136000000e+12,3.230303525924682617e-01
6.960000000000000000e+02,2.348000000000000000e+03,9.759585667549609411e+01,1.397542485937368628e-01,1.490000000000000000e+02,1.993837312000000000e+09,3.625633710080000000e+11,9.843109548091888428e-02
2.160000000000000000e+03,1.546000000000000000e+03,4.482389689345232568e+02,6.250000000000000000e-02,1.690000000000000000e+02,3.334616320000000000e+09,3.723537285120000000e+11,9.473653435707092285e-01
3.148000000000000000e+03,1.830000000000000000e+02,6.742322074717610292e+01,1.428571428571428492e-01,2.550000000000000000e+02,1.040948736000000000e+09,2.294191390720000000e+11,1.502451896667480469e-01
3.541000000000000000e+03,2.477000000000000000e+03,7.170349929790768329e+01,1.502313031443328895e-01,3.200000000000000000e+01,2.188575744000000000e+10,1.215032852480000000e+12,2.247135162353515625e+00
3.442000000000000000e+03,5.070000000000000000e+02,3.628336962405321060e+02,1.052631578947368363e-01,5.900000000000000000e+01,4.818864128000000000e+09,5.752418467840000000e+11,5.228825211524963379e-01
1.173000000000000000e+03,2.470000000000000000e+02,2.929825010107301964e+01,1.756820922315766309e-01,1.330000000000000000e+02,3.402823424000000000e+09,4.583243120640000000e+11,4.153676033020019531e-01
1.376000000000000000e+03,1.987000000000000000e+03,6.694686962215681092e+01,1.414213562373095034e-01,3.560000000000000000e+02,1.240972416000000000e+09,7.389713203200000000e+10,6.522073876112699509e-03
2.771000000000000000e+03,3.270000000000000000e+02,4.812454880170345461e+01,1.976423537605237202e-01,1.760000000000000000e+02,1.897518080000000000e+09,3.672120360960000000e+11,2.138888686895370483e-01
1.755000000000000000e+03,2.640000000000000000e+03,7.094764674621204392e+01,1.488645855129573925e-01,1.100000000000000000e+02,5.270673408000000000e+09,5.406609571840000000e+11,2.526594698429107666e-01
2.088000000000000000e+03,3.898000000000000000e+03,4.138762888196831113e+01,1.666666666666666574e-01,3.330000000000000000e+02,6.931243520000000000e+08,1.523700858880000000e+11,1.314230114221572876e-01
3.109000000000000000e+03,3.658000000000000000e+03,1.075423866821237198e+02,1.428571428571428492e-01,2.250000000000000000e+02,9.303131520000000000e+08,2.084795514880000000e+11,9.833247214555740356e-02
3.795000000000000000e+03,3.383000000000000000e+03,5.259308654946788408e+01,1.904761904761904656e-01,6.300000000000000000e+01,9.890160640000000000e+09,7.694368112640000000e+11,7.079712152481079102e-01
1.606000000000000000e+03,2.126000000000000000e+03,1.788834500590741641e+02,6.734350297014739251e-02,6.700000000000000000e+01,2.263678566400000000e+10,7.642853539840000000e+11,1.249879002571105957e+00
3.370000000000000000e+02,1.467000000000000000e+03,1.515234108741793939e+01,1.856953381770518607e-01,1.700000000000000000e+01,5.264295936000000000e+10,2.150357925888000000e+12,1.609793305397033691e-01
5.400000000000000000e+02,2.458000000000000000e+03,3.118674842778315792e+02,5.882352941176470507e-02,1.250000000000000000e+02,2.171653120000000000e+09,3.972780195840000000e+11,5.276274681091308594e-01
7.650000000000000000e+02,1.556000000000000000e+03,8.445027688825895495e+01,1.490711984999859852e-01,2.160000000000000000e+02,1.974329472000000000e+09,2.626538045440000000e+11,2.617572844028472900e-01
3.583000000000000000e+03,1.172000000000000000e+03,2.573207264172228292e+01,1.851851851851851749e-01,6.000000000000000000e+00,4.993640448000000000e+10,1.631447547904000000e+12,2.750630855560302734e+00
1.415000000000000000e+03,1.422000000000000000e+03,8.967272540996133046e+01,8.318903308077030267e-02,1.520000000000000000e+02,4.673288192000000000e+09,3.888040181760000000e+11,1.391681879758834839e-01
3.692000000000000000e+03,1.590000000000000000e+02,1.333096271672995101e+02,1.581138830084189706e-01,8.400000000000000000e+01,9.303531520000000000e+09,6.815071600640000000e+11,3.154100179672241211e-01
1.315000000000000000e+03,1.717000000000000000e+03,8.522478148165052403e+01,1.242259987499883256e-01,9.500000000000000000e+01,1.568210534400000000e+10,5.062445301760000000e+11,2.863983809947967529e-01
3.089000000000000000e+03,1.077000000000000000e+03,7.617133237435299975e+01,1.792654619833765339e-01,4.700000000000000000e+01,2.149117542400000000e+10,1.025539571712000000e+12,2.488818407058715820e+00
4.140000000000000000e+02,1.367000000000000000e+03,4.745210226174309298e+01,4.159451654038515134e-02,3.000000000000000000e+00,6.902842163200000000e+10,3.272609628160000000e+12,7.570462226867675781e-01
8.780000000000000000e+02,1.448000000000000000e+03,8.891026614687558549e+01,1.490711984999859852e-01,1.680000000000000000e+02,8.116872320000000000e+08,3.029185986560000000e+11,2.076815217733383179e-01
1.168000000000000000e+03,2.460000000000000000e+02,7.702482042439130794e+01,1.111111111111111049e-01,1.330000000000000000e+02,3.402823424000000000e+09,4.583243120640000000e+11,4.153676033020019531e-01
3.558000000000000000e+03,1.403000000000000000e+03,9.091448664589923112e+01,1.767766952966368932e-01,1.730000000000000000e+02,2.307132928000000000e+09,3.346703646720000000e+11,1.729831695556640625e-01
3.015000000000000000e+03,5.630000000000000000e+02,9.195674890805419466e+01,1.242259987499883256e-01,1.220000000000000000e+02,6.462716928000000000e+09,4.743136870400000000e+11,2.938182950019836426e-01
1.173000000000000000e+03,1.006000000000000000e+03,1.221054000715177494e+02,1.285648693066450132e-01,3.380000000000000000e+02,5.003360640000000000e+08,1.124691230720000000e+11,7.298628240823745728e-02
2.040000000000000000e+02,3.700000000000000000e+02,7.498485867059983434e+01,1.860163329510811370e-01,1.650000000000000000e+02,2.563304704000000000e+09,4.133531811840000000e+11,7.525227665901184082e-01
3.370000000000000000e+02,1.474000000000000000e+03,1.424838159312068520e+01,9.753196981883414940e-02,1.700000000000000000e+01,5.264295936000000000e+10,2.150357925888000000e+12,1.609793305397033691e-01
2.884000000000000000e+03,3.523000000000000000e+03,7.351669600763104029e+01,1.216260638526299870e-01,2.500000000000000000e+01,2.538148249600000000e+10,1.442943729664000000e+12,1.294092535972595215e-01
2.086000000000000000e+03,2.809000000000000000e+03,5.723670723648946534e+01,1.863389981249824745e-01,3.410000000000000000e+02,6.574589440000000000e+08,1.499270348800000000e+11,1.997702196240425110e-02
3.543000000000000000e+03,2.476000000000000000e+03,4.660553616259250020e+01,1.666666666666666574e-01,3.200000000000000000e+01,2.188575744000000000e+10,1.215032852480000000e+12,2.247135162353515625e+00
5.260000000000000000e+02,1.736000000000000000e+03,9.937332970343902616e+01,1.802775637731994507e-01,8.500000000000000000e+01,1.334152294400000000e+10,6.413754040320000000e+11,2.690244674682617188e+00
2.578000000000000000e+03,8.420000000000000000e+02,3.213043913360795756e+01,1.442220510185595606e-01,3.500000000000000000e+01,2.461768089600000000e+10,1.257411051520000000e+12,0.000000000000000000e+00
2.780000000000000000e+03,3.284000000000000000e+03,1.068716425865102480e+02,6.734350297014739251e-02,6.200000000000000000e+01,1.213782118400000000e+10,7.476529725440000000e+11,1.117016077041625977e+00
4.170000000000000000e+02,1.367000000000000000e+03,4.873306526433484009e+01,1.212678125181664845e-01,3.000000000000000000e+00,6.902842163200000000e+10,3.272609628160000000e+12,7.570462226867675781e-01
9.290000000000000000e+02,6.100000000000000000e+01,4.921547366615308761e+01,1.904938945343086221e-01,2.000000000000000000e+00,4.836097638400000000e+10,5.956759453696000000e+12,4.612917602062225342e-01
3.545000000000000000e+03,2.481000000000000000e+03,1.319438283351262839e+02,9.316949906249123725e-02,3.200000000000000000e+01,2.188575744000000000e+10,1.215032852480000000e+12,2.247135162353515625e+00
2.396000000000000000e+03,9.190000000000000000e+02,5.011976917673018050e+01,9.428090415820634951e-02,2.040000000000000000e+02,2.069250304000000000e+09,3.103355699200000000e+11,2.170622348785400391e-01
3.275000000000000000e+03,3.296000000000000000e+03,9.039552843663834665e+02,8.838834764831844659e-02,4.000000000000000000e+00,4.576543129600000000e+10,2.901718335488000000e+12,1.090228271484375000e+01
2.979000000000000000e+03,4.000000000000000000e+01,9.647686276136435879e+01,1.851851851851851749e-01,1.100000000000000000e+01,3.576540364800000000e+10,1.680807821312000000e+12,2.075748682022094727e+00
1.765000000000000000e+03,4.750000000000000000e+02,1.313296025504108968e+02,1.333333333333333315e-01,1.840000000000000000e+02,3.484838912000000000e+09,2.917514936320000000e+11,1.206553459167480469e+00
3.553000000000000000e+03,3.414000000000000000e+03,9.020848034619153566e+01,1.756820922315766309e-01,1.360000000000000000e+02,5.107780096000000000e+09,4.809077555200000000e+11,6.091393232345581055e-01
1.827000000000000000e+03,1.939000000000000000e+03,4.765771680195573623e+01,1.663780661615406053e-01,1.560000000000000000e+02,1.740929792000000000e+09,4.219179827200000000e+11,6.084308028221130371e-01
9.280000000000000000e+02,5.800000000000000000e+01,5.377393305051369765e+01,1.313454831008415424e-01,2.000000000000000000e+00,4.836097638400000000e+10,5.956759453696000000e+12,4.612917602062225342e-01
3.786000000000000000e+03,2.084000000000000000e+03,1.594214633221897088e+02,1.118033988749894958e-01,3.700000000000000000e+01,6.925903872000000000e+09,6.656544604160000000e+11,6.811499595642089844e-01
1.390000000000000000e+03,2.580000000000000000e+03,8.969928127130008022e+01,1.767766952966368932e-01,1.890000000000000000e+02,1.658296320000000000e+09,3.660822609920000000e+11,5.479530692100524902e-01
3.375000000000000000e+03,2.546000000000000000e+03,5.275524323431890394e+01,1.720052290384453675e-01,2.810000000000000000e+02,3.892101440000000000e+08,1.901225082880000000e+11,2.060008794069290161e-02
2.226000000000000000e+03,3.057000000000000000e+03,5.301684362800016714e+01,1.374903330507991073e-01,1.200000000000000000e+01,3.063368704000000000e+10,1.071789244416000000e+12,1.678610682487487793e+00
8.540000000000000000e+02,2.067000000000000000e+03,1.065642439386110993e+02,8.695652173913043237e-02,5.600000000000000000e+01,2.377781452800000000e+10,1.003706777600000000e+12,2.094316333532333374e-01
2.404000000000000000e+03,1.313000000000000000e+03,6.112800752266709026e+01,1.888525745775105347e-01,2.100000000000000000e+01,3.967555993600000000e+10,1.669329846272000000e+12,7.246407270431518555e-01
3.144000000000000000e+03,2.906000000000000000e+03,7.232902272543699951e+01,9.090909090909091161e-02,2.610000000000000000e+02,5.887129600000000000e+08,1.202718965760000000e+11,1.132023856043815613e-01
1.939000000000000000e+03,3.872000000000000000e+03,3.243260259926228173e+01,9.722034684781695468e-02,5.200000000000000000e+01,3.828430028800000000e+10,1.034564075520000000e+12,0.000000000000000000e+00
1.949000000000000000e+03,1.570000000000000000e+03,5.753047782709507629e+01,1.397542485937368628e-01,1.670000000000000000e+02,3.063771904000000000e+09,3.769188679680000000e+11,6.263079047203063965e-01
2.390000000000000000e+03,2.543000000000000000e+03,1.850235817647317731e+02,1.064794274999899953e-01,2.300000000000000000e+01,1.991361945600000000e+10,7.920974561280000000e+11,1.786077260971069336e+00
3.264000000000000000e+03,2.772000000000000000e+03,6.710619868386729081e+01,9.722034684781695468e-02,2.800000000000000000e+01,1.262479360000000000e+10,1.088863928320000000e+12,7.823085188865661621e-01
9.250000000000000000e+02,5.000000000000000000e+01,5.097481594927699433e+01,1.542574468374819374e-01,2.000000000000000000e+00,4.836097638400000000e+10,5.956759453696000000e+12,4.612917602062225342e-01
1.789000000000000000e+03,6.970000000000000000e+02,1.145504108793830653e+02,1.664356663246515655e-01,9.600000000000000000e+01,7.474629632000000000e+09,5.915148943360000000e+11,2.710782289505004883e-01
3.202000000000000000e+03,3.000000000000000000e+03,1.129655753136786132e+02,1.767766952966368932e-01,1.820000000000000000e+02,2.496905216000000000e+09,3.449701007360000000e+11,1.933547407388687134e-01
3.390000000000000000e+03,3.861000000000000000e+03,7.321128552694719360e+01,1.010152544552210818e-01,2.300000000000000000e+02,1.801585536000000000e+09,2.514149212160000000e+11,2.484616637229919434e-01
2.640000000000000000e+03,3.079000000000000000e+03,9.378100568518819102e+01,1.111111111111111049e-01,1.500000000000000000e+01,3.527756185600000000e+10,1.735473496064000000e+12,1.871760040521621704e-01
3.617000000000000000e+03,3.966000000000000000e+03,1.323167769380121115e+02,1.374903330507991073e-01,4.400000000000000000e+01,1.617178419200000000e+10,1.029702746112000000e+12,1.566848874092102051e+00
2.251000000000000000e+03,1.116000000000000000e+03,5.742496288361615342e+01,8.000000000000000167e-02,3.800000000000000000e+01,2.731669299200000000e+10,1.339208237056000000e+12,0.000000000000000000e+00
3.690000000000000000e+02,3.310000000000000000e+03,2.885217809456854638e+02,1.176877882894626220e-01,4.600000000000000000e+01,1.400953139200000000e+10,6.190456504320000000e+11,1.350523829460144043e+00
1.829000000000000000e+03,1.938000000000000000e+03,5.655670467767749443e+01,5.882352941176470507e-02,1.560000000000000000e+02,1.740929792000000000e+09,4.219179827200000000e+11,6.084308028221130371e-01
3.978000000000000000e+03,2.088000000000000000e+03,3.647683171113741452e+01,1.897658566033678385e-01,7.600000000000000000e+01,6.012193792000000000e+09,5.932355420160000000e+11,2.364895343780517578e-01
1.709000000000000000e+03,2.132000000000000000e+03,1.492549259160083466e+02,1.756820922315766309e-01,1.010000000000000000e+02,3.648659456000000000e+09,4.807784202240000000e+11,6.310544013977050781e-01
3.540000000000000000e+02,2.161000000000000000e+03,5.399172178248348786e+01,1.315334104411640948e-01,1.000000000000000000e+00,8.831377408000000000e+10,3.447775821824000000e+12,4.181708395481109619e-01
2.940000000000000000e+02,2.468000000000000000e+03,6.236934666520833304e+01,1.538461538461538547e-01,2.000000000000000000e+02,8.640007680000000000e+08,2.070236200960000000e+11,9.774547070264816284e-02
2.844000000000000000e+03,3.411000000000000000e+03,1.006473366164957497e+02,1.087856586440842377e-01,2.900000000000000000e+02,9.821194240000000000e+08,2.017713684480000000e+11,1.762540489435195923e-01
1.365000000000000000e+03,1.377000000000000000e+03,5.263424041611487780e+01,2.000000000000000111e-01,3.500000000000000000e+02,4.407639680000000000e+08,9.170168217600000000e+10,1.644791476428508759e-02
1.942000000000000000e+03,3.874000000000000000e+03,1.740105540674150575e+01,6.148754619013457184e-02,5.200000000000000000e+01,3.828430028800000000e+10,1.034564075520000000e+12,0.000000000000000000e+00
2.167000000000000000e+03,2.611000000000000000e+03,2.552160911531185832e+02,1.229750923802691437e-01,4.800000000000000000e+01,2.004998963200000000e+10,9.887308840960000000e+11,1.277428388595581055e+00
6.120000000000000000e+02,9.240000000000000000e+02,3.604629008801297374e+01,5.000000000000000278e-02,9.900000000000000000e+01,1.845776793600000000e+10,6.941362094080000000e+11,0.000000000000000000e+00
3.710000000000000000e+02,3.315000000000000000e+03,4.894775300365778747e+01,1.664356663246515655e-01,4.600000000000000000e+01,1.400953139200000000e+10,6.190456504320000000e+11,1.350523829460144043e+00
7.100000000000000000e+01,3.753000000000000000e+03,3.606286692736391331e+01,1.860163329510811370e-01,1.540000000000000000e+02,3.961576704000000000e+09,4.022394880000000000e+11,4.600262939929962158e-01
3.821000000000000000e+03,1.657000000000000000e+03,4.701466078090577128e+01,1.087856586440842377e-01,2.010000000000000000e+02,5.403896960000000000e+08,1.908479918080000000e+11,1.492742747068405151e-01
2.987000000000000000e+03,2.210000000000000000e+03,4.443599212413338506e+01,7.142857142857142461e-02,2.650000000000000000e+02,4.435137280000000000e+08,2.085157928960000000e+11,8.321103453636169434e-02
2.950000000000000000e+02,1.205000000000000000e+03,3.630729709936073135e+01,1.428571428571428492e-01,2.590000000000000000e+02,7.924589440000000000e+08,2.086176358400000000e+11,1.401886492967605591e-01
3.105000000000000000e+03,3.400000000000000000e+02,6.513795639166288254e+01,1.664356663246515655e-01,1.140000000000000000e+02,2.197843456000000000e+09,5.375084789760000000e+11,3.056838810443878174e-01
2.225000000000000000e+03,3.060000000000000000e+03,8.894940926733893605e+01,1.229750923802691437e-01,1.200000000000000000e+01,3.063368704000000000e+10,1.071789244416000000e+12,1.678610682487487793e+00
2.760000000000000000e+03,1.425000000000000000e+03,8.479860758092011963e+01,1.178511301977579334e-01,3.140000000000000000e+02,3.868203520000000000e+08,1.621755658240000000e+11,4.999541863799095154e-02
3.148000000000000000e+03,1.870000000000000000e+02,3.613276364446600297e+01,1.428571428571428492e-01,2.550000000000000000e+02,1.040948736000000000e+09,2.294191390720000000e+11,1.502451896667480469e-01
3.880000000000000000e+03,1.993000000000000000e+03,2.281677010128386485e+02,4.761904761904761640e-02,6.500000000000000000e+01,1.248056729600000000e+10,7.399516405760000000e+11,2.149243831634521484e+00
2.513000000000000000e+03,4.300000000000000000e+02,6.656176091059546707e+01,1.663780661615406053e-01,1.310000000000000000e+02,2.237285376000000000e+09,4.049037557760000000e+11,2.605060040950775146e-01
1.314000000000000000e+03,1.715000000000000000e+03,8.135276195718843439e+01,1.756820922315766309e-01,9.500000000000000000e+01,1.568210534400000000e+10,5.062445301760000000e+11,2.863983809947967529e-01
2.471000000000000000e+03,3.119000000000000000e+03,1.049398183831349201e+02,1.542115846551579128e-01,7.000000000000000000e+00,4.260092313600000000e+10,2.118265864192000000e+12,1.421061873435974121e+00
1.259000000000000000e+03,3.929000000000000000e+03,3.954647314246238921e+01,1.923076923076923184e-01,2.700000000000000000e+01,4.451796172800000000e+10,1.408662896640000000e+12,3.526160120964050293e-01
6.960000000000000000e+02,2.351000000000000000e+03,1.830893439950193624e+02,1.767766952966368932e-01,1.490000000000000000e+02,1.993837312000000000e+09,3.625633710080000000e+11,9.843109548091888428e-02
2.087000000000000000e+03,3.896000000000000000e+03,5.917044581239126444e+01,1.863389981249824745e-01,3.330000000000000000e+02,6.931243520000000000e+08,1.523700858880000000e+11,1.314230114221572876e-01
3.095000000000000000e+03,1.080000000000000000e+03,4.607211398491796217e+01,1.944406936956339094e-01,4.700000000000000000e+01,2.149117542400000000e+10,1.025539571712000000e+12,2.488818407058715820e+00
3.079000000000000000e+03,3.265000000000000000e+03,3.636841884074760856e+01,1.976423537605237202e-01,1.340000000000000000e+02,7.659243520000000000e+08,3.657010708480000000e+11,2.813197076320648193e-01
2.691000000000000000e+03,3.214000000000000000e+03,1.766319151865688184e+02,1.010152544552210818e-01,2.140000000000000000e+02,2.025763840000000000e+09,2.481892065280000000e+11,3.800879716873168945e-01
6.080000000000000000e+02,2.588000000000000000e+03,5.761584346440478299e+01,1.567630989332169100e-01,4.100000000000000000e+01,3.039488614400000000e+10,1.064241790976000000e+12,7.708724141120910645e-01
2.560000000000000000e+03,3.103000000000000000e+03,5.822929998777262028e+01,1.875000000000000000e-01,1.830000000000000000e+02,1.435199104000000000e+09,3.311490170880000000e+11,1.839263886213302612e-01
3.816000000000000000e+03,2.186000000000000000e+03,1.027408931185525773e+02,1.456862718169366910e-01,5.000000000000000000e+00,6.303399526400000000e+10,3.637388771328000000e+12,2.569424629211425781e+00
1.843000000000000000e+03,3.660000000000000000e+03,1.323758514416458354e+02,1.397542485937368628e-01,1.870000000000000000e+02,2.693199360000000000e+09,3.451426570240000000e+11,2.012060433626174927e-01
3.984000000000000000e+03,1.737000000000000000e+03,8.924813078117023224e+01,1.428571428571428492e-01,2.640000000000000000e+02,7.200593920000000000e+08,2.115586129920000000e+11,1.228637471795082092e-01
2.206000000000000000e+03,3.084000000000000000e+03,8.879679806443598977e+01,1.863389981249824745e-01,3.390000000000000000e+02,7.090938240000000000e+08,1.408466124800000000e+11,1.572182215750217438e-02
1.247000000000000000e+03,1.353000000000000000e+03,6.512729699596284227e+00,1.767766952966368932e-01,3.600000000000000000e+02,5.049757760000000000e+08,4.579411968000000000e+10,0.000000000000000000e+00
1.953000000000000000e+03,1.569000000000000000e+03,1.139864289990011486e+02,1.976423537605237202e-01,1.670000000000000000e+02,3.063771904000000000e+09,3.769188679680000000e+11,6.263079047203063965e-01
1.680000000000000000e+02,2.145000000000000000e+03,1.451995761536716145e+02,7.692307692307692735e-02,2.930000000000000000e+02,9.289077760000000000e+08,1.737262530560000000e+11,1.096618697047233582e-01
1.273000000000000000e+03,1.806000000000000000e+03,5.845753923301079169e+01,9.316949906249123725e-02,3.600000000000000000e+01,1.450358067200000000e+10,1.097609969664000000e+12,1.465617537498474121e+00
7.100000000000000000e+01,3.757000000000000000e+03,1.098383982495529807e+02,8.318903308077030267e-02,1.540000000000000000e+02,3.961576704000000000e+09,4.022394880000000000e+11,4.600262939929962158e-01
3.630000000000000000e+02,3.092000000000000000e+03,3.182759969809887579e+01,1.863389981249824745e-01,3.360000000000000000e+02,4.760226560000000000e+08,1.574415237120000000e+11,3.742261976003646851e-02
3.224000000000000000e+03,2.256000000000000000e+03,1.303907531337639512e+02,1.488645855129573925e-01,9.400000000000000000e+01,5.039864832000000000e+09,6.060616581120000000e+11,6.635777950286865234e-01
7.250000000000000000e+02,2.774000000000000000e+03,1.652410481469578656e+02,1.600000000000000033e-01,2.900000000000000000e+01,1.928219033600000000e+10,1.265615634432000000e+12,2.214435577392578125e+00
2.501000000000000000e+03,7.380000000000000000e+02,1.235536420826872757e+02,2.000000000000000111e-01,1.040000000000000000e+02,1.506699520000000000e+09,3.044843192320000000e+11,2.345273643732070923e-01
4.360000000000000000e+02,2.732000000000000000e+03,6.484248585451830138e+01,9.523809523809523281e-02,6.000000000000000000e+01,9.892344832000000000e+09,7.822726266880000000e+11,1.314265251159667969e+00
2.146000000000000000e+03,3.740000000000000000e+02,6.104398659642819069e+01,1.010152544552210818e-01,2.730000000000000000e+02,8.624572160000000000e+08,2.291342704640000000e+11,1.538608521223068237e-01
6.980000000000000000e+02,2.351000000000000000e+03,7.020993302010151638e+01,1.250000000000000000e-01,1.490000000000000000e+02,1.993837312000000000e+09,3.625633710080000000e+11,9.843109548091888428e-02
2.404000000000000000e+03,1.308000000000000000e+03,1.327472300959445022e+02,3.703703703703703498e-02,2.100000000000000000e+01,3.967555993600000000e+10,1.669329846272000000e+12,7.246407270431518555e-01
3.797000000000000000e+03,3.377000000000000000e+03,9.276075710850956568e+01,1.346870059402947850e-01,6.300000000000000000e+01,9.890160640000000000e+09,7.694368112640000000e+11,7.079712152481079102e-01
1.602000000000000000e+03,2.129000000000000000e+03,1.232027770450924606e+02,1.716929178792375721e-01,6.700000000000000000e+01,2.263678566400000000e+10,7.642853539840000000e+11,1.249879002571105957e+00
3.878000000000000000e+03,1.995000000000000000e+03,8.207971368018145597e+01,1.064794274999899953e-01,6.500000000000000000e+01,1.248056729600000000e+10,7.399516405760000000e+11,2.149243831634521484e+00
2.573000000000000000e+03,8.390000000000000000e+02,5.857479667035327253e+01,1.199999999999999956e-01,3.500000000000000000e+01,2.461768089600000000e+10,1.257411051520000000e+12,0.000000000000000000e+00
2.823000000000000000e+03,2.443000000000000000e+03,1.191745961131722424e+02,1.976423537605237202e-01,1.530000000000000000e+02,3.823034624000000000e+09,3.764229242880000000e+11,2.990027666091918945e-01
1.763000000000000000e+03,4.780000000000000000e+02,4.622013075019873440e+01,2.000000000000000111e-01,1.840000000000000000e+02,3.484838912000000000e+09,2.917514936320000000e+11,1.206553459167480469e+00
3.082000000000000000e+03,1.572000000000000000e+03,3.791374704375215288e+01,1.720052290384453675e-01,3.150000000000000000e+02,5.846113920000000000e+08,1.710546124800000000e+11,3.108717687427997589e-02
3.851000000000000000e+03,1.357000000000000000e+03,1.720203404779008167e+02,1.030776406404415174e-01,0.000000000000000000e+00,7.301141299200000000e+10,5.371525595136000000e+12,3.230303525924682617e-01
1.567000000000000000e+03,2.414000000000000000e+03,2.406626116409009057e+02,1.716929178792375721e-01,7.000000000000000000e+01,3.691625984000000000e+09,7.435327242240000000e+11,9.238203763961791992e-01
1.059000000000000000e+03,1.210000000000000000e+02,3.455126153322495952e+01,2.000000000000000111e-01,1.660000000000000000e+02,1.370045440000000000e+09,2.645352611840000000e+11,2.215686142444610596e-01
3.094000000000000000e+03,3.612000000000000000e+03,6.906166525155016700e+01,1.821078397711708707e-01,1.800000000000000000e+01,4.353104691200000000e+10,1.882279772160000000e+12,3.471975401043891907e-02
4.930000000000000000e+02,8.280000000000000000e+02,2.745353873073703426e+02,1.346870059402947850e-01,4.900000000000000000e+01,7.905716224000000000e+09,7.715926179840000000e+11,2.006682634353637695e+00
3.775000000000000000e+03,1.259000000000000000e+03,1.394287923697025064e+02,1.928473039599674921e-01,6.100000000000000000e+01,1.627101593600000000e+10,8.702694522880000000e+11,3.920187950134277344e+00
3.197000000000000000e+03,1.263000000000000000e+03,8.255267747192090155e+01,1.720052290384453675e-01,3.020000000000000000e+02,3.371077120000000000e+08,1.820433285120000000e+11,5.045249313116073608e-02
1.653000000000000000e+03,3.694000000000000000e+03,5.527922056534699635e+01,1.664356663246515655e-01,9.700000000000000000e+01,2.464083968000000000e+09,5.523820380160000000e+11,3.607912957668304443e-01
3.515000000000000000e+03,2.193000000000000000e+03,2.242715646110129768e+01,1.875000000000000000e-01,1.900000000000000000e+02,2.307150592000000000e+09,3.480266670080000000e+11,2.627476155757904053e-01
7.180000000000000000e+02,8.790000000000000000e+02,3.364723377836548224e+01,1.666666666666666574e-01,3.220000000000000000e+02,3.776140160000000000e+08,1.603867115520000000e+11,2.872906066477298737e-02
3.857000000000000000e+03,2.232000000000000000e+03,4.412481852088480991e+02,0.000000000000000000e+00,3.300000000000000000e+02,3.352062080000000000e+08,1.694843043840000000e+11,1.855861395597457886e-02
3.393000000000000000e+03,2.935000000000000000e+03,4.018549282835054726e+01,1.716929178792375721e-01,7.400000000000000000e+01,1.621565542400000000e+10,7.788651479040000000e+11,5.994437336921691895e-01
1.490000000000000000e+03,2.862000000000000000e+03,8.368222672611787516e+01,1.428571428571428492e-01,2.100000000000000000e+02,6.465219840000000000e+08,2.291632046080000000e+11,9.430054575204849243e-02
2.418000000000000000e+03,2.664000000000000000e+03,9.261311794616325699e+01,5.882352941176470507e-02,1.480000000000000000e+02,1.149997056000000000e+09,4.166995148800000000e+11,1.336990147829055786e-01
3.388000000000000000e+03,3.863000000000000000e+03,7.272938837528757006e+01,1.010152544552210818e-01,2.300000000000000000e+02,1.801585536000000000e+09,2.514149212160000000e+11,2.484616637229919434e-01
1.490000000000000000e+03,1.687000000000000000e+03,3.278566240048168368e+01,1.863389981249824745e-01,3.110000000000000000e+02,7.309690240000000000e+08,1.309064232960000000e+11,7.439114153385162354e-02
3.222000000000000000e+03,2.257000000000000000e+03,7.196361605999123867e+01,1.578947368421052544e-01,9.400000000000000000e+01,5.039864832000000000e+09,6.060616581120000000e+11,6.635777950286865234e-01
1.708000000000000000e+03,2.128000000000000000e+03,1.009401768594672717e+02,1.242259987499883256e-01,1.010000000000000000e+02,3.648659456000000000e+09,4.807784202240000000e+11,6.310544013977050781e-01
3.196000000000000000e+03,1.264000000000000000e+03,6.442231681770410034e+01,7.692307692307692735e-02,3.020000000000000000e+02,3.371077120000000000e+08,1.820433285120000000e+11,5.045249313116073608e-02
1.349000000000000000e+03,2.009000000000000000e+03,9.781030963038445236e+01,9.428090415820634951e-02,1.770000000000000000e+02,1.732036736000000000e+09,2.927439708160000000e+11,2.931735217571258545e-01
2.974000000000000000e+03,4.600000000000000000e+01,1.202007283233712229e+02,1.047565601757848297e-01,1.100000000000000000e+01,3.576540364800000000e+10,1.680807821312000000e+12,2.075748682022094727e+00
3.453000000000000000e+03,1.418000000000000000e+03,1.184350370177434968e+02,5.555555555555555247e-02,1.240000000000000000e+02,4.137655552000000000e+09,4.729755729920000000e+11,5.137715339660644531e-01
2.970000000000000000e+02,2.466000000000000000e+03,6.511585816785444081e+01,1.720052290384453675e-01,2.000000000000000000e+02,8.640007680000000000e+08,2.070236200960000000e+11,9.774547070264816284e-02
8.520000000000000000e+02,2.067000000000000000e+03,7.690743767790253571e+01,1.229750923802691437e-01,5.600000000000000000e+01,2.377781452800000000e+10,1.003706777600000000e+12,2.094316333532333374e-01
2.063000000000000000e+03,3.995000000000000000e+03,9.761234221207696748e+01,1.538461538461538547e-01,1.780000000000000000e+02,3.707405120000000000e+08,1.698027438080000000e+11,1.132679879665374756e-01
2.504000000000000000e+03,1.865000000000000000e+03,1.497761701588430299e+02,1.764705882352941291e-01,1.420000000000000000e+02,5.136879616000000000e+09,4.324141629440000000e+11,2.311038821935653687e-01
1.830000000000000000e+03,1.937000000000000000e+03,1.349579759233843106e+02,5.882352941176470507e-02,1.560000000000000000e+02,1.740929792000000000e+09,4.219179827200000000e+11,6.084308028221130371e-01
2.060000000000000000e+02,3.720000000000000000e+02,2.322783705047058689e+01,1.860163329510811370e-01,1.650000000000000000e+02,2.563304704000000000e+09,4.133531811840000000e+11,7.525227665901184082e-01
2.247000000000000000e+03,3.786000000000000000e+03,1.074591022105494034e+02,9.090909090909091161e-02,5.500000000000000000e+01,1.614189875200000000e+10,9.459097272320000000e+11,4.489732086658477783e-01
2.511000000000000000e+03,1.575000000000000000e+03,9.128016155522146846e+02,9.090909090909091161e-02,4.300000000000000000e+01,1.761921638400000000e+10,9.155836641280000000e+11,3.939166545867919922e+00
3.699000000000000000e+03,2.552000000000000000e+03,8.507347246013925712e+01,9.428090415820634951e-02,1.980000000000000000e+02,1.618238080000000000e+09,3.098244218880000000e+11,1.910182833671569824e-01
3.978000000000000000e+03,2.592000000000000000e+03,4.440277595470107741e+01,8.318903308077030267e-02,1.640000000000000000e+02,2.869155584000000000e+09,3.821064683520000000e+11,7.292455434799194336e-01
1.692000000000000000e+03,1.995000000000000000e+03,3.989661816589754295e+01,1.863389981249824745e-01,3.160000000000000000e+02,3.948845120000000000e+08,1.476823613440000000e+11,5.348441191017627716e-03
4.160000000000000000e+02,1.363000000000000000e+03,3.776088111725763241e+01,1.247835496211554401e-01,3.000000000000000000e+00,6.902842163200000000e+10,3.272609628160000000e+12,7.570462226867675781e-01
1.414000000000000000e+03,1.424000000000000000e+03,7.942441194799049242e+01,1.764705882352941291e-01,1.520000000000000000e+02,4.673288192000000000e+09,3.888040181760000000e+11,1.391681879758834839e-01
3.657000000000000000e+03,4.590000000000000000e+02,8.540877891705184766e+01,1.716929178792375721e-01,7.500000000000000000e+01,9.171800064000000000e+09,7.418361282560000000e+11,1.302706003189086914e+00
8.890000000000000000e+02,2.526000000000000000e+03,8.097060459624871953e+01,1.333333333333333315e-01,2.380000000000000000e+02,1.091454464000000000e+09,2.722975580160000000e+11,4.998725652694702148e-02
3.042000000000000000e+03,3.387000000000000000e+03,3.445117087692704416e+01,1.944406936956339094e-01,5.100000000000000000e+01,2.175456870400000000e+10,9.791455232000000000e+11,0.000000000000000000e+00
2.888000000000000000e+03,3.528000000000000000e+03,1.201569939722096336e+02,1.386750490563072868e-01,2.500000000000000000e+01,2.538148249600000000e+10,1.442943729664000000e+12,1.294092535972595215e-01
3.157000000000000000e+03,2.941000000000000000e+03,5.488319674040809559e+01,1.720052290384453675e-01,2.980000000000000000e+02,3.785439360000000000e+08,1.740825067520000000e+11,8.881265670061111450e-02
7.000000000000000000e+02,2.349000000000000000e+03,7.533182612653824606e+01,1.250000000000000000e-01,1.490000000000000000e+02,1.993837312000000000e+09,3.625633710080000000e+11,9.843109548091888428e-02
3.638000000000000000e+03,3.132000000000000000e+03,7.093951315734777552e+01,1.764705882352941291e-01,1.280000000000000000e+02,3.839666176000000000e+09,4.332187156480000000e+11,1.764668971300125122e-01
1.420000000000000000e+02,3.248000000000000000e+03,2.946158828966848660e+02,1.087856586440842377e-01,2.600000000000000000e+01,1.438108057600000000e+10,1.427807535104000000e+12,3.526270389556884766e+00
3.104000000000000000e+03,1.259000000000000000e+03,3.384366886241564316e+02,9.523809523809523281e-02,7.300000000000000000e+01,6.995432448000000000e+09,7.722072145920000000e+11,6.042641401290893555e-01
3.077000000000000000e+03,8.730000000000000000e+02,4.332524810695694129e+01,1.397542485937368628e-01,1.700000000000000000e+02,1.429099264000000000e+09,3.279949987840000000e+11,7.364984601736068726e-02
1.070000000000000000e+03,9.330000000000000000e+02,1.343564297196745372e+02,1.875000000000000000e-01,1.920000000000000000e+02,3.406970880000000000e+09,3.373494763520000000e+11,3.758299946784973145e-01
1.482000000000000000e+03,1.135000000000000000e+03,4.628974194926966845e+01,8.333333333333332871e-02,3.400000000000000000e+02,3.824646400000000000e+08,1.395550945280000000e+11,5.934963002800941467e-02
3.677000000000000000e+03,2.874000000000000000e+03,2.195890376776293706e+01,2.000000000000000111e-01,3.300000000000000000e+01,2.596919091200000000e+10,1.392400793600000000e+12,4.729880765080451965e-02
2.996000000000000000e+03,3.221000000000000000e+03,3.282161117727022059e+01,2.000000000000000111e-01,3.510000000000000000e+02,3.834950080000000000e+08,9.035782553600000000e+10,3.453246131539344788e-02
3.168000000000000000e+03,2.677000000000000000e+03,3.477637381210695935e+02,9.428090415820634951e-02,2.540000000000000000e+02,9.485489280000000000e+08,2.663671562240000000e+11,1.101500093936920166e-01
2.396000000000000000e+03,9.160000000000000000e+02,1.878318510007386237e+02,1.490711984999859852e-01,2.040000000000000000e+02,2.069250304000000000e+09,3.103355699200000000e+11,2.170622348785400391e-01
2.085000000000000000e+03,3.900000000000000000e+03,4.442343826599856271e+01,1.863389981249824745e-01,3.330000000000000000e+02,6.931243520000000000e+08,1.523700858880000000e+11,1.314230114221572876e-01
3.496000000000000000e+03,3.191000000000000000e+03,9.422708311644633739e+01,1.499999999999999944e-01,7.200000000000000000e+01,1.264045465600000000e+10,6.807097835520000000e+11,5.790898799896240234e-01
8.380000000000000000e+02,4.360000000000000000e+02,2.874433960786644775e+02,1.499999999999999944e-01,7.700000000000000000e+01,9.925042176000000000e+09,7.026825625600000000e+11,1.432763218879699707e+00
1.715000000000000000e+03,1.656000000000000000e+03,5.250231414063355828e+01,1.928473039599674921e-01,1.300000000000000000e+01,1.214220800000000000e+10,8.739340288000000000e+11,1.179914355278015137e+00
3.684000000000000000e+03,2.881000000000000000e+03,2.076036845904071981e+01,2.000000000000000111e-01,3.300000000000000000e+01,2.596919091200000000e+10,1.392400793600000000e+12,4.729880765080451965e-02
3.263000000000000000e+03,2.772000000000000000e+03,6.455121831137861932e+01,1.229750923802691437e-01,2.800000000000000000e+01,1.262479360000000000e+10,1.088863928320000000e+12,7.823085188865661621e-01
2.258000000000000000e+03,5.930000000000000000e+02,8.247078022559230703e+01,1.538461538461538547e-01,3.040000000000000000e+02,3.876726720000000000e+08,1.808310599680000000e+11,3.964058309793472290e-02
1.709000000000000000e+03,2.128000000000000000e+03,9.461257534874744124e+02,7.856742013183862228e-02,1.010000000000000000e+02,3.648659456000000000e+09,4.807784202240000000e+11,6.310544013977050781e-01
2.391000000000000000e+03,2.539000000000000000e+03,1.931954454025489269e+02,1.505846504842085487e-01,2.300000000000000000e+01,1.991361945600000000e+10,7.920974561280000000e+11,1.786077260971069336e+00
3.979000000000000000e+03,2.422000000000000000e+03,2.102088816772605284e+01,1.863389981249824745e-01,4.500000000000000000e+01,2.933959884800000000e+10,1.161086107648000000e+12,0.000000000000000000e+00
2.780000000000000000e+03,3.280000000000000000e+03,8.154491373315396174e+01,1.505846504842085487e-01,6.200000000000000000e+01,1.213782118400000000e+10,7.476529725440000000e+11,1.117016077041625977e+00
3.444000000000000000e+03,5.070000000000000000e+02,6.084382945221925354e+01,1.488645855129573925e-01,5.900000000000000000e+01,4.818864128000000000e+09,5.752418467840000000e+11,5.228825211524963379e-01
3.974000000000000000e+03,2.091000000000000000e+03,1.508547591629974818e+02,1.052631578947368363e-01,7.600000000000000000e+01,6.012193792000000000e+09,5.932355420160000000e+11,2.364895343780517578e-01
3.040000000000000000e+03,3.393000000000000000e+03,2.553315418235757761e+01,1.944406936956339094e-01,5.100000000000000000e+01,2.175456870400000000e+10,9.791455232000000000e+11,0.000000000000000000e+00
2.012000000000000000e+03,3.987000000000000000e+03,2.004441855249911839e+02,4.545454545454545581e-02,5.800000000000000000e+01,1.764974796800000000e+10,9.503931760640000000e+11,1.640438556671142578e+00
2.255000000000000000e+03,1.344000000000000000e+03,9.766148943795316484e+01,1.414213562373095034e-01,8.100000000000000000e+01,8.068609536000000000e+09,7.168793640960000000e+11,7.845193743705749512e-01
1.301000000000000000e+03,2.007000000000000000e+03,2.305673954382965860e+02,1.944406936956339094e-01,4.200000000000000000e+01,1.348992307200000000e+10,1.067025235968000000e+12,3.646400213241577148e+00
3.881000000000000000e+03,1.995000000000000000e+03,3.997592731327879534e+01,1.346870059402947850e-01,6.500000000000000000e+01,1.248056729600000000e+10,7.399516405760000000e+11,2.149243831634521484e+00
3.855000000000000000e+03,1.355000000000000000e+03,1.313258083716095257e+02,2.500000000000000139e-02,0.000000000000000000e+00,7.301141299200000000e+10,5.371525595136000000e+12,3.230303525924682617e-01
3.940000000000000000e+02,8.150000000000000000e+02,4.527133581913999905e+01,1.963383631246505001e-01,7.100000000000000000e+01,1.033783398400000000e+10,7.907896852480000000e+11,7.018927931785583496e-01
3.693000000000000000e+03,1.560000000000000000e+02,5.440707925676033483e+02,1.000000000000000056e-01,8.400000000000000000e+01,9.303531520000000000e+09,6.815071600640000000e+11,3.154100179672241211e-01
1.390000000000000000e+02,3.248000000000000000e+03,3.282378150650420139e+02,8.600261451922268374e-02,2.600000000000000000e+01,1.438108057600000000e+10,1.427807535104000000e+12,3.526270389556884766e+00
3.976000000000000000e+03,2.419000000000000000e+03,3.063890465883730130e+01,5.892556509887896671e-02,4.500000000000000000e+01,2.933959884800000000e+10,1.161086107648000000e+12,0.000000000000000000e+00
2.465000000000000000e+03,2.293000000000000000e+03,5.721100662028911898e+01,1.767766952966368932e-01,1.740000000000000000e+02,2.748058880000000000e+09,3.761774592000000000e+11,2.325160354375839233e-01
1.938000000000000000e+03,3.870000000000000000e+03,6.305167804014928379e+01,1.844626385704036808e-01,5.200000000000000000e+01,3.828430028800000000e+10,1.034564075520000000e+12,0.000000000000000000e+00
2.613000000000000000e+03,8.900000000000000000e+02,8.396322727874617442e+01,8.333333333333332871e-02,3.430000000000000000e+02,4.670362560000000000e+08,1.352379514880000000e+11,9.790216572582721710e-03
2.609000000000000000e+03,3.996000000000000000e+03,7.499699572084766430e+01,1.571348402636772168e-01,2.200000000000000000e+01,4.871026278400000000e+10,1.682183815168000000e+12,0.000000000000000000e+00
2.162000000000000000e+03,2.611000000000000000e+03,2.150252427365295773e+02,1.567630989332169100e-01,4.800000000000000000e+01,2.004998963200000000e+10,9.887308840960000000e+11,1.277428388595581055e+00
2.180000000000000000e+02,9.000000000000000000e+02,1.785199189246256068e+01,1.720052290384453675e-01,3.100000000000000000e+02,4.837222720000000000e+08,1.678692352000000000e+11,1.754781417548656464e-02
9.230000000000000000e+02,6.100000000000000000e+01,9.619121232086857276e+01,1.219512195121951192e-01,2.000000000000000000e+00,4.836097638400000000e+10,5.956759453696000000e+12,4.612917602062225342e-01
7.110000000000000000e+02,1.545000000000000000e+03,1.032227579730491271e+02,1.000000000000000056e-01,3.540000000000000000e+02,5.872789760000000000e+08,8.170256793600000000e+10,5.139613151550292969e-02
3.974000000000000000e+03,2.419000000000000000e+03,2.963200096862501098e+01,1.317615691736824801e-01,4.500000000000000000e+01,2.933959884800000000e+10,1.161086107648000000e+12,0.000000000000000000e+00
3.780000000000000000e+03,1.960000000000000000e+03,4.049930884597284830e+01,1.490711984999859852e-01,2.120000000000000000e+02,7.961107840000000000e+08,2.616089149440000000e+11,1.231193840503692627e-01
2.449000000000000000e+03,1.598000000000000000e+03,8.029760875395599840e+01,1.428571428571428492e-01,2.290000000000000000e+02,1.433138432000000000e+09,2.458848624640000000e+11,1.181099116802215576e-01
3.798000000000000000e+03,3.381000000000000000e+03,5.945823359038231359e+01,1.716929178792375721e-01,6.300000000000000000e+01,9.890160640000000000e+09,7.694368112640000000e+11,7.079712152481079102e-01
1.765000000000000000e+03,1.272000000000000000e+03,5.772474372416343869e+01,1.764705882352941291e-01,1.320000000000000000e+02,4.678830592000000000e+09,4.214285598720000000e+11,3.574668765068054199e-01
9.250000000000000000e+02,5.500000000000000000e+01,9.701702450472122052e+01,5.453824335365341225e-02,2.000000000000000000e+00,4.836097638400000000e+10,5.956759453696000000e+12,4.612917602062225342e-01
1.807000000000000000e+03,1.916000000000000000e+03,6.655896275179057398e+01,1.428571428571428492e-01,2.800000000000000000e+02,1.017443840000000000e+09,2.190259322880000000e+11,1.025063097476959229e-01
2.798000000000000000e+03,2.540000000000000000e+02,6.429789200370669278e+01,9.090909090909091161e-02,3.490000000000000000e+02,7.084465280000000000e+08,1.148177530880000000e+11,4.367232322692871094e-02
2.777000000000000000e+03,3.286000000000000000e+03,6.216343361935272327e+01,1.716929178792375721e-01,6.200000000000000000e+01,1.213782118400000000e+10,7.476529725440000000e+11,1.117016077041625977e+00
3.610000000000000000e+03,2.262000000000000000e+03,3.548467429005716554e+02,1.087856586440842377e-01,8.000000000000000000e+01,1.710721536000000000e+09,1.731962306560000000e+11,3.160461187362670898e-01
2.762000000000000000e+03,1.427000000000000000e+03,4.492195998665857104e+01,1.178511301977579334e-01,3.140000000000000000e+02,3.868203520000000000e+08,1.621755658240000000e+11,4.999541863799095154e-02
3.600000000000000000e+02,3.091000000000000000e+03,3.681209503869625621e+01,1.863389981249824745e-01,3.360000000000000000e+02,4.760226560000000000e+08,1.574415237120000000e+11,3.742261976003646851e-02
3.809000000000000000e+03,2.194000000000000000e+03,5.650410434653297642e+01,1.916629694999819888e-01,5.000000000000000000e+00,6.303399526400000000e+10,3.637388771328000000e+12,2.569424629211425781e+00
3.510000000000000000e+02,3.398000000000000000e+03,4.863440966391090825e+01,1.176877882894626220e-01,1.110000000000000000e+02,5.865623040000000000e+09,5.513145876480000000e+11,2.487920820713043213e-01
2.484000000000000000e+03,2.513000000000000000e+03,3.432652770309359624e+01,1.756820922315766309e-01,1.020000000000000000e+02,5.462126592000000000e+09,5.022053498880000000e+11,4.640202224254608154e-01
3.980000000000000000e+02,8.180000000000000000e+02,1.453145142692926015e+02,9.523809523809523281e-02,7.100000000000000000e+01,1.033783398400000000e+10,7.907896852480000000e+11,7.018927931785583496e-01
5.580000000000000000e+02,2.111000000000000000e+03,3.730531910432163158e+02,1.578947368421052544e-01,9.200000000000000000e+01,8.088771072000000000e+09,5.596324823040000000e+11,7.699264287948608398e-01
9.450000000000000000e+02,3.723000000000000000e+03,2.269784774976337189e+02,5.263157894736841813e-02,8.700000000000000000e+01,7.962043904000000000e+09,6.099624919040000000e+11,7.106984853744506836e-01
6.230000000000000000e+02,3.765000000000000000e+03,1.127103144009778504e+02,1.923076923076923184e-01,2.400000000000000000e+01,4.572494233600000000e+10,1.500802318336000000e+12,4.620099544525146484e+00
1.312000000000000000e+03,1.398000000000000000e+03,6.792570678549294882e+01,1.414213562373095034e-01,3.400000000000000000e+01,1.266510643200000000e+10,7.028321812480000000e+11,3.640272617340087891e-01
4.110000000000000000e+02,3.221000000000000000e+03,5.491469198684771413e+01,1.010152544552210818e-01,2.560000000000000000e+02,4.778569280000000000e+08,2.355664158720000000e+11,1.097523197531700134e-01
7.000000000000000000e+00,2.885000000000000000e+03,7.517716813557437661e+01,0.000000000000000000e+00,2.500000000000000000e+02,8.211125120000000000e+08,2.586923663360000000e+11,1.097938567399978638e-01
4.890000000000000000e+02,8.280000000000000000e+02,2.288337700025468848e+02,1.346870059402947850e-01,4.900000000000000000e+01,7.905716224000000000e+09,7.715926179840000000e+11,2.006682634353637695e+00
2.044000000000000000e+03,3.779000000000000000e+03,1.587007869238665592e+02,1.720052290384453675e-01,2.790000000000000000e+02,1.571220736000000000e+09,1.889293598720000000e+11,2.064283639192581177e-01
1.071000000000000000e+03,3.190000000000000000e+02,1.374320076284457173e+02,6.666666666666666574e-02,2.330000000000000000e+02,6.209496320000000000e+08,2.893950812160000000e+11,1.476807296276092529e-01
3.637000000000000000e+03,3.130000000000000000e+03,9.695540294922751912e+01,8.318903308077030267e-02,1.280000000000000000e+02,3.839666176000000000e+09,4.332187156480000000e+11,1.764668971300125122e-01
2.336000000000000000e+03,2.441000000000000000e+03,1.724614273062674670e+02,1.600000000000000033e-01,1.600000000000000000e+01,3.099138048000000000e+10,1.294922940416000000e+12,4.591097354888916016e+00
2.880000000000000000e+03,1.350000000000000000e+02,5.400358594482974013e+02,7.142857142857142461e-02,2.490000000000000000e+02,9.528133760000000000e+08,2.377785835520000000e+11,1.267889738082885742e-01
1.818000000000000000e+03,1.057000000000000000e+03,7.351073964833595653e+01,1.176877882894626220e-01,1.080000000000000000e+02,3.472463104000000000e+09,6.062234009600000000e+11,1.079535961151123047e+00
2.843000000000000000e+03,5.360000000000000000e+02,6.900063876343965319e+01,1.875000000000000000e-01,1.460000000000000000e+02,2.242444032000000000e+09,3.406583234560000000e+11,1.633618921041488647e-01
2.611000000000000000e+03,1.000000000000000000e+00,1.275023832888408748e+02,8.314876680460168978e-02,2.200000000000000000e+01,4.871026278400000000e+10,1.682183815168000000e+12,0.000000000000000000e+00
6.950000000000000000e+02,2.350000000000000000e+03,8.384355074364080451e+01,1.976423537605237202e-01,1.490000000000000000e+02,1.993837312000000000e+09,3.625633710080000000e+11,9.843109548091888428e-02
3.798000000000000000e+03,2.649000000000000000e+03,5.900410069865462503e+01,1.597191412499849861e-01,2.320000000000000000e+02,1.347878528000000000e+09,2.471929282560000000e+11,1.529861688613891602e-01
1.315000000000000000e+03,1.718000000000000000e+03,6.923619779222470072e+01,1.571348402636772446e-01,9.500000000000000000e+01,1.568210534400000000e+10,5.062445301760000000e+11,2.863983809947967529e-01
1.975000000000000000e+03,1.505000000000000000e+03,1.901438142799800630e+02,1.860163329510811370e-01,1.500000000000000000e+02,2.156276224000000000e+09,3.887007006720000000e+11,2.612947225570678711e-01
2.451000000000000000e+03,1.597000000000000000e+03,1.046672704738926853e+02,1.597191412499849861e-01,2.290000000000000000e+02,1.433138432000000000e+09,2.458848624640000000e+11,1.181099116802215576e-01
1.407000000000000000e+03,1.435000000000000000e+03,9.924326687932970970e+01,1.720052290384453675e-01,3.060000000000000000e+02,3.563017920000000000e+08,1.718765486080000000e+11,4.105625301599502563e-02
8.910000000000000000e+02,2.525000000000000000e+03,8.581608954282721413e+01,1.490711984999859852e-01,2.380000000000000000e+02,1.091454464000000000e+09,2.722975580160000000e+11,4.998725652694702148e-02
3.077000000000000000e+03,3.261000000000000000e+03,1.570957296757362656e+02,1.976423537605237202e-01,1.340000000000000000e+02,7.659243520000000000e+08,3.657010708480000000e+11,2.813197076320648193e-01
7.520000000000000000e+02,2.819000000000000000e+03,6.433567449488674583e+01,1.597191412499849861e-01,2.780000000000000000e+02,1.045625408000000000e+09,2.224233349120000000e+11,9.319210797548294067e-02
6.590000000000000000e+02,1.736000000000000000e+03,5.867118796141747907e+02,0.000000000000000000e+00,3.000000000000000000e+01,1.417263513600000000e+10,6.153933946880000000e+11,9.578550457954406738e-01
4.840000000000000000e+02,1.813000000000000000e+03,2.073974964966557621e+01,1.863389981249824745e-01,1.400000000000000000e+01,2.384566476800000000e+10,1.169877762048000000e+12,1.326438903808593750e+00
2.518000000000000000e+03,1.015000000000000000e+03,2.823972561638476009e+02,3.571428571428571230e-02,1.900000000000000000e+01,3.211539865600000000e+10,1.839924903936000000e+12,4.858803153038024902e-01
1.873000000000000000e+03,1.486000000000000000e+03,6.908944721172497339e+01,1.010152544552210818e-01,2.690000000000000000e+02,1.238931328000000000e+09,2.126970224640000000e+11,2.752779722213745117e-01
2.518000000000000000e+03,1.016000000000000000e+03,2.080291456549336715e+02,5.050762722761054091e-02,1.900000000000000000e+01,3.211539865600000000e+10,1.839924903936000000e+12,4.858803153038024902e-01
2.012000000000000000e+03,3.990000000000000000e+03,3.457948407718643580e+01,1.437398936440172637e-01,5.800000000000000000e+01,1.764974796800000000e+10,9.503931760640000000e+11,1.640438556671142578e+00
7.160000000000000000e+02,8.810000000000000000e+02,4.513974691341295653e+01,1.666666666666666574e-01,3.220000000000000000e+02,3.776140160000000000e+08,1.603867115520000000e+11,2.872906066477298737e-02
3.771000000000000000e+03,1.266000000000000000e+03,5.999490854385133076e+01,1.874138920735300140e-01,6.100000000000000000e+01,1.627101593600000000e+10,8.702694522880000000e+11,3.920187950134277344e+00
3.084000000000000000e+03,3.613000000000000000e+03,4.815493039052075375e+01,1.785714285714285754e-01,1.800000000000000000e+01,4.353104691200000000e+10,1.882279772160000000e+12,3.471975401043891907e-02
1.269000000000000000e+03,1.802000000000000000e+03,7.597507155091945208e+01,1.502313031443328895e-01,3.600000000000000000e+01,1.450358067200000000e+10,1.097609969664000000e+12,1.465617537498474121e+00
2.471000000000000000e+03,3.118000000000000000e+03,1.287851907550926285e+02,1.421760560557814024e-01,7.000000000000000000e+00,4.260092313600000000e+10,2.118265864192000000e+12,1.421061873435974121e+00
1.414000000000000000e+03,1.628000000000000000e+03,7.195277796838885820e+01,1.578947368421052544e-01,8.200000000000000000e+01,6.161942016000000000e+09,5.409183170560000000e+11,9.187395125627517700e-02
2.617000000000000000e+03,1.000000000000000000e+00,3.621610225674717753e+01,1.995883967587156749e-01,2.200000000000000000e+01,4.871026278400000000e+10,1.682183815168000000e+12,0.000000000000000000e+00
3.877000000000000000e+03,1.992000000000000000e+03,3.141521977397194973e+02,1.064794274999899953e-01,6.500000000000000000e+01,1.248056729600000000e+10,7.399516405760000000e+11,2.149243831634521484e+00
3.389000000000000000e+03,2.935000000000000000e+03,2.133217411373047128e+02,1.064794274999899953e-01,7.400000000000000000e+01,1.621565542400000000e+10,7.788651479040000000e+11,5.994437336921691895e-01
1.709000000000000000e+03,1.662000000000000000e+03,7.491927169600717207e+01,1.928473039599674921e-01,1.300000000000000000e+01,1.214220800000000000e+10,8.739340288000000000e+11,1.179914355278015137e+00
1.835000000000000000e+03,8.810000000000000000e+02,1.049003581602217707e+02,1.010152544552210818e-01,2.400000000000000000e+02,5.599216000000000000e+08,2.475048796160000000e+11,1.206644847989082336e-01
3.158000000000000000e+03,3.367000000000000000e+03,1.103531304078368578e+02,1.315334104411640948e-01,1.160000000000000000e+02,3.793797120000000000e+09,4.191869009920000000e+11,2.268115729093551636e-01
3.848000000000000000e+03,1.359000000000000000e+03,1.451720419000800746e+02,1.903943276465977219e-01,0.000000000000000000e+00,7.301141299200000000e+10,5.371525595136000000e+12,3.230303525924682617e-01
3.159000000000000000e+03,3.276000000000000000e+03,6.227679756938750444e+01,7.142857142857142461e-02,2.430000000000000000e+02,3.815572160000000000e+08,2.447413084160000000e+11,1.630178391933441162e-01
2.643000000000000000e+03,3.078000000000000000e+03,1.955164267256013204e+02,3.703703703703703498e-02,1.500000000000000000e+01,3.527756185600000000e+10,1.735473496064000000e+12,1.871760040521621704e-01
3.857000000000000000e+03,1.356000000000000000e+03,1.013202173526469636e+02,5.000000000000000278e-02,0.000000000000000000e+00,7.301141299200000000e+10,5.371525595136000000e+12,3.230303525924682617e-01
2.637000000000000000e+03,2.678000000000000000e+03,5.014153934941595736e+01,1.863389981249824745e-01,3.900000000000000000e+01,2.389246156800000000e+10,1.108915257344000000e+12,7.688570618629455566e-01
3.041000000000000000e+03,3.391000000000000000e+03,3.055640648986499386e+01,1.304347826086956486e-01,5.100000000000000000e+01,2.175456870400000000e+10,9.791455232000000000e+11,0.000000000000000000e+00
7.280000000000000000e+02,2.778000000000000000e+03,6.964999103129234470e+01,1.199999999999999956e-01,2.900000000000000000e+01,1.928219033600000000e+10,1.265615634432000000e+12,2.214435577392578125e+00
7.570000000000000000e+02,4.510000000000000000e+02,1.141871704295124772e+02,8.333333333333332871e-02,3.170000000000000000e+02,3.282048640000000000e+08,1.483971133440000000e+11,3.319354727864265442e-02
3.620000000000000000e+02,3.092000000000000000e+03,2.622320725786565987e+01,1.666666666666666574e-01,3.360000000000000000e+02,4.760226560000000000e+08,1.574415237120000000e+11,3.742261976003646851e-02
1.708000000000000000e+03,2.131000000000000000e+03,1.468497881369983702e+02,1.571348402636772446e-01,1.010000000000000000e+02,3.648659456000000000e+09,4.807784202240000000e+11,6.310544013977050781e-01
3.817000000000000000e+03,3.590000000000000000e+02,1.043639007603315747e+02,9.428090415820634951e-02,2.080000000000000000e+02,2.188138240000000000e+09,2.766488862720000000e+11,2.967958748340606689e-01
3.224000000000000000e+03,2.252000000000000000e+03,2.052209549507012412e+02,1.488645855129573925e-01,9.400000000000000000e+01,5.039864832000000000e+09,6.060616581120000000e+11,6.635777950286865234e-01
2.616000000000000000e+03,1.000000000000000000e+00,3.991450120830513271e+01,1.658006306030493648e-01,2.200000000000000000e+01,4.871026278400000000e+10,1.682183815168000000e+12,0.000000000000000000e+00
2.515000000000000000e+03,3.989000000000000000e+03,9.638440876118312417e+01,1.315334104411640948e-01,1.580000000000000000e+02,3.761532928000000000e+09,4.043810406400000000e+11,4.026892483234405518e-01
7.020000000000000000e+02,9.330000000000000000e+02,6.785027129778741539e+01,1.490711984999859852e-01,1.960000000000000000e+02,2.349766656000000000e+09,3.092211630080000000e+11,1.835588216781616211e-01
1.952000000000000000e+03,3.911000000000000000e+03,8.947171389247529305e+01,1.885618083164126990e-01,1.860000000000000000e+02,9.393569920000000000e+08,2.994678333440000000e+11,8.796782791614532471e-02
9.260000000000000000e+02,4.670000000000000000e+02,8.075443230419563179e+01,8.600261451922268374e-02,9.000000000000000000e+00,2.194928844800000000e+10,1.422013628416000000e+12,3.583382368087768555e+00
3.460000000000000000e+02,2.560000000000000000e+02,1.954360757546024274e+01,1.818181818181818232e-01,3.520000000000000000e+02,4.539794560000000000e+08,1.068479283200000000e+11,1.503887120634317398e-02
1.171000000000000000e+03,2.430000000000000000e+02,6.739423608059161097e+01,1.756820922315766309e-01,1.330000000000000000e+02,3.402823424000000000e+09,4.583243120640000000e+11,4.153676033020019531e-01
3.768000000000000000e+03,1.262000000000000000e+03,5.159456923165772650e+02,1.818181818181818232e-01,6.100000000000000000e+01,1.627101593600000000e+10,8.702694522880000000e+11,3.920187950134277344e+00
2.136000000000000000e+03,2.747000000000000000e+03,4.690462425996448559e+01,1.860163329510811370e-01,8.900000000000000000e+01,5.015371776000000000e+09,4.318797824000000000e+11,1.743932604789733887e+00
2.381000000000000000e+03,1.729000000000000000e+03,1.361110193989482013e+02,1.176470588235294101e-01,1.390000000000000000e+02,8.027903488000000000e+09,4.483424911360000000e+11,3.236294984817504883e-01
1.170000000000000000e+02,3.024000000000000000e+03,7.022633326254542396e+01,1.875000000000000000e-01,1.810000000000000000e+02,1.703606272000000000e+09,3.191276830720000000e+11,1.524101495742797852e-01
2.384000000000000000e+03,3.834000000000000000e+03,7.624748327601777476e+01,9.428090415820634951e-02,2.190000000000000000e+02,1.670014080000000000e+09,2.785095843840000000e+11,1.740442365407943726e-01
2.773000000000000000e+03,3.290000000000000000e+02,2.542014847461286564e+01,1.976423537605237202e-01,1.760000000000000000e+02,1.897518080000000000e+09,3.672120360960000000e+11,2.138888686895370483e-01
1.941000000000000000e+03,3.872000000000000000e+03,2.042702592712394249e+01,4.347826086956521618e-02,5.200000000000000000e+01,3.828430028800000000e+10,1.034564075520000000e+12,0.000000000000000000e+00
1.473000000000000000e+03,1.841000000000000000e+03,6.659258304581520349e+01,7.692307692307692735e-02,2.680000000000000000e+02,3.387232000000000000e+08,1.792297369600000000e+11,3.738203644752502441e-02
2.918000000000000000e+03,3.670000000000000000e+02,7.967802407582735214e+01,1.597191412499849861e-01,2.600000000000000000e+02,8.427557120000000000e+08,2.263200563200000000e+11,1.667747050523757935e-01
1.566000000000000000e+03,2.419000000000000000e+03,8.130684778176994598e+01,1.716929178792375721e-01,7.000000000000000000e+01,3.691625984000000000e+09,7.435327242240000000e+11,9.238203763961791992e-01
3.856000000000000000e+03,1.359000000000000000e+03,8.036046125664307738e+01,7.905694150420948529e-02,0.000000000000000000e+00,7.301141299200000000e+10,5.371525595136000000e+12,3.230303525924682617e-01
2.250000000000000000e+03,1.343000000000000000e+03,6.773988648640872157e+01,1.581138830084189706e-01,8.100000000000000000e+01,8.068609536000000000e+09,7.168793640960000000e+11,7.845193743705749512e-01
3.813000000000000000e+03,2.186000000000000000e+03,1.353980693181121353e+02,1.538618516324143926e-01,5.000000000000000000e+00,6.303399526400000000e+10,3.637388771328000000e+12,2.569424629211425781e+00
2.516000000000000000e+03,1.016000000000000000e+03,9.191315088498021169e+01,1.129384878631564115e-01,1.900000000000000000e+01,3.211539865600000000e+10,1.839924903936000000e+12,4.858803153038024902e-01
8.540000000000000000e+02,2.073000000000000000e+03,3.892500089687036535e+01,1.739130434782608647e-01,5.600000000000000000e+01,2.377781452800000000e+10,1.003706777600000000e+12,2.094316333532333374e-01
3.973000000000000000e+03,2.091000000000000000e+03,1.884666274189426360e+02,1.578947368421052544e-01,7.600000000000000000e+01,6.012193792000000000e+09,5.932355420160000000e+11,2.364895343780517578e-01
2.509000000000000000e+03,1.865000000000000000e+03,4.618691797415245759e+01,1.176470588235294101e-01,1.420000000000000000e+02,5.136879616000000000e+09,4.324141629440000000e+11,2.311038821935653687e-01
3.860000000000000000e+03,1.355000000000000000e+03,7.702754825046491760e+01,1.274754878398196012e-01,0.000000000000000000e+00,7.301141299200000000e+10,5.371525595136000000e+12,3.230303525924682617e-01
3.797000000000000000e+03,2.648000000000000000e+03,7.848172099773050547e+01,7.142857142857142461e-02,2.320000000000000000e+02,1.347878528000000000e+09,2.471929282560000000e+11,1.529861688613891602e-01
3.204000000000000000e+03,3.000000000000000000e+03,1.285619795814340307e+02,1.250000000000000000e-01,1.820000000000000000e+02,2.496905216000000000e+09,3.449701007360000000e+11,1.933547407388687134e-01
2.149000000000000000e+03,3.760000000000000000e+02,3.368123964094929335e+01,1.597191412499849861e-01,2.730000000000000000e+02,8.624572160000000000e+08,2.291342704640000000e+11,1.538608521223068237e-01
1.767000000000000000e+03,1.272000000000000000e+03,8.227947770993614540e+02,5.882352941176470507e-02,1.320000000000000000e+02,4.678830592000000000e+09,4.214285598720000000e+11,3.574668765068054199e-01
2.163000000000000000e+03,1.546000000000000000e+03,4.156487457673652131e+01,1.976423537605237202e-01,1.690000000000000000e+02,3.334616320000000000e+09,3.723537285120000000e+11,9.473653435707092285e-01
3.520000000000000000e+03,2.195000000000000000e+03,2.551927631970278654e+01,1.767766952966368932e-01,1.900000000000000000e+02,2.307150592000000000e+09,3.480266670080000000e+11,2.627476155757904053e-01
3.780000000000000000e+03,1.086000000000000000e+03,4.090432773552559098e+01,1.863389981249824745e-01,3.290000000000000000e+02,6.989276160000000000e+08,1.463262740480000000e+11,5.058890208601951599e-02
4.340000000000000000e+02,2.732000000000000000e+03,1.225691413200011652e+02,1.346870059402947850e-01,6.000000000000000000e+01,9.892344832000000000e+09,7.822726266880000000e+11,1.314265251159667969e+00
2.382000000000000000e+03,3.820000000000000000e+03,7.932528938326387902e+01,1.315334104411640948e-01,1.070000000000000000e+02,3.027658752000000000e+09,4.165613977600000000e+11,1.792184859514236450e-01
2.177000000000000000e+03,1.120000000000000000e+02,1.197710955756935505e+02,1.317615691736824801e-01,4.000000000000000000e+01,2.409143500800000000e+10,1.124034150400000000e+12,1.411813020706176758e+00
1.275000000000000000e+03,1.806000000000000000e+03,5.635059756355146732e+01,1.717960677340691911e-01,3.600000000000000000e+01,1.450358067200000000e+10,1.097609969664000000e+12,1.465617537498474121e+00
3.230000000000000000e+02,2.060000000000000000e+03,8.359912799483279855e+01,1.428571428571428492e-01,2.520000000000000000e+02,9.568181760000000000e+08,2.335715000320000000e+11,1.026855111122131348e-01
1.363000000000000000e+03,7.990000000000000000e+02,5.366529362140886406e+01,1.490711984999859852e-01,2.350000000000000000e+02,9.059889920000000000e+08,2.646524887040000000e+11,1.314550936222076416e-01
2.560000000000000000e+03,3.099000000000000000e+03,6.829160338211163435e+02,6.250000000000000000e-02,1.830000000000000000e+02,1.435199104000000000e+09,3.311490170880000000e+11,1.839263886213302612e-01
3.404000000000000000e+03,1.756000000000000000e+03,9.189131304234503261e+01,1.490711984999859852e-01,2.050000000000000000e+02,2.007096576000000000e+09,3.110571868160000000e+11,3.634668886661529541e-02
2.160000000000000000e+03,1.544000000000000000e+03,9.903792749421797907e+02,6.250000000000000000e-02,1.690000000000000000e+02,3.334616320000000000e+09,3.723537285120000000e+11,9.473653435707092285e-01
2.264000000000000000e+03,3.710000000000000000e+03,8.190567059556984475e+01,1.666666666666666574e-01,3.180000000000000000e+02,4.913545280000000000e+08,1.575079280640000000e+11,6.375606358051300049e-02
3.783000000000000000e+03,2.079000000000000000e+03,1.725588290581765136e+02,1.802775637731994507e-01,3.700000000000000000e+01,6.925903872000000000e+09,6.656544604160000000e+11,6.811499595642089844e-01
3.630000000000000000e+02,2.163000000000000000e+03,4.930466241871657473e+01,1.470588235294117696e-01,1.000000000000000000e+00,8.831377408000000000e+10,3.447775821824000000e+12,4.181708395481109619e-01
1.347000000000000000e+03,2.009000000000000000e+03,2.338326528362944146e+02,9.428090415820634951e-02,1.770000000000000000e+02,1.732036736000000000e+09,2.927439708160000000e+11,2.931735217571258545e-01
1.951000000000000000e+03,1.566000000000000000e+03,1.090256456886361178e+02,1.397542485937368628e-01,1.670000000000000000e+02,3.063771904000000000e+09,3.769188679680000000e+11,6.263079047203063965e-01
2.224000000000000000e+03,3.058000000000000000e+03,2.529549058941621240e+02,4.347826086956521618e-02,1.200000000000000000e+01,3.063368704000000000e+10,1.071789244416000000e+12,1.678610682487487793e+00
3.777000000000000000e+03,1.960000000000000000e+03,1.310644931681405581e+02,9.428090415820634951e-02,2.120000000000000000e+02,7.961107840000000000e+08,2.616089149440000000e+11,1.231193840503692627e-01
2.384000000000000000e+03,1.727000000000000000e+03,1.567845815167107730e+02,1.764705882352941291e-01,1.390000000000000000e+02,8.027903488000000000e+09,4.483424911360000000e+11,3.236294984817504883e-01
3.100000000000000000e+03,3.173000000000000000e+03,9.648452659114769858e+01,1.720052290384453675e-01,1.550000000000000000e+02,1.548637440000000000e+09,1.975964794880000000e+11,3.172023296356201172e-01
1.275000000000000000e+03,1.805000000000000000e+03,6.045602780966009959e+01,1.666666666666666574e-01,3.600000000000000000e+01,1.450358067200000000e+10,1.097609969664000000e+12,1.465617537498474121e+00
2.980000000000000000e+02,2.468000000000000000e+03,5.729294593651626144e+01,1.538461538461538547e-01,2.000000000000000000e+02,8.640007680000000000e+08,2.070236200960000000e+11,9.774547070264816284e-02
3.392000000000000000e+03,2.935000000000000000e+03,8.309642342837791773e+01,1.346870059402947850e-01,7.400000000000000000e+01,1.621565542400000000e+10,7.788651479040000000e+11,5.994437336921691895e-01
3.798000000000000000e+03,2.646000000000000000e+03,9.768109600219995059e+01,1.010152544552210818e-01,2.320000000000000000e+02,1.347878528000000000e+09,2.471929282560000000e+11,1.529861688613891602e-01
3.163000000000000000e+03,9.010000000000000000e+02,9.528541948638858230e+02,4.761904761904761640e-02,7.900000000000000000e+01,9.350776832000000000e+09,7.296368640000000000e+11,6.641222238540649414e-01
8.790000000000000000e+02,1.443000000000000000e+03,1.278622234186643993e+02,2.000000000000000111e-01,1.680000000000000000e+02,8.116872320000000000e+08,3.029185986560000000e+11,2.076815217733383179e-01
2.803000000000000000e+03,2.430000000000000000e+03,1.060521150272214612e+02,6.666666666666666574e-02,2.110000000000000000e+02,1.372552576000000000e+09,2.953143582720000000e+11,3.066765964031219482e-01
3.152000000000000000e+03,3.950000000000000000e+03,5.968004899533949725e+01,6.250000000000000000e-02,2.170000000000000000e+02,5.120787200000000000e+08,3.151246131200000000e+11,2.553134262561798096e-01
2.213000000000000000e+03,3.699000000000000000e+03,1.314836156823154170e+02,1.976423537605237202e-01,1.200000000000000000e+02,1.413297024000000000e+09,3.281207623680000000e+11,2.572538256645202637e-01
3.990000000000000000e+02,8.120000000000000000e+02,8.876575901648409683e+01,1.963383631246505001e-01,7.100000000000000000e+01,1.033783398400000000e+10,7.907896852480000000e+11,7.018927931785583496e-01
1.755000000000000000e+03,2.636000000000000000e+03,9.127870424368383340e+01,1.488645855129573925e-01,1.100000000000000000e+02,5.270673408000000000e+09,5.406609571840000000e+11,2.526594698429107666e-01
1.728000000000000000e+03,2.186000000000000000e+03,1.187088356453092359e+02,7.142857142857142461e-02,2.910000000000000000e+02,7.874066560000000000e+08,2.121412935680000000e+11,1.422809213399887085e-01
3.931000000000000000e+03,3.593000000000000000e+03,6.251628683823811627e+01,1.756820922315766309e-01,1.150000000000000000e+02,8.581559808000000000e+09,4.948238008320000000e+11,5.617836713790893555e-01
3.585000000000000000e+03,1.175000000000000000e+03,7.682923877549018243e+01,5.237828008789241485e-02,6.000000000000000000e+00,4.993640448000000000e+10,1.631447547904000000e+12,2.750630855560302734e+00
2.265000000000000000e+03,3.713000000000000000e+03,2.757366233144881207e+01,1.178511301977579334e-01,3.180000000000000000e+02,4.913545280000000000e+08,1.575079280640000000e+11,6.375606358051300049e-02
2.722000000000000000e+03,2.468000000000000000e+03,1.511186666833043830e+02,9.090909090909091161e-02,5.300000000000000000e+01,1.131311718400000000e+10,9.541244682240000000e+11,1.090019583702087402e+00
3.163000000000000000e+03,9.040000000000000000e+02,8.521612662422479900e+01,9.523809523809523281e-02,7.900000000000000000e+01,9.350776832000000000e+09,7.296368640000000000e+11,6.641222238540649414e-01
3.498000000000000000e+03,3.189000000000000000e+03,1.239103224763594113e+02,1.118033988749894958e-01,7.200000000000000000e+01,1.264045465600000000e+10,6.807097835520000000e+11,5.790898799896240234e-01
2.259000000000000000e+03,2.186000000000000000e+03,3.468266492437747388e+02,1.010152544552210818e-01,2.450000000000000000e+02,6.759123840000000000e+08,2.125311344640000000e+11,2.900222241878509521e-01
1.177000000000000000e+03,9.430000000000000000e+02,9.627602008729513727e+01,1.087856586440842377e-01,2.660000000000000000e+02,9.486789760000000000e+08,2.049079541760000000e+11,1.377537250518798828e-01
1.051000000000000000e+03,6.660000000000000000e+02,6.905123399057528388e+01,1.597191412499849861e-01,2.760000000000000000e+02,2.121027584000000000e+09,2.094952775680000000e+11,4.893848598003387451e-01
2.330000000000000000e+02,1.140000000000000000e+03,6.981980805552247205e+01,1.944406936956339094e-01,5.700000000000000000e+01,8.470172672000000000e+09,9.695676334080000000e+11,1.448810100555419922e+00
2.336000000000000000e+03,2.448000000000000000e+03,1.910585207585916692e+02,1.199999999999999956e-01,1.600000000000000000e+01,3.099138048000000000e+10,1.294922940416000000e+12,4.591097354888916016e+00
2.169000000000000000e+03,2.609000000000000000e+03,5.272648356618564947e+01,1.739130434782608647e-01,4.800000000000000000e+01,2.004998963200000000e+10,9.887308840960000000e+11,1.277428388595581055e+00
3.104000000000000000e+03,1.257000000000000000e+03,6.803556842074706879e+01,1.904761904761904656e-01,7.300000000000000000e+01,6.995432448000000000e+09,7.722072145920000000e+11,6.042641401290893555e-01
3.857000000000000000e+03,2.233000000000000000e+03,5.802300893974142326e+01,7.692307692307692735e-02,3.300000000000000000e+02,3.352062080000000000e+08,1.694843043840000000e+11,1.855861395597457886e-02
4.410000000000000000e+02,1.758000000000000000e+03,1.000515539887112766e+02,0.000000000000000000e+00,2.830000000000000000e+02,6.999811200000000000e+08,1.975207198720000000e+11,1.401029527187347412e-01
9.280000000000000000e+02,5.300000000000000000e+01,4.962515089422252146e+01,1.422183388986658636e-01,2.000000000000000000e+00,4.836097638400000000e+10,5.956759453696000000e+12,4.612917602062225342e-01
3.641000000000000000e+03,3.129000000000000000e+03,7.214722088263160060e+01,1.764705882352941291e-01,1.280000000000000000e+02,3.839666176000000000e+09,4.332187156480000000e+11,1.764668971300125122e-01
2.402000000000000000e+03,1.312000000000000000e+03,4.163416733167780848e+01,1.527076157636170495e-01,2.100000000000000000e+01,3.967555993600000000e+10,1.669329846272000000e+12,7.246407270431518555e-01
3.698000000000000000e+03,1.376000000000000000e+03,1.609236297311246915e+02,8.318903308077030267e-02,1.410000000000000000e+02,5.124332032000000000e+09,4.340172062720000000e+11,8.931189179420471191e-01
3.981000000000000000e+03,2.417000000000000000e+03,2.110566794711085237e+01,1.717960677340691911e-01,4.500000000000000000e+01,2.933959884800000000e+10,1.161086107648000000e+12,0.000000000000000000e+00
1.269000000000000000e+03,1.809000000000000000e+03,5.613402774956967534e+01,1.863389981249824745e-01,3.600000000000000000e+01,1.450358067200000000e+10,1.097609969664000000e+12,1.465617537498474121e+00
1.330000000000000000e+02,2.329000000000000000e+03,1.183117645825791584e+02,1.720052290384453675e-01,1.000000000000000000e+01,1.996886425600000000e+10,1.406474911744000000e+12,1.505521297454833984e+00
1.795000000000000000e+03,6.950000000000000000e+02,6.122536251956211828e+01,1.664356663246515655e-01,9.600000000000000000e+01,7.474629632000000000e+09,5.915148943360000000e+11,2.710782289505004883e-01
1.802000000000000000e+03,7.990000000000000000e+02,5.731945128919659993e+01,1.860163329510811370e-01,1.600000000000000000e+02,2.614074880000000000e+09,3.916269158400000000e+11,1.103178709745407104e-01
1.362000000000000000e+03,8.000000000000000000e+02,6.960697609848102729e+01,1.490711984999859852e-01,2.350000000000000000e+02,9.059889920000000000e+08,2.646524887040000000e+11,1.314550936222076416e-01
1.139000000000000000e+03,3.896000000000000000e+03,1.137406810466835196e+02,7.453559924999299258e-02,8.000000000000000000e+00,3.991272652800000000e+10,2.224507322368000000e+12,9.772834777832031250e-01
3.811000000000000000e+03,2.196000000000000000e+03,4.967868890821901573e+01,1.829464067837956731e-01,5.000000000000000000e+00,6.303399526400000000e+10,3.637388771328000000e+12,2.569424629211425781e+00
3.042000000000000000e+03,3.395000000000000000e+03,2.359783836715650907e+01,1.944406936956339094e-01,5.100000000000000000e+01,2.175456870400000000e+10,9.791455232000000000e+11,0.000000000000000000e+00
5.910000000000000000e+02,4.240000000000000000e+02,5.874134170246560416e+01,1.087856586440842377e-01,2.820000000000000000e+02,1.102760704000000000e+09,2.045083975680000000e+11,1.114259064197540283e-01
3.080000000000000000e+03,1.572000000000000000e+03,5.266947707891347363e+01,1.720052290384453675e-01,3.150000000000000000e+02,5.846113920000000000e+08,1.710546124800000000e+11,3.108717687427997589e-02
2.485000000000000000e+03,3.975000000000000000e+03,1.045109921915671265e+02,2.000000000000000111e-01,2.070000000000000000e+02,1.389949440000000000e+09,2.682227425280000000e+11,1.866812407970428467e-01
3.261000000000000000e+03,2.768000000000000000e+03,5.937070982331815827e+01,1.944406936956339094e-01,2.800000000000000000e+01,1.262479360000000000e+10,1.088863928320000000e+12,7.823085188865661621e-01
1.458000000000000000e+03,2.893000000000000000e+03,2.130812374770133886e+02,1.333333333333333315e-01,1.990000000000000000e+02,1.217136768000000000e+09,2.727443988480000000e+11,1.342078447341918945e-01
3.783000000000000000e+03,2.084000000000000000e+03,8.491432860557877405e+01,1.414213562373095034e-01,3.700000000000000000e+01,6.925903872000000000e+09,6.656544604160000000e+11,6.811499595642089844e-01
2.158000000000000000e+03,1.544000000000000000e+03,7.551496414685645675e+01,1.397542485937368628e-01,1.690000000000000000e+02,3.334616320000000000e+09,3.723537285120000000e+11,9.473653435707092285e-01
3.693000000000000000e+03,1.530000000000000000e+02,1.438947172190776769e+02,1.802775637731994507e-01,8.400000000000000000e+01,9.303531520000000000e+09,6.815071600640000000e+11,3.154100179672241211e-01
3.978000000000000000e+03,2.414000000000000000e+03,2.592430481911082296e+01,1.717960677340691911e-01,4.500000000000000000e+01,2.933959884800000000e+10,1.161086107648000000e+12,0.000000000000000000e+00
2.722000000000000000e+03,2.469000000000000000e+03,1.252806447521764994e+02,1.016394535227177209e-01,5.300000000000000000e+01,1.131311718400000000e+10,9.541244682240000000e+11,1.090019583702087402e+00
3.698000000000000000e+03,1.374000000000000000e+03,3.575646605625129268e+02,8.318903308077030267e-02,1.410000000000000000e+02,5.124332032000000000e+09,4.340172062720000000e+11,8.931189179420471191e-01
3.046000000000000000e+03,3.389000000000000000e+03,6.228708726359324999e+01,1.229750923802691437e-01,5.100000000000000000e+01,2.175456870400000000e+10,9.791455232000000000e+11,0.000000000000000000e+00
8.000000000000000000e+00,2.885000000000000000e+03,4.429184936669395256e+01,6.666666666666666574e-02,2.500000000000000000e+02,8.211125120000000000e+08,2.586923663360000000e+11,1.097938567399978638e-01
3.035000000000000000e+03,1.484000000000000000e+03,9.286490366357442383e+01,1.333333333333333315e-01,1.710000000000000000e+02,1.038279296000000000e+09,2.857244098560000000e+11,5.369240045547485352e-01
1.569000000000000000e+03,2.414000000000000000e+03,7.682425599873327826e+01,1.428571428571428492e-01,7.000000000000000000e+01,3.691625984000000000e+09,7.435327242240000000e+11,9.238203763961791992e-01
2.690000000000000000e+03,3.214000000000000000e+03,9.441444525171638702e+01,1.597191412499849861e-01,2.140000000000000000e+02,2.025763840000000000e+09,2.481892065280000000e+11,3.800879716873168945e-01
6.540000000000000000e+02,3.900000000000000000e+03,8.886144840911947540e+01,1.597191412499849861e-01,1.880000000000000000e+02,6.476391680000000000e+08,2.439948533760000000e+11,3.397938311100006104e-01
3.146000000000000000e+03,9.980000000000000000e+02,6.916178255481239034e+01,1.242259987499883256e-01,9.300000000000000000e+01,4.418263040000000000e+09,4.843336171520000000e+11,1.032378077507019043e+00
1.750000000000000000e+03,2.640000000000000000e+03,7.216648142892117335e+01,1.897658566033678385e-01,1.100000000000000000e+02,5.270673408000000000e+09,5.406609571840000000e+11,2.526594698429107666e-01
3.570000000000000000e+02,2.159000000000000000e+03,5.819302818763053153e+01,1.212678125181664845e-01,1.000000000000000000e+00,8.831377408000000000e+10,3.447775821824000000e+12,4.181708395481109619e-01
2.208000000000000000e+03,3.083000000000000000e+03,8.616239303344160305e+01,1.178511301977579334e-01,3.390000000000000000e+02,7.090938240000000000e+08,1.408466124800000000e+11,1.572182215750217438e-02
3.851000000000000000e+03,1.360000000000000000e+03,1.114439673477635608e+02,1.414213562373095034e-01,0.000000000000000000e+00,7.301141299200000000e+10,5.371525595136000000e+12,3.230303525924682617e-01
2.984000000000000000e+03,2.209000000000000000e+03,5.616755711175001409e+01,1.597191412499849861e-01,2.650000000000000000e+02,4.435137280000000000e+08,2.085157928960000000e+11,8.321103453636169434e-02
1.145000000000000000e+03,3.896000000000000000e+03,4.885461874532925464e+01,1.374368541872553473e-01,8.000000000000000000e+00,3.991272652800000000e+10,2.224507322368000000e+12,9.772834777832031250e-01
2.380000000000000000e+02,1.137000000000000000e+03,3.042903180948771364e+02,6.148754619013457184e-02,5.700000000000000000e+01,8.470172672000000000e+09,9.695676334080000000e+11,1.448810100555419922e+00
1.981000000000000000e+03,1.506000000000000000e+03,9.157247966384076676e+01,1.764705882352941291e-01,1.500000000000000000e+02,2.156276224000000000e+09,3.887007006720000000e+11,2.612947225570678711e-01
3.773000000000000000e+03,1.266000000000000000e+03,4.847920297469444506e+01,1.874138920735300140e-01,6.100000000000000000e+01,1.627101593600000000e+10,8.702694522880000000e+11,3.920187950134277344e+00
3.377000000000000000e+03,2.546000000000000000e+03,5.990876992137759061e+01,1.720052290384453675e-01,2.810000000000000000e+02,3.892101440000000000e+08,1.901225082880000000e+11,2.060008794069290161e-02
3.390000000000000000e+03,2.936000000000000000e+03,5.429819977889028451e+02,4.761904761904761640e-02,7.400000000000000000e+01,1.621565542400000000e+10,7.788651479040000000e+11,5.994437336921691895e-01
1.000000000000000000e+03,1.279000000000000000e+03,6.036395907385080761e+01,1.767766952966368932e-01,1.720000000000000000e+02,2.377929984000000000e+09,3.280464117760000000e+11,2.886517047882080078e-01
3.279000000000000000e+03,6.140000000000000000e+02,6.366121054797118717e+01,1.720052290384453675e-01,2.700000000000000000e+02,9.765783680000000000e+08,1.974550200320000000e+11,1.784845441579818726e-01
2.159000000000000000e+03,1.546000000000000000e+03,2.051672652041408185e+02,8.838834764831844659e-02,1.690000000000000000e+02,3.334616320000000000e+09,3.723537285120000000e+11,9.473653435707092285e-01
4.180000000000000000e+02,1.368000000000000000e+03,6.449677515299387665e+01,1.583872002098383469e-01,3.000000000000000000e+00,6.902842163200000000e+10,3.272609628160000000e+12,7.570462226867675781e-01
3.390000000000000000e+02,1.468000000000000000e+03,2.101922348671921270e+01,1.379310344827586188e-01,1.700000000000000000e+01,5.264295936000000000e+10,2.150357925888000000e+12,1.609793305397033691e-01
1.259000000000000000e+03,3.927000000000000000e+03,4.763350475178907573e+01,1.585809856006792640e-01,2.700000000000000000e+01,4.451796172800000000e+10,1.408662896640000000e+12,3.526160120964050293e-01
1.462000000000000000e+03,2.891000000000000000e+03,6.520989465634136195e+01,1.885618083164126990e-01,1.990000000000000000e+02,1.217136768000000000e+09,2.727443988480000000e+11,1.342078447341918945e-01
2.097000000000000000e+03,3.838000000000000000e+03,2.218602031351079233e+02,7.856742013183862228e-02,1.430000000000000000e+02,5.989215232000000000e+09,4.811243520000000000e+11,3.899121284484863281e-01
3.852000000000000000e+03,1.360000000000000000e+03,9.941319001041858883e+01,1.250000000000000000e-01,0.000000000000000000e+00,7.301141299200000000e+10,5.371525595136000000e+12,3.230303525924682617e-01
2.344000000000000000e+03,3.117000000000000000e+03,5.125312468602240301e+01,1.571348402636772446e-01,1.210000000000000000e+02,7.143699968000000000e+09,4.740812636160000000e+11,4.700884819030761719e-01
3.819000000000000000e+03,1.656000000000000000e+03,4.707863798733421845e+01,1.720052290384453675e-01,2.010000000000000000e+02,5.403896960000000000e+08,1.908479918080000000e+11,1.492742747068405151e-01
1.330000000000000000e+02,2.325000000000000000e+03,1.083790914138432839e+02,1.720052290384453675e-01,1.000000000000000000e+01,1.996886425600000000e+10,1.406474911744000000e+12,1.505521297454833984e+00
3.705000000000000000e+03,1.195000000000000000e+03,2.650366088299917919e+02,9.428090415820634951e-02,7.800000000000000000e+01,4.232730880000000000e+09,2.918509117440000000e+11,8.519148230552673340e-01
2.974000000000000000e+03,4.000000000000000000e+01,1.289139165570141188e+02,1.656346649999844434e-01,1.100000000000000000e+01,3.576540364800000000e+10,1.680807821312000000e+12,2.075748682022094727e+00
5.820000000000000000e+02,8.140000000000000000e+02,7.857464846902935562e+01,1.885618083164126990e-01,2.180000000000000000e+02,8.583511040000000000e+08,2.650792919040000000e+11,1.668343096971511841e-01
2.639000000000000000e+03,3.076000000000000000e+03,6.472292908916314502e+01,1.851851851851851749e-01,1.500000000000000000e+01,3.527756185600000000e+10,1.735473496064000000e+12,1.871760040521621704e-01
1.494000000000000000e+03,2.862000000000000000e+03,3.685068877677234411e+01,1.428571428571428492e-01,2.100000000000000000e+02,6.465219840000000000e+08,2.291632046080000000e+11,9.430054575204849243e-02
2.516000000000000000e+03,1.012000000000000000e+03,7.544814509496541177e+01,1.515228816828315950e-01,1.900000000000000000e+01,3.211539865600000000e+10,1.839924903936000000e+12,4.858803153038024902e-01
1.269000000000000000e+03,1.804000000000000000e+03,8.698338947750916361e+01,9.316949906249123725e-02,3.600000000000000000e+01,1.450358067200000000e+10,1.097609969664000000e+12,1.465617537498474121e+00
1.951000000000000000e+03,1.591000000000000000e+03,1.080458032543405267e+02,1.333333333333333315e-01,2.230000000000000000e+02,1.263835520000000000e+09,2.617083985920000000e+11,2.692348361015319824e-01
3.540000000000000000e+02,3.398000000000000000e+03,6.634868096032012375e+01,1.488645855129573925e-01,1.110000000000000000e+02,5.865623040000000000e+09,5.513145876480000000e+11,2.487920820713043213e-01
1.604000000000000000e+03,2.129000000000000000e+03,1.837255332620289607e+02,1.064794274999899953e-01,6.700000000000000000e+01,2.263678566400000000e+10,7.642853539840000000e+11,1.249879002571105957e+00
3.700000000000000000e+03,1.373000000000000000e+03,1.493567939554817769e+02,1.315334104411640948e-01,1.410000000000000000e+02,5.124332032000000000e+09,4.340172062720000000e+11,8.931189179420471191e-01
2.505000000000000000e+03,1.866000000000000000e+03,9.803110745502290513e+01,1.315334104411640948e-01,1.420000000000000000e+02,5.136879616000000000e+09,4.324141629440000000e+11,2.311038821935653687e-01
2.782000000000000000e+03,3.284000000000000000e+03,7.034899599209452958e+01,1.505846504842085487e-01,6.200000000000000000e+01,1.213782118400000000e+10,7.476529725440000000e+11,1.117016077041625977e+00
1.310000000000000000e+03,1.400000000000000000e+03,4.531962456067778788e+01,2.000000000000000111e-01,3.400000000000000000e+01,1.266510643200000000e+10,7.028321812480000000e+11,3.640272617340087891e-01
2.611000000000000000e+03,3.997000000000000000e+03,1.382511112939995144e+02,8.281733249999222168e-02,2.200000000000000000e+01,4.871026278400000000e+10,1.682183815168000000e+12,0.000000000000000000e+00
3.772000000000000000e+03,1.265000000000000000e+03,8.121754884435921440e+01,1.363636363636363535e-01,6.100000000000000000e+01,1.627101593600000000e+10,8.702694522880000000e+11,3.920187950134277344e+00
3.787000000000000000e+03,2.085000000000000000e+03,2.943291427820253716e+02,1.802775637731994507e-01,3.700000000000000000e+01,6.925903872000000000e+09,6.656544604160000000e+11,6.811499595642089844e-01
2.175000000000000000e+03,1.100000000000000000e+02,2.264400902902564212e+02,1.317615691736824801e-01,4.000000000000000000e+01,2.409143500800000000e+10,1.124034150400000000e+12,1.411813020706176758e+00
1.070000000000000000e+03,2.709000000000000000e+03,6.334574632397992389e+01,1.720052290384453675e-01,3.250000000000000000e+02,4.487570880000000000e+08,1.660798238720000000e+11,2.765476144850254059e-02
9.280000000000000000e+02,4.690000000000000000e+02,5.995262299026357056e+01,1.585809856006792640e-01,9.000000000000000000e+00,2.194928844800000000e+10,1.422013628416000000e+12,3.583382368087768555e+00
1.850000000000000000e+03,1.581000000000000000e+03,9.651674949832018058e+01,1.333333333333333315e-01,2.240000000000000000e+02,1.496969344000000000e+09,2.768687267840000000e+11,1.539164930582046509e-01
8.350000000000000000e+02,4.410000000000000000e+02,6.121017008630572320e+01,1.802775637731994507e-01,7.700000000000000000e+01,9.925042176000000000e+09,7.026825625600000000e+11,1.432763218879699707e+00
3.690000000000000000e+02,3.315000000000000000e+03,3.291372917425955080e+01,1.664356663246515655e-01,4.600000000000000000e+01,1.400953139200000000e+10,6.190456504320000000e+11,1.350523829460144043e+00
2.886000000000000000e+03,3.522000000000000000e+03,6.953095937779795577e+01,1.585809856006792640e-01,2.500000000000000000e+01,2.538148249600000000e+10,1.442943729664000000e+12,1.294092535972595215e-01
3.447000000000000000e+03,2.860000000000000000e+03,1.265647699185342390e+02,1.176877882894626220e-01,6.600000000000000000e+01,5.837941760000000000e+09,6.081861386240000000e+11,1.099951863288879395e+00
8.530000000000000000e+02,2.072000000000000000e+03,6.985604873913835888e+01,1.374903330507991073e-01,5.600000000000000000e+01,2.377781452800000000e+10,1.003706777600000000e+12,2.094316333532333374e-01
8.390000000000000000e+02,4.400000000000000000e+02,1.215249305286979222e+02,7.071067811865475172e-02,7.700000000000000000e+01,9.925042176000000000e+09,7.026825625600000000e+11,1.432763218879699707e+00
3.657000000000000000e+03,4.570000000000000000e+02,2.427623287791648181e+02,1.064794274999899953e-01,7.500000000000000000e+01,9.171800064000000000e+09,7.418361282560000000e+11,1.302706003189086914e+00
1.442000000000000000e+03,1.478000000000000000e+03,6.196958437066757597e+01,1.767766952966368932e-01,1.910000000000000000e+02,4.317606912000000000e+09,3.233326366720000000e+11,3.796105086803436279e-01
2.614000000000000000e+03,3.997000000000000000e+03,8.080758266301580761e+01,1.047565601757848297e-01,2.200000000000000000e+01,4.871026278400000000e+10,1.682183815168000000e+12,0.000000000000000000e+00
3.087000000000000000e+03,3.608000000000000000e+03,8.906829584751385198e+01,1.923273145405179907e-01,1.800000000000000000e+01,4.353104691200000000e+10,1.882279772160000000e+12,3.471975401043891907e-02
1.792000000000000000e+03,6.990000000000000000e+02,1.156097323196453175e+02,1.578947368421052544e-01,9.600000000000000000e+01,7.474629632000000000e+09,5.915148943360000000e+11,2.710782289505004883e-01
3.530000000000000000e+02,2.162000000000000000e+03,5.805740543115257424e+01,1.499711621644936599e-01,1.000000000000000000e+00,8.831377408000000000e+10,3.447775821824000000e+12,4.181708395481109619e-01
9.160000000000000000e+02,5.300000000000000000e+01,4.499274361652725673e+01,1.857505635576563174e-01,2.000000000000000000e+00,4.836097638400000000e+10,5.956759453696000000e+12,4.612917602062225342e-01
3.161000000000000000e+03,9.000000000000000000e+02,4.459120560281383518e+02,1.346870059402947850e-01,7.900000000000000000e+01,9.350776832000000000e+09,7.296368640000000000e+11,6.641222238540649414e-01
2.405000000000000000e+03,1.312000000000000000e+03,5.488042045180434059e+01,1.656346649999844434e-01,2.100000000000000000e+01,3.967555993600000000e+10,1.669329846272000000e+12,7.246407270431518555e-01
2.381000000000000000e+03,1.727000000000000000e+03,3.273860826026212294e+02,0.000000000000000000e+00,1.390000000000000000e+02,8.027903488000000000e+09,4.483424911360000000e+11,3.236294984817504883e-01
3.444000000000000000e+03,5.060000000000000000e+02,5.696609171916569636e+01,1.897658566033678385e-01,5.900000000000000000e+01,4.818864128000000000e+09,5.752418467840000000e+11,5.228825211524963379e-01
2.206000000000000000e+03,3.081000000000000000e+03,2.024886298305287653e+02,1.178511301977579334e-01,3.390000000000000000e+02,7.090938240000000000e+08,1.408466124800000000e+11,1.572182215750217438e-02
3.771000000000000000e+03,1.265000000000000000e+03,9.830582547629006740e+01,1.437398936440172637e-01,6.100000000000000000e+01,1.627101593600000000e+10,8.702694522880000000e+11,3.920187950134277344e+00
1.849000000000000000e+03,1.584000000000000000e+03,5.831926842224164886e+01,9.428090415820634951e-02,2.240000000000000000e+02,1.496969344000000000e+09,2.768687267840000000e+11,1.539164930582046509e-01
1.790000000000000000e+03,6.970000000000000000e+02,1.353922462731707981e+02,1.176877882894626220e-01,9.600000000000000000e+01,7.474629632000000000e+09,5.915148943360000000e+11,2.710782289505004883e-01
2.176000000000000000e+03,1.110000000000000000e+02,1.139516421614293904e+02,1.178511301977579334e-01,4.000000000000000000e+01,2.409143500800000000e+10,1.124034150400000000e+12,1.411813020706176758e+00
2.994000000000000000e+03,1.020000000000000000e+03,3.570202695161121653e+01,1.720052290384453675e-01,2.920000000000000000e+02,5.220359040000000000e+08,1.912100945920000000e+11,9.537348896265029907e-02
1.003000000000000000e+03,1.274000000000000000e+03,8.950213370112390976e+01,1.976423537605237202e-01,1.720000000000000000e+02,2.377929984000000000e+09,3.280464117760000000e+11,2.886517047882080078e-01
1.050000000000000000e+02,1.332000000000000000e+03,5.077458034027630163e+01,1.792654619833765339e-01,5.000000000000000000e+01,1.556661555200000000e+10,9.990592266240000000e+11,1.033417701721191406e+00
1.356000000000000000e+03,1.761000000000000000e+03,5.115631651905647459e+01,1.538461538461538547e-01,2.960000000000000000e+02,1.173888768000000000e+09,1.974799564800000000e+11,6.154699251055717468e-02
2.345000000000000000e+03,3.116000000000000000e+03,4.807404873764183861e+01,1.756820922315766309e-01,1.210000000000000000e+02,7.143699968000000000e+09,4.740812636160000000e+11,4.700884819030761719e-01
2.467000000000000000e+03,2.289000000000000000e+03,1.132587830471128569e+02,1.250000000000000000e-01,1.740000000000000000e+02,2.748058880000000000e+09,3.761774592000000000e+11,2.325160354375839233e-01
1.071000000000000000e+03,3.180000000000000000e+02,3.344551244684520270e+02,9.428090415820634951e-02,2.330000000000000000e+02,6.209496320000000000e+08,2.893950812160000000e+11,1.476807296276092529e-01
1.348000000000000000e+03,2.008000000000000000e+03,2.245902679412769771e+02,0.000000000000000000e+00,1.770000000000000000e+02,1.732036736000000000e+09,2.927439708160000000e+11,2.931735217571258545e-01
7.530000000000000000e+02,2.822000000000000000e+03,6.139387358302588638e+01,1.597191412499849861e-01,2.780000000000000000e+02,1.045625408000000000e+09,2.224233349120000000e+11,9.319210797548294067e-02
4.100000000000000000e+02,1.368000000000000000e+03,3.869761479592164477e+01,1.060456257489408582e-01,3.000000000000000000e+00,6.902842163200000000e+10,3.272609628160000000e+12,7.570462226867675781e-01
1.170000000000000000e+03,2.440000000000000000e+02,1.710927524969064280e+02,1.111111111111111049e-01,1.330000000000000000e+02,3.402823424000000000e+09,4.583243120640000000e+11,4.153676033020019531e-01
1.610000000000000000e+03,2.955000000000000000e+03,2.231514226668376466e+02,1.016394535227177209e-01,5.400000000000000000e+01,1.041408819200000000e+10,8.919000023040000000e+11,2.400319814682006836e+00
3.073000000000000000e+03,2.407000000000000000e+03,1.568422589902137076e+02,1.016394535227177209e-01,2.000000000000000000e+01,2.138906214400000000e+10,9.160418918400000000e+11,6.593467593193054199e-01
1.270000000000000000e+02,2.323000000000000000e+03,1.208961526821998120e+02,1.720052290384453675e-01,1.000000000000000000e+01,1.996886425600000000e+10,1.406474911744000000e+12,1.505521297454833984e+00
2.977000000000000000e+03,4.600000000000000000e+01,1.584578124168898228e+02,8.281733249999222168e-02,1.100000000000000000e+01,3.576540364800000000e+10,1.680807821312000000e+12,2.075748682022094727e+00
3.435000000000000000e+03,1.225000000000000000e+03,1.502071313903030614e+02,1.663780661615406053e-01,1.000000000000000000e+02,2.065479552000000000e+09,4.219889909760000000e+11,5.504037141799926758e-01
2.780000000000000000e+03,3.281000000000000000e+03,1.043582751960158959e+02,1.064794274999899953e-01,6.200000000000000000e+01,1.213782118400000000e+10,7.476529725440000000e+11,1.117016077041625977e+00
2.407000000000000000e+03,1.310000000000000000e+03,5.602600458996052879e+01,1.656346649999844434e-01,2.100000000000000000e+01,3.967555993600000000e+10,1.669329846272000000e+12,7.246407270431518555e-01
3.974000000000000000e+03,2.089000000000000000e+03,1.154245803646058732e+02,1.488645855129573925e-01,7.600000000000000000e+01,6.012193792000000000e+09,5.932355420160000000e+11,2.364895343780517578e-01
2.335000000000000000e+03,2.442000000000000000e+03,2.092794664973039289e+02,1.264911064067351931e-01,1.600000000000000000e+01,3.099138048000000000e+10,1.294922940416000000e+12,4.591097354888916016e+00
1.742000000000000000e+03,2.680000000000000000e+03,2.559176656021869007e+02,8.333333333333332871e-02,3.210000000000000000e+02,6.330676480000000000e+08,1.448220426240000000e+11,8.876670151948928833e-02
1.353000000000000000e+03,1.761000000000000000e+03,3.979517890367499717e+02,7.692307692307692735e-02,2.960000000000000000e+02,1.173888768000000000e+09,1.974799564800000000e+11,6.154699251055717468e-02
3.045000000000000000e+03,3.387000000000000000e+03,2.439274598456011844e+01,1.792654619833765339e-01,5.100000000000000000e+01,2.175456870400000000e+10,9.791455232000000000e+11,0.000000000000000000e+00
2.780000000000000000e+03,3.020000000000000000e+03,5.627328249784065406e+01,1.863389981249824745e-01,3.010000000000000000e+02,8.306222080000000000e+08,1.458187796480000000e+11,7.133752107620239258e-02
4.870000000000000000e+02,1.819000000000000000e+03,4.515482725937083330e+01,9.316949906249123725e-02,1.400000000000000000e+01,2.384566476800000000e+10,1.169877762048000000e+12,1.326438903808593750e+00
3.453000000000000000e+03,1.415000000000000000e+03,1.184017517559883430e+02,1.111111111111111049e-01,1.240000000000000000e+02,4.137655552000000000e+09,4.729755729920000000e+11,5.137715339660644531e-01
3.269000000000000000e+03,3.290000000000000000e+03,1.321488925814052209e+02,1.767766952966368932e-01,4.000000000000000000e+00,4.576543129600000000e+10,2.901718335488000000e+12,1.090228271484375000e+01
1.729000000000000000e+03,2.188000000000000000e+03,5.963303086174202150e+01,1.428571428571428492e-01,2.910000000000000000e+02,7.874066560000000000e+08,2.121412935680000000e+11,1.422809213399887085e-01
1.752000000000000000e+03,2.641000000000000000e+03,7.308059209199117845e+01,1.664356663246515655e-01,1.100000000000000000e+02,5.270673408000000000e+09,5.406609571840000000e+11,2.526594698429107666e-01
9.830000000000000000e+02,1.026000000000000000e+03,3.965251089344176449e+01,1.538461538461538547e-01,2.880000000000000000e+02,6.826971520000000000e+08,2.043456061440000000e+11,6.240923330187797546e-02
1.700000000000000000e+02,2.146000000000000000e+03,7.649439464293030255e+01,1.087856586440842377e-01,2.930000000000000000e+02,9.289077760000000000e+08,1.737262530560000000e+11,1.096618697047233582e-01
1.622000000000000000e+03,2.506000000000000000e+03,6.679103799759928961e+01,6.250000000000000000e-02,1.930000000000000000e+02,3.885696512000000000e+09,3.168796016640000000e+11,5.713110417127609253e-02
2.027000000000000000e+03,7.780000000000000000e+02,1.637596224757682535e+02,1.716929178792375721e-01,6.400000000000000000e+01,8.225184256000000000e+09,7.782105088000000000e+11,7.376434803009033203e-01
1.805000000000000000e+03,1.913000000000000000e+03,8.376339868132738786e+01,1.597191412499849861e-01,2.800000000000000000e+02,1.017443840000000000e+09,2.190259322880000000e+11,1.025063097476959229e-01
2.631000000000000000e+03,2.682000000000000000e+03,5.851575357310127856e+01,1.666666666666666574e-01,3.900000000000000000e+01,2.389246156800000000e+10,1.108915257344000000e+12,7.688570618629455566e-01
1.772000000000000000e+03,1.608000000000000000e+03,1.950029043052309987e+02,1.315334104411640948e-01,1.380000000000000000e+02,2.455658496000000000e+09,4.106929438720000000e+11,1.264987438917160034e-01
3.266000000000000000e+03,2.766000000000000000e+03,5.847098884790819540e+01,1.792654619833765339e-01,2.800000000000000000e+01,1.262479360000000000e+10,1.088863928320000000e+12,7.823085188865661621e-01
3.810000000000000000e+03,2.193000000000000000e+03,6.286322967134500317e+01,1.538618516324143926e-01,5.000000000000000000e+00,6.303399526400000000e+10,3.637388771328000000e+12,2.569424629211425781e+00
3.720000000000000000e+02,3.311000000000000000e+03,1.929158320077463316e+02,1.176877882894626220e-01,4.600000000000000000e+01,1.400953139200000000e+10,6.190456504320000000e+11,1.350523829460144043e+00
2.167000000000000000e+03,2.606000000000000000e+03,1.109586527805643215e+02,1.567630989332169100e-01,4.800000000000000000e+01,2.004998963200000000e+10,9.887308840960000000e+11,1.277428388595581055e+00
1.142000000000000000e+03,3.899000000000000000e+03,6.229563973724026482e+01,7.453559924999299258e-02,8.000000000000000000e+00,3.991272652800000000e+10,2.224507322368000000e+12,9.772834777832031250e-01
2.071000000000000000e+03,2.839000000000000000e+03,2.374771872195943274e+02,1.581138830084189706e-01,6.800000000000000000e+01,1.048354918400000000e+10,7.046033571840000000e+11,8.116820454597473145e-01
3.788000000000000000e+03,2.081000000000000000e+03,1.285183722023786288e+02,1.581138830084189706e-01,3.700000000000000000e+01,6.925903872000000000e+09,6.656544604160000000e+11,6.811499595642089844e-01
4.790000000000000000e+02,3.382000000000000000e+03,2.621958250008857405e+01,1.178511301977579334e-01,3.370000000000000000e+02,3.180891520000000000e+08,1.595851407360000000e+11,0.000000000000000000e+00
3.015000000000000000e+03,5.650000000000000000e+02,7.023334055033143386e+01,1.242259987499883256e-01,1.220000000000000000e+02,6.462716928000000000e+09,4.743136870400000000e+11,2.938182950019836426e-01
3.406000000000000000e+03,2.281000000000000000e+03,4.583524938061114540e+01,2.000000000000000111e-01,2.150000000000000000e+02,1.763839616000000000e+09,2.953210757120000000e+11,1.914934664964675903e-01
2.419000000000000000e+03,2.664000000000000000e+03,7.020898706894637087e+01,8.318903308077030267e-02,1.480000000000000000e+02,1.149997056000000000e+09,4.166995148800000000e+11,1.336990147829055786e-01
9.230000000000000000e+02,5.800000000000000000e+01,3.626042783912224081e+02,4.878048780487805047e-02,2.000000000000000000e+00,4.836097638400000000e+10,5.956759453696000000e+12,4.612917602062225342e-01
3.589000000000000000e+03,1.173000000000000000e+03,2.722348676238717147e+01,1.571348402636772168e-01,6.000000000000000000e+00,4.993640448000000000e+10,1.631447547904000000e+12,2.750630855560302734e+00
3.262000000000000000e+03,2.768000000000000000e+03,6.516745276045406854e+01,1.567630989332169100e-01,2.800000000000000000e+01,1.262479360000000000e+10,1.088863928320000000e+12,7.823085188865661621e-01
2.339000000000000000e+03,2.443000000000000000e+03,6.790212967318078086e+01,1.442220510185595606e-01,1.600000000000000000e+01,3.099138048000000000e+10,1.294922940416000000e+12,4.591097354888916016e+00
2.014000000000000000e+03,3.990000000000000000e+03,3.124737553176041160e+01,1.928473039599674921e-01,5.800000000000000000e+01,1.764974796800000000e+10,9.503931760640000000e+11,1.640438556671142578e+00
3.375000000000000000e+03,2.548000000000000000e+03,6.701799935302956328e+02,7.692307692307692735e-02,2.810000000000000000e+02,3.892101440000000000e+08,1.901225082880000000e+11,2.060008794069290161e-02
2.161000000000000000e+03,2.607000000000000000e+03,1.256089907816718352e+02,1.944406936956339094e-01,4.800000000000000000e+01,2.004998963200000000e+10,9.887308840960000000e+11,1.277428388595581055e+00
3.772000000000000000e+03,1.258000000000000000e+03,6.193164293413373400e+01,1.818181818181818232e-01,6.100000000000000000e+01,1.627101593600000000e+10,8.702694522880000000e+11,3.920187950134277344e+00
2.012000000000000000e+03,3.989000000000000000e+03,4.389652447233582677e+01,1.016394535227177209e-01,5.800000000000000000e+01,1.764974796800000000e+10,9.503931760640000000e+11,1.640438556671142578e+00
3.850000000000000000e+03,1.361000000000000000e+03,8.899508990512386220e+01,1.767766952966368932e-01,0.000000000000000000e+00,7.301141299200000000e+10,5.371525595136000000e+12,3.230303525924682617e-01
1.948000000000000000e+03,3.911000000000000000e+03,1.094468839569111225e+02,1.885618083164126990e-01,1.860000000000000000e+02,9.393569920000000000e+08,2.994678333440000000e+11,8.796782791614532471e-02
1.708000000000000000e+03,1.659000000000000000e+03,1.007355854814149154e+02,1.818181818181818232e-01,1.300000000000000000e+01,1.214220800000000000e+10,8.739340288000000000e+11,1.179914355278015137e+00
3.196000000000000000e+03,3.799000000000000000e+03,6.949480760184151222e+02,8.333333333333332871e-02,3.100000000000000000e+01,1.797018828800000000e+10,1.127008960512000000e+12,9.884166121482849121e-01
4.100000000000000000e+02,3.221000000000000000e+03,5.622757643639587855e+01,7.142857142857142461e-02,2.560000000000000000e+02,4.778569280000000000e+08,2.355664158720000000e+11,1.097523197531700134e-01
1.693000000000000000e+03,1.996000000000000000e+03,8.248483805710549177e+01,8.333333333333332871e-02,3.160000000000000000e+02,3.948845120000000000e+08,1.476823613440000000e+11,5.348441191017627716e-03
2.750000000000000000e+02,2.820000000000000000e+02,7.437037805443586080e+01,1.597191412499849861e-01,2.270000000000000000e+02,6.140675200000000000e+08,2.543858974720000000e+11,4.976339638233184814e-01
3.542000000000000000e+03,2.481000000000000000e+03,2.678082156220155525e+02,5.892556509887896671e-02,3.200000000000000000e+01,2.188575744000000000e+10,1.215032852480000000e+12,2.247135162353515625e+00
3.336000000000000000e+03,8.200000000000000000e+02,4.274086715775702316e+01,1.860163329510811370e-01,1.590000000000000000e+02,2.247792128000000000e+09,3.937771847680000000e+11,1.870324611663818359e-01
2.149000000000000000e+03,3.740000000000000000e+02,3.919035046839412928e+01,1.597191412499849861e-01,2.730000000000000000e+02,8.624572160000000000e+08,2.291342704640000000e+11,1.538608521223068237e-01
4.120000000000000000e+02,1.372000000000000000e+03,6.106752545030353474e+01,1.789047803028888106e-01,3.000000000000000000e+00,6.902842163200000000e+10,3.272609628160000000e+12,7.570462226867675781e-01
3.976000000000000000e+03,2.094000000000000000e+03,5.267663929062439365e+01,1.578947368421052544e-01,7.600000000000000000e+01,6.012193792000000000e+09,5.932355420160000000e+11,2.364895343780517578e-01
4.850000000000000000e+02,1.819000000000000000e+03,2.996028197660437442e+01,9.316949906249123725e-02,1.400000000000000000e+01,2.384566476800000000e+10,1.169877762048000000e+12,1.326438903808593750e+00
1.491000000000000000e+03,1.684000000000000000e+03,3.545112240978715334e+01,1.863389981249824745e-01,3.110000000000000000e+02,7.309690240000000000e+08,1.309064232960000000e+11,7.439114153385162354e-02
2.325000000000000000e+03,2.810000000000000000e+03,8.391437186509256208e+01,1.597191412499849861e-01,2.870000000000000000e+02,6.854396800000000000e+08,2.084819927040000000e+11,1.414418071508407593e-01
2.731000000000000000e+03,2.724000000000000000e+03,7.193751925872706465e+01,1.597191412499849861e-01,2.310000000000000000e+02,1.039507904000000000e+09,2.160468295680000000e+11,1.857722848653793335e-01
3.932000000000000000e+03,3.593000000000000000e+03,1.353983243237641148e+02,1.242259987499883256e-01,1.150000000000000000e+02,8.581559808000000000e+09,4.948238008320000000e+11,5.617836713790893555e-01
3.682000000000000000e+03,2.880000000000000000e+03,3.626929631226801831e+01,1.264911064067351931e-01,3.300000000000000000e+01,2.596919091200000000e+10,1.392400793600000000e+12,4.729880765080451965e-02
2.574000000000000000e+03,8.420000000000000000e+02,4.098514425803131900e+01,1.442220510185595606e-01,3.500000000000000000e+01,2.461768089600000000e+10,1.257411051520000000e+12,0.000000000000000000e+00
5.290000000000000000e+02,1.738000000000000000e+03,5.595127278019167250e+01,2.000000000000000111e-01,8.500000000000000000e+01,1.334152294400000000e+10,6.413754040320000000e+11,2.690244674682617188e+00
7.670000000000000000e+02,1.552000000000000000e+03,8.447944508538354569e+01,2.000000000000000111e-01,2.160000000000000000e+02,1.974329472000000000e+09,2.626538045440000000e+11,2.617572844028472900e-01
3.685000000000000000e+03,2.877000000000000000e+03,5.335356152641541172e+01,1.600000000000000033e-01,3.300000000000000000e+01,2.596919091200000000e+10,1.392400793600000000e+12,4.729880765080451965e-02
1.709000000000000000e+03,2.127000000000000000e+03,1.625061800240175671e+02,1.242259987499883256e-01,1.010000000000000000e+02,3.648659456000000000e+09,4.807784202240000000e+11,6.310544013977050781e-01
3.403000000000000000e+03,1.753000000000000000e+03,1.103380652087781044e+02,1.490711984999859852e-01,2.050000000000000000e+02,2.007096576000000000e+09,3.110571868160000000e+11,3.634668886661529541e-02
2.406000000000000000e+03,1.310000000000000000e+03,5.734245916921975805e+01,1.335389361282958987e-01,2.100000000000000000e+01,3.967555993600000000e+10,1.669329846272000000e+12,7.246407270431518555e-01
3.585000000000000000e+03,1.179000000000000000e+03,6.334302863267356543e+01,1.171213948210510919e-01,6.000000000000000000e+00,4.993640448000000000e+10,1.631447547904000000e+12,2.750630855560302734e+00
6.990000000000000000e+02,9.330000000000000000e+02,8.406375326258422831e+01,9.428090415820634951e-02,1.960000000000000000e+02,2.349766656000000000e+09,3.092211630080000000e+11,1.835588216781616211e-01
2.379000000000000000e+03,3.819000000000000000e+03,9.274832414683993420e+01,1.315334104411640948e-01,1.070000000000000000e+02,3.027658752000000000e+09,4.165613977600000000e+11,1.792184859514236450e-01
3.862000000000000000e+03,1.353000000000000000e+03,7.627338093690359244e+01,1.903943276465977219e-01,0.000000000000000000e+00,7.301141299200000000e+10,5.371525595136000000e+12,3.230303525924682617e-01
2.392000000000000000e+03,2.539000000000000000e+03,1.401448525786672974e+02,1.428571428571428492e-01,2.300000000000000000e+01,1.991361945600000000e+10,7.920974561280000000e+11,1.786077260971069336e+00
3.590000000000000000e+03,1.173000000000000000e+03,2.547078320157268649e+01,1.851851851851851749e-01,6.000000000000000000e+00,4.993640448000000000e+10,1.631447547904000000e+12,2.750630855560302734e+00
3.700000000000000000e+03,3.719000000000000000e+03,3.725818431445239298e+02,6.250000000000000000e-02,1.950000000000000000e+02,2.191118592000000000e+09,3.672240619520000000e+11,2.955987751483917236e-01
3.450000000000000000e+02,2.550000000000000000e+02,5.172326224050625854e+01,1.285648693066450132e-01,3.520000000000000000e+02,4.539794560000000000e+08,1.068479283200000000e+11,1.503887120634317398e-02
1.611000000000000000e+03,2.961000000000000000e+03,1.388567342663261570e+02,1.818181818181818232e-01,5.400000000000000000e+01,1.041408819200000000e+10,8.919000023040000000e+11,2.400319814682006836e+00
2.454000000000000000e+03,5.720000000000000000e+02,1.327747904428107120e+02,1.720052290384453675e-01,3.030000000000000000e+02,7.781590400000000000e+08,1.692194897920000000e+11,5.809598788619041443e-02
2.192000000000000000e+03,1.645000000000000000e+03,1.163914663957164777e+02,1.666666666666666574e-01,3.120000000000000000e+02,5.148074560000000000e+08,1.380568104960000000e+11,2.518250979483127594e-02
2.844000000000000000e+03,5.380000000000000000e+02,8.273383891568141735e+01,8.838834764831844659e-02,1.460000000000000000e+02,2.242444032000000000e+09,3.406583234560000000e+11,1.633618921041488647e-01
3.206000000000000000e+03,2.998000000000000000e+03,9.047868633686293549e+01,1.250000000000000000e-01,1.820000000000000000e+02,2.496905216000000000e+09,3.449701007360000000e+11,1.933547407388687134e-01
7.230000000000000000e+02,2.774000000000000000e+03,1.158980834138893243e+02,1.788854381999831766e-01,2.900000000000000000e+01,1.928219033600000000e+10,1.265615634432000000e+12,2.214435577392578125e+00
3.881000000000000000e+03,5.350000000000000000e+02,7.159070039597685309e+01,1.315334104411640948e-01,1.450000000000000000e+02,2.489635584000000000e+09,4.032976977920000000e+11,8.420058339834213257e-02
2.694000000000000000e+03,3.212000000000000000e+03,4.070619998289410546e+01,1.597191412499849861e-01,2.140000000000000000e+02,2.025763840000000000e+09,2.481892065280000000e+11,3.800879716873168945e-01
2.093000000000000000e+03,3.836000000000000000e+03,7.522737566538607723e+01,1.756820922315766309e-01,1.430000000000000000e+02,5.989215232000000000e+09,4.811243520000000000e+11,3.899121284484863281e-01
1.430000000000000000e+02,3.248000000000000000e+03,2.417859223523287824e+02,1.386750490563072868e-01,2.600000000000000000e+01,1.438108057600000000e+10,1.427807535104000000e+12,3.526270389556884766e+00
6.220000000000000000e+02,3.765000000000000000e+03,1.060372826464330984e+02,1.720052290384453675e-01,2.400000000000000000e+01,4.572494233600000000e+10,1.500802318336000000e+12,4.620099544525146484e+00
2.040000000000000000e+02,3.760000000000000000e+02,3.880285437107637136e+01,1.860163329510811370e-01,1.650000000000000000e+02,2.563304704000000000e+09,4.133531811840000000e+11,7.525227665901184082e-01
7.690000000000000000e+02,2.424000000000000000e+03,2.801363615826712561e+01,1.538461538461538547e-01,3.240000000000000000e+02,4.153980800000000000e+08,1.759464652800000000e+11,3.340010717511177063e-02
2.614000000000000000e+03,3.994000000000000000e+03,4.352857625968916722e+01,1.994505484123890171e-01,2.200000000000000000e+01,4.871026278400000000e+10,1.682183815168000000e+12,0.000000000000000000e+00
3.042000000000000000e+03,3.394000000000000000e+03,2.267436413028178777e+01,1.567630989332169100e-01,5.100000000000000000e+01,2.175456870400000000e+10,9.791455232000000000e+11,0.000000000000000000e+00
3.977000000000000000e+03,2.093000000000000000e+03,1.081549805453584838e+02,1.176877882894626220e-01,7.600000000000000000e+01,6.012193792000000000e+09,5.932355420160000000e+11,2.364895343780517578e-01
3.610000000000000000e+02,2.166000000000000000e+03,5.314591528625192041e+01,1.247835496211554401e-01,1.000000000000000000e+00,8.831377408000000000e+10,3.447775821824000000e+12,4.181708395481109619e-01
3.106000000000000000e+03,1.258000000000000000e+03,7.302862409720290771e+01,1.716929178792375721e-01,7.300000000000000000e+01,6.995432448000000000e+09,7.722072145920000000e+11,6.042641401290893555e-01
2.254000000000000000e+03,1.339000000000000000e+03,4.213210706658643545e+01,1.581138830084189706e-01,8.100000000000000000e+01,8.068609536000000000e+09,7.168793640960000000e+11,7.845193743705749512e-01
1.141000000000000000e+03,3.893000000000000000e+03,5.939506862286234679e+01,1.333333333333333315e-01,8.000000000000000000e+00,3.991272652800000000e+10,2.224507322368000000e+12,9.772834777832031250e-01
7.230000000000000000e+02,2.781000000000000000e+03,8.506962012437892895e+01,1.442220510185595606e-01,2.900000000000000000e+01,1.928219033600000000e+10,1.265615634432000000e+12,2.214435577392578125e+00
9.840000000000000000e+02,1.026000000000000000e+03,7.394199869878396214e+01,7.692307692307692735e-02,2.880000000000000000e+02,6.826971520000000000e+08,2.043456061440000000e+11,6.240923330187797546e-02
6.130000000000000000e+02,2.588000000000000000e+03,4.515153866004988714e+01,1.844626385704036808e-01,4.100000000000000000e+01,3.039488614400000000e+10,1.064241790976000000e+12,7.708724141120910645e-01
1.316000000000000000e+03,2.831000000000000000e+03,1.954206496343253718e+02,1.087856586440842377e-01,2.620000000000000000e+02,3.926612800000000000e+08,2.037588623360000000e+11,7.410188764333724976e-02
3.195000000000000000e+03,3.800000000000000000e+03,6.547318231763134690e+02,1.317615691736824801e-01,3.100000000000000000e+01,1.797018828800000000e+10,1.127008960512000000e+12,9.884166121482849121e-01
2.470000000000000000e+03,3.113000000000000000e+03,2.027658152422088165e+02,1.724137931034482873e-01,7.000000000000000000e+00,4.260092313600000000e+10,2.118265864192000000e+12,1.421061873435974121e+00
3.391000000000000000e+03,2.937000000000000000e+03,2.033524676440425480e+02,4.761904761904761640e-02,7.400000000000000000e+01,1.621565542400000000e+10,7.788651479040000000e+11,5.994437336921691895e-01
1.874000000000000000e+03,1.484000000000000000e+03,1.149706449977129665e+02,7.142857142857142461e-02,2.690000000000000000e+02,1.238931328000000000e+09,2.126970224640000000e+11,2.752779722213745117e-01
1.040000000000000000e+02,1.334000000000000000e+03,6.205080609480460652e+01,1.374903330507991073e-01,5.000000000000000000e+01,1.556661555200000000e+10,9.990592266240000000e+11,1.033417701721191406e+00
4.850000000000000000e+02,1.814000000000000000e+03,2.358885373984697864e+01,1.317615691736824801e-01,1.400000000000000000e+01,2.384566476800000000e+10,1.169877762048000000e+12,1.326438903808593750e+00
1.874000000000000000e+03,1.485000000000000000e+03,7.204933605813276642e+01,0.000000000000000000e+00,2.690000000000000000e+02,1.238931328000000000e+09,2.126970224640000000e+11,2.752779722213745117e-01
1.319000000000000000e+03,1.718000000000000000e+03,1.011257500347405482e+02,1.571348402636772446e-01,9.500000000000000000e+01,1.568210534400000000e+10,5.062445301760000000e+11,2.863983809947967529e-01
6.890000000000000000e+02,1.614000000000000000e+03,7.614503174046926404e+01,1.176877882894626220e-01,1.060000000000000000e+02,8.503719424000000000e+09,5.539100098560000000e+11,1.529115915298461914e+00
1.306000000000000000e+03,2.008000000000000000e+03,1.516844790683615258e+02,1.374903330507991073e-01,4.200000000000000000e+01,1.348992307200000000e+10,1.067025235968000000e+12,3.646400213241577148e+00
2.544000000000000000e+03,4.350000000000000000e+02,9.212228403568394697e+01,1.720052290384453675e-01,2.720000000000000000e+02,4.101821120000000000e+08,1.716130283520000000e+11,2.681593038141727448e-02
3.849000000000000000e+03,1.351000000000000000e+03,1.542240506684095180e+02,1.952562418976663550e-01,0.000000000000000000e+00,7.301141299200000000e+10,5.371525595136000000e+12,3.230303525924682617e-01
1.135000000000000000e+03,8.720000000000000000e+02,5.571576479784368274e+01,1.490711984999859852e-01,1.970000000000000000e+02,3.027413504000000000e+09,3.112459632640000000e+11,4.253049790859222412e-01
2.889000000000000000e+03,3.528000000000000000e+03,1.446559629268772653e+02,1.720052290384453675e-01,2.500000000000000000e+01,2.538148249600000000e+10,1.442943729664000000e+12,1.294092535972595215e-01
1.319000000000000000e+03,1.716000000000000000e+03,8.947513441408730728e+01,1.111111111111111049e-01,9.500000000000000000e+01,1.568210534400000000e+10,5.062445301760000000e+11,2.863983809947967529e-01
6.290000000000000000e+02,5.000000000000000000e+02,1.041096283818663579e+02,8.318903308077030267e-02,1.510000000000000000e+02,1.992101248000000000e+09,4.080898211840000000e+11,6.955169886350631714e-02
3.102000000000000000e+03,3.175000000000000000e+03,2.742139062390314166e+02,7.692307692307692735e-02,1.550000000000000000e+02,1.548637440000000000e+09,1.975964794880000000e+11,3.172023296356201172e-01
3.580000000000000000e+02,2.160000000000000000e+03,6.393715588272598893e+01,8.823529411764706454e-02,1.000000000000000000e+00,8.831377408000000000e+10,3.447775821824000000e+12,4.181708395481109619e-01
2.447000000000000000e+03,4.810000000000000000e+02,8.378901794588138046e+02,1.087856586440842377e-01,2.950000000000000000e+02,5.136313920000000000e+08,1.722018856960000000e+11,7.479093223810195923e-02
3.167000000000000000e+03,9.010000000000000000e+02,5.676119439045375969e+01,1.963383631246505001e-01,7.900000000000000000e+01,9.350776832000000000e+09,7.296368640000000000e+11,6.641222238540649414e-01
6.530000000000000000e+02,1.206000000000000000e+03,2.097815927737206607e+02,1.597191412499849861e-01,2.210000000000000000e+02,2.182107136000000000e+09,2.105663488000000000e+11,3.516459465026855469e-01
2.323000000000000000e+03,2.970000000000000000e+02,1.761365387138623007e+01,1.767766952966368932e-01,3.590000000000000000e+02,3.177111680000000000e+08,4.451980902400000000e+10,0.000000000000000000e+00
2.641000000000000000e+03,3.078000000000000000e+03,1.228215049183473866e+02,8.281733249999222168e-02,1.500000000000000000e+01,3.527756185600000000e+10,1.735473496064000000e+12,1.871760040521621704e-01
2.611000000000000000e+03,4.000000000000000000e+00,9.489613829452498805e+01,1.892157665471266015e-01,2.200000000000000000e+01,4.871026278400000000e+10,1.682183815168000000e+12,0.000000000000000000e+00
3.636000000000000000e+03,3.129000000000000000e+03,1.265694305112902924e+02,1.176470588235294101e-01,1.280000000000000000e+02,3.839666176000000000e+09,4.332187156480000000e+11,1.764668971300125122e-01
3.289000000000000000e+03,2.280000000000000000e+03,5.956080705927313090e+01,1.538461538461538547e-01,2.990000000000000000e+02,5.986179200000000000e+08,1.710872985600000000e+11,4.373416677117347717e-02
2.500000000000000000e+03,2.617000000000000000e+03,9.003333628679901324e+01,1.538461538461538547e-01,2.200000000000000000e+02,8.441690240000000000e+08,1.855676416000000000e+11,9.814136475324630737e-02
3.797000000000000000e+03,2.649000000000000000e+03,6.429950492548907448e+01,1.428571428571428492e-01,2.320000000000000000e+02,1.347878528000000000e+09,2.471929282560000000e+11,1.529861688613891602e-01
3.771000000000000000e+03,1.258000000000000000e+03,4.738686478861755091e+01,1.874138920735300140e-01,6.100000000000000000e+01,1.627101593600000000e+10,8.702694522880000000e+11,3.920187950134277344e+00
1.146000000000000000e+03,3.900000000000000000e+03,5.510190113922304533e+01,1.943650631615100322e-01,8.000000000000000000e+00,3.991272652800000000e+10,2.224507322368000000e+12,9.772834777832031250e-01
9.260000000000000000e+02,5.000000000000000000e+01,4.409077385864160448e+01,1.636147300609602229e-01,2.000000000000000000e+00,4.836097638400000000e+10,5.956759453696000000e+12,4.612917602062225342e-01
2.883000000000000000e+03,3.528000000000000000e+03,1.095296667075507315e+02,1.087856586440842377e-01,2.500000000000000000e+01,2.538148249600000000e+10,1.442943729664000000e+12,1.294092535972595215e-01
3.223000000000000000e+03,2.257000000000000000e+03,8.404572407902836062e+01,1.664356663246515655e-01,9.400000000000000000e+01,5.039864832000000000e+09,6.060616581120000000e+11,6.635777950286865234e-01
2.808000000000000000e+03,3.048000000000000000e+03,5.825494952170277685e+01,1.242259987499883256e-01,1.270000000000000000e+02,1.076523008000000000e+10,4.631417978880000000e+11,1.170760273933410645e+00
4.160000000000000000e+02,1.366000000000000000e+03,6.380731412460603735e+01,8.823529411764706454e-02,3.000000000000000000e+00,6.902842163200000000e+10,3.272609628160000000e+12,7.570462226867675781e-01
2.971000000000000000e+03,4.200000000000000000e+01,9.367672673423967922e+01,1.994505484123890171e-01,1.100000000000000000e+01,3.576540364800000000e+10,1.680807821312000000e+12,2.075748682022094727e+00
9.270000000000000000e+02,4.720000000000000000e+02,6.178478966245454984e+01,1.923076923076923184e-01,9.000000000000000000e+00,2.194928844800000000e+10,1.422013628416000000e+12,3.583382368087768555e+00
2.404000000000000000e+03,1.307000000000000000e+03,1.388117636483326862e+02,5.237828008789241485e-02,2.100000000000000000e+01,3.967555993600000000e+10,1.669329846272000000e+12,7.246407270431518555e-01
4.010000000000000000e+02,8.180000000000000000e+02,3.257941606483364438e+01,1.716929178792375721e-01,7.100000000000000000e+01,1.033783398400000000e+10,7.907896852480000000e+11,7.018927931785583496e-01
1.303000000000000000e+03,2.008000000000000000e+03,1.894405716621086810e+02,1.567630989332169100e-01,4.200000000000000000e+01,1.348992307200000000e+10,1.067025235968000000e+12,3.646400213241577148e+00
7.280000000000000000e+02,2.777000000000000000e+03,6.760166825060233009e+01,1.264911064067351931e-01,2.900000000000000000e+01,1.928219033600000000e+10,1.265615634432000000e+12,2.214435577392578125e+00
3.773000000000000000e+03,1.265000000000000000e+03,5.355756009193082434e+01,1.437398936440172637e-01,6.100000000000000000e+01,1.627101593600000000e+10,8.702694522880000000e+11,3.920187950134277344e+00
1.937000000000000000e+03,3.872000000000000000e+03,6.870965800933892353e+01,1.792654619833765339e-01,5.200000000000000000e+01,3.828430028800000000e+10,1.034564075520000000e+12,0.000000000000000000e+00
2.802000000000000000e+03,2.431000000000000000e+03,6.318654376116850813e+01,1.490711984999859852e-01,2.110000000000000000e+02,1.372552576000000000e+09,2.953143582720000000e+11,3.066765964031219482e-01
2.027000000000000000e+03,3.369000000000000000e+03,8.113120624569621668e+02,0.000000000000000000e+00,1.090000000000000000e+02,4.767008768000000000e+09,5.140877803520000000e+11,8.066106438636779785e-01
3.163000000000000000e+03,9.060000000000000000e+02,7.725689773193062138e+01,1.904761904761904656e-01,7.900000000000000000e+01,9.350776832000000000e+09,7.296368640000000000e+11,6.641222238540649414e-01
1.823000000000000000e+03,1.056000000000000000e+03,1.148022206896308859e+02,1.578947368421052544e-01,1.080000000000000000e+02,3.472463104000000000e+09,6.062234009600000000e+11,1.079535961151123047e+00
2.030000000000000000e+02,3.700000000000000000e+02,1.017564458963970111e+02,1.764705882352941291e-01,1.650000000000000000e+02,2.563304704000000000e+09,4.133531811840000000e+11,7.525227665901184082e-01
1.307000000000000000e+03,2.007000000000000000e+03,1.323982248519062352e+02,1.229750923802691437e-01,4.200000000000000000e+01,1.348992307200000000e+10,1.067025235968000000e+12,3.646400213241577148e+00
2.246000000000000000e+03,3.786000000000000000e+03,1.344021332226924983e+02,4.545454545454545581e-02,5.500000000000000000e+01,1.614189875200000000e+10,9.459097272320000000e+11,4.489732086658477783e-01
3.698000000000000000e+03,3.718000000000000000e+03,3.163097972750041009e+01,1.976423537605237202e-01,1.950000000000000000e+02,2.191118592000000000e+09,3.672240619520000000e+11,2.955987751483917236e-01
3.111000000000000000e+03,3.660000000000000000e+03,7.203715730193717093e+01,1.428571428571428492e-01,2.250000000000000000e+02,9.303131520000000000e+08,2.084795514880000000e+11,9.833247214555740356e-02
6.980000000000000000e+02,9.300000000000000000e+02,6.614590269236838083e+01,1.885618083164126990e-01,1.960000000000000000e+02,2.349766656000000000e+09,3.092211630080000000e+11,1.835588216781616211e-01
3.855000000000000000e+03,1.354000000000000000e+03,1.279395456184209081e+02,5.000000000000000278e-02,0.000000000000000000e+00,7.301141299200000000e+10,5.371525595136000000e+12,3.230303525924682617e-01
1.171000000000000000e+03,2.460000000000000000e+02,1.427600962630530432e+02,5.555555555555555247e-02,1.330000000000000000e+02,3.402823424000000000e+09,4.583243120640000000e+11,4.153676033020019531e-01
4.880000000000000000e+02,1.816000000000000000e+03,3.175686260977803244e+01,9.316949906249123725e-02,1.400000000000000000e+01,2.384566476800000000e+10,1.169877762048000000e+12,1.326438903808593750e+00
3.145000000000000000e+03,9.930000000000000000e+02,6.151615988227543141e+01,1.666666666666666574e-01,9.300000000000000000e+01,4.418263040000000000e+09,4.843336171520000000e+11,1.032378077507019043e+00
2.246000000000000000e+03,3.785000000000000000e+03,1.141845945919602059e+02,6.428243465332250661e-02,5.500000000000000000e+01,1.614189875200000000e+10,9.459097272320000000e+11,4.489732086658477783e-01
3.792000000000000000e+03,3.380000000000000000e+03,1.242363349054693913e+02,1.505846504842085487e-01,6.300000000000000000e+01,9.890160640000000000e+09,7.694368112640000000e+11,7.079712152481079102e-01
2.992000000000000000e+03,1.019000000000000000e+03,1.209004662798627550e+02,0.000000000000000000e+00,2.920000000000000000e+02,5.220359040000000000e+08,1.912100945920000000e+11,9.537348896265029907e-02
2.761000000000000000e+03,3.673000000000000000e+03,1.158768306027528325e+02,1.490711984999859852e-01,1.290000000000000000e+02,1.944571648000000000e+09,2.719028346880000000e+11,3.264051377773284912e-01
2.806000000000000000e+03,2.431000000000000000e+03,5.299575321962527852e+01,1.490711984999859852e-01,2.110000000000000000e+02,1.372552576000000000e+09,2.953143582720000000e+11,3.066765964031219482e-01
2.468000000000000000e+03,3.122000000000000000e+03,7.535980906530237178e+01,1.758282590894063580e-01,7.000000000000000000e+00,4.260092313600000000e+10,2.118265864192000000e+12,1.421061873435974121e+00
2.881000000000000000e+03,3.524000000000000000e+03,1.181456842576187825e+02,1.720052290384453675e-01,2.500000000000000000e+01,2.538148249600000000e+10,1.442943729664000000e+12,1.294092535972595215e-01
2.346000000000000000e+03,3.116000000000000000e+03,3.712508076534520285e+01,1.666666666666666574e-01,1.210000000000000000e+02,7.143699968000000000e+09,4.740812636160000000e+11,4.700884819030761719e-01
1.944000000000000000e+03,3.874000000000000000e+03,3.470635524916075809e+01,1.374903330507991073e-01,5.200000000000000000e+01,3.828430028800000000e+10,1.034564075520000000e+12,0.000000000000000000e+00
1.607000000000000000e+03,2.124000000000000000e+03,1.585104572016627742e+02,1.716929178792375721e-01,6.700000000000000000e+01,2.263678566400000000e+10,7.642853539840000000e+11,1.249879002571105957e+00
8.410000000000000000e+02,4.390000000000000000e+02,7.798980103841874723e+01,1.499999999999999944e-01,7.700000000000000000e+01,9.925042176000000000e+09,7.026825625600000000e+11,1.432763218879699707e+00
2.781000000000000000e+03,3.286000000000000000e+03,5.330048299297160241e+01,1.716929178792375721e-01,6.200000000000000000e+01,1.213782118400000000e+10,7.476529725440000000e+11,1.117016077041625977e+00
2.350000000000000000e+02,1.134000000000000000e+03,8.482109627576112132e+01,1.944406936956339094e-01,5.700000000000000000e+01,8.470172672000000000e+09,9.695676334080000000e+11,1.448810100555419922e+00
4.110000000000000000e+02,1.368000000000000000e+03,3.485976220075625776e+01,8.318903308077030267e-02,3.000000000000000000e+00,6.902842163200000000e+10,3.272609628160000000e+12,7.570462226867675781e-01
1.997000000000000000e+03,2.400000000000000000e+01,5.720760149926172744e+01,1.720052290384453675e-01,2.770000000000000000e+02,5.164774080000000000e+08,1.762560573440000000e+11,8.273551613092422485e-02
9.240000000000000000e+02,4.640000000000000000e+02,3.913230351995201204e+02,1.538461538461538547e-01,9.000000000000000000e+00,2.194928844800000000e+10,1.422013628416000000e+12,3.583382368087768555e+00
3.587000000000000000e+03,1.174000000000000000e+03,1.026609656793476688e+02,8.281733249999222168e-02,6.000000000000000000e+00,4.993640448000000000e+10,1.631447547904000000e+12,2.750630855560302734e+00
3.254000000000000000e+03,1.015000000000000000e+03,4.907450721244585878e+01,1.490711984999859852e-01,2.060000000000000000e+02,1.361531776000000000e+09,2.695304806400000000e+11,3.313000202178955078e-01
1.846000000000000000e+03,3.658000000000000000e+03,8.945390319121500511e+01,8.838834764831844659e-02,1.870000000000000000e+02,2.693199360000000000e+09,3.451426570240000000e+11,2.012060433626174927e-01
1.654000000000000000e+03,3.017000000000000000e+03,1.365393473580718648e+02,9.428090415820634951e-02,1.610000000000000000e+02,1.813462784000000000e+09,3.086701363200000000e+11,3.963987231254577637e-01
3.532000000000000000e+03,1.728000000000000000e+03,4.513912965697107893e+01,1.538461538461538547e-01,2.630000000000000000e+02,4.127903040000000000e+08,1.956510597120000000e+11,2.772472240030765533e-02
2.559000000000000000e+03,3.102000000000000000e+03,8.528025101098315019e+01,1.397542485937368628e-01,1.830000000000000000e+02,1.435199104000000000e+09,3.311490170880000000e+11,1.839263886213302612e-01
3.555000000000000000e+03,3.412000000000000000e+03,1.039865288282064171e+02,1.756820922315766309e-01,1.360000000000000000e+02,5.107780096000000000e+09,4.809077555200000000e+11,6.091393232345581055e-01
1.438000000000000000e+03,1.476000000000000000e+03,2.367177780877126452e+02,1.250000000000000000e-01,1.910000000000000000e+02,4.317606912000000000e+09,3.233326366720000000e+11,3.796105086803436279e-01
3.403000000000000000e+03,1.756000000000000000e+03,1.275363956647653367e+02,9.428090415820634951e-02,2.050000000000000000e+02,2.007096576000000000e+09,3.110571868160000000e+11,3.634668886661529541e-02
1.378000000000000000e+03,1.987000000000000000e+03,5.489753164400418228e+01,1.414213562373095034e-01,3.560000000000000000e+02,1.240972416000000000e+09,7.389713203200000000e+10,6.522073876112699509e-03
4.920000000000000000e+02,3.675000000000000000e+03,8.365141357165748559e+01,1.571348402636772446e-01,3.580000000000000000e+02,3.749651840000000000e+08,6.233037619200000000e+10,9.068169631063938141e-03
8.560000000000000000e+02,2.070000000000000000e+03,5.189492514965088077e+01,9.722034684781695468e-02,5.600000000000000000e+01,2.377781452800000000e+10,1.003706777600000000e+12,2.094316333532333374e-01
7.460000000000000000e+02,1.103000000000000000e+03,5.810737104532704222e+01,8.318903308077030267e-02,1.230000000000000000e+02,3.450585344000000000e+09,4.269201489920000000e+11,4.118150472640991211e-01
2.454000000000000000e+03,5.750000000000000000e+02,1.077781285576151049e+02,1.087856586440842377e-01,3.030000000000000000e+02,7.781590400000000000e+08,1.692194897920000000e+11,5.809598788619041443e-02
1.830000000000000000e+03,1.938000000000000000e+03,8.241522967916733933e+01,8.318903308077030267e-02,1.560000000000000000e+02,1.740929792000000000e+09,4.219179827200000000e+11,6.084308028221130371e-01
9.270000000000000000e+02,5.500000000000000000e+01,8.845544945624689603e+01,1.005635518443331877e-01,2.000000000000000000e+00,4.836097638400000000e+10,5.956759453696000000e+12,4.612917602062225342e-01
4.880000000000000000e+02,8.290000000000000000e+02,1.925134430976431474e+02,1.505846504842085487e-01,4.900000000000000000e+01,7.905716224000000000e+09,7.715926179840000000e+11,2.006682634353637695e+00
2.467000000000000000e+03,2.291000000000000000e+03,1.065303718465243321e+02,0.000000000000000000e+00,1.740000000000000000e+02,2.748058880000000000e+09,3.761774592000000000e+11,2.325160354375839233e-01
1.170000000000000000e+03,2.480000000000000000e+02,4.492595095154727574e+02,1.111111111111111049e-01,1.330000000000000000e+02,3.402823424000000000e+09,4.583243120640000000e+11,4.153676033020019531e-01
1.461000000000000000e+03,2.894000000000000000e+03,1.953783197585736957e+02,9.428090415820634951e-02,1.990000000000000000e+02,1.217136768000000000e+09,2.727443988480000000e+11,1.342078447341918945e-01
3.614000000000000000e+03,3.971000000000000000e+03,1.044802738599937868e+02,1.229750923802691437e-01,4.400000000000000000e+01,1.617178419200000000e+10,1.029702746112000000e+12,1.566848874092102051e+00
3.278000000000000000e+03,6.130000000000000000e+02,1.928641776578200222e+02,7.692307692307692735e-02,2.700000000000000000e+02,9.765783680000000000e+08,1.974550200320000000e+11,1.784845441579818726e-01
3.103000000000000000e+03,1.264000000000000000e+03,5.663366928231459241e+01,1.505846504842085487e-01,7.300000000000000000e+01,6.995432448000000000e+09,7.722072145920000000e+11,6.042641401290893555e-01
2.470000000000000000e+03,2.292000000000000000e+03,6.730133312457871853e+01,1.976423537605237202e-01,1.740000000000000000e+02,2.748058880000000000e+09,3.761774592000000000e+11,2.325160354375839233e-01
1.938000000000000000e+03,3.872000000000000000e+03,4.623807523371226580e+01,1.374903330507991073e-01,5.200000000000000000e+01,3.828430028800000000e+10,1.034564075520000000e+12,0.000000000000000000e+00
1.832000000000000000e+03,1.938000000000000000e+03,4.787702926387704849e+01,1.860163329510811370e-01,1.560000000000000000e+02,1.740929792000000000e+09,4.219179827200000000e+11,6.084308028221130371e-01
2.880000000000000000e+02,2.722000000000000000e+03,4.699069362041746700e+01,1.178511301977579334e-01,3.320000000000000000e+02,3.615825280000000000e+08,1.449192488960000000e+11,2.213831804692745209e-02
2.440000000000000000e+02,3.016000000000000000e+03,7.065368934835971970e+01,8.333333333333332871e-02,2.530000000000000000e+02,4.436043520000000000e+08,1.612296847360000000e+11,3.729216754436492920e-02
3.891000000000000000e+03,5.860000000000000000e+02,4.215885822699927132e+01,1.720052290384453675e-01,2.940000000000000000e+02,5.208605120000000000e+08,1.844918190080000000e+11,6.816863268613815308e-02
1.650000000000000000e+03,3.695000000000000000e+03,1.291928907831124036e+02,0.000000000000000000e+00,9.700000000000000000e+01,2.464083968000000000e+09,5.523820380160000000e+11,3.607912957668304443e-01
2.973000000000000000e+03,4.200000000000000000e+01,1.430209454256631147e+02,1.335389361282958987e-01,1.100000000000000000e+01,3.576540364800000000e+10,1.680807821312000000e+12,2.075748682022094727e+00
2.140000000000000000e+03,2.747000000000000000e+03,6.720868387388811982e+01,8.318903308077030267e-02,8.900000000000000000e+01,5.015371776000000000e+09,4.318797824000000000e+11,1.743932604789733887e+00
3.880000000000000000e+03,1.989000000000000000e+03,3.702238047511398378e+01,1.963383631246505001e-01,6.500000000000000000e+01,1.248056729600000000e+10,7.399516405760000000e+11,2.149243831634521484e+00
1.851000000000000000e+03,1.582000000000000000e+03,6.242227660209937312e+01,9.428090415820634951e-02,2.240000000000000000e+02,1.496969344000000000e+09,2.768687267840000000e+11,1.539164930582046509e-01
4.420000000000000000e+02,2.140000000000000000e+03,7.457326039043604737e+01,1.863389981249824745e-01,3.260000000000000000e+02,5.960732160000000000e+08,1.486363033600000000e+11,8.805303834378719330e-03
2.332000000000000000e+03,2.445000000000000000e+03,7.191014189513167310e+01,1.600000000000000033e-01,1.600000000000000000e+01,3.099138048000000000e+10,1.294922940416000000e+12,4.591097354888916016e+00
3.156000000000000000e+03,3.369000000000000000e+03,7.622951250612275942e+01,1.764705882352941291e-01,1.160000000000000000e+02,3.793797120000000000e+09,4.191869009920000000e+11,2.268115729093551636e-01
4.110000000000000000e+02,3.218000000000000000e+03,5.741884655797289838e+01,1.597191412499849861e-01,2.560000000000000000e+02,4.778569280000000000e+08,2.355664158720000000e+11,1.097523197531700134e-01
6.880000000000000000e+02,1.613000000000000000e+03,5.069613807605922489e+02,5.263157894736841813e-02,1.060000000000000000e+02,8.503719424000000000e+09,5.539100098560000000e+11,1.529115915298461914e+00
9.470000000000000000e+02,3.725000000000000000e+03,7.983595699468857276e+01,1.897658566033678385e-01,8.700000000000000000e+01,7.962043904000000000e+09,6.099624919040000000e+11,7.106984853744506836e-01
2.138000000000000000e+03,2.748000000000000000e+03,6.105909779633348222e+01,1.315334104411640948e-01,8.900000000000000000e+01,5.015371776000000000e+09,4.318797824000000000e+11,1.743932604789733887e+00
1.261000000000000000e+03,3.927000000000000000e+03,1.279752587287916015e+02,8.600261451922268374e-02,2.700000000000000000e+01,4.451796172800000000e+10,1.408662896640000000e+12,3.526160120964050293e-01
5.240000000000000000e+02,1.421000000000000000e+03,8.239044131448817154e+01,7.692307692307692735e-02,1.400000000000000000e+02,1.417431680000000000e+09,1.728836894720000000e+11,9.872478991746902466e-02
3.158000000000000000e+03,3.276000000000000000e+03,7.947473195413118674e+01,1.010152544552210818e-01,2.430000000000000000e+02,3.815572160000000000e+08,2.447413084160000000e+11,1.630178391933441162e-01
1.979000000000000000e+03,1.507000000000000000e+03,4.402085924217226989e+02,8.318903308077030267e-02,1.500000000000000000e+02,2.156276224000000000e+09,3.887007006720000000e+11,2.612947225570678711e-01
1.308000000000000000e+03,2.004000000000000000e+03,2.204042468193264597e+02,1.374903330507991073e-01,4.200000000000000000e+01,1.348992307200000000e+10,1.067025235968000000e+12,3.646400213241577148e+00
3.816000000000000000e+03,2.190000000000000000e+03,1.809377725798708241e+02,4.040610178208843550e-02,5.000000000000000000e+00,6.303399526400000000e+10,3.637388771328000000e+12,2.569424629211425781e+00
7.450000000000000000e+02,1.100000000000000000e+03,9.583200814175425819e+01,1.176470588235294101e-01,1.230000000000000000e+02,3.450585344000000000e+09,4.269201489920000000e+11,4.118150472640991211e-01
2.725000000000000000e+03,2.467000000000000000e+03,1.352397799428294149e+02,6.428243465332250661e-02,5.300000000000000000e+01,1.131311718400000000e+10,9.541244682240000000e+11,1.090019583702087402e+00
3.393000000000000000e+03,2.937000000000000000e+03,4.189857084851031743e+01,1.428571428571428492e-01,7.400000000000000000e+01,1.621565542400000000e+10,7.788651479040000000e+11,5.994437336921691895e-01
6.070000000000000000e+02,2.593000000000000000e+03,5.066973626367499861e+01,1.567630989332169100e-01,4.100000000000000000e+01,3.039488614400000000e+10,1.064241790976000000e+12,7.708724141120910645e-01
3.975000000000000000e+03,2.422000000000000000e+03,1.912562516190535433e+01,1.863389981249824745e-01,4.500000000000000000e+01,2.933959884800000000e+10,1.161086107648000000e+12,0.000000000000000000e+00
1.415000000000000000e+03,1.627000000000000000e+03,1.082339664184818844e+02,1.176877882894626220e-01,8.200000000000000000e+01,6.161942016000000000e+09,5.409183170560000000e+11,9.187395125627517700e-02
3.146000000000000000e+03,1.850000000000000000e+02,3.059047365298052057e+01,1.428571428571428492e-01,2.550000000000000000e+02,1.040948736000000000e+09,2.294191390720000000e+11,1.502451896667480469e-01
1.263000000000000000e+03,3.931000000000000000e+03,5.509337205663406678e+01,1.923076923076923184e-01,2.700000000000000000e+01,4.451796172800000000e+10,1.408662896640000000e+12,3.526160120964050293e-01
6.110000000000000000e+02,2.590000000000000000e+03,7.772356940119118462e+02,6.148754619013457184e-02,4.100000000000000000e+01,3.039488614400000000e+10,1.064241790976000000e+12,7.708724141120910645e-01
2.467000000000000000e+03,3.118000000000000000e+03,8.021606744495893508e+02,3.448275862068965469e-02,7.000000000000000000e+00,4.260092313600000000e+10,2.118265864192000000e+12,1.421061873435974121e+00
2.782000000000000000e+03,3.019000000000000000e+03,2.004214070896799171e+02,0.000000000000000000e+00,3.010000000000000000e+02,8.306222080000000000e+08,1.458187796480000000e+11,7.133752107620239258e-02
2.030000000000000000e+02,3.750000000000000000e+02,2.362971926346620819e+02,1.176470588235294101e-01,1.650000000000000000e+02,2.563304704000000000e+09,4.133531811840000000e+11,7.525227665901184082e-01
2.139000000000000000e+03,1.477000000000000000e+03,9.428282722221447898e+01,1.490711984999859852e-01,1.940000000000000000e+02,8.222473600000000000e+08,2.805040742400000000e+11,9.123795479536056519e-02
7.110000000000000000e+02,2.463000000000000000e+03,8.123281234517746441e+01,1.490711984999859852e-01,2.090000000000000000e+02,2.049957632000000000e+09,2.796662620160000000e+11,2.703455984592437744e-01
3.660000000000000000e+03,4.580000000000000000e+02,7.714595142522624371e+01,1.064794274999899953e-01,7.500000000000000000e+01,9.171800064000000000e+09,7.418361282560000000e+11,1.302706003189086914e+00
3.880000000000000000e+03,5.370000000000000000e+02,3.133776267283145955e+01,1.860163329510811370e-01,1.450000000000000000e+02,2.489635584000000000e+09,4.032976977920000000e+11,8.420058339834213257e-02
1.362000000000000000e+03,7.960000000000000000e+02,5.818124751873183698e+01,1.490711984999859852e-01,2.350000000000000000e+02,9.059889920000000000e+08,2.646524887040000000e+11,1.314550936222076416e-01
2.520000000000000000e+03,3.987000000000000000e+03,8.696079543958680347e+01,1.860163329510811370e-01,1.580000000000000000e+02,3.761532928000000000e+09,4.043810406400000000e+11,4.026892483234405518e-01
7.690000000000000000e+02,2.421000000000000000e+03,7.407791316732814835e+01,7.692307692307692735e-02,3.240000000000000000e+02,4.153980800000000000e+08,1.759464652800000000e+11,3.340010717511177063e-02
3.544000000000000000e+03,2.480000000000000000e+03,8.887820822600723432e+02,4.166666666666666435e-02,3.200000000000000000e+01,2.188575744000000000e+10,1.215032852480000000e+12,2.247135162353515625e+00
6.230000000000000000e+02,3.763000000000000000e+03,8.303217100320654254e+01,1.386750490563072868e-01,2.400000000000000000e+01,4.572494233600000000e+10,1.500802318336000000e+12,4.620099544525146484e+00
4.950000000000000000e+02,8.310000000000000000e+02,1.468861114877792033e+02,1.963383631246505001e-01,4.900000000000000000e+01,7.905716224000000000e+09,7.715926179840000000e+11,2.006682634353637695e+00
3.816000000000000000e+03,1.264000000000000000e+03,5.807621008725104872e+01,1.863389981249824745e-01,2.580000000000000000e+02,3.662850880000000000e+08,1.533653319680000000e+11,5.041117593646049500e-02
3.425000000000000000e+03,9.460000000000000000e+02,2.238428938746290839e+02,1.315334104411640948e-01,1.620000000000000000e+02,3.060062976000000000e+09,3.823545876480000000e+11,2.805753350257873535e-01
2.255000000000000000e+03,1.345000000000000000e+03,7.418766145121455224e+01,1.802775637731994507e-01,8.100000000000000000e+01,8.068609536000000000e+09,7.168793640960000000e+11,7.845193743705749512e-01
2.580000000000000000e+02,1.293000000000000000e+03,9.154920387360193956e+01,1.428571428571428492e-01,2.340000000000000000e+02,3.983031040000000000e+09,2.327531520000000000e+11,1.931601017713546753e-01
3.992000000000000000e+03,1.516000000000000000e+03,4.720730300257331180e+01,1.720052290384453675e-01,3.070000000000000000e+02,6.826536320000000000e+08,1.672112209920000000e+11,8.619345724582672119e-02
3.195000000000000000e+03,1.264000000000000000e+03,9.382674818788814264e+01,0.000000000000000000e+00,3.020000000000000000e+02,3.371077120000000000e+08,1.820433285120000000e+11,5.045249313116073608e-02
3.177000000000000000e+03,3.607000000000000000e+03,2.927222778145375770e+01,1.720052290384453675e-01,2.670000000000000000e+02,6.016624640000000000e+08,2.037758853120000000e+11,4.424465820193290710e-02
2.723000000000000000e+03,2.470000000000000000e+03,1.262848346265073332e+02,1.016394535227177209e-01,5.300000000000000000e+01,1.131311718400000000e+10,9.541244682240000000e+11,1.090019583702087402e+00
1.406000000000000000e+03,1.436000000000000000e+03,1.250995853842655805e+02,7.692307692307692735e-02,3.060000000000000000e+02,3.563017920000000000e+08,1.718765486080000000e+11,4.105625301599502563e-02
1.030000000000000000e+02,1.330000000000000000e+03,8.832581174568211679e+01,1.567630989332169100e-01,5.000000000000000000e+01,1.556661555200000000e+10,9.990592266240000000e+11,1.033417701721191406e+00
1.389000000000000000e+03,2.581000000000000000e+03,1.539464758544587824e+02,1.976423537605237202e-01,1.890000000000000000e+02,1.658296320000000000e+09,3.660822609920000000e+11,5.479530692100524902e-01
3.273000000000000000e+03,3.288000000000000000e+03,5.293485963660804146e+02,1.875000000000000000e-01,4.000000000000000000e+00,4.576543129600000000e+10,2.901718335488000000e+12,1.090228271484375000e+01
2.246000000000000000e+03,3.782000000000000000e+03,6.048158088627481277e+01,1.874138920735300140e-01,5.500000000000000000e+01,1.614189875200000000e+10,9.459097272320000000e+11,4.489732086658477783e-01
2.544000000000000000e+03,4.340000000000000000e+02,7.805234012580743297e+01,1.087856586440842377e-01,2.720000000000000000e+02,4.101821120000000000e+08,1.716130283520000000e+11,2.681593038141727448e-02
1.822000000000000000e+03,1.055000000000000000e+03,6.624710922216186759e+01,1.176877882894626220e-01,1.080000000000000000e+02,3.472463104000000000e+09,6.062234009600000000e+11,1.079535961151123047e+00
3.163000000000000000e+03,9.050000000000000000e+02,8.689572027493996131e+01,1.428571428571428492e-01,7.900000000000000000e+01,9.350776832000000000e+09,7.296368640000000000e+11,6.641222238540649414e-01
3.560000000000000000e+02,6.190000000000000000e+02,6.357207587849390507e+01,1.802775637731994507e-01,6.900000000000000000e+01,2.519118848000000000e+09,6.528198901760000000e+11,4.075180888175964355e-01
3.433000000000000000e+03,1.225000000000000000e+03,1.350737757261865113e+02,1.176470588235294101e-01,1.000000000000000000e+02,2.065479552000000000e+09,4.219889909760000000e+11,5.504037141799926758e-01
2.573000000000000000e+03,8.370000000000000000e+02,3.744765958934806349e+01,1.442220510185595606e-01,3.500000000000000000e+01,2.461768089600000000e+10,1.257411051520000000e+12,0.000000000000000000e+00
3.204000000000000000e+03,1.939000000000000000e+03,4.288736225756671843e+02,7.443229275647869625e-02,1.130000000000000000e+02,7.726062080000000000e+09,5.761304494080000000e+11,5.950784087181091309e-01
2.971000000000000000e+03,3.718000000000000000e+03,5.649718185616377042e+01,1.663780661615406053e-01,1.300000000000000000e+02,5.315287552000000000e+09,4.184949063680000000e+11,9.917013049125671387e-01
7.000000000000000000e+02,2.350000000000000000e+03,7.300839134800389729e+01,1.397542485937368628e-01,1.490000000000000000e+02,1.993837312000000000e+09,3.625633710080000000e+11,9.843109548091888428e-02
2.168000000000000000e+03,2.607000000000000000e+03,1.050889847773672443e+02,1.567630989332169100e-01,4.800000000000000000e+01,2.004998963200000000e+10,9.887308840960000000e+11,1.277428388595581055e+00
1.844000000000000000e+03,3.662000000000000000e+03,9.974081809228067641e+01,1.976423537605237202e-01,1.870000000000000000e+02,2.693199360000000000e+09,3.451426570240000000e+11,2.012060433626174927e-01
3.530000000000000000e+02,6.250000000000000000e+02,6.521521984682398454e+01,1.581138830084189706e-01,6.900000000000000000e+01,2.519118848000000000e+09,6.528198901760000000e+11,4.075180888175964355e-01
2.245000000000000000e+03,3.789000000000000000e+03,7.379447276084110285e+01,1.363636363636363535e-01,5.500000000000000000e+01,1.614189875200000000e+10,9.459097272320000000e+11,4.489732086658477783e-01
3.280000000000000000e+03,1.279000000000000000e+03,4.508953259490925092e+01,1.976423537605237202e-01,1.440000000000000000e+02,2.995511040000000000e+09,3.637745745920000000e+11,7.464761734008789062e-01
2.420000000000000000e+02,3.015000000000000000e+03,7.698364991120106993e+01,1.178511301977579334e-01,2.530000000000000000e+02,4.436043520000000000e+08,1.612296847360000000e+11,3.729216754436492920e-02
3.975000000000000000e+03,2.593000000000000000e+03,1.395595637869041354e+02,1.663780661615406053e-01,1.640000000000000000e+02,2.869155584000000000e+09,3.821064683520000000e+11,7.292455434799194336e-01
4.390000000000000000e+02,2.730000000000000000e+03,6.882605303172201161e+01,1.428571428571428492e-01,6.000000000000000000e+01,9.892344832000000000e+09,7.822726266880000000e+11,1.314265251159667969e+00
2.137000000000000000e+03,2.748000000000000000e+03,4.360833426131996760e+01,1.663780661615406053e-01,8.900000000000000000e+01,5.015371776000000000e+09,4.318797824000000000e+11,1.743932604789733887e+00
2.139000000000000000e+03,2.744000000000000000e+03,2.970038764128797766e+02,1.176470588235294101e-01,8.900000000000000000e+01,5.015371776000000000e+09,4.318797824000000000e+11,1.743932604789733887e+00
8.570000000000000000e+02,2.068000000000000000e+03,8.900461843336375978e+01,1.374903330507991073e-01,5.600000000000000000e+01,2.377781452800000000e+10,1.003706777600000000e+12,2.094316333532333374e-01
1.274000000000000000e+03,1.808000000000000000e+03,4.869288461180931904e+01,1.767766952966368654e-01,3.600000000000000000e+01,1.450358067200000000e+10,1.097609969664000000e+12,1.465617537498474121e+00
3.277000000000000000e+03,1.283000000000000000e+03,6.234222094157325245e+01,1.875000000000000000e-01,1.440000000000000000e+02,2.995511040000000000e+09,3.637745745920000000e+11,7.464761734008789062e-01
2.518000000000000000e+03,2.834000000000000000e+03,5.335417140780403145e+01,1.087856586440842377e-01,2.710000000000000000e+02,4.502600960000000000e+08,1.904349020160000000e+11,1.080366820096969604e-01
6.140000000000000000e+02,2.589000000000000000e+03,3.553368016050649913e+01,1.944406936956339094e-01,4.100000000000000000e+01,3.039488614400000000e+10,1.064241790976000000e+12,7.708724141120910645e-01
2.639000000000000000e+03,3.078000000000000000e+03,6.939497156849193971e+01,1.527076157636170495e-01,1.500000000000000000e+01,3.527756185600000000e+10,1.735473496064000000e+12,1.871760040521621704e-01
1.831000000000000000e+03,1.936000000000000000e+03,7.759847061708794058e+01,1.315334104411640948e-01,1.560000000000000000e+02,1.740929792000000000e+09,4.219179827200000000e+11,6.084308028221130371e-01
2.971000000000000000e+03,4.400000000000000000e+01,1.024255776807949587e+02,1.851851851851851749e-01,1.100000000000000000e+01,3.576540364800000000e+10,1.680807821312000000e+12,2.075748682022094727e+00
1.624000000000000000e+03,1.036000000000000000e+03,5.442989805410783788e+01,1.863389981249824745e-01,3.460000000000000000e+02,1.095322752000000000e+09,1.446473891840000000e+11,7.075598835945129395e-02
1.136000000000000000e+03,3.895000000000000000e+03,3.850266643198301608e+01,1.795054935711501154e-01,8.000000000000000000e+00,3.991272652800000000e+10,2.224507322368000000e+12,9.772834777832031250e-01
3.089000000000000000e+03,3.617000000000000000e+03,6.175658143119266441e+01,1.428571428571428492e-01,1.800000000000000000e+01,4.353104691200000000e+10,1.882279772160000000e+12,3.471975401043891907e-02
3.813000000000000000e+03,3.580000000000000000e+02,9.437517527787682070e+01,2.000000000000000111e-01,2.080000000000000000e+02,2.188138240000000000e+09,2.766488862720000000e+11,2.967958748340606689e-01
2.641000000000000000e+03,3.075000000000000000e+03,8.099617433120674548e+01,1.656346649999844434e-01,1.500000000000000000e+01,3.527756185600000000e+10,1.735473496064000000e+12,1.871760040521621704e-01
3.076000000000000000e+03,8.740000000000000000e+02,5.540885449529930185e+01,1.397542485937368628e-01,1.700000000000000000e+02,1.429099264000000000e+09,3.279949987840000000e+11,7.364984601736068726e-02
1.494000000000000000e+03,1.685000000000000000e+03,3.320846210150571665e+01,1.863389981249824745e-01,3.110000000000000000e+02,7.309690240000000000e+08,1.309064232960000000e+11,7.439114153385162354e-02
3.856000000000000000e+03,1.349000000000000000e+03,9.466142649025272249e+01,1.767766952966368932e-01,0.000000000000000000e+00,7.301141299200000000e+10,5.371525595136000000e+12,3.230303525924682617e-01
2.253000000000000000e+03,1.120000000000000000e+03,2.638317884326790974e+01,1.600000000000000033e-01,3.800000000000000000e+01,2.731669299200000000e+10,1.339208237056000000e+12,0.000000000000000000e+00
1.620000000000000000e+03,2.508000000000000000e+03,6.189359680850475343e+01,1.397542485937368628e-01,1.930000000000000000e+02,3.885696512000000000e+09,3.168796016640000000e+11,5.713110417127609253e-02
3.640000000000000000e+03,3.129000000000000000e+03,8.053613873903235287e+01,1.176470588235294101e-01,1.280000000000000000e+02,3.839666176000000000e+09,4.332187156480000000e+11,1.764668971300125122e-01
3.102000000000000000e+03,1.260000000000000000e+03,1.245386903718363101e+02,1.064794274999899953e-01,7.300000000000000000e+01,6.995432448000000000e+09,7.722072145920000000e+11,6.042641401290893555e-01
1.393000000000000000e+03,2.579000000000000000e+03,3.261826187570600410e+01,1.976423537605237202e-01,1.890000000000000000e+02,1.658296320000000000e+09,3.660822609920000000e+11,5.479530692100524902e-01
2.636000000000000000e+03,2.681000000000000000e+03,1.790971661881030741e+02,5.892556509887896671e-02,3.900000000000000000e+01,2.389246156800000000e+10,1.108915257344000000e+12,7.688570618629455566e-01
1.470000000000000000e+02,1.421000000000000000e+03,3.958401701026963337e+01,1.860163329510811370e-01,1.470000000000000000e+02,4.709297664000000000e+09,4.262561382400000000e+11,1.654796600341796875e+00
2.610000000000000000e+03,2.000000000000000000e+00,1.266931852182063523e+02,1.338472605742796473e-01,2.200000000000000000e+01,4.871026278400000000e+10,1.682183815168000000e+12,0.000000000000000000e+00
1.766000000000000000e+03,1.271000000000000000e+03,1.298995220214521851e+02,1.315334104411640948e-01,1.320000000000000000e+02,4.678830592000000000e+09,4.214285598720000000e+11,3.574668765068054199e-01
1.178000000000000000e+03,9.450000000000000000e+02,9.360983708068310705e+01,1.720052290384453675e-01,2.660000000000000000e+02,9.486789760000000000e+08,2.049079541760000000e+11,1.377537250518798828e-01
3.819000000000000000e+03,2.186000000000000000e+03,6.245529753401955020e+01,1.829464067837956731e-01,5.000000000000000000e+00,6.303399526400000000e+10,3.637388771328000000e+12,2.569424629211425781e+00
1.438000000000000000e+03,1.475000000000000000e+03,3.901242362692747747e+02,1.397542485937368628e-01,1.910000000000000000e+02,4.317606912000000000e+09,3.233326366720000000e+11,3.796105086803436279e-01
2.234000000000000000e+03,2.157000000000000000e+03,1.674323113244991248e+02,7.071067811865475172e-02,8.300000000000000000e+01,8.956526592000000000e+09,6.515022233600000000e+11,5.435594320297241211e-01
2.883000000000000000e+03,3.526000000000000000e+03,1.773602812187365032e+02,7.692307692307692735e-02,2.500000000000000000e+01,2.538148249600000000e+10,1.442943729664000000e+12,1.294092535972595215e-01
3.079000000000000000e+03,3.259000000000000000e+03,1.230592039955446495e+02,1.976423537605237202e-01,1.340000000000000000e+02,7.659243520000000000e+08,3.657010708480000000e+11,2.813197076320648193e-01
1.010000000000000000e+02,1.332000000000000000e+03,9.258096206544928464e+02,4.347826086956521618e-02,5.000000000000000000e+01,1.556661555200000000e+10,9.990592266240000000e+11,1.033417701721191406e+00
2.881000000000000000e+03,1.360000000000000000e+02,8.985842849538997257e+01,7.142857142857142461e-02,2.490000000000000000e+02,9.528133760000000000e+08,2.377785835520000000e+11,1.267889738082885742e-01
3.557000000000000000e+03,3.412000000000000000e+03,1.235963344315279215e+02,1.756820922315766309e-01,1.360000000000000000e+02,5.107780096000000000e+09,4.809077555200000000e+11,6.091393232345581055e-01
1.564000000000000000e+03,4.220000000000000000e+02,6.591978805026361954e+01,1.010152544552210818e-01,2.460000000000000000e+02,6.425163520000000000e+08,2.422428467200000000e+11,1.008660122752189636e-01
3.680000000000000000e+02,3.311000000000000000e+03,4.060445374056843661e+02,1.176877882894626220e-01,4.600000000000000000e+01,1.400953139200000000e+10,6.190456504320000000e+11,1.350523829460144043e+00
1.657000000000000000e+03,1.080000000000000000e+03,3.078583994962070847e+01,1.976423537605237202e-01,1.750000000000000000e+02,1.725437440000000000e+09,3.437754777600000000e+11,2.619169652462005615e-01
3.019000000000000000e+03,5.650000000000000000e+02,6.277321693757875209e+01,1.242259987499883256e-01,1.220000000000000000e+02,6.462716928000000000e+09,4.743136870400000000e+11,2.938182950019836426e-01
3.518000000000000000e+03,2.190000000000000000e+03,1.183756470920110075e+02,1.875000000000000000e-01,1.900000000000000000e+02,2.307150592000000000e+09,3.480266670080000000e+11,2.627476155757904053e-01
2.804000000000000000e+03,3.047000000000000000e+03,7.451478095376423880e+02,1.571348402636772446e-01,1.270000000000000000e+02,1.076523008000000000e+10,4.631417978880000000e+11,1.170760273933410645e+00
3.402000000000000000e+03,1.758000000000000000e+03,2.730726714607705929e+01,2.000000000000000111e-01,2.050000000000000000e+02,2.007096576000000000e+09,3.110571868160000000e+11,3.634668886661529541e-02
2.614000000000000000e+03,4.000000000000000000e+00,6.357825038740872969e+01,1.997944760183956725e-01,2.200000000000000000e+01,4.871026278400000000e+10,1.682183815168000000e+12,0.000000000000000000e+00
9.180000000000000000e+02,6.000000000000000000e+01,1.387310554731862453e+02,1.561737618886060719e-01,2.000000000000000000e+00,4.836097638400000000e+10,5.956759453696000000e+12,4.612917602062225342e-01
1.751000000000000000e+03,2.638000000000000000e+03,9.980680695734960750e+01,1.052631578947368363e-01,1.100000000000000000e+02,5.270673408000000000e+09,5.406609571840000000e+11,2.526594698429107666e-01
8.130000000000000000e+02,1.470000000000000000e+03,9.022673551192531249e+01,2.000000000000000111e-01,9.100000000000000000e+01,3.535630080000000000e+09,6.492895313920000000e+11,8.669794797897338867e-01
6.300000000000000000e+02,1.689000000000000000e+03,9.862075304266134879e+01,1.863389981249824745e-01,2.970000000000000000e+02,8.341594240000000000e+08,1.482848174080000000e+11,3.178405389189720154e-02
4.900000000000000000e+02,1.818000000000000000e+03,4.555373576990229623e+01,1.717960677340691911e-01,1.400000000000000000e+01,2.384566476800000000e+10,1.169877762048000000e+12,1.326438903808593750e+00
3.682000000000000000e+03,2.874000000000000000e+03,3.227716253227759324e+01,1.264911064067351931e-01,3.300000000000000000e+01,2.596919091200000000e+10,1.392400793600000000e+12,4.729880765080451965e-02
1.980000000000000000e+03,1.504000000000000000e+03,1.205052166616406737e+02,1.663780661615406053e-01,1.500000000000000000e+02,2.156276224000000000e+09,3.887007006720000000e+11,2.612947225570678711e-01
1.390000000000000000e+03,2.582000000000000000e+03,1.106731907226818521e+02,1.250000000000000000e-01,1.890000000000000000e+02,1.658296320000000000e+09,3.660822609920000000e+11,5.479530692100524902e-01
3.813000000000000000e+03,2.187000000000000000e+03,1.714805268224909582e+02,1.277753129999879833e-01,5.000000000000000000e+00,6.303399526400000000e+10,3.637388771328000000e+12,2.569424629211425781e+00
1.967000000000000000e+03,3.821000000000000000e+03,6.013368258073857930e+01,1.863389981249824745e-01,3.340000000000000000e+02,9.783617280000000000e+08,1.536872611840000000e+11,4.243917018175125122e-02
3.536000000000000000e+03,2.645000000000000000e+03,4.907894751281868650e+01,1.863389981249824745e-01,3.440000000000000000e+02,7.274041600000000000e+08,1.387446599680000000e+11,1.718518696725368500e-02
6.510000000000000000e+02,3.901000000000000000e+03,7.908808079782912159e+01,1.597191412499849861e-01,1.880000000000000000e+02,6.476391680000000000e+08,2.439948533760000000e+11,3.397938311100006104e-01
2.087000000000000000e+03,3.076000000000000000e+03,5.942065596866209631e+01,1.764705882352941291e-01,1.570000000000000000e+02,3.798783232000000000e+09,3.840699924480000000e+11,9.788149595260620117e-01
3.393000000000000000e+03,2.938000000000000000e+03,5.444422319388765885e+01,1.505846504842085487e-01,7.400000000000000000e+01,1.621565542400000000e+10,7.788651479040000000e+11,5.994437336921691895e-01
2.290000000000000000e+03,1.186000000000000000e+03,9.122683950531249764e+01,1.087856586440842377e-01,2.740000000000000000e+02,5.024897280000000000e+08,1.785749667840000000e+11,4.372858628630638123e-02
1.607000000000000000e+03,2.956000000000000000e+03,1.140619181404560010e+02,1.874138920735300140e-01,5.400000000000000000e+01,1.041408819200000000e+10,8.919000023040000000e+11,2.400319814682006836e+00
2.600000000000000000e+01,1.896000000000000000e+03,9.126633227224257894e+01,1.499999999999999944e-01,8.600000000000000000e+01,8.359140864000000000e+09,6.356979548160000000e+11,3.633834123611450195e-01
2.025000000000000000e+03,7.830000000000000000e+02,1.396918559320399140e+02,9.523809523809523281e-02,6.400000000000000000e+01,8.225184256000000000e+09,7.782105088000000000e+11,7.376434803009033203e-01
1.789000000000000000e+03,6.950000000000000000e+02,1.055654351332154732e+02,1.664356663246515655e-01,9.600000000000000000e+01,7.474629632000000000e+09,5.915148943360000000e+11,2.710782289505004883e-01
2.180000000000000000e+02,9.010000000000000000e+02,2.288001853694635912e+01,1.538461538461538547e-01,3.100000000000000000e+02,4.837222720000000000e+08,1.678692352000000000e+11,1.754781417548656464e-02
3.205000000000000000e+03,1.940000000000000000e+03,1.760643153577508428e+02,1.052631578947368363e-01,1.130000000000000000e+02,7.726062080000000000e+09,5.761304494080000000e+11,5.950784087181091309e-01
7.270000000000000000e+02,2.774000000000000000e+03,2.049216095573582095e+02,1.788854381999831766e-01,2.900000000000000000e+01,1.928219033600000000e+10,1.265615634432000000e+12,2.214435577392578125e+00
1.622000000000000000e+03,1.602000000000000000e+03,1.322971583617141107e+02,1.756820922315766309e-01,1.120000000000000000e+02,4.358597632000000000e+09,5.040958341120000000e+11,4.804726839065551758e-01
1.492000000000000000e+03,2.864000000000000000e+03,5.930334502667876251e+01,1.428571428571428492e-01,2.100000000000000000e+02,6.465219840000000000e+08,2.291632046080000000e+11,9.430054575204849243e-02
2.191000000000000000e+03,1.649000000000000000e+03,4.909452069335636537e+01,1.863389981249824745e-01,3.120000000000000000e+02,5.148074560000000000e+08,1.380568104960000000e+11,2.518250979483127594e-02
2.380000000000000000e+03,1.724000000000000000e+03,1.684930263092999212e+02,1.860163329510811370e-01,1.390000000000000000e+02,8.027903488000000000e+09,4.483424911360000000e+11,3.236294984817504883e-01
1.606000000000000000e+03,2.123000000000000000e+03,5.019159358298737317e+01,1.963383631246505001e-01,6.700000000000000000e+01,2.263678566400000000e+10,7.642853539840000000e+11,1.249879002571105957e+00
6.860000000000000000e+02,1.610000000000000000e+03,7.505256084849729348e+01,1.488645855129573925e-01,1.060000000000000000e+02,8.503719424000000000e+09,5.539100098560000000e+11,1.529115915298461914e+00
3.852000000000000000e+03,1.354000000000000000e+03,1.594567658866347983e+02,9.013878188659972535e-02,0.000000000000000000e+00,7.301141299200000000e+10,5.371525595136000000e+12,3.230303525924682617e-01
3.194000000000000000e+03,3.799000000000000000e+03,2.197600769339353235e+02,1.666666666666666574e-01,3.100000000000000000e+01,1.797018828800000000e+10,1.127008960512000000e+12,9.884166121482849121e-01
3.427000000000000000e+03,9.430000000000000000e+02,4.854022955376804305e+01,8.318903308077030267e-02,1.620000000000000000e+02,3.060062976000000000e+09,3.823545876480000000e+11,2.805753350257873535e-01
3.661000000000000000e+03,4.580000000000000000e+02,4.229772161407721143e+01,1.346870059402947850e-01,7.500000000000000000e+01,9.171800064000000000e+09,7.418361282560000000e+11,1.302706003189086914e+00
1.490000000000000000e+03,2.863000000000000000e+03,6.380338805127144042e+01,1.597191412499849861e-01,2.100000000000000000e+02,6.465219840000000000e+08,2.291632046080000000e+11,9.430054575204849243e-02
3.640000000000000000e+02,2.163000000000000000e+03,4.634646199178052228e+01,1.764705882352941291e-01,1.000000000000000000e+00,8.831377408000000000e+10,3.447775821824000000e+12,4.181708395481109619e-01
7.560000000000000000e+02,2.820000000000000000e+03,5.060836782917237997e+01,1.428571428571428492e-01,2.780000000000000000e+02,1.045625408000000000e+09,2.224233349120000000e+11,9.319210797548294067e-02
3.074000000000000000e+03,2.405000000000000000e+03,1.236950260916058824e+02,1.818181818181818232e-01,2.000000000000000000e+01,2.138906214400000000e+10,9.160418918400000000e+11,6.593467593193054199e-01
4.110000000000000000e+02,3.222000000000000000e+03,5.962416808305430749e+01,1.597191412499849861e-01,2.560000000000000000e+02,4.778569280000000000e+08,2.355664158720000000e+11,1.097523197531700134e-01
2.380000000000000000e+02,1.134000000000000000e+03,8.741465903226732337e+01,1.792654619833765339e-01,5.700000000000000000e+01,8.470172672000000000e+09,9.695676334080000000e+11,1.448810100555419922e+00
3.854000000000000000e+03,1.358000000000000000e+03,1.073767058287521223e+02,5.590169943749474790e-02,0.000000000000000000e+00,7.301141299200000000e+10,5.371525595136000000e+12,3.230303525924682617e-01
3.497000000000000000e+03,3.185000000000000000e+03,1.098345754045235196e+02,1.581138830084189706e-01,7.200000000000000000e+01,1.264045465600000000e+10,6.807097835520000000e+11,5.790898799896240234e-01
1.307000000000000000e+03,2.008000000000000000e+03,7.692535105715548127e+01,1.567630989332169100e-01,4.200000000000000000e+01,1.348992307200000000e+10,1.067025235968000000e+12,3.646400213241577148e+00
3.390000000000000000e+02,1.474000000000000000e+03,1.460032058306761193e+01,6.896551724137930939e-02,1.700000000000000000e+01,5.264295936000000000e+10,2.150357925888000000e+12,1.609793305397033691e-01
2.400000000000000000e+02,1.138000000000000000e+03,1.003344424288833636e+02,1.304347826086956486e-01,5.700000000000000000e+01,8.470172672000000000e+09,9.695676334080000000e+11,1.448810100555419922e+00
2.890000000000000000e+03,3.526000000000000000e+03,1.465259147998137053e+02,1.923076923076923184e-01,2.500000000000000000e+01,2.538148249600000000e+10,1.442943729664000000e+12,1.294092535972595215e-01
3.146000000000000000e+03,9.970000000000000000e+02,1.293147392978886216e+02,7.856742013183862228e-02,9.300000000000000000e+01,4.418263040000000000e+09,4.843336171520000000e+11,1.032378077507019043e+00
4.380000000000000000e+02,2.727000000000000000e+03,2.038959752080731391e+02,1.716929178792375721e-01,6.000000000000000000e+01,9.892344832000000000e+09,7.822726266880000000e+11,1.314265251159667969e+00
4.330000000000000000e+02,2.730000000000000000e+03,2.393021360360945380e+02,1.428571428571428492e-01,6.000000000000000000e+01,9.892344832000000000e+09,7.822726266880000000e+11,1.314265251159667969e+00
3.402000000000000000e+03,1.755000000000000000e+03,1.392374623786291465e+02,0.000000000000000000e+00,2.050000000000000000e+02,2.007096576000000000e+09,3.110571868160000000e+11,3.634668886661529541e-02
2.772000000000000000e+03,3.250000000000000000e+02,3.453928251753285394e+02,1.397542485937368628e-01,1.760000000000000000e+02,1.897518080000000000e+09,3.672120360960000000e+11,2.138888686895370483e-01
1.650000000000000000e+03,3.697000000000000000e+03,6.038874811258484954e+01,1.052631578947368363e-01,9.700000000000000000e+01,2.464083968000000000e+09,5.523820380160000000e+11,3.607912957668304443e-01
3.201000000000000000e+03,3.800000000000000000e+03,2.506813973648756644e+02,1.317615691736824801e-01,3.100000000000000000e+01,1.797018828800000000e+10,1.127008960512000000e+12,9.884166121482849121e-01
3.778000000000000000e+03,1.083000000000000000e+03,7.427838722230499968e+01,1.666666666666666574e-01,3.290000000000000000e+02,6.989276160000000000e+08,1.463262740480000000e+11,5.058890208601951599e-02
2.406000000000000000e+03,1.305000000000000000e+03,6.780939116357131979e+01,1.571348402636772168e-01,2.100000000000000000e+01,3.967555993600000000e+10,1.669329846272000000e+12,7.246407270431518555e-01
2.969000000000000000e+03,3.716000000000000000e+03,6.670325764529585513e+02,0.000000000000000000e+00,1.300000000000000000e+02,5.315287552000000000e+09,4.184949063680000000e+11,9.917013049125671387e-01
2.828000000000000000e+03,1.217000000000000000e+03,4.795181403502775197e+01,1.242259987499883256e-01,9.800000000000000000e+01,2.222143232000000000e+09,4.761788416000000000e+11,2.608013153076171875e-01
2.971000000000000000e+03,3.717000000000000000e+03,4.730649119149622805e+01,1.315334104411640948e-01,1.300000000000000000e+02,5.315287552000000000e+09,4.184949063680000000e+11,9.917013049125671387e-01
4.130000000000000000e+02,1.370000000000000000e+03,5.565463893033785325e+01,1.176470588235294101e-01,3.000000000000000000e+00,6.902842163200000000e+10,3.272609628160000000e+12,7.570462226867675781e-01
2.340000000000000000e+03,2.442000000000000000e+03,4.928715146110403111e+01,2.000000000000000111e-01,1.600000000000000000e+01,3.099138048000000000e+10,1.294922940416000000e+12,4.591097354888916016e+00
3.391000000000000000e+03,2.938000000000000000e+03,9.745249436473375226e+01,6.734350297014739251e-02,7.400000000000000000e+01,1.621565542400000000e+10,7.788651479040000000e+11,5.994437336921691895e-01
1.417000000000000000e+03,1.422000000000000000e+03,7.676254689494093952e+01,1.860163329510811370e-01,1.520000000000000000e+02,4.673288192000000000e+09,3.888040181760000000e+11,1.391681879758834839e-01
1.760000000000000000e+02,2.692000000000000000e+03,3.579979737937675566e+01,1.860163329510811370e-01,1.190000000000000000e+02,2.209803520000000000e+09,4.380837478400000000e+11,6.837707161903381348e-01
2.608000000000000000e+03,2.000000000000000000e+00,6.853143421667813584e+01,1.854076441601946457e-01,2.200000000000000000e+01,4.871026278400000000e+10,1.682183815168000000e+12,0.000000000000000000e+00
3.335000000000000000e+03,8.190000000000000000e+02,6.719955823961083752e+01,1.176470588235294101e-01,1.590000000000000000e+02,2.247792128000000000e+09,3.937771847680000000e+11,1.870324611663818359e-01
1.952000000000000000e+03,1.566000000000000000e+03,7.492404041339813148e+01,1.767766952966368932e-01,1.670000000000000000e+02,3.063771904000000000e+09,3.769188679680000000e+11,6.263079047203063965e-01
2.258000000000000000e+03,2.188000000000000000e+03,9.435233158104091444e+01,7.142857142857142461e-02,2.450000000000000000e+02,6.759123840000000000e+08,2.125311344640000000e+11,2.900222241878509521e-01
3.440000000000000000e+03,5.110000000000000000e+02,6.351653018836560705e+01,1.488645855129573925e-01,5.900000000000000000e+01,4.818864128000000000e+09,5.752418467840000000e+11,5.228825211524963379e-01
2.163000000000000000e+03,2.853000000000000000e+03,4.539352727005325505e+01,1.863389981249824745e-01,3.230000000000000000e+02,7.089058560000000000e+08,1.494411345920000000e+11,1.456113308668136597e-01
3.703000000000000000e+03,3.719000000000000000e+03,6.828995433029400886e+01,1.250000000000000000e-01,1.950000000000000000e+02,2.191118592000000000e+09,3.672240619520000000e+11,2.955987751483917236e-01
2.221000000000000000e+03,3.056000000000000000e+03,8.894218358017602100e+01,1.229750923802691437e-01,1.200000000000000000e+01,3.063368704000000000e+10,1.071789244416000000e+12,1.678610682487487793e+00
3.550000000000000000e+02,2.163000000000000000e+03,1.116404723233136309e+02,8.823529411764706454e-02,1.000000000000000000e+00,8.831377408000000000e+10,3.447775821824000000e+12,4.181708395481109619e-01
1.317000000000000000e+03,2.830000000000000000e+03,9.317705522725168521e+01,1.538461538461538547e-01,2.620000000000000000e+02,3.926612800000000000e+08,2.037588623360000000e+11,7.410188764333724976e-02
4.880000000000000000e+02,1.815000000000000000e+03,3.460189273522070152e+01,1.178511301977579334e-01,1.400000000000000000e+01,2.384566476800000000e+10,1.169877762048000000e+12,1.326438903808593750e+00
7.700000000000000000e+02,2.422000000000000000e+03,1.250937117564337058e+02,7.692307692307692735e-02,3.240000000000000000e+02,4.153980800000000000e+08,1.759464652800000000e+11,3.340010717511177063e-02
5.230000000000000000e+02,1.421000000000000000e+03,8.705803042047639906e+01,0.000000000000000000e+00,1.400000000000000000e+02,1.417431680000000000e+09,1.728836894720000000e+11,9.872478991746902466e-02
6.240000000000000000e+02,3.760000000000000000e+03,5.997380050742194157e+01,1.585809856006792640e-01,2.400000000000000000e+01,4.572494233600000000e+10,1.500802318336000000e+12,4.620099544525146484e+00
2.064000000000000000e+03,3.999000000000000000e+03,7.217973458041799972e+01,1.720052290384453675e-01,1.780000000000000000e+02,3.707405120000000000e+08,1.698027438080000000e+11,1.132679879665374756e-01
2.498000000000000000e+03,2.619000000000000000e+03,1.651208959732008168e+02,1.538461538461538547e-01,2.200000000000000000e+02,8.441690240000000000e+08,1.855676416000000000e+11,9.814136475324630737e-02
1.619000000000000000e+03,5.700000000000000000e+01,1.649267967953608434e+02,1.315334104411640948e-01,1.260000000000000000e+02,4.513734144000000000e+09,4.525443645440000000e+11,9.953110814094543457e-01
2.950000000000000000e+02,2.468000000000000000e+03,8.303922784767867427e+01,7.692307692307692735e-02,2.000000000000000000e+02,8.640007680000000000e+08,2.070236200960000000e+11,9.774547070264816284e-02
7.290000000000000000e+02,2.776000000000000000e+03,6.637039206779748213e+01,1.788854381999831766e-01,2.900000000000000000e+01,1.928219033600000000e+10,1.265615634432000000e+12,2.214435577392578125e+00
2.639000000000000000e+03,2.680000000000000000e+03,5.478046401273220312e+01,1.863389981249824745e-01,3.900000000000000000e+01,2.389246156800000000e+10,1.108915257344000000e+12,7.688570618629455566e-01
2.975000000000000000e+03,4.000000000000000000e+01,1.115795430779880348e+02,1.527076157636170495e-01,1.100000000000000000e+01,3.576540364800000000e+10,1.680807821312000000e+12,2.075748682022094727e+00
2.728000000000000000e+03,2.468000000000000000e+03,7.917002012244493869e+01,1.818181818181818232e-01,5.300000000000000000e+01,1.131311718400000000e+10,9.541244682240000000e+11,1.090019583702087402e+00
2.249000000000000000e+03,3.785000000000000000e+03,5.445021404812734289e+01,1.874138920735300140e-01,5.500000000000000000e+01,1.614189875200000000e+10,9.459097272320000000e+11,4.489732086658477783e-01
2.634000000000000000e+03,2.678000000000000000e+03,1.585594796148440366e+02,1.717960677340691911e-01,3.900000000000000000e+01,2.389246156800000000e+10,1.108915257344000000e+12,7.688570618629455566e-01
8.090000000000000000e+02,1.471000000000000000e+03,5.947624668702753752e+02,5.000000000000000278e-02,9.100000000000000000e+01,3.535630080000000000e+09,6.492895313920000000e+11,8.669794797897338867e-01
1.412000000000000000e+03,1.626000000000000000e+03,1.137985503226360180e+02,1.176877882894626220e-01,8.200000000000000000e+01,6.161942016000000000e+09,5.409183170560000000e+11,9.187395125627517700e-02
1.136000000000000000e+03,8.760000000000000000e+02,2.749152576370278567e+01,1.333333333333333315e-01,1.970000000000000000e+02,3.027413504000000000e+09,3.112459632640000000e+11,4.253049790859222412e-01
1.280000000000000000e+02,2.329000000000000000e+03,7.056391471701857654e+02,8.600261451922268374e-02,1.000000000000000000e+01,1.996886425600000000e+10,1.406474911744000000e+12,1.505521297454833984e+00
3.453000000000000000e+03,1.419000000000000000e+03,9.891486485893868519e+01,1.111111111111111049e-01,1.240000000000000000e+02,4.137655552000000000e+09,4.729755729920000000e+11,5.137715339660644531e-01
2.574000000000000000e+03,8.410000000000000000e+02,7.349354971923283131e+01,1.131370849898476055e-01,3.500000000000000000e+01,2.461768089600000000e+10,1.257411051520000000e+12,0.000000000000000000e+00
1.061000000000000000e+03,1.190000000000000000e+02,3.653388616823439605e+01,1.490711984999859852e-01,1.660000000000000000e+02,1.370045440000000000e+09,2.645352611840000000e+11,2.215686142444610596e-01
4.930000000000000000e+02,8.310000000000000000e+02,1.892439079207549355e+02,1.064794274999899953e-01,4.900000000000000000e+01,7.905716224000000000e+09,7.715926179840000000e+11,2.006682634353637695e+00
3.672000000000000000e+03,1.165000000000000000e+03,6.665840791488855643e+01,1.756820922315766309e-01,1.030000000000000000e+02,4.909637632000000000e+09,5.050224476160000000e+11,1.168877959251403809e+00
2.326000000000000000e+03,1.637000000000000000e+03,5.390524767033794262e+01,1.490711984999859852e-01,1.370000000000000000e+02,9.244498560000000000e+08,2.924000378880000000e+11,2.638534903526306152e-01
4.380000000000000000e+02,2.731000000000000000e+03,6.309452040986985111e+01,1.064794274999899953e-01,6.000000000000000000e+01,9.892344832000000000e+09,7.822726266880000000e+11,1.314265251159667969e+00
6.900000000000000000e+01,3.757000000000000000e+03,9.147796894532126544e+01,1.860163329510811370e-01,1.540000000000000000e+02,3.961576704000000000e+09,4.022394880000000000e+11,4.600262939929962158e-01
8.410000000000000000e+02,4.380000000000000000e+02,2.355642287358234057e+02,1.581138830084189706e-01,7.700000000000000000e+01,9.925042176000000000e+09,7.026825625600000000e+11,1.432763218879699707e+00
1.658000000000000000e+03,1.080000000000000000e+03,4.522982579663153047e+01,1.875000000000000000e-01,1.750000000000000000e+02,1.725437440000000000e+09,3.437754777600000000e+11,2.619169652462005615e-01
3.570000000000000000e+02,2.168000000000000000e+03,5.685886179993271128e+01,1.499711621644936599e-01,1.000000000000000000e+00,8.831377408000000000e+10,3.447775821824000000e+12,4.181708395481109619e-01
2.224000000000000000e+03,3.061000000000000000e+03,5.902222773994872540e+01,1.374903330507991073e-01,1.200000000000000000e+01,3.063368704000000000e+10,1.071789244416000000e+12,1.678610682487487793e+00
4.070000000000000000e+02,1.367000000000000000e+03,8.597778015285621223e+01,1.789047803028888106e-01,3.000000000000000000e+00,6.902842163200000000e+10,3.272609628160000000e+12,7.570462226867675781e-01
2.020000000000000000e+02,3.750000000000000000e+02,9.453821706498982280e+01,1.315334104411640948e-01,1.650000000000000000e+02,2.563304704000000000e+09,4.133531811840000000e+11,7.525227665901184082e-01
2.370000000000000000e+02,1.135000000000000000e+03,1.403320862885137217e+02,1.304347826086956486e-01,5.700000000000000000e+01,8.470172672000000000e+09,9.695676334080000000e+11,1.448810100555419922e+00
3.144000000000000000e+03,2.903000000000000000e+03,5.923070521479127137e+01,1.818181818181818232e-01,2.610000000000000000e+02,5.887129600000000000e+08,1.202718965760000000e+11,1.132023856043815613e-01
2.243000000000000000e+03,3.784000000000000000e+03,1.198908399809772476e+02,1.285648693066450132e-01,5.500000000000000000e+01,1.614189875200000000e+10,9.459097272320000000e+11,4.489732086658477783e-01
2.614000000000000000e+03,8.870000000000000000e+02,9.201606596257857973e+01,1.863389981249824745e-01,3.430000000000000000e+02,4.670362560000000000e+08,1.352379514880000000e+11,9.790216572582721710e-03
1.302000000000000000e+03,2.006000000000000000e+03,6.024952552545654498e+02,1.374903330507991073e-01,4.200000000000000000e+01,1.348992307200000000e+10,1.067025235968000000e+12,3.646400213241577148e+00
4.790000000000000000e+02,3.383000000000000000e+03,3.030990536818321246e+01,1.863389981249824745e-01,3.370000000000000000e+02,3.180891520000000000e+08,1.595851407360000000e+11,0.000000000000000000e+00
2.466000000000000000e+03,3.117000000000000000e+03,9.630862412935387056e+02,3.448275862068965469e-02,7.000000000000000000e+00,4.260092313600000000e+10,2.118265864192000000e+12,1.421061873435974121e+00
1.389000000000000000e+03,2.583000000000000000e+03,3.333452982764295314e+01,1.976423537605237202e-01,1.890000000000000000e+02,1.658296320000000000e+09,3.660822609920000000e+11,5.479530692100524902e-01
2.501000000000000000e+03,2.618000000000000000e+03,1.274866901185899764e+02,1.087856586440842377e-01,2.200000000000000000e+02,8.441690240000000000e+08,1.855676416000000000e+11,9.814136475324630737e-02
3.220000000000000000e+03,2.256000000000000000e+03,1.456213815571709631e+02,1.488645855129573925e-01,9.400000000000000000e+01,5.039864832000000000e+09,6.060616581120000000e+11,6.635777950286865234e-01
3.697000000000000000e+03,1.377000000000000000e+03,5.177690438293353026e+01,1.663780661615406053e-01,1.410000000000000000e+02,5.124332032000000000e+09,4.340172062720000000e+11,8.931189179420471191e-01
1.140000000000000000e+03,3.899000000000000000e+03,8.628178065274774156e+01,7.453559924999299258e-02,8.000000000000000000e+00,3.991272652800000000e+10,2.224507322368000000e+12,9.772834777832031250e-01
2.141000000000000000e+03,1.476000000000000000e+03,8.482495084085176984e+01,1.333333333333333315e-01,1.940000000000000000e+02,8.222473600000000000e+08,2.805040742400000000e+11,9.123795479536056519e-02
7.430000000000000000e+02,3.031000000000000000e+03,1.617253527080958122e+02,1.242259987499883256e-01,1.350000000000000000e+02,3.606882304000000000e+09,4.865386741760000000e+11,4.158747792243957520e-01
8.060000000000000000e+02,1.472000000000000000e+03,6.467171355125475429e+01,1.802775637731994507e-01,9.100000000000000000e+01,3.535630080000000000e+09,6.492895313920000000e+11,8.669794797897338867e-01
3.446000000000000000e+03,2.859000000000000000e+03,1.233270855581183554e+02,1.897658566033678385e-01,6.600000000000000000e+01,5.837941760000000000e+09,6.081861386240000000e+11,1.099951863288879395e+00
8.450000000000000000e+02,2.143000000000000000e+03,8.736525559073746194e+01,1.666666666666666574e-01,3.270000000000000000e+02,5.939808000000000000e+08,1.465437716480000000e+11,7.499665021896362305e-02
2.236000000000000000e+03,2.156000000000000000e+03,1.315297773346330246e+02,1.118033988749894958e-01,8.300000000000000000e+01,8.956526592000000000e+09,6.515022233600000000e+11,5.435594320297241211e-01
2.579000000000000000e+03,8.410000000000000000e+02,3.011838030123753995e+01,1.442220510185595606e-01,3.500000000000000000e+01,2.461768089600000000e+10,1.257411051520000000e+12,0.000000000000000000e+00
2.856000000000000000e+03,1.473000000000000000e+03,1.260943223568008449e+02,1.178511301977579334e-01,3.080000000000000000e+02,7.085787520000000000e+08,1.645988904960000000e+11,9.297596663236618042e-02
1.309000000000000000e+03,2.007000000000000000e+03,6.874219900825093532e+01,1.944406936956339094e-01,4.200000000000000000e+01,1.348992307200000000e+10,1.067025235968000000e+12,3.646400213241577148e+00
1.493000000000000000e+03,2.862000000000000000e+03,1.031945450499070773e+02,7.142857142857142461e-02,2.100000000000000000e+02,6.465219840000000000e+08,2.291632046080000000e+11,9.430054575204849243e-02
3.847000000000000000e+03,1.356000000000000000e+03,1.503598539679536259e+02,2.000000000000000111e-01,0.000000000000000000e+00,7.301141299200000000e+10,5.371525595136000000e+12,3.230303525924682617e-01
3.439000000000000000e+03,5.100000000000000000e+02,6.703599861020856565e+01,1.664356663246515655e-01,5.900000000000000000e+01,4.818864128000000000e+09,5.752418467840000000e+11,5.228825211524963379e-01
6.520000000000000000e+02,3.901000000000000000e+03,3.428178265407415211e+02,1.010152544552210818e-01,1.880000000000000000e+02,6.476391680000000000e+08,2.439948533760000000e+11,3.397938311100006104e-01
2.163000000000000000e+03,2.605000000000000000e+03,1.181955270682286567e+02,1.944406936956339094e-01,4.800000000000000000e+01,2.004998963200000000e+10,9.887308840960000000e+11,1.277428388595581055e+00
1.312000000000000000e+03,1.396000000000000000e+03,8.975893624292592676e+01,1.000000000000000056e-01,3.400000000000000000e+01,1.266510643200000000e+10,7.028321812480000000e+11,3.640272617340087891e-01
3.154000000000000000e+03,3.365000000000000000e+03,1.033769685050641272e+02,1.315334104411640948e-01,1.160000000000000000e+02,3.793797120000000000e+09,4.191869009920000000e+11,2.268115729093551636e-01
2.390000000000000000e+03,2.540000000000000000e+03,6.191844504905761823e+02,1.346870059402947850e-01,2.300000000000000000e+01,1.991361945600000000e+10,7.920974561280000000e+11,1.786077260971069336e+00
3.276000000000000000e+03,3.293000000000000000e+03,1.078822322157550531e+02,9.882117688026186009e-02,4.000000000000000000e+00,4.576543129600000000e+10,2.901718335488000000e+12,1.090228271484375000e+01
1.268000000000000000e+03,3.927000000000000000e+03,3.840160365155107058e+01,1.961161351381840168e-01,2.700000000000000000e+01,4.451796172800000000e+10,1.408662896640000000e+12,3.526160120964050293e-01
4.870000000000000000e+02,8.310000000000000000e+02,9.746227290709755664e+01,1.963383631246505001e-01,4.900000000000000000e+01,7.905716224000000000e+09,7.715926179840000000e+11,2.006682634353637695e+00
3.445000000000000000e+03,5.080000000000000000e+02,5.397474460792955853e+01,1.664356663246515655e-01,5.900000000000000000e+01,4.818864128000000000e+09,5.752418467840000000e+11,5.228825211524963379e-01
2.339000000000000000e+03,2.446000000000000000e+03,6.774124177982240269e+01,1.264911064067351931e-01,1.600000000000000000e+01,3.099138048000000000e+10,1.294922940416000000e+12,4.591097354888916016e+00
1.362000000000000000e+03,7.970000000000000000e+02,6.677975596919391421e+01,9.428090415820634951e-02,2.350000000000000000e+02,9.059889920000000000e+08,2.646524887040000000e+11,1.314550936222076416e-01
3.423000000000000000e+03,9.430000000000000000e+02,3.576091758213548388e+01,1.860163329510811370e-01,1.620000000000000000e+02,3.060062976000000000e+09,3.823545876480000000e+11,2.805753350257873535e-01
3.854000000000000000e+03,1.359000000000000000e+03,1.059382068361745866e+02,7.905694150420948529e-02,0.000000000000000000e+00,7.301141299200000000e+10,5.371525595136000000e+12,3.230303525924682617e-01
1.653000000000000000e+03,3.696000000000000000e+03,3.501383497297629788e+01,1.664356663246515655e-01,9.700000000000000000e+01,2.464083968000000000e+09,5.523820380160000000e+11,3.607912957668304443e-01
2.261000000000000000e+03,5.920000000000000000e+02,5.625253720382021783e+01,1.087856586440842377e-01,3.040000000000000000e+02,3.876726720000000000e+08,1.808310599680000000e+11,3.964058309793472290e-02
2.378000000000000000e+03,3.821000000000000000e+03,1.021223325252275345e+02,1.176470588235294101e-01,1.070000000000000000e+02,3.027658752000000000e+09,4.165613977600000000e+11,1.792184859514236450e-01
1.800000000000000000e+03,1.759000000000000000e+03,4.367041099479714461e+01,1.863389981249824745e-01,3.310000000000000000e+02,5.589888000000000000e+08,1.546249994240000000e+11,9.391003102064132690e-02
2.339000000000000000e+03,2.445000000000000000e+03,5.387904231683818779e+01,1.199999999999999956e-01,1.600000000000000000e+01,3.099138048000000000e+10,1.294922940416000000e+12,4.591097354888916016e+00
2.420000000000000000e+02,3.014000000000000000e+03,5.648053239224596922e+01,1.863389981249824745e-01,2.530000000000000000e+02,4.436043520000000000e+08,1.612296847360000000e+11,3.729216754436492920e-02
1.150000000000000000e+02,3.026000000000000000e+03,8.808679684048971126e+01,1.397542485937368628e-01,1.810000000000000000e+02,1.703606272000000000e+09,3.191276830720000000e+11,1.524101495742797852e-01
1.789000000000000000e+03,6.980000000000000000e+02,8.295788983879830880e+01,1.897658566033678385e-01,9.600000000000000000e+01,7.474629632000000000e+09,5.915148943360000000e+11,2.710782289505004883e-01
4.120000000000000000e+02,1.361000000000000000e+03,6.460000965345096802e+01,1.499711621644936599e-01,3.000000000000000000e+00,6.902842163200000000e+10,3.272609628160000000e+12,7.570462226867675781e-01
3.261000000000000000e+03,2.770000000000000000e+03,6.946942755132313607e+01,1.739130434782608647e-01,2.800000000000000000e+01,1.262479360000000000e+10,1.088863928320000000e+12,7.823085188865661621e-01
3.750000000000000000e+03,2.307000000000000000e+03,3.245077701428532890e+01,1.285648693066450132e-01,3.480000000000000000e+02,3.215613440000000000e+08,1.223452180480000000e+11,0.000000000000000000e+00
8.380000000000000000e+02,4.410000000000000000e+02,6.188269488272744923e+01,1.000000000000000056e-01,7.700000000000000000e+01,9.925042176000000000e+09,7.026825625600000000e+11,1.432763218879699707e+00
9.190000000000000000e+02,5.000000000000000000e+01,4.856482775013026298e+01,1.758805500226336138e-01,2.000000000000000000e+00,4.836097638400000000e+10,5.956759453696000000e+12,4.612917602062225342e-01
3.859000000000000000e+03,1.362000000000000000e+03,6.345696675672995468e+01,1.802775637731994507e-01,0.000000000000000000e+00,7.301141299200000000e+10,5.371525595136000000e+12,3.230303525924682617e-01
9.210000000000000000e+02,4.680000000000000000e+02,1.614990385298532090e+02,1.153846153846153910e-01,9.000000000000000000e+00,2.194928844800000000e+10,1.422013628416000000e+12,3.583382368087768555e+00
1.949000000000000000e+03,1.591000000000000000e+03,1.434354547234564734e+02,0.000000000000000000e+00,2.230000000000000000e+02,1.263835520000000000e+09,2.617083985920000000e+11,2.692348361015319824e-01
1.144000000000000000e+03,3.895000000000000000e+03,4.065143687834896014e+01,1.201850425154663005e-01,8.000000000000000000e+00,3.991272652800000000e+10,2.224507322368000000e+12,9.772834777832031250e-01
3.862000000000000000e+03,1.355000000000000000e+03,7.579675796241177466e+01,1.767766952966368932e-01,0.000000000000000000e+00,7.301141299200000000e+10,5.371525595136000000e+12,3.230303525924682617e-01
2.578000000000000000e+03,8.360000000000000000e+02,3.873889351280637783e+01,1.442220510185595606e-01,3.500000000000000000e+01,2.461768089600000000e+10,1.257411051520000000e+12,0.000000000000000000e+00
3.412000000000000000e+03,2.156000000000000000e+03,2.924266750541938720e+01,1.178511301977579334e-01,3.050000000000000000e+02,4.195468480000000000e+08,1.337553879040000000e+11,3.559986129403114319e-02
2.470000000000000000e+03,3.116000000000000000e+03,2.132798814617639493e+02,1.090440572471854941e-01,7.000000000000000000e+00,4.260092313600000000e+10,2.118265864192000000e+12,1.421061873435974121e+00
1.772000000000000000e+03,1.612000000000000000e+03,2.641370722102099222e+01,1.315334104411640948e-01,1.380000000000000000e+02,2.455658496000000000e+09,4.106929438720000000e+11,1.264987438917160034e-01
3.043000000000000000e+03,3.395000000000000000e+03,2.086522859058288049e+01,1.792654619833765339e-01,5.100000000000000000e+01,2.175456870400000000e+10,9.791455232000000000e+11,0.000000000000000000e+00
3.222000000000000000e+03,2.251000000000000000e+03,1.227915921798684877e+02,1.578947368421052544e-01,9.400000000000000000e+01,5.039864832000000000e+09,6.060616581120000000e+11,6.635777950286865234e-01
3.456000000000000000e+03,1.418000000000000000e+03,4.738839615438556052e+01,1.756820922315766309e-01,1.240000000000000000e+02,4.137655552000000000e+09,4.729755729920000000e+11,5.137715339660644531e-01
2.850000000000000000e+02,2.722000000000000000e+03,4.648696722503781587e+01,1.863389981249824745e-01,3.320000000000000000e+02,3.615825280000000000e+08,1.449192488960000000e+11,2.213831804692745209e-02
3.857000000000000000e+03,1.362000000000000000e+03,6.634735335340234030e+01,1.581138830084189706e-01,0.000000000000000000e+00,7.301141299200000000e+10,5.371525595136000000e+12,3.230303525924682617e-01
2.828000000000000000e+03,1.219000000000000000e+03,2.022606749818173171e+02,1.242259987499883256e-01,9.800000000000000000e+01,2.222143232000000000e+09,4.761788416000000000e+11,2.608013153076171875e-01
2.470000000000000000e+02,2.927000000000000000e+03,5.311200707701298995e+01,1.315334104411640948e-01,1.790000000000000000e+02,4.286263552000000000e+09,3.801942917120000000e+11,2.970622479915618896e-01
3.255000000000000000e+03,1.011000000000000000e+03,8.423108522066443982e+01,1.333333333333333315e-01,2.060000000000000000e+02,1.361531776000000000e+09,2.695304806400000000e+11,3.313000202178955078e-01
1.319000000000000000e+03,1.717000000000000000e+03,1.227253310019367092e+02,1.242259987499883256e-01,9.500000000000000000e+01,1.568210534400000000e+10,5.062445301760000000e+11,2.863983809947967529e-01
1.136000000000000000e+03,3.896000000000000000e+03,3.532503817531878809e+01,1.699673171197594868e-01,8.000000000000000000e+00,3.991272652800000000e+10,2.224507322368000000e+12,9.772834777832031250e-01
3.287000000000000000e+03,2.277000000000000000e+03,7.186015460236760077e+01,1.720052290384453675e-01,2.990000000000000000e+02,5.986179200000000000e+08,1.710872985600000000e+11,4.373416677117347717e-02
2.840000000000000000e+03,5.400000000000000000e+02,3.070848160950556860e+01,1.976423537605237202e-01,1.460000000000000000e+02,2.242444032000000000e+09,3.406583234560000000e+11,1.633618921041488647e-01
3.589000000000000000e+03,1.176000000000000000e+03,3.441074117024490420e+01,1.111111111111111049e-01,6.000000000000000000e+00,4.993640448000000000e+10,1.631447547904000000e+12,2.750630855560302734e+00
3.500000000000000000e+02,3.399000000000000000e+03,4.696963056358427480e+01,1.897658566033678385e-01,1.110000000000000000e+02,5.865623040000000000e+09,5.513145876480000000e+11,2.487920820713043213e-01
1.805000000000000000e+03,1.915000000000000000e+03,4.089185572708090177e+01,1.597191412499849861e-01,2.800000000000000000e+02,1.017443840000000000e+09,2.190259322880000000e+11,1.025063097476959229e-01
1.573000000000000000e+03,2.417000000000000000e+03,4.546310296253894734e+01,1.904761904761904656e-01,7.000000000000000000e+01,3.691625984000000000e+09,7.435327242240000000e+11,9.238203763961791992e-01
1.263000000000000000e+03,3.921000000000000000e+03,4.436263063324811640e+01,1.923076923076923184e-01,2.700000000000000000e+01,4.451796172800000000e+10,1.408662896640000000e+12,3.526160120964050293e-01
1.824000000000000000e+03,2.210000000000000000e+03,5.959211983935717427e+01,1.010152544552210818e-01,2.410000000000000000e+02,6.423651200000000000e+08,2.507693752320000000e+11,9.978354722261428833e-02
5.810000000000000000e+02,8.180000000000000000e+02,7.074073484459148631e+01,1.490711984999859852e-01,2.180000000000000000e+02,8.583511040000000000e+08,2.650792919040000000e+11,1.668343096971511841e-01
3.147000000000000000e+03,1.850000000000000000e+02,1.027489291077756093e+02,7.142857142857142461e-02,2.550000000000000000e+02,1.040948736000000000e+09,2.294191390720000000e+11,1.502451896667480469e-01
2.638000000000000000e+03,3.079000000000000000e+03,6.646788341427362923e+01,1.851851851851851749e-01,1.500000000000000000e+01,3.527756185600000000e+10,1.735473496064000000e+12,1.871760040521621704e-01
2.165000000000000000e+03,2.612000000000000000e+03,9.170295205846315412e+01,1.304347826086956486e-01,4.800000000000000000e+01,2.004998963200000000e+10,9.887308840960000000e+11,1.277428388595581055e+00
2.737000000000000000e+03,1.330000000000000000e+03,1.586932267831633681e+02,1.333333333333333315e-01,2.220000000000000000e+02,1.911242880000000000e+09,2.877858119680000000e+11,1.703075766563415527e-01
3.077000000000000000e+03,2.409000000000000000e+03,7.104477689262145645e+01,1.363636363636363535e-01,2.000000000000000000e+01,2.138906214400000000e+10,9.160418918400000000e+11,6.593467593193054199e-01
3.799000000000000000e+03,2.648000000000000000e+03,5.799255154825366532e+01,1.597191412499849861e-01,2.320000000000000000e+02,1.347878528000000000e+09,2.471929282560000000e+11,1.529861688613891602e-01
2.576000000000000000e+03,8.440000000000000000e+02,2.211144586026909664e+01,2.000000000000000111e-01,3.500000000000000000e+01,2.461768089600000000e+10,1.257411051520000000e+12,0.000000000000000000e+00
3.196000000000000000e+03,3.795000000000000000e+03,4.241954369024348352e+02,1.863389981249824745e-01,3.100000000000000000e+01,1.797018828800000000e+10,1.127008960512000000e+12,9.884166121482849121e-01
3.077000000000000000e+03,2.412000000000000000e+03,5.085860681544621542e+01,1.928473039599674921e-01,2.000000000000000000e+01,2.138906214400000000e+10,9.160418918400000000e+11,6.593467593193054199e-01
3.389000000000000000e+03,2.939000000000000000e+03,2.732870676997673058e+02,1.064794274999899953e-01,7.400000000000000000e+01,1.621565542400000000e+10,7.788651479040000000e+11,5.994437336921691895e-01
5.390000000000000000e+02,2.459000000000000000e+03,7.165673224945368247e+02,5.882352941176470507e-02,1.250000000000000000e+02,2.171653120000000000e+09,3.972780195840000000e+11,5.276274681091308594e-01
1.195000000000000000e+03,1.702000000000000000e+03,8.731928509330036547e+01,1.663780661615406053e-01,1.180000000000000000e+02,4.714155008000000000e+09,4.329807544320000000e+11,7.848110198974609375e-01
1.430000000000000000e+02,3.251000000000000000e+03,1.651708890396421907e+02,1.216260638526299870e-01,2.600000000000000000e+01,1.438108057600000000e+10,1.427807535104000000e+12,3.526270389556884766e+00
3.089000000000000000e+03,3.609000000000000000e+03,1.483100942931595227e+02,1.428571428571428492e-01,1.800000000000000000e+01,4.353104691200000000e+10,1.882279772160000000e+12,3.471975401043891907e-02
2.641000000000000000e+03,3.074000000000000000e+03,6.290722893752691647e+01,1.994505484123890171e-01,1.500000000000000000e+01,3.527756185600000000e+10,1.735473496064000000e+12,1.871760040521621704e-01
1.302000000000000000e+03,2.002000000000000000e+03,2.219524881958782032e+02,1.844626385704036808e-01,4.200000000000000000e+01,1.348992307200000000e+10,1.067025235968000000e+12,3.646400213241577148e+00
9.210000000000000000e+02,4.710000000000000000e+02,8.738140257833553903e+01,1.631784879661263288e-01,9.000000000000000000e+00,2.194928844800000000e+10,1.422013628416000000e+12,3.583382368087768555e+00
3.014000000000000000e+03,5.630000000000000000e+02,9.720033607033852263e+01,1.756820922315766309e-01,1.220000000000000000e+02,6.462716928000000000e+09,4.743136870400000000e+11,2.938182950019836426e-01
8.520000000000000000e+02,2.070000000000000000e+03,6.062501003736329608e+01,9.722034684781695468e-02,5.600000000000000000e+01,2.377781452800000000e+10,1.003706777600000000e+12,2.094316333532333374e-01
8.570000000000000000e+02,2.072000000000000000e+03,3.483673394940803547e+01,1.844626385704036808e-01,5.600000000000000000e+01,2.377781452800000000e+10,1.003706777600000000e+12,2.094316333532333374e-01
3.977000000000000000e+03,2.090000000000000000e+03,1.435557547586127782e+02,7.443229275647869625e-02,7.600000000000000000e+01,6.012193792000000000e+09,5.932355420160000000e+11,2.364895343780517578e-01
1.141000000000000000e+03,3.898000000000000000e+03,9.434290753894063641e+01,3.333333333333333287e-02,8.000000000000000000e+00,3.991272652800000000e+10,2.224507322368000000e+12,9.772834777832031250e-01
3.498000000000000000e+03,3.187000000000000000e+03,5.652077556466089163e+02,1.118033988749894958e-01,7.200000000000000000e+01,1.264045465600000000e+10,6.807097835520000000e+11,5.790898799896240234e-01
8.880000000000000000e+02,2.525000000000000000e+03,7.656972359220098667e+01,9.428090415820634951e-02,2.380000000000000000e+02,1.091454464000000000e+09,2.722975580160000000e+11,4.998725652694702148e-02
4.170000000000000000e+02,1.362000000000000000e+03,5.607001196344598526e+01,1.663780661615406053e-01,3.000000000000000000e+00,6.902842163200000000e+10,3.272609628160000000e+12,7.570462226867675781e-01
2.470000000000000000e+03,3.119000000000000000e+03,1.477733760580047999e+02,1.243293543263444545e-01,7.000000000000000000e+00,4.260092313600000000e+10,2.118265864192000000e+12,1.421061873435974121e+00
5.400000000000000000e+02,2.459000000000000000e+03,2.467434522623959197e+02,8.318903308077030267e-02,1.250000000000000000e+02,2.171653120000000000e+09,3.972780195840000000e+11,5.276274681091308594e-01
2.140000000000000000e+02,9.010000000000000000e+02,6.715973825720780610e+01,1.538461538461538547e-01,3.100000000000000000e+02,4.837222720000000000e+08,1.678692352000000000e+11,1.754781417548656464e-02
3.852000000000000000e+03,1.351000000000000000e+03,1.443206661283218750e+02,1.457737973711325241e-01,0.000000000000000000e+00,7.301141299200000000e+10,5.371525595136000000e+12,3.230303525924682617e-01
3.158000000000000000e+03,3.365000000000000000e+03,9.972381637079261907e+01,1.315334104411640948e-01,1.160000000000000000e+02,3.793797120000000000e+09,4.191869009920000000e+11,2.268115729093551636e-01
1.619000000000000000e+03,5.800000000000000000e+01,2.273285625272137906e+02,1.176470588235294101e-01,1.260000000000000000e+02,4.513734144000000000e+09,4.525443645440000000e+11,9.953110814094543457e-01
4.840000000000000000e+02,1.815000000000000000e+03,2.443328130379465790e+01,1.178511301977579334e-01,1.400000000000000000e+01,2.384566476800000000e+10,1.169877762048000000e+12,1.326438903808593750e+00
2.465000000000000000e+03,2.292000000000000000e+03,5.644122975864098635e+01,1.397542485937368628e-01,1.740000000000000000e+02,2.748058880000000000e+09,3.761774592000000000e+11,2.325160354375839233e-01
3.196000000000000000e+03,1.262000000000000000e+03,1.603208583495532764e+02,1.720052290384453675e-01,3.020000000000000000e+02,3.371077120000000000e+08,1.820433285120000000e+11,5.045249313116073608e-02
6.000000000000000000e+00,2.884000000000000000e+03,9.907150459048318680e+02,9.428090415820634951e-02,2.500000000000000000e+02,8.211125120000000000e+08,2.586923663360000000e+11,1.097938567399978638e-01
3.882000000000000000e+03,5.340000000000000000e+02,2.020650755511103682e+02,1.764705882352941291e-01,1.450000000000000000e+02,2.489635584000000000e+09,4.032976977920000000e+11,8.420058339834213257e-02
2.291000000000000000e+03,1.185000000000000000e+03,1.163244796098244649e+02,0.000000000000000000e+00,2.740000000000000000e+02,5.024897280000000000e+08,1.785749667840000000e+11,4.372858628630638123e-02
3.974000000000000000e+03,2.090000000000000000e+03,1.505626825029173403e+02,1.176877882894626220e-01,7.600000000000000000e+01,6.012193792000000000e+09,5.932355420160000000e+11,2.364895343780517578e-01
2.824000000000000000e+03,1.219000000000000000e+03,1.879357183395979689e+02,1.242259987499883256e-01,9.800000000000000000e+01,2.222143232000000000e+09,4.761788416000000000e+11,2.608013153076171875e-01
2.467000000000000000e+03,3.113000000000000000e+03,2.672498054833239962e+02,1.379310344827586188e-01,7.000000000000000000e+00,4.260092313600000000e+10,2.118265864192000000e+12,1.421061873435974121e+00
2.636000000000000000e+03,2.684000000000000000e+03,1.163075460525057849e+02,9.316949906249123725e-02,3.900000000000000000e+01,2.389246156800000000e+10,1.108915257344000000e+12,7.688570618629455566e-01
3.848000000000000000e+03,1.358000000000000000e+03,1.259502359679833887e+02,1.820027472320129569e-01,0.000000000000000000e+00,7.301141299200000000e+10,5.371525595136000000e+12,3.230303525924682617e-01
2.243000000000000000e+03,3.788000000000000000e+03,8.820696644846138668e+01,1.285648693066450132e-01,5.500000000000000000e+01,1.614189875200000000e+10,9.459097272320000000e+11,4.489732086658477783e-01
3.586000000000000000e+03,1.178000000000000000e+03,6.819932194526201386e+01,7.407407407407406996e-02,6.000000000000000000e+00,4.993640448000000000e+10,1.631447547904000000e+12,2.750630855560302734e+00
1.574000000000000000e+03,2.980000000000000000e+03,3.751322334984481444e+01,1.538461538461538547e-01,2.850000000000000000e+02,6.836806400000000000e+08,1.794414182400000000e+11,1.307955831289291382e-01
3.976000000000000000e+03,2.414000000000000000e+03,2.139849108623601737e+01,1.717960677340691911e-01,4.500000000000000000e+01,2.933959884800000000e+10,1.161086107648000000e+12,0.000000000000000000e+00
1.489000000000000000e+03,1.420000000000000000e+03,1.268320004185096224e+02,1.176877882894626220e-01,1.050000000000000000e+02,1.297780121600000000e+10,5.435112488960000000e+11,6.052412390708923340e-01
6.540000000000000000e+02,1.207000000000000000e+03,4.347980192107537789e+01,1.597191412499849861e-01,2.210000000000000000e+02,2.182107136000000000e+09,2.105663488000000000e+11,3.516459465026855469e-01
2.399000000000000000e+03,1.310000000000000000e+03,7.766480388748927055e+01,1.656346649999844434e-01,2.100000000000000000e+01,3.967555993600000000e+10,1.669329846272000000e+12,7.246407270431518555e-01
3.710000000000000000e+02,3.313000000000000000e+03,4.909911970484017729e+02,7.443229275647869625e-02,4.600000000000000000e+01,1.400953139200000000e+10,6.190456504320000000e+11,1.350523829460144043e+00
3.817000000000000000e+03,2.189000000000000000e+03,1.381985970918584030e+02,8.081220356417687101e-02,5.000000000000000000e+00,6.303399526400000000e+10,3.637388771328000000e+12,2.569424629211425781e+00
1.442000000000000000e+03,1.475000000000000000e+03,9.391335943993452418e+01,1.397542485937368628e-01,1.910000000000000000e+02,4.317606912000000000e+09,3.233326366720000000e+11,3.796105086803436279e-01
2.512000000000000000e+03,1.576000000000000000e+03,9.100077905168828920e+02,6.428243465332250661e-02,4.300000000000000000e+01,1.761921638400000000e+10,9.155836641280000000e+11,3.939166545867919922e+00
3.444000000000000000e+03,5.110000000000000000e+02,5.748663671607272363e+01,1.488645855129573925e-01,5.900000000000000000e+01,4.818864128000000000e+09,5.752418467840000000e+11,5.228825211524963379e-01
3.103000000000000000e+03,3.360000000000000000e+02,5.295724374258010414e+01,1.664356663246515655e-01,1.140000000000000000e+02,2.197843456000000000e+09,5.375084789760000000e+11,3.056838810443878174e-01
2.398000000000000000e+03,1.309000000000000000e+03,1.002105319580597467e+02,1.888525745775105347e-01,2.100000000000000000e+01,3.967555993600000000e+10,1.669329846272000000e+12,7.246407270431518555e-01
2.520000000000000000e+03,1.018000000000000000e+03,9.728337364118024766e+01,1.129384878631564115e-01,1.900000000000000000e+01,3.211539865600000000e+10,1.839924903936000000e+12,4.858803153038024902e-01
6.620000000000000000e+02,1.735000000000000000e+03,6.117810979466258203e+01,1.664356663246515655e-01,3.000000000000000000e+01,1.417263513600000000e+10,6.153933946880000000e+11,9.578550457954406738e-01
1.072000000000000000e+03,2.712000000000000000e+03,2.967200892465825035e+01,1.087856586440842377e-01,3.250000000000000000e+02,4.487570880000000000e+08,1.660798238720000000e+11,2.765476144850254059e-02
6.090000000000000000e+02,2.592000000000000000e+03,3.361773509892452125e+02,6.148754619013457184e-02,4.100000000000000000e+01,3.039488614400000000e+10,1.064241790976000000e+12,7.708724141120910645e-01
3.720000000000000000e+02,3.313000000000000000e+03,2.034390116567635971e+02,1.176877882894626220e-01,4.600000000000000000e+01,1.400953139200000000e+10,6.190456504320000000e+11,1.350523829460144043e+00
1.715000000000000000e+03,1.658000000000000000e+03,5.887186606308278414e+01,1.437398936440172637e-01,1.300000000000000000e+01,1.214220800000000000e+10,8.739340288000000000e+11,1.179914355278015137e+00
6.280000000000000000e+02,4.970000000000000000e+02,9.325668511099640057e+01,1.663780661615406053e-01,1.510000000000000000e+02,1.992101248000000000e+09,4.080898211840000000e+11,6.955169886350631714e-02
3.276000000000000000e+03,3.291000000000000000e+03,1.244206797177358652e+02,1.325825214724776491e-01,4.000000000000000000e+00,4.576543129600000000e+10,2.901718335488000000e+12,1.090228271484375000e+01
3.991000000000000000e+03,1.517000000000000000e+03,5.615835048176817423e+01,1.720052290384453675e-01,3.070000000000000000e+02,6.826536320000000000e+08,1.672112209920000000e+11,8.619345724582672119e-02
1.459000000000000000e+03,2.694000000000000000e+03,1.689268984876739808e+02,1.885618083164126990e-01,2.280000000000000000e+02,7.762957440000000000e+08,2.579108659200000000e+11,2.493864148855209351e-01
3.389000000000000000e+03,2.940000000000000000e+03,5.896005509863528005e+01,1.505846504842085487e-01,7.400000000000000000e+01,1.621565542400000000e+10,7.788651479040000000e+11,5.994437336921691895e-01
1.169000000000000000e+03,2.480000000000000000e+02,1.206871759577320518e+02,1.242259987499883256e-01,1.330000000000000000e+02,3.402823424000000000e+09,4.583243120640000000e+11,4.153676033020019531e-01
9.260000000000000000e+02,5.300000000000000000e+01,5.896011575548632067e+01,1.034790411492508416e-01,2.000000000000000000e+00,4.836097638400000000e+10,5.956759453696000000e+12,4.612917602062225342e-01
2.884000000000000000e+03,3.522000000000000000e+03,7.497093251671908831e+01,1.585809856006792640e-01,2.500000000000000000e+01,2.538148249600000000e+10,1.442943729664000000e+12,1.294092535972595215e-01
3.970000000000000000e+02,8.130000000000000000e+02,1.144216011022212598e+02,1.505846504842085487e-01,7.100000000000000000e+01,1.033783398400000000e+10,7.907896852480000000e+11,7.018927931785583496e-01
1.623000000000000000e+03,1.033000000000000000e+03,5.775366966690599213e+01,8.333333333333332871e-02,3.460000000000000000e+02,1.095322752000000000e+09,1.446473891840000000e+11,7.075598835945129395e-02
3.878000000000000000e+03,5.360000000000000000e+02,6.590755866561219989e+01,1.315334104411640948e-01,1.450000000000000000e+02,2.489635584000000000e+09,4.032976977920000000e+11,8.420058339834213257e-02
3.777000000000000000e+03,1.084000000000000000e+03,9.052941135814882045e+01,1.178511301977579334e-01,3.290000000000000000e+02,6.989276160000000000e+08,1.463262740480000000e+11,5.058890208601951599e-02
2.881000000000000000e+03,3.526000000000000000e+03,1.709087293336939979e+02,1.538461538461538547e-01,2.500000000000000000e+01,2.538148249600000000e+10,1.442943729664000000e+12,1.294092535972595215e-01
1.941000000000000000e+03,3.875000000000000000e+03,2.064978994127502787e+01,8.695652173913043237e-02,5.200000000000000000e+01,3.828430028800000000e+10,1.034564075520000000e+12,0.000000000000000000e+00
2.725000000000000000e+03,2.468000000000000000e+03,1.352699619175876080e+02,4.545454545454545581e-02,5.300000000000000000e+01,1.131311718400000000e+10,9.541244682240000000e+11,1.090019583702087402e+00
2.046000000000000000e+03,2.222000000000000000e+03,1.124334366627345929e+02,0.000000000000000000e+00,3.190000000000000000e+02,1.058999872000000000e+09,1.626930544640000000e+11,2.378668822348117828e-02
6.230000000000000000e+02,3.759000000000000000e+03,5.406495511392150632e+01,1.386750490563072868e-01,2.400000000000000000e+01,4.572494233600000000e+10,1.500802318336000000e+12,4.620099544525146484e+00
6.860000000000000000e+02,1.615000000000000000e+03,3.421122672584327518e+01,1.897658566033678385e-01,1.060000000000000000e+02,8.503719424000000000e+09,5.539100098560000000e+11,1.529115915298461914e+00
2.464000000000000000e+03,3.114000000000000000e+03,2.797000485692492475e+02,1.462979547282511894e-01,7.000000000000000000e+00,4.260092313600000000e+10,2.118265864192000000e+12,1.421061873435974121e+00
3.674000000000000000e+03,1.166000000000000000e+03,1.143629818351738692e+02,1.242259987499883256e-01,1.030000000000000000e+02,4.909637632000000000e+09,5.050224476160000000e+11,1.168877959251403809e+00
3.044000000000000000e+03,3.390000000000000000e+03,4.838101932296635965e+01,4.347826086956521618e-02,5.100000000000000000e+01,2.175456870400000000e+10,9.791455232000000000e+11,0.000000000000000000e+00
1.711000000000000000e+03,2.132000000000000000e+03,4.248845322433245997e+01,1.756820922315766309e-01,1.010000000000000000e+02,3.648659456000000000e+09,4.807784202240000000e+11,6.310544013977050781e-01
1.565000000000000000e+03,2.417000000000000000e+03,1.055008164054269173e+02,1.904761904761904656e-01,7.000000000000000000e+01,3.691625984000000000e+09,7.435327242240000000e+11,9.238203763961791992e-01
2.360000000000000000e+02,1.142000000000000000e+03,5.788386223500450001e+01,1.792654619833765339e-01,5.700000000000000000e+01,8.470172672000000000e+09,9.695676334080000000e+11,1.448810100555419922e+00
2.471000000000000000e+03,3.113000000000000000e+03,1.658209812603832631e+02,1.950639396376682988e-01,7.000000000000000000e+00,4.260092313600000000e+10,2.118265864192000000e+12,1.421061873435974121e+00
3.219000000000000000e+03,2.256000000000000000e+03,1.062438184737412001e+02,1.897658566033678385e-01,9.400000000000000000e+01,5.039864832000000000e+09,6.060616581120000000e+11,6.635777950286865234e-01
3.862000000000000000e+03,1.356000000000000000e+03,6.245977036485749068e+01,1.749999999999999889e-01,0.000000000000000000e+00,7.301141299200000000e+10,5.371525595136000000e+12,3.230303525924682617e-01
2.370000000000000000e+02,1.137000000000000000e+03,8.696962440597809518e+02,4.347826086956521618e-02,5.700000000000000000e+01,8.470172672000000000e+09,9.695676334080000000e+11,1.448810100555419922e+00
2.028000000000000000e+03,7.810000000000000000e+02,8.240865800005533970e+01,1.428571428571428492e-01,6.400000000000000000e+01,8.225184256000000000e+09,7.782105088000000000e+11,7.376434803009033203e-01
3.540000000000000000e+02,3.396000000000000000e+03,1.125137861429715400e+02,1.052631578947368363e-01,1.110000000000000000e+02,5.865623040000000000e+09,5.513145876480000000e+11,2.487920820713043213e-01
2.858000000000000000e+03,1.473000000000000000e+03,8.426324744163456160e+01,1.178511301977579334e-01,3.080000000000000000e+02,7.085787520000000000e+08,1.645988904960000000e+11,9.297596663236618042e-02
3.681000000000000000e+03,2.877000000000000000e+03,3.755683880645276673e+01,0.000000000000000000e+00,3.300000000000000000e+01,2.596919091200000000e+10,1.392400793600000000e+12,4.729880765080451965e-02
3.090000000000000000e+03,3.611000000000000000e+03,1.107232866316358155e+02,7.985957062499249304e-02,1.800000000000000000e+01,4.353104691200000000e+10,1.882279772160000000e+12,3.471975401043891907e-02
8.350000000000000000e+02,4.380000000000000000e+02,1.773007153757307037e+02,1.581138830084189706e-01,7.700000000000000000e+01,9.925042176000000000e+09,7.026825625600000000e+11,1.432763218879699707e+00
2.617000000000000000e+03,0.000000000000000000e+00,3.889839732830231611e+01,1.889255592581789711e-01,2.200000000000000000e+01,4.871026278400000000e+10,1.682183815168000000e+12,0.000000000000000000e+00
1.145000000000000000e+03,3.894000000000000000e+03,3.436563237317883335e+01,1.666666666666666574e-01,8.000000000000000000e+00,3.991272652800000000e+10,2.224507322368000000e+12,9.772834777832031250e-01
1.464000000000000000e+03,2.696000000000000000e+03,5.986188073494388107e+01,2.000000000000000111e-01,2.280000000000000000e+02,7.762957440000000000e+08,2.579108659200000000e+11,2.493864148855209351e-01
1.823000000000000000e+03,1.055000000000000000e+03,4.492894987522775807e+01,1.664356663246515655e-01,1.080000000000000000e+02,3.472463104000000000e+09,6.062234009600000000e+11,1.079535961151123047e+00
2.870000000000000000e+02,2.722000000000000000e+03,1.055335564313847243e+02,8.333333333333332871e-02,3.320000000000000000e+02,3.615825280000000000e+08,1.449192488960000000e+11,2.213831804692745209e-02
5.570000000000000000e+02,2.105000000000000000e+03,3.491463969933574276e+02,1.664356663246515655e-01,9.200000000000000000e+01,8.088771072000000000e+09,5.596324823040000000e+11,7.699264287948608398e-01
3.106000000000000000e+03,1.259000000000000000e+03,8.956482164642218891e+01,1.346870059402947850e-01,7.300000000000000000e+01,6.995432448000000000e+09,7.722072145920000000e+11,6.042641401290893555e-01
2.469000000000000000e+03,2.292000000000000000e+03,8.325930977669432309e+01,1.397542485937368628e-01,1.740000000000000000e+02,2.748058880000000000e+09,3.761774592000000000e+11,2.325160354375839233e-01
1.950000000000000000e+03,3.910000000000000000e+03,7.234616706474571401e+01,2.000000000000000111e-01,1.860000000000000000e+02,9.393569920000000000e+08,2.994678333440000000e+11,8.796782791614532471e-02
3.587000000000000000e+03,1.176000000000000000e+03,8.137866288892681155e+01,3.703703703703703498e-02,6.000000000000000000e+00,4.993640448000000000e+10,1.631447547904000000e+12,2.750630855560302734e+00
2.761000000000000000e+03,3.672000000000000000e+03,2.002407621053149001e+02,1.885618083164126990e-01,1.290000000000000000e+02,1.944571648000000000e+09,2.719028346880000000e+11,3.264051377773284912e-01
2.805000000000000000e+03,3.050000000000000000e+03,1.894343275371113009e+02,7.856742013183862228e-02,1.270000000000000000e+02,1.076523008000000000e+10,4.631417978880000000e+11,1.170760273933410645e+00
3.848000000000000000e+03,1.356000000000000000e+03,1.897631008621519300e+02,1.749999999999999889e-01,0.000000000000000000e+00,7.301141299200000000e+10,5.371525595136000000e+12,3.230303525924682617e-01
3.815000000000000000e+03,1.261000000000000000e+03,9.546084811564365680e+01,8.333333333333332871e-02,2.580000000000000000e+02,3.662850880000000000e+08,1.533653319680000000e+11,5.041117593646049500e-02
2.647000000000000000e+03,3.080000000000000000e+03,4.866060970696720034e+01,1.527076157636170495e-01,1.500000000000000000e+01,3.527756185600000000e+10,1.735473496064000000e+12,1.871760040521621704e-01
2.778000000000000000e+03,3.279000000000000000e+03,7.120478790764467192e+01,1.963383631246505001e-01,6.200000000000000000e+01,1.213782118400000000e+10,7.476529725440000000e+11,1.117016077041625977e+00
1.073000000000000000e+03,9.340000000000000000e+02,9.865757885002518890e+01,6.250000000000000000e-02,1.920000000000000000e+02,3.406970880000000000e+09,3.373494763520000000e+11,3.758299946784973145e-01
3.201000000000000000e+03,1.942000000000000000e+03,7.560760949031647726e+01,1.488645855129573925e-01,1.130000000000000000e+02,7.726062080000000000e+09,5.761304494080000000e+11,5.950784087181091309e-01
2.095000000000000000e+03,3.840000000000000000e+03,1.800850720823124220e+02,1.756820922315766309e-01,1.430000000000000000e+02,5.989215232000000000e+09,4.811243520000000000e+11,3.899121284484863281e-01
3.700000000000000000e+03,2.552000000000000000e+03,5.453111387133986909e+01,6.666666666666666574e-02,1.980000000000000000e+02,1.618238080000000000e+09,3.098244218880000000e+11,1.910182833671569824e-01
3.092000000000000000e+03,3.609000000000000000e+03,8.047755867529534157e+01,1.785714285714285754e-01,1.800000000000000000e+01,4.353104691200000000e+10,1.882279772160000000e+12,3.471975401043891907e-02
3.409000000000000000e+03,2.278000000000000000e+03,5.698177714974695363e+01,2.000000000000000111e-01,2.150000000000000000e+02,1.763839616000000000e+09,2.953210757120000000e+11,1.914934664964675903e-01
2.562000000000000000e+03,3.098000000000000000e+03,4.988446701689448304e+01,1.767766952966368932e-01,1.830000000000000000e+02,1.435199104000000000e+09,3.311490170880000000e+11,1.839263886213302612e-01
6.210000000000000000e+02,3.760000000000000000e+03,1.009567977584947442e+02,5.439282932204211884e-02,2.400000000000000000e+01,4.572494233600000000e+10,1.500802318336000000e+12,4.620099544525146484e+00
2.505000000000000000e+03,7.390000000000000000e+02,7.470971328306947612e+01,9.428090415820634951e-02,1.040000000000000000e+02,1.506699520000000000e+09,3.044843192320000000e+11,2.345273643732070923e-01
1.610000000000000000e+03,2.961000000000000000e+03,1.407160343156346300e+02,1.874138920735300140e-01,5.400000000000000000e+01,1.041408819200000000e+10,8.919000023040000000e+11,2.400319814682006836e+00
3.600000000000000000e+02,2.159000000000000000e+03,5.426493160930971982e+01,1.315334104411640948e-01,1.000000000000000000e+00,8.831377408000000000e+10,3.447775821824000000e+12,4.181708395481109619e-01
2.804000000000000000e+03,2.432000000000000000e+03,6.296611191689517995e+01,1.333333333333333315e-01,2.110000000000000000e+02,1.372552576000000000e+09,2.953143582720000000e+11,3.066765964031219482e-01
3.977000000000000000e+03,2.415000000000000000e+03,3.049368594535390642e+01,1.250000000000000000e-01,4.500000000000000000e+01,2.933959884800000000e+10,1.161086107648000000e+12,0.000000000000000000e+00
1.651000000000000000e+03,3.692000000000000000e+03,1.594429286937148618e+02,1.664356663246515655e-01,9.700000000000000000e+01,2.464083968000000000e+09,5.523820380160000000e+11,3.607912957668304443e-01
5.780000000000000000e+02,8.160000000000000000e+02,2.948521477435785982e+02,1.333333333333333315e-01,2.180000000000000000e+02,8.583511040000000000e+08,2.650792919040000000e+11,1.668343096971511841e-01
3.498000000000000000e+03,3.185000000000000000e+03,5.616251681313838873e+01,1.802775637731994507e-01,7.200000000000000000e+01,1.264045465600000000e+10,6.807097835520000000e+11,5.790898799896240234e-01
3.778000000000000000e+03,1.962000000000000000e+03,3.388177678436343143e+01,2.000000000000000111e-01,2.120000000000000000e+02,7.961107840000000000e+08,2.616089149440000000e+11,1.231193840503692627e-01
2.513000000000000000e+03,1.571000000000000000e+03,1.098087324162762712e+02,1.818181818181818232e-01,4.300000000000000000e+01,1.761921638400000000e+10,9.155836641280000000e+11,3.939166545867919922e+00
3.850000000000000000e+03,1.350000000000000000e+03,9.799595076781253056e+01,1.952562418976663550e-01,0.000000000000000000e+00,7.301141299200000000e+10,5.371525595136000000e+12,3.230303525924682617e-01
7.570000000000000000e+02,4.530000000000000000e+02,7.534053345040055660e+01,1.863389981249824745e-01,3.170000000000000000e+02,3.282048640000000000e+08,1.483971133440000000e+11,3.319354727864265442e-02
2.557000000000000000e+03,3.100000000000000000e+03,2.661021085092490779e+01,1.875000000000000000e-01,1.830000000000000000e+02,1.435199104000000000e+09,3.311490170880000000e+11,1.839263886213302612e-01
3.280000000000000000e+03,1.281000000000000000e+03,3.387066548541078959e+01,1.976423537605237202e-01,1.440000000000000000e+02,2.995511040000000000e+09,3.637745745920000000e+11,7.464761734008789062e-01
1.492000000000000000e+03,1.415000000000000000e+03,1.371217425281816986e+02,1.897658566033678385e-01,1.050000000000000000e+02,1.297780121600000000e+10,5.435112488960000000e+11,6.052412390708923340e-01
2.000000000000000000e+02,3.740000000000000000e+02,1.117269731249040774e+02,1.860163329510811370e-01,1.650000000000000000e+02,2.563304704000000000e+09,4.133531811840000000e+11,7.525227665901184082e-01
1.472000000000000000e+03,1.841000000000000000e+03,1.264769918606291554e+02,0.000000000000000000e+00,2.680000000000000000e+02,3.387232000000000000e+08,1.792297369600000000e+11,3.738203644752502441e-02
1.792000000000000000e+03,6.970000000000000000e+02,1.591928691426089699e+02,5.263157894736841813e-02,9.600000000000000000e+01,7.474629632000000000e+09,5.915148943360000000e+11,2.710782289505004883e-01
2.041000000000000000e+03,3.781000000000000000e+03,2.034872645634873720e+02,1.538461538461538547e-01,2.790000000000000000e+02,1.571220736000000000e+09,1.889293598720000000e+11,2.064283639192581177e-01
2.522000000000000000e+03,1.016000000000000000e+03,1.184284170586896465e+02,1.129384878631564115e-01,1.900000000000000000e+01,3.211539865600000000e+10,1.839924903936000000e+12,4.858803153038024902e-01
1.753000000000000000e+03,2.635000000000000000e+03,8.561078629575216326e+01,1.578947368421052544e-01,1.100000000000000000e+02,5.270673408000000000e+09,5.406609571840000000e+11,2.526594698429107666e-01
2.760000000000000000e+02,3.806000000000000000e+03,8.211610113559126489e+01,7.692307692307692735e-02,2.470000000000000000e+02,4.202672320000000000e+08,1.736723005440000000e+11,8.762682229280471802e-02
2.519000000000000000e+03,2.834000000000000000e+03,1.857861846335490696e+01,1.720052290384453675e-01,2.710000000000000000e+02,4.502600960000000000e+08,1.904349020160000000e+11,1.080366820096969604e-01
3.704000000000000000e+03,1.196000000000000000e+03,1.225821352891741469e+02,1.333333333333333315e-01,7.800000000000000000e+01,4.232730880000000000e+09,2.918509117440000000e+11,8.519148230552673340e-01
4.890000000000000000e+02,8.300000000000000000e+02,2.391004731253661362e+02,9.523809523809523281e-02,4.900000000000000000e+01,7.905716224000000000e+09,7.715926179840000000e+11,2.006682634353637695e+00
3.370000000000000000e+02,1.476000000000000000e+03,1.158235284684997524e+01,1.542115846551579128e-01,1.700000000000000000e+01,5.264295936000000000e+10,2.150357925888000000e+12,1.609793305397033691e-01
1.834000000000000000e+03,8.830000000000000000e+02,4.679102831477146651e+01,7.142857142857142461e-02,2.400000000000000000e+02,5.599216000000000000e+08,2.475048796160000000e+11,1.206644847989082336e-01
2.121000000000000000e+03,2.922000000000000000e+03,1.136675238193316204e+02,1.885618083164126990e-01,1.800000000000000000e+02,5.667555840000000000e+09,2.846418862080000000e+11,1.204462528228759766e+00
2.776000000000000000e+03,3.283000000000000000e+03,1.407577683451178530e+02,1.428571428571428492e-01,6.200000000000000000e+01,1.213782118400000000e+10,7.476529725440000000e+11,1.117016077041625977e+00
4.140000000000000000e+02,1.371000000000000000e+03,6.035366203178006828e+01,1.499711621644936599e-01,3.000000000000000000e+00,6.902842163200000000e+10,3.272609628160000000e+12,7.570462226867675781e-01
1.700000000000000000e+02,2.143000000000000000e+03,7.437056861150534814e+01,1.720052290384453675e-01,2.930000000000000000e+02,9.289077760000000000e+08,1.737262530560000000e+11,1.096618697047233582e-01
2.466000000000000000e+03,3.119000000000000000e+03,4.434071195851886955e+02,7.710579232757895640e-02,7.000000000000000000e+00,4.260092313600000000e+10,2.118265864192000000e+12,1.421061873435974121e+00
2.518000000000000000e+03,1.017000000000000000e+03,1.604614561398647936e+02,7.985957062499249304e-02,1.900000000000000000e+01,3.211539865600000000e+10,1.839924903936000000e+12,4.858803153038024902e-01
1.168000000000000000e+03,2.450000000000000000e+02,1.175445372013305843e+02,1.242259987499883256e-01,1.330000000000000000e+02,3.402823424000000000e+09,4.583243120640000000e+11,4.153676033020019531e-01
3.268000000000000000e+03,3.295000000000000000e+03,1.279783822786157117e+02,1.593443597997745154e-01,4.000000000000000000e+00,4.576543129600000000e+10,2.901718335488000000e+12,1.090228271484375000e+01
1.623000000000000000e+03,2.504000000000000000e+03,5.093048763396014778e+01,1.767766952966368932e-01,1.930000000000000000e+02,3.885696512000000000e+09,3.168796016640000000e+11,5.713110417127609253e-02
3.221000000000000000e+03,2.255000000000000000e+03,1.603527886248141101e+02,7.443229275647869625e-02,9.400000000000000000e+01,5.039864832000000000e+09,6.060616581120000000e+11,6.635777950286865234e-01
1.249000000000000000e+03,1.353000000000000000e+03,6.900599504925488681e+00,1.767766952966368932e-01,3.600000000000000000e+02,5.049757760000000000e+08,4.579411968000000000e+10,0.000000000000000000e+00
6.330000000000000000e+02,1.689000000000000000e+03,9.622980208867274143e+01,1.178511301977579334e-01,2.970000000000000000e+02,8.341594240000000000e+08,1.482848174080000000e+11,3.178405389189720154e-02
1.301000000000000000e+03,2.004000000000000000e+03,3.089049935820643213e+02,1.792654619833765339e-01,4.200000000000000000e+01,1.348992307200000000e+10,1.067025235968000000e+12,3.646400213241577148e+00
2.221000000000000000e+03,3.057000000000000000e+03,1.111187009994872028e+02,9.722034684781695468e-02,1.200000000000000000e+01,3.063368704000000000e+10,1.071789244416000000e+12,1.678610682487487793e+00
2.012000000000000000e+03,3.986000000000000000e+03,4.495541076696028995e+02,6.428243465332250661e-02,5.800000000000000000e+01,1.764974796800000000e+10,9.503931760640000000e+11,1.640438556671142578e+00
2.584000000000000000e+03,2.250000000000000000e+02,8.870308664428320355e+01,1.428571428571428492e-01,2.420000000000000000e+02,4.223672320000000000e+08,2.294449438720000000e+11,4.048020020127296448e-02
1.919000000000000000e+03,3.053000000000000000e+03,7.789245229001890891e+01,1.397542485937368628e-01,1.630000000000000000e+02,4.056990720000000000e+09,3.779123281920000000e+11,1.363024413585662842e-01
3.818000000000000000e+03,2.193000000000000000e+03,6.055477200922351244e+01,1.030157507275425433e-01,5.000000000000000000e+00,6.303399526400000000e+10,3.637388771328000000e+12,2.569424629211425781e+00
3.035000000000000000e+03,1.485000000000000000e+03,7.442501819305030608e+01,2.000000000000000111e-01,1.710000000000000000e+02,1.038279296000000000e+09,2.857244098560000000e+11,5.369240045547485352e-01
2.192000000000000000e+03,1.649000000000000000e+03,9.853278492362267116e+01,1.666666666666666574e-01,3.120000000000000000e+02,5.148074560000000000e+08,1.380568104960000000e+11,2.518250979483127594e-02
1.623000000000000000e+03,1.603000000000000000e+03,5.491559321908124502e+02,1.111111111111111049e-01,1.120000000000000000e+02,4.358597632000000000e+09,5.040958341120000000e+11,4.804726839065551758e-01
3.881000000000000000e+03,5.330000000000000000e+02,1.786094454864611691e+02,1.315334104411640948e-01,1.450000000000000000e+02,2.489635584000000000e+09,4.032976977920000000e+11,8.420058339834213257e-02
2.096000000000000000e+03,3.835000000000000000e+03,2.876808619617552836e+02,1.111111111111111049e-01,1.430000000000000000e+02,5.989215232000000000e+09,4.811243520000000000e+11,3.899121284484863281e-01
7.140000000000000000e+02,1.545000000000000000e+03,4.406752380045602280e+01,2.000000000000000111e-01,3.540000000000000000e+02,5.872789760000000000e+08,8.170256793600000000e+10,5.139613151550292969e-02
3.411000000000000000e+03,2.153000000000000000e+03,4.678684812575387753e+01,1.666666666666666574e-01,3.050000000000000000e+02,4.195468480000000000e+08,1.337553879040000000e+11,3.559986129403114319e-02
3.144000000000000000e+03,9.990000000000000000e+02,5.168560323503429288e+01,1.756820922315766309e-01,9.300000000000000000e+01,4.418263040000000000e+09,4.843336171520000000e+11,1.032378077507019043e+00
3.452000000000000000e+03,1.420000000000000000e+03,1.009208420846143781e+02,1.756820922315766309e-01,1.240000000000000000e+02,4.137655552000000000e+09,4.729755729920000000e+11,5.137715339660644531e-01
9.410000000000000000e+02,3.722000000000000000e+03,8.980263254598277172e+02,1.664356663246515655e-01,8.700000000000000000e+01,7.962043904000000000e+09,6.099624919040000000e+11,7.106984853744506836e-01
2.980000000000000000e+03,4.200000000000000000e+01,9.586768176670751984e+01,1.656346649999844434e-01,1.100000000000000000e+01,3.576540364800000000e+10,1.680807821312000000e+12,2.075748682022094727e+00
7.470000000000000000e+02,3.028000000000000000e+03,3.476617343047561093e+01,1.756820922315766309e-01,1.350000000000000000e+02,3.606882304000000000e+09,4.865386741760000000e+11,4.158747792243957520e-01
1.460000000000000000e+03,2.892000000000000000e+03,5.293568719748137710e+02,6.666666666666666574e-02,1.990000000000000000e+02,1.217136768000000000e+09,2.727443988480000000e+11,1.342078447341918945e-01
3.276000000000000000e+03,3.292000000000000000e+03,1.313680013782762899e+02,1.126734773582496602e-01,4.000000000000000000e+00,4.576543129600000000e+10,2.901718335488000000e+12,1.090228271484375000e+01
2.345000000000000000e+03,3.121000000000000000e+03,5.384966496397444757e+01,1.242259987499883256e-01,1.210000000000000000e+02,7.143699968000000000e+09,4.740812636160000000e+11,4.700884819030761719e-01
3.860000000000000000e+03,1.362000000000000000e+03,5.784584949702642120e+01,1.952562418976663550e-01,0.000000000000000000e+00,7.301141299200000000e+10,5.371525595136000000e+12,3.230303525924682617e-01
2.850000000000000000e+02,2.723000000000000000e+03,4.448099584772609205e+01,1.666666666666666574e-01,3.320000000000000000e+02,3.615825280000000000e+08,1.449192488960000000e+11,2.213831804692745209e-02
3.093000000000000000e+03,3.613000000000000000e+03,8.190315859340327620e+01,1.428571428571428492e-01,1.800000000000000000e+01,4.353104691200000000e+10,1.882279772160000000e+12,3.471975401043891907e-02
6.200000000000000000e+02,3.757000000000000000e+03,4.958788857746902323e+01,1.538461538461538547e-01,2.400000000000000000e+01,4.572494233600000000e+10,1.500802318336000000e+12,4.620099544525146484e+00
3.702000000000000000e+03,1.376000000000000000e+03,3.095900391275189278e+01,1.860163329510811370e-01,1.410000000000000000e+02,5.124332032000000000e+09,4.340172062720000000e+11,8.931189179420471191e-01
3.290000000000000000e+03,2.280000000000000000e+03,4.548446147431648967e+01,1.720052290384453675e-01,2.990000000000000000e+02,5.986179200000000000e+08,1.710872985600000000e+11,4.373416677117347717e-02
6.910000000000000000e+02,1.610000000000000000e+03,3.901647949008838623e+01,1.897658566033678385e-01,1.060000000000000000e+02,8.503719424000000000e+09,5.539100098560000000e+11,1.529115915298461914e+00
7.400000000000000000e+01,3.756000000000000000e+03,6.453489921894309589e+01,1.176470588235294101e-01,1.540000000000000000e+02,3.961576704000000000e+09,4.022394880000000000e+11,4.600262939929962158e-01
3.977000000000000000e+03,2.414000000000000000e+03,2.450368611157733767e+01,1.666666666666666574e-01,4.500000000000000000e+01,2.933959884800000000e+10,1.161086107648000000e+12,0.000000000000000000e+00
2.609000000000000000e+03,0.000000000000000000e+00,9.087376028294981722e+01,1.172390427344493502e-01,2.200000000000000000e+01,4.871026278400000000e+10,1.682183815168000000e+12,0.000000000000000000e+00
2.008000000000000000e+03,3.987000000000000000e+03,1.212720508021687920e+02,1.363636363636363535e-01,5.800000000000000000e+01,1.764974796800000000e+10,9.503931760640000000e+11,1.640438556671142578e+00
5.420000000000000000e+02,2.458000000000000000e+03,7.100145289939113979e+01,1.764705882352941291e-01,1.250000000000000000e+02,2.171653120000000000e+09,3.972780195840000000e+11,5.276274681091308594e-01
2.045000000000000000e+03,1.496000000000000000e+03,6.664418442603749781e+01,1.976423537605237202e-01,1.170000000000000000e+02,4.141453568000000000e+09,3.299535093760000000e+11,1.914184540510177612e-01
3.390000000000000000e+02,1.477000000000000000e+03,1.296296143090113162e+01,1.724137931034482873e-01,1.700000000000000000e+01,5.264295936000000000e+10,2.150357925888000000e+12,1.609793305397033691e-01
9.210000000000000000e+02,5.600000000000000000e+01,8.144048449625601904e+01,4.878048780487805047e-02,2.000000000000000000e+00,4.836097638400000000e+10,5.956759453696000000e+12,4.612917602062225342e-01
3.536000000000000000e+03,2.646000000000000000e+03,4.930712934511628021e+01,1.666666666666666574e-01,3.440000000000000000e+02,7.274041600000000000e+08,1.387446599680000000e+11,1.718518696725368500e-02
3.856000000000000000e+03,1.362000000000000000e+03,6.784568872190665445e+01,1.520690632574554779e-01,0.000000000000000000e+00,7.301141299200000000e+10,5.371525595136000000e+12,3.230303525924682617e-01
1.850000000000000000e+03,1.580000000000000000e+03,8.504964611134259656e+01,2.000000000000000111e-01,2.240000000000000000e+02,1.496969344000000000e+09,2.768687267840000000e+11,1.539164930582046509e-01
3.855000000000000000e+03,1.358000000000000000e+03,1.014764572290737163e+02,5.000000000000000278e-02,0.000000000000000000e+00,7.301141299200000000e+10,5.371525595136000000e+12,3.230303525924682617e-01
3.875000000000000000e+03,1.992000000000000000e+03,3.534318910346050302e+02,1.963383631246505001e-01,6.500000000000000000e+01,1.248056729600000000e+10,7.399516405760000000e+11,2.149243831634521484e+00
4.150000000000000000e+02,1.372000000000000000e+03,5.928031430905563326e+01,1.860163329510811370e-01,3.000000000000000000e+00,6.902842163200000000e+10,3.272609628160000000e+12,7.570462226867675781e-01
3.257000000000000000e+03,1.011000000000000000e+03,7.655001501412291987e+01,1.885618083164126990e-01,2.060000000000000000e+02,1.361531776000000000e+09,2.695304806400000000e+11,3.313000202178955078e-01
1.939000000000000000e+03,3.871000000000000000e+03,4.944477385418446147e+01,1.229750923802691437e-01,5.200000000000000000e+01,3.828430028800000000e+10,1.034564075520000000e+12,0.000000000000000000e+00
3.990000000000000000e+02,8.160000000000000000e+02,5.890247592844713154e+02,4.761904761904761640e-02,7.100000000000000000e+01,1.033783398400000000e+10,7.907896852480000000e+11,7.018927931785583496e-01
2.206000000000000000e+03,3.083000000000000000e+03,1.046619248114182597e+02,1.178511301977579334e-01,3.390000000000000000e+02,7.090938240000000000e+08,1.408466124800000000e+11,1.572182215750217438e-02
1.980000000000000000e+03,1.508000000000000000e+03,1.464584501815832596e+02,1.663780661615406053e-01,1.500000000000000000e+02,2.156276224000000000e+09,3.887007006720000000e+11,2.612947225570678711e-01
2.026000000000000000e+03,3.367000000000000000e+03,4.258924567775151786e+02,1.242259987499883256e-01,1.090000000000000000e+02,4.767008768000000000e+09,5.140877803520000000e+11,8.066106438636779785e-01
3.683000000000000000e+03,2.876000000000000000e+03,5.241413118128688353e+01,8.944271909999158832e-02,3.300000000000000000e+01,2.596919091200000000e+10,1.392400793600000000e+12,4.729880765080451965e-02
4.340000000000000000e+02,2.731000000000000000e+03,7.482700262213279530e+02,1.064794274999899953e-01,6.000000000000000000e+01,9.892344832000000000e+09,7.822726266880000000e+11,1.314265251159667969e+00
7.290000000000000000e+02,2.775000000000000000e+03,7.596261536448918150e+01,2.000000000000000111e-01,2.900000000000000000e+01,1.928219033600000000e+10,1.265615634432000000e+12,2.214435577392578125e+00
3.555000000000000000e+03,3.417000000000000000e+03,7.029349782518930567e+01,1.242259987499883256e-01,1.360000000000000000e+02,5.107780096000000000e+09,4.809077555200000000e+11,6.091393232345581055e-01
2.140000000000000000e+03,2.748000000000000000e+03,9.227452155499629782e+01,1.315334104411640948e-01,8.900000000000000000e+01,5.015371776000000000e+09,4.318797824000000000e+11,1.743932604789733887e+00
3.430000000000000000e+02,1.476000000000000000e+03,4.674634075691031398e+01,1.950639396376682988e-01,1.700000000000000000e+01,5.264295936000000000e+10,2.150357925888000000e+12,1.609793305397033691e-01
2.392000000000000000e+03,2.541000000000000000e+03,3.069188524166715411e+02,4.761904761904761640e-02,2.300000000000000000e+01,1.991361945600000000e+10,7.920974561280000000e+11,1.786077260971069336e+00
2.454000000000000000e+03,5.760000000000000000e+02,5.810965116538506692e+01,1.720052290384453675e-01,3.030000000000000000e+02,7.781590400000000000e+08,1.692194897920000000e+11,5.809598788619041443e-02
1.572000000000000000e+03,2.416000000000000000e+03,5.828265578194451280e+01,1.505846504842085487e-01,7.000000000000000000e+01,3.691625984000000000e+09,7.435327242240000000e+11,9.238203763961791992e-01
4.350000000000000000e+02,2.731000000000000000e+03,2.449328810902236171e+02,6.734350297014739251e-02,6.000000000000000000e+01,9.892344832000000000e+09,7.822726266880000000e+11,1.314265251159667969e+00
2.405000000000000000e+03,1.305000000000000000e+03,6.506642755808577760e+01,1.335389361282958987e-01,2.100000000000000000e+01,3.967555993600000000e+10,1.669329846272000000e+12,7.246407270431518555e-01
2.737000000000000000e+03,1.334000000000000000e+03,8.012470015655148359e+01,1.333333333333333315e-01,2.220000000000000000e+02,1.911242880000000000e+09,2.877858119680000000e+11,1.703075766563415527e-01
2.194000000000000000e+03,1.647000000000000000e+03,4.355652396614745214e+01,1.666666666666666574e-01,3.120000000000000000e+02,5.148074560000000000e+08,1.380568104960000000e+11,2.518250979483127594e-02
3.975000000000000000e+03,2.088000000000000000e+03,6.598345932637917599e+01,1.664356663246515655e-01,7.600000000000000000e+01,6.012193792000000000e+09,5.932355420160000000e+11,2.364895343780517578e-01
2.253000000000000000e+03,1.340000000000000000e+03,1.150661358593486199e+02,1.000000000000000056e-01,8.100000000000000000e+01,8.068609536000000000e+09,7.168793640960000000e+11,7.845193743705749512e-01
3.090000000000000000e+03,1.074000000000000000e+03,8.728059635584153853e+01,1.567630989332169100e-01,4.700000000000000000e+01,2.149117542400000000e+10,1.025539571712000000e+12,2.488818407058715820e+00
2.096000000000000000e+03,3.840000000000000000e+03,1.791472419395968245e+02,1.666666666666666574e-01,1.430000000000000000e+02,5.989215232000000000e+09,4.811243520000000000e+11,3.899121284484863281e-01
2.062000000000000000e+03,1.176000000000000000e+03,6.619700859586662034e+01,8.333333333333332871e-02,3.280000000000000000e+02,5.687434240000000000e+08,1.537079869440000000e+11,6.243311241269111633e-02
2.607000000000000000e+03,3.999000000000000000e+03,4.920924499770621452e+01,1.851851851851851749e-01,2.200000000000000000e+01,4.871026278400000000e+10,1.682183815168000000e+12,0.000000000000000000e+00
3.275000000000000000e+03,3.293000000000000000e+03,9.277129205769253986e+02,6.987712429686843141e-02,4.000000000000000000e+00,4.576543129600000000e+10,2.901718335488000000e+12,1.090228271484375000e+01
1.622000000000000000e+03,1.034000000000000000e+03,1.689502531381496624e+02,8.333333333333332871e-02,3.460000000000000000e+02,1.095322752000000000e+09,1.446473891840000000e+11,7.075598835945129395e-02
3.610000000000000000e+02,2.168000000000000000e+03,5.058887191164743058e+01,1.714985851425088470e-01,1.000000000000000000e+00,8.831377408000000000e+10,3.447775821824000000e+12,4.181708395481109619e-01
3.167000000000000000e+03,2.679000000000000000e+03,5.605357259170960305e+01,1.490711984999859852e-01,2.540000000000000000e+02,9.485489280000000000e+08,2.663671562240000000e+11,1.101500093936920166e-01
1.834000000000000000e+03,9.950000000000000000e+02,6.043051720378885250e+01,1.720052290384453675e-01,2.370000000000000000e+02,5.241972800000000000e+08,1.821371924480000000e+11,5.407391116023063660e-02
6.080000000000000000e+02,9.230000000000000000e+02,2.402189876375392075e+01,1.581138830084189706e-01,9.900000000000000000e+01,1.845776793600000000e+10,6.941362094080000000e+11,0.000000000000000000e+00
7.300000000000000000e+02,2.778000000000000000e+03,7.216350612488672311e+01,2.000000000000000111e-01,2.900000000000000000e+01,1.928219033600000000e+10,1.265615634432000000e+12,2.214435577392578125e+00
9.220000000000000000e+02,4.720000000000000000e+02,7.762718557245163709e+01,1.720052290384453675e-01,9.000000000000000000e+00,2.194928844800000000e+10,1.422013628416000000e+12,3.583382368087768555e+00
1.430000000000000000e+02,3.247000000000000000e+03,1.821464596548985355e+02,1.631784879661263288e-01,2.600000000000000000e+01,1.438108057600000000e+10,1.427807535104000000e+12,3.526270389556884766e+00
1.620000000000000000e+03,5.700000000000000000e+01,1.357376016786064099e+02,8.318903308077030267e-02,1.260000000000000000e+02,4.513734144000000000e+09,4.525443645440000000e+11,9.953110814094543457e-01
1.460000000000000000e+03,2.893000000000000000e+03,3.842321999706746851e+02,0.000000000000000000e+00,1.990000000000000000e+02,1.217136768000000000e+09,2.727443988480000000e+11,1.342078447341918945e-01
3.662000000000000000e+03,4.570000000000000000e+02,3.833191476306739531e+01,1.505846504842085487e-01,7.500000000000000000e+01,9.171800064000000000e+09,7.418361282560000000e+11,1.302706003189086914e+00
2.489000000000000000e+03,3.975000000000000000e+03,1.075926076862657794e+02,6.666666666666666574e-02,2.070000000000000000e+02,1.389949440000000000e+09,2.682227425280000000e+11,1.866812407970428467e-01
4.070000000000000000e+02,1.364000000000000000e+03,5.645223896973306665e+01,1.860163329510811370e-01,3.000000000000000000e+00,6.902842163200000000e+10,3.272609628160000000e+12,7.570462226867675781e-01
2.824000000000000000e+03,1.218000000000000000e+03,4.790148392837300548e+02,1.111111111111111049e-01,9.800000000000000000e+01,2.222143232000000000e+09,4.761788416000000000e+11,2.608013153076171875e-01
1.653000000000000000e+03,3.693000000000000000e+03,7.599017571054869791e+01,1.897658566033678385e-01,9.700000000000000000e+01,2.464083968000000000e+09,5.523820380160000000e+11,3.607912957668304443e-01
1.750000000000000000e+03,2.639000000000000000e+03,9.076924325473163435e+01,1.664356663246515655e-01,1.100000000000000000e+02,5.270673408000000000e+09,5.406609571840000000e+11,2.526594698429107666e-01
3.584000000000000000e+03,1.171000000000000000e+03,2.860088909707160809e+01,1.994505484123890171e-01,6.000000000000000000e+00,4.993640448000000000e+10,1.631447547904000000e+12,2.750630855560302734e+00
4.860000000000000000e+02,1.819000000000000000e+03,3.312698767820557322e+01,8.333333333333332871e-02,1.400000000000000000e+01,2.384566476800000000e+10,1.169877762048000000e+12,1.326438903808593750e+00
2.336000000000000000e+03,2.447000000000000000e+03,3.334365368837785013e+02,8.000000000000000167e-02,1.600000000000000000e+01,3.099138048000000000e+10,1.294922940416000000e+12,4.591097354888916016e+00
5.600000000000000000e+02,2.105000000000000000e+03,1.033367133633275188e+02,1.897658566033678385e-01,9.200000000000000000e+01,8.088771072000000000e+09,5.596324823040000000e+11,7.699264287948608398e-01
3.220000000000000000e+02,2.060000000000000000e+03,4.683375702719498435e+01,1.597191412499849861e-01,2.520000000000000000e+02,9.568181760000000000e+08,2.335715000320000000e+11,1.026855111122131348e-01
2.384000000000000000e+03,3.832000000000000000e+03,9.572037666527010913e+01,9.428090415820634951e-02,2.190000000000000000e+02,1.670014080000000000e+09,2.785095843840000000e+11,1.740442365407943726e-01
3.555000000000000000e+03,1.402000000000000000e+03,5.358028128793583988e+01,1.976423537605237202e-01,1.730000000000000000e+02,2.307132928000000000e+09,3.346703646720000000e+11,1.729831695556640625e-01
2.915000000000000000e+03,3.650000000000000000e+02,8.900145928020621966e+01,1.428571428571428492e-01,2.600000000000000000e+02,8.427557120000000000e+08,2.263200563200000000e+11,1.667747050523757935e-01
1.570000000000000000e+03,2.980000000000000000e+03,9.503451710606427127e+01,1.538461538461538547e-01,2.850000000000000000e+02,6.836806400000000000e+08,1.794414182400000000e+11,1.307955831289291382e-01
1.603000000000000000e+03,2.129000000000000000e+03,1.989862871606190708e+02,1.346870059402947850e-01,6.700000000000000000e+01,2.263678566400000000e+10,7.642853539840000000e+11,1.249879002571105957e+00
1.414000000000000000e+03,1.423000000000000000e+03,8.310688214333023893e+01,1.176470588235294101e-01,1.520000000000000000e+02,4.673288192000000000e+09,3.888040181760000000e+11,1.391681879758834839e-01
2.253000000000000000e+03,1.344000000000000000e+03,9.157813858166332466e+01,1.000000000000000056e-01,8.100000000000000000e+01,8.068609536000000000e+09,7.168793640960000000e+11,7.845193743705749512e-01
1.623000000000000000e+03,1.607000000000000000e+03,6.133944705602767300e+01,1.111111111111111049e-01,1.120000000000000000e+02,4.358597632000000000e+09,5.040958341120000000e+11,4.804726839065551758e-01
2.389000000000000000e+03,2.542000000000000000e+03,1.733807533730996511e+02,1.428571428571428492e-01,2.300000000000000000e+01,1.991361945600000000e+10,7.920974561280000000e+11,1.786077260971069336e+00
1.872000000000000000e+03,1.485000000000000000e+03,8.561636432258632112e+01,1.428571428571428492e-01,2.690000000000000000e+02,1.238931328000000000e+09,2.126970224640000000e+11,2.752779722213745117e-01
1.319000000000000000e+03,2.833000000000000000e+03,5.482653724564513453e+01,1.720052290384453675e-01,2.620000000000000000e+02,3.926612800000000000e+08,2.037588623360000000e+11,7.410188764333724976e-02
2.638000000000000000e+03,2.682000000000000000e+03,1.176802666469266114e+02,1.250000000000000000e-01,3.900000000000000000e+01,2.389246156800000000e+10,1.108915257344000000e+12,7.688570618629455566e-01
3.856000000000000000e+03,1.355000000000000000e+03,1.172804959866557084e+02,3.535533905932737586e-02,0.000000000000000000e+00,7.301141299200000000e+10,5.371525595136000000e+12,3.230303525924682617e-01
2.143000000000000000e+03,1.479000000000000000e+03,4.398267007299511278e+01,1.490711984999859852e-01,1.940000000000000000e+02,8.222473600000000000e+08,2.805040742400000000e+11,9.123795479536056519e-02
7.400000000000000000e+01,3.758000000000000000e+03,6.215834015073561858e+01,1.663780661615406053e-01,1.540000000000000000e+02,3.961576704000000000e+09,4.022394880000000000e+11,4.600262939929962158e-01
2.244000000000000000e+03,3.785000000000000000e+03,1.948172845875829466e+02,6.428243465332250661e-02,5.500000000000000000e+01,1.614189875200000000e+10,9.459097272320000000e+11,4.489732086658477783e-01
1.310000000000000000e+02,2.329000000000000000e+03,1.309043115151079064e+02,1.087856586440842377e-01,1.000000000000000000e+01,1.996886425600000000e+10,1.406474911744000000e+12,1.505521297454833984e+00
1.440000000000000000e+03,1.477000000000000000e+03,1.659953172980865475e+02,6.250000000000000000e-02,1.910000000000000000e+02,4.317606912000000000e+09,3.233326366720000000e+11,3.796105086803436279e-01
8.880000000000000000e+02,2.523000000000000000e+03,1.309944923065137345e+02,9.428090415820634951e-02,2.380000000000000000e+02,1.091454464000000000e+09,2.722975580160000000e+11,4.998725652694702148e-02
2.828000000000000000e+03,2.445000000000000000e+03,1.058963282525150618e+02,1.397542485937368628e-01,1.530000000000000000e+02,3.823034624000000000e+09,3.764229242880000000e+11,2.990027666091918945e-01
2.802000000000000000e+03,2.430000000000000000e+03,6.292385219400531327e+01,1.333333333333333315e-01,2.110000000000000000e+02,1.372552576000000000e+09,2.953143582720000000e+11,3.066765964031219482e-01
6.270000000000000000e+02,4.980000000000000000e+02,8.434560508127246692e+01,1.860163329510811370e-01,1.510000000000000000e+02,1.992101248000000000e+09,4.080898211840000000e+11,6.955169886350631714e-02
2.333000000000000000e+03,2.445000000000000000e+03,8.836489625582930785e+01,1.199999999999999956e-01,1.600000000000000000e+01,3.099138048000000000e+10,1.294922940416000000e+12,4.591097354888916016e+00
1.461000000000000000e+03,2.698000000000000000e+03,3.840741422553645634e+01,1.333333333333333315e-01,2.280000000000000000e+02,7.762957440000000000e+08,2.579108659200000000e+11,2.493864148855209351e-01
3.402000000000000000e+03,1.753000000000000000e+03,1.028633814099494685e+02,1.333333333333333315e-01,2.050000000000000000e+02,2.007096576000000000e+09,3.110571868160000000e+11,3.634668886661529541e-02
1.769000000000000000e+03,1.608000000000000000e+03,2.038038503949202322e+02,1.663780661615406053e-01,1.380000000000000000e+02,2.455658496000000000e+09,4.106929438720000000e+11,1.264987438917160034e-01
3.078000000000000000e+03,8.720000000000000000e+02,3.685705499575668398e+01,1.875000000000000000e-01,1.700000000000000000e+02,1.429099264000000000e+09,3.279949987840000000e+11,7.364984601736068726e-02
5.000000000000000000e+00,2.886000000000000000e+03,5.456917727309657096e+01,1.490711984999859852e-01,2.500000000000000000e+02,8.211125120000000000e+08,2.586923663360000000e+11,1.097938567399978638e-01
1.603000000000000000e+03,2.125000000000000000e+03,6.627915741109111991e+01,1.346870059402947850e-01,6.700000000000000000e+01,2.263678566400000000e+10,7.642853539840000000e+11,1.249879002571105957e+00
9.250000000000000000e+02,6.200000000000000000e+01,8.798386686444806060e+01,1.542574468374819374e-01,2.000000000000000000e+00,4.836097638400000000e+10,5.956759453696000000e+12,4.612917602062225342e-01
3.157000000000000000e+03,2.938000000000000000e+03,6.569098287592962038e+01,1.087856586440842377e-01,2.980000000000000000e+02,3.785439360000000000e+08,1.740825067520000000e+11,8.881265670061111450e-02
3.146000000000000000e+03,9.960000000000000000e+02,7.292247496321338929e+01,5.555555555555555247e-02,9.300000000000000000e+01,4.418263040000000000e+09,4.843336171520000000e+11,1.032378077507019043e+00
1.658000000000000000e+03,1.085000000000000000e+03,5.054075943938320137e+01,1.250000000000000000e-01,1.750000000000000000e+02,1.725437440000000000e+09,3.437754777600000000e+11,2.619169652462005615e-01
1.967000000000000000e+03,3.818000000000000000e+03,5.425790678942579603e+01,1.178511301977579334e-01,3.340000000000000000e+02,9.783617280000000000e+08,1.536872611840000000e+11,4.243917018175125122e-02
3.677000000000000000e+03,2.875000000000000000e+03,5.231802422821553478e+01,1.788854381999831766e-01,3.300000000000000000e+01,2.596919091200000000e+10,1.392400793600000000e+12,4.729880765080451965e-02
3.588000000000000000e+03,1.176000000000000000e+03,4.972790801018020801e+01,7.407407407407406996e-02,6.000000000000000000e+00,4.993640448000000000e+10,1.631447547904000000e+12,2.750630855560302734e+00
2.917000000000000000e+03,3.670000000000000000e+02,9.484321347070337538e+01,1.428571428571428492e-01,2.600000000000000000e+02,8.427557120000000000e+08,2.263200563200000000e+11,1.667747050523757935e-01
1.363000000000000000e+03,8.000000000000000000e+02,5.628428815008160058e+01,1.885618083164126990e-01,2.350000000000000000e+02,9.059889920000000000e+08,2.646524887040000000e+11,1.314550936222076416e-01
3.821000000000000000e+03,1.659000000000000000e+03,4.094690603268351481e+01,1.087856586440842377e-01,2.010000000000000000e+02,5.403896960000000000e+08,1.908479918080000000e+11,1.492742747068405151e-01
3.981000000000000000e+03,2.418000000000000000e+03,1.994589553409276306e+01,1.666666666666666574e-01,4.500000000000000000e+01,2.933959884800000000e+10,1.161086107648000000e+12,0.000000000000000000e+00
2.255000000000000000e+03,1.340000000000000000e+03,3.457283061831047632e+01,1.414213562373095034e-01,8.100000000000000000e+01,8.068609536000000000e+09,7.168793640960000000e+11,7.845193743705749512e-01
3.149000000000000000e+03,1.870000000000000000e+02,3.063355326153030944e+01,1.597191412499849861e-01,2.550000000000000000e+02,1.040948736000000000e+09,2.294191390720000000e+11,1.502451896667480469e-01
2.510000000000000000e+03,1.578000000000000000e+03,1.546175701424438671e+02,1.928473039599674921e-01,4.300000000000000000e+01,1.761921638400000000e+10,9.155836641280000000e+11,3.939166545867919922e+00
2.245000000000000000e+03,3.790000000000000000e+03,4.343143003506477839e+01,1.818181818181818232e-01,5.500000000000000000e+01,1.614189875200000000e+10,9.459097272320000000e+11,4.489732086658477783e-01
6.200000000000000000e+02,3.756000000000000000e+03,6.410803862009042575e+01,1.923076923076923184e-01,2.400000000000000000e+01,4.572494233600000000e+10,1.500802318336000000e+12,4.620099544525146484e+00
2.614000000000000000e+03,3.996000000000000000e+03,7.688297537770503709e+01,1.335389361282958987e-01,2.200000000000000000e+01,4.871026278400000000e+10,1.682183815168000000e+12,0.000000000000000000e+00
2.085000000000000000e+03,3.077000000000000000e+03,9.140800789136673643e+01,8.318903308077030267e-02,1.570000000000000000e+02,3.798783232000000000e+09,3.840699924480000000e+11,9.788149595260620117e-01
3.496000000000000000e+03,3.189000000000000000e+03,1.037223010356280923e+02,5.000000000000000278e-02,7.200000000000000000e+01,1.264045465600000000e+10,6.807097835520000000e+11,5.790898799896240234e-01
2.236000000000000000e+03,2.159000000000000000e+03,1.199512187220645387e+02,7.071067811865475172e-02,8.300000000000000000e+01,8.956526592000000000e+09,6.515022233600000000e+11,5.435594320297241211e-01
1.712000000000000000e+03,2.127000000000000000e+03,8.260303763210661998e+01,1.571348402636772446e-01,1.010000000000000000e+02,3.648659456000000000e+09,4.807784202240000000e+11,6.310544013977050781e-01
3.550000000000000000e+02,2.167000000000000000e+03,6.117374400267976853e+01,1.470588235294117696e-01,1.000000000000000000e+00,8.831377408000000000e+10,3.447775821824000000e+12,4.181708395481109619e-01
9.260000000000000000e+02,5.900000000000000000e+01,7.962431444984977702e+01,1.034790411492508416e-01,2.000000000000000000e+00,4.836097638400000000e+10,5.956759453696000000e+12,4.612917602062225342e-01
9.000000000000000000e+00,2.886000000000000000e+03,3.587250902865704916e+01,1.490711984999859852e-01,2.500000000000000000e+02,8.211125120000000000e+08,2.586923663360000000e+11,1.097938567399978638e-01
9.180000000000000000e+02,6.100000000000000000e+01,1.455837575824120620e+02,1.724650685820847684e-01,2.000000000000000000e+00,4.836097638400000000e+10,5.956759453696000000e+12,4.612917602062225342e-01
3.290000000000000000e+03,2.278000000000000000e+03,4.272191065349291961e+01,7.692307692307692735e-02,2.990000000000000000e+02,5.986179200000000000e+08,1.710872985600000000e+11,4.373416677117347717e-02
3.278000000000000000e+03,6.120000000000000000e+02,9.554732680112145715e+01,1.087856586440842377e-01,2.700000000000000000e+02,9.765783680000000000e+08,1.974550200320000000e+11,1.784845441579818726e-01
4.330000000000000000e+02,2.729000000000000000e+03,9.289242750650920755e+01,1.505846504842085487e-01,6.000000000000000000e+01,9.892344832000000000e+09,7.822726266880000000e+11,1.314265251159667969e+00
3.630000000000000000e+02,2.161000000000000000e+03,4.957386089706362498e+01,1.583872002098383469e-01,1.000000000000000000e+00,8.831377408000000000e+10,3.447775821824000000e+12,4.181708395481109619e-01
2.045000000000000000e+03,2.222000000000000000e+03,2.564661365174135312e+02,8.333333333333332871e-02,3.190000000000000000e+02,1.058999872000000000e+09,1.626930544640000000e+11,2.378668822348117828e-02
1.170000000000000000e+03,2.430000000000000000e+02,5.705496506418226232e+01,1.666666666666666574e-01,1.330000000000000000e+02,3.402823424000000000e+09,4.583243120640000000e+11,4.153676033020019531e-01
2.360000000000000000e+02,1.134000000000000000e+03,9.566677304317772723e+01,1.792654619833765339e-01,5.700000000000000000e+01,8.470172672000000000e+09,9.695676334080000000e+11,1.448810100555419922e+00
1.921000000000000000e+03,3.050000000000000000e+03,9.112083014231654943e+01,1.250000000000000000e-01,1.630000000000000000e+02,4.056990720000000000e+09,3.779123281920000000e+11,1.363024413585662842e-01
3.429000000000000000e+03,9.430000000000000000e+02,3.241217162453928324e+01,1.860163329510811370e-01,1.620000000000000000e+02,3.060062976000000000e+09,3.823545876480000000e+11,2.805753350257873535e-01
3.683000000000000000e+03,2.879000000000000000e+03,6.234731012095667779e+01,1.131370849898476055e-01,3.300000000000000000e+01,2.596919091200000000e+10,1.392400793600000000e+12,4.729880765080451965e-02
4.900000000000000000e+02,8.330000000000000000e+02,1.323009663120119797e+02,1.505846504842085487e-01,4.900000000000000000e+01,7.905716224000000000e+09,7.715926179840000000e+11,2.006682634353637695e+00
3.702000000000000000e+03,1.374000000000000000e+03,8.117013251693650489e+01,1.860163329510811370e-01,1.410000000000000000e+02,5.124332032000000000e+09,4.340172062720000000e+11,8.931189179420471191e-01
2.040000000000000000e+03,1.495000000000000000e+03,8.425087528809116577e+01,1.767766952966368932e-01,1.170000000000000000e+02,4.141453568000000000e+09,3.299535093760000000e+11,1.914184540510177612e-01
1.349000000000000000e+03,2.006000000000000000e+03,1.479157646261043055e+02,1.490711984999859852e-01,1.770000000000000000e+02,1.732036736000000000e+09,2.927439708160000000e+11,2.931735217571258545e-01
2.225000000000000000e+03,3.061000000000000000e+03,5.414713609051047172e+01,1.567630989332169100e-01,1.200000000000000000e+01,3.063368704000000000e+10,1.071789244416000000e+12,1.678610682487487793e+00
3.862000000000000000e+03,1.357000000000000000e+03,5.607571325338520296e+01,1.767766952966368932e-01,0.000000000000000000e+00,7.301141299200000000e+10,5.371525595136000000e+12,3.230303525924682617e-01
8.540000000000000000e+02,2.070000000000000000e+03,8.863856788545183463e+01,4.347826086956521618e-02,5.600000000000000000e+01,2.377781452800000000e+10,1.003706777600000000e+12,2.094316333532333374e-01
2.064000000000000000e+03,1.176000000000000000e+03,5.349098339115916190e+01,1.863389981249824745e-01,3.280000000000000000e+02,5.687434240000000000e+08,1.537079869440000000e+11,6.243311241269111633e-02
2.292000000000000000e+03,1.183000000000000000e+03,7.759632708658624267e+01,1.720052290384453675e-01,2.740000000000000000e+02,5.024897280000000000e+08,1.785749667840000000e+11,4.372858628630638123e-02
2.827000000000000000e+03,1.216000000000000000e+03,6.571618042627963518e+01,1.242259987499883256e-01,9.800000000000000000e+01,2.222143232000000000e+09,4.761788416000000000e+11,2.608013153076171875e-01
1.951000000000000000e+03,1.571000000000000000e+03,6.593832354321133948e+01,1.976423537605237202e-01,1.670000000000000000e+02,3.063771904000000000e+09,3.769188679680000000e+11,6.263079047203063965e-01
1.360000000000000000e+02,3.248000000000000000e+03,9.601620896125363913e+01,1.720052290384453675e-01,2.600000000000000000e+01,1.438108057600000000e+10,1.427807535104000000e+12,3.526270389556884766e+00
3.636000000000000000e+03,3.127000000000000000e+03,9.231156379808719237e+01,1.663780661615406053e-01,1.280000000000000000e+02,3.839666176000000000e+09,4.332187156480000000e+11,1.764668971300125122e-01
3.978000000000000000e+03,2.415000000000000000e+03,3.172786845620002438e+01,1.317615691736824801e-01,4.500000000000000000e+01,2.933959884800000000e+10,1.161086107648000000e+12,0.000000000000000000e+00
4.180000000000000000e+02,1.370000000000000000e+03,5.231581189947436883e+01,1.883271834539073097e-01,3.000000000000000000e+00,6.902842163200000000e+10,3.272609628160000000e+12,7.570462226867675781e-01
2.430000000000000000e+02,3.016000000000000000e+03,7.923621183395954404e+01,0.000000000000000000e+00,2.530000000000000000e+02,4.436043520000000000e+08,1.612296847360000000e+11,3.729216754436492920e-02
1.807000000000000000e+03,1.912000000000000000e+03,7.017771081119697385e+01,1.428571428571428492e-01,2.800000000000000000e+02,1.017443840000000000e+09,2.190259322880000000e+11,1.025063097476959229e-01
2.890000000000000000e+02,2.723000000000000000e+03,3.293557765620547428e+01,1.666666666666666574e-01,3.320000000000000000e+02,3.615825280000000000e+08,1.449192488960000000e+11,2.213831804692745209e-02
7.280000000000000000e+02,2.782000000000000000e+03,7.490074811021776213e+01,2.000000000000000111e-01,2.900000000000000000e+01,1.928219033600000000e+10,1.265615634432000000e+12,2.214435577392578125e+00
3.402000000000000000e+03,9.830000000000000000e+02,1.311728278532757770e+02,0.000000000000000000e+00,2.440000000000000000e+02,9.381701760000000000e+08,2.411223777280000000e+11,1.813671588897705078e-01
3.639000000000000000e+03,3.129000000000000000e+03,7.505903415789676103e+01,5.882352941176470507e-02,1.280000000000000000e+02,3.839666176000000000e+09,4.332187156480000000e+11,1.764668971300125122e-01
3.410000000000000000e+02,1.476000000000000000e+03,1.693060698838050726e+01,1.542115846551579128e-01,1.700000000000000000e+01,5.264295936000000000e+10,2.150357925888000000e+12,1.609793305397033691e-01
9.000000000000000000e+00,2.883000000000000000e+03,5.546666714380084784e+01,1.885618083164126990e-01,2.500000000000000000e+02,8.211125120000000000e+08,2.586923663360000000e+11,1.097938567399978638e-01
2.515000000000000000e+03,1.572000000000000000e+03,1.028630367690778087e+02,1.638886943392722229e-01,4.300000000000000000e+01,1.761921638400000000e+10,9.155836641280000000e+11,3.939166545867919922e+00
1.950000000000000000e+03,1.593000000000000000e+03,7.568716959493653462e+01,1.490711984999859852e-01,2.230000000000000000e+02,1.263835520000000000e+09,2.617083985920000000e+11,2.692348361015319824e-01
3.271000000000000000e+03,3.288000000000000000e+03,7.549043521338450091e+02,1.976423537605237202e-01,4.000000000000000000e+00,4.576543129600000000e+10,2.901718335488000000e+12,1.090228271484375000e+01
2.522000000000000000e+03,1.017000000000000000e+03,5.829491181058516958e+01,1.287696884094281791e-01,1.900000000000000000e+01,3.211539865600000000e+10,1.839924903936000000e+12,4.858803153038024902e-01
1.620000000000000000e+03,5.900000000000000000e+01,1.016196774176898288e+02,8.318903308077030267e-02,1.260000000000000000e+02,4.513734144000000000e+09,4.525443645440000000e+11,9.953110814094543457e-01
3.072000000000000000e+03,2.412000000000000000e+03,8.630083919517637980e+01,1.638886943392722229e-01,2.000000000000000000e+01,2.138906214400000000e+10,9.160418918400000000e+11,6.593467593193054199e-01
1.458000000000000000e+03,2.891000000000000000e+03,3.195736555498731377e+02,1.885618083164126990e-01,1.990000000000000000e+02,1.217136768000000000e+09,2.727443988480000000e+11,1.342078447341918945e-01
2.808000000000000000e+03,3.786000000000000000e+03,4.869224025105030762e+01,1.597191412499849861e-01,2.260000000000000000e+02,1.694067840000000000e+09,2.313366077440000000e+11,1.372270882129669189e-01
1.177000000000000000e+03,9.450000000000000000e+02,1.225608587226764286e+02,1.087856586440842377e-01,2.660000000000000000e+02,9.486789760000000000e+08,2.049079541760000000e+11,1.377537250518798828e-01
1.766000000000000000e+03,1.270000000000000000e+03,1.002934230770611777e+02,1.663780661615406053e-01,1.320000000000000000e+02,4.678830592000000000e+09,4.214285598720000000e+11,3.574668765068054199e-01
1.335000000000000000e+03,1.360000000000000000e+03,7.280219409974512246e+01,9.090909090909091161e-02,2.030000000000000000e+02,5.687755520000000000e+08,1.221517967360000000e+11,2.040524780750274658e-02
6.320000000000000000e+02,1.691000000000000000e+03,1.308525666799488363e+02,8.333333333333332871e-02,2.970000000000000000e+02,8.341594240000000000e+08,1.482848174080000000e+11,3.178405389189720154e-02
3.278000000000000000e+03,1.283000000000000000e+03,5.249340666500260966e+01,1.976423537605237202e-01,1.440000000000000000e+02,2.995511040000000000e+09,3.637745745920000000e+11,7.464761734008789062e-01
2.640000000000000000e+03,3.077000000000000000e+03,9.212499952057960684e+01,1.335389361282958987e-01,1.500000000000000000e+01,3.527756185600000000e+10,1.735473496064000000e+12,1.871760040521621704e-01
3.814000000000000000e+03,2.186000000000000000e+03,8.436481831078053517e+01,1.456862718169366910e-01,5.000000000000000000e+00,6.303399526400000000e+10,3.637388771328000000e+12,2.569424629211425781e+00
1.803000000000000000e+03,1.760000000000000000e+03,5.511665741973089894e+01,8.333333333333332871e-02,3.310000000000000000e+02,5.589888000000000000e+08,1.546249994240000000e+11,9.391003102064132690e-02
3.556000000000000000e+03,1.408000000000000000e+03,2.625234081574503264e+01,1.875000000000000000e-01,1.730000000000000000e+02,2.307132928000000000e+09,3.346703646720000000e+11,1.729831695556640625e-01
3.544000000000000000e+03,2.476000000000000000e+03,5.244839933337606652e+01,1.717960677340691911e-01,3.200000000000000000e+01,2.188575744000000000e+10,1.215032852480000000e+12,2.247135162353515625e+00
3.274000000000000000e+03,3.291000000000000000e+03,6.004922877903206881e+02,9.882117688026186009e-02,4.000000000000000000e+00,4.576543129600000000e+10,2.901718335488000000e+12,1.090228271484375000e+01
3.490000000000000000e+02,3.397000000000000000e+03,4.064011835144052753e+01,1.664356663246515655e-01,1.110000000000000000e+02,5.865623040000000000e+09,5.513145876480000000e+11,2.487920820713043213e-01
2.575000000000000000e+03,8.360000000000000000e+02,7.691191267636581586e+01,1.264911064067351931e-01,3.500000000000000000e+01,2.461768089600000000e+10,1.257411051520000000e+12,0.000000000000000000e+00
3.775000000000000000e+03,1.959000000000000000e+03,3.498842100872973049e+01,2.000000000000000111e-01,2.120000000000000000e+02,7.961107840000000000e+08,2.616089149440000000e+11,1.231193840503692627e-01
3.713000000000000000e+03,2.816000000000000000e+03,6.169926793281089772e+01,1.597191412499849861e-01,2.480000000000000000e+02,1.529134080000000000e+09,2.136252088320000000e+11,1.656225137412548065e-02
3.145000000000000000e+03,9.980000000000000000e+02,7.314275397262096590e+01,1.111111111111111049e-01,9.300000000000000000e+01,4.418263040000000000e+09,4.843336171520000000e+11,1.032378077507019043e+00
1.940000000000000000e+03,3.872000000000000000e+03,2.717382917646456875e+01,6.148754619013457184e-02,5.200000000000000000e+01,3.828430028800000000e+10,1.034564075520000000e+12,0.000000000000000000e+00
2.563000000000000000e+03,3.101000000000000000e+03,2.386279514189902429e+01,1.976423537605237202e-01,1.830000000000000000e+02,1.435199104000000000e+09,3.311490170880000000e+11,1.839263886213302612e-01
2.807000000000000000e+03,3.046000000000000000e+03,8.730516987317561473e+01,1.756820922315766309e-01,1.270000000000000000e+02,1.076523008000000000e+10,4.631417978880000000e+11,1.170760273933410645e+00
3.198000000000000000e+03,3.803000000000000000e+03,1.188365042113983208e+02,1.666666666666666574e-01,3.100000000000000000e+01,1.797018828800000000e+10,1.127008960512000000e+12,9.884166121482849121e-01
3.447000000000000000e+03,2.862000000000000000e+03,1.376424744449586228e+02,1.176877882894626220e-01,6.600000000000000000e+01,5.837941760000000000e+09,6.081861386240000000e+11,1.099951863288879395e+00
1.808000000000000000e+03,1.916000000000000000e+03,7.859661494930499259e+01,1.597191412499849861e-01,2.800000000000000000e+02,1.017443840000000000e+09,2.190259322880000000e+11,1.025063097476959229e-01
2.140000000000000000e+02,9.020000000000000000e+02,3.386593063334726850e+01,1.720052290384453675e-01,3.100000000000000000e+02,4.837222720000000000e+08,1.678692352000000000e+11,1.754781417548656464e-02
3.975000000000000000e+03,2.416000000000000000e+03,2.491322596992003824e+01,1.178511301977579334e-01,4.500000000000000000e+01,2.933959884800000000e+10,1.161086107648000000e+12,0.000000000000000000e+00
1.569000000000000000e+03,2.416000000000000000e+03,6.046207272134633968e+02,4.761904761904761640e-02,7.000000000000000000e+01,3.691625984000000000e+09,7.435327242240000000e+11,9.238203763961791992e-01
2.781000000000000000e+03,3.285000000000000000e+03,8.023486079012101868e+01,1.346870059402947850e-01,6.200000000000000000e+01,1.213782118400000000e+10,7.476529725440000000e+11,1.117016077041625977e+00
1.483000000000000000e+03,1.134000000000000000e+03,5.918530266453242916e+01,8.333333333333332871e-02,3.400000000000000000e+02,3.824646400000000000e+08,1.395550945280000000e+11,5.934963002800941467e-02
1.610000000000000000e+03,2.959000000000000000e+03,1.515646544587076221e+02,1.016394535227177209e-01,5.400000000000000000e+01,1.041408819200000000e+10,8.919000023040000000e+11,2.400319814682006836e+00
2.324000000000000000e+03,2.814000000000000000e+03,1.018204512493498726e+02,1.428571428571428492e-01,2.870000000000000000e+02,6.854396800000000000e+08,2.084819927040000000e+11,1.414418071508407593e-01
3.794000000000000000e+03,3.381000000000000000e+03,8.267661866485647693e+01,1.064794274999899953e-01,6.300000000000000000e+01,9.890160640000000000e+09,7.694368112640000000e+11,7.079712152481079102e-01
2.023000000000000000e+03,7.800000000000000000e+02,4.631726880237076216e+02,1.064794274999899953e-01,6.400000000000000000e+01,8.225184256000000000e+09,7.782105088000000000e+11,7.376434803009033203e-01
3.426000000000000000e+03,9.470000000000000000e+02,4.215524898521029940e+01,1.764705882352941291e-01,1.620000000000000000e+02,3.060062976000000000e+09,3.823545876480000000e+11,2.805753350257873535e-01
1.827000000000000000e+03,1.937000000000000000e+03,4.481200879404996584e+01,1.176470588235294101e-01,1.560000000000000000e+02,1.740929792000000000e+09,4.219179827200000000e+11,6.084308028221130371e-01
3.890000000000000000e+03,5.890000000000000000e+02,4.152499296933788742e+01,1.720052290384453675e-01,2.940000000000000000e+02,5.208605120000000000e+08,1.844918190080000000e+11,6.816863268613815308e-02
3.165000000000000000e+03,9.000000000000000000e+02,6.045293530973344787e+01,1.346870059402947850e-01,7.900000000000000000e+01,9.350776832000000000e+09,7.296368640000000000e+11,6.641222238540649414e-01
2.025000000000000000e+03,3.368000000000000000e+03,3.710088218686570940e+02,1.242259987499883256e-01,1.090000000000000000e+02,4.767008768000000000e+09,5.140877803520000000e+11,8.066106438636779785e-01
2.735000000000000000e+03,1.334000000000000000e+03,4.712794610710292886e+01,1.885618083164126990e-01,2.220000000000000000e+02,1.911242880000000000e+09,2.877858119680000000e+11,1.703075766563415527e-01
2.326000000000000000e+03,2.811000000000000000e+03,7.806374427226936064e+01,1.597191412499849861e-01,2.870000000000000000e+02,6.854396800000000000e+08,2.084819927040000000e+11,1.414418071508407593e-01
2.776000000000000000e+03,3.270000000000000000e+02,3.148905140231203958e+01,1.397542485937368628e-01,1.760000000000000000e+02,1.897518080000000000e+09,3.672120360960000000e+11,2.138888686895370483e-01
3.090000000000000000e+03,1.077000000000000000e+03,1.358084964520424194e+02,1.374903330507991073e-01,4.700000000000000000e+01,2.149117542400000000e+10,1.025539571712000000e+12,2.488818407058715820e+00
1.271000000000000000e+03,1.448000000000000000e+03,8.405144168094928148e+01,1.285648693066450132e-01,3.090000000000000000e+02,3.922811840000000000e+08,1.094750945280000000e+11,3.782335668802261353e-02
1.440000000000000000e+02,3.249000000000000000e+03,1.402733794520715946e+02,1.585809856006792640e-01,2.600000000000000000e+01,1.438108057600000000e+10,1.427807535104000000e+12,3.526270389556884766e+00
2.082000000000000000e+03,3.078000000000000000e+03,7.682488725385746875e+01,1.663780661615406053e-01,1.570000000000000000e+02,3.798783232000000000e+09,3.840699924480000000e+11,9.788149595260620117e-01
1.261000000000000000e+03,3.924000000000000000e+03,9.359303857304952601e+01,1.087856586440842377e-01,2.700000000000000000e+01,4.451796172800000000e+10,1.408662896640000000e+12,3.526160120964050293e-01
3.584000000000000000e+03,1.178000000000000000e+03,4.984453766452978130e+01,1.047565601757848297e-01,6.000000000000000000e+00,4.993640448000000000e+10,1.631447547904000000e+12,2.750630855560302734e+00
3.935000000000000000e+03,3.595000000000000000e+03,6.972796466156290762e+01,1.756820922315766309e-01,1.150000000000000000e+02,8.581559808000000000e+09,4.948238008320000000e+11,5.617836713790893555e-01
3.087000000000000000e+03,3.610000000000000000e+03,8.617737263050945273e+01,1.287696884094281791e-01,1.800000000000000000e+01,4.353104691200000000e+10,1.882279772160000000e+12,3.471975401043891907e-02
3.290000000000000000e+03,1.547000000000000000e+03,7.512075838941002530e+02,5.263157894736841813e-02,9.000000000000000000e+01,1.092595200000000000e+10,6.076843950080000000e+11,6.028710603713989258e-01
1.800000000000000000e+02,2.691000000000000000e+03,2.496307361547529808e+02,5.882352941176470507e-02,1.190000000000000000e+02,2.209803520000000000e+09,4.380837478400000000e+11,6.837707161903381348e-01
3.268000000000000000e+03,3.296000000000000000e+03,1.223868037147519203e+02,1.682864002229532419e-01,4.000000000000000000e+00,4.576543129600000000e+10,2.901718335488000000e+12,1.090228271484375000e+01
9.280000000000000000e+02,5.400000000000000000e+01,5.858081069858989309e+01,1.313454831008415424e-01,2.000000000000000000e+00,4.836097638400000000e+10,5.956759453696000000e+12,4.612917602062225342e-01
3.523000000000000000e+03,1.286000000000000000e+03,7.430801905913550627e+02,1.010152544552210818e-01,2.750000000000000000e+02,7.826227200000000000e+08,2.273865236480000000e+11,5.492387712001800537e-02
1.002000000000000000e+03,1.278000000000000000e+03,1.411704388463784596e+02,6.250000000000000000e-02,1.720000000000000000e+02,2.377929984000000000e+09,3.280464117760000000e+11,2.886517047882080078e-01
3.277000000000000000e+03,3.293000000000000000e+03,1.034885439915420875e+02,1.288470508005518933e-01,4.000000000000000000e+00,4.576543129600000000e+10,2.901718335488000000e+12,1.090228271484375000e+01
6.140000000000000000e+02,2.593000000000000000e+03,4.295687368557639019e+01,1.944406936956339094e-01,4.100000000000000000e+01,3.039488614400000000e+10,1.064241790976000000e+12,7.708724141120910645e-01
1.176000000000000000e+03,9.430000000000000000e+02,2.290072584482743707e+02,7.692307692307692735e-02,2.660000000000000000e+02,9.486789760000000000e+08,2.049079541760000000e+11,1.377537250518798828e-01
1.311000000000000000e+03,1.395000000000000000e+03,2.567583074392792355e+02,7.071067811865475172e-02,3.400000000000000000e+01,1.266510643200000000e+10,7.028321812480000000e+11,3.640272617340087891e-01
2.574000000000000000e+03,8.400000000000000000e+02,8.230327679077871039e+01,8.944271909999158832e-02,3.500000000000000000e+01,2.461768089600000000e+10,1.257411051520000000e+12,0.000000000000000000e+00
2.176000000000000000e+03,1.160000000000000000e+02,9.206988315160660363e+01,1.502313031443328895e-01,4.000000000000000000e+01,2.409143500800000000e+10,1.124034150400000000e+12,1.411813020706176758e+00
4.130000000000000000e+02,1.372000000000000000e+03,6.471570017519508156e+01,1.764705882352941291e-01,3.000000000000000000e+00,6.902842163200000000e+10,3.272609628160000000e+12,7.570462226867675781e-01
2.396000000000000000e+03,2.541000000000000000e+03,5.263516799986765449e+01,1.963383631246505001e-01,2.300000000000000000e+01,1.991361945600000000e+10,7.920974561280000000e+11,1.786077260971069336e+00
3.630000000000000000e+02,2.159000000000000000e+03,5.073693560032754135e+01,1.883271834539073097e-01,1.000000000000000000e+00,8.831377408000000000e+10,3.447775821824000000e+12,4.181708395481109619e-01
2.760000000000000000e+03,1.426000000000000000e+03,1.748885559367880376e+02,8.333333333333332871e-02,3.140000000000000000e+02,3.868203520000000000e+08,1.621755658240000000e+11,4.999541863799095154e-02
2.850000000000000000e+02,2.724000000000000000e+03,4.371948390845847854e+01,1.863389981249824745e-01,3.320000000000000000e+02,3.615825280000000000e+08,1.449192488960000000e+11,2.213831804692745209e-02
2.333000000000000000e+03,2.441000000000000000e+03,7.330329228081262727e+01,2.000000000000000111e-01,1.600000000000000000e+01,3.099138048000000000e+10,1.294922940416000000e+12,4.591097354888916016e+00
1.280000000000000000e+02,2.323000000000000000e+03,1.018806185464243299e+02,1.585809856006792640e-01,1.000000000000000000e+01,1.996886425600000000e+10,1.406474911744000000e+12,1.505521297454833984e+00
1.714000000000000000e+03,1.657000000000000000e+03,2.608858903177530806e+02,1.285648693066450132e-01,1.300000000000000000e+01,1.214220800000000000e+10,8.739340288000000000e+11,1.179914355278015137e+00
3.111000000000000000e+03,3.661000000000000000e+03,3.887835237515270848e+01,1.597191412499849861e-01,2.250000000000000000e+02,9.303131520000000000e+08,2.084795514880000000e+11,9.833247214555740356e-02
4.100000000000000000e+02,1.370000000000000000e+03,4.584803770540806767e+01,1.470588235294117696e-01,3.000000000000000000e+00,6.902842163200000000e+10,3.272609628160000000e+12,7.570462226867675781e-01
1.622000000000000000e+03,6.000000000000000000e+01,5.580541325354911919e+01,1.315334104411640948e-01,1.260000000000000000e+02,4.513734144000000000e+09,4.525443645440000000e+11,9.953110814094543457e-01
4.110000000000000000e+02,1.367000000000000000e+03,3.545772656027213543e+01,6.576670522058204738e-02,3.000000000000000000e+00,6.902842163200000000e+10,3.272609628160000000e+12,7.570462226867675781e-01
6.080000000000000000e+02,9.250000000000000000e+02,1.673924280829970357e+01,1.581138830084189706e-01,9.900000000000000000e+01,1.845776793600000000e+10,6.941362094080000000e+11,0.000000000000000000e+00
1.621000000000000000e+03,1.034000000000000000e+03,5.810658174310824364e+01,1.666666666666666574e-01,3.460000000000000000e+02,1.095322752000000000e+09,1.446473891840000000e+11,7.075598835945129395e-02
8.550000000000000000e+02,2.071000000000000000e+03,6.057581431576038256e+01,9.722034684781695468e-02,5.600000000000000000e+01,2.377781452800000000e+10,1.003706777600000000e+12,2.094316333532333374e-01
1.948000000000000000e+03,3.913000000000000000e+03,1.227162395996602271e+02,1.333333333333333315e-01,1.860000000000000000e+02,9.393569920000000000e+08,2.994678333440000000e+11,8.796782791614532471e-02
5.890000000000000000e+02,4.210000000000000000e+02,6.437352003327654870e+01,1.720052290384453675e-01,2.820000000000000000e+02,1.102760704000000000e+09,2.045083975680000000e+11,1.114259064197540283e-01
3.046000000000000000e+03,3.390000000000000000e+03,7.902052498429274863e+01,9.722034684781695468e-02,5.100000000000000000e+01,2.175456870400000000e+10,9.791455232000000000e+11,0.000000000000000000e+00
2.488000000000000000e+03,3.977000000000000000e+03,4.179951051282444752e+01,1.333333333333333315e-01,2.070000000000000000e+02,1.389949440000000000e+09,2.682227425280000000e+11,1.866812407970428467e-01
3.075000000000000000e+03,8.720000000000000000e+02,2.091698910508676192e+02,0.000000000000000000e+00,1.700000000000000000e+02,1.429099264000000000e+09,3.279949987840000000e+11,7.364984601736068726e-02
2.610000000000000000e+03,3.000000000000000000e+00,1.272600621984903739e+02,1.659660169819994757e-01,2.200000000000000000e+01,4.871026278400000000e+10,1.682183815168000000e+12,0.000000000000000000e+00
3.785000000000000000e+03,2.082000000000000000e+03,7.856111403388423469e+02,0.000000000000000000e+00,3.700000000000000000e+01,6.925903872000000000e+09,6.656544604160000000e+11,6.811499595642089844e-01
3.078000000000000000e+03,2.410000000000000000e+03,3.976395051416775317e+01,1.874138920735300140e-01,2.000000000000000000e+01,2.138906214400000000e+10,9.160418918400000000e+11,6.593467593193054199e-01
6.310000000000000000e+02,4.970000000000000000e+02,8.140668573194223256e+01,1.315334104411640948e-01,1.510000000000000000e+02,1.992101248000000000e+09,4.080898211840000000e+11,6.955169886350631714e-02
2.502000000000000000e+03,2.618000000000000000e+03,1.161293211622054002e+02,1.720052290384453675e-01,2.200000000000000000e+02,8.441690240000000000e+08,1.855676416000000000e+11,9.814136475324630737e-02
3.990000000000000000e+02,8.140000000000000000e+02,2.098127612948005947e+02,1.064794274999899953e-01,7.100000000000000000e+01,1.033783398400000000e+10,7.907896852480000000e+11,7.018927931785583496e-01
8.510000000000000000e+02,2.068000000000000000e+03,6.575180531571021447e+01,1.374903330507991073e-01,5.600000000000000000e+01,2.377781452800000000e+10,1.003706777600000000e+12,2.094316333532333374e-01
1.200000000000000000e+02,3.026000000000000000e+03,8.390371285896343068e+01,1.976423537605237202e-01,1.810000000000000000e+02,1.703606272000000000e+09,3.191276830720000000e+11,1.524101495742797852e-01
2.044000000000000000e+03,1.498000000000000000e+03,8.616999183085491154e+01,1.397542485937368628e-01,1.170000000000000000e+02,4.141453568000000000e+09,3.299535093760000000e+11,1.914184540510177612e-01
1.950000000000000000e+03,1.571000000000000000e+03,4.650983111436902817e+01,1.875000000000000000e-01,1.670000000000000000e+02,3.063771904000000000e+09,3.769188679680000000e+11,6.263079047203063965e-01
2.040000000000000000e+03,1.498000000000000000e+03,1.025560791999217685e+02,1.397542485937368628e-01,1.170000000000000000e+02,4.141453568000000000e+09,3.299535093760000000e+11,1.914184540510177612e-01
1.261000000000000000e+03,3.923000000000000000e+03,6.371514516115613702e+01,1.386750490563072868e-01,2.700000000000000000e+01,4.451796172800000000e+10,1.408662896640000000e+12,3.526160120964050293e-01
3.105000000000000000e+03,1.259000000000000000e+03,1.550956487283396825e+02,1.064794274999899953e-01,7.300000000000000000e+01,6.995432448000000000e+09,7.722072145920000000e+11,6.042641401290893555e-01
3.047000000000000000e+03,3.392000000000000000e+03,5.743407453116915917e+01,1.374903330507991073e-01,5.100000000000000000e+01,2.175456870400000000e+10,9.791455232000000000e+11,0.000000000000000000e+00
3.586000000000000000e+03,1.179000000000000000e+03,6.800451351029163050e+01,1.111111111111111049e-01,6.000000000000000000e+00,4.993640448000000000e+10,1.631447547904000000e+12,2.750630855560302734e+00
3.640000000000000000e+03,3.131000000000000000e+03,7.684726253617760960e+01,1.663780661615406053e-01,1.280000000000000000e+02,3.839666176000000000e+09,4.332187156480000000e+11,1.764668971300125122e-01
3.088000000000000000e+03,3.614000000000000000e+03,6.191169777137832853e+01,5.050762722761054091e-02,1.800000000000000000e+01,4.353104691200000000e+10,1.882279772160000000e+12,3.471975401043891907e-02
1.694000000000000000e+03,1.995000000000000000e+03,8.517990330953240630e+01,8.333333333333332871e-02,3.160000000000000000e+02,3.948845120000000000e+08,1.476823613440000000e+11,5.348441191017627716e-03
3.203000000000000000e+03,2.997000000000000000e+03,6.347474527702379419e+02,8.838834764831844659e-02,1.820000000000000000e+02,2.496905216000000000e+09,3.449701007360000000e+11,1.933547407388687134e-01
1.651000000000000000e+03,3.017000000000000000e+03,1.138348682220564143e+02,1.490711984999859852e-01,1.610000000000000000e+02,1.813462784000000000e+09,3.086701363200000000e+11,3.963987231254577637e-01
3.204000000000000000e+03,1.942000000000000000e+03,1.044494826332148563e+02,1.176877882894626220e-01,1.130000000000000000e+02,7.726062080000000000e+09,5.761304494080000000e+11,5.950784087181091309e-01
3.558000000000000000e+03,3.414000000000000000e+03,9.056576979857341314e+01,1.242259987499883256e-01,1.360000000000000000e+02,5.107780096000000000e+09,4.809077555200000000e+11,6.091393232345581055e-01
3.555000000000000000e+03,1.408000000000000000e+03,2.557161488713349584e+01,1.976423537605237202e-01,1.730000000000000000e+02,2.307132928000000000e+09,3.346703646720000000e+11,1.729831695556640625e-01
1.190000000000000000e+02,3.028000000000000000e+03,1.039489815297814204e+02,1.397542485937368628e-01,1.810000000000000000e+02,1.703606272000000000e+09,3.191276830720000000e+11,1.524101495742797852e-01
1.471000000000000000e+03,1.841000000000000000e+03,9.379633906851024960e+01,7.692307692307692735e-02,2.680000000000000000e+02,3.387232000000000000e+08,1.792297369600000000e+11,3.738203644752502441e-02
3.858000000000000000e+03,1.361000000000000000e+03,7.043783120439356082e+01,1.457737973711325241e-01,0.000000000000000000e+00,7.301141299200000000e+10,5.371525595136000000e+12,3.230303525924682617e-01
1.965000000000000000e+03,3.819000000000000000e+03,4.911713296939773272e+02,8.333333333333332871e-02,3.340000000000000000e+02,9.783617280000000000e+08,1.536872611840000000e+11,4.243917018175125122e-02
2.505000000000000000e+03,1.865000000000000000e+03,1.775847482183020531e+02,1.176470588235294101e-01,1.420000000000000000e+02,5.136879616000000000e+09,4.324141629440000000e+11,2.311038821935653687e-01
1.144000000000000000e+03,3.902000000000000000e+03,4.196225543587704720e+01,1.943650631615100322e-01,8.000000000000000000e+00,3.991272652800000000e+10,2.224507322368000000e+12,9.772834777832031250e-01
1.003000000000000000e+03,1.275000000000000000e+03,1.921057487155459853e+02,1.397542485937368628e-01,1.720000000000000000e+02,2.377929984000000000e+09,3.280464117760000000e+11,2.886517047882080078e-01
9.230000000000000000e+02,6.000000000000000000e+01,2.320664648320124854e+02,9.756097560975610095e-02,2.000000000000000000e+00,4.836097638400000000e+10,5.956759453696000000e+12,4.612917602062225342e-01
2.644000000000000000e+03,3.074000000000000000e+03,1.168689339220325678e+02,1.888525745775105347e-01,1.500000000000000000e+01,3.527756185600000000e+10,1.735473496064000000e+12,1.871760040521621704e-01
2.097000000000000000e+03,3.835000000000000000e+03,2.633301649292712909e+02,1.242259987499883256e-01,1.430000000000000000e+02,5.989215232000000000e+09,4.811243520000000000e+11,3.899121284484863281e-01
6.060000000000000000e+02,2.592000000000000000e+03,6.861291395684544625e+01,1.792654619833765339e-01,4.100000000000000000e+01,3.039488614400000000e+10,1.064241790976000000e+12,7.708724141120910645e-01
1.316000000000000000e+03,1.718000000000000000e+03,8.568991444564615279e+01,1.242259987499883256e-01,9.500000000000000000e+01,1.568210534400000000e+10,5.062445301760000000e+11,2.863983809947967529e-01
1.053000000000000000e+03,6.630000000000000000e+02,7.723199613503332728e+01,1.428571428571428492e-01,2.760000000000000000e+02,2.121027584000000000e+09,2.094952775680000000e+11,4.893848598003387451e-01
2.410000000000000000e+02,3.016000000000000000e+03,7.612971972176259783e+01,1.666666666666666574e-01,2.530000000000000000e+02,4.436043520000000000e+08,1.612296847360000000e+11,3.729216754436492920e-02
3.420000000000000000e+02,1.475000000000000000e+03,2.738840026927601556e+01,1.462979547282511894e-01,1.700000000000000000e+01,5.264295936000000000e+10,2.150357925888000000e+12,1.609793305397033691e-01
1.462000000000000000e+03,2.893000000000000000e+03,8.038658112563550162e+01,1.333333333333333315e-01,1.990000000000000000e+02,1.217136768000000000e+09,2.727443988480000000e+11,1.342078447341918945e-01
3.094000000000000000e+03,1.079000000000000000e+03,1.013378218999469880e+02,1.374903330507991073e-01,4.700000000000000000e+01,2.149117542400000000e+10,1.025539571712000000e+12,2.488818407058715820e+00
2.041000000000000000e+03,3.780000000000000000e+03,1.886744934988405475e+02,1.720052290384453675e-01,2.790000000000000000e+02,1.571220736000000000e+09,1.889293598720000000e+11,2.064283639192581177e-01
1.191000000000000000e+03,1.703000000000000000e+03,2.344114314526402438e+02,1.315334104411640948e-01,1.180000000000000000e+02,4.714155008000000000e+09,4.329807544320000000e+11,7.848110198974609375e-01
2.523000000000000000e+03,1.015000000000000000e+03,6.799390972600420469e+01,1.428571428571428492e-01,1.900000000000000000e+01,3.211539865600000000e+10,1.839924903936000000e+12,4.858803153038024902e-01
3.600000000000000000e+02,2.161000000000000000e+03,6.341077187015937966e+01,8.318903308077030267e-02,1.000000000000000000e+00,8.831377408000000000e+10,3.447775821824000000e+12,4.181708395481109619e-01
3.220000000000000000e+03,2.254000000000000000e+03,1.490416942358141910e+02,1.052631578947368363e-01,9.400000000000000000e+01,5.039864832000000000e+09,6.060616581120000000e+11,6.635777950286865234e-01
1.790000000000000000e+02,2.693000000000000000e+03,7.301792932329026371e+02,1.176470588235294101e-01,1.190000000000000000e+02,2.209803520000000000e+09,4.380837478400000000e+11,6.837707161903381348e-01
2.977000000000000000e+03,4.700000000000000000e+01,1.339348086367271833e+02,1.171213948210510919e-01,1.100000000000000000e+01,3.576540364800000000e+10,1.680807821312000000e+12,2.075748682022094727e+00
2.164000000000000000e+03,2.612000000000000000e+03,9.910589016705732490e+01,1.374903330507991073e-01,4.800000000000000000e+01,2.004998963200000000e+10,9.887308840960000000e+11,1.277428388595581055e+00
1.563000000000000000e+03,4.190000000000000000e+02,1.280803667115014548e+02,1.428571428571428492e-01,2.460000000000000000e+02,6.425163520000000000e+08,2.422428467200000000e+11,1.008660122752189636e-01
6.080000000000000000e+02,9.240000000000000000e+02,1.902905552808142886e+01,1.499999999999999944e-01,9.900000000000000000e+01,1.845776793600000000e+10,6.941362094080000000e+11,0.000000000000000000e+00
3.822000000000000000e+03,1.658000000000000000e+03,2.922776403443538840e+01,1.538461538461538547e-01,2.010000000000000000e+02,5.403896960000000000e+08,1.908479918080000000e+11,1.492742747068405151e-01
1.754000000000000000e+03,2.639000000000000000e+03,1.026169816674649695e+02,7.443229275647869625e-02,1.100000000000000000e+02,5.270673408000000000e+09,5.406609571840000000e+11,2.526594698429107666e-01
2.255000000000000000e+03,1.113000000000000000e+03,3.212945969558530379e+01,1.442220510185595606e-01,3.800000000000000000e+01,2.731669299200000000e+10,1.339208237056000000e+12,0.000000000000000000e+00
3.223000000000000000e+03,2.255000000000000000e+03,1.861177145427169535e+02,7.443229275647869625e-02,9.400000000000000000e+01,5.039864832000000000e+09,6.060616581120000000e+11,6.635777950286865234e-01
2.561000000000000000e+03,3.098000000000000000e+03,1.827772993080664605e+02,1.397542485937368628e-01,1.830000000000000000e+02,1.435199104000000000e+09,3.311490170880000000e+11,1.839263886213302612e-01
3.276000000000000000e+03,3.295000000000000000e+03,1.969499760952769805e+02,9.882117688026186009e-02,4.000000000000000000e+00,4.576543129600000000e+10,2.901718335488000000e+12,1.090228271484375000e+01
3.092000000000000000e+03,3.611000000000000000e+03,1.116618991264449079e+02,1.287696884094281791e-01,1.800000000000000000e+01,4.353104691200000000e+10,1.882279772160000000e+12,3.471975401043891907e-02
1.799000000000000000e+03,8.010000000000000000e+02,7.383566430733498009e+01,1.764705882352941291e-01,1.600000000000000000e+02,2.614074880000000000e+09,3.916269158400000000e+11,1.103178709745407104e-01
1.708000000000000000e+03,1.658000000000000000e+03,7.152895296944375048e+01,1.874138920735300140e-01,1.300000000000000000e+01,1.214220800000000000e+10,8.739340288000000000e+11,1.179914355278015137e+00
4.160000000000000000e+02,1.364000000000000000e+03,3.147369837398296966e+01,1.060456257489408582e-01,3.000000000000000000e+00,6.902842163200000000e+10,3.272609628160000000e+12,7.570462226867675781e-01
3.560000000000000000e+02,2.167000000000000000e+03,5.981588802638335522e+01,1.315334104411640948e-01,1.000000000000000000e+00,8.831377408000000000e+10,3.447775821824000000e+12,4.181708395481109619e-01
2.380000000000000000e+03,1.729000000000000000e+03,1.106148541604007391e+02,1.315334104411640948e-01,1.390000000000000000e+02,8.027903488000000000e+09,4.483424911360000000e+11,3.236294984817504883e-01
2.888000000000000000e+03,3.526000000000000000e+03,2.156909561999442815e+02,1.153846153846153910e-01,2.500000000000000000e+01,2.538148249600000000e+10,1.442943729664000000e+12,1.294092535972595215e-01
3.087000000000000000e+03,3.614000000000000000e+03,5.209631593511631564e+01,7.985957062499249304e-02,1.800000000000000000e+01,4.353104691200000000e+10,1.882279772160000000e+12,3.471975401043891907e-02
3.331000000000000000e+03,8.210000000000000000e+02,1.090521920320719147e+02,1.663780661615406053e-01,1.590000000000000000e+02,2.247792128000000000e+09,3.937771847680000000e+11,1.870324611663818359e-01
1.460000000000000000e+03,2.896000000000000000e+03,4.661501397155979021e+01,2.000000000000000111e-01,1.990000000000000000e+02,1.217136768000000000e+09,2.727443988480000000e+11,1.342078447341918945e-01
1.319000000000000000e+03,1.714000000000000000e+03,8.385119611038702203e+01,1.571348402636772446e-01,9.500000000000000000e+01,1.568210534400000000e+10,5.062445301760000000e+11,2.863983809947967529e-01
3.975000000000000000e+03,2.589000000000000000e+03,1.652984751053949140e+02,1.663780661615406053e-01,1.640000000000000000e+02,2.869155584000000000e+09,3.821064683520000000e+11,7.292455434799194336e-01
1.570000000000000000e+03,2.421000000000000000e+03,5.694365377118344895e+01,1.963383631246505001e-01,7.000000000000000000e+01,3.691625984000000000e+09,7.435327242240000000e+11,9.238203763961791992e-01
1.793000000000000000e+03,6.980000000000000000e+02,1.331450254932199186e+02,1.176877882894626220e-01,9.600000000000000000e+01,7.474629632000000000e+09,5.915148943360000000e+11,2.710782289505004883e-01
3.431000000000000000e+03,1.225000000000000000e+03,1.373940530972698468e+02,1.663780661615406053e-01,1.000000000000000000e+02,2.065479552000000000e+09,4.219889909760000000e+11,5.504037141799926758e-01
1.264000000000000000e+03,3.921000000000000000e+03,4.434100234673962859e+01,1.961161351381840168e-01,2.700000000000000000e+01,4.451796172800000000e+10,1.408662896640000000e+12,3.526160120964050293e-01
3.877000000000000000e+03,1.991000000000000000e+03,6.133390441157968809e+01,1.346870059402947850e-01,6.500000000000000000e+01,1.248056729600000000e+10,7.399516405760000000e+11,2.149243831634521484e+00
6.190000000000000000e+02,3.766000000000000000e+03,5.204053569508626254e+01,1.961161351381840168e-01,2.400000000000000000e+01,4.572494233600000000e+10,1.500802318336000000e+12,4.620099544525146484e+00
2.617000000000000000e+03,3.997000000000000000e+03,3.094853365893571606e+01,1.994505484123890171e-01,2.200000000000000000e+01,4.871026278400000000e+10,1.682183815168000000e+12,0.000000000000000000e+00
3.278000000000000000e+03,3.293000000000000000e+03,8.521333673625967720e+01,1.593443597997745154e-01,4.000000000000000000e+00,4.576543129600000000e+10,2.901718335488000000e+12,1.090228271484375000e+01
2.256000000000000000e+03,1.117000000000000000e+03,4.919753553258048129e+01,1.264911064067351931e-01,3.800000000000000000e+01,2.731669299200000000e+10,1.339208237056000000e+12,0.000000000000000000e+00
5.880000000000000000e+02,4.230000000000000000e+02,7.651141892434880276e+01,1.538461538461538547e-01,2.820000000000000000e+02,1.102760704000000000e+09,2.045083975680000000e+11,1.114259064197540283e-01
3.160000000000000000e+03,2.938000000000000000e+03,5.873439466185093494e+01,1.720052290384453675e-01,2.980000000000000000e+02,3.785439360000000000e+08,1.740825067520000000e+11,8.881265670061111450e-02
2.778000000000000000e+03,3.287000000000000000e+03,4.507055544703255379e+01,1.963383631246505001e-01,6.200000000000000000e+01,1.213782118400000000e+10,7.476529725440000000e+11,1.117016077041625977e+00
4.890000000000000000e+02,1.815000000000000000e+03,4.328621712169483260e+01,1.502313031443328895e-01,1.400000000000000000e+01,2.384566476800000000e+10,1.169877762048000000e+12,1.326438903808593750e+00
7.110000000000000000e+02,2.464000000000000000e+03,9.652959349797976074e+01,9.428090415820634951e-02,2.090000000000000000e+02,2.049957632000000000e+09,2.796662620160000000e+11,2.703455984592437744e-01
3.270000000000000000e+03,3.299000000000000000e+03,1.461247572325155204e+02,1.822172467139156482e-01,4.000000000000000000e+00,4.576543129600000000e+10,2.901718335488000000e+12,1.090228271484375000e+01
2.784000000000000000e+03,3.020000000000000000e+03,5.740919743633841676e+01,1.863389981249824745e-01,3.010000000000000000e+02,8.306222080000000000e+08,1.458187796480000000e+11,7.133752107620239258e-02
3.859000000000000000e+03,1.353000000000000000e+03,8.378788418304691277e+01,1.250000000000000000e-01,0.000000000000000000e+00,7.301141299200000000e+10,5.371525595136000000e+12,3.230303525924682617e-01
3.090000000000000000e+03,3.613000000000000000e+03,8.414311103123660018e+01,3.571428571428571230e-02,1.800000000000000000e+01,4.353104691200000000e+10,1.882279772160000000e+12,3.471975401043891907e-02
2.390000000000000000e+02,1.136000000000000000e+03,1.064959881463419009e+02,1.229750923802691437e-01,5.700000000000000000e+01,8.470172672000000000e+09,9.695676334080000000e+11,1.448810100555419922e+00
3.560000000000000000e+02,2.163000000000000000e+03,8.810259394047363912e+01,5.882352941176470507e-02,1.000000000000000000e+00,8.831377408000000000e+10,3.447775821824000000e+12,4.181708395481109619e-01
1.803000000000000000e+03,1.761000000000000000e+03,4.569203901233990450e+01,1.178511301977579334e-01,3.310000000000000000e+02,5.589888000000000000e+08,1.546249994240000000e+11,9.391003102064132690e-02
3.277000000000000000e+03,6.120000000000000000e+02,1.435525619251172031e+02,7.692307692307692735e-02,2.700000000000000000e+02,9.765783680000000000e+08,1.974550200320000000e+11,1.784845441579818726e-01
3.196000000000000000e+03,3.796000000000000000e+03,8.557424815793485777e+02,1.502313031443328895e-01,3.100000000000000000e+01,1.797018828800000000e+10,1.127008960512000000e+12,9.884166121482849121e-01
3.276000000000000000e+03,1.283000000000000000e+03,1.940830815947810493e+02,1.976423537605237202e-01,1.440000000000000000e+02,2.995511040000000000e+09,3.637745745920000000e+11,7.464761734008789062e-01
2.029000000000000000e+03,7.810000000000000000e+02,8.321363744943185736e+01,1.904761904761904656e-01,6.400000000000000000e+01,8.225184256000000000e+09,7.782105088000000000e+11,7.376434803009033203e-01
3.092000000000000000e+03,1.077000000000000000e+03,2.220189835267057106e+02,6.148754619013457184e-02,4.700000000000000000e+01,2.149117542400000000e+10,1.025539571712000000e+12,2.488818407058715820e+00
1.275000000000000000e+03,1.803000000000000000e+03,6.166803072798689556e+01,1.863389981249824745e-01,3.600000000000000000e+01,1.450358067200000000e+10,1.097609969664000000e+12,1.465617537498474121e+00
1.470000000000000000e+02,1.417000000000000000e+03,1.027756128062474659e+02,8.318903308077030267e-02,1.470000000000000000e+02,4.709297664000000000e+09,4.262561382400000000e+11,1.654796600341796875e+00
2.514000000000000000e+03,4.290000000000000000e+02,1.056429206082644612e+02,8.318903308077030267e-02,1.310000000000000000e+02,2.237285376000000000e+09,4.049037557760000000e+11,2.605060040950775146e-01
3.851000000000000000e+03,1.355000000000000000e+03,2.615915287861368483e+02,1.030776406404415174e-01,0.000000000000000000e+00,7.301141299200000000e+10,5.371525595136000000e+12,3.230303525924682617e-01
3.223000000000000000e+03,2.256000000000000000e+03,9.528084826720018441e+01,1.176877882894626220e-01,9.400000000000000000e+01,5.039864832000000000e+09,6.060616581120000000e+11,6.635777950286865234e-01
2.608000000000000000e+03,3.999000000000000000e+03,6.963677723435498024e+01,1.481481481481481399e-01,2.200000000000000000e+01,4.871026278400000000e+10,1.682183815168000000e+12,0.000000000000000000e+00
3.016000000000000000e+03,5.670000000000000000e+02,2.566173059820965818e+01,1.756820922315766309e-01,1.220000000000000000e+02,6.462716928000000000e+09,4.743136870400000000e+11,2.938182950019836426e-01
1.607000000000000000e+03,2.130000000000000000e+03,5.916773073402177374e+01,1.716929178792375721e-01,6.700000000000000000e+01,2.263678566400000000e+10,7.642853539840000000e+11,1.249879002571105957e+00
1.802000000000000000e+03,1.758000000000000000e+03,5.250454556763487801e+01,1.666666666666666574e-01,3.310000000000000000e+02,5.589888000000000000e+08,1.546249994240000000e+11,9.391003102064132690e-02
2.403000000000000000e+03,1.308000000000000000e+03,1.010955318403405414e+02,0.000000000000000000e+00,2.100000000000000000e+01,3.967555993600000000e+10,1.669329846272000000e+12,7.246407270431518555e-01
7.080000000000000000e+02,2.465000000000000000e+03,1.197219526575111246e+02,1.333333333333333315e-01,2.090000000000000000e+02,2.049957632000000000e+09,2.796662620160000000e+11,2.703455984592437744e-01
3.154000000000000000e+03,3.366000000000000000e+03,1.105390136684872857e+02,1.176470588235294101e-01,1.160000000000000000e+02,3.793797120000000000e+09,4.191869009920000000e+11,2.268115729093551636e-01
3.195000000000000000e+03,3.801000000000000000e+03,3.916738216307350058e+02,1.502313031443328895e-01,3.100000000000000000e+01,1.797018828800000000e+10,1.127008960512000000e+12,9.884166121482849121e-01
3.079000000000000000e+03,2.313000000000000000e+03,8.332789610467666819e+01,1.087856586440842377e-01,2.840000000000000000e+02,9.221276160000000000e+08,2.000557342720000000e+11,6.525847315788269043e-02
1.450000000000000000e+02,3.251000000000000000e+03,1.304884553290223437e+02,1.961161351381840168e-01,2.600000000000000000e+01,1.438108057600000000e+10,1.427807535104000000e+12,3.526270389556884766e+00
1.948000000000000000e+03,1.591000000000000000e+03,2.140175493015750305e+02,6.666666666666666574e-02,2.230000000000000000e+02,1.263835520000000000e+09,2.617083985920000000e+11,2.692348361015319824e-01
9.670000000000000000e+02,2.618000000000000000e+03,4.911451628993465590e+01,1.176877882894626220e-01,8.800000000000000000e+01,5.297309696000000000e+09,5.749003386880000000e+11,1.700879216194152832e+00
8.060000000000000000e+02,1.468000000000000000e+03,1.069634152795622555e+02,1.802775637731994507e-01,9.100000000000000000e+01,3.535630080000000000e+09,6.492895313920000000e+11,8.669794797897338867e-01
1.604000000000000000e+03,2.128000000000000000e+03,3.751777422120256347e+02,6.734350297014739251e-02,6.700000000000000000e+01,2.263678566400000000e+10,7.642853539840000000e+11,1.249879002571105957e+00
8.560000000000000000e+02,2.068000000000000000e+03,7.987804925200052253e+01,9.722034684781695468e-02,5.600000000000000000e+01,2.377781452800000000e+10,1.003706777600000000e+12,2.094316333532333374e-01
6.190000000000000000e+02,3.763000000000000000e+03,9.641491840092102450e+01,8.600261451922268374e-02,2.400000000000000000e+01,4.572494233600000000e+10,1.500802318336000000e+12,4.620099544525146484e+00
2.292000000000000000e+03,1.187000000000000000e+03,7.352890086349118803e+01,1.720052290384453675e-01,2.740000000000000000e+02,5.024897280000000000e+08,1.785749667840000000e+11,4.372858628630638123e-02
1.414000000000000000e+03,1.418000000000000000e+03,1.054324973320686496e+02,1.764705882352941291e-01,1.520000000000000000e+02,4.673288192000000000e+09,3.888040181760000000e+11,1.391681879758834839e-01
2.139000000000000000e+03,2.743000000000000000e+03,9.636261235148107573e+01,1.764705882352941291e-01,8.900000000000000000e+01,5.015371776000000000e+09,4.318797824000000000e+11,1.743932604789733887e+00
1.400000000000000000e+02,3.251000000000000000e+03,7.041215967075653452e+02,3.846153846153846367e-02,2.600000000000000000e+01,1.438108057600000000e+10,1.427807535104000000e+12,3.526270389556884766e+00
8.100000000000000000e+02,1.470000000000000000e+03,5.317935757225016005e+02,5.000000000000000278e-02,9.100000000000000000e+01,3.535630080000000000e+09,6.492895313920000000e+11,8.669794797897338867e-01
5.300000000000000000e+02,1.731000000000000000e+03,7.031164190928539028e+02,1.581138830084189706e-01,8.500000000000000000e+01,1.334152294400000000e+10,6.413754040320000000e+11,2.690244674682617188e+00
1.004000000000000000e+03,1.277000000000000000e+03,1.908739257445129738e+02,1.250000000000000000e-01,1.720000000000000000e+02,2.377929984000000000e+09,3.280464117760000000e+11,2.886517047882080078e-01
2.880000000000000000e+03,3.527000000000000000e+03,9.731098402348285958e+01,1.961161351381840168e-01,2.500000000000000000e+01,2.538148249600000000e+10,1.442943729664000000e+12,1.294092535972595215e-01
6.530000000000000000e+02,3.903000000000000000e+03,1.025671668305881923e+02,7.142857142857142461e-02,1.880000000000000000e+02,6.476391680000000000e+08,2.439948533760000000e+11,3.397938311100006104e-01
9.260000000000000000e+02,4.660000000000000000e+02,7.746288503735321740e+01,1.087856586440842377e-01,9.000000000000000000e+00,2.194928844800000000e+10,1.422013628416000000e+12,3.583382368087768555e+00
1.273000000000000000e+03,1.809000000000000000e+03,4.809034784926457462e+01,1.863389981249824745e-01,3.600000000000000000e+01,1.450358067200000000e+10,1.097609969664000000e+12,1.465617537498474121e+00
4.190000000000000000e+02,1.367000000000000000e+03,6.207562127073094160e+01,1.789047803028888106e-01,3.000000000000000000e+00,6.902842163200000000e+10,3.272609628160000000e+12,7.570462226867675781e-01
2.464000000000000000e+03,2.292000000000000000e+03,4.918387872917072912e+01,1.976423537605237202e-01,1.740000000000000000e+02,2.748058880000000000e+09,3.761774592000000000e+11,2.325160354375839233e-01
2.579000000000000000e+03,8.390000000000000000e+02,4.580062073584583970e+01,1.199999999999999956e-01,3.500000000000000000e+01,2.461768089600000000e+10,1.257411051520000000e+12,0.000000000000000000e+00
3.172000000000000000e+03,2.678000000000000000e+03,5.469424778283182320e+01,2.000000000000000111e-01,2.540000000000000000e+02,9.485489280000000000e+08,2.663671562240000000e+11,1.101500093936920166e-01
2.338000000000000000e+03,2.445000000000000000e+03,8.685151345395813394e+01,8.000000000000000167e-02,1.600000000000000000e+01,3.099138048000000000e+10,1.294922940416000000e+12,4.591097354888916016e+00
2.770000000000000000e+02,3.807000000000000000e+03,6.373493204148281421e+01,1.720052290384453675e-01,2.470000000000000000e+02,4.202672320000000000e+08,1.736723005440000000e+11,8.762682229280471802e-02
2.824000000000000000e+03,2.444000000000000000e+03,1.852293893111069849e+02,1.250000000000000000e-01,1.530000000000000000e+02,3.823034624000000000e+09,3.764229242880000000e+11,2.990027666091918945e-01
3.778000000000000000e+03,1.084000000000000000e+03,8.398198120206863848e+01,8.333333333333332871e-02,3.290000000000000000e+02,6.989276160000000000e+08,1.463262740480000000e+11,5.058890208601951599e-02
4.150000000000000000e+02,1.364000000000000000e+03,8.474091454745297369e+01,8.318903308077030267e-02,3.000000000000000000e+00,6.902842163200000000e+10,3.272609628160000000e+12,7.570462226867675781e-01
4.130000000000000000e+02,1.369000000000000000e+03,5.649662715423002624e+01,8.823529411764706454e-02,3.000000000000000000e+00,6.902842163200000000e+10,3.272609628160000000e+12,7.570462226867675781e-01
3.979000000000000000e+03,2.093000000000000000e+03,6.371475727732682515e+01,1.897658566033678385e-01,7.600000000000000000e+01,6.012193792000000000e+09,5.932355420160000000e+11,2.364895343780517578e-01
3.370000000000000000e+02,1.472000000000000000e+03,3.078266506154012561e+01,6.896551724137930939e-02,1.700000000000000000e+01,5.264295936000000000e+10,2.150357925888000000e+12,1.609793305397033691e-01
1.569000000000000000e+03,2.413000000000000000e+03,6.150144977563305559e+01,1.904761904761904656e-01,7.000000000000000000e+01,3.691625984000000000e+09,7.435327242240000000e+11,9.238203763961791992e-01
2.159000000000000000e+03,1.542000000000000000e+03,6.111387025277639395e+01,1.976423537605237202e-01,1.690000000000000000e+02,3.334616320000000000e+09,3.723537285120000000e+11,9.473653435707092285e-01
3.692000000000000000e+03,1.560000000000000000e+02,6.296440818192172628e+02,5.000000000000000278e-02,8.400000000000000000e+01,9.303531520000000000e+09,6.815071600640000000e+11,3.154100179672241211e-01
1.744000000000000000e+03,2.680000000000000000e+03,7.109667533267480621e+01,1.863389981249824745e-01,3.210000000000000000e+02,6.330676480000000000e+08,1.448220426240000000e+11,8.876670151948928833e-02
3.400000000000000000e+03,9.830000000000000000e+02,9.425203887410238224e+01,1.428571428571428492e-01,2.440000000000000000e+02,9.381701760000000000e+08,2.411223777280000000e+11,1.813671588897705078e-01
8.880000000000000000e+02,2.522000000000000000e+03,8.379172325453853887e+01,1.490711984999859852e-01,2.380000000000000000e+02,1.091454464000000000e+09,2.722975580160000000e+11,4.998725652694702148e-02
3.878000000000000000e+03,1.994000000000000000e+03,5.098917297583633399e+02,6.734350297014739251e-02,6.500000000000000000e+01,1.248056729600000000e+10,7.399516405760000000e+11,2.149243831634521484e+00
4.780000000000000000e+02,3.382000000000000000e+03,7.789367364391030435e+01,8.333333333333332871e-02,3.370000000000000000e+02,3.180891520000000000e+08,1.595851407360000000e+11,0.000000000000000000e+00
3.451000000000000000e+03,1.416000000000000000e+03,2.946680201057450290e+02,1.242259987499883256e-01,1.240000000000000000e+02,4.137655552000000000e+09,4.729755729920000000e+11,5.137715339660644531e-01
2.333000000000000000e+03,2.447000000000000000e+03,1.127884638998436628e+02,1.442220510185595606e-01,1.600000000000000000e+01,3.099138048000000000e+10,1.294922940416000000e+12,4.591097354888916016e+00
4.140000000000000000e+02,1.366000000000000000e+03,5.149828251266027479e+01,2.941176470588235253e-02,3.000000000000000000e+00,6.902842163200000000e+10,3.272609628160000000e+12,7.570462226867675781e-01
3.570000000000000000e+02,2.169000000000000000e+03,6.241411737446095742e+01,1.789047803028888106e-01,1.000000000000000000e+00,8.831377408000000000e+10,3.447775821824000000e+12,4.181708395481109619e-01
3.086000000000000000e+03,3.613000000000000000e+03,6.506637874243145347e+01,1.071428571428571369e-01,1.800000000000000000e+01,4.353104691200000000e+10,1.882279772160000000e+12,3.471975401043891907e-02
2.379000000000000000e+03,3.822000000000000000e+03,1.201571568961590657e+02,8.318903308077030267e-02,1.070000000000000000e+02,3.027658752000000000e+09,4.165613977600000000e+11,1.792184859514236450e-01
7.020000000000000000e+02,9.310000000000000000e+02,1.184894604164020109e+02,1.490711984999859852e-01,1.960000000000000000e+02,2.349766656000000000e+09,3.092211630080000000e+11,1.835588216781616211e-01
2.859000000000000000e+03,1.473000000000000000e+03,5.038075842919410263e+01,1.863389981249824745e-01,3.080000000000000000e+02,7.085787520000000000e+08,1.645988904960000000e+11,9.297596663236618042e-02
2.402000000000000000e+03,1.308000000000000000e+03,6.983963333538868312e+01,3.703703703703703498e-02,2.100000000000000000e+01,3.967555993600000000e+10,1.669329846272000000e+12,7.246407270431518555e-01
2.723000000000000000e+03,2.464000000000000000e+03,9.669822871710839252e+01,1.874138920735300140e-01,5.300000000000000000e+01,1.131311718400000000e+10,9.541244682240000000e+11,1.090019583702087402e+00
3.820000000000000000e+03,2.189000000000000000e+03,5.896601852311858494e+01,1.538618516324143926e-01,5.000000000000000000e+00,6.303399526400000000e+10,3.637388771328000000e+12,2.569424629211425781e+00
4.110000000000000000e+02,1.361000000000000000e+03,7.060700447694993898e+01,1.583872002098383469e-01,3.000000000000000000e+00,6.902842163200000000e+10,3.272609628160000000e+12,7.570462226867675781e-01
2.522000000000000000e+03,1.018000000000000000e+03,7.184883886352298532e+01,1.515228816828315950e-01,1.900000000000000000e+01,3.211539865600000000e+10,1.839924903936000000e+12,4.858803153038024902e-01
1.810000000000000000e+02,2.691000000000000000e+03,6.091235951454655151e+01,1.176470588235294101e-01,1.190000000000000000e+02,2.209803520000000000e+09,4.380837478400000000e+11,6.837707161903381348e-01
3.700000000000000000e+03,2.554000000000000000e+03,2.286141643157253611e+01,2.000000000000000111e-01,1.980000000000000000e+02,1.618238080000000000e+09,3.098244218880000000e+11,1.910182833671569824e-01
3.814000000000000000e+03,3.590000000000000000e+02,1.141377781715681010e+02,1.490711984999859852e-01,2.080000000000000000e+02,2.188138240000000000e+09,2.766488862720000000e+11,2.967958748340606689e-01
1.773000000000000000e+03,1.612000000000000000e+03,2.371790038272783008e+01,1.663780661615406053e-01,1.380000000000000000e+02,2.455658496000000000e+09,4.106929438720000000e+11,1.264987438917160034e-01
1.137000000000000000e+03,8.760000000000000000e+02,2.127626514448974149e+01,1.490711984999859852e-01,1.970000000000000000e+02,3.027413504000000000e+09,3.112459632640000000e+11,4.253049790859222412e-01
2.244000000000000000e+03,3.783000000000000000e+03,1.359104608319904628e+02,1.437398936440172637e-01,5.500000000000000000e+01,1.614189875200000000e+10,9.459097272320000000e+11,4.489732086658477783e-01
2.392000000000000000e+03,2.543000000000000000e+03,6.614330008203725129e+02,4.761904761904761640e-02,2.300000000000000000e+01,1.991361945600000000e+10,7.920974561280000000e+11,1.786077260971069336e+00
2.245000000000000000e+03,3.785000000000000000e+03,1.868606395167458913e+02,4.545454545454545581e-02,5.500000000000000000e+01,1.614189875200000000e+10,9.459097272320000000e+11,4.489732086658477783e-01
2.508000000000000000e+03,1.868000000000000000e+03,2.560020232141533825e+01,1.860163329510811370e-01,1.420000000000000000e+02,5.136879616000000000e+09,4.324141629440000000e+11,2.311038821935653687e-01
3.090000000000000000e+03,1.075000000000000000e+03,9.302208754846209615e+01,1.374903330507991073e-01,4.700000000000000000e+01,2.149117542400000000e+10,1.025539571712000000e+12,2.488818407058715820e+00
2.737000000000000000e+03,1.335000000000000000e+03,6.016132250545911120e+01,2.000000000000000111e-01,2.220000000000000000e+02,1.911242880000000000e+09,2.877858119680000000e+11,1.703075766563415527e-01
8.560000000000000000e+02,2.066000000000000000e+03,5.523968150676952860e+01,1.567630989332169100e-01,5.600000000000000000e+01,2.377781452800000000e+10,1.003706777600000000e+12,2.094316333532333374e-01
3.815000000000000000e+03,3.600000000000000000e+02,7.540761879372338683e+01,1.490711984999859852e-01,2.080000000000000000e+02,2.188138240000000000e+09,2.766488862720000000e+11,2.967958748340606689e-01
7.000000000000000000e+02,9.350000000000000000e+02,3.357118038830348894e+01,2.000000000000000111e-01,1.960000000000000000e+02,2.349766656000000000e+09,3.092211630080000000e+11,1.835588216781616211e-01
2.008000000000000000e+03,3.986000000000000000e+03,7.679196336692683644e+01,1.437398936440172637e-01,5.800000000000000000e+01,1.764974796800000000e+10,9.503931760640000000e+11,1.640438556671142578e+00
7.150000000000000000e+02,8.790000000000000000e+02,7.853744647412746360e+01,8.333333333333332871e-02,3.220000000000000000e+02,3.776140160000000000e+08,1.603867115520000000e+11,2.872906066477298737e-02
3.708000000000000000e+03,1.195000000000000000e+03,1.092641910143860002e+02,1.490711984999859852e-01,7.800000000000000000e+01,4.232730880000000000e+09,2.918509117440000000e+11,8.519148230552673340e-01
2.326000000000000000e+03,1.634000000000000000e+03,1.142586894245802682e+02,1.885618083164126990e-01,1.370000000000000000e+02,9.244498560000000000e+08,2.924000378880000000e+11,2.638534903526306152e-01
3.428000000000000000e+03,9.450000000000000000e+02,3.631951552836202524e+01,1.315334104411640948e-01,1.620000000000000000e+02,3.060062976000000000e+09,3.823545876480000000e+11,2.805753350257873535e-01
4.770000000000000000e+02,3.383000000000000000e+03,4.268336745747440375e+01,1.863389981249824745e-01,3.370000000000000000e+02,3.180891520000000000e+08,1.595851407360000000e+11,0.000000000000000000e+00
1.315000000000000000e+03,1.716000000000000000e+03,1.269745937993200329e+02,1.111111111111111049e-01,9.500000000000000000e+01,1.568210534400000000e+10,5.062445301760000000e+11,2.863983809947967529e-01
2.010000000000000000e+03,3.990000000000000000e+03,9.044361885360214615e+01,1.437398936440172637e-01,5.800000000000000000e+01,1.764974796800000000e+10,9.503931760640000000e+11,1.640438556671142578e+00
2.516000000000000000e+03,4.260000000000000000e+02,8.739257023473157915e+01,1.315334104411640948e-01,1.310000000000000000e+02,2.237285376000000000e+09,4.049037557760000000e+11,2.605060040950775146e-01
1.149000000000000000e+03,1.558000000000000000e+03,9.483319232215220040e+01,8.333333333333332871e-02,3.420000000000000000e+02,4.908336320000000000e+08,1.605870387200000000e+11,0.000000000000000000e+00
3.202000000000000000e+03,2.996000000000000000e+03,8.746146801017597738e+01,1.767766952966368932e-01,1.820000000000000000e+02,2.496905216000000000e+09,3.449701007360000000e+11,1.933547407388687134e-01
4.940000000000000000e+02,3.675000000000000000e+03,4.674430177103822359e+01,1.571348402636772446e-01,3.580000000000000000e+02,3.749651840000000000e+08,6.233037619200000000e+10,9.068169631063938141e-03
3.670000000000000000e+02,3.310000000000000000e+03,5.865125381731629659e+02,1.897658566033678385e-01,4.600000000000000000e+01,1.400953139200000000e+10,6.190456504320000000e+11,1.350523829460144043e+00
1.148000000000000000e+03,1.558000000000000000e+03,1.633801297596904760e+02,0.000000000000000000e+00,3.420000000000000000e+02,4.908336320000000000e+08,1.605870387200000000e+11,0.000000000000000000e+00
3.534000000000000000e+03,1.725000000000000000e+03,4.701028994243539927e+01,1.720052290384453675e-01,2.630000000000000000e+02,4.127903040000000000e+08,1.956510597120000000e+11,2.772472240030765533e-02
2.335000000000000000e+03,2.447000000000000000e+03,1.801353853010842272e+02,8.944271909999158832e-02,1.600000000000000000e+01,3.099138048000000000e+10,1.294922940416000000e+12,4.591097354888916016e+00
1.605000000000000000e+03,2.126000000000000000e+03,7.535775012518563472e+02,4.761904761904761640e-02,6.700000000000000000e+01,2.263678566400000000e+10,7.642853539840000000e+11,1.249879002571105957e+00
1.754000000000000000e+03,2.638000000000000000e+03,8.003289618129679184e+01,5.263157894736841813e-02,1.100000000000000000e+02,5.270673408000000000e+09,5.406609571840000000e+11,2.526594698429107666e-01
3.204000000000000000e+03,1.941000000000000000e+03,2.705416755945698242e+02,7.443229275647869625e-02,1.130000000000000000e+02,7.726062080000000000e+09,5.761304494080000000e+11,5.950784087181091309e-01
2.343000000000000000e+03,3.119000000000000000e+03,1.148320109526889041e+02,1.666666666666666574e-01,1.210000000000000000e+02,7.143699968000000000e+09,4.740812636160000000e+11,4.700884819030761719e-01
3.979000000000000000e+03,2.091000000000000000e+03,1.591932390339767664e+02,1.578947368421052544e-01,7.600000000000000000e+01,6.012193792000000000e+09,5.932355420160000000e+11,2.364895343780517578e-01
2.509000000000000000e+03,1.575000000000000000e+03,1.828055341873261455e+02,1.818181818181818232e-01,4.300000000000000000e+01,1.761921638400000000e+10,9.155836641280000000e+11,3.939166545867919922e+00
2.008000000000000000e+03,3.984000000000000000e+03,4.030773086388731485e+01,1.928473039599674921e-01,5.800000000000000000e+01,1.764974796800000000e+10,9.503931760640000000e+11,1.640438556671142578e+00
3.202000000000000000e+03,3.798000000000000000e+03,6.109130124724484290e+01,1.717960677340691911e-01,3.100000000000000000e+01,1.797018828800000000e+10,1.127008960512000000e+12,9.884166121482849121e-01
3.858000000000000000e+03,1.358000000000000000e+03,7.882814263425814261e+01,9.013878188659972535e-02,0.000000000000000000e+00,7.301141299200000000e+10,5.371525595136000000e+12,3.230303525924682617e-01
2.979000000000000000e+03,4.100000000000000000e+01,1.090695150303178877e+02,1.571348402636772168e-01,1.100000000000000000e+01,3.576540364800000000e+10,1.680807821312000000e+12,2.075748682022094727e+00
3.096000000000000000e+03,1.073000000000000000e+03,7.510516129429524312e+01,1.844626385704036808e-01,4.700000000000000000e+01,2.149117542400000000e+10,1.025539571712000000e+12,2.488818407058715820e+00
2.781000000000000000e+03,3.282000000000000000e+03,6.369503407846755749e+01,1.064794274999899953e-01,6.200000000000000000e+01,1.213782118400000000e+10,7.476529725440000000e+11,1.117016077041625977e+00
1.393000000000000000e+03,2.584000000000000000e+03,7.096844756992429382e+01,1.397542485937368628e-01,1.890000000000000000e+02,1.658296320000000000e+09,3.660822609920000000e+11,5.479530692100524902e-01
1.302000000000000000e+03,2.007000000000000000e+03,5.068391850790706030e+02,1.567630989332169100e-01,4.200000000000000000e+01,1.348992307200000000e+10,1.067025235968000000e+12,3.646400213241577148e+00
3.852000000000000000e+03,1.356000000000000000e+03,2.001570973199597745e+02,7.499999999999999722e-02,0.000000000000000000e+00,7.301141299200000000e+10,5.371525595136000000e+12,3.230303525924682617e-01
3.811000000000000000e+03,2.194000000000000000e+03,5.287816503040359351e+01,1.428571428571428492e-01,5.000000000000000000e+00,6.303399526400000000e+10,3.637388771328000000e+12,2.569424629211425781e+00
2.721000000000000000e+03,2.470000000000000000e+03,1.108912109850485592e+02,1.638886943392722229e-01,5.300000000000000000e+01,1.131311718400000000e+10,9.541244682240000000e+11,1.090019583702087402e+00
3.861000000000000000e+03,1.354000000000000000e+03,7.565820682831805755e+01,1.581138830084189706e-01,0.000000000000000000e+00,7.301141299200000000e+10,5.371525595136000000e+12,3.230303525924682617e-01
1.461000000000000000e+03,2.895000000000000000e+03,9.683814309220741734e+01,1.490711984999859852e-01,1.990000000000000000e+02,1.217136768000000000e+09,2.727443988480000000e+11,1.342078447341918945e-01
1.413000000000000000e+03,1.625000000000000000e+03,2.110382376526735584e+02,5.263157894736841813e-02,8.200000000000000000e+01,6.161942016000000000e+09,5.409183170560000000e+11,9.187395125627517700e-02
1.620000000000000000e+03,2.507000000000000000e+03,5.836326052500154304e+01,8.838834764831844659e-02,1.930000000000000000e+02,3.885696512000000000e+09,3.168796016640000000e+11,5.713110417127609253e-02
1.440000000000000000e+02,1.416000000000000000e+03,5.199430903985299892e+02,1.663780661615406053e-01,1.470000000000000000e+02,4.709297664000000000e+09,4.262561382400000000e+11,1.654796600341796875e+00
3.042000000000000000e+03,3.392000000000000000e+03,2.717429365049525458e+01,9.722034684781695468e-02,5.100000000000000000e+01,2.175456870400000000e+10,9.791455232000000000e+11,0.000000000000000000e+00
1.623000000000000000e+03,2.508000000000000000e+03,5.412083134752192848e+01,1.767766952966368932e-01,1.930000000000000000e+02,3.885696512000000000e+09,3.168796016640000000e+11,5.713110417127609253e-02
3.161000000000000000e+03,3.274000000000000000e+03,4.992707197376068962e+01,1.597191412499849861e-01,2.430000000000000000e+02,3.815572160000000000e+08,2.447413084160000000e+11,1.630178391933441162e-01
3.431000000000000000e+03,2.522000000000000000e+03,2.731965603466617836e+02,9.428090415820634951e-02,2.020000000000000000e+02,1.624872064000000000e+09,2.780250112000000000e+11,4.750607609748840332e-01
2.163000000000000000e+03,2.852000000000000000e+03,8.086861701105756595e+01,1.178511301977579334e-01,3.230000000000000000e+02,7.089058560000000000e+08,1.494411345920000000e+11,1.456113308668136597e-01
1.250000000000000000e+02,2.330000000000000000e+03,1.438971354278473314e+02,1.923076923076923184e-01,1.000000000000000000e+01,1.996886425600000000e+10,1.406474911744000000e+12,1.505521297454833984e+00
3.974000000000000000e+03,2.418000000000000000e+03,3.193528433750172724e+01,1.250000000000000000e-01,4.500000000000000000e+01,2.933959884800000000e+10,1.161086107648000000e+12,0.000000000000000000e+00
2.516000000000000000e+03,1.017000000000000000e+03,8.319563875724756485e+01,1.287696884094281791e-01,1.900000000000000000e+01,3.211539865600000000e+10,1.839924903936000000e+12,4.858803153038024902e-01
3.589000000000000000e+03,1.180000000000000000e+03,4.298515559120112073e+01,1.851851851851851749e-01,6.000000000000000000e+00,4.993640448000000000e+10,1.631447547904000000e+12,2.750630855560302734e+00
7.020000000000000000e+02,9.300000000000000000e+02,7.455171324024836110e+01,1.885618083164126990e-01,1.960000000000000000e+02,2.349766656000000000e+09,3.092211630080000000e+11,1.835588216781616211e-01
2.882000000000000000e+03,3.528000000000000000e+03,1.225493638463996575e+02,1.386750490563072868e-01,2.500000000000000000e+01,2.538148249600000000e+10,1.442943729664000000e+12,1.294092535972595215e-01
1.470000000000000000e+02,1.420000000000000000e+03,6.042881924315894082e+01,1.315334104411640948e-01,1.470000000000000000e+02,4.709297664000000000e+09,4.262561382400000000e+11,1.654796600341796875e+00
1.147000000000000000e+03,1.377000000000000000e+03,6.899847274591959945e+01,9.090909090909091161e-02,3.450000000000000000e+02,3.319210880000000000e+08,1.152916848640000000e+11,3.565173968672752380e-02
2.988000000000000000e+03,2.209000000000000000e+03,3.051719684378915431e+01,1.597191412499849861e-01,2.650000000000000000e+02,4.435137280000000000e+08,2.085157928960000000e+11,8.321103453636169434e-02
2.825000000000000000e+03,1.215000000000000000e+03,3.120973245701653553e+01,1.756820922315766309e-01,9.800000000000000000e+01,2.222143232000000000e+09,4.761788416000000000e+11,2.608013153076171875e-01
1.493000000000000000e+03,1.685000000000000000e+03,3.720903301022659093e+01,1.178511301977579334e-01,3.110000000000000000e+02,7.309690240000000000e+08,1.309064232960000000e+11,7.439114153385162354e-02
9.250000000000000000e+02,4.630000000000000000e+02,1.347613433233542253e+02,1.961161351381840168e-01,9.000000000000000000e+00,2.194928844800000000e+10,1.422013628416000000e+12,3.583382368087768555e+00
3.165000000000000000e+03,9.040000000000000000e+02,9.363764445898104327e+01,1.346870059402947850e-01,7.900000000000000000e+01,9.350776832000000000e+09,7.296368640000000000e+11,6.641222238540649414e-01
3.530000000000000000e+02,6.200000000000000000e+02,8.704563610129419260e+01,1.118033988749894958e-01,6.900000000000000000e+01,2.519118848000000000e+09,6.528198901760000000e+11,4.075180888175964355e-01
2.504000000000000000e+03,7.380000000000000000e+02,3.881840450826889537e+02,0.000000000000000000e+00,1.040000000000000000e+02,1.506699520000000000e+09,3.044843192320000000e+11,2.345273643732070923e-01
4.930000000000000000e+02,8.300000000000000000e+02,2.090927735946968085e+02,9.523809523809523281e-02,4.900000000000000000e+01,7.905716224000000000e+09,7.715926179840000000e+11,2.006682634353637695e+00
2.177000000000000000e+03,1.150000000000000000e+02,1.078224572761143634e+02,1.502313031443328895e-01,4.000000000000000000e+01,2.409143500800000000e+10,1.124034150400000000e+12,1.411813020706176758e+00
2.467000000000000000e+03,3.115000000000000000e+03,7.717174923907108450e+02,6.896551724137930939e-02,7.000000000000000000e+00,4.260092313600000000e+10,2.118265864192000000e+12,1.421061873435974121e+00
1.160000000000000000e+02,3.024000000000000000e+03,5.180335285369965703e+01,1.976423537605237202e-01,1.810000000000000000e+02,1.703606272000000000e+09,3.191276830720000000e+11,1.524101495742797852e-01
2.163000000000000000e+03,1.545000000000000000e+03,3.965862100604356755e+01,1.875000000000000000e-01,1.690000000000000000e+02,3.334616320000000000e+09,3.723537285120000000e+11,9.473653435707092285e-01
6.890000000000000000e+02,1.611000000000000000e+03,8.258183213611721385e+01,7.443229275647869625e-02,1.060000000000000000e+02,8.503719424000000000e+09,5.539100098560000000e+11,1.529115915298461914e+00
2.770000000000000000e+02,3.805000000000000000e+03,4.135738745548344042e+01,1.720052290384453675e-01,2.470000000000000000e+02,4.202672320000000000e+08,1.736723005440000000e+11,8.762682229280471802e-02
3.403000000000000000e+03,9.820000000000000000e+02,8.020685115695309264e+01,1.010152544552210818e-01,2.440000000000000000e+02,9.381701760000000000e+08,2.411223777280000000e+11,1.813671588897705078e-01
3.610000000000000000e+02,3.088000000000000000e+03,5.019192467408518610e+01,1.863389981249824745e-01,3.360000000000000000e+02,4.760226560000000000e+08,1.574415237120000000e+11,3.742261976003646851e-02
3.169000000000000000e+03,2.681000000000000000e+03,3.242112106803769933e+01,2.000000000000000111e-01,2.540000000000000000e+02,9.485489280000000000e+08,2.663671562240000000e+11,1.101500093936920166e-01
3.402000000000000000e+03,1.756000000000000000e+03,1.120150767475312534e+02,6.666666666666666574e-02,2.050000000000000000e+02,2.007096576000000000e+09,3.110571868160000000e+11,3.634668886661529541e-02
3.985000000000000000e+03,1.738000000000000000e+03,8.341094774071314077e+01,1.010152544552210818e-01,2.640000000000000000e+02,7.200593920000000000e+08,2.115586129920000000e+11,1.228637471795082092e-01
1.313000000000000000e+03,1.398000000000000000e+03,5.259266839813384564e+01,1.802775637731994507e-01,3.400000000000000000e+01,1.266510643200000000e+10,7.028321812480000000e+11,3.640272617340087891e-01
2.693000000000000000e+03,3.215000000000000000e+03,9.446133470611582084e+01,1.597191412499849861e-01,2.140000000000000000e+02,2.025763840000000000e+09,2.481892065280000000e+11,3.800879716873168945e-01
3.708000000000000000e+03,1.198000000000000000e+03,1.035934353427478811e+02,1.885618083164126990e-01,7.800000000000000000e+01,4.232730880000000000e+09,2.918509117440000000e+11,8.519148230552673340e-01
9.180000000000000000e+02,5.700000000000000000e+01,1.079585684858052730e+02,1.243663295998240076e-01,2.000000000000000000e+00,4.836097638400000000e+10,5.956759453696000000e+12,4.612917602062225342e-01
3.557000000000000000e+03,1.402000000000000000e+03,1.139453436317878783e+02,1.976423537605237202e-01,1.730000000000000000e+02,2.307132928000000000e+09,3.346703646720000000e+11,1.729831695556640625e-01
7.220000000000000000e+02,2.776000000000000000e+03,3.560968354172427439e+02,1.442220510185595606e-01,2.900000000000000000e+01,1.928219033600000000e+10,1.265615634432000000e+12,2.214435577392578125e+00
7.650000000000000000e+02,1.557000000000000000e+03,5.283342954340113096e+01,1.885618083164126990e-01,2.160000000000000000e+02,1.974329472000000000e+09,2.626538045440000000e+11,2.617572844028472900e-01
4.770000000000000000e+02,3.379000000000000000e+03,5.037940323752048499e+01,1.863389981249824745e-01,3.370000000000000000e+02,3.180891520000000000e+08,1.595851407360000000e+11,0.000000000000000000e+00
3.770000000000000000e+03,1.264000000000000000e+03,1.484669020169155260e+02,1.285648693066450132e-01,6.100000000000000000e+01,1.627101593600000000e+10,8.702694522880000000e+11,3.920187950134277344e+00
8.910000000000000000e+02,2.522000000000000000e+03,3.702781714046687256e+01,1.885618083164126990e-01,2.380000000000000000e+02,1.091454464000000000e+09,2.722975580160000000e+11,4.998725652694702148e-02
3.816000000000000000e+03,3.550000000000000000e+02,7.806256693534989211e+01,2.000000000000000111e-01,2.080000000000000000e+02,2.188138240000000000e+09,2.766488862720000000e+11,2.967958748340606689e-01
9.660000000000000000e+02,2.618000000000000000e+03,1.770562936075477296e+02,7.443229275647869625e-02,8.800000000000000000e+01,5.297309696000000000e+09,5.749003386880000000e+11,1.700879216194152832e+00
3.018000000000000000e+03,5.620000000000000000e+02,6.310909825275453500e+01,1.242259987499883256e-01,1.220000000000000000e+02,6.462716928000000000e+09,4.743136870400000000e+11,2.938182950019836426e-01
2.042000000000000000e+03,3.783000000000000000e+03,1.924079595480604610e+02,1.720052290384453675e-01,2.790000000000000000e+02,1.571220736000000000e+09,1.889293598720000000e+11,2.064283639192581177e-01
3.102000000000000000e+03,1.262000000000000000e+03,3.910016303859812297e+02,1.064794274999899953e-01,7.300000000000000000e+01,6.995432448000000000e+09,7.722072145920000000e+11,6.042641401290893555e-01
1.720000000000000000e+03,2.298000000000000000e+03,4.846294732931074378e+01,1.666666666666666574e-01,3.200000000000000000e+02,4.233776640000000000e+08,1.610186752000000000e+11,3.248220309615135193e-02
1.709000000000000000e+03,1.661000000000000000e+03,9.591552628769547084e+01,1.638886943392722229e-01,1.300000000000000000e+01,1.214220800000000000e+10,8.739340288000000000e+11,1.179914355278015137e+00
3.960000000000000000e+02,8.170000000000000000e+02,2.258167558594342665e+02,1.064794274999899953e-01,7.100000000000000000e+01,1.033783398400000000e+10,7.907896852480000000e+11,7.018927931785583496e-01
1.821000000000000000e+03,1.054000000000000000e+03,4.982759074304872371e+01,1.176877882894626220e-01,1.080000000000000000e+02,3.472463104000000000e+09,6.062234009600000000e+11,1.079535961151123047e+00
3.081000000000000000e+03,1.572000000000000000e+03,4.286494750197898185e+01,1.538461538461538547e-01,3.150000000000000000e+02,5.846113920000000000e+08,1.710546124800000000e+11,3.108717687427997589e-02
3.391000000000000000e+03,2.939000000000000000e+03,5.912423705437762322e+01,1.064794274999899953e-01,7.400000000000000000e+01,1.621565542400000000e+10,7.788651479040000000e+11,5.994437336921691895e-01
9.250000000000000000e+02,4.670000000000000000e+02,4.301995002415613953e+02,5.439282932204211884e-02,9.000000000000000000e+00,2.194928844800000000e+10,1.422013628416000000e+12,3.583382368087768555e+00
1.174000000000000000e+03,9.430000000000000000e+02,1.846429639378529544e+02,1.720052290384453675e-01,2.660000000000000000e+02,9.486789760000000000e+08,2.049079541760000000e+11,1.377537250518798828e-01
1.565000000000000000e+03,4.220000000000000000e+02,3.929453196257698977e+01,1.597191412499849861e-01,2.460000000000000000e+02,6.425163520000000000e+08,2.422428467200000000e+11,1.008660122752189636e-01
3.441000000000000000e+03,5.110000000000000000e+02,6.872456014841934291e+01,1.176877882894626220e-01,5.900000000000000000e+01,4.818864128000000000e+09,5.752418467840000000e+11,5.228825211524963379e-01
2.842000000000000000e+03,5.360000000000000000e+02,6.757095256201915845e+01,1.976423537605237202e-01,1.460000000000000000e+02,2.242444032000000000e+09,3.406583234560000000e+11,1.633618921041488647e-01
3.816000000000000000e+03,2.188000000000000000e+03,1.562529293927633773e+02,9.035079029052513200e-02,5.000000000000000000e+00,6.303399526400000000e+10,3.637388771328000000e+12,2.569424629211425781e+00
2.489000000000000000e+03,3.974000000000000000e+03,1.546259762347953597e+02,9.428090415820634951e-02,2.070000000000000000e+02,1.389949440000000000e+09,2.682227425280000000e+11,1.866812407970428467e-01
3.557000000000000000e+03,3.413000000000000000e+03,1.067467710188631003e+02,1.242259987499883256e-01,1.360000000000000000e+02,5.107780096000000000e+09,4.809077555200000000e+11,6.091393232345581055e-01
