2.182000000000000000e+03,2.621000000000000000e+03,8.538597803485546933e+01,1.538461538461538547e-01,3.700000000000000000e+01,1.660199526400000000e+10,1.076348256256000000e+12,2.930980205535888672e+00
7.400000000000000000e+02,1.554000000000000000e+03,8.024799511133761598e+01,1.860163329510811370e-01,2.110000000000000000e+02,1.394828928000000000e+09,2.693257297920000000e+11,2.005274295806884766e-01
3.315000000000000000e+03,3.315000000000000000e+03,2.021612356787544229e+02,1.315789473684210453e-01,2.000000000000000000e+00,2.817368064000000000e+10,3.130425081856000000e+12,8.803648948669433594e+00
3.047000000000000000e+03,3.281000000000000000e+03,9.517603983017262692e+01,1.333333333333333315e-01,1.900000000000000000e+02,4.586923520000000000e+08,2.166169108480000000e+11,2.238614857196807861e-02
2.734000000000000000e+03,2.881000000000000000e+03,4.299634117705806347e+01,1.737149937785323894e-01,1.600000000000000000e+01,3.269567692800000000e+10,1.808104685568000000e+12,0.000000000000000000e+00
3.463000000000000000e+03,1.184000000000000000e+03,9.088597860618364166e+01,1.897658566033678385e-01,1.210000000000000000e+02,1.199321856000000000e+09,3.968022282240000000e+11,5.909001231193542480e-01
3.095000000000000000e+03,3.658000000000000000e+03,1.096539436465992878e+02,1.593443597997745154e-01,1.200000000000000000e+01,3.804662169600000000e+10,1.865792618496000000e+12,1.976391410827636719e+01
5.460000000000000000e+02,2.471000000000000000e+03,9.833694239380545810e+01,1.976423537605237202e-01,1.350000000000000000e+02,1.476633216000000000e+09,2.523343421440000000e+11,1.282015740871429443e-01
1.580000000000000000e+02,1.414000000000000000e+03,2.867471717479885456e+02,1.052631578947368363e-01,1.250000000000000000e+02,3.360155648000000000e+09,3.882590535680000000e+11,6.173577904701232910e-01
3.976000000000000000e+03,2.103000000000000000e+03,4.394317709272149841e+02,6.734350297014739251e-02,8.600000000000000000e+01,5.506938880000000000e+09,5.508653383680000000e+11,3.377498388290405273e-01
2.757000000000000000e+03,2.446000000000000000e+03,8.640526862367990191e+01,1.600000000000000033e-01,4.500000000000000000e+01,9.663973376000000000e+09,9.594038517760000000e+11,1.929919958114624023e+00
3.985000000000000000e+03,2.429000000000000000e+03,3.251814842376999195e+02,3.571428571428571230e-02,2.200000000000000000e+01,3.011985612800000000e+10,1.264861839360000000e+12,0.000000000000000000e+00
1.210000000000000000e+02,3.075000000000000000e+03,5.161614162512378812e+01,1.315334104411640948e-01,1.910000000000000000e+02,1.224226560000000000e+09,2.916619386880000000e+11,2.821713387966156006e-01
1.813000000000000000e+03,2.174000000000000000e+03,4.473369626813065025e+01,4.761904761904761640e-02,1.000000000000000000e+00,6.157198950400000000e+10,4.416137068544000000e+12,4.520943015813827515e-02
1.507000000000000000e+03,1.889000000000000000e+03,5.516432411395117441e+01,1.961161351381840168e-01,4.200000000000000000e+01,1.554715648000000000e+10,1.040514875392000000e+12,1.968401670455932617e+00
3.866000000000000000e+03,1.987000000000000000e+03,6.691683791358647682e+01,1.792654619833765339e-01,6.200000000000000000e+01,1.031607296000000000e+10,7.346875924480000000e+11,1.895973205566406250e+00
2.510000000000000000e+03,1.868000000000000000e+03,1.020038299913266400e+02,1.176877882894626220e-01,1.370000000000000000e+02,4.924700672000000000e+09,4.232317501440000000e+11,1.894956678152084351e-01
3.062000000000000000e+03,3.176000000000000000e+03,1.547358657050127988e+02,1.242259987499883256e-01,1.680000000000000000e+02,3.636534272000000000e+09,3.537638850560000000e+11,6.650319099426269531e-01
3.900000000000000000e+02,7.900000000000000000e+02,1.730252545679550167e+02,1.178511301977579334e-01,5.000000000000000000e+01,7.061435904000000000e+09,8.643143270400000000e+11,2.096730947494506836e+00
5.450000000000000000e+02,2.472000000000000000e+03,8.844346515623341531e+01,1.250000000000000000e-01,1.350000000000000000e+02,1.476633216000000000e+09,2.523343421440000000e+11,1.282015740871429443e-01
9.160000000000000000e+02,4.590000000000000000e+02,1.754857963216113887e+02,1.720052290384453675e-01,6.000000000000000000e+00,1.650314547200000000e+10,1.067573116928000000e+12,3.699832201004028320e+00
3.313000000000000000e+03,3.316000000000000000e+03,5.043762279034896210e+02,1.341847240419153930e-01,2.000000000000000000e+00,2.817368064000000000e+10,3.130425081856000000e+12,8.803648948669433594e+00
9.050000000000000000e+02,3.713000000000000000e+03,3.523660989647825659e+02,1.638886943392722229e-01,8.000000000000000000e+01,6.545251840000000000e+09,5.917509550080000000e+11,2.885195016860961914e+00
9.720000000000000000e+02,1.486000000000000000e+03,4.113686600568573226e+01,1.397542485937368628e-01,1.430000000000000000e+02,9.831441408000000000e+09,2.495392317440000000e+11,0.000000000000000000e+00
2.752000000000000000e+03,3.321000000000000000e+03,1.050325547251461131e+02,1.792654619833765339e-01,6.000000000000000000e+01,1.034285875200000000e+10,7.247058698240000000e+11,3.249531269073486328e+00
4.860000000000000000e+02,8.190000000000000000e+02,1.188809382633033067e+02,1.502313031443328895e-01,4.000000000000000000e+01,6.004965376000000000e+09,7.657200680960000000e+11,9.520892500877380371e-01
6.100000000000000000e+02,8.790000000000000000e+02,1.818380220175922375e+02,1.304347826086956486e-01,7.300000000000000000e+01,1.833807257600000000e+10,6.925092782080000000e+11,3.555294871330261230e-01
2.751000000000000000e+03,2.443000000000000000e+03,2.117418250331304819e+02,1.442220510185595606e-01,4.500000000000000000e+01,9.663973376000000000e+09,9.594038517760000000e+11,1.929919958114624023e+00
6.010000000000000000e+02,2.614000000000000000e+03,1.300551216267056986e+02,1.724137931034482873e-01,1.800000000000000000e+01,1.623037542400000000e+10,1.491725320192000000e+12,5.082186508178710938e+01
6.760000000000000000e+02,2.479000000000000000e+03,6.113885602930644581e+01,1.851851851851851749e-01,2.500000000000000000e+01,1.637902950400000000e+10,1.113396346880000000e+12,1.996217012405395508e+00
2.992000000000000000e+03,2.204000000000000000e+03,4.201359593057013342e+01,1.250000000000000000e-01,2.340000000000000000e+02,3.183621760000000000e+08,2.423084810240000000e+11,3.677742183208465576e-01
3.124000000000000000e+03,1.050000000000000000e+03,1.180725209000467970e+02,1.631784879661263288e-01,3.100000000000000000e+01,1.766500556800000000e+10,1.050311589888000000e+12,3.384711980819702148e+00
7.170000000000000000e+02,1.105000000000000000e+03,4.427051010735264640e+02,5.000000000000000278e-02,9.800000000000000000e+01,2.819220736000000000e+09,4.878998896640000000e+11,1.520815610885620117e+00
3.296000000000000000e+03,2.746000000000000000e+03,1.314242681682834473e+02,1.250000000000000000e-01,2.800000000000000000e+01,1.097422540800000000e+10,7.864553308160000000e+11,1.368543982505798340e+00
4.240000000000000000e+02,1.839000000000000000e+03,1.636528155688936295e+02,3.448275862068965469e-02,4.000000000000000000e+00,2.216379187200000000e+10,1.423872098304000000e+12,1.059899687767028809e+00
1.720000000000000000e+02,2.139000000000000000e+03,9.075463657235708581e+01,1.333333333333333315e-01,2.800000000000000000e+02,7.535530880000000000e+08,1.993198469120000000e+11,6.548240035772323608e-02
3.520000000000000000e+02,3.279000000000000000e+03,9.930804365476740259e+01,1.242259987499883256e-01,1.540000000000000000e+02,3.507972096000000000e+09,3.577351372800000000e+11,3.598425090312957764e-01
3.880000000000000000e+02,7.960000000000000000e+02,1.374832562552446689e+02,1.666666666666666574e-01,5.000000000000000000e+01,7.061435904000000000e+09,8.643143270400000000e+11,2.096730947494506836e+00
3.880000000000000000e+02,7.910000000000000000e+02,8.123020482940876263e+02,4.166666666666666435e-02,5.000000000000000000e+01,7.061435904000000000e+09,8.643143270400000000e+11,2.096730947494506836e+00
2.152000000000000000e+03,8.900000000000000000e+01,8.041090746650081655e+01,1.386750490563072868e-01,3.400000000000000000e+01,2.207638323200000000e+10,1.046548774912000000e+12,1.211993932723999023e+00
7.830000000000000000e+02,1.506000000000000000e+03,1.969456746774654050e+02,8.318903308077030267e-02,2.250000000000000000e+02,2.712698368000000000e+09,2.835158794240000000e+11,8.608257025480270386e-02
3.406000000000000000e+03,2.934000000000000000e+03,5.546986765398169439e+01,1.374903330507991073e-01,6.600000000000000000e+01,1.370071859200000000e+10,7.471679406080000000e+11,1.815132617950439453e+00
3.393000000000000000e+03,1.754000000000000000e+03,5.523904611945240362e+01,1.860163329510811370e-01,2.050000000000000000e+02,1.662369152000000000e+09,2.801193123840000000e+11,1.934467852115631104e-01
1.762000000000000000e+03,1.711000000000000000e+03,7.986093546679640554e+01,1.717960677340691911e-01,1.000000000000000000e+01,8.726153216000000000e+09,7.770129039360000000e+11,6.118690013885498047e+00
3.621000000000000000e+03,3.377000000000000000e+03,7.496803750683628209e+01,1.397542485937368628e-01,2.430000000000000000e+02,1.012105728000000000e+09,2.227059097600000000e+11,1.548350751399993896e-01
1.502000000000000000e+03,1.886000000000000000e+03,9.016786602816678453e+01,1.538461538461538547e-01,4.200000000000000000e+01,1.554715648000000000e+10,1.040514875392000000e+12,1.968401670455932617e+00
1.959000000000000000e+03,3.988000000000000000e+03,1.465456644600485845e+02,1.502313031443328895e-01,5.800000000000000000e+01,1.604596838400000000e+10,8.437500477440000000e+11,6.876591444015502930e-01
2.954000000000000000e+03,3.723000000000000000e+03,4.811205440750064781e+02,1.897658566033678385e-01,1.280000000000000000e+02,4.022070016000000000e+09,3.922227036160000000e+11,1.520862936973571777e+00
3.673000000000000000e+03,4.430000000000000000e+02,2.892837762607045420e+02,1.638886943392722229e-01,7.700000000000000000e+01,8.184467456000000000e+09,6.611352944640000000e+11,5.086567997932434082e-01
1.832000000000000000e+03,1.575000000000000000e+03,5.750887263770965774e+01,1.488645855129573925e-01,1.240000000000000000e+02,2.067857920000000000e+09,3.856891576320000000e+11,3.170086741447448730e-01
2.772000000000000000e+03,3.410000000000000000e+02,2.971868060582473703e+01,1.860163329510811370e-01,2.080000000000000000e+02,1.508241280000000000e+09,2.930831523840000000e+11,9.406410157680511475e-02
2.492000000000000000e+03,2.303000000000000000e+03,1.812922038380719130e+02,5.882352941176470507e-02,1.640000000000000000e+02,1.518295168000000000e+09,3.126754672640000000e+11,2.417435050010681152e-01
2.752000000000000000e+03,2.450000000000000000e+03,3.467449111322414979e+02,1.649242250247064112e-01,4.500000000000000000e+01,9.663973376000000000e+09,9.594038517760000000e+11,1.929919958114624023e+00
1.446000000000000000e+03,2.727000000000000000e+03,1.140318350393864790e+02,1.490711984999859852e-01,2.440000000000000000e+02,5.282016000000000000e+08,1.886439014400000000e+11,1.114356368780136108e-01
1.800000000000000000e+02,2.341000000000000000e+03,1.991643533106095560e+02,5.555555555555555247e-02,1.790000000000000000e+02,2.816224256000000000e+09,3.195419361280000000e+11,3.078545928001403809e-01
2.518000000000000000e+03,1.600000000000000000e+01,1.039736727120463087e+02,1.242259987499883256e-01,1.600000000000000000e+02,3.196273664000000000e+09,3.672825528320000000e+11,1.436638087034225464e-01
7.370000000000000000e+02,3.059000000000000000e+03,5.902138693630900690e+01,1.488645855129573925e-01,1.400000000000000000e+02,3.078145536000000000e+09,3.894766796800000000e+11,4.259077310562133789e-01
3.622000000000000000e+03,3.376000000000000000e+03,8.427788516135257169e+01,6.250000000000000000e-02,2.430000000000000000e+02,1.012105728000000000e+09,2.227059097600000000e+11,1.548350751399993896e-01
2.806000000000000000e+03,2.402000000000000000e+03,5.404591812699278535e+02,5.882352941176470507e-02,2.130000000000000000e+02,1.042019712000000000e+09,2.757443584000000000e+11,3.763999044895172119e-01
2.929000000000000000e+03,3.101000000000000000e+03,3.497000743959877127e+02,2.000000000000000111e-01,6.100000000000000000e+01,4.794040320000000000e+09,4.982126346240000000e+11,1.534123420715332031e+00
3.574000000000000000e+03,3.412000000000000000e+03,1.369119782833648458e+02,1.802775637731994507e-01,1.220000000000000000e+02,4.187620096000000000e+09,4.638568939520000000e+11,5.724893808364868164e-01
3.211000000000000000e+03,3.817000000000000000e+03,5.938426478981720180e+01,1.571348402636772168e-01,2.700000000000000000e+01,1.486072934400000000e+10,1.127825801216000000e+12,1.289787650108337402e+00
2.642000000000000000e+03,2.854000000000000000e+03,1.733980562354841481e+02,1.767766952966368654e-01,5.600000000000000000e+01,1.586118144000000000e+10,7.945620684800000000e+11,1.549731612205505371e+00
1.372000000000000000e+03,2.611000000000000000e+03,8.029933784700736510e+01,1.490711984999859852e-01,1.930000000000000000e+02,9.313193600000000000e+08,2.103257825280000000e+11,1.091748252511024475e-01
6.820000000000000000e+02,9.360000000000000000e+02,3.889377984235289318e+02,5.882352941176470507e-02,1.750000000000000000e+02,1.603920384000000000e+09,3.096959713280000000e+11,1.232247829437255859e+00
4.910000000000000000e+02,8.150000000000000000e+02,3.082717141785671515e+02,1.178511301977579334e-01,4.000000000000000000e+01,6.004965376000000000e+09,7.657200680960000000e+11,9.520892500877380371e-01
6.160000000000000000e+02,3.752000000000000000e+03,4.273839137738276577e+02,1.090440572471854941e-01,1.400000000000000000e+01,4.285676339200000000e+10,1.507835248640000000e+12,3.455087184906005859e+00
1.642000000000000000e+03,3.696000000000000000e+03,1.060204264227396038e+02,1.315334104411640948e-01,2.010000000000000000e+02,1.167361536000000000e+09,2.643181240320000000e+11,2.490766197443008423e-01
3.215000000000000000e+03,3.811000000000000000e+03,2.362851202153304939e+02,1.171213948210510919e-01,2.700000000000000000e+01,1.486072934400000000e+10,1.127825801216000000e+12,1.289787650108337402e+00
1.329000000000000000e+03,1.617000000000000000e+03,8.168655926030120895e+01,1.315334104411640948e-01,1.820000000000000000e+02,1.194767488000000000e+09,2.648773918720000000e+11,2.541265189647674561e-01
6.020000000000000000e+02,2.624000000000000000e+03,1.584064480414071170e+02,1.758282590894063580e-01,1.800000000000000000e+01,1.623037542400000000e+10,1.491725320192000000e+12,5.082186508178710938e+01
1.810000000000000000e+03,2.178000000000000000e+03,4.341945857059526048e+01,8.584645893961878604e-02,1.000000000000000000e+00,6.157198950400000000e+10,4.416137068544000000e+12,4.520943015813827515e-02
6.090000000000000000e+02,4.690000000000000000e+02,9.447032511181683390e+01,1.756820922315766309e-01,1.420000000000000000e+02,1.824037888000000000e+09,3.510841180160000000e+11,1.941844373941421509e-01
2.154000000000000000e+03,2.873000000000000000e+03,4.292818075670843996e+02,0.000000000000000000e+00,3.240000000000000000e+02,5.196210560000000000e+08,1.334685368320000000e+11,6.298837810754776001e-02
1.850000000000000000e+03,1.953000000000000000e+03,1.167771189152470157e+02,1.490711984999859852e-01,2.720000000000000000e+02,6.618579840000000000e+08,2.082312028160000000e+11,1.385663002729415894e-01
3.679000000000000000e+03,1.384000000000000000e+03,1.792789660770829983e+02,7.443229275647869625e-02,1.230000000000000000e+02,4.412191232000000000e+09,4.193991720960000000e+11,3.580733537673950195e-01
2.301000000000000000e+03,1.184000000000000000e+03,9.264830446862080748e+01,1.428571428571428492e-01,2.880000000000000000e+02,4.470436160000000000e+08,1.477900042240000000e+11,7.913138717412948608e-02
3.823000000000000000e+03,3.390000000000000000e+03,6.590472105268856922e+02,9.722034684781695468e-02,7.100000000000000000e+01,8.651307008000000000e+09,6.954382786560000000e+11,3.705672323703765869e-01
2.134000000000000000e+03,3.780000000000000000e+02,3.959657952826049154e+01,8.838834764831844659e-02,2.380000000000000000e+02,6.961411200000000000e+08,2.244707778560000000e+11,8.804488927125930786e-02
3.690000000000000000e+02,1.317000000000000000e+03,1.239887390361925412e+02,1.346291201783625935e-01,0.000000000000000000e+00,6.791713996800000000e+10,3.866329874432000000e+12,5.838018655776977539e-01
3.098000000000000000e+03,2.442000000000000000e+03,7.898003495442218025e+01,2.000000000000000111e-01,4.800000000000000000e+01,1.269249024000000000e+10,9.317162024960000000e+11,1.329311370849609375e+00
1.993000000000000000e+03,3.382000000000000000e+03,1.608850891739530198e+02,1.000000000000000056e-01,1.060000000000000000e+02,2.987837184000000000e+09,4.844249415680000000e+11,3.978361785411834717e-01
1.919000000000000000e+03,3.894000000000000000e+03,1.247685721651017303e+02,1.171213948210510919e-01,2.300000000000000000e+01,3.924919910400000000e+10,1.211719614464000000e+12,8.107573509216308594e+00
3.216000000000000000e+03,2.243000000000000000e+03,1.600639296751309644e+02,6.734350297014739251e-02,9.100000000000000000e+01,4.482737664000000000e+09,5.583363112960000000e+11,2.550077438354492188e-01
3.988000000000000000e+03,2.431000000000000000e+03,1.388356643445346492e+02,1.129384878631564115e-01,2.200000000000000000e+01,3.011985612800000000e+10,1.264861839360000000e+12,0.000000000000000000e+00
3.114000000000000000e+03,3.450000000000000000e+02,2.369394654167780345e+02,1.176470588235294101e-01,1.410000000000000000e+02,1.149059840000000000e+09,2.718584832000000000e+11,7.850439548492431641e-01
8.360000000000000000e+02,4.160000000000000000e+02,1.446656374611230547e+02,1.016394535227177209e-01,7.600000000000000000e+01,8.476939776000000000e+09,6.548592394240000000e+11,5.924999117851257324e-01
1.965000000000000000e+03,3.984000000000000000e+03,9.546677930807220491e+01,1.502313031443328895e-01,5.800000000000000000e+01,1.604596838400000000e+10,8.437500477440000000e+11,6.876591444015502930e-01
3.160000000000000000e+02,1.469000000000000000e+03,3.565866248703322583e+01,1.631868123374091983e-01,8.000000000000000000e+00,5.188821811200000000e+10,2.186460135424000000e+12,5.949957370758056641e-01
7.540000000000000000e+02,2.848000000000000000e+03,1.857185272121936066e+02,1.250000000000000000e-01,2.630000000000000000e+02,8.041327360000000000e+08,2.212967546880000000e+11,2.647356688976287842e-01
1.563000000000000000e+03,2.418000000000000000e+03,3.532615514129493590e+02,1.176877882894626220e-01,7.200000000000000000e+01,1.592594560000000000e+09,3.790919761920000000e+11,9.508023262023925781e-01
3.634000000000000000e+03,3.986000000000000000e+03,1.187287797572750918e+02,1.961161351381840168e-01,2.900000000000000000e+01,1.268129484800000000e+10,1.003939889152000000e+12,2.182029724121093750e+00
2.664000000000000000e+03,3.251000000000000000e+03,1.937008630537089289e+02,6.666666666666666574e-02,2.560000000000000000e+02,1.510194176000000000e+09,2.055332167680000000e+11,2.436477988958358765e-01
2.080000000000000000e+03,2.852000000000000000e+03,1.667785530783970955e+02,1.285648693066450132e-01,4.400000000000000000e+01,9.059347456000000000e+09,6.248648540160000000e+11,4.563073813915252686e-01
3.677000000000000000e+03,4.390000000000000000e+02,7.366085330194633798e+02,1.016394535227177209e-01,7.700000000000000000e+01,8.184467456000000000e+09,6.611352944640000000e+11,5.086567997932434082e-01
1.012000000000000000e+03,8.750000000000000000e+02,5.234500918194927266e+01,1.863389981249824745e-01,3.370000000000000000e+02,3.474301440000000000e+08,1.050752040960000000e+11,7.004173099994659424e-02
3.531000000000000000e+03,2.202000000000000000e+03,3.305339355743620189e+01,1.111111111111111049e-01,1.720000000000000000e+02,2.003181440000000000e+09,3.155775324160000000e+11,2.163498550653457642e-01
3.504000000000000000e+03,1.279000000000000000e+03,3.232067781357474701e+01,1.885618083164126990e-01,2.670000000000000000e+02,7.275599360000000000e+08,2.176592773120000000e+11,8.171679824590682983e-02
2.224000000000000000e+03,3.814000000000000000e+03,8.177940018813514200e+01,1.442220510185595606e-01,4.100000000000000000e+01,1.540933632000000000e+10,9.524732887040000000e+11,2.167505264282226562e+00
2.191000000000000000e+03,3.720000000000000000e+03,8.026120047319010098e+01,1.764705882352941291e-01,1.120000000000000000e+02,8.785539200000000000e+08,3.099460239360000000e+11,1.412641167640686035e+00
3.060000000000000000e+02,2.093000000000000000e+03,8.578235766833427078e+01,1.875000000000000000e-01,2.570000000000000000e+02,7.093384960000000000e+08,2.261990277120000000e+11,7.845331728458404541e-02
9.690000000000000000e+02,1.487000000000000000e+03,4.067669741679581819e+01,1.397542485937368628e-01,1.430000000000000000e+02,9.831441408000000000e+09,2.495392317440000000e+11,0.000000000000000000e+00
7.430000000000000000e+02,2.815000000000000000e+03,7.461201626167887468e+01,1.697056274847713875e-01,3.300000000000000000e+01,1.520119193600000000e+10,9.712469934080000000e+11,1.588283777236938477e+00
2.480000000000000000e+03,3.998000000000000000e+03,1.032131570272449039e+02,1.770588235294245916e-01,2.070000000000000000e+02,1.062890048000000000e+09,2.742956195840000000e+11,2.239271402359008789e-01
1.813000000000000000e+03,2.184000000000000000e+03,3.344451612195558710e+01,1.904761904761904656e-01,1.000000000000000000e+00,6.157198950400000000e+10,4.416137068544000000e+12,4.520943015813827515e-02
1.154000000000000000e+03,1.689000000000000000e+03,6.295050890872845883e+01,1.666666666666666574e-01,1.130000000000000000e+02,2.778995916800000000e+10,3.163079311360000000e+11,0.000000000000000000e+00
9.160000000000000000e+02,4.620000000000000000e+02,1.907252934985922934e+02,8.600261451922268374e-02,6.000000000000000000e+00,1.650314547200000000e+10,1.067573116928000000e+12,3.699832201004028320e+00
2.926000000000000000e+03,3.107000000000000000e+03,2.281473303346715511e+02,1.802775637731994507e-01,6.100000000000000000e+01,4.794040320000000000e+09,4.982126346240000000e+11,1.534123420715332031e+00
1.605000000000000000e+03,1.008000000000000000e+03,7.416433075590236967e+01,1.538461538461538547e-01,3.410000000000000000e+02,1.042866880000000000e+09,1.366030581760000000e+11,5.060866475105285645e-02
1.590000000000000000e+02,1.418000000000000000e+03,1.028655673989746191e+02,1.176877882894626220e-01,1.250000000000000000e+02,3.360155648000000000e+09,3.882590535680000000e+11,6.173577904701232910e-01
1.608000000000000000e+03,3.677000000000000000e+03,5.690960428071019805e+01,2.000000000000000111e-01,2.260000000000000000e+02,6.538135680000000000e+08,1.852462039040000000e+11,1.417953968048095703e-01
5.990000000000000000e+02,2.617000000000000000e+03,1.069406083953784758e+02,9.753196981883414940e-02,1.800000000000000000e+01,1.623037542400000000e+10,1.491725320192000000e+12,5.082186508178710938e+01
3.504000000000000000e+03,3.197000000000000000e+03,7.942207721433949530e+01,1.567630989332169100e-01,5.200000000000000000e+01,9.552431104000000000e+09,7.089194926080000000e+11,3.984834671020507812e+00
1.830000000000000000e+02,2.340000000000000000e+03,1.036241224594179471e+02,1.666666666666666574e-01,1.790000000000000000e+02,2.816224256000000000e+09,3.195419361280000000e+11,3.078545928001403809e-01
3.713000000000000000e+03,2.556000000000000000e+03,2.537989777718501330e+02,1.397542485937368628e-01,1.940000000000000000e+02,1.070380096000000000e+09,2.626859008000000000e+11,3.487602174282073975e-01
6.730000000000000000e+02,2.478000000000000000e+03,1.193466510322698468e+02,8.281733249999222168e-02,2.500000000000000000e+01,1.637902950400000000e+10,1.113396346880000000e+12,1.996217012405395508e+00
8.920000000000000000e+02,2.560000000000000000e+03,6.707566344257071478e+01,1.976423537605237202e-01,2.510000000000000000e+02,9.487840640000000000e+08,2.391114219520000000e+11,1.013396605849266052e-01
2.240000000000000000e+03,1.347000000000000000e+03,6.858631560302019636e+01,1.818181818181818232e-01,6.300000000000000000e+01,5.047442432000000000e+09,6.099794657280000000e+11,2.344955205917358398e+00
7.030000000000000000e+02,1.511000000000000000e+03,9.606001581270928114e+01,1.666666666666666574e-01,3.530000000000000000e+02,4.700106560000000000e+08,9.294882406400000000e+10,5.002410709857940674e-02
2.864000000000000000e+03,3.553000000000000000e+03,5.410225320309241397e+02,1.090440572471854941e-01,1.500000000000000000e+01,2.484295680000000000e+10,1.361350492160000000e+12,1.479203462600708008e+00
2.803000000000000000e+03,3.007000000000000000e+03,8.181374219211917875e+01,1.538461538461538547e-01,3.070000000000000000e+02,6.675375360000000000e+08,1.431183196160000000e+11,7.680681347846984863e-02
2.752000000000000000e+03,2.442000000000000000e+03,1.865531207541043273e+02,1.649242250247064112e-01,4.500000000000000000e+01,9.663973376000000000e+09,9.594038517760000000e+11,1.929919958114624023e+00
4.920000000000000000e+02,8.140000000000000000e+02,8.165069107511924074e+01,1.767766952966368654e-01,4.000000000000000000e+01,6.004965376000000000e+09,7.657200680960000000e+11,9.520892500877380371e-01
3.672000000000000000e+03,4.410000000000000000e+02,8.549595567710504440e+01,1.818181818181818232e-01,7.700000000000000000e+01,8.184467456000000000e+09,6.611352944640000000e+11,5.086567997932434082e-01
2.867000000000000000e+03,1.440000000000000000e+03,1.105613117188543981e+02,7.142857142857142461e-02,3.020000000000000000e+02,3.985460800000000000e+08,1.576966717440000000e+11,8.313544094562530518e-02
3.892000000000000000e+03,5.200000000000000000e+02,1.324275390739913689e+02,1.052631578947368363e-01,1.470000000000000000e+02,1.940034048000000000e+09,3.742253711360000000e+11,3.393869996070861816e-01
3.110000000000000000e+03,3.669000000000000000e+03,1.082537351279867579e+02,2.000000000000000111e-01,2.920000000000000000e+02,7.271820800000000000e+08,1.793774878720000000e+11,9.612603485584259033e-02
3.219000000000000000e+03,3.812000000000000000e+03,7.830404211203706382e+02,1.994505484123890171e-01,2.700000000000000000e+01,1.486072934400000000e+10,1.127825801216000000e+12,1.289787650108337402e+00
2.004000000000000000e+03,7.700000000000000000e+02,1.216986724166487051e+02,9.722034684781695468e-02,6.700000000000000000e+01,6.917338624000000000e+09,7.341444956160000000e+11,7.526878714561462402e-01
3.086000000000000000e+03,1.261000000000000000e+03,1.271989090268277209e+02,1.505846504842085487e-01,7.400000000000000000e+01,5.023833600000000000e+09,5.444143677440000000e+11,3.966262638568878174e-01
2.251000000000000000e+03,1.092000000000000000e+03,4.229610486282594906e+01,1.243293543263444545e-01,3.000000000000000000e+01,2.774474752000000000e+10,1.397942386688000000e+12,0.000000000000000000e+00
3.548000000000000000e+03,2.510000000000000000e+03,5.333080651209889567e+01,1.656346649999844434e-01,2.600000000000000000e+01,1.607904665600000000e+10,1.146904903680000000e+12,3.561056852340698242e+00
1.805000000000000000e+03,2.174000000000000000e+03,3.623451720616089489e+01,1.963383631246505001e-01,1.000000000000000000e+00,6.157198950400000000e+10,4.416137068544000000e+12,4.520943015813827515e-02
3.667000000000000000e+03,3.422000000000000000e+03,1.279680014950796760e+02,1.502313031443328895e-01,5.900000000000000000e+01,1.048679833600000000e+10,7.828546519040000000e+11,5.260182619094848633e-01
9.010000000000000000e+02,1.719000000000000000e+03,7.348187536993646063e+01,1.285648693066450132e-01,3.000000000000000000e+02,1.259877120000000000e+09,7.717212979200000000e+10,0.000000000000000000e+00
2.110000000000000000e+03,2.902000000000000000e+03,1.348519566541429526e+02,1.315334104411640948e-01,1.760000000000000000e+02,4.542482944000000000e+09,2.715383070720000000e+11,7.511537075042724609e-01
2.340000000000000000e+02,3.057000000000000000e+03,5.662635768566908467e+01,1.720052290384453675e-01,2.520000000000000000e+02,3.751715200000000000e+08,1.336153374720000000e+11,1.971790567040443420e-02
7.850000000000000000e+02,1.507000000000000000e+03,5.558499751921073795e+01,1.315334104411640948e-01,2.250000000000000000e+02,2.712698368000000000e+09,2.835158794240000000e+11,8.608257025480270386e-02
2.865000000000000000e+03,3.556000000000000000e+03,5.845874738669154880e+01,1.950639396376682988e-01,1.500000000000000000e+01,2.484295680000000000e+10,1.361350492160000000e+12,1.479203462600708008e+00
1.360000000000000000e+03,7.520000000000000000e+02,1.176767063644527980e+02,8.838834764831844659e-02,2.280000000000000000e+02,7.644033280000000000e+08,2.608238919680000000e+11,1.717759370803833008e-01
8.510000000000000000e+02,2.171000000000000000e+03,8.643032092190827598e+01,8.600261451922268374e-02,3.600000000000000000e+01,2.155912396800000000e+10,1.085298507776000000e+12,2.135843515396118164e+00
4.490000000000000000e+02,1.731000000000000000e+03,1.724596718561444391e+02,1.016394535227177209e-01,8.200000000000000000e+01,9.725789184000000000e+09,6.114567782400000000e+11,8.108713626861572266e-01
1.118000000000000000e+03,3.888000000000000000e+03,5.950812157795655111e+01,8.784104611578831545e-02,3.000000000000000000e+00,3.762573721600000000e+10,2.640144498688000000e+12,1.831436872482299805e+00
2.004000000000000000e+03,7.730000000000000000e+02,6.186322693773714718e+02,6.148754619013457184e-02,6.700000000000000000e+01,6.917338624000000000e+09,7.341444956160000000e+11,7.526878714561462402e-01
3.237000000000000000e+03,2.996000000000000000e+03,3.948036765708906870e+01,1.571348402636772446e-01,1.630000000000000000e+02,2.215606528000000000e+09,3.263569264640000000e+11,2.493974864482879639e-01
3.706000000000000000e+03,1.740000000000000000e+02,6.867328874134761918e+02,1.285648693066450132e-01,7.000000000000000000e+01,8.901328896000000000e+09,6.326715678720000000e+11,1.451230168342590332e+00
7.450000000000000000e+02,1.554000000000000000e+03,4.171153437232518257e+01,1.315334104411640948e-01,2.110000000000000000e+02,1.394828928000000000e+09,2.693257297920000000e+11,2.005274295806884766e-01
9.110000000000000000e+02,4.620000000000000000e+02,7.311617537082815943e+01,1.216260638526299870e-01,6.000000000000000000e+00,1.650314547200000000e+10,1.067573116928000000e+12,3.699832201004028320e+00
2.316000000000000000e+03,2.815000000000000000e+03,7.779115627388834753e+01,1.490711984999859852e-01,2.870000000000000000e+02,6.142096000000000000e+08,1.838728151040000000e+11,7.423418015241622925e-02
6.120000000000000000e+02,4.720000000000000000e+02,1.056042247656715460e+02,1.111111111111111049e-01,1.420000000000000000e+02,1.824037888000000000e+09,3.510841180160000000e+11,1.941844373941421509e-01
5.450000000000000000e+02,2.470000000000000000e+03,1.360963495723644883e+02,1.767766952966368932e-01,1.350000000000000000e+02,1.476633216000000000e+09,2.523343421440000000e+11,1.282015740871429443e-01
3.026000000000000000e+03,3.231000000000000000e+03,7.292291756083477594e+01,1.397542485937368628e-01,1.970000000000000000e+02,1.376791424000000000e+09,2.338413936640000000e+11,1.094494313001632690e-01
6.500000000000000000e+02,1.127000000000000000e+03,4.721112277452289874e+01,8.838834764831844659e-02,2.290000000000000000e+02,1.669234816000000000e+09,2.513650483200000000e+11,7.054258584976196289e-01
2.024000000000000000e+03,3.138000000000000000e+03,9.103939214012260095e+01,1.756820922315766309e-01,1.580000000000000000e+02,3.082649600000000000e+09,3.410867978240000000e+11,3.555988073348999023e-01
3.826000000000000000e+03,3.393000000000000000e+03,4.944260530703009238e+01,9.722034684781695468e-02,7.100000000000000000e+01,8.651307008000000000e+09,6.954382786560000000e+11,3.705672323703765869e-01
3.477000000000000000e+03,2.851000000000000000e+03,1.469406165787152929e+02,1.716929178792375721e-01,8.500000000000000000e+01,3.280976896000000000e+09,5.304367513600000000e+11,3.841274082660675049e-01
1.837000000000000000e+03,8.630000000000000000e+02,6.690709163396454073e+01,1.397542485937368628e-01,2.410000000000000000e+02,4.520856000000000000e+08,2.227093340160000000e+11,1.034945324063301086e-01
2.305000000000000000e+03,1.553000000000000000e+03,7.537991851427922541e+01,1.875000000000000000e-01,2.150000000000000000e+02,1.369988096000000000e+09,2.466562375680000000e+11,1.694831103086471558e-01
2.646000000000000000e+03,2.855000000000000000e+03,4.036798095461514890e+02,9.316949906249123725e-02,5.600000000000000000e+01,1.586118144000000000e+10,7.945620684800000000e+11,1.549731612205505371e+00
2.175000000000000000e+03,1.699000000000000000e+03,8.112647181750764958e+01,1.720052290384453675e-01,3.320000000000000000e+02,3.736707200000000000e+08,1.258811801600000000e+11,4.991431534290313721e-02
8.550000000000000000e+02,2.254000000000000000e+03,9.623776655279661441e+01,1.010152544552210818e-01,3.120000000000000000e+02,4.642558400000000000e+08,1.481522544640000000e+11,1.179809570312500000e-01
1.354000000000000000e+03,1.270000000000000000e+03,7.499915223008518694e+01,1.802775637731994507e-01,5.300000000000000000e+01,1.107378278400000000e+10,4.555449630720000000e+11,8.392343521118164062e-01
2.512000000000000000e+03,1.023000000000000000e+03,6.453828949796738357e+01,6.250000000000000000e-02,5.000000000000000000e+00,3.258369433600000000e+10,1.944343412736000000e+12,3.667835891246795654e-01
2.154000000000000000e+03,2.872000000000000000e+03,7.635093182435624612e+02,7.692307692307692735e-02,3.240000000000000000e+02,5.196210560000000000e+08,1.334685368320000000e+11,6.298837810754776001e-02
4.200000000000000000e+02,1.840000000000000000e+03,1.872070234867743466e+02,1.090440572471854941e-01,4.000000000000000000e+00,2.216379187200000000e+10,1.423872098304000000e+12,1.059899687767028809e+00
1.816000000000000000e+03,2.178000000000000000e+03,3.969779370159583465e+01,8.584645893961878604e-02,1.000000000000000000e+00,6.157198950400000000e+10,4.416137068544000000e+12,4.520943015813827515e-02
3.900000000000000000e+02,7.880000000000000000e+02,5.862513246205943318e+01,1.863389981249824745e-01,5.000000000000000000e+01,7.061435904000000000e+09,8.643143270400000000e+11,2.096730947494506836e+00
2.494000000000000000e+03,2.301000000000000000e+03,1.039886449314636252e+02,1.315334104411640948e-01,1.640000000000000000e+02,1.518295168000000000e+09,3.126754672640000000e+11,2.417435050010681152e-01
3.677000000000000000e+03,3.153000000000000000e+03,1.324708199645930051e+02,5.263157894736841813e-02,1.310000000000000000e+02,3.632237568000000000e+09,4.112175923200000000e+11,1.594951003789901733e-01
2.447000000000000000e+03,5.850000000000000000e+02,4.347160706827926901e+01,1.597191412499849861e-01,3.050000000000000000e+02,6.482513280000000000e+08,1.677845135360000000e+11,6.382576376199722290e-02
2.343000000000000000e+03,2.415000000000000000e+03,1.542216338819917496e+02,1.527076157636170495e-01,7.000000000000000000e+00,2.338970419200000000e+10,1.180404940800000000e+12,3.693187236785888672e+00
2.866000000000000000e+03,1.439000000000000000e+03,1.203096299982787940e+02,7.142857142857142461e-02,3.020000000000000000e+02,3.985460800000000000e+08,1.576966717440000000e+11,8.313544094562530518e-02
7.040000000000000000e+02,1.512000000000000000e+03,8.256323347470599572e+01,1.178511301977579334e-01,3.530000000000000000e+02,4.700106560000000000e+08,9.294882406400000000e+10,5.002410709857940674e-02
3.309000000000000000e+03,3.317000000000000000e+03,1.600159186147138826e+02,1.765316824341939261e-01,2.000000000000000000e+00,2.817368064000000000e+10,3.130425081856000000e+12,8.803648948669433594e+00
2.148000000000000000e+03,9.000000000000000000e+01,2.749394857735957771e+02,1.216260638526299870e-01,3.400000000000000000e+01,2.207638323200000000e+10,1.046548774912000000e+12,1.211993932723999023e+00
2.837000000000000000e+03,3.049000000000000000e+03,6.849390972319712034e+01,1.664356663246515655e-01,1.190000000000000000e+02,9.340194816000000000e+09,4.196479139840000000e+11,5.865185856819152832e-01
7.640000000000000000e+02,1.528000000000000000e+03,1.305996581684323132e+02,1.242259987499883256e-01,1.320000000000000000e+02,2.261616384000000000e+09,3.562740449280000000e+11,7.156473994255065918e-01
3.334000000000000000e+03,7.970000000000000000e+02,5.015677942301662711e+02,5.555555555555555247e-02,1.480000000000000000e+02,1.724786304000000000e+09,3.378457477120000000e+11,3.567959368228912354e-01
6.510000000000000000e+02,1.127000000000000000e+03,3.946068409263361332e+01,1.397542485937368628e-01,2.290000000000000000e+02,1.669234816000000000e+09,2.513650483200000000e+11,7.054258584976196289e-01
3.210000000000000000e+03,1.959000000000000000e+03,6.964970348755822727e+01,1.505846504842085487e-01,9.500000000000000000e+01,6.686404608000000000e+09,5.159017840640000000e+11,9.251435995101928711e-01
3.576000000000000000e+03,3.413000000000000000e+03,7.025334411302087290e+01,1.581138830084189706e-01,1.220000000000000000e+02,4.187620096000000000e+09,4.638568939520000000e+11,5.724893808364868164e-01
2.445000000000000000e+03,1.662000000000000000e+03,1.263129693727191949e+02,8.838834764831844659e-02,2.390000000000000000e+02,1.227665792000000000e+09,2.207238225920000000e+11,1.781434752047061920e-02
2.570000000000000000e+03,1.514000000000000000e+03,5.430859867522909781e+02,7.692307692307692735e-02,3.200000000000000000e+01,1.381409075200000000e+10,1.072877797376000000e+12,2.538702011108398438e+00
2.181000000000000000e+03,2.617000000000000000e+03,2.778901147186789444e+02,1.923076923076923184e-01,3.700000000000000000e+01,1.660199526400000000e+10,1.076348256256000000e+12,2.930980205535888672e+00
3.534000000000000000e+03,2.201000000000000000e+03,2.570622788245428225e+01,1.756820922315766309e-01,1.720000000000000000e+02,2.003181440000000000e+09,3.155775324160000000e+11,2.163498550653457642e-01
1.273000000000000000e+03,3.927000000000000000e+03,1.296174521612222463e+02,1.421760560557814024e-01,1.700000000000000000e+01,3.641467289600000000e+10,1.465478807552000000e+12,4.167245388031005859e+00
3.332000000000000000e+03,7.970000000000000000e+02,7.788956022049252681e+01,1.666666666666666574e-01,1.480000000000000000e+02,1.724786304000000000e+09,3.378457477120000000e+11,3.567959368228912354e-01
1.013000000000000000e+03,8.770000000000000000e+02,7.769230280756308105e+01,1.666666666666666574e-01,3.370000000000000000e+02,3.474301440000000000e+08,1.050752040960000000e+11,7.004173099994659424e-02
1.759000000000000000e+03,4.230000000000000000e+02,1.789622746251415322e+02,1.597191412499849861e-01,2.040000000000000000e+02,2.237363712000000000e+09,1.677475020800000000e+11,5.028765797615051270e-01
2.515000000000000000e+03,1.017000000000000000e+03,6.707954174719345986e+01,1.562500000000000000e-01,5.000000000000000000e+00,3.258369433600000000e+10,1.944343412736000000e+12,3.667835891246795654e-01
1.814000000000000000e+03,2.177000000000000000e+03,4.358095865247275924e+01,3.367175148507369625e-02,1.000000000000000000e+00,6.157198950400000000e+10,4.416137068544000000e+12,4.520943015813827515e-02
5.730000000000000000e+02,7.890000000000000000e+02,6.881633086818116851e+01,1.875000000000000000e-01,2.100000000000000000e+02,6.068355200000000000e+08,2.526852382720000000e+11,2.046982795000076294e-01
7.300000000000000000e+01,1.305000000000000000e+03,2.799988432291613094e+02,1.016394535227177209e-01,4.600000000000000000e+01,1.408726425600000000e+10,6.551540858880000000e+11,1.282244086265563965e+00
3.694000000000000000e+03,2.511000000000000000e+03,1.859514194782382503e+02,1.923076923076923184e-01,4.300000000000000000e+01,6.390501888000000000e+09,1.028565368832000000e+12,1.451150059700012207e+00
3.974000000000000000e+03,2.102000000000000000e+03,3.984569222481615611e+02,1.064794274999899953e-01,8.600000000000000000e+01,5.506938880000000000e+09,5.508653383680000000e+11,3.377498388290405273e-01
5.690000000000000000e+02,3.870000000000000000e+02,8.912758302424117574e+01,1.333333333333333315e-01,2.850000000000000000e+02,9.892684160000000000e+08,1.909612216320000000e+11,8.622801303863525391e-02
3.113000000000000000e+03,3.460000000000000000e+02,4.807850228692500849e+01,1.860163329510811370e-01,1.410000000000000000e+02,1.149059840000000000e+09,2.718584832000000000e+11,7.850439548492431641e-01
2.862000000000000000e+03,3.556000000000000000e+03,9.292400183727633589e+01,1.421760560557814024e-01,1.500000000000000000e+01,2.484295680000000000e+10,1.361350492160000000e+12,1.479203462600708008e+00
3.018000000000000000e+03,2.439000000000000000e+03,1.150805738249976287e+02,1.064794274999899953e-01,8.800000000000000000e+01,8.625302528000000000e+09,5.439848775680000000e+11,5.298846960067749023e-01
3.570000000000000000e+03,1.411000000000000000e+03,8.252215603149315371e+01,1.663780661615406053e-01,1.690000000000000000e+02,1.989236992000000000e+09,3.081782558720000000e+11,2.696634232997894287e-01
3.718000000000000000e+03,2.826000000000000000e+03,1.712580439230039246e+02,1.490711984999859852e-01,2.460000000000000000e+02,1.293906048000000000e+09,2.160205332480000000e+11,1.234992891550064087e-01
1.302000000000000000e+03,2.018000000000000000e+03,1.577696238361270389e+02,1.153846153846153910e-01,3.800000000000000000e+01,1.030433177600000000e+10,9.779833077760000000e+11,7.185483574867248535e-01
2.073000000000000000e+03,3.863000000000000000e+03,5.631464564087832514e+02,1.000000000000000056e-01,1.090000000000000000e+02,5.754290176000000000e+09,4.677676892160000000e+11,8.300584554672241211e-01
3.455000000000000000e+03,9.270000000000000000e+02,1.572063883395387052e+02,1.571348402636772446e-01,1.390000000000000000e+02,2.223887616000000000e+09,3.703193927680000000e+11,4.774526357650756836e-01
3.500000000000000000e+03,1.279000000000000000e+03,3.634117151423875214e+01,1.885618083164126990e-01,2.670000000000000000e+02,7.275599360000000000e+08,2.176592773120000000e+11,8.171679824590682983e-02
3.679000000000000000e+03,4.440000000000000000e+02,4.717916556801714023e+01,1.928473039599674921e-01,7.700000000000000000e+01,8.184467456000000000e+09,6.611352944640000000e+11,5.086567997932434082e-01
7.820000000000000000e+02,1.503000000000000000e+03,9.078697530873881760e+01,1.663780661615406053e-01,2.250000000000000000e+02,2.712698368000000000e+09,2.835158794240000000e+11,8.608257025480270386e-02
3.694000000000000000e+03,1.212000000000000000e+03,8.375643200505720642e+01,1.767766952966368932e-01,1.560000000000000000e+02,1.485463936000000000e+09,2.239134924800000000e+11,2.409477382898330688e-01
1.364000000000000000e+03,1.385000000000000000e+03,4.862815708133264536e+01,1.538461538461538547e-01,2.650000000000000000e+02,3.193371840000000000e+08,1.263931473920000000e+11,1.837457120418548584e-01
2.535000000000000000e+03,4.520000000000000000e+02,1.038110916458871884e+02,7.142857142857142461e-02,2.750000000000000000e+02,3.880225600000000000e+08,1.486946304000000000e+11,0.000000000000000000e+00
1.863000000000000000e+03,3.056000000000000000e+03,2.396835792909952545e+02,1.111111111111111049e-01,1.360000000000000000e+02,3.717910016000000000e+09,3.234228469760000000e+11,9.218970537185668945e-01
3.182000000000000000e+03,2.639000000000000000e+03,9.884218044843368034e+01,6.250000000000000000e-02,2.580000000000000000e+02,8.594154240000000000e+08,2.331650129920000000e+11,5.989834293723106384e-02
3.827000000000000000e+03,3.389000000000000000e+03,6.678931215111428799e+01,1.229750923802691437e-01,7.100000000000000000e+01,8.651307008000000000e+09,6.954382786560000000e+11,3.705672323703765869e-01
2.512000000000000000e+03,1.026000000000000000e+03,6.897305350446181649e+01,1.562500000000000000e-01,5.000000000000000000e+00,3.258369433600000000e+10,1.944343412736000000e+12,3.667835891246795654e-01
2.661000000000000000e+03,3.250000000000000000e+03,8.297222895071186599e+01,1.490711984999859852e-01,2.560000000000000000e+02,1.510194176000000000e+09,2.055332167680000000e+11,2.436477988958358765e-01
3.363000000000000000e+03,1.648000000000000000e+03,9.023895302521417250e+01,1.178511301977579334e-01,3.490000000000000000e+02,3.211499200000000000e+08,1.035304714240000000e+11,3.332430496811866760e-02
3.958000000000000000e+03,2.666000000000000000e+03,6.603431307692146390e+01,1.242259987499883256e-01,1.530000000000000000e+02,1.981627264000000000e+09,3.649454735360000000e+11,1.969299316406250000e-01
3.560000000000000000e+03,1.233000000000000000e+03,1.028256782161301288e+02,1.764705882352941291e-01,2.270000000000000000e+02,1.446616960000000000e+09,2.703301345280000000e+11,2.566079795360565186e-01
2.003000000000000000e+03,7.730000000000000000e+02,9.528177427436910421e+02,9.722034684781695468e-02,6.700000000000000000e+01,6.917338624000000000e+09,7.341444956160000000e+11,7.526878714561462402e-01
3.816000000000000000e+03,6.080000000000000000e+02,2.878827884271692739e+01,1.976423537605237202e-01,2.470000000000000000e+02,4.030098240000000000e+08,2.363661844480000000e+11,5.728396400809288025e-02
3.825000000000000000e+03,3.395000000000000000e+03,4.546258797601641533e+01,1.739130434782608647e-01,7.100000000000000000e+01,8.651307008000000000e+09,6.954382786560000000e+11,3.705672323703765869e-01
1.156000000000000000e+03,1.694000000000000000e+03,5.847466060666391030e+01,1.571348402636772446e-01,1.130000000000000000e+02,2.778995916800000000e+10,3.163079311360000000e+11,0.000000000000000000e+00
3.063000000000000000e+03,3.432000000000000000e+03,1.271399067144549946e+02,1.515228816828315950e-01,2.400000000000000000e+01,2.261052211200000000e+10,1.228229181440000000e+12,2.252333760261535645e-01
3.580000000000000000e+03,3.411000000000000000e+03,6.719902799303878282e+01,1.581138830084189706e-01,1.220000000000000000e+02,4.187620096000000000e+09,4.638568939520000000e+11,5.724893808364868164e-01
2.226000000000000000e+03,3.816000000000000000e+03,5.174895274237587728e+01,2.000000000000000111e-01,4.100000000000000000e+01,1.540933632000000000e+10,9.524732887040000000e+11,2.167505264282226562e+00
1.539000000000000000e+03,3.950000000000000000e+02,4.219747244286735821e+01,1.333333333333333315e-01,2.500000000000000000e+02,5.433228800000000000e+08,2.070696591360000000e+11,1.096710339188575745e-01
3.427000000000000000e+03,2.569000000000000000e+03,5.841375875755402802e+01,1.397542485937368628e-01,2.240000000000000000e+02,8.462172160000000000e+08,2.229220966400000000e+11,2.098167538642883301e-01
2.113000000000000000e+03,2.904000000000000000e+03,7.176768948104492551e+01,1.176470588235294101e-01,1.760000000000000000e+02,4.542482944000000000e+09,2.715383070720000000e+11,7.511537075042724609e-01
2.690000000000000000e+02,2.590000000000000000e+02,7.306332311970574267e+01,1.397542485937368628e-01,2.350000000000000000e+02,3.835418560000000000e+08,2.558666014720000000e+11,3.988758474588394165e-02
3.765000000000000000e+03,1.260000000000000000e+03,6.439792377678136290e+02,1.317615691736824801e-01,5.100000000000000000e+01,1.338212966400000000e+10,8.122256588800000000e+11,2.885771274566650391e+00
3.982000000000000000e+03,2.430000000000000000e+03,4.336409358252259949e+02,1.071428571428571369e-01,2.200000000000000000e+01,3.011985612800000000e+10,1.264861839360000000e+12,0.000000000000000000e+00
3.045000000000000000e+03,3.295000000000000000e+03,5.407187177786681076e+01,1.201850425154663005e-01,2.000000000000000000e+01,3.612656025600000000e+10,1.626098892800000000e+12,1.186937093734741211e-01
1.551000000000000000e+03,2.992000000000000000e+03,1.106025821445687995e+02,1.428571428571428492e-01,2.820000000000000000e+02,4.502007040000000000e+08,1.687835607040000000e+11,1.297513842582702637e-01
3.826000000000000000e+03,3.392000000000000000e+03,7.954946929185123849e+01,6.148754619013457184e-02,7.100000000000000000e+01,8.651307008000000000e+09,6.954382786560000000e+11,3.705672323703765869e-01
7.320000000000000000e+02,3.058000000000000000e+03,6.211689418916618166e+01,1.664356663246515655e-01,1.400000000000000000e+02,3.078145536000000000e+09,3.894766796800000000e+11,4.259077310562133789e-01
2.479000000000000000e+03,0.000000000000000000e+00,6.068913107434746053e+02,8.318903308077030267e-02,2.070000000000000000e+02,1.062890048000000000e+09,2.742956195840000000e+11,2.239271402359008789e-01
1.266000000000000000e+03,3.928000000000000000e+03,2.360453894904357810e+02,1.243293543263444545e-01,1.700000000000000000e+01,3.641467289600000000e+10,1.465478807552000000e+12,4.167245388031005859e+00
2.509000000000000000e+03,1.864000000000000000e+03,1.253059361278933324e+02,1.052631578947368363e-01,1.370000000000000000e+02,4.924700672000000000e+09,4.232317501440000000e+11,1.894956678152084351e-01
2.057000000000000000e+03,3.477000000000000000e+03,1.203609754233678473e+02,7.142857142857142461e-02,3.210000000000000000e+02,3.263087360000000000e+08,1.642263674880000000e+11,2.090809307992458344e-02
3.546000000000000000e+03,2.519000000000000000e+03,9.187498278757729508e+01,1.851851851851851749e-01,2.600000000000000000e+01,1.607904665600000000e+10,1.146904903680000000e+12,3.561056852340698242e+00
2.990000000000000000e+03,3.600000000000000000e+01,1.043320463429977991e+02,1.374368541872553473e-01,1.100000000000000000e+01,3.217836032000000000e+10,1.621931982848000000e+12,9.086136817932128906e-01
9.960000000000000000e+02,1.268000000000000000e+03,2.582782380370089186e+02,7.856742013183862228e-02,1.570000000000000000e+02,1.903270912000000000e+09,3.250880839680000000e+11,4.719173014163970947e-01
1.847000000000000000e+03,1.026000000000000000e+03,1.152027121739586164e+02,1.397542485937368628e-01,1.030000000000000000e+02,2.004422016000000000e+09,2.521610321920000000e+11,2.871632277965545654e-01
2.279000000000000000e+03,3.733000000000000000e+03,9.701846210901823042e+01,1.538461538461538547e-01,3.130000000000000000e+02,3.749838400000000000e+08,1.443974512640000000e+11,6.140996888279914856e-02
2.175000000000000000e+03,1.695000000000000000e+03,5.236145899304224827e+01,1.720052290384453675e-01,3.320000000000000000e+02,3.736707200000000000e+08,1.258811801600000000e+11,4.991431534290313721e-02
6.140000000000000000e+02,3.751000000000000000e+03,5.386984072856104149e+02,3.448275862068965469e-02,1.400000000000000000e+01,4.285676339200000000e+10,1.507835248640000000e+12,3.455087184906005859e+00
6.160000000000000000e+02,3.755000000000000000e+03,5.733980228507958827e+02,1.724137931034482873e-01,1.400000000000000000e+01,4.285676339200000000e+10,1.507835248640000000e+12,3.455087184906005859e+00
2.403000000000000000e+03,2.538000000000000000e+03,1.783261910297905786e+02,1.844626385704036808e-01,4.700000000000000000e+01,8.405513728000000000e+09,7.389578526720000000e+11,2.555680990219116211e+00
3.580000000000000000e+03,3.412000000000000000e+03,4.664483501488734873e+01,1.802775637731994507e-01,1.220000000000000000e+02,4.187620096000000000e+09,4.638568939520000000e+11,5.724893808364868164e-01
2.514000000000000000e+03,1.023000000000000000e+03,8.356915200086983475e+01,8.838834764831844659e-02,5.000000000000000000e+00,3.258369433600000000e+10,1.944343412736000000e+12,3.667835891246795654e-01
9.170000000000000000e+02,3.749000000000000000e+03,4.771776553787218234e+01,1.860163329510811370e-01,2.090000000000000000e+02,1.459193984000000000e+09,2.704549806080000000e+11,3.244192004203796387e-01
3.305000000000000000e+03,1.565000000000000000e+03,1.839390201564506242e+02,1.874138920735300140e-01,7.900000000000000000e+01,9.134831616000000000e+09,5.912709038080000000e+11,6.035826802253723145e-01
2.075000000000000000e+03,3.866000000000000000e+03,6.276650461211180954e+01,1.118033988749894958e-01,1.090000000000000000e+02,5.754290176000000000e+09,4.677676892160000000e+11,8.300584554672241211e-01
1.450000000000000000e+03,2.909000000000000000e+03,3.951655513003665305e+02,6.250000000000000000e-02,1.920000000000000000e+02,9.463041920000000000e+08,2.607394979840000000e+11,1.711194664239883423e-01
3.989000000000000000e+03,2.427000000000000000e+03,7.738233012703506120e+01,1.785714285714285754e-01,2.200000000000000000e+01,3.011985612800000000e+10,1.264861839360000000e+12,0.000000000000000000e+00
3.822000000000000000e+03,3.340000000000000000e+02,5.352614899238985657e+01,1.176470588235294101e-01,2.030000000000000000e+02,1.893578880000000000e+09,2.790343639040000000e+11,1.433310806751251221e-01
2.175000000000000000e+03,2.619000000000000000e+03,2.187463773856647151e+02,1.386750490563072868e-01,3.700000000000000000e+01,1.660199526400000000e+10,1.076348256256000000e+12,2.930980205535888672e+00
3.433000000000000000e+03,1.426000000000000000e+03,1.624880118151969270e+02,1.052631578947368363e-01,1.180000000000000000e+02,3.062268160000000000e+09,4.329599795200000000e+11,4.076516926288604736e-01
2.134000000000000000e+03,3.800000000000000000e+02,1.646962921104953637e+01,1.976423537605237202e-01,2.380000000000000000e+02,6.961411200000000000e+08,2.244707778560000000e+11,8.804488927125930786e-02
1.853000000000000000e+03,6.420000000000000000e+02,9.368614655127454682e+01,1.904761904761904656e-01,8.400000000000000000e+01,7.238528512000000000e+09,5.277208739840000000e+11,1.416770100593566895e+00
2.079000000000000000e+03,2.852000000000000000e+03,1.146787577535435076e+02,1.638886943392722229e-01,4.400000000000000000e+01,9.059347456000000000e+09,6.248648540160000000e+11,4.563073813915252686e-01
3.216000000000000000e+03,3.818000000000000000e+03,8.133786519126758208e+01,1.656346649999844434e-01,2.700000000000000000e+01,1.486072934400000000e+10,1.127825801216000000e+12,1.289787650108337402e+00
2.396000000000000000e+03,9.070000000000000000e+02,3.292317323385019989e+01,1.875000000000000000e-01,1.980000000000000000e+02,1.700113280000000000e+09,2.217990389760000000e+11,1.600320488214492798e-01
2.566000000000000000e+03,1.519000000000000000e+03,1.374783076147477345e+02,1.923076923076923184e-01,3.200000000000000000e+01,1.381409075200000000e+10,1.072877797376000000e+12,2.538702011108398438e+00
5.420000000000000000e+02,1.686000000000000000e+03,1.239070842221558593e+02,7.692307692307692735e-02,3.220000000000000000e+02,6.438922240000000000e+08,1.316851957760000000e+11,1.387920230627059937e-01
3.870000000000000000e+03,1.988000000000000000e+03,8.652877100282437084e+01,1.844626385704036808e-01,6.200000000000000000e+01,1.031607296000000000e+10,7.346875924480000000e+11,1.895973205566406250e+00
1.200000000000000000e+01,1.897000000000000000e+03,1.490386005703884678e+02,1.118033988749894958e-01,6.400000000000000000e+01,5.924396544000000000e+09,5.008560619520000000e+11,2.087332487106323242e+00
1.940000000000000000e+02,2.725000000000000000e+03,3.747454459444140440e+01,1.802775637731994507e-01,1.170000000000000000e+02,1.784323712000000000e+09,5.036438650880000000e+11,4.591844975948333740e-01
1.376000000000000000e+03,1.739000000000000000e+03,1.045792412378378913e+02,6.666666666666666574e-02,2.770000000000000000e+02,9.291714560000000000e+08,1.840636067840000000e+11,4.683445021510124207e-02
3.405000000000000000e+03,2.934000000000000000e+03,7.580837500405256435e+01,9.722034684781695468e-02,6.600000000000000000e+01,1.370071859200000000e+10,7.471679406080000000e+11,1.815132617950439453e+00
1.196000000000000000e+03,8.770000000000000000e+02,1.167762211636721759e+02,1.490711984999859852e-01,2.590000000000000000e+02,7.167869440000000000e+08,1.949175971840000000e+11,1.137149333953857422e-01
1.920000000000000000e+02,2.724000000000000000e+03,4.385679255420274103e+01,7.071067811865475172e-02,1.170000000000000000e+02,1.784323712000000000e+09,5.036438650880000000e+11,4.591844975948333740e-01
2.512000000000000000e+03,1.867000000000000000e+03,4.699738131113169004e+01,1.664356663246515655e-01,1.370000000000000000e+02,4.924700672000000000e+09,4.232317501440000000e+11,1.894956678152084351e-01
1.446000000000000000e+03,2.728000000000000000e+03,1.555639343383139988e+02,1.333333333333333315e-01,2.440000000000000000e+02,5.282016000000000000e+08,1.886439014400000000e+11,1.114356368780136108e-01
3.850000000000000000e+02,7.950000000000000000e+02,2.611863820553920732e+02,1.767766952966368654e-01,5.000000000000000000e+01,7.061435904000000000e+09,8.643143270400000000e+11,2.096730947494506836e+00
1.759000000000000000e+03,1.708000000000000000e+03,8.151311037009722327e+01,9.316949906249123725e-02,1.000000000000000000e+01,8.726153216000000000e+09,7.770129039360000000e+11,6.118690013885498047e+00
1.959000000000000000e+03,3.843000000000000000e+03,1.085270977916594859e+02,1.087856586440842377e-01,3.420000000000000000e+02,9.269617920000000000e+08,1.403325972480000000e+11,5.047484487295150757e-02
3.012000000000000000e+03,8.140000000000000000e+02,1.631760373327411173e+02,1.581138830084189706e-01,1.020000000000000000e+02,1.650304512000000000e+09,4.517831966720000000e+11,2.106188774108886719e+00
2.987000000000000000e+03,3.000000000000000000e+01,2.521422180682763496e+02,9.428090415820634951e-02,1.100000000000000000e+01,3.217836032000000000e+10,1.621931982848000000e+12,9.086136817932128906e-01
5.720000000000000000e+02,3.880000000000000000e+02,4.878061526489680233e+01,9.428090415820634951e-02,2.850000000000000000e+02,9.892684160000000000e+08,1.909612216320000000e+11,8.622801303863525391e-02
1.063000000000000000e+03,2.747000000000000000e+03,7.032024235477926766e+01,1.428571428571428492e-01,3.150000000000000000e+02,3.817629120000000000e+08,1.556622704640000000e+11,5.622717365622520447e-02
3.100000000000000000e+03,2.436000000000000000e+03,7.003810626186970012e+01,8.944271909999158832e-02,4.800000000000000000e+01,1.269249024000000000e+10,9.317162024960000000e+11,1.329311370849609375e+00
1.660000000000000000e+02,3.242000000000000000e+03,3.356185227574846408e+02,0.000000000000000000e+00,1.780000000000000000e+02,4.079923200000000000e+08,2.321770741760000000e+11,9.790688753128051758e-02
3.633000000000000000e+03,3.983000000000000000e+03,1.982649879440481584e+02,7.692307692307692735e-02,2.900000000000000000e+01,1.268129484800000000e+10,1.003939889152000000e+12,2.182029724121093750e+00
2.836000000000000000e+03,3.051000000000000000e+03,1.270393884424352677e+02,1.176877882894626220e-01,1.190000000000000000e+02,9.340194816000000000e+09,4.196479139840000000e+11,5.865185856819152832e-01
3.719000000000000000e+03,2.824000000000000000e+03,9.407680539035376910e+01,1.333333333333333315e-01,2.460000000000000000e+02,1.293906048000000000e+09,2.160205332480000000e+11,1.234992891550064087e-01
3.763000000000000000e+03,1.262000000000000000e+03,1.074542685830398767e+02,5.892556509887896671e-02,5.100000000000000000e+01,1.338212966400000000e+10,8.122256588800000000e+11,2.885771274566650391e+00
2.343000000000000000e+03,2.414000000000000000e+03,1.423568041546507459e+02,1.656346649999844434e-01,7.000000000000000000e+00,2.338970419200000000e+10,1.180404940800000000e+12,3.693187236785888672e+00
2.716000000000000000e+03,1.496000000000000000e+03,1.569767282693141794e+02,1.720052290384453675e-01,3.500000000000000000e+01,2.962417459200000000e+10,9.809144053760000000e+11,6.172360420227050781e+00
2.805000000000000000e+03,2.403000000000000000e+03,1.466088463143991589e+02,1.315334104411640948e-01,2.130000000000000000e+02,1.042019712000000000e+09,2.757443584000000000e+11,3.763999044895172119e-01
1.686000000000000000e+03,1.072000000000000000e+03,3.554400723967144415e+01,1.764705882352941291e-01,2.020000000000000000e+02,1.417090816000000000e+09,2.877716234240000000e+11,2.775177061557769775e-01
3.710000000000000000e+02,1.324000000000000000e+03,8.607156050734326413e+01,1.118033988749894958e-01,0.000000000000000000e+00,6.791713996800000000e+10,3.866329874432000000e+12,5.838018655776977539e-01
2.248000000000000000e+03,1.097000000000000000e+03,2.484148753727386705e+01,1.034482758620689641e-01,3.000000000000000000e+01,2.774474752000000000e+10,1.397942386688000000e+12,0.000000000000000000e+00
3.481000000000000000e+03,2.850000000000000000e+03,2.343951566435359837e+02,1.505846504842085487e-01,8.500000000000000000e+01,3.280976896000000000e+09,5.304367513600000000e+11,3.841274082660675049e-01
2.390000000000000000e+03,9.080000000000000000e+02,1.121768955728897339e+02,1.976423537605237202e-01,1.980000000000000000e+02,1.700113280000000000e+09,2.217990389760000000e+11,1.600320488214492798e-01
3.870000000000000000e+03,1.994000000000000000e+03,5.518046939374772109e+01,1.844626385704036808e-01,6.200000000000000000e+01,1.031607296000000000e+10,7.346875924480000000e+11,1.895973205566406250e+00
7.400000000000000000e+02,2.807000000000000000e+03,9.657280361053558693e+01,2.000000000000000111e-01,3.300000000000000000e+01,1.520119193600000000e+10,9.712469934080000000e+11,1.588283777236938477e+00
4.290000000000000000e+02,3.369000000000000000e+03,4.736311091707889886e+01,1.597191412499849861e-01,3.010000000000000000e+02,5.535228160000000000e+08,1.698646589440000000e+11,4.306596517562866211e-02
3.095000000000000000e+03,3.654000000000000000e+03,1.544591140174930501e+02,4.419417382415922330e-02,1.200000000000000000e+01,3.804662169600000000e+10,1.865792618496000000e+12,1.976391410827636719e+01
2.740000000000000000e+03,2.881000000000000000e+03,3.551545892590361575e+01,7.213122508063837812e-02,1.600000000000000000e+01,3.269567692800000000e+10,1.808104685568000000e+12,0.000000000000000000e+00
1.647000000000000000e+03,3.698000000000000000e+03,5.269581276497513755e+01,1.860163329510811370e-01,2.010000000000000000e+02,1.167361536000000000e+09,2.643181240320000000e+11,2.490766197443008423e-01
1.267000000000000000e+03,3.930000000000000000e+03,1.667815625523221570e+02,1.542115846551579128e-01,1.700000000000000000e+01,3.641467289600000000e+10,1.465478807552000000e+12,4.167245388031005859e+00
2.742000000000000000e+03,2.880000000000000000e+03,3.762153270600046540e+01,1.020089567796251401e-01,1.600000000000000000e+01,3.269567692800000000e+10,1.808104685568000000e+12,0.000000000000000000e+00
5.250000000000000000e+02,2.165000000000000000e+03,5.810295647588753809e+01,1.897658566033678385e-01,8.900000000000000000e+01,6.515340800000000000e+09,4.246592880640000000e+11,1.049532413482666016e+00
1.270000000000000000e+02,3.282000000000000000e+03,8.551871625766450791e+01,1.600000000000000033e-01,3.900000000000000000e+01,9.824643072000000000e+09,9.033239101440000000e+11,4.672022819519042969e+00
3.337000000000000000e+03,7.970000000000000000e+02,2.217100177268090988e+02,1.111111111111111049e-01,1.480000000000000000e+02,1.724786304000000000e+09,3.378457477120000000e+11,3.567959368228912354e-01
1.116000000000000000e+03,8.000000000000000000e+02,1.412965153898433073e+02,8.318903308077030267e-02,1.800000000000000000e+02,2.033409792000000000e+09,2.995316326400000000e+11,4.882094264030456543e-01
1.686000000000000000e+03,1.070000000000000000e+03,9.857008703140185446e+01,5.882352941176470507e-02,2.020000000000000000e+02,1.417090816000000000e+09,2.877716234240000000e+11,2.775177061557769775e-01
3.700000000000000000e+02,1.321000000000000000e+03,9.057859317501025487e+01,7.905694150420948529e-02,0.000000000000000000e+00,6.791713996800000000e+10,3.866329874432000000e+12,5.838018655776977539e-01
2.993000000000000000e+03,3.100000000000000000e+01,1.053524668737865824e+02,1.374368541872553473e-01,1.100000000000000000e+01,3.217836032000000000e+10,1.621931982848000000e+12,9.086136817932128906e-01
3.181000000000000000e+03,2.638000000000000000e+03,6.062184627818988929e+02,6.250000000000000000e-02,2.580000000000000000e+02,8.594154240000000000e+08,2.331650129920000000e+11,5.989834293723106384e-02
1.157000000000000000e+03,1.574000000000000000e+03,7.694649780623801405e+01,1.597191412499849861e-01,3.300000000000000000e+02,4.966026880000000000e+08,1.570807644160000000e+11,1.783199235796928406e-02
2.093000000000000000e+03,1.125000000000000000e+03,7.211959209582555275e+01,7.692307692307692735e-02,3.230000000000000000e+02,4.857498240000000000e+08,1.404550348800000000e+11,9.027890861034393311e-02
2.006000000000000000e+03,7.750000000000000000e+02,4.275268091981144636e+01,1.374903330507991073e-01,6.700000000000000000e+01,6.917338624000000000e+09,7.341444956160000000e+11,7.526878714561462402e-01
1.922000000000000000e+03,3.899000000000000000e+03,1.025360530520824227e+02,1.656346649999844434e-01,2.300000000000000000e+01,3.924919910400000000e+10,1.211719614464000000e+12,8.107573509216308594e+00
2.506000000000000000e+03,4.320000000000000000e+02,5.963438317332654748e+01,1.664356663246515655e-01,1.100000000000000000e+02,2.271716608000000000e+09,4.323528212480000000e+11,2.722533047199249268e-01
2.244000000000000000e+03,1.091000000000000000e+03,3.960387838030509755e+01,1.724137931034482873e-01,3.000000000000000000e+01,2.774474752000000000e+10,1.397942386688000000e+12,0.000000000000000000e+00
9.780000000000000000e+02,1.011000000000000000e+03,6.278925548693686665e+01,2.000000000000000111e-01,2.830000000000000000e+02,5.441532800000000000e+08,1.868264898560000000e+11,2.661042660474777222e-02
1.118000000000000000e+03,7.980000000000000000e+02,3.606188850186904347e+02,8.318903308077030267e-02,1.800000000000000000e+02,2.033409792000000000e+09,2.995316326400000000e+11,4.882094264030456543e-01
6.490000000000000000e+02,1.127000000000000000e+03,1.066518092644941476e+02,6.250000000000000000e-02,2.290000000000000000e+02,1.669234816000000000e+09,2.513650483200000000e+11,7.054258584976196289e-01
1.359000000000000000e+03,2.006000000000000000e+03,1.818683787233272255e+02,1.860163329510811370e-01,1.810000000000000000e+02,1.441623680000000000e+09,2.788685250560000000e+11,2.093609422445297241e-01
2.988000000000000000e+03,3.500000000000000000e+01,1.316684618800392457e+02,1.054092553389459896e-01,1.100000000000000000e+01,3.217836032000000000e+10,1.621931982848000000e+12,9.086136817932128906e-01
7.870000000000000000e+02,2.456000000000000000e+03,3.002989083547139160e+01,1.597191412499849861e-01,3.190000000000000000e+02,3.865904000000000000e+08,1.632098549760000000e+11,8.648485690355300903e-02
1.643000000000000000e+03,3.698000000000000000e+03,1.092480753134519915e+02,8.318903308077030267e-02,2.010000000000000000e+02,1.167361536000000000e+09,2.643181240320000000e+11,2.490766197443008423e-01
3.096000000000000000e+03,3.653000000000000000e+03,2.374570094512071705e+02,6.250000000000000000e-02,1.200000000000000000e+01,3.804662169600000000e+10,1.865792618496000000e+12,1.976391410827636719e+01
6.120000000000000000e+02,8.800000000000000000e+02,8.886005297957066773e+01,1.944406936956339094e-01,7.300000000000000000e+01,1.833807257600000000e+10,6.925092782080000000e+11,3.555294871330261230e-01
7.200000000000000000e+01,1.303000000000000000e+03,3.178812426205889210e+02,1.437398936440172637e-01,4.600000000000000000e+01,1.408726425600000000e+10,6.551540858880000000e+11,1.282244086265563965e+00
1.868000000000000000e+03,1.625000000000000000e+03,2.836059860756389384e+01,1.860163329510811370e-01,2.310000000000000000e+02,1.263542400000000000e+09,2.653549035520000000e+11,1.655300408601760864e-01
3.725000000000000000e+03,3.745000000000000000e+03,6.832422719486315543e+01,1.764705882352941291e-01,1.770000000000000000e+02,1.930732928000000000e+09,2.886603243520000000e+11,3.639691770076751709e-01
3.217000000000000000e+03,2.238000000000000000e+03,6.366481529316460808e+01,1.904761904761904656e-01,9.100000000000000000e+01,4.482737664000000000e+09,5.583363112960000000e+11,2.550077438354492188e-01
2.816000000000000000e+03,3.446000000000000000e+03,1.447819176164693715e+02,1.490711984999859852e-01,2.730000000000000000e+02,8.704693120000000000e+08,1.966705213440000000e+11,1.740351915359497070e-01
3.039000000000000000e+03,3.290000000000000000e+03,5.750678751402180211e+01,1.490711984999859852e-01,2.000000000000000000e+01,3.612656025600000000e+10,1.626098892800000000e+12,1.186937093734741211e-01
3.094000000000000000e+03,2.436000000000000000e+03,7.167735182944127814e+01,1.649242250247064112e-01,4.800000000000000000e+01,1.269249024000000000e+10,9.317162024960000000e+11,1.329311370849609375e+00
1.830000000000000000e+02,2.341000000000000000e+03,7.979906782600214399e+01,1.756820922315766309e-01,1.790000000000000000e+02,2.816224256000000000e+09,3.195419361280000000e+11,3.078545928001403809e-01
1.683000000000000000e+03,1.070000000000000000e+03,5.214466903326736258e+01,1.860163329510811370e-01,2.020000000000000000e+02,1.417090816000000000e+09,2.877716234240000000e+11,2.775177061557769775e-01
3.096000000000000000e+03,3.659000000000000000e+03,1.172911456558645540e+02,1.976423537605237202e-01,1.200000000000000000e+01,3.804662169600000000e+10,1.865792618496000000e+12,1.976391410827636719e+01
3.040000000000000000e+03,3.287000000000000000e+03,5.505074461434152511e+01,1.943650631615100322e-01,2.000000000000000000e+01,3.612656025600000000e+10,1.626098892800000000e+12,1.186937093734741211e-01
2.174000000000000000e+03,2.623000000000000000e+03,8.145472783589661958e+01,1.720052290384453675e-01,3.700000000000000000e+01,1.660199526400000000e+10,1.076348256256000000e+12,2.930980205535888672e+00
2.510000000000000000e+03,7.270000000000000000e+02,7.419490880322244664e+01,1.315334104411640948e-01,1.150000000000000000e+02,6.639024000000000000e+08,2.696163819520000000e+11,7.071793079376220703e-01
3.789000000000000000e+03,2.653000000000000000e+03,9.959026748563731246e+01,1.875000000000000000e-01,2.140000000000000000e+02,1.069744256000000000e+09,2.377314959360000000e+11,2.512958347797393799e-01
2.036000000000000000e+03,1.513000000000000000e+03,1.330917624296822908e+02,1.315334104411640948e-01,1.830000000000000000e+02,3.310277120000000000e+09,3.145353789440000000e+11,3.984389901161193848e-01
3.067000000000000000e+03,3.436000000000000000e+03,1.934596949152122249e+02,5.050762722761054091e-02,2.400000000000000000e+01,2.261052211200000000e+10,1.228229181440000000e+12,2.252333760261535645e-01
2.739000000000000000e+03,2.879000000000000000e+03,4.551727988387124668e+01,0.000000000000000000e+00,1.600000000000000000e+01,3.269567692800000000e+10,1.808104685568000000e+12,0.000000000000000000e+00
1.114000000000000000e+03,3.888000000000000000e+03,4.026586222751230082e+01,1.964185503295965418e-01,3.000000000000000000e+00,3.762573721600000000e+10,2.640144498688000000e+12,1.831436872482299805e+00
8.490000000000000000e+02,2.165000000000000000e+03,7.069262723444302310e+01,1.585809856006792640e-01,3.600000000000000000e+01,2.155912396800000000e+10,1.085298507776000000e+12,2.135843515396118164e+00
3.710000000000000000e+03,1.131000000000000000e+03,5.844086367082023514e+01,1.802775637731994507e-01,9.900000000000000000e+01,4.183457280000000000e+09,4.913350901760000000e+11,5.355432629585266113e-01
2.816000000000000000e+03,3.443000000000000000e+03,9.670061224053696947e+01,9.428090415820634951e-02,2.730000000000000000e+02,8.704693120000000000e+08,1.966705213440000000e+11,1.740351915359497070e-01
1.867000000000000000e+03,1.625000000000000000e+03,3.254561057197860663e+01,1.764705882352941291e-01,2.310000000000000000e+02,1.263542400000000000e+09,2.653549035520000000e+11,1.655300408601760864e-01
1.180000000000000000e+02,3.072000000000000000e+03,8.061264067423996948e+01,1.315334104411640948e-01,1.910000000000000000e+02,1.224226560000000000e+09,2.916619386880000000e+11,2.821713387966156006e-01
7.050000000000000000e+02,1.510000000000000000e+03,2.567314321615825179e+02,8.333333333333332871e-02,3.530000000000000000e+02,4.700106560000000000e+08,9.294882406400000000e+10,5.002410709857940674e-02
7.190000000000000000e+02,1.105000000000000000e+03,3.791395334226369584e+01,1.499999999999999944e-01,9.800000000000000000e+01,2.819220736000000000e+09,4.878998896640000000e+11,1.520815610885620117e+00
3.320000000000000000e+02,2.494000000000000000e+03,7.006423839854068092e+01,1.178511301977579334e-01,3.520000000000000000e+02,6.829953280000000000e+08,9.921628569600000000e+10,9.944533929228782654e-03
3.316000000000000000e+03,1.274000000000000000e+03,1.425365075935808648e+02,1.242259987499883256e-01,1.450000000000000000e+02,2.051864320000000000e+09,3.555906682880000000e+11,3.473100960254669189e-01
2.839000000000000000e+03,1.181000000000000000e+03,1.232766350129026875e+02,1.000000000000000056e-01,1.070000000000000000e+02,1.168193024000000000e+09,4.566383656960000000e+11,3.166985213756561279e-01
3.215000000000000000e+03,2.241000000000000000e+03,3.573193059845429502e+02,1.064794274999899953e-01,9.100000000000000000e+01,4.482737664000000000e+09,5.583363112960000000e+11,2.550077438354492188e-01
9.090000000000000000e+02,3.716000000000000000e+03,9.117791939854062093e+02,6.428243465332250661e-02,8.000000000000000000e+01,6.545251840000000000e+09,5.917509550080000000e+11,2.885195016860961914e+00
2.280000000000000000e+03,3.729000000000000000e+03,7.871385611584494768e+01,1.720052290384453675e-01,3.130000000000000000e+02,3.749838400000000000e+08,1.443974512640000000e+11,6.140996888279914856e-02
2.506000000000000000e+03,1.021000000000000000e+03,6.784278511322835925e+01,1.875000000000000000e-01,5.000000000000000000e+00,3.258369433600000000e+10,1.944343412736000000e+12,3.667835891246795654e-01
3.620000000000000000e+02,1.325000000000000000e+03,6.665867078443230298e+01,1.457737973711325241e-01,0.000000000000000000e+00,6.791713996800000000e+10,3.866329874432000000e+12,5.838018655776977539e-01
1.855000000000000000e+03,2.205000000000000000e+03,4.023137725385392827e+01,1.875000000000000000e-01,2.360000000000000000e+02,3.354562240000000000e+08,2.316895354880000000e+11,6.108527630567550659e-02
3.864000000000000000e+03,1.988000000000000000e+03,1.020242533907355806e+02,1.844626385704036808e-01,6.200000000000000000e+01,1.031607296000000000e+10,7.346875924480000000e+11,1.895973205566406250e+00
2.428000000000000000e+03,4.970000000000000000e+02,8.486284143618320286e+01,1.010152544552210818e-01,3.080000000000000000e+02,3.428415680000000000e+08,1.542646169600000000e+11,6.014233082532882690e-02
3.966000000000000000e+03,3.603000000000000000e+03,5.607147429472584577e+01,1.499999999999999944e-01,1.110000000000000000e+02,7.458587648000000000e+09,4.460573818880000000e+11,7.694523334503173828e-01
2.508000000000000000e+03,1.869000000000000000e+03,4.292051749373764125e+01,1.664356663246515655e-01,1.370000000000000000e+02,4.924700672000000000e+09,4.232317501440000000e+11,1.894956678152084351e-01
3.436000000000000000e+03,1.424000000000000000e+03,1.885109590048011228e+02,1.176877882894626220e-01,1.180000000000000000e+02,3.062268160000000000e+09,4.329599795200000000e+11,4.076516926288604736e-01
4.470000000000000000e+02,2.784000000000000000e+03,8.052725381887171352e+01,1.317615691736824801e-01,4.900000000000000000e+01,7.912558592000000000e+09,8.552816967680000000e+11,8.689212799072265625e-01
3.028000000000000000e+03,3.229000000000000000e+03,1.394554300438131236e+02,6.250000000000000000e-02,1.970000000000000000e+02,1.376791424000000000e+09,2.338413936640000000e+11,1.094494313001632690e-01
1.119000000000000000e+03,7.980000000000000000e+02,9.937312256349498796e+01,1.315334104411640948e-01,1.800000000000000000e+02,2.033409792000000000e+09,2.995316326400000000e+11,4.882094264030456543e-01
2.507000000000000000e+03,1.864000000000000000e+03,5.827766083023006871e+01,1.488645855129573925e-01,1.370000000000000000e+02,4.924700672000000000e+09,4.232317501440000000e+11,1.894956678152084351e-01
1.861000000000000000e+03,3.059000000000000000e+03,1.567801525872132800e+02,1.242259987499883256e-01,1.360000000000000000e+02,3.717910016000000000e+09,3.234228469760000000e+11,9.218970537185668945e-01
3.110000000000000000e+02,1.478000000000000000e+03,2.801498223353161166e+01,1.515151515151515194e-01,8.000000000000000000e+00,5.188821811200000000e+10,2.186460135424000000e+12,5.949957370758056641e-01
3.664000000000000000e+03,3.421000000000000000e+03,3.244823245591598493e+02,1.250000000000000000e-01,5.900000000000000000e+01,1.048679833600000000e+10,7.828546519040000000e+11,5.260182619094848633e-01
7.190000000000000000e+02,1.103000000000000000e+03,6.188293686689922879e+01,1.802775637731994507e-01,9.800000000000000000e+01,2.819220736000000000e+09,4.878998896640000000e+11,1.520815610885620117e+00
1.914000000000000000e+03,3.895000000000000000e+03,1.556002708152965113e+02,1.656346649999844434e-01,2.300000000000000000e+01,3.924919910400000000e+10,1.211719614464000000e+12,8.107573509216308594e+00
6.040000000000000000e+02,1.764000000000000000e+03,1.494903522288788054e+02,8.333333333333332871e-02,2.100000000000000000e+01,9.767414784000000000e+09,7.698031575040000000e+11,1.788983106613159180e+00
2.801000000000000000e+03,3.180000000000000000e+03,3.252499728947622089e+02,1.374903330507991073e-01,6.800000000000000000e+01,8.798078976000000000e+09,7.372794101760000000e+11,1.334026694297790527e+00
6.470000000000000000e+02,1.126000000000000000e+03,8.247263105339674212e+02,1.250000000000000000e-01,2.290000000000000000e+02,1.669234816000000000e+09,2.513650483200000000e+11,7.054258584976196289e-01
1.610000000000000000e+02,1.417000000000000000e+03,8.896344629437344054e+01,1.664356663246515655e-01,1.250000000000000000e+02,3.360155648000000000e+09,3.882590535680000000e+11,6.173577904701232910e-01
2.403000000000000000e+03,2.541000000000000000e+03,2.755183531619149448e+02,1.304347826086956486e-01,4.700000000000000000e+01,8.405513728000000000e+09,7.389578526720000000e+11,2.555680990219116211e+00
2.344000000000000000e+03,2.416000000000000000e+03,1.027066784901260803e+02,1.851851851851851749e-01,7.000000000000000000e+00,2.338970419200000000e+10,1.180404940800000000e+12,3.693187236785888672e+00
1.420000000000000000e+03,1.431000000000000000e+03,1.001224243445922042e+02,1.897658566033678385e-01,1.260000000000000000e+02,4.160075520000000000e+09,3.984403005440000000e+11,1.379993796348571777e+00
3.039000000000000000e+03,3.292000000000000000e+03,6.306639697498840036e+01,1.333333333333333315e-01,2.000000000000000000e+01,3.612656025600000000e+10,1.626098892800000000e+12,1.186937093734741211e-01
3.692000000000000000e+03,2.507000000000000000e+03,7.321704470234016071e+01,1.923076923076923184e-01,4.300000000000000000e+01,6.390501888000000000e+09,1.028565368832000000e+12,1.451150059700012207e+00
1.453000000000000000e+03,2.908000000000000000e+03,1.026617759952382443e+02,1.875000000000000000e-01,1.920000000000000000e+02,9.463041920000000000e+08,2.607394979840000000e+11,1.711194664239883423e-01
3.988000000000000000e+03,2.434000000000000000e+03,8.434327359917682543e+01,1.785714285714285754e-01,2.200000000000000000e+01,3.011985612800000000e+10,1.264861839360000000e+12,0.000000000000000000e+00
3.393000000000000000e+03,2.272000000000000000e+03,9.532124350861478490e+01,1.176470588235294101e-01,2.000000000000000000e+02,1.618048256000000000e+09,2.718396088320000000e+11,4.473841786384582520e-01
3.330000000000000000e+02,2.494000000000000000e+03,3.689382913326430753e+02,8.333333333333332871e-02,3.520000000000000000e+02,6.829953280000000000e+08,9.921628569600000000e+10,9.944533929228782654e-03
2.807000000000000000e+03,2.404000000000000000e+03,3.943542215504776038e+01,1.860163329510811370e-01,2.130000000000000000e+02,1.042019712000000000e+09,2.757443584000000000e+11,3.763999044895172119e-01
6.420000000000000000e+02,1.622000000000000000e+03,8.295841114452343845e+01,1.716929178792375721e-01,1.000000000000000000e+02,7.406679040000000000e+09,5.591275929600000000e+11,7.902584671974182129e-01
3.547000000000000000e+03,2.513000000000000000e+03,7.332228556779922428e+02,5.237828008789241485e-02,2.600000000000000000e+01,1.607904665600000000e+10,1.146904903680000000e+12,3.561056852340698242e+00
2.804000000000000000e+03,3.005000000000000000e+03,8.158897234167001500e+01,1.720052290384453675e-01,3.070000000000000000e+02,6.675375360000000000e+08,1.431183196160000000e+11,7.680681347846984863e-02
2.477000000000000000e+03,2.000000000000000000e+00,7.888556609621088000e+01,1.860163329510811370e-01,2.070000000000000000e+02,1.062890048000000000e+09,2.742956195840000000e+11,2.239271402359008789e-01
2.518000000000000000e+03,1.023000000000000000e+03,6.384126321023318695e+01,1.976423537605237202e-01,5.000000000000000000e+00,3.258369433600000000e+10,1.944343412736000000e+12,3.667835891246795654e-01
8.180000000000000000e+02,1.461000000000000000e+03,2.126639097950355222e+02,1.242259987499883256e-01,8.700000000000000000e+01,2.765862656000000000e+09,3.681229864960000000e+11,3.821997940540313721e-01
1.810000000000000000e+02,2.338000000000000000e+03,1.540352992056784842e+02,1.242259987499883256e-01,1.790000000000000000e+02,2.816224256000000000e+09,3.195419361280000000e+11,3.078545928001403809e-01
3.577000000000000000e+03,3.406000000000000000e+03,6.607809450820636243e+01,2.000000000000000111e-01,1.220000000000000000e+02,4.187620096000000000e+09,4.638568939520000000e+11,5.724893808364868164e-01
7.060000000000000000e+02,1.511000000000000000e+03,7.332225014287850229e+01,8.333333333333332871e-02,3.530000000000000000e+02,4.700106560000000000e+08,9.294882406400000000e+10,5.002410709857940674e-02
8.980000000000000000e+02,2.560000000000000000e+03,7.007319638514432825e+01,1.976423537605237202e-01,2.510000000000000000e+02,9.487840640000000000e+08,2.391114219520000000e+11,1.013396605849266052e-01
1.273000000000000000e+03,3.924000000000000000e+03,2.355242465037660793e+02,1.542115846551579128e-01,1.700000000000000000e+01,3.641467289600000000e+10,1.465478807552000000e+12,4.167245388031005859e+00
3.815000000000000000e+03,6.050000000000000000e+02,1.445496975530552675e+02,0.000000000000000000e+00,2.470000000000000000e+02,4.030098240000000000e+08,2.363661844480000000e+11,5.728396400809288025e-02
9.720000000000000000e+02,1.011000000000000000e+03,6.249840608845010337e+01,2.000000000000000111e-01,2.830000000000000000e+02,5.441532800000000000e+08,1.868264898560000000e+11,2.661042660474777222e-02
3.096000000000000000e+03,2.437000000000000000e+03,1.082656036405768134e+02,8.000000000000000167e-02,4.800000000000000000e+01,1.269249024000000000e+10,9.317162024960000000e+11,1.329311370849609375e+00
7.590000000000000000e+02,2.848000000000000000e+03,4.649499356389141269e+01,1.875000000000000000e-01,2.630000000000000000e+02,8.041327360000000000e+08,2.212967546880000000e+11,2.647356688976287842e-01
2.517000000000000000e+03,1.018000000000000000e+03,1.021924195156764767e+02,1.822172467139156482e-01,5.000000000000000000e+00,3.258369433600000000e+10,1.944343412736000000e+12,3.667835891246795654e-01
1.053000000000000000e+03,1.408000000000000000e+03,1.807928283542315455e+02,6.250000000000000000e-02,1.730000000000000000e+02,1.532323584000000000e+09,2.364367831040000000e+11,1.674392223358154297e-01
1.300000000000000000e+02,3.285000000000000000e+03,2.184699039583412628e+02,1.264911064067351931e-01,3.900000000000000000e+01,9.824643072000000000e+09,9.033239101440000000e+11,4.672022819519042969e+00
2.661000000000000000e+03,3.253000000000000000e+03,4.799087922398104666e+01,1.885618083164126990e-01,2.560000000000000000e+02,1.510194176000000000e+09,2.055332167680000000e+11,2.436477988958358765e-01
3.133000000000000000e+03,3.660000000000000000e+03,1.146939322243578232e+02,1.428571428571428492e-01,2.910000000000000000e+02,4.933715520000000000e+08,1.523767541760000000e+11,1.369045227766036987e-01
3.319000000000000000e+03,3.309000000000000000e+03,1.347250516377849010e+02,1.915818391915925789e-01,2.000000000000000000e+00,2.817368064000000000e+10,3.130425081856000000e+12,8.803648948669433594e+00
2.701000000000000000e+03,2.722000000000000000e+03,7.583140905417275235e+01,0.000000000000000000e+00,2.320000000000000000e+02,8.464028800000000000e+08,2.274351841280000000e+11,2.595289349555969238e-01
3.212000000000000000e+03,3.816000000000000000e+03,1.197986775903589916e+02,1.047565601757848297e-01,2.700000000000000000e+01,1.486072934400000000e+10,1.127825801216000000e+12,1.289787650108337402e+00
1.846000000000000000e+03,1.028000000000000000e+03,3.895035394378537319e+01,1.976423537605237202e-01,1.030000000000000000e+02,2.004422016000000000e+09,2.521610321920000000e+11,2.871632277965545654e-01
1.358000000000000000e+03,1.268000000000000000e+03,6.777270068669407976e+01,1.118033988749894958e-01,5.300000000000000000e+01,1.107378278400000000e+10,4.555449630720000000e+11,8.392343521118164062e-01
4.190000000000000000e+02,1.838000000000000000e+03,2.105671869782102874e+02,1.421760560557814024e-01,4.000000000000000000e+00,2.216379187200000000e+10,1.423872098304000000e+12,1.059899687767028809e+00
3.764000000000000000e+03,1.263000000000000000e+03,6.657595052090358934e+01,1.178511301977579334e-01,5.100000000000000000e+01,1.338212966400000000e+10,8.122256588800000000e+11,2.885771274566650391e+00
1.997000000000000000e+03,3.383000000000000000e+03,6.892446341164984460e+02,1.118033988749894958e-01,1.060000000000000000e+02,2.987837184000000000e+09,4.844249415680000000e+11,3.978361785411834717e-01
7.000000000000000000e+00,2.912000000000000000e+03,3.464043892635749700e+01,1.397542485937368628e-01,2.480000000000000000e+02,7.255711360000000000e+08,2.413170196480000000e+11,7.241006195545196533e-02
2.700000000000000000e+02,1.121000000000000000e+03,1.262848985528030425e+02,6.666666666666666574e-02,2.780000000000000000e+02,6.048636160000000000e+08,1.876977745920000000e+11,2.336264252662658691e-01
2.756000000000000000e+03,1.634000000000000000e+03,1.498371968533223537e+02,1.176470588235294101e-01,1.880000000000000000e+02,3.737804288000000000e+09,2.862952611840000000e+11,7.099200487136840820e-01
7.070000000000000000e+02,1.511000000000000000e+03,5.561559582708766669e+01,1.666666666666666574e-01,3.530000000000000000e+02,4.700106560000000000e+08,9.294882406400000000e+10,5.002410709857940674e-02
1.196000000000000000e+03,2.510000000000000000e+02,1.436264458325127578e+02,1.118033988749894958e-01,1.160000000000000000e+02,2.380019200000000000e+09,4.474392412160000000e+11,4.046666920185089111e-01
6.060000000000000000e+02,1.766000000000000000e+03,2.132856443085748595e+02,8.333333333333332871e-02,2.100000000000000000e+01,9.767414784000000000e+09,7.698031575040000000e+11,1.788983106613159180e+00
3.670000000000000000e+02,1.323000000000000000e+03,1.562008463340138178e+02,2.500000000000000139e-02,0.000000000000000000e+00,6.791713996800000000e+10,3.866329874432000000e+12,5.838018655776977539e-01
5.980000000000000000e+02,2.616000000000000000e+03,1.474890335522447913e+02,1.462979547282511894e-01,1.800000000000000000e+01,1.623037542400000000e+10,1.491725320192000000e+12,5.082186508178710938e+01
1.552000000000000000e+03,2.994000000000000000e+03,8.444152769945655734e+01,1.597191412499849861e-01,2.820000000000000000e+02,4.502007040000000000e+08,1.687835607040000000e+11,1.297513842582702637e-01
3.983000000000000000e+03,2.426000000000000000e+03,1.155167985314200791e+02,1.597191412499849861e-01,2.200000000000000000e+01,3.011985612800000000e+10,1.264861839360000000e+12,0.000000000000000000e+00
3.720000000000000000e+03,3.747000000000000000e+03,4.054648151983508342e+01,1.663780661615406053e-01,1.770000000000000000e+02,1.930732928000000000e+09,2.886603243520000000e+11,3.639691770076751709e-01
1.123000000000000000e+03,3.883000000000000000e+03,5.422534191931374892e+01,1.242259987499883256e-01,3.000000000000000000e+00,3.762573721600000000e+10,2.640144498688000000e+12,1.831436872482299805e+00
1.918000000000000000e+03,3.901000000000000000e+03,8.468635283441865624e+01,1.481481481481481399e-01,2.300000000000000000e+01,3.924919910400000000e+10,1.211719614464000000e+12,8.107573509216308594e+00
1.794000000000000000e+03,3.658000000000000000e+03,1.271107161850735565e+02,1.875000000000000000e-01,1.890000000000000000e+02,2.447371008000000000e+09,2.456498667520000000e+11,1.629084646701812744e-01
2.723000000000000000e+03,1.495000000000000000e+03,1.108349712532217950e+02,1.631784879661263288e-01,3.500000000000000000e+01,2.962417459200000000e+10,9.809144053760000000e+11,6.172360420227050781e+00
5.940000000000000000e+02,1.427000000000000000e+03,1.374249011259386180e+02,1.538461538461538547e-01,2.450000000000000000e+02,4.150695360000000000e+08,1.211679375360000000e+11,5.872217193245887756e-02
8.370000000000000000e+02,4.200000000000000000e+02,8.616199477742922852e+01,1.437398936440172637e-01,7.600000000000000000e+01,8.476939776000000000e+09,6.548592394240000000e+11,5.924999117851257324e-01
3.676000000000000000e+03,2.895000000000000000e+03,9.825378225900141160e+01,1.462979547282511894e-01,1.900000000000000000e+01,2.456189337600000000e+10,1.437959847936000000e+12,4.980907142162322998e-01
6.170000000000000000e+02,3.752000000000000000e+03,2.094168530837848152e+02,1.421760560557814024e-01,1.400000000000000000e+01,4.285676339200000000e+10,1.507835248640000000e+12,3.455087184906005859e+00
3.071000000000000000e+03,3.437000000000000000e+03,8.890466379303926203e+01,1.923273145405179907e-01,2.400000000000000000e+01,2.261052211200000000e+10,1.228229181440000000e+12,2.252333760261535645e-01
1.811000000000000000e+03,2.168000000000000000e+03,2.636507521979489965e+01,1.963383631246505001e-01,1.000000000000000000e+00,6.157198950400000000e+10,4.416137068544000000e+12,4.520943015813827515e-02
9.730000000000000000e+02,1.488000000000000000e+03,4.112475456604841639e+01,1.250000000000000000e-01,1.430000000000000000e+02,9.831441408000000000e+09,2.495392317440000000e+11,0.000000000000000000e+00
3.910000000000000000e+02,7.890000000000000000e+02,6.361535852095443744e+01,1.767766952966368654e-01,5.000000000000000000e+01,7.061435904000000000e+09,8.643143270400000000e+11,2.096730947494506836e+00
2.513000000000000000e+03,1.022000000000000000e+03,1.162340490320915478e+02,4.419417382415922330e-02,5.000000000000000000e+00,3.258369433600000000e+10,1.944343412736000000e+12,3.667835891246795654e-01
3.820000000000000000e+03,3.310000000000000000e+02,2.017538453553757165e+02,1.315334104411640948e-01,2.030000000000000000e+02,1.893578880000000000e+09,2.790343639040000000e+11,1.433310806751251221e-01
2.342000000000000000e+03,2.613000000000000000e+03,1.074113999809468538e+02,1.874138920735300140e-01,7.500000000000000000e+01,6.909923840000000000e+09,6.275906273280000000e+11,1.387628793716430664e+00
5.730000000000000000e+02,7.830000000000000000e+02,1.081685459203842754e+02,1.875000000000000000e-01,2.100000000000000000e+02,6.068355200000000000e+08,2.526852382720000000e+11,2.046982795000076294e-01
6.030000000000000000e+02,2.616000000000000000e+03,1.046719484968866141e+02,1.243293543263444545e-01,1.800000000000000000e+01,1.623037542400000000e+10,1.491725320192000000e+12,5.082186508178710938e+01
3.099000000000000000e+03,3.653000000000000000e+03,1.459148133236662375e+02,1.562500000000000000e-01,1.200000000000000000e+01,3.804662169600000000e+10,1.865792618496000000e+12,1.976391410827636719e+01
1.857000000000000000e+03,6.450000000000000000e+02,2.081026459432204376e+02,1.428571428571428492e-01,8.400000000000000000e+01,7.238528512000000000e+09,5.277208739840000000e+11,1.416770100593566895e+00
2.057000000000000000e+03,2.235000000000000000e+03,4.589587127749157958e+01,1.597191412499849861e-01,3.140000000000000000e+02,8.878549760000000000e+08,1.559662264320000000e+11,6.366927176713943481e-02
2.175000000000000000e+03,2.621000000000000000e+03,3.004970224234194234e+02,1.153846153846153910e-01,3.700000000000000000e+01,1.660199526400000000e+10,1.076348256256000000e+12,2.930980205535888672e+00
3.826000000000000000e+03,3.391000000000000000e+03,6.031639687322557393e+02,4.347826086956521618e-02,7.100000000000000000e+01,8.651307008000000000e+09,6.954382786560000000e+11,3.705672323703765869e-01
6.810000000000000000e+02,9.320000000000000000e+02,1.264112106629314525e+02,1.860163329510811370e-01,1.750000000000000000e+02,1.603920384000000000e+09,3.096959713280000000e+11,1.232247829437255859e+00
4.470000000000000000e+02,1.729000000000000000e+03,1.032221264593972876e+02,1.363636363636363535e-01,8.200000000000000000e+01,9.725789184000000000e+09,6.114567782400000000e+11,8.108713626861572266e-01
3.621000000000000000e+03,3.376000000000000000e+03,7.095322554487476907e+01,1.250000000000000000e-01,2.430000000000000000e+02,1.012105728000000000e+09,2.227059097600000000e+11,1.548350751399993896e-01
2.700000000000000000e+03,2.725000000000000000e+03,7.658184262475758430e+01,1.976423537605237202e-01,2.320000000000000000e+02,8.464028800000000000e+08,2.274351841280000000e+11,2.595289349555969238e-01
6.140000000000000000e+02,8.770000000000000000e+02,8.903262713726658717e+01,1.792654619833765339e-01,7.300000000000000000e+01,1.833807257600000000e+10,6.925092782080000000e+11,3.555294871330261230e-01
3.890000000000000000e+03,5.190000000000000000e+02,1.573384768792839452e+02,1.176877882894626220e-01,1.470000000000000000e+02,1.940034048000000000e+09,3.742253711360000000e+11,3.393869996070861816e-01
1.840000000000000000e+02,3.590000000000000000e+02,1.188305192185401609e+02,0.000000000000000000e+00,1.520000000000000000e+02,1.430619904000000000e+09,2.242048327680000000e+11,1.786086708307266235e-01
4.810000000000000000e+02,3.666000000000000000e+03,1.068115865690459287e+02,1.000000000000000056e-01,3.570000000000000000e+02,3.244615360000000000e+08,5.597995827200000000e+10,9.652553126215934753e-03
3.140000000000000000e+02,1.471000000000000000e+03,6.279018894078670598e+01,9.090909090909091161e-02,8.000000000000000000e+00,5.188821811200000000e+10,2.186460135424000000e+12,5.949957370758056641e-01
2.075000000000000000e+03,3.868000000000000000e+03,5.804881338993163808e+01,1.802775637731994507e-01,1.090000000000000000e+02,5.754290176000000000e+09,4.677676892160000000e+11,8.300584554672241211e-01
1.553000000000000000e+03,3.187000000000000000e+03,5.458963667831908850e+01,1.720052290384453675e-01,3.460000000000000000e+02,3.621963840000000000e+08,1.311142952960000000e+11,6.944186519831418991e-03
1.944000000000000000e+03,1.616000000000000000e+03,5.854005675543810838e+01,1.397542485937368628e-01,2.170000000000000000e+02,8.166224000000000000e+08,2.521198264320000000e+11,1.638118028640747070e-01
1.119000000000000000e+03,8.010000000000000000e+02,3.006755966208403308e+01,1.663780661615406053e-01,1.800000000000000000e+02,2.033409792000000000e+09,2.995316326400000000e+11,4.882094264030456543e-01
3.437000000000000000e+03,9.730000000000000000e+02,1.433337827886125240e+02,0.000000000000000000e+00,3.090000000000000000e+02,7.481344000000000000e+08,1.764769464320000000e+11,1.146598011255264282e-01
1.500000000000000000e+03,1.890000000000000000e+03,7.404580526863977639e+02,7.692307692307692735e-02,4.200000000000000000e+01,1.554715648000000000e+10,1.040514875392000000e+12,1.968401670455932617e+00
2.495000000000000000e+03,2.302000000000000000e+03,1.000376017859494482e+02,1.764705882352941291e-01,1.640000000000000000e+02,1.518295168000000000e+09,3.126754672640000000e+11,2.417435050010681152e-01
8.420000000000000000e+02,4.170000000000000000e+02,8.530331691956978091e+01,1.818181818181818232e-01,7.600000000000000000e+01,8.476939776000000000e+09,6.548592394240000000e+11,5.924999117851257324e-01
7.350000000000000000e+02,3.055000000000000000e+03,7.904297860160181699e+01,1.052631578947368363e-01,1.400000000000000000e+02,3.078145536000000000e+09,3.894766796800000000e+11,4.259077310562133789e-01
2.755000000000000000e+03,1.631000000000000000e+03,5.181920430330891350e+02,8.318903308077030267e-02,1.880000000000000000e+02,3.737804288000000000e+09,2.862952611840000000e+11,7.099200487136840820e-01
1.820000000000000000e+02,3.570000000000000000e+02,1.132750398760626922e+02,1.767766952966368932e-01,1.520000000000000000e+02,1.430619904000000000e+09,2.242048327680000000e+11,1.786086708307266235e-01
3.760000000000000000e+03,1.259000000000000000e+03,6.478542130479552270e+02,1.178511301977579334e-01,5.100000000000000000e+01,1.338212966400000000e+10,8.122256588800000000e+11,2.885771274566650391e+00
1.591000000000000000e+03,2.526000000000000000e+03,5.457140869028546604e+01,1.756820922315766309e-01,1.740000000000000000e+02,3.833967872000000000e+09,3.328998113280000000e+11,5.388898253440856934e-01
3.025000000000000000e+03,3.231000000000000000e+03,8.197286089082648175e+01,1.767766952966368932e-01,1.970000000000000000e+02,1.376791424000000000e+09,2.338413936640000000e+11,1.094494313001632690e-01
3.233000000000000000e+03,2.994000000000000000e+03,9.925478744812333787e+01,1.111111111111111049e-01,1.630000000000000000e+02,2.215606528000000000e+09,3.263569264640000000e+11,2.493974864482879639e-01
3.712000000000000000e+03,1.132000000000000000e+03,5.887525188612740834e+01,1.581138830084189706e-01,9.900000000000000000e+01,4.183457280000000000e+09,4.913350901760000000e+11,5.355432629585266113e-01
3.236000000000000000e+03,2.995000000000000000e+03,1.252425676498336884e+02,7.856742013183862228e-02,1.630000000000000000e+02,2.215606528000000000e+09,3.263569264640000000e+11,2.493974864482879639e-01
2.150000000000000000e+03,1.474000000000000000e+03,6.367939672443802834e+01,1.176470588235294101e-01,1.990000000000000000e+02,6.572332160000000000e+08,2.871545692160000000e+11,2.213998883962631226e-01
2.379000000000000000e+03,3.135000000000000000e+03,1.443893580524946572e+02,1.000000000000000056e-01,1.140000000000000000e+02,6.558797824000000000e+09,4.732224798720000000e+11,3.872925639152526855e-01
2.802000000000000000e+03,3.177000000000000000e+03,1.234740445363061241e+02,1.944406936956339094e-01,6.800000000000000000e+01,8.798078976000000000e+09,7.372794101760000000e+11,1.334026694297790527e+00
2.177000000000000000e+03,2.626000000000000000e+03,7.160341809763741594e+01,1.961161351381840168e-01,3.700000000000000000e+01,1.660199526400000000e+10,1.076348256256000000e+12,2.930980205535888672e+00
1.195000000000000000e+03,8.780000000000000000e+02,1.940066565781427812e+02,6.666666666666666574e-02,2.590000000000000000e+02,7.167869440000000000e+08,1.949175971840000000e+11,1.137149333953857422e-01
2.112000000000000000e+03,2.903000000000000000e+03,1.780459556730539816e+02,8.318903308077030267e-02,1.760000000000000000e+02,4.542482944000000000e+09,2.715383070720000000e+11,7.511537075042724609e-01
1.828000000000000000e+03,1.570000000000000000e+03,1.449542283487191412e+02,1.897658566033678385e-01,1.240000000000000000e+02,2.067857920000000000e+09,3.856891576320000000e+11,3.170086741447448730e-01
1.092000000000000000e+03,1.472000000000000000e+03,3.864881104878072904e+01,1.111111111111111049e-01,3.580000000000000000e+02,1.184219520000000000e+09,4.405610905600000000e+10,0.000000000000000000e+00
1.300000000000000000e+02,3.286000000000000000e+03,1.721209090318300241e+02,1.649242250247064112e-01,3.900000000000000000e+01,9.824643072000000000e+09,9.033239101440000000e+11,4.672022819519042969e+00
2.173000000000000000e+03,1.697000000000000000e+03,1.476583851686604305e+02,7.692307692307692735e-02,3.320000000000000000e+02,3.736707200000000000e+08,1.258811801600000000e+11,4.991431534290313721e-02
6.080000000000000000e+02,3.752000000000000000e+03,6.215364425264336745e+01,1.758282590894063580e-01,1.400000000000000000e+01,4.285676339200000000e+10,1.507835248640000000e+12,3.455087184906005859e+00
2.509000000000000000e+03,1.020000000000000000e+03,7.277670636516211289e+01,9.882117688026186009e-02,5.000000000000000000e+00,3.258369433600000000e+10,1.944343412736000000e+12,3.667835891246795654e-01
3.023000000000000000e+03,2.438000000000000000e+03,5.074100225481495841e+01,1.963383631246505001e-01,8.800000000000000000e+01,8.625302528000000000e+09,5.439848775680000000e+11,5.298846960067749023e-01
3.510000000000000000e+02,3.282000000000000000e+03,1.137058877407554576e+02,5.555555555555555247e-02,1.540000000000000000e+02,3.507972096000000000e+09,3.577351372800000000e+11,3.598425090312957764e-01
1.629000000000000000e+03,9.540000000000000000e+02,6.048905421862480836e+01,1.666666666666666574e-01,3.560000000000000000e+02,8.697306240000000000e+08,9.135099904000000000e+10,1.233631446957588196e-01
5.000000000000000000e+00,2.911000000000000000e+03,5.137196349480448987e+01,1.976423537605237202e-01,2.480000000000000000e+02,7.255711360000000000e+08,2.413170196480000000e+11,7.241006195545196533e-02
2.724000000000000000e+03,1.497000000000000000e+03,1.849919843158466790e+02,1.585809856006792640e-01,3.500000000000000000e+01,2.962417459200000000e+10,9.809144053760000000e+11,6.172360420227050781e+00
3.209000000000000000e+03,1.959000000000000000e+03,2.683086594627920363e+02,1.064794274999899953e-01,9.500000000000000000e+01,6.686404608000000000e+09,5.159017840640000000e+11,9.251435995101928711e-01
2.449000000000000000e+03,5.880000000000000000e+02,5.954007715536132395e+01,1.428571428571428492e-01,3.050000000000000000e+02,6.482513280000000000e+08,1.677845135360000000e+11,6.382576376199722290e-02
2.182000000000000000e+03,2.619000000000000000e+03,7.858469554983808791e+01,1.720052290384453675e-01,3.700000000000000000e+01,1.660199526400000000e+10,1.076348256256000000e+12,2.930980205535888672e+00
2.505000000000000000e+03,4.330000000000000000e+02,1.211697879755496814e+02,1.052631578947368363e-01,1.100000000000000000e+02,2.271716608000000000e+09,4.323528212480000000e+11,2.722533047199249268e-01
3.864000000000000000e+03,1.991000000000000000e+03,9.847499491800632541e+02,1.304347826086956486e-01,6.200000000000000000e+01,1.031607296000000000e+10,7.346875924480000000e+11,1.895973205566406250e+00
2.770000000000000000e+03,3.713000000000000000e+03,9.358333001976173193e+01,1.397542485937368628e-01,1.300000000000000000e+02,1.310106496000000000e+09,2.256550297600000000e+11,1.955752968788146973e-01
2.567000000000000000e+03,1.518000000000000000e+03,1.417011233120551310e+02,1.386750490563072868e-01,3.200000000000000000e+01,1.381409075200000000e+10,1.072877797376000000e+12,2.538702011108398438e+00
4.750000000000000000e+02,2.204000000000000000e+03,9.021511279669391570e+01,1.720052290384453675e-01,3.350000000000000000e+02,5.470848000000000000e+08,1.330776473600000000e+11,7.928723096847534180e-02
9.720000000000000000e+02,1.488000000000000000e+03,4.045327982673167355e+01,6.250000000000000000e-02,1.430000000000000000e+02,9.831441408000000000e+09,2.495392317440000000e+11,0.000000000000000000e+00
2.443000000000000000e+03,1.661000000000000000e+03,1.195309329756424717e+02,1.397542485937368628e-01,2.390000000000000000e+02,1.227665792000000000e+09,2.207238225920000000e+11,1.781434752047061920e-02
3.027000000000000000e+03,3.232000000000000000e+03,4.360784038916935401e+01,1.875000000000000000e-01,1.970000000000000000e+02,1.376791424000000000e+09,2.338413936640000000e+11,1.094494313001632690e-01
7.590000000000000000e+02,2.849000000000000000e+03,4.644382030094843117e+01,1.976423537605237202e-01,2.630000000000000000e+02,8.041327360000000000e+08,2.212967546880000000e+11,2.647356688976287842e-01
2.571000000000000000e+03,1.517000000000000000e+03,1.372298950416382581e+02,5.439282932204211884e-02,3.200000000000000000e+01,1.381409075200000000e+10,1.072877797376000000e+12,2.538702011108398438e+00
5.930000000000000000e+02,1.427000000000000000e+03,1.580299743905268883e+02,1.720052290384453675e-01,2.450000000000000000e+02,4.150695360000000000e+08,1.211679375360000000e+11,5.872217193245887756e-02
3.270000000000000000e+02,5.940000000000000000e+02,1.581583971878883688e+02,7.856742013183862228e-02,1.460000000000000000e+02,1.005128384000000000e+09,3.474091212800000000e+11,3.189797103404998779e-01
2.003000000000000000e+03,7.710000000000000000e+02,3.087447195241736040e+02,9.722034684781695468e-02,6.700000000000000000e+01,6.917338624000000000e+09,7.341444956160000000e+11,7.526878714561462402e-01
3.297000000000000000e+03,2.746000000000000000e+03,1.640941871362170730e+02,8.333333333333332871e-02,2.800000000000000000e+01,1.097422540800000000e+10,7.864553308160000000e+11,1.368543982505798340e+00
2.508000000000000000e+03,1.866000000000000000e+03,2.676895526990168719e+02,5.263157894736841813e-02,1.370000000000000000e+02,4.924700672000000000e+09,4.232317501440000000e+11,1.894956678152084351e-01
2.004000000000000000e+03,3.681000000000000000e+03,2.695316951195862885e+02,1.597191412499849861e-01,2.840000000000000000e+02,9.432234240000000000e+08,1.574320209920000000e+11,2.867662906646728516e-01
1.851000000000000000e+03,2.205000000000000000e+03,4.273134701553723858e+02,6.250000000000000000e-02,2.360000000000000000e+02,3.354562240000000000e+08,2.316895354880000000e+11,6.108527630567550659e-02
3.123000000000000000e+03,1.049000000000000000e+03,1.243395654976445286e+02,1.720052290384453675e-01,3.100000000000000000e+01,1.766500556800000000e+10,1.050311589888000000e+12,3.384711980819702148e+00
2.738000000000000000e+03,2.876000000000000000e+03,5.217696022817929702e+01,1.020089567796251401e-01,1.600000000000000000e+01,3.269567692800000000e+10,1.808104685568000000e+12,0.000000000000000000e+00
1.962000000000000000e+03,3.982000000000000000e+03,9.877536803596640880e+01,1.666666666666666574e-01,5.800000000000000000e+01,1.604596838400000000e+10,8.437500477440000000e+11,6.876591444015502930e-01
3.061000000000000000e+03,1.581000000000000000e+03,7.461846553839143326e+01,1.010152544552210818e-01,3.170000000000000000e+02,5.427262080000000000e+08,1.611926405120000000e+11,5.585111305117607117e-02
1.445000000000000000e+03,2.729000000000000000e+03,1.002736635086295536e+02,9.428090415820634951e-02,2.440000000000000000e+02,5.282016000000000000e+08,1.886439014400000000e+11,1.114356368780136108e-01
2.412000000000000000e+03,1.292000000000000000e+03,1.043293145472983667e+02,1.414213562373095034e-01,9.000000000000000000e+00,3.914225254400000000e+10,1.627581579264000000e+12,2.495837211608886719e+00
2.802000000000000000e+03,3.167000000000000000e+03,6.839298821667591710e+01,1.976423537605237202e-01,2.660000000000000000e+02,7.283575680000000000e+08,2.201929154560000000e+11,6.726475805044174194e-02
4.240000000000000000e+02,1.840000000000000000e+03,1.229080987060588086e+02,4.876598490941707470e-02,4.000000000000000000e+00,2.216379187200000000e+10,1.423872098304000000e+12,1.059899687767028809e+00
3.791000000000000000e+03,2.655000000000000000e+03,1.189804585905636714e+02,1.397542485937368628e-01,2.140000000000000000e+02,1.069744256000000000e+09,2.377314959360000000e+11,2.512958347797393799e-01
1.246000000000000000e+03,2.225000000000000000e+03,3.651836697948989041e+01,1.597191412499849861e-01,3.030000000000000000e+02,3.288742080000000000e+08,1.560784732160000000e+11,8.826738595962524414e-02
1.600000000000000000e+01,1.899000000000000000e+03,1.316545049554783020e+02,1.118033988749894958e-01,6.400000000000000000e+01,5.924396544000000000e+09,5.008560619520000000e+11,2.087332487106323242e+00
2.818000000000000000e+03,3.444000000000000000e+03,1.802384866058714863e+01,2.000000000000000111e-01,2.730000000000000000e+02,8.704693120000000000e+08,1.966705213440000000e+11,1.740351915359497070e-01
4.340000000000000000e+02,1.453000000000000000e+03,4.540398695296978104e+01,1.490711984999859852e-01,2.210000000000000000e+02,9.417088000000000000e+08,1.952689848320000000e+11,1.487792879343032837e-01
3.637000000000000000e+03,3.982000000000000000e+03,8.454422105886889938e+01,1.585809856006792640e-01,2.900000000000000000e+01,1.268129484800000000e+10,1.003939889152000000e+12,2.182029724121093750e+00
3.720000000000000000e+02,1.319000000000000000e+03,1.737596469266275676e+02,1.457737973711325241e-01,0.000000000000000000e+00,6.791713996800000000e+10,3.866329874432000000e+12,5.838018655776977539e-01
3.091000000000000000e+03,3.657000000000000000e+03,1.484166897884740024e+02,1.562500000000000000e-01,1.200000000000000000e+01,3.804662169600000000e+10,1.865792618496000000e+12,1.976391410827636719e+01
2.175000000000000000e+03,1.696000000000000000e+03,8.487843570427394013e+01,1.087856586440842377e-01,3.320000000000000000e+02,3.736707200000000000e+08,1.258811801600000000e+11,4.991431534290313721e-02
2.480000000000000000e+03,0.000000000000000000e+00,3.860131802797254750e+02,5.882352941176470507e-02,2.070000000000000000e+02,1.062890048000000000e+09,2.742956195840000000e+11,2.239271402359008789e-01
2.663000000000000000e+03,3.253000000000000000e+03,1.082710277988477117e+02,1.333333333333333315e-01,2.560000000000000000e+02,1.510194176000000000e+09,2.055332167680000000e+11,2.436477988958358765e-01
3.404000000000000000e+03,2.937000000000000000e+03,4.983367316287401394e+01,1.792654619833765339e-01,6.600000000000000000e+01,1.370071859200000000e+10,7.471679406080000000e+11,1.815132617950439453e+00
3.308000000000000000e+03,3.313000000000000000e+03,1.915826311162991260e+02,1.176877882894626220e-01,2.000000000000000000e+00,2.817368064000000000e+10,3.130425081856000000e+12,8.803648948669433594e+00
4.220000000000000000e+02,1.839000000000000000e+03,2.290671985360527287e+02,3.448275862068965469e-02,4.000000000000000000e+00,2.216379187200000000e+10,1.423872098304000000e+12,1.059899687767028809e+00
2.058000000000000000e+03,2.232000000000000000e+03,5.113604226576858025e+01,1.597191412499849861e-01,3.140000000000000000e+02,8.878549760000000000e+08,1.559662264320000000e+11,6.366927176713943481e-02
9.750000000000000000e+02,1.010000000000000000e+03,1.498651388942801361e+02,6.666666666666666574e-02,2.830000000000000000e+02,5.441532800000000000e+08,1.868264898560000000e+11,2.661042660474777222e-02
1.759000000000000000e+03,1.706000000000000000e+03,6.415410804813913046e+02,9.316949906249123725e-02,1.000000000000000000e+01,8.726153216000000000e+09,7.770129039360000000e+11,6.118690013885498047e+00
2.699000000000000000e+03,2.721000000000000000e+03,8.715244243128266532e+01,1.397542485937368628e-01,2.320000000000000000e+02,8.464028800000000000e+08,2.274351841280000000e+11,2.595289349555969238e-01
2.994000000000000000e+03,3.300000000000000000e+01,7.412188524387751443e+01,1.699673171197594868e-01,1.100000000000000000e+01,3.217836032000000000e+10,1.621931982848000000e+12,9.086136817932128906e-01
7.330000000000000000e+02,2.554000000000000000e+03,4.428368460479212132e+01,1.976423537605237202e-01,1.950000000000000000e+02,1.466485248000000000e+09,2.600883814400000000e+11,3.987166583538055420e-01
5.230000000000000000e+02,2.169000000000000000e+03,2.946278641609322904e+02,1.176877882894626220e-01,8.900000000000000000e+01,6.515340800000000000e+09,4.246592880640000000e+11,1.049532413482666016e+00
1.192000000000000000e+03,8.790000000000000000e+02,8.284496833802390370e+01,1.490711984999859852e-01,2.590000000000000000e+02,7.167869440000000000e+08,1.949175971840000000e+11,1.137149333953857422e-01
9.420000000000000000e+02,3.822000000000000000e+03,1.188323631729126788e+02,1.505846504842085487e-01,8.100000000000000000e+01,7.719323136000000000e+09,5.698018344960000000e+11,5.399097129702568054e-02
1.376000000000000000e+03,1.737000000000000000e+03,1.205191698754692169e+02,6.666666666666666574e-02,2.770000000000000000e+02,9.291714560000000000e+08,1.840636067840000000e+11,4.683445021510124207e-02
3.822000000000000000e+03,3.388000000000000000e+03,9.696383099970694275e+01,1.844626385704036808e-01,7.100000000000000000e+01,8.651307008000000000e+09,6.954382786560000000e+11,3.705672323703765869e-01
2.227000000000000000e+03,3.814000000000000000e+03,6.046614480647722445e+01,1.264911064067351931e-01,4.100000000000000000e+01,1.540933632000000000e+10,9.524732887040000000e+11,2.167505264282226562e+00
2.651000000000000000e+03,2.841000000000000000e+03,8.828602625034810103e+01,1.178511301977579334e-01,3.500000000000000000e+02,3.723372480000000000e+08,1.038927544320000000e+11,1.821991987526416779e-02
3.533000000000000000e+03,2.199000000000000000e+03,3.907600520804343347e+01,1.242259987499883256e-01,1.720000000000000000e+02,2.003181440000000000e+09,3.155775324160000000e+11,2.163498550653457642e-01
1.523000000000000000e+03,1.612000000000000000e+03,1.195855189926751621e+02,1.716929178792375721e-01,5.700000000000000000e+01,4.617920000000000000e+09,5.532357754880000000e+11,1.412596464157104492e+00
3.031000000000000000e+03,1.431000000000000000e+03,1.201415334280884224e+02,9.428090415820634951e-02,2.120000000000000000e+02,5.134139840000000000e+08,2.073886720000000000e+11,7.339200377464294434e-02
1.685000000000000000e+03,1.072000000000000000e+03,3.741843148761647342e+01,1.860163329510811370e-01,2.020000000000000000e+02,1.417090816000000000e+09,2.877716234240000000e+11,2.775177061557769775e-01
1.123000000000000000e+03,3.891000000000000000e+03,4.491745583971806610e+01,1.242259987499883256e-01,3.000000000000000000e+00,3.762573721600000000e+10,2.640144498688000000e+12,1.831436872482299805e+00
2.718000000000000000e+03,1.494000000000000000e+03,6.266947688971698938e+01,1.720052290384453675e-01,3.500000000000000000e+01,2.962417459200000000e+10,9.809144053760000000e+11,6.172360420227050781e+00
3.340000000000000000e+02,2.495000000000000000e+03,7.610753687766312225e+01,8.333333333333332871e-02,3.520000000000000000e+02,6.829953280000000000e+08,9.921628569600000000e+10,9.944533929228782654e-03
1.825000000000000000e+03,1.925000000000000000e+03,5.593205327564153606e+01,1.397542485937368628e-01,1.490000000000000000e+02,1.098039936000000000e+09,2.263666524160000000e+11,1.936717629432678223e-01
9.740000000000000000e+02,1.013000000000000000e+03,5.585980770230305836e+01,1.490711984999859852e-01,2.830000000000000000e+02,5.441532800000000000e+08,1.868264898560000000e+11,2.661042660474777222e-02
4.210000000000000000e+02,1.844000000000000000e+03,6.573971209556202666e+01,1.856953381770518607e-01,4.000000000000000000e+00,2.216379187200000000e+10,1.423872098304000000e+12,1.059899687767028809e+00
5.960000000000000000e+02,1.430000000000000000e+03,9.676568027742719380e+01,1.720052290384453675e-01,2.450000000000000000e+02,4.150695360000000000e+08,1.211679375360000000e+11,5.872217193245887756e-02
2.080000000000000000e+03,2.851000000000000000e+03,1.558937987461552552e+02,1.638886943392722229e-01,4.400000000000000000e+01,9.059347456000000000e+09,6.248648540160000000e+11,4.563073813915252686e-01
9.770000000000000000e+02,2.646000000000000000e+03,1.081337514704263612e+02,1.064794274999899953e-01,9.200000000000000000e+01,2.896953344000000000e+09,5.285608161280000000e+11,8.672224879264831543e-01
1.417000000000000000e+03,1.427000000000000000e+03,5.906454023851542843e+02,7.443229275647869625e-02,1.260000000000000000e+02,4.160075520000000000e+09,3.984403005440000000e+11,1.379993796348571777e+00
1.516000000000000000e+03,1.611000000000000000e+03,8.748099576184624482e+01,1.963383631246505001e-01,5.700000000000000000e+01,4.617920000000000000e+09,5.532357754880000000e+11,1.412596464157104492e+00
6.010000000000000000e+02,2.624000000000000000e+03,1.583680904333800186e+02,1.724137931034482873e-01,1.800000000000000000e+01,1.623037542400000000e+10,1.491725320192000000e+12,5.082186508178710938e+01
3.233000000000000000e+03,2.992000000000000000e+03,1.203997769979856400e+02,1.571348402636772446e-01,1.630000000000000000e+02,2.215606528000000000e+09,3.263569264640000000e+11,2.493974864482879639e-01
2.036000000000000000e+03,1.517000000000000000e+03,1.279015504452924432e+02,1.315334104411640948e-01,1.830000000000000000e+02,3.310277120000000000e+09,3.145353789440000000e+11,3.984389901161193848e-01
1.011000000000000000e+03,8.770000000000000000e+02,1.430631071725135826e+02,0.000000000000000000e+00,3.370000000000000000e+02,3.474301440000000000e+08,1.050752040960000000e+11,7.004173099994659424e-02
9.050000000000000000e+02,3.715000000000000000e+03,5.712790026487137993e+02,1.363636363636363535e-01,8.000000000000000000e+01,6.545251840000000000e+09,5.917509550080000000e+11,2.885195016860961914e+00
3.674000000000000000e+03,2.896000000000000000e+03,3.525008589067522990e+01,1.856953381770518607e-01,1.900000000000000000e+01,2.456189337600000000e+10,1.437959847936000000e+12,4.980907142162322998e-01
2.701000000000000000e+03,2.719000000000000000e+03,5.375577135301519860e+01,1.875000000000000000e-01,2.320000000000000000e+02,8.464028800000000000e+08,2.274351841280000000e+11,2.595289349555969238e-01
2.670000000000000000e+02,2.600000000000000000e+02,2.762863437945327405e+02,8.838834764831844659e-02,2.350000000000000000e+02,3.835418560000000000e+08,2.558666014720000000e+11,3.988758474588394165e-02
2.733000000000000000e+03,2.879000000000000000e+03,4.522100416113661225e+01,1.935483870967741882e-01,1.600000000000000000e+01,3.269567692800000000e+10,1.808104685568000000e+12,0.000000000000000000e+00
3.871000000000000000e+03,1.990000000000000000e+03,6.567975257354935366e+02,1.792654619833765339e-01,6.200000000000000000e+01,1.031607296000000000e+10,7.346875924480000000e+11,1.895973205566406250e+00
3.531000000000000000e+03,2.200000000000000000e+03,1.393241302469392622e+02,0.000000000000000000e+00,1.720000000000000000e+02,2.003181440000000000e+09,3.155775324160000000e+11,2.163498550653457642e-01
3.816000000000000000e+03,6.040000000000000000e+02,7.810024033094177298e+01,8.838834764831844659e-02,2.470000000000000000e+02,4.030098240000000000e+08,2.363661844480000000e+11,5.728396400809288025e-02
7.600000000000000000e+01,3.766000000000000000e+03,1.417692646196447299e+02,1.052631578947368363e-01,1.380000000000000000e+02,3.522424832000000000e+09,3.751791165440000000e+11,4.641978740692138672e-01
9.460000000000000000e+02,1.290000000000000000e+02,8.022875163133673482e+01,1.242259987499883256e-01,1.290000000000000000e+02,9.721923840000000000e+08,3.688891678720000000e+11,1.283003538846969604e-01
1.820000000000000000e+02,2.341000000000000000e+03,1.211960685902877231e+02,1.242259987499883256e-01,1.790000000000000000e+02,2.816224256000000000e+09,3.195419361280000000e+11,3.078545928001403809e-01
1.675000000000000000e+03,2.131000000000000000e+03,7.273517514495551950e+01,1.505846504842085487e-01,9.400000000000000000e+01,3.051343872000000000e+09,5.484187811840000000e+11,4.253889322280883789e-01
1.614000000000000000e+03,3.677000000000000000e+03,5.620743483583227373e+01,2.000000000000000111e-01,2.260000000000000000e+02,6.538135680000000000e+08,1.852462039040000000e+11,1.417953968048095703e-01
1.858000000000000000e+03,9.710000000000000000e+02,6.777182422287785357e+01,1.597191412499849861e-01,2.710000000000000000e+02,4.389726080000000000e+08,1.701917163520000000e+11,1.421170681715011597e-01
3.870000000000000000e+02,7.900000000000000000e+02,4.106209957044700332e+02,9.316949906249123725e-02,5.000000000000000000e+01,7.061435904000000000e+09,8.643143270400000000e+11,2.096730947494506836e+00
3.546000000000000000e+03,2.510000000000000000e+03,7.555027800563667029e+01,1.481481481481481399e-01,2.600000000000000000e+01,1.607904665600000000e+10,1.146904903680000000e+12,3.561056852340698242e+00
3.756000000000000000e+03,1.965000000000000000e+03,8.348625727410191644e+01,1.315334104411640948e-01,2.300000000000000000e+02,5.757701120000000000e+08,2.750872944640000000e+11,8.679321408271789551e-02
3.871000000000000000e+03,1.992000000000000000e+03,1.556802046469795471e+02,1.792654619833765339e-01,6.200000000000000000e+01,1.031607296000000000e+10,7.346875924480000000e+11,1.895973205566406250e+00
3.678000000000000000e+03,4.420000000000000000e+02,8.180137275433727950e+01,1.016394535227177209e-01,7.700000000000000000e+01,8.184467456000000000e+09,6.611352944640000000e+11,5.086567997932434082e-01
3.980000000000000000e+03,1.750000000000000000e+03,7.551760927798106593e+01,1.490711984999859852e-01,2.640000000000000000e+02,6.452957440000000000e+08,2.078604820480000000e+11,1.306209862232208252e-01
9.150000000000000000e+02,4.600000000000000000e+02,1.889722637239786707e+02,1.216260638526299870e-01,6.000000000000000000e+00,1.650314547200000000e+10,1.067573116928000000e+12,3.699832201004028320e+00
9.170000000000000000e+02,1.402000000000000000e+03,1.083602236179947624e+02,1.315334104411640948e-01,1.650000000000000000e+02,5.347155520000000000e+08,3.105895219200000000e+11,6.146562099456787109e-02
2.003000000000000000e+03,7.700000000000000000e+02,7.116033522134473799e+01,1.229750923802691437e-01,6.700000000000000000e+01,6.917338624000000000e+09,7.341444956160000000e+11,7.526878714561462402e-01
3.116000000000000000e+03,1.053000000000000000e+03,8.412309221909899293e+01,1.923076923076923184e-01,3.100000000000000000e+01,1.766500556800000000e+10,1.050311589888000000e+12,3.384711980819702148e+00
1.360000000000000000e+03,2.009000000000000000e+03,5.642620372230650361e+01,1.176470588235294101e-01,1.810000000000000000e+02,1.441623680000000000e+09,2.788685250560000000e+11,2.093609422445297241e-01
2.648000000000000000e+03,2.859000000000000000e+03,8.268698590696102713e+01,1.502313031443328895e-01,5.600000000000000000e+01,1.586118144000000000e+10,7.945620684800000000e+11,1.549731612205505371e+00
2.985000000000000000e+03,3.000000000000000000e+01,1.622985092457621192e+02,1.490711984999859852e-01,1.100000000000000000e+01,3.217836032000000000e+10,1.621931982848000000e+12,9.086136817932128906e-01
2.806000000000000000e+03,3.182000000000000000e+03,1.941198548164327349e+02,9.722034684781695468e-02,6.800000000000000000e+01,8.798078976000000000e+09,7.372794101760000000e+11,1.334026694297790527e+00
1.609000000000000000e+03,3.679000000000000000e+03,9.156681438728161027e+01,1.885618083164126990e-01,2.260000000000000000e+02,6.538135680000000000e+08,1.852462039040000000e+11,1.417953968048095703e-01
1.490000000000000000e+03,1.701000000000000000e+03,1.085258356530331838e+02,1.087856586440842377e-01,3.270000000000000000e+02,4.838972160000000000e+08,1.434706575360000000e+11,1.223590448498725891e-01
3.021000000000000000e+03,5.220000000000000000e+02,4.651000880745135646e+01,1.963383631246505001e-01,9.700000000000000000e+01,5.012286464000000000e+09,5.178961100800000000e+11,1.447071075439453125e+00
3.605000000000000000e+03,3.028000000000000000e+03,2.483029175544654663e+02,5.000000000000000278e-02,9.000000000000000000e+01,1.856924032000000000e+09,4.570356121600000000e+11,5.995895862579345703e-01
2.876000000000000000e+03,5.280000000000000000e+02,8.401716125943556790e+01,1.315334104411640948e-01,1.620000000000000000e+02,1.652777856000000000e+09,3.143790100480000000e+11,2.708716392517089844e-01
2.820000000000000000e+03,2.760000000000000000e+02,6.322613185346927622e+01,8.333333333333332871e-02,3.480000000000000000e+02,6.097633280000000000e+08,1.116363161600000000e+11,1.257665604352951050e-01
4.920000000000000000e+02,8.180000000000000000e+02,3.105541909069979738e+02,1.317615691736824801e-01,4.000000000000000000e+01,6.004965376000000000e+09,7.657200680960000000e+11,9.520892500877380371e-01
1.441000000000000000e+03,1.506000000000000000e+03,6.563967082414134779e+01,1.663780661615406053e-01,1.840000000000000000e+02,3.228920576000000000e+09,3.089111777280000000e+11,5.643389225006103516e-01
2.446000000000000000e+03,1.663000000000000000e+03,1.146314996223324130e+02,1.250000000000000000e-01,2.390000000000000000e+02,1.227665792000000000e+09,2.207238225920000000e+11,1.781434752047061920e-02
2.771000000000000000e+03,3.714000000000000000e+03,5.084195734093913188e+01,1.875000000000000000e-01,1.300000000000000000e+02,1.310106496000000000e+09,2.256550297600000000e+11,1.955752968788146973e-01
2.645000000000000000e+03,2.859000000000000000e+03,4.768770068925673513e+02,8.333333333333332871e-02,5.600000000000000000e+01,1.586118144000000000e+10,7.945620684800000000e+11,1.549731612205505371e+00
2.236000000000000000e+03,1.350000000000000000e+03,9.954161582243715145e+01,1.874138920735300140e-01,6.300000000000000000e+01,5.047442432000000000e+09,6.099794657280000000e+11,2.344955205917358398e+00
1.843000000000000000e+03,1.026000000000000000e+03,9.909324956652226035e+01,1.397542485937368628e-01,1.030000000000000000e+02,2.004422016000000000e+09,2.521610321920000000e+11,2.871632277965545654e-01
3.976000000000000000e+03,2.108000000000000000e+03,4.176747011629331752e+01,1.963383631246505001e-01,8.600000000000000000e+01,5.506938880000000000e+09,5.508653383680000000e+11,3.377498388290405273e-01
8.390000000000000000e+02,4.160000000000000000e+02,7.442114631712790924e+02,6.428243465332250661e-02,7.600000000000000000e+01,8.476939776000000000e+09,6.548592394240000000e+11,5.924999117851257324e-01
2.414000000000000000e+03,1.293000000000000000e+03,9.273602304443562616e+01,1.795054935711501154e-01,9.000000000000000000e+00,3.914225254400000000e+10,1.627581579264000000e+12,2.495837211608886719e+00
2.490000000000000000e+02,2.969000000000000000e+03,1.026377422681646294e+02,1.666666666666666574e-01,1.670000000000000000e+02,4.070727936000000000e+09,3.505171988480000000e+11,1.216749101877212524e-01
2.768000000000000000e+03,3.716000000000000000e+03,6.950061060647686872e+01,1.250000000000000000e-01,1.300000000000000000e+02,1.310106496000000000e+09,2.256550297600000000e+11,1.955752968788146973e-01
1.200000000000000000e+02,3.074000000000000000e+03,1.660084893149893901e+02,5.882352941176470507e-02,1.910000000000000000e+02,1.224226560000000000e+09,2.916619386880000000e+11,2.821713387966156006e-01
1.623000000000000000e+03,5.900000000000000000e+01,9.057547508573982498e+01,1.578947368421052544e-01,1.270000000000000000e+02,3.045517312000000000e+09,4.335536701440000000e+11,6.563200950622558594e-01
1.536000000000000000e+03,3.960000000000000000e+02,1.381770535420216675e+02,9.428090415820634951e-02,2.500000000000000000e+02,5.433228800000000000e+08,2.070696591360000000e+11,1.096710339188575745e-01
5.250000000000000000e+02,2.169000000000000000e+03,1.070370083697717263e+02,1.897658566033678385e-01,8.900000000000000000e+01,6.515340800000000000e+09,4.246592880640000000e+11,1.049532413482666016e+00
2.607000000000000000e+03,8.840000000000000000e+02,1.194025372357121597e+02,7.692307692307692735e-02,3.430000000000000000e+02,4.422740480000000000e+08,1.289499361280000000e+11,1.331258192658424377e-02
2.508000000000000000e+03,7.270000000000000000e+02,1.563987319313270916e+02,1.315334104411640948e-01,1.150000000000000000e+02,6.639024000000000000e+08,2.696163819520000000e+11,7.071793079376220703e-01
9.110000000000000000e+02,4.600000000000000000e+02,1.933244111598030770e+02,1.631784879661263288e-01,6.000000000000000000e+00,1.650314547200000000e+10,1.067573116928000000e+12,3.699832201004028320e+00
2.876000000000000000e+03,5.320000000000000000e+02,6.612325599244229579e+01,1.315334104411640948e-01,1.620000000000000000e+02,1.652777856000000000e+09,3.143790100480000000e+11,2.708716392517089844e-01
3.390000000000000000e+03,2.275000000000000000e+03,5.161900692398786106e+01,1.860163329510811370e-01,2.000000000000000000e+02,1.618048256000000000e+09,2.718396088320000000e+11,4.473841786384582520e-01
5.420000000000000000e+02,1.684000000000000000e+03,2.992876127152247250e+02,1.720052290384453675e-01,3.220000000000000000e+02,6.438922240000000000e+08,1.316851957760000000e+11,1.387920230627059937e-01
1.956000000000000000e+03,3.842000000000000000e+03,8.712341368230370620e+01,1.538461538461538547e-01,3.420000000000000000e+02,9.269617920000000000e+08,1.403325972480000000e+11,5.047484487295150757e-02
1.851000000000000000e+03,1.951000000000000000e+03,1.827324664489707970e+02,0.000000000000000000e+00,2.720000000000000000e+02,6.618579840000000000e+08,2.082312028160000000e+11,1.385663002729415894e-01
2.507000000000000000e+03,1.868000000000000000e+03,7.604765772373403365e+01,1.488645855129573925e-01,1.370000000000000000e+02,4.924700672000000000e+09,4.232317501440000000e+11,1.894956678152084351e-01
3.758000000000000000e+03,1.966000000000000000e+03,4.676071682527156526e+01,1.176470588235294101e-01,2.300000000000000000e+02,5.757701120000000000e+08,2.750872944640000000e+11,8.679321408271789551e-02
9.450000000000000000e+02,1.320000000000000000e+02,9.617553803041840865e+01,5.555555555555555247e-02,1.290000000000000000e+02,9.721923840000000000e+08,3.688891678720000000e+11,1.283003538846969604e-01
2.833000000000000000e+03,3.053000000000000000e+03,1.467833438036092559e+02,1.664356663246515655e-01,1.190000000000000000e+02,9.340194816000000000e+09,4.196479139840000000e+11,5.865185856819152832e-01
1.821000000000000000e+03,2.175000000000000000e+03,3.957852485651142871e+01,1.919585178166321182e-01,1.000000000000000000e+00,6.157198950400000000e+10,4.416137068544000000e+12,4.520943015813827515e-02
3.130000000000000000e+02,1.468000000000000000e+03,3.197735759847720161e+01,1.843261372817642241e-01,8.000000000000000000e+00,5.188821811200000000e+10,2.186460135424000000e+12,5.949957370758056641e-01
2.403000000000000000e+03,2.539000000000000000e+03,1.706778586913791003e+02,1.567630989332169100e-01,4.700000000000000000e+01,8.405513728000000000e+09,7.389578526720000000e+11,2.555680990219116211e+00
3.140000000000000000e+02,1.472000000000000000e+03,7.620458192094621097e+01,6.060606060606060774e-02,8.000000000000000000e+00,5.188821811200000000e+10,2.186460135424000000e+12,5.949957370758056641e-01
2.410000000000000000e+03,1.291000000000000000e+03,2.571047361701664613e+02,1.374368541872553473e-01,9.000000000000000000e+00,3.914225254400000000e+10,1.627581579264000000e+12,2.495837211608886719e+00
8.020000000000000000e+02,1.659000000000000000e+03,9.847686504404300933e+01,1.333333333333333315e-01,2.700000000000000000e+02,6.247793920000000000e+08,2.094178795520000000e+11,5.558474734425544739e-02
2.343000000000000000e+03,2.617000000000000000e+03,7.769058508518436668e+01,9.090909090909091161e-02,7.500000000000000000e+01,6.909923840000000000e+09,6.275906273280000000e+11,1.387628793716430664e+00
1.815000000000000000e+03,2.168000000000000000e+03,2.861201293772143117e+01,1.963383631246505001e-01,1.000000000000000000e+00,6.157198950400000000e+10,4.416137068544000000e+12,4.520943015813827515e-02
1.439000000000000000e+03,1.507000000000000000e+03,8.692710301884062574e+01,1.764705882352941291e-01,1.840000000000000000e+02,3.228920576000000000e+09,3.089111777280000000e+11,5.643389225006103516e-01
3.828000000000000000e+03,3.392000000000000000e+03,6.393490028105646417e+01,1.374903330507991073e-01,7.100000000000000000e+01,8.651307008000000000e+09,6.954382786560000000e+11,3.705672323703765869e-01
1.745000000000000000e+03,2.039000000000000000e+03,9.795785702928529304e+01,0.000000000000000000e+00,3.100000000000000000e+02,3.430820160000000000e+08,1.454713405440000000e+11,4.223517701029777527e-02
2.401000000000000000e+03,2.544000000000000000e+03,1.645053498700821422e+02,1.374903330507991073e-01,4.700000000000000000e+01,8.405513728000000000e+09,7.389578526720000000e+11,2.555680990219116211e+00
3.557000000000000000e+03,1.230000000000000000e+03,1.013756160082147630e+02,1.764705882352941291e-01,2.270000000000000000e+02,1.446616960000000000e+09,2.703301345280000000e+11,2.566079795360565186e-01
3.085000000000000000e+03,1.264000000000000000e+03,2.290195512287476447e+02,0.000000000000000000e+00,7.400000000000000000e+01,5.023833600000000000e+09,5.444143677440000000e+11,3.966262638568878174e-01
2.570000000000000000e+03,1.521000000000000000e+03,8.830579830976662947e+01,1.923076923076923184e-01,3.200000000000000000e+01,1.381409075200000000e+10,1.072877797376000000e+12,2.538702011108398438e+00
1.851000000000000000e+03,2.207000000000000000e+03,7.451816186498056993e+01,1.397542485937368628e-01,2.360000000000000000e+02,3.354562240000000000e+08,2.316895354880000000e+11,6.108527630567550659e-02
3.683000000000000000e+03,2.902000000000000000e+03,2.860455772953162779e+01,1.950639396376682988e-01,1.900000000000000000e+01,2.456189337600000000e+10,1.437959847936000000e+12,4.980907142162322998e-01
2.805000000000000000e+03,3.006000000000000000e+03,8.714277957892619497e+01,7.692307692307692735e-02,3.070000000000000000e+02,6.675375360000000000e+08,1.431183196160000000e+11,7.680681347846984863e-02
3.306000000000000000e+03,3.315000000000000000e+03,1.996118286445349668e+02,1.897658566033678385e-01,2.000000000000000000e+00,2.817368064000000000e+10,3.130425081856000000e+12,8.803648948669433594e+00
2.191000000000000000e+03,3.714000000000000000e+03,1.483574923652084010e+02,1.764705882352941291e-01,1.120000000000000000e+02,8.785539200000000000e+08,3.099460239360000000e+11,1.412641167640686035e+00
3.665000000000000000e+03,3.425000000000000000e+03,7.075737489954038892e+02,5.892556509887896671e-02,5.900000000000000000e+01,1.048679833600000000e+10,7.828546519040000000e+11,5.260182619094848633e-01
3.204000000000000000e+03,1.960000000000000000e+03,4.466871151250845884e+01,1.428571428571428492e-01,9.500000000000000000e+01,6.686404608000000000e+09,5.159017840640000000e+11,9.251435995101928711e-01
2.796000000000000000e+03,3.169000000000000000e+03,8.788651496357670112e+01,1.976423537605237202e-01,2.660000000000000000e+02,7.283575680000000000e+08,2.201929154560000000e+11,6.726475805044174194e-02
1.839000000000000000e+03,8.660000000000000000e+02,3.666222066421693881e+01,1.976423537605237202e-01,2.410000000000000000e+02,4.520856000000000000e+08,2.227093340160000000e+11,1.034945324063301086e-01
4.210000000000000000e+02,1.782000000000000000e+03,1.619374618084520421e+02,0.000000000000000000e+00,2.860000000000000000e+02,3.513638080000000000e+08,1.296971448320000000e+11,2.994026429951190948e-02
1.795000000000000000e+03,1.246000000000000000e+03,6.047370693230002558e+01,1.488645855129573925e-01,1.340000000000000000e+02,4.072726016000000000e+09,3.920445112320000000e+11,1.558072865009307861e-01
3.216000000000000000e+03,3.817000000000000000e+03,1.391943853325224154e+02,1.335389361282958987e-01,2.700000000000000000e+01,1.486072934400000000e+10,1.127825801216000000e+12,1.289787650108337402e+00
2.072000000000000000e+03,3.868000000000000000e+03,1.514148107294294334e+02,1.581138830084189706e-01,1.090000000000000000e+02,5.754290176000000000e+09,4.677676892160000000e+11,8.300584554672241211e-01
5.010000000000000000e+02,1.427000000000000000e+03,1.549967919849297573e+02,1.010152544552210818e-01,2.810000000000000000e+02,9.878126720000000000e+08,1.478563266560000000e+11,1.566789746284484863e-01
2.381000000000000000e+03,3.132000000000000000e+03,1.759379021638860365e+02,1.118033988749894958e-01,1.140000000000000000e+02,6.558797824000000000e+09,4.732224798720000000e+11,3.872925639152526855e-01
1.798000000000000000e+03,1.246000000000000000e+03,2.444729640840511706e+02,1.176877882894626220e-01,1.340000000000000000e+02,4.072726016000000000e+09,3.920445112320000000e+11,1.558072865009307861e-01
3.840000000000000000e+02,7.940000000000000000e+02,1.740462635061061576e+02,1.863389981249824745e-01,5.000000000000000000e+01,7.061435904000000000e+09,8.643143270400000000e+11,2.096730947494506836e+00
2.087000000000000000e+03,3.918000000000000000e+03,4.943412453384561189e+01,1.010152544552210818e-01,3.200000000000000000e+02,5.692832640000000000e+08,1.493490237440000000e+11,7.594580948352813721e-02
3.982000000000000000e+03,2.433000000000000000e+03,2.427967746555335680e+02,1.515228816828315950e-01,2.200000000000000000e+01,3.011985612800000000e+10,1.264861839360000000e+12,0.000000000000000000e+00
3.013000000000000000e+03,8.130000000000000000e+02,5.678452183460344571e+01,2.000000000000000111e-01,1.020000000000000000e+02,1.650304512000000000e+09,4.517831966720000000e+11,2.106188774108886719e+00
1.759000000000000000e+03,1.711000000000000000e+03,7.257176560936031251e+01,1.863389981249824745e-01,1.000000000000000000e+01,8.726153216000000000e+09,7.770129039360000000e+11,6.118690013885498047e+00
3.043000000000000000e+03,3.297000000000000000e+03,5.714637180812112405e+01,1.666666666666666574e-01,2.000000000000000000e+01,3.612656025600000000e+10,1.626098892800000000e+12,1.186937093734741211e-01
3.823000000000000000e+03,3.394000000000000000e+03,4.606913062301914152e+01,1.567630989332169100e-01,7.100000000000000000e+01,8.651307008000000000e+09,6.954382786560000000e+11,3.705672323703765869e-01
7.000000000000000000e+01,1.310000000000000000e+03,7.974696890869212496e+01,1.874138920735300140e-01,4.600000000000000000e+01,1.408726425600000000e+10,6.551540858880000000e+11,1.282244086265563965e+00
1.009000000000000000e+03,1.610000000000000000e+03,4.189991343814155584e+02,7.692307692307692735e-02,3.180000000000000000e+02,4.352704960000000000e+08,1.349946982400000000e+11,4.331124201416969299e-02
2.226000000000000000e+03,3.812000000000000000e+03,8.184421313629575252e+02,4.000000000000000083e-02,4.100000000000000000e+01,1.540933632000000000e+10,9.524732887040000000e+11,2.167505264282226562e+00
2.251000000000000000e+03,1.093000000000000000e+03,4.880344720005479786e+01,1.090440572471854941e-01,3.000000000000000000e+01,2.774474752000000000e+10,1.397942386688000000e+12,0.000000000000000000e+00
7.450000000000000000e+02,1.557000000000000000e+03,5.953559478431959917e+01,1.663780661615406053e-01,2.110000000000000000e+02,1.394828928000000000e+09,2.693257297920000000e+11,2.005274295806884766e-01
3.398000000000000000e+03,3.888000000000000000e+03,8.099602542219535906e+01,6.250000000000000000e-02,2.370000000000000000e+02,1.394494720000000000e+09,2.391590338560000000e+11,2.944625318050384521e-01
2.988000000000000000e+03,3.600000000000000000e+01,1.218056567520988409e+02,1.374368541872553473e-01,1.100000000000000000e+01,3.217836032000000000e+10,1.621931982848000000e+12,9.086136817932128906e-01
1.690000000000000000e+03,1.569000000000000000e+03,1.613629273923298229e+02,2.000000000000000111e-01,1.050000000000000000e+02,3.697087744000000000e+09,4.976978165760000000e+11,1.093283891677856445e+00
3.170000000000000000e+02,1.469000000000000000e+03,3.627282395615416988e+01,1.766955119650091000e-01,8.000000000000000000e+00,5.188821811200000000e+10,2.186460135424000000e+12,5.949957370758056641e-01
1.051000000000000000e+03,9.020000000000000000e+02,1.053682796082870397e+02,7.856742013183862228e-02,1.700000000000000000e+02,2.635359488000000000e+09,3.293433692160000000e+11,4.095209240913391113e-01
3.984000000000000000e+03,2.427000000000000000e+03,1.711445104212892829e+02,1.129384878631564115e-01,2.200000000000000000e+01,3.011985612800000000e+10,1.264861839360000000e+12,0.000000000000000000e+00
1.901000000000000000e+03,1.464000000000000000e+03,9.030469023794680083e+01,1.490711984999859852e-01,2.760000000000000000e+02,9.284546560000000000e+08,2.004269629440000000e+11,2.256767898797988892e-01
1.567000000000000000e+03,1.396000000000000000e+03,1.201408752399857889e+02,1.505846504842085487e-01,9.600000000000000000e+01,1.166735257600000000e+10,5.351949926400000000e+11,1.048883438110351562e+00
4.190000000000000000e+02,1.842000000000000000e+03,7.474089340690856886e+01,1.724137931034482873e-01,4.000000000000000000e+00,2.216379187200000000e+10,1.423872098304000000e+12,1.059899687767028809e+00
7.390000000000000000e+02,2.814000000000000000e+03,9.157225149372155784e+02,8.944271909999158832e-02,3.300000000000000000e+01,1.520119193600000000e+10,9.712469934080000000e+11,1.588283777236938477e+00
2.839000000000000000e+03,1.185000000000000000e+03,8.844006314777061561e+01,1.000000000000000056e-01,1.070000000000000000e+02,1.168193024000000000e+09,4.566383656960000000e+11,3.166985213756561279e-01
1.026000000000000000e+03,1.230000000000000000e+02,2.783991596784154510e+01,1.490711984999859852e-01,1.590000000000000000e+02,1.061124736000000000e+09,1.873017241600000000e+11,3.843583166599273682e-01
1.791000000000000000e+03,7.910000000000000000e+02,1.516343972729928282e+02,1.111111111111111049e-01,1.610000000000000000e+02,2.234117888000000000e+09,3.617741537280000000e+11,1.721291691064834595e-01
2.876000000000000000e+03,5.330000000000000000e+02,3.298987042491197741e+01,1.860163329510811370e-01,1.620000000000000000e+02,1.652777856000000000e+09,3.143790100480000000e+11,2.708716392517089844e-01
6.120000000000000000e+02,4.670000000000000000e+02,9.264363334159163799e+01,1.666666666666666574e-01,1.420000000000000000e+02,1.824037888000000000e+09,3.510841180160000000e+11,1.941844373941421509e-01
6.740000000000000000e+02,2.476000000000000000e+03,3.572336331609231479e+02,7.407407407407406996e-02,2.500000000000000000e+01,1.637902950400000000e+10,1.113396346880000000e+12,1.996217012405395508e+00
2.814000000000000000e+03,3.442000000000000000e+03,1.814752297481280152e+02,1.490711984999859852e-01,2.730000000000000000e+02,8.704693120000000000e+08,1.966705213440000000e+11,1.740351915359497070e-01
3.338000000000000000e+03,7.970000000000000000e+02,5.856765206357588482e+01,1.666666666666666574e-01,1.480000000000000000e+02,1.724786304000000000e+09,3.378457477120000000e+11,3.567959368228912354e-01
3.821000000000000000e+03,3.330000000000000000e+02,1.276147882709544916e+02,8.318903308077030267e-02,2.030000000000000000e+02,1.893578880000000000e+09,2.790343639040000000e+11,1.433310806751251221e-01
3.150000000000000000e+02,1.470000000000000000e+03,5.193685253215928554e+01,1.249425947156866806e-01,8.000000000000000000e+00,5.188821811200000000e+10,2.186460135424000000e+12,5.949957370758056641e-01
2.245000000000000000e+03,1.092000000000000000e+03,2.866829697862037207e+01,1.243293543263444545e-01,3.000000000000000000e+01,2.774474752000000000e+10,1.397942386688000000e+12,0.000000000000000000e+00
7.440000000000000000e+02,2.810000000000000000e+03,9.958944719975986004e+01,1.788854381999831766e-01,3.300000000000000000e+01,1.520119193600000000e+10,9.712469934080000000e+11,1.588283777236938477e+00
2.703000000000000000e+03,2.723000000000000000e+03,2.682500841765287802e+01,1.397542485937368628e-01,2.320000000000000000e+02,8.464028800000000000e+08,2.274351841280000000e+11,2.595289349555969238e-01
3.200000000000000000e+02,1.473000000000000000e+03,8.046467221624267552e+01,1.843261372817642241e-01,8.000000000000000000e+00,5.188821811200000000e+10,2.186460135424000000e+12,5.949957370758056641e-01
3.391000000000000000e+03,2.275000000000000000e+03,5.621385176784799143e+01,1.764705882352941291e-01,2.000000000000000000e+02,1.618048256000000000e+09,2.718396088320000000e+11,4.473841786384582520e-01
3.297000000000000000e+03,2.747000000000000000e+03,1.518510742902530239e+02,9.316949906249123725e-02,2.800000000000000000e+01,1.097422540800000000e+10,7.864553308160000000e+11,1.368543982505798340e+00
3.000000000000000000e+00,2.914000000000000000e+03,5.563616086351061796e+01,1.875000000000000000e-01,2.480000000000000000e+02,7.255711360000000000e+08,2.413170196480000000e+11,7.241006195545196533e-02
3.216000000000000000e+03,3.812000000000000000e+03,2.692409513718038170e+02,1.047565601757848297e-01,2.700000000000000000e+01,1.486072934400000000e+10,1.127825801216000000e+12,1.289787650108337402e+00
3.121000000000000000e+03,1.049000000000000000e+03,1.692380214617335241e+02,1.538461538461538547e-01,3.100000000000000000e+01,1.766500556800000000e+10,1.050311589888000000e+12,3.384711980819702148e+00
2.599000000000000000e+03,8.340000000000000000e+02,1.075684891476258542e+02,1.856953381770518607e-01,1.300000000000000000e+01,2.367379046400000000e+10,1.408263389184000000e+12,6.113696098327636719e+00
1.154000000000000000e+03,1.690000000000000000e+03,6.210633914902729913e+01,1.111111111111111049e-01,1.130000000000000000e+02,2.778995916800000000e+10,3.163079311360000000e+11,0.000000000000000000e+00
2.300000000000000000e+03,1.182000000000000000e+03,8.324777507875496951e+01,1.597191412499849861e-01,2.880000000000000000e+02,4.470436160000000000e+08,1.477900042240000000e+11,7.913138717412948608e-02
6.440000000000000000e+02,1.617000000000000000e+03,5.343671161900663691e+01,1.505846504842085487e-01,1.000000000000000000e+02,7.406679040000000000e+09,5.591275929600000000e+11,7.902584671974182129e-01
3.216000000000000000e+03,2.242000000000000000e+03,3.900264356163276602e+02,4.761904761904761640e-02,9.100000000000000000e+01,4.482737664000000000e+09,5.583363112960000000e+11,2.550077438354492188e-01
3.221000000000000000e+03,2.242000000000000000e+03,1.079840027049021529e+02,1.904761904761904656e-01,9.100000000000000000e+01,4.482737664000000000e+09,5.583363112960000000e+11,2.550077438354492188e-01
7.150000000000000000e+02,1.103000000000000000e+03,1.489030544792591968e+02,1.118033988749894958e-01,9.800000000000000000e+01,2.819220736000000000e+09,4.878998896640000000e+11,1.520815610885620117e+00
3.112000000000000000e+03,3.440000000000000000e+02,1.270480179343137763e+02,1.315334104411640948e-01,1.410000000000000000e+02,1.149059840000000000e+09,2.718584832000000000e+11,7.850439548492431641e-01
3.677000000000000000e+03,1.385000000000000000e+03,1.323318093858133011e+02,1.176877882894626220e-01,1.230000000000000000e+02,4.412191232000000000e+09,4.193991720960000000e+11,3.580733537673950195e-01
3.276000000000000000e+03,5.970000000000000000e+02,1.126124582855781142e+02,1.597191412499849861e-01,2.740000000000000000e+02,7.903617280000000000e+08,1.671863173120000000e+11,2.429991066455841064e-01
8.000000000000000000e+01,3.768000000000000000e+03,7.516458860029840139e+01,1.488645855129573925e-01,1.380000000000000000e+02,3.522424832000000000e+09,3.751791165440000000e+11,4.641978740692138672e-01
6.050000000000000000e+02,2.621000000000000000e+03,1.545868881993615389e+02,1.542115846551579128e-01,1.800000000000000000e+01,1.623037542400000000e+10,1.491725320192000000e+12,5.082186508178710938e+01
1.857000000000000000e+03,9.710000000000000000e+02,1.073143987479278536e+02,1.010152544552210818e-01,2.710000000000000000e+02,4.389726080000000000e+08,1.701917163520000000e+11,1.421170681715011597e-01
4.850000000000000000e+02,8.160000000000000000e+02,3.017040171585734356e+02,1.717960677340691911e-01,4.000000000000000000e+01,6.004965376000000000e+09,7.657200680960000000e+11,9.520892500877380371e-01
2.988000000000000000e+03,3.400000000000000000e+01,3.041709891726403612e+02,7.453559924999299258e-02,1.100000000000000000e+01,3.217836032000000000e+10,1.621931982848000000e+12,9.086136817932128906e-01
5.450000000000000000e+02,2.473000000000000000e+03,6.946398799884630648e+01,1.397542485937368628e-01,1.350000000000000000e+02,1.476633216000000000e+09,2.523343421440000000e+11,1.282015740871429443e-01
1.504000000000000000e+03,1.887000000000000000e+03,9.647355722250213148e+02,1.386750490563072868e-01,4.200000000000000000e+01,1.554715648000000000e+10,1.040514875392000000e+12,1.968401670455932617e+00
8.490000000000000000e+02,2.170000000000000000e+03,2.443016184841621339e+02,5.439282932204211884e-02,3.600000000000000000e+01,2.155912396800000000e+10,1.085298507776000000e+12,2.135843515396118164e+00
1.365000000000000000e+03,1.383000000000000000e+03,1.288436696324451418e+02,7.692307692307692735e-02,2.650000000000000000e+02,3.193371840000000000e+08,1.263931473920000000e+11,1.837457120418548584e-01
6.130000000000000000e+02,8.780000000000000000e+02,8.747876458919901665e+01,1.567630989332169100e-01,7.300000000000000000e+01,1.833807257600000000e+10,6.925092782080000000e+11,3.555294871330261230e-01
1.922000000000000000e+03,3.900000000000000000e+03,1.019181360411823078e+02,1.851851851851851749e-01,2.300000000000000000e+01,3.924919910400000000e+10,1.211719614464000000e+12,8.107573509216308594e+00
2.978000000000000000e+03,1.025000000000000000e+03,3.712260010149363865e+01,1.885618083164126990e-01,2.680000000000000000e+02,3.408276480000000000e+08,1.987310223360000000e+11,1.274035722017288208e-01
3.043000000000000000e+03,3.291000000000000000e+03,7.824807388942249986e+01,3.333333333333333287e-02,2.000000000000000000e+01,3.612656025600000000e+10,1.626098892800000000e+12,1.186937093734741211e-01
6.010000000000000000e+02,1.763000000000000000e+03,1.841365979316263122e+02,1.767766952966368654e-01,2.100000000000000000e+01,9.767414784000000000e+09,7.698031575040000000e+11,1.788983106613159180e+00
3.814000000000000000e+03,6.070000000000000000e+02,5.066844711576402460e+01,1.397542485937368628e-01,2.470000000000000000e+02,4.030098240000000000e+08,2.363661844480000000e+11,5.728396400809288025e-02
2.335000000000000000e+03,2.417000000000000000e+03,1.213290565358833106e+02,1.527076157636170495e-01,7.000000000000000000e+00,2.338970419200000000e+10,1.180404940800000000e+12,3.693187236785888672e+00
3.510000000000000000e+02,3.281000000000000000e+03,6.531710724492719464e+02,0.000000000000000000e+00,1.540000000000000000e+02,3.507972096000000000e+09,3.577351372800000000e+11,3.598425090312957764e-01
8.550000000000000000e+02,2.252000000000000000e+03,1.019794649116445981e+02,1.010152544552210818e-01,3.120000000000000000e+02,4.642558400000000000e+08,1.481522544640000000e+11,1.179809570312500000e-01
3.670000000000000000e+02,1.318000000000000000e+03,1.730942171783119647e+02,1.000000000000000056e-01,0.000000000000000000e+00,6.791713996800000000e+10,3.866329874432000000e+12,5.838018655776977539e-01
3.550000000000000000e+03,1.730000000000000000e+03,8.401771039240506411e+01,7.142857142857142461e-02,3.060000000000000000e+02,3.920565760000000000e+08,1.621653094400000000e+11,4.171235859394073486e-02
2.841000000000000000e+03,2.466000000000000000e+03,1.193826599783707394e+02,1.571348402636772446e-01,1.510000000000000000e+02,3.283166976000000000e+09,3.196088156160000000e+11,7.662950754165649414e-01
3.637000000000000000e+03,3.978000000000000000e+03,1.267001695756559627e+02,1.923076923076923184e-01,2.900000000000000000e+01,1.268129484800000000e+10,1.003939889152000000e+12,2.182029724121093750e+00
3.765000000000000000e+03,1.258000000000000000e+03,4.134137834102565421e+02,1.767766952966368654e-01,5.100000000000000000e+01,1.338212966400000000e+10,8.122256588800000000e+11,2.885771274566650391e+00
1.852000000000000000e+03,2.204000000000000000e+03,1.865846106351378069e+02,6.250000000000000000e-02,2.360000000000000000e+02,3.354562240000000000e+08,2.316895354880000000e+11,6.108527630567550659e-02
2.665000000000000000e+03,3.251000000000000000e+03,6.675062104638462301e+01,1.333333333333333315e-01,2.560000000000000000e+02,1.510194176000000000e+09,2.055332167680000000e+11,2.436477988958358765e-01
3.350000000000000000e+02,2.495000000000000000e+03,5.882323880450790909e+01,1.666666666666666574e-01,3.520000000000000000e+02,6.829953280000000000e+08,9.921628569600000000e+10,9.944533929228782654e-03
3.826000000000000000e+03,3.388000000000000000e+03,5.827738423899828746e+01,1.374903330507991073e-01,7.100000000000000000e+01,8.651307008000000000e+09,6.954382786560000000e+11,3.705672323703765869e-01
1.837000000000000000e+03,8.640000000000000000e+02,8.171228650494812484e+01,8.838834764831844659e-02,2.410000000000000000e+02,4.520856000000000000e+08,2.227093340160000000e+11,1.034945324063301086e-01
2.743000000000000000e+03,2.880000000000000000e+03,3.622529609265073702e+01,1.330034072779890386e-01,1.600000000000000000e+01,3.269567692800000000e+10,1.808104685568000000e+12,0.000000000000000000e+00
3.680000000000000000e+02,1.328000000000000000e+03,7.760442833178835542e+01,1.520690632574554779e-01,0.000000000000000000e+00,6.791713996800000000e+10,3.866329874432000000e+12,5.838018655776977539e-01
1.373000000000000000e+03,2.608000000000000000e+03,1.133345006461789382e+02,6.666666666666666574e-02,1.930000000000000000e+02,9.313193600000000000e+08,2.103257825280000000e+11,1.091748252511024475e-01
8.460000000000000000e+02,2.167000000000000000e+03,7.293792398137392752e+01,1.720052290384453675e-01,3.600000000000000000e+01,2.155912396800000000e+10,1.085298507776000000e+12,2.135843515396118164e+00
3.665000000000000000e+03,3.423000000000000000e+03,7.893355099215419841e+02,5.892556509887896671e-02,5.900000000000000000e+01,1.048679833600000000e+10,7.828546519040000000e+11,5.260182619094848633e-01
1.763000000000000000e+03,1.705000000000000000e+03,2.237085368923655437e+02,1.178511301977579334e-01,1.000000000000000000e+01,8.726153216000000000e+09,7.770129039360000000e+11,6.118690013885498047e+00
2.343000000000000000e+03,2.614000000000000000e+03,9.292376724493007032e+02,1.638886943392722229e-01,7.500000000000000000e+01,6.909923840000000000e+09,6.275906273280000000e+11,1.387628793716430664e+00
3.133000000000000000e+03,3.659000000000000000e+03,2.133613423643022315e+02,7.142857142857142461e-02,2.910000000000000000e+02,4.933715520000000000e+08,1.523767541760000000e+11,1.369045227766036987e-01
2.494000000000000000e+03,2.302000000000000000e+03,1.482538202146112383e+02,1.176470588235294101e-01,1.640000000000000000e+02,1.518295168000000000e+09,3.126754672640000000e+11,2.417435050010681152e-01
3.027000000000000000e+03,3.229000000000000000e+03,1.775849685541770100e+02,0.000000000000000000e+00,1.970000000000000000e+02,1.376791424000000000e+09,2.338413936640000000e+11,1.094494313001632690e-01
2.000000000000000000e+03,3.761000000000000000e+03,1.269042637162733911e+02,1.428571428571428492e-01,2.790000000000000000e+02,1.289723392000000000e+09,1.773356646400000000e+11,1.620518565177917480e-01
3.098000000000000000e+03,3.650000000000000000e+03,1.523689990715970737e+02,1.562500000000000000e-01,1.200000000000000000e+01,3.804662169600000000e+10,1.865792618496000000e+12,1.976391410827636719e+01
1.820000000000000000e+03,2.175000000000000000e+03,4.146674675366507046e+01,1.683587574253684604e-01,1.000000000000000000e+00,6.157198950400000000e+10,4.416137068544000000e+12,4.520943015813827515e-02
3.314000000000000000e+03,3.307000000000000000e+03,2.795626717596746857e+02,1.176877882894626220e-01,2.000000000000000000e+00,2.817368064000000000e+10,3.130425081856000000e+12,8.803648948669433594e+00
7.460000000000000000e+02,1.554000000000000000e+03,4.531909247855972467e+01,1.860163329510811370e-01,2.110000000000000000e+02,1.394828928000000000e+09,2.693257297920000000e+11,2.005274295806884766e-01
1.623000000000000000e+03,6.100000000000000000e+01,1.556920357662258141e+02,5.263157894736841813e-02,1.270000000000000000e+02,3.045517312000000000e+09,4.335536701440000000e+11,6.563200950622558594e-01
1.026000000000000000e+03,1.210000000000000000e+02,7.516260155162757428e+01,6.666666666666666574e-02,1.590000000000000000e+02,1.061124736000000000e+09,1.873017241600000000e+11,3.843583166599273682e-01
2.420000000000000000e+03,2.663000000000000000e+03,9.224004671613846540e+01,1.397542485937368628e-01,1.660000000000000000e+02,9.581872640000000000e+08,2.619022049280000000e+11,7.293145358562469482e-02
2.236000000000000000e+03,1.352000000000000000e+03,1.149210052846040355e+02,1.874138920735300140e-01,6.300000000000000000e+01,5.047442432000000000e+09,6.099794657280000000e+11,2.344955205917358398e+00
2.448000000000000000e+03,5.850000000000000000e+02,1.179591347153285312e+02,1.010152544552210818e-01,3.050000000000000000e+02,6.482513280000000000e+08,1.677845135360000000e+11,6.382576376199722290e-02
9.150000000000000000e+02,4.580000000000000000e+02,1.505444695865069491e+02,1.961161351381840168e-01,6.000000000000000000e+00,1.650314547200000000e+10,1.067573116928000000e+12,3.699832201004028320e+00
3.096000000000000000e+03,2.433000000000000000e+03,6.092080023369319264e+01,1.788854381999831766e-01,4.800000000000000000e+01,1.269249024000000000e+10,9.317162024960000000e+11,1.329311370849609375e+00
5.710000000000000000e+02,3.900000000000000000e+02,4.654631860842842883e+01,2.000000000000000111e-01,2.850000000000000000e+02,9.892684160000000000e+08,1.909612216320000000e+11,8.622801303863525391e-02
2.409000000000000000e+03,1.817000000000000000e+03,2.031664935825052396e+02,1.581138830084189706e-01,1.200000000000000000e+02,7.089619968000000000e+09,4.466879692800000000e+11,7.731604576110839844e-01
3.035000000000000000e+03,1.430000000000000000e+03,8.645259269855988293e+01,2.000000000000000111e-01,2.120000000000000000e+02,5.134139840000000000e+08,2.073886720000000000e+11,7.339200377464294434e-02
7.050000000000000000e+02,2.388000000000000000e+03,9.054829345115463468e+01,1.571348402636772446e-01,1.500000000000000000e+02,1.719264640000000000e+09,3.491925852160000000e+11,3.049979805946350098e-01
2.148000000000000000e+03,9.200000000000000000e+01,1.227922877721640447e+02,1.961161351381840168e-01,3.400000000000000000e+01,2.207638323200000000e+10,1.046548774912000000e+12,1.211993932723999023e+00
6.590000000000000000e+02,3.894000000000000000e+03,6.470091448129390699e+01,1.597191412499849861e-01,2.160000000000000000e+02,3.302373120000000000e+08,1.758905139200000000e+11,1.909164041280746460e-01
3.570000000000000000e+03,1.409000000000000000e+03,3.159792910497491221e+02,1.176470588235294101e-01,1.690000000000000000e+02,1.989236992000000000e+09,3.081782558720000000e+11,2.696634232997894287e-01
2.832000000000000000e+03,3.193000000000000000e+03,7.352677988249301677e+01,1.976423537605237202e-01,1.550000000000000000e+02,6.848323840000000000e+08,2.344852357120000000e+11,2.412156015634536743e-01
3.531000000000000000e+03,2.198000000000000000e+03,9.583141635641776190e+01,1.111111111111111049e-01,1.720000000000000000e+02,2.003181440000000000e+09,3.155775324160000000e+11,2.163498550653457642e-01
3.674000000000000000e+03,4.390000000000000000e+02,1.391414010227269102e+02,1.285648693066450132e-01,7.700000000000000000e+01,8.184467456000000000e+09,6.611352944640000000e+11,5.086567997932434082e-01
2.341000000000000000e+03,2.415000000000000000e+03,1.141785758544720721e+02,8.281733249999222168e-02,7.000000000000000000e+00,2.338970419200000000e+10,1.180404940800000000e+12,3.693187236785888672e+00
1.429000000000000000e+03,1.304000000000000000e+03,4.997922899770987470e+01,1.756820922315766309e-01,1.710000000000000000e+02,2.986639104000000000e+09,3.262996480000000000e+11,2.502601742744445801e-01
8.400000000000000000e+02,4.180000000000000000e+02,9.208190618320460885e+01,1.016394535227177209e-01,7.600000000000000000e+01,8.476939776000000000e+09,6.548592394240000000e+11,5.924999117851257324e-01
3.677000000000000000e+03,1.381000000000000000e+03,3.512209255366873322e+02,1.176877882894626220e-01,1.230000000000000000e+02,4.412191232000000000e+09,4.193991720960000000e+11,3.580733537673950195e-01
9.980000000000000000e+02,1.265000000000000000e+03,1.934217779241105006e+02,1.242259987499883256e-01,1.570000000000000000e+02,1.903270912000000000e+09,3.250880839680000000e+11,4.719173014163970947e-01
1.796000000000000000e+03,3.659000000000000000e+03,1.152751003474493388e+02,1.767766952966368932e-01,1.890000000000000000e+02,2.447371008000000000e+09,2.456498667520000000e+11,1.629084646701812744e-01
2.086000000000000000e+03,3.918000000000000000e+03,5.537223947968718818e+01,1.597191412499849861e-01,3.200000000000000000e+02,5.692832640000000000e+08,1.493490237440000000e+11,7.594580948352813721e-02
2.147000000000000000e+03,9.100000000000000000e+01,9.881356804115971215e+01,1.720052290384453675e-01,3.400000000000000000e+01,2.207638323200000000e+10,1.046548774912000000e+12,1.211993932723999023e+00
2.508000000000000000e+03,2.534000000000000000e+03,6.738777108096067536e+01,1.285648693066450132e-01,7.800000000000000000e+01,5.457160704000000000e+09,5.865217720320000000e+11,1.891067266464233398e+00
1.449000000000000000e+03,2.905000000000000000e+03,1.534371692821859483e+02,1.976423537605237202e-01,1.920000000000000000e+02,9.463041920000000000e+08,2.607394979840000000e+11,1.711194664239883423e-01
2.831000000000000000e+03,3.048000000000000000e+03,7.007743683703660054e+01,1.897658566033678385e-01,1.190000000000000000e+02,9.340194816000000000e+09,4.196479139840000000e+11,5.865185856819152832e-01
9.130000000000000000e+02,4.580000000000000000e+02,1.092899471715681301e+02,1.961161351381840168e-01,6.000000000000000000e+00,1.650314547200000000e+10,1.067573116928000000e+12,3.699832201004028320e+00
1.049000000000000000e+03,6.280000000000000000e+02,3.544786528937746084e+01,1.885618083164126990e-01,2.600000000000000000e+02,1.858317312000000000e+09,2.057553674240000000e+11,7.710270881652832031e-01
1.763000000000000000e+03,1.709000000000000000e+03,9.374337942411263214e+01,1.178511301977579334e-01,1.000000000000000000e+01,8.726153216000000000e+09,7.770129039360000000e+11,6.118690013885498047e+00
3.080000000000000000e+02,1.473000000000000000e+03,8.808978655439366889e+01,1.843261372817642241e-01,8.000000000000000000e+00,5.188821811200000000e+10,2.186460135424000000e+12,5.949957370758056641e-01
1.626000000000000000e+03,6.100000000000000000e+01,1.021432859459219600e+02,1.664356663246515655e-01,1.270000000000000000e+02,3.045517312000000000e+09,4.335536701440000000e+11,6.563200950622558594e-01
1.153000000000000000e+03,1.689000000000000000e+03,6.395145785222833723e+01,1.756820922315766309e-01,1.130000000000000000e+02,2.778995916800000000e+10,3.163079311360000000e+11,0.000000000000000000e+00
3.233000000000000000e+03,2.996000000000000000e+03,7.468467983349243866e+01,1.571348402636772446e-01,1.630000000000000000e+02,2.215606528000000000e+09,3.263569264640000000e+11,2.493974864482879639e-01
1.962000000000000000e+03,2.100000000000000000e+01,7.021380709959132105e+01,1.010152544552210818e-01,2.900000000000000000e+02,3.820103360000000000e+08,1.576455208960000000e+11,1.142183914780616760e-01
3.545000000000000000e+03,2.509000000000000000e+03,8.730788232901295487e+01,1.888525745775105347e-01,2.600000000000000000e+01,1.607904665600000000e+10,1.146904903680000000e+12,3.561056852340698242e+00
1.849000000000000000e+03,1.953000000000000000e+03,7.049246770260432982e+01,1.885618083164126990e-01,2.720000000000000000e+02,6.618579840000000000e+08,2.082312028160000000e+11,1.385663002729415894e-01
1.918000000000000000e+03,3.892000000000000000e+03,2.105027215625672738e+02,1.851851851851851749e-01,2.300000000000000000e+01,3.924919910400000000e+10,1.211719614464000000e+12,8.107573509216308594e+00
3.795000000000000000e+03,2.653000000000000000e+03,4.819814864849085012e+01,1.875000000000000000e-01,2.140000000000000000e+02,1.069744256000000000e+09,2.377314959360000000e+11,2.512958347797393799e-01
1.350000000000000000e+03,1.235000000000000000e+03,6.242268081772317601e+01,1.178511301977579334e-01,3.440000000000000000e+02,5.056151360000000000e+08,1.079730585600000000e+11,0.000000000000000000e+00
9.470000000000000000e+02,3.820000000000000000e+03,7.097625658572972895e+01,1.963383631246505001e-01,8.100000000000000000e+01,7.719323136000000000e+09,5.698018344960000000e+11,5.399097129702568054e-02
3.530000000000000000e+03,2.201000000000000000e+03,4.954229584380423290e+01,7.856742013183862228e-02,1.720000000000000000e+02,2.003181440000000000e+09,3.155775324160000000e+11,2.163498550653457642e-01
6.180000000000000000e+02,3.751000000000000000e+03,8.398894596208708663e+01,1.724137931034482873e-01,1.400000000000000000e+01,4.285676339200000000e+10,1.507835248640000000e+12,3.455087184906005859e+00
6.470000000000000000e+02,1.619000000000000000e+03,1.062885529558651427e+02,1.064794274999899953e-01,1.000000000000000000e+02,7.406679040000000000e+09,5.591275929600000000e+11,7.902584671974182129e-01
8.200000000000000000e+02,1.457000000000000000e+03,3.738805932514047754e+02,1.666666666666666574e-01,8.700000000000000000e+01,2.765862656000000000e+09,3.681229864960000000e+11,3.821997940540313721e-01
3.314000000000000000e+03,3.315000000000000000e+03,4.513368649115145104e+02,1.176877882894626220e-01,2.000000000000000000e+00,2.817368064000000000e+10,3.130425081856000000e+12,8.803648948669433594e+00
2.698000000000000000e+03,1.574000000000000000e+03,2.330516268535330369e+02,5.555555555555555247e-02,1.080000000000000000e+02,1.689661696000000000e+09,3.681333084160000000e+11,3.743849694728851318e-01
2.404000000000000000e+03,2.539000000000000000e+03,1.188572113266454267e+02,1.944406936956339094e-01,4.700000000000000000e+01,8.405513728000000000e+09,7.389578526720000000e+11,2.555680990219116211e+00
6.130000000000000000e+02,4.670000000000000000e+02,9.372837553750667894e+01,1.756820922315766309e-01,1.420000000000000000e+02,1.824037888000000000e+09,3.510841180160000000e+11,1.941844373941421509e-01
3.184000000000000000e+03,2.640000000000000000e+03,3.523198685441963107e+01,1.767766952966368932e-01,2.580000000000000000e+02,8.594154240000000000e+08,2.331650129920000000e+11,5.989834293723106384e-02
3.230000000000000000e+02,5.920000000000000000e+02,1.427838523660193459e+02,1.756820922315766309e-01,1.460000000000000000e+02,1.005128384000000000e+09,3.474091212800000000e+11,3.189797103404998779e-01
2.507000000000000000e+03,1.022000000000000000e+03,7.301497182422480137e+01,1.593443597997745154e-01,5.000000000000000000e+00,3.258369433600000000e+10,1.944343412736000000e+12,3.667835891246795654e-01
1.265000000000000000e+03,3.925000000000000000e+03,3.059812931094950272e+02,1.421760560557814024e-01,1.700000000000000000e+01,3.641467289600000000e+10,1.465478807552000000e+12,4.167245388031005859e+00
9.190000000000000000e+02,4.620000000000000000e+02,1.299926664289378380e+02,1.961161351381840168e-01,6.000000000000000000e+00,1.650314547200000000e+10,1.067573116928000000e+12,3.699832201004028320e+00
3.549000000000000000e+03,1.730000000000000000e+03,7.740831261977923816e+01,1.428571428571428492e-01,3.060000000000000000e+02,3.920565760000000000e+08,1.621653094400000000e+11,4.171235859394073486e-02
3.405000000000000000e+03,2.936000000000000000e+03,5.337038649885235486e+01,1.567630989332169100e-01,6.600000000000000000e+01,1.370071859200000000e+10,7.471679406080000000e+11,1.815132617950439453e+00
5.730000000000000000e+02,3.880000000000000000e+02,5.399346990078512221e+01,1.490711984999859852e-01,2.850000000000000000e+02,9.892684160000000000e+08,1.909612216320000000e+11,8.622801303863525391e-02
3.676000000000000000e+03,1.382000000000000000e+03,2.793765827839575877e+02,1.176877882894626220e-01,1.230000000000000000e+02,4.412191232000000000e+09,4.193991720960000000e+11,3.580733537673950195e-01
6.140000000000000000e+02,4.680000000000000000e+02,1.001830084246569186e+02,1.571348402636772446e-01,1.420000000000000000e+02,1.824037888000000000e+09,3.510841180160000000e+11,1.941844373941421509e-01
3.190000000000000000e+02,1.472000000000000000e+03,7.968607550410109752e+01,1.631868123374091983e-01,8.000000000000000000e+00,5.188821811200000000e+10,2.186460135424000000e+12,5.949957370758056641e-01
2.513000000000000000e+03,2.534000000000000000e+03,1.201529111969468744e+02,1.638886943392722229e-01,7.800000000000000000e+01,5.457160704000000000e+09,5.865217720320000000e+11,1.891067266464233398e+00
1.814000000000000000e+03,2.179000000000000000e+03,3.524194704119557997e+01,7.529232524210427435e-02,1.000000000000000000e+00,6.157198950400000000e+10,4.416137068544000000e+12,4.520943015813827515e-02
7.430000000000000000e+02,2.812000000000000000e+03,2.387416254468107866e+02,1.199999999999999956e-01,3.300000000000000000e+01,1.520119193600000000e+10,9.712469934080000000e+11,1.588283777236938477e+00
3.502000000000000000e+03,3.196000000000000000e+03,1.012464249288836271e+02,1.374903330507991073e-01,5.200000000000000000e+01,9.552431104000000000e+09,7.089194926080000000e+11,3.984834671020507812e+00
3.544000000000000000e+03,2.512000000000000000e+03,3.142803337952329912e+02,1.047565601757848297e-01,2.600000000000000000e+01,1.607904665600000000e+10,1.146904903680000000e+12,3.561056852340698242e+00
3.428000000000000000e+03,2.566000000000000000e+03,1.535455245945654497e+02,6.250000000000000000e-02,2.240000000000000000e+02,8.462172160000000000e+08,2.229220966400000000e+11,2.098167538642883301e-01
2.772000000000000000e+03,3.350000000000000000e+02,3.209882540907968718e+01,1.860163329510811370e-01,2.080000000000000000e+02,1.508241280000000000e+09,2.930831523840000000e+11,9.406410157680511475e-02
2.225000000000000000e+03,3.809000000000000000e+03,1.679668769011194911e+02,8.944271909999158832e-02,4.100000000000000000e+01,1.540933632000000000e+10,9.524732887040000000e+11,2.167505264282226562e+00
2.648000000000000000e+03,2.858000000000000000e+03,1.191894360964643624e+02,1.317615691736824801e-01,5.600000000000000000e+01,1.586118144000000000e+10,7.945620684800000000e+11,1.549731612205505371e+00
6.110000000000000000e+02,8.720000000000000000e+02,7.677104605149530414e+01,1.792654619833765339e-01,7.300000000000000000e+01,1.833807257600000000e+10,6.925092782080000000e+11,3.555294871330261230e-01
1.552000000000000000e+03,2.990000000000000000e+03,1.365353837064935192e+02,1.597191412499849861e-01,2.820000000000000000e+02,4.502007040000000000e+08,1.687835607040000000e+11,1.297513842582702637e-01
1.504000000000000000e+03,1.890000000000000000e+03,1.706185616809152066e+02,7.692307692307692735e-02,4.200000000000000000e+01,1.554715648000000000e+10,1.040514875392000000e+12,1.968401670455932617e+00
4.290000000000000000e+02,3.367000000000000000e+03,1.393577837990110879e+02,7.142857142857142461e-02,3.010000000000000000e+02,5.535228160000000000e+08,1.698646589440000000e+11,4.306596517562866211e-02
3.963000000000000000e+03,3.599000000000000000e+03,1.277597857198288409e+02,1.581138830084189706e-01,1.110000000000000000e+02,7.458587648000000000e+09,4.460573818880000000e+11,7.694523334503173828e-01
7.340000000000000000e+02,3.054000000000000000e+03,4.825197644259210250e+01,1.664356663246515655e-01,1.400000000000000000e+02,3.078145536000000000e+09,3.894766796800000000e+11,4.259077310562133789e-01
2.655000000000000000e+03,3.088000000000000000e+03,1.003276431882841990e+02,1.538461538461538547e-01,2.400000000000000000e+02,3.784981760000000000e+08,1.424403660800000000e+11,3.970995172858238220e-02
2.341000000000000000e+03,1.690000000000000000e+03,9.397039144200266492e+02,8.838834764831844659e-02,2.200000000000000000e+02,5.185255360000000000e+08,2.569455697920000000e+11,7.937531173229217529e-02
2.223000000000000000e+03,3.808000000000000000e+03,6.659713815425762107e+01,1.697056274847713875e-01,4.100000000000000000e+01,1.540933632000000000e+10,9.524732887040000000e+11,2.167505264282226562e+00
3.818000000000000000e+03,6.040000000000000000e+02,5.446607846849825307e+01,1.976423537605237202e-01,2.470000000000000000e+02,4.030098240000000000e+08,2.363661844480000000e+11,5.728396400809288025e-02
1.474000000000000000e+03,2.859000000000000000e+03,7.230498379230152750e+01,1.720052290384453675e-01,2.180000000000000000e+02,4.900465280000000000e+08,1.246252810240000000e+11,9.948574006557464600e-02
9.150000000000000000e+02,4.650000000000000000e+02,3.541719337543333950e+02,8.600261451922268374e-02,6.000000000000000000e+00,1.650314547200000000e+10,1.067573116928000000e+12,3.699832201004028320e+00
3.393000000000000000e+03,1.758000000000000000e+03,1.089573874759329613e+02,8.318903308077030267e-02,2.050000000000000000e+02,1.662369152000000000e+09,2.801193123840000000e+11,1.934467852115631104e-01
7.660000000000000000e+02,1.532000000000000000e+03,2.006816107873431747e+02,1.242259987499883256e-01,1.320000000000000000e+02,2.261616384000000000e+09,3.562740449280000000e+11,7.156473994255065918e-01
2.341000000000000000e+03,2.621000000000000000e+03,5.391558911581225999e+01,1.818181818181818232e-01,7.500000000000000000e+01,6.909923840000000000e+09,6.275906273280000000e+11,1.387628793716430664e+00
3.216000000000000000e+03,2.239000000000000000e+03,1.708116900244509679e+02,1.505846504842085487e-01,9.100000000000000000e+01,4.482737664000000000e+09,5.583363112960000000e+11,2.550077438354492188e-01
3.020000000000000000e+03,2.439000000000000000e+03,2.171353212184189374e+02,1.064794274999899953e-01,8.800000000000000000e+01,8.625302528000000000e+09,5.439848775680000000e+11,5.298846960067749023e-01
2.152000000000000000e+03,8.800000000000000000e+01,7.404081616200063820e+01,1.216260638526299870e-01,3.400000000000000000e+01,2.207638323200000000e+10,1.046548774912000000e+12,1.211993932723999023e+00
2.989000000000000000e+03,3.700000000000000000e+01,1.038804993824945342e+02,1.666666666666666574e-01,1.100000000000000000e+01,3.217836032000000000e+10,1.621931982848000000e+12,9.086136817932128906e-01
1.355000000000000000e+03,1.270000000000000000e+03,5.048165234051557348e+01,1.581138830084189706e-01,5.300000000000000000e+01,1.107378278400000000e+10,4.555449630720000000e+11,8.392343521118164062e-01
2.479000000000000000e+03,3.999000000000000000e+03,1.231919606851334379e+02,1.320598061014262026e-01,2.070000000000000000e+02,1.062890048000000000e+09,2.742956195840000000e+11,2.239271402359008789e-01
1.046000000000000000e+03,6.280000000000000000e+02,1.595826281732224743e+02,1.490711984999859852e-01,2.600000000000000000e+02,1.858317312000000000e+09,2.057553674240000000e+11,7.710270881652832031e-01
1.898000000000000000e+03,3.888000000000000000e+03,8.567579714633946253e+01,1.087856586440842377e-01,3.470000000000000000e+02,3.336592000000000000e+08,1.222383042560000000e+11,0.000000000000000000e+00
3.219000000000000000e+03,3.816000000000000000e+03,1.819956482690682549e+02,1.994505484123890171e-01,2.700000000000000000e+01,1.486072934400000000e+10,1.127825801216000000e+12,1.289787650108337402e+00
1.607000000000000000e+03,1.009000000000000000e+03,7.427116893914018192e+01,1.720052290384453675e-01,3.410000000000000000e+02,1.042866880000000000e+09,1.366030581760000000e+11,5.060866475105285645e-02
2.420000000000000000e+03,2.660000000000000000e+03,8.784093262113422895e+01,1.767766952966368932e-01,1.660000000000000000e+02,9.581872640000000000e+08,2.619022049280000000e+11,7.293145358562469482e-02
9.720000000000000000e+02,2.647000000000000000e+03,5.034399707200299190e+01,1.963383631246505001e-01,9.200000000000000000e+01,2.896953344000000000e+09,5.285608161280000000e+11,8.672224879264831543e-01
3.725000000000000000e+03,3.744000000000000000e+03,6.200860729784552206e+01,1.860163329510811370e-01,1.770000000000000000e+02,1.930732928000000000e+09,2.886603243520000000e+11,3.639691770076751709e-01
3.305000000000000000e+03,1.566000000000000000e+03,2.474430286649718767e+02,1.437398936440172637e-01,7.900000000000000000e+01,9.134831616000000000e+09,5.912709038080000000e+11,6.035826802253723145e-01
2.380000000000000000e+03,3.136000000000000000e+03,8.623847778671741082e+01,1.581138830084189706e-01,1.140000000000000000e+02,6.558797824000000000e+09,4.732224798720000000e+11,3.872925639152526855e-01
1.901000000000000000e+03,1.462000000000000000e+03,1.228500916107546033e+02,6.666666666666666574e-02,2.760000000000000000e+02,9.284546560000000000e+08,2.004269629440000000e+11,2.256767898797988892e-01
3.204000000000000000e+03,1.959000000000000000e+03,7.343212847063252013e+01,1.505846504842085487e-01,9.500000000000000000e+01,6.686404608000000000e+09,5.159017840640000000e+11,9.251435995101928711e-01
6.080000000000000000e+02,1.766000000000000000e+03,8.130383374785260742e+01,1.666666666666666574e-01,2.100000000000000000e+01,9.767414784000000000e+09,7.698031575040000000e+11,1.788983106613159180e+00
1.492000000000000000e+03,1.700000000000000000e+03,5.169031465998400421e+01,1.720052290384453675e-01,3.270000000000000000e+02,4.838972160000000000e+08,1.434706575360000000e+11,1.223590448498725891e-01
6.590000000000000000e+02,3.896000000000000000e+03,5.658790341394919210e+01,1.597191412499849861e-01,2.160000000000000000e+02,3.302373120000000000e+08,1.758905139200000000e+11,1.909164041280746460e-01
3.678000000000000000e+03,3.152000000000000000e+03,8.682385069860104920e+01,1.176877882894626220e-01,1.310000000000000000e+02,3.632237568000000000e+09,4.112175923200000000e+11,1.594951003789901733e-01
2.699000000000000000e+03,2.722000000000000000e+03,8.495167124160785477e+01,1.250000000000000000e-01,2.320000000000000000e+02,8.464028800000000000e+08,2.274351841280000000e+11,2.595289349555969238e-01
3.675000000000000000e+03,2.897000000000000000e+03,5.332227682039309968e+01,1.421760560557814024e-01,1.900000000000000000e+01,2.456189337600000000e+10,1.437959847936000000e+12,4.980907142162322998e-01
2.573000000000000000e+03,1.516000000000000000e+03,5.824930807058209439e+02,1.153846153846153910e-01,3.200000000000000000e+01,1.381409075200000000e+10,1.072877797376000000e+12,2.538702011108398438e+00
2.478000000000000000e+03,3.999000000000000000e+03,1.158539784139064324e+02,1.667945299610167909e-01,2.070000000000000000e+02,1.062890048000000000e+09,2.742956195840000000e+11,2.239271402359008789e-01
3.190000000000000000e+02,1.473000000000000000e+03,8.275135452321153195e+01,1.545157428361449981e-01,8.000000000000000000e+00,5.188821811200000000e+10,2.186460135424000000e+12,5.949957370758056641e-01
2.768000000000000000e+03,3.390000000000000000e+02,7.564076495364805908e+01,1.860163329510811370e-01,2.080000000000000000e+02,1.508241280000000000e+09,2.930831523840000000e+11,9.406410157680511475e-02
3.101000000000000000e+03,3.191000000000000000e+03,7.082510514434029858e+01,2.000000000000000111e-01,1.330000000000000000e+02,1.020962880000000000e+09,1.968133570560000000e+11,3.380988538265228271e-01
1.994000000000000000e+03,3.382000000000000000e+03,3.266023886870739830e+02,5.000000000000000278e-02,1.060000000000000000e+02,2.987837184000000000e+09,4.844249415680000000e+11,3.978361785411834717e-01
3.398000000000000000e+03,3.887000000000000000e+03,8.500513905473670206e+01,0.000000000000000000e+00,2.370000000000000000e+02,1.394494720000000000e+09,2.391590338560000000e+11,2.944625318050384521e-01
1.923000000000000000e+03,3.895000000000000000e+03,8.500232334364844178e+01,1.994505484123890171e-01,2.300000000000000000e+01,3.924919910400000000e+10,1.211719614464000000e+12,8.107573509216308594e+00
3.679000000000000000e+03,4.380000000000000000e+02,1.219709961305517112e+02,1.928473039599674921e-01,7.700000000000000000e+01,8.184467456000000000e+09,6.611352944640000000e+11,5.086567997932434082e-01
3.013000000000000000e+03,8.210000000000000000e+02,8.013066552936645337e+01,2.000000000000000111e-01,1.020000000000000000e+02,1.650304512000000000e+09,4.517831966720000000e+11,2.106188774108886719e+00
3.330000000000000000e+02,2.493000000000000000e+03,6.956990974358632229e+01,1.666666666666666574e-01,3.520000000000000000e+02,6.829953280000000000e+08,9.921628569600000000e+10,9.944533929228782654e-03
1.957000000000000000e+03,3.841000000000000000e+03,1.463609989216699034e+02,1.087856586440842377e-01,3.420000000000000000e+02,9.269617920000000000e+08,1.403325972480000000e+11,5.047484487295150757e-02
1.539000000000000000e+03,3.970000000000000000e+02,2.158692157052885463e+01,1.885618083164126990e-01,2.500000000000000000e+02,5.433228800000000000e+08,2.070696591360000000e+11,1.096710339188575745e-01
2.002000000000000000e+03,3.762000000000000000e+03,1.679176041643188455e+02,7.142857142857142461e-02,2.790000000000000000e+02,1.289723392000000000e+09,1.773356646400000000e+11,1.620518565177917480e-01
9.450000000000000000e+02,1.310000000000000000e+02,6.139439655279066983e+02,0.000000000000000000e+00,1.290000000000000000e+02,9.721923840000000000e+08,3.688891678720000000e+11,1.283003538846969604e-01
3.571000000000000000e+03,1.412000000000000000e+03,5.726547656322484414e+01,1.860163329510811370e-01,1.690000000000000000e+02,1.989236992000000000e+09,3.081782558720000000e+11,2.696634232997894287e-01
3.306000000000000000e+03,3.314000000000000000e+03,4.914035941843262094e+02,1.765316824341939261e-01,2.000000000000000000e+00,2.817368064000000000e+10,3.130425081856000000e+12,8.803648948669433594e+00
2.605000000000000000e+03,8.330000000000000000e+02,7.934338833981381356e+01,1.950639396376682988e-01,1.300000000000000000e+01,2.367379046400000000e+10,1.408263389184000000e+12,6.113696098327636719e+00
1.441000000000000000e+03,1.504000000000000000e+03,1.523623996298606471e+02,1.176470588235294101e-01,1.840000000000000000e+02,3.228920576000000000e+09,3.089111777280000000e+11,5.643389225006103516e-01
3.100000000000000000e+02,1.477000000000000000e+03,3.406294353640948458e+01,1.515151515151515194e-01,8.000000000000000000e+00,5.188821811200000000e+10,2.186460135424000000e+12,5.949957370758056641e-01
6.020000000000000000e+02,1.763000000000000000e+03,3.521637075407766133e+02,1.502313031443328895e-01,2.100000000000000000e+01,9.767414784000000000e+09,7.698031575040000000e+11,1.788983106613159180e+00
3.674000000000000000e+03,2.899000000000000000e+03,5.560116412010820142e+01,1.758282590894063580e-01,1.900000000000000000e+01,2.456189337600000000e+10,1.437959847936000000e+12,4.980907142162322998e-01
6.710000000000000000e+02,2.474000000000000000e+03,2.240024831928830054e+02,8.281733249999222168e-02,2.500000000000000000e+01,1.637902950400000000e+10,1.113396346880000000e+12,1.996217012405395508e+00
3.530000000000000000e+02,3.281000000000000000e+03,2.506151640414277892e+02,1.111111111111111049e-01,1.540000000000000000e+02,3.507972096000000000e+09,3.577351372800000000e+11,3.598425090312957764e-01
3.211000000000000000e+03,3.812000000000000000e+03,1.295503742694070866e+02,1.335389361282958987e-01,2.700000000000000000e+01,1.486072934400000000e+10,1.127825801216000000e+12,1.289787650108337402e+00
1.796000000000000000e+03,1.250000000000000000e+03,2.048030214263856124e+02,1.176877882894626220e-01,1.340000000000000000e+02,4.072726016000000000e+09,3.920445112320000000e+11,1.558072865009307861e-01
2.704000000000000000e+03,2.723000000000000000e+03,2.467525431658182455e+01,1.976423537605237202e-01,2.320000000000000000e+02,8.464028800000000000e+08,2.274351841280000000e+11,2.595289349555969238e-01
8.020000000000000000e+02,1.657000000000000000e+03,4.522002755493174675e+01,1.885618083164126990e-01,2.700000000000000000e+02,6.247793920000000000e+08,2.094178795520000000e+11,5.558474734425544739e-02
7.030000000000000000e+02,1.510000000000000000e+03,1.011647070355180205e+02,1.863389981249824745e-01,3.530000000000000000e+02,4.700106560000000000e+08,9.294882406400000000e+10,5.002410709857940674e-02
3.150000000000000000e+02,1.472000000000000000e+03,2.250176586039951303e+02,6.775963568181181396e-02,8.000000000000000000e+00,5.188821811200000000e+10,2.186460135424000000e+12,5.949957370758056641e-01
2.514000000000000000e+03,2.637000000000000000e+03,1.407939845087508104e+02,1.010152544552210818e-01,2.890000000000000000e+02,5.283338560000000000e+08,1.709418905600000000e+11,7.025370001792907715e-02
1.264000000000000000e+03,3.926000000000000000e+03,1.052190796153231389e+02,1.724137931034482873e-01,1.700000000000000000e+01,3.641467289600000000e+10,1.465478807552000000e+12,4.167245388031005859e+00
4.210000000000000000e+02,1.781000000000000000e+03,1.246745572565048974e+02,7.692307692307692735e-02,2.860000000000000000e+02,3.513638080000000000e+08,1.296971448320000000e+11,2.994026429951190948e-02
3.482000000000000000e+03,2.850000000000000000e+03,1.220703392301819434e+02,1.716929178792375721e-01,8.500000000000000000e+01,3.280976896000000000e+09,5.304367513600000000e+11,3.841274082660675049e-01
1.820000000000000000e+03,2.178000000000000000e+03,4.795146292859956105e+01,1.733359497447742315e-01,1.000000000000000000e+00,6.157198950400000000e+10,4.416137068544000000e+12,4.520943015813827515e-02
3.501000000000000000e+03,1.278000000000000000e+03,4.455406691966398824e+01,9.428090415820634951e-02,2.670000000000000000e+02,7.275599360000000000e+08,2.176592773120000000e+11,8.171679824590682983e-02
2.180000000000000000e+03,2.618000000000000000e+03,4.706937048312065031e+02,1.386750490563072868e-01,3.700000000000000000e+01,1.660199526400000000e+10,1.076348256256000000e+12,2.930980205535888672e+00
3.505000000000000000e+03,3.201000000000000000e+03,1.006316910703908292e+02,1.944406936956339094e-01,5.200000000000000000e+01,9.552431104000000000e+09,7.089194926080000000e+11,3.984834671020507812e+00
2.228000000000000000e+03,3.808000000000000000e+03,9.131909157528166077e+01,1.442220510185595606e-01,4.100000000000000000e+01,1.540933632000000000e+10,9.524732887040000000e+11,2.167505264282226562e+00
9.130000000000000000e+02,3.752000000000000000e+03,1.057270624769404463e+02,1.764705882352941291e-01,2.090000000000000000e+02,1.459193984000000000e+09,2.704549806080000000e+11,3.244192004203796387e-01
3.095000000000000000e+03,2.439000000000000000e+03,1.364194587513787837e+02,1.442220510185595606e-01,4.800000000000000000e+01,1.269249024000000000e+10,9.317162024960000000e+11,1.329311370849609375e+00
1.124000000000000000e+03,3.888000000000000000e+03,6.202536387775565174e+01,8.784104611578831545e-02,3.000000000000000000e+00,3.762573721600000000e+10,2.640144498688000000e+12,1.831436872482299805e+00
3.480000000000000000e+03,2.851000000000000000e+03,4.848882462914692724e+02,9.523809523809523281e-02,8.500000000000000000e+01,3.280976896000000000e+09,5.304367513600000000e+11,3.841274082660675049e-01
7.660000000000000000e+02,1.529000000000000000e+03,3.157558052420139916e+02,7.856742013183862228e-02,1.320000000000000000e+02,2.261616384000000000e+09,3.562740449280000000e+11,7.156473994255065918e-01
2.862000000000000000e+03,3.555000000000000000e+03,1.426531841085191559e+02,1.090440572471854941e-01,1.500000000000000000e+01,2.484295680000000000e+10,1.361350492160000000e+12,1.479203462600708008e+00
3.663000000000000000e+03,3.422000000000000000e+03,7.804969913454594916e+02,9.316949906249123725e-02,5.900000000000000000e+01,1.048679833600000000e+10,7.828546519040000000e+11,5.260182619094848633e-01
2.834000000000000000e+03,3.050000000000000000e+03,8.126864904547544484e+02,0.000000000000000000e+00,1.190000000000000000e+02,9.340194816000000000e+09,4.196479139840000000e+11,5.865185856819152832e-01
2.690000000000000000e+02,1.118000000000000000e+03,2.304568321112909501e+01,2.000000000000000111e-01,2.780000000000000000e+02,6.048636160000000000e+08,1.876977745920000000e+11,2.336264252662658691e-01
3.095000000000000000e+03,3.650000000000000000e+03,2.113988698395552603e+02,9.882117688026186009e-02,1.200000000000000000e+01,3.804662169600000000e+10,1.865792618496000000e+12,1.976391410827636719e+01
1.564000000000000000e+03,1.398000000000000000e+03,1.404416729983386460e+02,1.428571428571428492e-01,9.600000000000000000e+01,1.166735257600000000e+10,5.351949926400000000e+11,1.048883438110351562e+00
3.115000000000000000e+03,3.450000000000000000e+02,2.010297186558732960e+02,1.315334104411640948e-01,1.410000000000000000e+02,1.149059840000000000e+09,2.718584832000000000e+11,7.850439548492431641e-01
1.153000000000000000e+03,1.691000000000000000e+03,6.236682510692394743e+01,7.856742013183862228e-02,1.130000000000000000e+02,2.778995916800000000e+10,3.163079311360000000e+11,0.000000000000000000e+00
7.350000000000000000e+02,3.058000000000000000e+03,1.285045965141606246e+02,5.263157894736841813e-02,1.400000000000000000e+02,3.078145536000000000e+09,3.894766796800000000e+11,4.259077310562133789e-01
3.667000000000000000e+03,3.427000000000000000e+03,7.249744362558033117e+01,1.767766952966368654e-01,5.900000000000000000e+01,1.048679833600000000e+10,7.828546519040000000e+11,5.260182619094848633e-01
3.481000000000000000e+03,2.853000000000000000e+03,5.126760804116843246e+02,4.761904761904761640e-02,8.500000000000000000e+01,3.280976896000000000e+09,5.304367513600000000e+11,3.841274082660675049e-01
1.800000000000000000e+03,1.247000000000000000e+03,6.078450467002095792e+01,1.664356663246515655e-01,1.340000000000000000e+02,4.072726016000000000e+09,3.920445112320000000e+11,1.558072865009307861e-01
2.003000000000000000e+03,7.680000000000000000e+02,5.245999762509734410e+01,1.944406936956339094e-01,6.700000000000000000e+01,6.917338624000000000e+09,7.341444956160000000e+11,7.526878714561462402e-01
2.509000000000000000e+03,1.024000000000000000e+03,6.873508903365231504e+01,1.325825214724776491e-01,5.000000000000000000e+00,3.258369433600000000e+10,1.944343412736000000e+12,3.667835891246795654e-01
9.110000000000000000e+02,4.670000000000000000e+02,6.553982191769368626e+01,1.923076923076923184e-01,6.000000000000000000e+00,1.650314547200000000e+10,1.067573116928000000e+12,3.699832201004028320e+00
1.220000000000000000e+02,3.071000000000000000e+03,1.069469656839413858e+02,1.663780661615406053e-01,1.910000000000000000e+02,1.224226560000000000e+09,2.916619386880000000e+11,2.821713387966156006e-01
9.730000000000000000e+02,1.011000000000000000e+03,6.226915879616770155e+01,1.333333333333333315e-01,2.830000000000000000e+02,5.441532800000000000e+08,1.868264898560000000e+11,2.661042660474777222e-02
1.100000000000000000e+01,1.898000000000000000e+03,1.167355506425918037e+02,1.499999999999999944e-01,6.400000000000000000e+01,5.924396544000000000e+09,5.008560619520000000e+11,2.087332487106323242e+00
1.273000000000000000e+03,3.923000000000000000e+03,1.987677984815585717e+02,1.724137931034482873e-01,1.700000000000000000e+01,3.641467289600000000e+10,1.465478807552000000e+12,4.167245388031005859e+00
3.197000000000000000e+03,3.616000000000000000e+03,7.977609191836270952e+01,1.333333333333333315e-01,2.610000000000000000e+02,3.589689600000000000e+08,1.959782809600000000e+11,3.629076108336448669e-02
3.430000000000000000e+03,2.566000000000000000e+03,6.154763834732450789e+01,1.397542485937368628e-01,2.240000000000000000e+02,8.462172160000000000e+08,2.229220966400000000e+11,2.098167538642883301e-01
3.119000000000000000e+03,1.053000000000000000e+03,7.125115540707703303e+02,7.692307692307692735e-02,3.100000000000000000e+01,1.766500556800000000e+10,1.050311589888000000e+12,3.384711980819702148e+00
5.440000000000000000e+02,2.473000000000000000e+03,1.240185049940354958e+02,8.838834764831844659e-02,1.350000000000000000e+02,1.476633216000000000e+09,2.523343421440000000e+11,1.282015740871429443e-01
1.856000000000000000e+03,6.400000000000000000e+02,5.643983095053581565e+02,1.064794274999899953e-01,8.400000000000000000e+01,7.238528512000000000e+09,5.277208739840000000e+11,1.416770100593566895e+00
3.145000000000000000e+03,2.867000000000000000e+03,4.545752411250707326e+01,1.720052290384453675e-01,2.330000000000000000e+02,3.838156800000000000e+08,1.277906698240000000e+11,8.263472467660903931e-02
2.150000000000000000e+03,1.508000000000000000e+03,1.063073564883718234e+02,1.860163329510811370e-01,1.440000000000000000e+02,2.277439488000000000e+09,2.997811609600000000e+11,2.741142213344573975e-01
3.043000000000000000e+03,3.289000000000000000e+03,6.202310351048264891e+01,1.000000000000000056e-01,2.000000000000000000e+01,3.612656025600000000e+10,1.626098892800000000e+12,1.186937093734741211e-01
2.115000000000000000e+03,2.765000000000000000e+03,9.882399279015044158e+01,1.499999999999999944e-01,6.900000000000000000e+01,3.450892544000000000e+09,4.530230394880000000e+11,8.756514787673950195e-01
4.230000000000000000e+02,1.834000000000000000e+03,6.062593152850867995e+01,1.724137931034482873e-01,4.000000000000000000e+00,2.216379187200000000e+10,1.423872098304000000e+12,1.059899687767028809e+00
3.314000000000000000e+03,1.274000000000000000e+03,1.381135640499483088e+02,1.242259987499883256e-01,1.450000000000000000e+02,2.051864320000000000e+09,3.555906682880000000e+11,3.473100960254669189e-01
2.050000000000000000e+02,1.060000000000000000e+03,7.461428266047438740e+01,1.505846504842085487e-01,5.400000000000000000e+01,7.008146944000000000e+09,5.634084044800000000e+11,5.607416629791259766e-01
2.177000000000000000e+03,2.623000000000000000e+03,7.169065343917274049e+02,8.600261451922268374e-02,3.700000000000000000e+01,1.660199526400000000e+10,1.076348256256000000e+12,2.930980205535888672e+00
7.370000000000000000e+02,2.813000000000000000e+03,2.057958643652888782e+02,1.264911064067351931e-01,3.300000000000000000e+01,1.520119193600000000e+10,9.712469934080000000e+11,1.588283777236938477e+00
1.849000000000000000e+03,2.206000000000000000e+03,1.214700642713844019e+02,1.976423537605237202e-01,2.360000000000000000e+02,3.354562240000000000e+08,2.316895354880000000e+11,6.108527630567550659e-02
6.060000000000000000e+02,1.762000000000000000e+03,1.257423339195089653e+02,1.863389981249824745e-01,2.100000000000000000e+01,9.767414784000000000e+09,7.698031575040000000e+11,1.788983106613159180e+00
2.151000000000000000e+03,1.474000000000000000e+03,5.519673998702595696e+01,1.315334104411640948e-01,1.990000000000000000e+02,6.572332160000000000e+08,2.871545692160000000e+11,2.213998883962631226e-01
2.822000000000000000e+03,2.760000000000000000e+02,4.502920753458360537e+01,1.863389981249824745e-01,3.480000000000000000e+02,6.097633280000000000e+08,1.116363161600000000e+11,1.257665604352951050e-01
2.718000000000000000e+03,1.496000000000000000e+03,2.641748802472542366e+02,1.087856586440842377e-01,3.500000000000000000e+01,2.962417459200000000e+10,9.809144053760000000e+11,6.172360420227050781e+00
1.920000000000000000e+02,2.723000000000000000e+03,8.636691075703424758e+01,5.000000000000000278e-02,1.170000000000000000e+02,1.784323712000000000e+09,5.036438650880000000e+11,4.591844975948333740e-01
6.040000000000000000e+02,2.617000000000000000e+03,1.266838370169465975e+02,1.243293543263444545e-01,1.800000000000000000e+01,1.623037542400000000e+10,1.491725320192000000e+12,5.082186508178710938e+01
1.359000000000000000e+03,2.012000000000000000e+03,3.332511659591085618e+01,1.860163329510811370e-01,1.810000000000000000e+02,1.441623680000000000e+09,2.788685250560000000e+11,2.093609422445297241e-01
2.664000000000000000e+03,3.250000000000000000e+03,1.550801825039554558e+02,9.428090415820634951e-02,2.560000000000000000e+02,1.510194176000000000e+09,2.055332167680000000e+11,2.436477988958358765e-01
3.820000000000000000e+03,3.300000000000000000e+02,1.216341113161029313e+02,1.663780661615406053e-01,2.030000000000000000e+02,1.893578880000000000e+09,2.790343639040000000e+11,1.433310806751251221e-01
3.720000000000000000e+02,1.318000000000000000e+03,1.014266719802293011e+02,1.600781059358212244e-01,0.000000000000000000e+00,6.791713996800000000e+10,3.866329874432000000e+12,5.838018655776977539e-01
3.199000000000000000e+03,3.617000000000000000e+03,1.088433276329366635e+02,1.490711984999859852e-01,2.610000000000000000e+02,3.589689600000000000e+08,1.959782809600000000e+11,3.629076108336448669e-02
1.850000000000000000e+03,1.950000000000000000e+03,1.946865462277763470e+02,9.428090415820634951e-02,2.720000000000000000e+02,6.618579840000000000e+08,2.082312028160000000e+11,1.385663002729415894e-01
1.397000000000000000e+03,1.454000000000000000e+03,1.228602224997283372e+02,1.597191412499849861e-01,3.040000000000000000e+02,3.285930240000000000e+08,1.690658570240000000e+11,2.467923052608966827e-02
3.438000000000000000e+03,9.710000000000000000e+02,5.874986362609771362e+01,1.597191412499849861e-01,3.090000000000000000e+02,7.481344000000000000e+08,1.764769464320000000e+11,1.146598011255264282e-01
2.148000000000000000e+03,3.733000000000000000e+03,7.798159115206232173e+01,1.720052290384453675e-01,3.260000000000000000e+02,8.942238080000000000e+08,1.268130119680000000e+11,1.499052494764328003e-01
1.759000000000000000e+03,1.707000000000000000e+03,2.558551450011482018e+02,8.333333333333332871e-02,1.000000000000000000e+01,8.726153216000000000e+09,7.770129039360000000e+11,6.118690013885498047e+00
2.443000000000000000e+03,1.666000000000000000e+03,9.484369682623285769e+01,1.976423537605237202e-01,2.390000000000000000e+02,1.227665792000000000e+09,2.207238225920000000e+11,1.781434752047061920e-02
2.602000000000000000e+03,8.310000000000000000e+02,1.728223199440530493e+02,7.710579232757895640e-02,1.300000000000000000e+01,2.367379046400000000e+10,1.408263389184000000e+12,6.113696098327636719e+00
3.404000000000000000e+03,2.933000000000000000e+03,5.039686568679923653e+02,4.347826086956521618e-02,6.600000000000000000e+01,1.370071859200000000e+10,7.471679406080000000e+11,1.815132617950439453e+00
2.280000000000000000e+03,3.731000000000000000e+03,8.026368878280862873e+01,7.692307692307692735e-02,3.130000000000000000e+02,3.749838400000000000e+08,1.443974512640000000e+11,6.140996888279914856e-02
3.697000000000000000e+03,2.509000000000000000e+03,1.997616939510922407e+02,7.692307692307692735e-02,4.300000000000000000e+01,6.390501888000000000e+09,1.028565368832000000e+12,1.451150059700012207e+00
2.700000000000000000e+03,1.574000000000000000e+03,1.483261015298958512e+02,5.555555555555555247e-02,1.080000000000000000e+02,1.689661696000000000e+09,3.681333084160000000e+11,3.743849694728851318e-01
2.663000000000000000e+03,3.248000000000000000e+03,1.254961372242725446e+02,2.000000000000000111e-01,2.560000000000000000e+02,1.510194176000000000e+09,2.055332167680000000e+11,2.436477988958358765e-01
1.831000000000000000e+03,1.570000000000000000e+03,1.617648532610402299e+02,1.664356663246515655e-01,1.240000000000000000e+02,2.067857920000000000e+09,3.856891576320000000e+11,3.170086741447448730e-01
2.301000000000000000e+03,1.183000000000000000e+03,9.196098413321689691e+01,1.597191412499849861e-01,2.880000000000000000e+02,4.470436160000000000e+08,1.477900042240000000e+11,7.913138717412948608e-02
3.397000000000000000e+03,3.890000000000000000e+03,2.604973488142708504e+01,1.976423537605237202e-01,2.370000000000000000e+02,1.394494720000000000e+09,2.391590338560000000e+11,2.944625318050384521e-01
2.719000000000000000e+03,1.493000000000000000e+03,4.479678163302244798e+01,1.961161351381840168e-01,3.500000000000000000e+01,2.962417459200000000e+10,9.809144053760000000e+11,6.172360420227050781e+00
1.290000000000000000e+02,3.279000000000000000e+03,1.148702563685722140e+02,1.442220510185595606e-01,3.900000000000000000e+01,9.824643072000000000e+09,9.033239101440000000e+11,4.672022819519042969e+00
3.127000000000000000e+03,3.145000000000000000e+03,7.738551625229351316e+01,1.499999999999999944e-01,1.010000000000000000e+02,6.721974784000000000e+09,4.795139031040000000e+11,4.184983968734741211e-01
2.148000000000000000e+03,9.100000000000000000e+01,1.641871485534787496e+02,1.585809856006792640e-01,3.400000000000000000e+01,2.207638323200000000e+10,1.046548774912000000e+12,1.211993932723999023e+00
3.762000000000000000e+03,1.262000000000000000e+03,2.332729833589647228e+02,4.166666666666666435e-02,5.100000000000000000e+01,1.338212966400000000e+10,8.122256588800000000e+11,2.885771274566650391e+00
1.676000000000000000e+03,2.127000000000000000e+03,7.914928250077393557e+01,1.716929178792375721e-01,9.400000000000000000e+01,3.051343872000000000e+09,5.484187811840000000e+11,4.253889322280883789e-01
2.961000000000000000e+03,3.239000000000000000e+03,1.532892204329014021e+02,5.555555555555555247e-02,1.860000000000000000e+02,2.221791744000000000e+09,3.187015680000000000e+11,4.008580744266510010e-01
1.757000000000000000e+03,1.709000000000000000e+03,5.194221398585300165e+01,1.863389981249824745e-01,1.000000000000000000e+01,8.726153216000000000e+09,7.770129039360000000e+11,6.118690013885498047e+00
3.192000000000000000e+03,1.870000000000000000e+02,1.734988244130477142e+02,7.692307692307692735e-02,2.550000000000000000e+02,4.543162560000000000e+08,1.399847157760000000e+11,6.439997255802154541e-02
2.818000000000000000e+03,2.740000000000000000e+02,5.793251131748027660e+01,1.863389981249824745e-01,3.480000000000000000e+02,6.097633280000000000e+08,1.116363161600000000e+11,1.257665604352951050e-01
3.967000000000000000e+03,3.601000000000000000e+03,1.174924754045438533e+02,7.071067811865475172e-02,1.110000000000000000e+02,7.458587648000000000e+09,4.460573818880000000e+11,7.694523334503173828e-01
3.480000000000000000e+03,2.852000000000000000e+03,7.349211012069511071e+02,4.761904761904761640e-02,8.500000000000000000e+01,3.280976896000000000e+09,5.304367513600000000e+11,3.841274082660675049e-01
1.820000000000000000e+02,2.339000000000000000e+03,1.118164857233395111e+02,1.242259987499883256e-01,1.790000000000000000e+02,2.816224256000000000e+09,3.195419361280000000e+11,3.078545928001403809e-01
8.410000000000000000e+02,4.160000000000000000e+02,7.321875264788066318e+01,1.437398936440172637e-01,7.600000000000000000e+01,8.476939776000000000e+09,6.548592394240000000e+11,5.924999117851257324e-01
3.528000000000000000e+03,2.243000000000000000e+03,5.933701442315238239e+01,1.490711984999859852e-01,2.220000000000000000e+02,1.007934720000000000e+09,2.182227886080000000e+11,2.225803583860397339e-01
2.151000000000000000e+03,3.731000000000000000e+03,1.396355776664300379e+02,1.087856586440842377e-01,3.260000000000000000e+02,8.942238080000000000e+08,1.268130119680000000e+11,1.499052494764328003e-01
1.816000000000000000e+03,2.183000000000000000e+03,3.072008686376239339e+01,1.813279310919978238e-01,1.000000000000000000e+00,6.157198950400000000e+10,4.416137068544000000e+12,4.520943015813827515e-02
3.500000000000000000e+03,3.196000000000000000e+03,2.293701549743192913e+02,1.374903330507991073e-01,5.200000000000000000e+01,9.552431104000000000e+09,7.089194926080000000e+11,3.984834671020507812e+00
2.568000000000000000e+03,1.512000000000000000e+03,1.163257096843332477e+02,1.720052290384453675e-01,3.200000000000000000e+01,1.381409075200000000e+10,1.072877797376000000e+12,2.538702011108398438e+00
3.394000000000000000e+03,1.757000000000000000e+03,1.613384123482183554e+02,0.000000000000000000e+00,2.050000000000000000e+02,1.662369152000000000e+09,2.801193123840000000e+11,1.934467852115631104e-01
6.410000000000000000e+02,1.620000000000000000e+03,4.769372390581813193e+01,1.904761904761904656e-01,1.000000000000000000e+02,7.406679040000000000e+09,5.591275929600000000e+11,7.902584671974182129e-01
3.626000000000000000e+03,3.376000000000000000e+03,9.814066059917391271e+01,1.875000000000000000e-01,2.430000000000000000e+02,1.012105728000000000e+09,2.227059097600000000e+11,1.548350751399993896e-01
5.210000000000000000e+02,2.169000000000000000e+03,1.907921223071611223e+02,1.176877882894626220e-01,8.900000000000000000e+01,6.515340800000000000e+09,4.246592880640000000e+11,1.049532413482666016e+00
2.515000000000000000e+03,1.022000000000000000e+03,7.229078169659830166e+01,9.882117688026186009e-02,5.000000000000000000e+00,3.258369433600000000e+10,1.944343412736000000e+12,3.667835891246795654e-01
1.923000000000000000e+03,3.898000000000000000e+03,1.211012595668563421e+02,1.888525745775105347e-01,2.300000000000000000e+01,3.924919910400000000e+10,1.211719614464000000e+12,8.107573509216308594e+00
2.406000000000000000e+03,1.294000000000000000e+03,9.505149069375395356e+02,1.054092553389459896e-01,9.000000000000000000e+00,3.914225254400000000e+10,1.627581579264000000e+12,2.495837211608886719e+00
3.065000000000000000e+03,3.439000000000000000e+03,1.624356403378669143e+02,1.472537723434878820e-01,2.400000000000000000e+01,2.261052211200000000e+10,1.228229181440000000e+12,2.252333760261535645e-01
3.407000000000000000e+03,2.935000000000000000e+03,4.229337071539947601e+01,1.944406936956339094e-01,6.600000000000000000e+01,1.370071859200000000e+10,7.471679406080000000e+11,1.815132617950439453e+00
9.450000000000000000e+02,3.819000000000000000e+03,1.104081042845644447e+02,9.523809523809523281e-02,8.100000000000000000e+01,7.719323136000000000e+09,5.698018344960000000e+11,5.399097129702568054e-02
1.830000000000000000e+02,3.570000000000000000e+02,1.322245224764037062e+02,1.397542485937368628e-01,1.520000000000000000e+02,1.430619904000000000e+09,2.242048327680000000e+11,1.786086708307266235e-01
3.022000000000000000e+03,5.280000000000000000e+02,1.383622523658879686e+02,9.523809523809523281e-02,9.700000000000000000e+01,5.012286464000000000e+09,5.178961100800000000e+11,1.447071075439453125e+00
2.490000000000000000e+03,2.302000000000000000e+03,1.351686898847180203e+02,1.176470588235294101e-01,1.640000000000000000e+02,1.518295168000000000e+09,3.126754672640000000e+11,2.417435050010681152e-01
1.304000000000000000e+03,2.019000000000000000e+03,7.977565542374809127e+01,1.961161351381840168e-01,3.800000000000000000e+01,1.030433177600000000e+10,9.779833077760000000e+11,7.185483574867248535e-01
2.952000000000000000e+03,3.600000000000000000e+02,6.444354898171226864e+01,2.000000000000000111e-01,2.690000000000000000e+02,5.385856640000000000e+08,2.082065776640000000e+11,1.056062951683998108e-01
1.858000000000000000e+03,6.430000000000000000e+02,1.591275119124983917e+02,6.734350297014739251e-02,8.400000000000000000e+01,7.238528512000000000e+09,5.277208739840000000e+11,1.416770100593566895e+00
2.152000000000000000e+03,3.732000000000000000e+03,9.764352507864775532e+01,1.538461538461538547e-01,3.260000000000000000e+02,8.942238080000000000e+08,1.268130119680000000e+11,1.499052494764328003e-01
2.909000000000000000e+03,1.820000000000000000e+02,1.278937195280117862e+02,1.767766952966368932e-01,2.530000000000000000e+02,6.700957440000000000e+08,2.376157429760000000e+11,1.779581606388092041e-01
2.572000000000000000e+03,1.515000000000000000e+03,7.987886437077140727e+02,8.600261451922268374e-02,3.200000000000000000e+01,1.381409075200000000e+10,1.072877797376000000e+12,2.538702011108398438e+00
3.010000000000000000e+03,8.160000000000000000e+02,8.184317583783736438e+01,1.581138830084189706e-01,1.020000000000000000e+02,1.650304512000000000e+09,4.517831966720000000e+11,2.106188774108886719e+00
1.865000000000000000e+03,3.058000000000000000e+03,9.630176664145015764e+01,1.111111111111111049e-01,1.360000000000000000e+02,3.717910016000000000e+09,3.234228469760000000e+11,9.218970537185668945e-01
1.170000000000000000e+02,3.074000000000000000e+03,4.652765756440492595e+01,1.860163329510811370e-01,1.910000000000000000e+02,1.224226560000000000e+09,2.916619386880000000e+11,2.821713387966156006e-01
2.984000000000000000e+03,3.500000000000000000e+01,9.297973741892222677e+01,1.943650631615100322e-01,1.100000000000000000e+01,3.217836032000000000e+10,1.621931982848000000e+12,9.086136817932128906e-01
3.463000000000000000e+03,4.970000000000000000e+02,7.221914028383328343e+01,1.346870059402947850e-01,8.300000000000000000e+01,3.556626176000000000e+09,5.523520880640000000e+11,9.543594717979431152e-01
3.696000000000000000e+03,1.207000000000000000e+03,8.088333776791313312e+01,1.875000000000000000e-01,1.560000000000000000e+02,1.485463936000000000e+09,2.239134924800000000e+11,2.409477382898330688e-01
8.920000000000000000e+02,2.562000000000000000e+03,6.713854012105215929e+01,1.976423537605237202e-01,2.510000000000000000e+02,9.487840640000000000e+08,2.391114219520000000e+11,1.013396605849266052e-01
2.001000000000000000e+03,3.680000000000000000e+03,2.585297002719491957e+02,1.597191412499849861e-01,2.840000000000000000e+02,9.432234240000000000e+08,1.574320209920000000e+11,2.867662906646728516e-01
3.307000000000000000e+03,1.567000000000000000e+03,2.744891563437955710e+02,1.016394535227177209e-01,7.900000000000000000e+01,9.134831616000000000e+09,5.912709038080000000e+11,6.035826802253723145e-01
2.740000000000000000e+03,2.873000000000000000e+03,3.844268191428474779e+01,1.962181461386522385e-01,1.600000000000000000e+01,3.269567692800000000e+10,1.808104685568000000e+12,0.000000000000000000e+00
1.817000000000000000e+03,2.176000000000000000e+03,4.579784620594473665e+01,9.523809523809523281e-02,1.000000000000000000e+00,6.157198950400000000e+10,4.416137068544000000e+12,4.520943015813827515e-02
9.130000000000000000e+02,4.630000000000000000e+02,6.315010370218182061e+02,3.846153846153846367e-02,6.000000000000000000e+00,1.650314547200000000e+10,1.067573116928000000e+12,3.699832201004028320e+00
2.450000000000000000e+02,2.966000000000000000e+03,1.076366120585224735e+02,1.756820922315766309e-01,1.670000000000000000e+02,4.070727936000000000e+09,3.505171988480000000e+11,1.216749101877212524e-01
1.119000000000000000e+03,3.883000000000000000e+03,8.727486039706110432e+01,1.242259987499883256e-01,3.000000000000000000e+00,3.762573721600000000e+10,2.640144498688000000e+12,1.831436872482299805e+00
1.011000000000000000e+03,8.780000000000000000e+02,4.806089177546520830e+01,8.333333333333332871e-02,3.370000000000000000e+02,3.474301440000000000e+08,1.050752040960000000e+11,7.004173099994659424e-02
3.533000000000000000e+03,2.244000000000000000e+03,7.160355292534184457e+01,2.000000000000000111e-01,2.220000000000000000e+02,1.007934720000000000e+09,2.182227886080000000e+11,2.225803583860397339e-01
2.506000000000000000e+03,4.360000000000000000e+02,1.656951897717294742e+02,7.443229275647869625e-02,1.100000000000000000e+02,2.271716608000000000e+09,4.323528212480000000e+11,2.722533047199249268e-01
9.000000000000000000e+02,1.721000000000000000e+03,7.386330875868277701e+01,9.090909090909091161e-02,3.000000000000000000e+02,1.259877120000000000e+09,7.717212979200000000e+10,0.000000000000000000e+00
2.030000000000000000e+02,8.590000000000000000e+02,6.030887745912102815e+01,1.720052290384453675e-01,2.980000000000000000e+02,4.411450880000000000e+08,1.278965022720000000e+11,4.018817096948623657e-02
1.963000000000000000e+03,3.987000000000000000e+03,1.131682227146601178e+02,5.892556509887896671e-02,5.800000000000000000e+01,1.604596838400000000e+10,8.437500477440000000e+11,6.876591444015502930e-01
1.580000000000000000e+03,2.112000000000000000e+03,6.632985122172486570e+01,1.374903330507991073e-01,5.500000000000000000e+01,2.193723596800000000e+10,7.420609822720000000e+11,5.831490755081176758e-01
1.943000000000000000e+03,1.616000000000000000e+03,4.000680592017526038e+01,1.976423537605237202e-01,2.170000000000000000e+02,8.166224000000000000e+08,2.521198264320000000e+11,1.638118028640747070e-01
1.374000000000000000e+03,1.738000000000000000e+03,6.568639529525471232e+01,1.333333333333333315e-01,2.770000000000000000e+02,9.291714560000000000e+08,1.840636067840000000e+11,4.683445021510124207e-02
8.340000000000000000e+02,4.180000000000000000e+02,7.738864033779346130e+01,1.874138920735300140e-01,7.600000000000000000e+01,8.476939776000000000e+09,6.548592394240000000e+11,5.924999117851257324e-01
2.724000000000000000e+03,1.501000000000000000e+03,3.775385685602017816e+01,1.923076923076923184e-01,3.500000000000000000e+01,2.962417459200000000e+10,9.809144053760000000e+11,6.172360420227050781e+00
1.492000000000000000e+03,1.704000000000000000e+03,3.811402608165710859e+01,1.720052290384453675e-01,3.270000000000000000e+02,4.838972160000000000e+08,1.434706575360000000e+11,1.223590448498725891e-01
3.426000000000000000e+03,2.566000000000000000e+03,1.255068521599233975e+02,1.397542485937368628e-01,2.240000000000000000e+02,8.462172160000000000e+08,2.229220966400000000e+11,2.098167538642883301e-01
1.156000000000000000e+03,1.692000000000000000e+03,6.051147848796416895e+01,1.111111111111111049e-01,1.130000000000000000e+02,2.778995916800000000e+10,3.163079311360000000e+11,0.000000000000000000e+00
2.400000000000000000e+03,2.541000000000000000e+03,9.733223352903215755e+02,0.000000000000000000e+00,4.700000000000000000e+01,8.405513728000000000e+09,7.389578526720000000e+11,2.555680990219116211e+00
2.409000000000000000e+03,1.298000000000000000e+03,1.236373622847342517e+02,1.000000000000000056e-01,9.000000000000000000e+00,3.914225254400000000e+10,1.627581579264000000e+12,2.495837211608886719e+00
2.737000000000000000e+03,2.884000000000000000e+03,3.946969811468658662e+01,1.737149937785323894e-01,1.600000000000000000e+01,3.269567692800000000e+10,1.808104685568000000e+12,0.000000000000000000e+00
3.081000000000000000e+03,1.265000000000000000e+03,1.240957834971236764e+02,1.963383631246505001e-01,7.400000000000000000e+01,5.023833600000000000e+09,5.444143677440000000e+11,3.966262638568878174e-01
2.245000000000000000e+03,1.096000000000000000e+03,2.784853494000807217e+01,1.243293543263444545e-01,3.000000000000000000e+01,2.774474752000000000e+10,1.397942386688000000e+12,0.000000000000000000e+00
2.605000000000000000e+03,8.290000000000000000e+02,1.438575119187225368e+02,1.379310344827586188e-01,1.300000000000000000e+01,2.367379046400000000e+10,1.408263389184000000e+12,6.113696098327636719e+00
9.450000000000000000e+02,1.300000000000000000e+02,1.404530790320776248e+02,5.555555555555555247e-02,1.290000000000000000e+02,9.721923840000000000e+08,3.688891678720000000e+11,1.283003538846969604e-01
3.120000000000000000e+03,1.057000000000000000e+03,1.186521658804515624e+02,1.585809856006792640e-01,3.100000000000000000e+01,1.766500556800000000e+10,1.050311589888000000e+12,3.384711980819702148e+00
1.120000000000000000e+03,3.886000000000000000e+03,7.522333363018118746e+01,3.928371006591931114e-02,3.000000000000000000e+00,3.762573721600000000e+10,2.640144498688000000e+12,1.831436872482299805e+00
2.514000000000000000e+03,1.300000000000000000e+01,8.660151251519714322e+01,1.756820922315766309e-01,1.600000000000000000e+02,3.196273664000000000e+09,3.672825528320000000e+11,1.436638087034225464e-01
2.750000000000000000e+03,2.447000000000000000e+03,4.978470998087148587e+02,1.264911064067351931e-01,4.500000000000000000e+01,9.663973376000000000e+09,9.594038517760000000e+11,1.929919958114624023e+00
2.653000000000000000e+03,2.840000000000000000e+03,6.282422281672276654e+01,1.863389981249824745e-01,3.500000000000000000e+02,3.723372480000000000e+08,1.038927544320000000e+11,1.821991987526416779e-02
1.700000000000000000e+01,1.896000000000000000e+03,7.648973968549258018e+01,1.802775637731994507e-01,6.400000000000000000e+01,5.924396544000000000e+09,5.008560619520000000e+11,2.087332487106323242e+00
7.890000000000000000e+02,2.455000000000000000e+03,1.316096887566472162e+02,0.000000000000000000e+00,3.190000000000000000e+02,3.865904000000000000e+08,1.632098549760000000e+11,8.648485690355300903e-02
2.578000000000000000e+03,2.340000000000000000e+02,4.443501077552015488e+01,1.767766952966368932e-01,2.540000000000000000e+02,3.900685120000000000e+08,2.271090442240000000e+11,3.730879351496696472e-02
2.750000000000000000e+03,2.449000000000000000e+03,4.715690430181429065e+02,1.697056274847713875e-01,4.500000000000000000e+01,9.663973376000000000e+09,9.594038517760000000e+11,1.929919958114624023e+00
2.861000000000000000e+03,3.548000000000000000e+03,3.159953642518388506e+02,1.379310344827586188e-01,1.500000000000000000e+01,2.484295680000000000e+10,1.361350492160000000e+12,1.479203462600708008e+00
1.400000000000000000e+01,1.901000000000000000e+03,8.703764979271836921e+01,1.499999999999999944e-01,6.400000000000000000e+01,5.924396544000000000e+09,5.008560619520000000e+11,2.087332487106323242e+00
2.509000000000000000e+03,1.869000000000000000e+03,4.649698363429582315e+01,1.578947368421052544e-01,1.370000000000000000e+02,4.924700672000000000e+09,4.232317501440000000e+11,1.894956678152084351e-01
2.701000000000000000e+03,2.724000000000000000e+03,7.627126447041244717e+01,1.250000000000000000e-01,2.320000000000000000e+02,8.464028800000000000e+08,2.274351841280000000e+11,2.595289349555969238e-01
7.160000000000000000e+02,1.101000000000000000e+03,5.008465821400130125e+01,2.000000000000000111e-01,9.800000000000000000e+01,2.819220736000000000e+09,4.878998896640000000e+11,1.520815610885620117e+00
3.829000000000000000e+03,3.390000000000000000e+03,6.977659415952699362e+01,1.792654619833765339e-01,7.100000000000000000e+01,8.651307008000000000e+09,6.954382786560000000e+11,3.705672323703765869e-01
2.655000000000000000e+03,3.090000000000000000e+03,1.437134839513495876e+02,0.000000000000000000e+00,2.400000000000000000e+02,3.784981760000000000e+08,1.424403660800000000e+11,3.970995172858238220e-02
3.664000000000000000e+03,3.428000000000000000e+03,1.455659813123424442e+02,1.666666666666666574e-01,5.900000000000000000e+01,1.048679833600000000e+10,7.828546519040000000e+11,5.260182619094848633e-01
3.663000000000000000e+03,3.420000000000000000e+03,2.212701728369598015e+02,1.717960677340691911e-01,5.900000000000000000e+01,1.048679833600000000e+10,7.828546519040000000e+11,5.260182619094848633e-01
3.630000000000000000e+02,1.325000000000000000e+03,9.762578715684797714e+01,1.250000000000000000e-01,0.000000000000000000e+00,6.791713996800000000e+10,3.866329874432000000e+12,5.838018655776977539e-01
4.930000000000000000e+02,8.150000000000000000e+02,9.276658663902587421e+01,1.863389981249824745e-01,4.000000000000000000e+01,6.004965376000000000e+09,7.657200680960000000e+11,9.520892500877380371e-01
3.320000000000000000e+02,2.497000000000000000e+03,3.258267448954648415e+01,1.863389981249824745e-01,3.520000000000000000e+02,6.829953280000000000e+08,9.921628569600000000e+10,9.944533929228782654e-03
3.530000000000000000e+03,2.243000000000000000e+03,1.588258068281961357e+02,6.666666666666666574e-02,2.220000000000000000e+02,1.007934720000000000e+09,2.182227886080000000e+11,2.225803583860397339e-01
1.900000000000000000e+03,3.891000000000000000e+03,6.905786575945325012e+01,1.720052290384453675e-01,3.470000000000000000e+02,3.336592000000000000e+08,1.222383042560000000e+11,0.000000000000000000e+00
3.869000000000000000e+03,1.993000000000000000e+03,9.353929026377616651e+01,1.229750923802691437e-01,6.200000000000000000e+01,1.031607296000000000e+10,7.346875924480000000e+11,1.895973205566406250e+00
3.622000000000000000e+03,3.378000000000000000e+03,7.088959098470260756e+01,1.397542485937368628e-01,2.430000000000000000e+02,1.012105728000000000e+09,2.227059097600000000e+11,1.548350751399993896e-01
2.702000000000000000e+03,1.573000000000000000e+03,5.692434461263838585e+01,1.756820922315766309e-01,1.080000000000000000e+02,1.689661696000000000e+09,3.681333084160000000e+11,3.743849694728851318e-01
3.216000000000000000e+03,2.246000000000000000e+03,6.240013090276740115e+01,1.963383631246505001e-01,9.100000000000000000e+01,4.482737664000000000e+09,5.583363112960000000e+11,2.550077438354492188e-01
3.698000000000000000e+03,1.210000000000000000e+03,1.403161395425174476e+02,1.250000000000000000e-01,1.560000000000000000e+02,1.485463936000000000e+09,2.239134924800000000e+11,2.409477382898330688e-01
3.530000000000000000e+03,2.245000000000000000e+03,1.019178234029870822e+02,6.666666666666666574e-02,2.220000000000000000e+02,1.007934720000000000e+09,2.182227886080000000e+11,2.225803583860397339e-01
2.819000000000000000e+03,2.740000000000000000e+02,7.181798563964785842e+01,1.178511301977579334e-01,3.480000000000000000e+02,6.097633280000000000e+08,1.116363161600000000e+11,1.257665604352951050e-01
8.190000000000000000e+02,1.463000000000000000e+03,1.112738436412623599e+02,1.756820922315766309e-01,8.700000000000000000e+01,2.765862656000000000e+09,3.681229864960000000e+11,3.821997940540313721e-01
1.119000000000000000e+03,3.893000000000000000e+03,3.139677782420718799e+01,1.756820922315766309e-01,3.000000000000000000e+00,3.762573721600000000e+10,2.640144498688000000e+12,1.831436872482299805e+00
8.410000000000000000e+02,4.140000000000000000e+02,5.789797648871746105e+01,1.928473039599674921e-01,7.600000000000000000e+01,8.476939776000000000e+09,6.548592394240000000e+11,5.924999117851257324e-01
1.437000000000000000e+03,1.504000000000000000e+03,2.461508772479797358e+02,1.176470588235294101e-01,1.840000000000000000e+02,3.228920576000000000e+09,3.089111777280000000e+11,5.643389225006103516e-01
2.754000000000000000e+03,3.322000000000000000e+03,5.545808892049433325e+02,8.695652173913043237e-02,6.000000000000000000e+01,1.034285875200000000e+10,7.247058698240000000e+11,3.249531269073486328e+00
2.152000000000000000e+03,3.731000000000000000e+03,8.923813616836025631e+01,1.720052290384453675e-01,3.260000000000000000e+02,8.942238080000000000e+08,1.268130119680000000e+11,1.499052494764328003e-01
3.981000000000000000e+03,2.432000000000000000e+03,1.927751970915397237e+02,1.597191412499849861e-01,2.200000000000000000e+01,3.011985612800000000e+10,1.264861839360000000e+12,0.000000000000000000e+00
2.244000000000000000e+03,1.095000000000000000e+03,2.852210972707235825e+01,1.421760560557814024e-01,3.000000000000000000e+01,2.774474752000000000e+10,1.397942386688000000e+12,0.000000000000000000e+00
2.507000000000000000e+03,2.536000000000000000e+03,5.332869469724205658e+01,1.363636363636363535e-01,7.800000000000000000e+01,5.457160704000000000e+09,5.865217720320000000e+11,1.891067266464233398e+00
6.440000000000000000e+02,1.621000000000000000e+03,2.519461170416275309e+02,6.734350297014739251e-02,1.000000000000000000e+02,7.406679040000000000e+09,5.591275929600000000e+11,7.902584671974182129e-01
1.812000000000000000e+03,2.169000000000000000e+03,2.766146625144435234e+01,1.683587574253684604e-01,1.000000000000000000e+00,6.157198950400000000e+10,4.416137068544000000e+12,4.520943015813827515e-02
3.667000000000000000e+03,3.426000000000000000e+03,9.164897642906805686e+01,1.502313031443328895e-01,5.900000000000000000e+01,1.048679833600000000e+10,7.828546519040000000e+11,5.260182619094848633e-01
3.088000000000000000e+03,1.263000000000000000e+03,8.573149680461484934e+01,1.505846504842085487e-01,7.400000000000000000e+01,5.023833600000000000e+09,5.444143677440000000e+11,3.966262638568878174e-01
2.512000000000000000e+03,1.019000000000000000e+03,1.200923773505388681e+02,6.250000000000000000e-02,5.000000000000000000e+00,3.258369433600000000e+10,1.944343412736000000e+12,3.667835891246795654e-01
2.514000000000000000e+03,1.019000000000000000e+03,7.036912891757303612e+01,8.838834764831844659e-02,5.000000000000000000e+00,3.258369433600000000e+10,1.944343412736000000e+12,3.667835891246795654e-01
3.490000000000000000e+02,3.283000000000000000e+03,5.801849301438140571e+01,1.571348402636772446e-01,1.540000000000000000e+02,3.507972096000000000e+09,3.577351372800000000e+11,3.598425090312957764e-01
2.991000000000000000e+03,3.500000000000000000e+01,1.037564156644172897e+02,1.201850425154663005e-01,1.100000000000000000e+01,3.217836032000000000e+10,1.621931982848000000e+12,9.086136817932128906e-01
2.339000000000000000e+03,2.620000000000000000e+03,9.697396101272778424e+01,1.638886943392722229e-01,7.500000000000000000e+01,6.909923840000000000e+09,6.275906273280000000e+11,1.387628793716430664e+00
8.000000000000000000e+00,2.914000000000000000e+03,4.396254810059046036e+01,1.250000000000000000e-01,2.480000000000000000e+02,7.255711360000000000e+08,2.413170196480000000e+11,7.241006195545196533e-02
3.601000000000000000e+03,3.027000000000000000e+03,1.038560134503329948e+02,2.000000000000000111e-01,9.000000000000000000e+01,1.856924032000000000e+09,4.570356121600000000e+11,5.995895862579345703e-01
1.552000000000000000e+03,2.993000000000000000e+03,1.531510417344047710e+02,1.010152544552210818e-01,2.820000000000000000e+02,4.502007040000000000e+08,1.687835607040000000e+11,1.297513842582702637e-01
3.062000000000000000e+03,1.580000000000000000e+03,7.263127582775041446e+01,1.428571428571428492e-01,3.170000000000000000e+02,5.427262080000000000e+08,1.611926405120000000e+11,5.585111305117607117e-02
3.693000000000000000e+03,2.506000000000000000e+03,1.464968884065666259e+02,1.585809856006792640e-01,4.300000000000000000e+01,6.390501888000000000e+09,1.028565368832000000e+12,1.451150059700012207e+00
2.250000000000000000e+03,1.093000000000000000e+03,7.360504591901998594e+01,7.710579232757895640e-02,3.000000000000000000e+01,2.774474752000000000e+10,1.397942386688000000e+12,0.000000000000000000e+00
1.795000000000000000e+03,7.920000000000000000e+02,8.016030690311791318e+01,1.242259987499883256e-01,1.610000000000000000e+02,2.234117888000000000e+09,3.617741537280000000e+11,1.721291691064834595e-01
2.985000000000000000e+03,2.900000000000000000e+01,1.129698345555734562e+02,1.666666666666666574e-01,1.100000000000000000e+01,3.217836032000000000e+10,1.621931982848000000e+12,9.086136817932128906e-01
3.209000000000000000e+03,3.813000000000000000e+03,7.207755202248550574e+01,1.888525745775105347e-01,2.700000000000000000e+01,1.486072934400000000e+10,1.127825801216000000e+12,1.289787650108337402e+00
2.398000000000000000e+03,2.537000000000000000e+03,1.763862875425889456e+02,1.944406936956339094e-01,4.700000000000000000e+01,8.405513728000000000e+09,7.389578526720000000e+11,2.555680990219116211e+00
2.755000000000000000e+03,3.326000000000000000e+03,1.139866445451876587e+02,1.792654619833765339e-01,6.000000000000000000e+01,1.034285875200000000e+10,7.247058698240000000e+11,3.249531269073486328e+00
3.306000000000000000e+03,3.309000000000000000e+03,2.085207319479433750e+02,1.664356663246515655e-01,2.000000000000000000e+00,2.817368064000000000e+10,3.130425081856000000e+12,8.803648948669433594e+00
2.481000000000000000e+03,3.999000000000000000e+03,9.843491856651394301e+01,1.320598061014262026e-01,2.070000000000000000e+02,1.062890048000000000e+09,2.742956195840000000e+11,2.239271402359008789e-01
3.712000000000000000e+03,1.131000000000000000e+03,2.576008214937857019e+02,1.118033988749894958e-01,9.900000000000000000e+01,4.183457280000000000e+09,4.913350901760000000e+11,5.355432629585266113e-01
3.336000000000000000e+03,7.980000000000000000e+02,4.495820551286521436e+02,7.856742013183862228e-02,1.480000000000000000e+02,1.724786304000000000e+09,3.378457477120000000e+11,3.567959368228912354e-01
1.799000000000000000e+03,1.246000000000000000e+03,1.119951825832885532e+02,1.488645855129573925e-01,1.340000000000000000e+02,4.072726016000000000e+09,3.920445112320000000e+11,1.558072865009307861e-01
1.915000000000000000e+03,3.893000000000000000e+03,2.506032786628935582e+02,1.851851851851851749e-01,2.300000000000000000e+01,3.924919910400000000e+10,1.211719614464000000e+12,8.107573509216308594e+00
2.070000000000000000e+02,1.060000000000000000e+03,9.970282965359035643e+01,1.505846504842085487e-01,5.400000000000000000e+01,7.008146944000000000e+09,5.634084044800000000e+11,5.607416629791259766e-01
6.130000000000000000e+02,4.690000000000000000e+02,1.077654474469107697e+02,7.856742013183862228e-02,1.420000000000000000e+02,1.824037888000000000e+09,3.510841180160000000e+11,1.941844373941421509e-01
2.511000000000000000e+03,1.024000000000000000e+03,5.614730054787012392e+01,9.882117688026186009e-02,5.000000000000000000e+00,3.258369433600000000e+10,1.944343412736000000e+12,3.667835891246795654e-01
2.179000000000000000e+03,2.626000000000000000e+03,6.601551393556108849e+01,1.961161351381840168e-01,3.700000000000000000e+01,1.660199526400000000e+10,1.076348256256000000e+12,2.930980205535888672e+00
2.866000000000000000e+03,1.437000000000000000e+03,8.430105251933433408e+01,1.597191412499849861e-01,3.020000000000000000e+02,3.985460800000000000e+08,1.576966717440000000e+11,8.313544094562530518e-02
8.170000000000000000e+02,1.459000000000000000e+03,2.198536011575099280e+02,1.756820922315766309e-01,8.700000000000000000e+01,2.765862656000000000e+09,3.681229864960000000e+11,3.821997940540313721e-01
3.125000000000000000e+03,1.051000000000000000e+03,1.337179870336938450e+02,1.720052290384453675e-01,3.100000000000000000e+01,1.766500556800000000e+10,1.050311589888000000e+12,3.384711980819702148e+00
2.863000000000000000e+03,3.552000000000000000e+03,6.843924039605439020e+02,6.896551724137930939e-02,1.500000000000000000e+01,2.484295680000000000e+10,1.361350492160000000e+12,1.479203462600708008e+00
2.394000000000000000e+03,9.040000000000000000e+02,3.680227409539626393e+01,1.976423537605237202e-01,1.980000000000000000e+02,1.700113280000000000e+09,2.217990389760000000e+11,1.600320488214492798e-01
3.095000000000000000e+03,2.437000000000000000e+03,7.885126798578582452e+01,1.199999999999999956e-01,4.800000000000000000e+01,1.269249024000000000e+10,9.317162024960000000e+11,1.329311370849609375e+00
1.780000000000000000e+02,2.342000000000000000e+03,8.522253973254346704e+01,1.571348402636772446e-01,1.790000000000000000e+02,2.816224256000000000e+09,3.195419361280000000e+11,3.078545928001403809e-01
1.417000000000000000e+03,1.430000000000000000e+03,1.867856659105742096e+02,1.176877882894626220e-01,1.260000000000000000e+02,4.160075520000000000e+09,3.984403005440000000e+11,1.379993796348571777e+00
2.026000000000000000e+03,3.138000000000000000e+03,1.448627047355711568e+02,7.856742013183862228e-02,1.580000000000000000e+02,3.082649600000000000e+09,3.410867978240000000e+11,3.555988073348999023e-01
3.600000000000000000e+02,1.320000000000000000e+03,9.365657855628771244e+01,1.820027472320129569e-01,0.000000000000000000e+00,6.791713996800000000e+10,3.866329874432000000e+12,5.838018655776977539e-01
2.398000000000000000e+03,2.543000000000000000e+03,1.353814300165953171e+02,1.229750923802691437e-01,4.700000000000000000e+01,8.405513728000000000e+09,7.389578526720000000e+11,2.555680990219116211e+00
2.582000000000000000e+03,2.320000000000000000e+02,1.534660229711474244e+02,1.250000000000000000e-01,2.540000000000000000e+02,3.900685120000000000e+08,2.271090442240000000e+11,3.730879351496696472e-02
3.823000000000000000e+03,3.393000000000000000e+03,5.055841842664760577e+01,1.229750923802691437e-01,7.100000000000000000e+01,8.651307008000000000e+09,6.954382786560000000e+11,3.705672323703765869e-01
6.480000000000000000e+02,1.123000000000000000e+03,4.036193392351783160e+01,1.976423537605237202e-01,2.290000000000000000e+02,1.669234816000000000e+09,2.513650483200000000e+11,7.054258584976196289e-01
1.153000000000000000e+03,9.200000000000000000e+02,1.528795405399664844e+02,0.000000000000000000e+00,3.450000000000000000e+02,4.557914560000000000e+08,8.479191859200000000e+10,4.677961021661758423e-02
1.845000000000000000e+03,1.022000000000000000e+03,1.238163006745703711e+02,1.875000000000000000e-01,1.030000000000000000e+02,2.004422016000000000e+09,2.521610321920000000e+11,2.871632277965545654e-01
3.895000000000000000e+03,5.180000000000000000e+02,5.186782410216047623e+01,1.578947368421052544e-01,1.470000000000000000e+02,1.940034048000000000e+09,3.742253711360000000e+11,3.393869996070861816e-01
2.989000000000000000e+03,3.000000000000000000e+01,2.110612255456664172e+02,6.666666666666666574e-02,1.100000000000000000e+01,3.217836032000000000e+10,1.621931982848000000e+12,9.086136817932128906e-01
1.330000000000000000e+02,3.283000000000000000e+03,3.772710974934698811e+02,8.944271909999158832e-02,3.900000000000000000e+01,9.824643072000000000e+09,9.033239101440000000e+11,4.672022819519042969e+00
3.720000000000000000e+02,1.324000000000000000e+03,9.321045180372421157e+01,1.346291201783625935e-01,0.000000000000000000e+00,6.791713996800000000e+10,3.866329874432000000e+12,5.838018655776977539e-01
3.308000000000000000e+03,3.309000000000000000e+03,2.003294055569481600e+02,1.176877882894626220e-01,2.000000000000000000e+00,2.817368064000000000e+10,3.130425081856000000e+12,8.803648948669433594e+00
1.119000000000000000e+03,3.888000000000000000e+03,5.821705314835671174e+01,6.211299937499416279e-02,3.000000000000000000e+00,3.762573721600000000e+10,2.640144498688000000e+12,1.831436872482299805e+00
7.390000000000000000e+02,8.380000000000000000e+02,5.836940141142992644e+01,1.597191412499849861e-01,3.280000000000000000e+02,3.508671680000000000e+08,1.473805352960000000e+11,3.014664165675640106e-02
1.028000000000000000e+03,1.210000000000000000e+02,3.162408163777514503e+01,2.000000000000000111e-01,1.590000000000000000e+02,1.061124736000000000e+09,1.873017241600000000e+11,3.843583166599273682e-01
3.313000000000000000e+03,1.274000000000000000e+03,1.032236536062283960e+02,1.571348402636772446e-01,1.450000000000000000e+02,2.051864320000000000e+09,3.555906682880000000e+11,3.473100960254669189e-01
5.760000000000000000e+02,7.870000000000000000e+02,1.003015804527216801e+02,1.976423537605237202e-01,2.100000000000000000e+02,6.068355200000000000e+08,2.526852382720000000e+11,2.046982795000076294e-01
9.150000000000000000e+02,4.610000000000000000e+02,2.282229997551230269e+02,8.600261451922268374e-02,6.000000000000000000e+00,1.650314547200000000e+10,1.067573116928000000e+12,3.699832201004028320e+00
3.097000000000000000e+03,3.650000000000000000e+03,1.621529735056983554e+02,1.325825214724776491e-01,1.200000000000000000e+01,3.804662169600000000e+10,1.865792618496000000e+12,1.976391410827636719e+01
1.443000000000000000e+03,2.728000000000000000e+03,1.368235539894988904e+02,6.666666666666666574e-02,2.440000000000000000e+02,5.282016000000000000e+08,1.886439014400000000e+11,1.114356368780136108e-01
2.422000000000000000e+03,2.664000000000000000e+03,8.270527575753277461e+01,1.250000000000000000e-01,1.660000000000000000e+02,9.581872640000000000e+08,2.619022049280000000e+11,7.293145358562469482e-02
1.052000000000000000e+03,1.410000000000000000e+03,1.872664041971480060e+02,8.838834764831844659e-02,1.730000000000000000e+02,1.532323584000000000e+09,2.364367831040000000e+11,1.674392223358154297e-01
9.430000000000000000e+02,3.821000000000000000e+03,1.475084430783859091e+02,9.523809523809523281e-02,8.100000000000000000e+01,7.719323136000000000e+09,5.698018344960000000e+11,5.399097129702568054e-02
2.134000000000000000e+03,3.750000000000000000e+02,4.235815601038630973e+01,1.397542485937368628e-01,2.380000000000000000e+02,6.961411200000000000e+08,2.244707778560000000e+11,8.804488927125930786e-02
3.047000000000000000e+03,3.290000000000000000e+03,7.046149933043170677e+01,1.490711984999859852e-01,2.000000000000000000e+01,3.612656025600000000e+10,1.626098892800000000e+12,1.186937093734741211e-01
1.794000000000000000e+03,1.247000000000000000e+03,4.093273748577608018e+01,1.664356663246515655e-01,1.340000000000000000e+02,4.072726016000000000e+09,3.920445112320000000e+11,1.558072865009307861e-01
1.187000000000000000e+03,1.349000000000000000e+03,8.537602882551652783e+00,1.571348402636772446e-01,3.590000000000000000e+02,4.946091840000000000e+08,4.422862438400000000e+10,0.000000000000000000e+00
2.737000000000000000e+03,2.880000000000000000e+03,5.749971834126385062e+01,7.213122508063837812e-02,1.600000000000000000e+01,3.269567692800000000e+10,1.808104685568000000e+12,0.000000000000000000e+00
1.763000000000000000e+03,1.706000000000000000e+03,4.274089506952769852e+02,9.316949906249123725e-02,1.000000000000000000e+01,8.726153216000000000e+09,7.770129039360000000e+11,6.118690013885498047e+00
1.399000000000000000e+03,1.453000000000000000e+03,3.856563626986214217e+02,0.000000000000000000e+00,3.040000000000000000e+02,3.285930240000000000e+08,1.690658570240000000e+11,2.467923052608966827e-02
2.223000000000000000e+03,3.813000000000000000e+03,1.270593348419296404e+02,1.442220510185595606e-01,4.100000000000000000e+01,1.540933632000000000e+10,9.524732887040000000e+11,2.167505264282226562e+00
4.890000000000000000e+02,8.130000000000000000e+02,7.116229030169201053e+01,1.666666666666666574e-01,4.000000000000000000e+01,6.004965376000000000e+09,7.657200680960000000e+11,9.520892500877380371e-01
1.995000000000000000e+03,3.379000000000000000e+03,1.147623648190384529e+02,1.499999999999999944e-01,1.060000000000000000e+02,2.987837184000000000e+09,4.844249415680000000e+11,3.978361785411834717e-01
3.085000000000000000e+03,1.260000000000000000e+03,9.759782632275484104e+01,1.904761904761904656e-01,7.400000000000000000e+01,5.023833600000000000e+09,5.444143677440000000e+11,3.966262638568878174e-01
3.723000000000000000e+03,3.745000000000000000e+03,1.049516098816773848e+02,5.882352941176470507e-02,1.770000000000000000e+02,1.930732928000000000e+09,2.886603243520000000e+11,3.639691770076751709e-01
2.759000000000000000e+03,3.320000000000000000e+03,1.223146865730226978e+02,1.567630989332169100e-01,6.000000000000000000e+01,1.034285875200000000e+10,7.247058698240000000e+11,3.249531269073486328e+00
6.170000000000000000e+02,3.749000000000000000e+03,6.849109046313363081e+01,1.542115846551579128e-01,1.400000000000000000e+01,4.285676339200000000e+10,1.507835248640000000e+12,3.455087184906005859e+00
3.811000000000000000e+03,1.066000000000000000e+03,1.642564488639833087e+02,7.692307692307692735e-02,3.340000000000000000e+02,5.983065600000000000e+08,1.386395566080000000e+11,6.755406409502029419e-02
3.548000000000000000e+03,2.516000000000000000e+03,3.490566873238682319e+02,1.047565601757848297e-01,2.600000000000000000e+01,1.607904665600000000e+10,1.146904903680000000e+12,3.561056852340698242e+00
1.296000000000000000e+03,2.019000000000000000e+03,1.459959182681897119e+02,1.216260638526299870e-01,3.800000000000000000e+01,1.030433177600000000e+10,9.779833077760000000e+11,7.185483574867248535e-01
3.890000000000000000e+02,7.960000000000000000e+02,9.584246073751766914e+01,1.717960677340691911e-01,5.000000000000000000e+01,7.061435904000000000e+09,8.643143270400000000e+11,2.096730947494506836e+00
1.012000000000000000e+03,8.760000000000000000e+02,7.519358867051388984e+01,1.178511301977579334e-01,3.370000000000000000e+02,3.474301440000000000e+08,1.050752040960000000e+11,7.004173099994659424e-02
2.421000000000000000e+03,2.659000000000000000e+03,7.425999098340982130e+01,1.976423537605237202e-01,1.660000000000000000e+02,9.581872640000000000e+08,2.619022049280000000e+11,7.293145358562469482e-02
5.440000000000000000e+02,2.474000000000000000e+03,8.154617852372145137e+01,1.397542485937368628e-01,1.350000000000000000e+02,1.476633216000000000e+09,2.523343421440000000e+11,1.282015740871429443e-01
3.710000000000000000e+03,1.720000000000000000e+02,4.365491538870527961e+02,9.090909090909091161e-02,7.000000000000000000e+01,8.901328896000000000e+09,6.326715678720000000e+11,1.451230168342590332e+00
6.830000000000000000e+02,9.370000000000000000e+02,7.665503867722830478e+01,1.315334104411640948e-01,1.750000000000000000e+02,1.603920384000000000e+09,3.096959713280000000e+11,1.232247829437255859e+00
1.837000000000000000e+03,8.650000000000000000e+02,8.869305792166525748e+01,6.250000000000000000e-02,2.410000000000000000e+02,4.520856000000000000e+08,2.227093340160000000e+11,1.034945324063301086e-01
1.389000000000000000e+03,1.270000000000000000e+03,8.020376448775984102e+01,1.767766952966368932e-01,2.190000000000000000e+02,1.665134976000000000e+09,2.605144473600000000e+11,1.890190243721008301e-01
2.339000000000000000e+03,2.616000000000000000e+03,1.057259820791673519e+02,1.016394535227177209e-01,7.500000000000000000e+01,6.909923840000000000e+09,6.275906273280000000e+11,1.387628793716430664e+00
8.490000000000000000e+02,2.174000000000000000e+03,5.354606907154830253e+01,1.961161351381840168e-01,3.600000000000000000e+01,2.155912396800000000e+10,1.085298507776000000e+12,2.135843515396118164e+00
1.269000000000000000e+03,3.921000000000000000e+03,2.591342376640875500e+02,1.724137931034482873e-01,1.700000000000000000e+01,3.641467289600000000e+10,1.465478807552000000e+12,4.167245388031005859e+00
2.004000000000000000e+03,3.678000000000000000e+03,2.201412733165595910e+02,1.010152544552210818e-01,2.840000000000000000e+02,9.432234240000000000e+08,1.574320209920000000e+11,2.867662906646728516e-01
3.968000000000000000e+03,3.598000000000000000e+03,8.311328377194396921e+01,1.414213562373095034e-01,1.110000000000000000e+02,7.458587648000000000e+09,4.460573818880000000e+11,7.694523334503173828e-01
3.394000000000000000e+03,2.271000000000000000e+03,5.490328219990195180e+01,1.860163329510811370e-01,2.000000000000000000e+02,1.618048256000000000e+09,2.718396088320000000e+11,4.473841786384582520e-01
2.395000000000000000e+03,9.080000000000000000e+02,2.463164244150719995e+01,1.397542485937368628e-01,1.980000000000000000e+02,1.700113280000000000e+09,2.217990389760000000e+11,1.600320488214492798e-01
6.590000000000000000e+02,3.895000000000000000e+03,7.742319498410654433e+01,1.428571428571428492e-01,2.160000000000000000e+02,3.302373120000000000e+08,1.758905139200000000e+11,1.909164041280746460e-01
1.732000000000000000e+03,2.704000000000000000e+03,6.784257289351660347e+01,1.597191412499849861e-01,3.160000000000000000e+02,4.275064960000000000e+08,1.588974551040000000e+11,1.222106888890266418e-01
9.700000000000000000e+02,1.487000000000000000e+03,4.032932740044748954e+01,8.838834764831844659e-02,1.430000000000000000e+02,9.831441408000000000e+09,2.495392317440000000e+11,0.000000000000000000e+00
2.950000000000000000e+03,3.600000000000000000e+02,9.981413098840634746e+01,6.666666666666666574e-02,2.690000000000000000e+02,5.385856640000000000e+08,2.082065776640000000e+11,1.056062951683998108e-01
3.066000000000000000e+03,3.438000000000000000e+03,1.876250186250365743e+02,1.071428571428571369e-01,2.400000000000000000e+01,2.261052211200000000e+10,1.228229181440000000e+12,2.252333760261535645e-01
3.390000000000000000e+03,2.273000000000000000e+03,8.607739778630117655e+01,8.318903308077030267e-02,2.000000000000000000e+02,1.618048256000000000e+09,2.718396088320000000e+11,4.473841786384582520e-01
1.556000000000000000e+03,3.187000000000000000e+03,2.991305105971123268e+01,1.087856586440842377e-01,3.460000000000000000e+02,3.621963840000000000e+08,1.311142952960000000e+11,6.944186519831418991e-03
1.419000000000000000e+03,1.429000000000000000e+03,1.861200392837440631e+02,7.443229275647869625e-02,1.260000000000000000e+02,4.160075520000000000e+09,3.984403005440000000e+11,1.379993796348571777e+00
1.303000000000000000e+03,2.018000000000000000e+03,1.319293042922195411e+02,1.538461538461538547e-01,3.800000000000000000e+01,1.030433177600000000e+10,9.779833077760000000e+11,7.185483574867248535e-01
2.798000000000000000e+03,3.171000000000000000e+03,1.328713347811973335e+02,1.976423537605237202e-01,2.660000000000000000e+02,7.283575680000000000e+08,2.201929154560000000e+11,6.726475805044174194e-02
3.529000000000000000e+03,2.246000000000000000e+03,8.229025781607663248e+01,1.490711984999859852e-01,2.220000000000000000e+02,1.007934720000000000e+09,2.182227886080000000e+11,2.225803583860397339e-01
3.395000000000000000e+03,1.756000000000000000e+03,1.643229169610328881e+02,8.318903308077030267e-02,2.050000000000000000e+02,1.662369152000000000e+09,2.801193123840000000e+11,1.934467852115631104e-01
1.353000000000000000e+03,1.268000000000000000e+03,6.749101867448071062e+02,1.581138830084189706e-01,5.300000000000000000e+01,1.107378278400000000e+10,4.555449630720000000e+11,8.392343521118164062e-01
2.601000000000000000e+03,8.330000000000000000e+02,1.014176490421701970e+02,1.379310344827586188e-01,1.300000000000000000e+01,2.367379046400000000e+10,1.408263389184000000e+12,6.113696098327636719e+00
2.440000000000000000e+02,2.970000000000000000e+03,6.660182111783363723e+01,1.242259987499883256e-01,1.670000000000000000e+02,4.070727936000000000e+09,3.505171988480000000e+11,1.216749101877212524e-01
1.720000000000000000e+02,2.142000000000000000e+03,9.010729757622085856e+01,6.666666666666666574e-02,2.800000000000000000e+02,7.535530880000000000e+08,1.993198469120000000e+11,6.548240035772323608e-02
3.021000000000000000e+03,5.300000000000000000e+02,4.342522798418752217e+01,1.963383631246505001e-01,9.700000000000000000e+01,5.012286464000000000e+09,5.178961100800000000e+11,1.447071075439453125e+00
2.646000000000000000e+03,2.860000000000000000e+03,2.166643214497425447e+02,1.317615691736824801e-01,5.600000000000000000e+01,1.586118144000000000e+10,7.945620684800000000e+11,1.549731612205505371e+00
2.442000000000000000e+03,1.665000000000000000e+03,1.035186174270840951e+02,1.767766952966368932e-01,2.390000000000000000e+02,1.227665792000000000e+09,2.207238225920000000e+11,1.781434752047061920e-02
3.219000000000000000e+03,2.242000000000000000e+03,4.095870481093560898e+02,9.523809523809523281e-02,9.100000000000000000e+01,4.482737664000000000e+09,5.583363112960000000e+11,2.550077438354492188e-01
1.762000000000000000e+03,4.210000000000000000e+02,1.164011047006560915e+02,1.010152544552210818e-01,2.040000000000000000e+02,2.237363712000000000e+09,1.677475020800000000e+11,5.028765797615051270e-01
1.900000000000000000e+03,3.887000000000000000e+03,9.216406569472938770e+01,1.720052290384453675e-01,3.470000000000000000e+02,3.336592000000000000e+08,1.222383042560000000e+11,0.000000000000000000e+00
3.436000000000000000e+03,1.429000000000000000e+03,8.892732057833798365e+01,1.664356663246515655e-01,1.180000000000000000e+02,3.062268160000000000e+09,4.329599795200000000e+11,4.076516926288604736e-01
1.743000000000000000e+03,2.040000000000000000e+03,1.326798297322520739e+02,1.597191412499849861e-01,3.100000000000000000e+02,3.430820160000000000e+08,1.454713405440000000e+11,4.223517701029777527e-02
3.021000000000000000e+03,5.270000000000000000e+02,4.785309680953776024e+02,6.734350297014739251e-02,9.700000000000000000e+01,5.012286464000000000e+09,5.178961100800000000e+11,1.447071075439453125e+00
4.810000000000000000e+02,3.665000000000000000e+03,1.085194079920006374e+02,1.414213562373095034e-01,3.570000000000000000e+02,3.244615360000000000e+08,5.597995827200000000e+10,9.652553126215934753e-03
3.625000000000000000e+03,3.378000000000000000e+03,5.102820712240703926e+01,1.767766952966368932e-01,2.430000000000000000e+02,1.012105728000000000e+09,2.227059097600000000e+11,1.548350751399993896e-01
2.739000000000000000e+03,2.884000000000000000e+03,3.354013792842764019e+01,1.612903225806451568e-01,1.600000000000000000e+01,3.269567692800000000e+10,1.808104685568000000e+12,0.000000000000000000e+00
2.832000000000000000e+03,3.048000000000000000e+03,8.363922212964904475e+02,1.488645855129573925e-01,1.190000000000000000e+02,9.340194816000000000e+09,4.196479139840000000e+11,5.865185856819152832e-01
3.320000000000000000e+02,2.495000000000000000e+03,8.792262697706351560e+01,8.333333333333332871e-02,3.520000000000000000e+02,6.829953280000000000e+08,9.921628569600000000e+10,9.944533929228782654e-03
2.424000000000000000e+03,2.663000000000000000e+03,6.953437709602627592e+01,1.397542485937368628e-01,1.660000000000000000e+02,9.581872640000000000e+08,2.619022049280000000e+11,7.293145358562469482e-02
1.908000000000000000e+03,3.879000000000000000e+03,3.864218194888686639e+02,7.692307692307692735e-02,3.250000000000000000e+02,4.502778560000000000e+08,1.259846533120000000e+11,4.601342231035232544e-02
6.550000000000000000e+02,3.894000000000000000e+03,9.404264449740746556e+01,1.597191412499849861e-01,2.160000000000000000e+02,3.302373120000000000e+08,1.758905139200000000e+11,1.909164041280746460e-01
3.680000000000000000e+02,1.325000000000000000e+03,6.664005192404279398e+01,7.905694150420948529e-02,0.000000000000000000e+00,6.791713996800000000e+10,3.866329874432000000e+12,5.838018655776977539e-01
2.340000000000000000e+03,1.689000000000000000e+03,1.971765918031424576e+02,1.767766952966368932e-01,2.200000000000000000e+02,5.185255360000000000e+08,2.569455697920000000e+11,7.937531173229217529e-02
2.698000000000000000e+03,1.571000000000000000e+03,1.588297474227094312e+02,1.756820922315766309e-01,1.080000000000000000e+02,1.689661696000000000e+09,3.681333084160000000e+11,3.743849694728851318e-01
3.043000000000000000e+03,3.287000000000000000e+03,5.076715746744504543e+01,1.666666666666666574e-01,2.000000000000000000e+01,3.612656025600000000e+10,1.626098892800000000e+12,1.186937093734741211e-01
3.680000000000000000e+02,1.319000000000000000e+03,1.605723146591522266e+02,7.905694150420948529e-02,0.000000000000000000e+00,6.791713996800000000e+10,3.866329874432000000e+12,5.838018655776977539e-01
3.089000000000000000e+03,3.655000000000000000e+03,1.169254227636507579e+02,1.682864002229532419e-01,1.200000000000000000e+01,3.804662169600000000e+10,1.865792618496000000e+12,1.976391410827636719e+01
2.246000000000000000e+03,2.151000000000000000e+03,1.119025475649595620e+02,1.963383631246505001e-01,9.300000000000000000e+01,7.863947264000000000e+09,5.591975854080000000e+11,8.532271385192871094e-01
3.880000000000000000e+02,7.950000000000000000e+02,1.776744986492705038e+02,1.250000000000000000e-01,5.000000000000000000e+01,7.061435904000000000e+09,8.643143270400000000e+11,2.096730947494506836e+00
2.814000000000000000e+03,3.821000000000000000e+03,6.554783520041003442e+01,1.885618083164126990e-01,2.620000000000000000e+02,1.368009088000000000e+09,2.027119411200000000e+11,1.745131909847259521e-01
3.092000000000000000e+03,3.652000000000000000e+03,4.381399072153862448e+02,6.987712429686843141e-02,1.200000000000000000e+01,3.804662169600000000e+10,1.865792618496000000e+12,1.976391410827636719e+01
2.769000000000000000e+03,3.714000000000000000e+03,7.697497067415116589e+01,6.250000000000000000e-02,1.300000000000000000e+02,1.310106496000000000e+09,2.256550297600000000e+11,1.955752968788146973e-01
3.822000000000000000e+03,3.389000000000000000e+03,1.216356986040971009e+02,1.567630989332169100e-01,7.100000000000000000e+01,8.651307008000000000e+09,6.954382786560000000e+11,3.705672323703765869e-01
3.096000000000000000e+03,2.440000000000000000e+03,1.320873963721985831e+02,1.442220510185595606e-01,4.800000000000000000e+01,1.269249024000000000e+10,9.317162024960000000e+11,1.329311370849609375e+00
3.893000000000000000e+03,5.210000000000000000e+02,1.091159712087609392e+02,1.664356663246515655e-01,1.470000000000000000e+02,1.940034048000000000e+09,3.742253711360000000e+11,3.393869996070861816e-01
7.400000000000000000e+01,1.304000000000000000e+03,9.164242375218795189e+01,1.638886943392722229e-01,4.600000000000000000e+01,1.408726425600000000e+10,6.551540858880000000e+11,1.282244086265563965e+00
2.481000000000000000e+03,4.000000000000000000e+00,5.733501690981321985e+01,1.860163329510811370e-01,2.070000000000000000e+02,1.062890048000000000e+09,2.742956195840000000e+11,2.239271402359008789e-01
3.309000000000000000e+03,1.569000000000000000e+03,1.052243506858459341e+02,1.363636363636363535e-01,7.900000000000000000e+01,9.134831616000000000e+09,5.912709038080000000e+11,6.035826802253723145e-01
2.320000000000000000e+02,3.056000000000000000e+03,5.297251981591740844e+01,1.538461538461538547e-01,2.520000000000000000e+02,3.751715200000000000e+08,1.336153374720000000e+11,1.971790567040443420e-02
5.230000000000000000e+02,2.167000000000000000e+03,3.394878233705919115e+02,5.263157894736841813e-02,8.900000000000000000e+01,6.515340800000000000e+09,4.246592880640000000e+11,1.049532413482666016e+00
2.750000000000000000e+03,2.448000000000000000e+03,5.435010445387079017e+02,1.442220510185595606e-01,4.500000000000000000e+01,9.663973376000000000e+09,9.594038517760000000e+11,1.929919958114624023e+00
2.725000000000000000e+03,1.333000000000000000e+03,7.573124544439373551e+01,1.176470588235294101e-01,1.960000000000000000e+02,1.600720000000000000e+09,2.870359490560000000e+11,1.783280670642852783e-01
2.507000000000000000e+03,1.867000000000000000e+03,1.442085676880262781e+02,1.176877882894626220e-01,1.370000000000000000e+02,4.924700672000000000e+09,4.232317501440000000e+11,1.894956678152084351e-01
2.076000000000000000e+03,3.865000000000000000e+03,6.346080932877460867e+01,1.499999999999999944e-01,1.090000000000000000e+02,5.754290176000000000e+09,4.677676892160000000e+11,8.300584554672241211e-01
3.121000000000000000e+03,1.050000000000000000e+03,2.192743299534063226e+02,1.153846153846153910e-01,3.100000000000000000e+01,1.766500556800000000e+10,1.050311589888000000e+12,3.384711980819702148e+00
3.082000000000000000e+03,1.265000000000000000e+03,1.460152141022885530e+02,1.505846504842085487e-01,7.400000000000000000e+01,5.023833600000000000e+09,5.444143677440000000e+11,3.966262638568878174e-01
4.400000000000000000e+02,2.787000000000000000e+03,6.677472702196919840e+01,1.863389981249824745e-01,4.900000000000000000e+01,7.912558592000000000e+09,8.552816967680000000e+11,8.689212799072265625e-01
3.479000000000000000e+03,2.849000000000000000e+03,9.812563186087085398e+01,1.963383631246505001e-01,8.500000000000000000e+01,3.280976896000000000e+09,5.304367513600000000e+11,3.841274082660675049e-01
2.511000000000000000e+03,2.639000000000000000e+03,1.357282136206220855e+02,1.597191412499849861e-01,2.890000000000000000e+02,5.283338560000000000e+08,1.709418905600000000e+11,7.025370001792907715e-02
2.144000000000000000e+03,8.600000000000000000e+01,1.178495716024134339e+02,1.961161351381840168e-01,3.400000000000000000e+01,2.207638323200000000e+10,1.046548774912000000e+12,1.211993932723999023e+00
2.000000000000000000e+00,1.525000000000000000e+03,6.876483088777592911e+01,1.428571428571428492e-01,2.930000000000000000e+02,6.020165120000000000e+08,1.717980856320000000e+11,2.268046140670776367e-01
5.740000000000000000e+02,7.870000000000000000e+02,9.555774920478907575e+01,8.838834764831844659e-02,2.100000000000000000e+02,6.068355200000000000e+08,2.526852382720000000e+11,2.046982795000076294e-01
2.507000000000000000e+03,2.535000000000000000e+03,5.652159538623109825e+01,1.437398936440172637e-01,7.800000000000000000e+01,5.457160704000000000e+09,5.865217720320000000e+11,1.891067266464233398e+00
3.860000000000000000e+02,7.880000000000000000e+02,1.111635794695628761e+02,1.863389981249824745e-01,5.000000000000000000e+01,7.061435904000000000e+09,8.643143270400000000e+11,2.096730947494506836e+00
2.581000000000000000e+03,2.300000000000000000e+02,4.502802991267498101e+01,1.397542485937368628e-01,2.540000000000000000e+02,3.900685120000000000e+08,2.271090442240000000e+11,3.730879351496696472e-02
2.252000000000000000e+03,1.094000000000000000e+03,4.088773288106422399e+01,1.379310344827586188e-01,3.000000000000000000e+01,2.774474752000000000e+10,1.397942386688000000e+12,0.000000000000000000e+00
1.567000000000000000e+03,1.395000000000000000e+03,1.103560763493601797e+02,1.428571428571428492e-01,9.600000000000000000e+01,1.166735257600000000e+10,5.351949926400000000e+11,1.048883438110351562e+00
5.730000000000000000e+02,7.850000000000000000e+02,2.617125153364384573e+02,6.250000000000000000e-02,2.100000000000000000e+02,6.068355200000000000e+08,2.526852382720000000e+11,2.046982795000076294e-01
6.460000000000000000e+02,1.125000000000000000e+03,2.875345647835942486e+02,1.976423537605237202e-01,2.290000000000000000e+02,1.669234816000000000e+09,2.513650483200000000e+11,7.054258584976196289e-01
3.292000000000000000e+03,2.263000000000000000e+03,6.508933960751919301e+01,1.720052290384453675e-01,3.400000000000000000e+02,5.440047360000000000e+08,1.293687439360000000e+11,1.052982211112976074e-01
2.604000000000000000e+03,8.300000000000000000e+02,1.109566606667009410e+02,1.090440572471854941e-01,1.300000000000000000e+01,2.367379046400000000e+10,1.408263389184000000e+12,6.113696098327636719e+00
9.180000000000000000e+02,3.753000000000000000e+03,1.110759580467786094e+02,1.315334104411640948e-01,2.090000000000000000e+02,1.459193984000000000e+09,2.704549806080000000e+11,3.244192004203796387e-01
5.410000000000000000e+02,2.474000000000000000e+03,1.089508890695438481e+02,1.767766952966368932e-01,1.350000000000000000e+02,1.476633216000000000e+09,2.523343421440000000e+11,1.282015740871429443e-01
1.626000000000000000e+03,6.200000000000000000e+01,9.218545754079012511e+01,1.578947368421052544e-01,1.270000000000000000e+02,3.045517312000000000e+09,4.335536701440000000e+11,6.563200950622558594e-01
1.866000000000000000e+03,3.058000000000000000e+03,6.127591457937048602e+01,1.666666666666666574e-01,1.360000000000000000e+02,3.717910016000000000e+09,3.234228469760000000e+11,9.218970537185668945e-01
8.000000000000000000e+02,1.661000000000000000e+03,1.183137859424651737e+02,1.333333333333333315e-01,2.700000000000000000e+02,6.247793920000000000e+08,2.094178795520000000e+11,5.558474734425544739e-02
4.420000000000000000e+02,2.783000000000000000e+03,2.216734205905487158e+02,1.178511301977579334e-01,4.900000000000000000e+01,7.912558592000000000e+09,8.552816967680000000e+11,8.689212799072265625e-01
2.752000000000000000e+03,3.323000000000000000e+03,9.546328342248463628e+01,1.792654619833765339e-01,6.000000000000000000e+01,1.034285875200000000e+10,7.247058698240000000e+11,3.249531269073486328e+00
2.606000000000000000e+03,8.290000000000000000e+02,1.054841748804542476e+02,1.724137931034482873e-01,1.300000000000000000e+01,2.367379046400000000e+10,1.408263389184000000e+12,6.113696098327636719e+00
3.577000000000000000e+03,3.411000000000000000e+03,1.248961309266499597e+02,5.000000000000000278e-02,1.220000000000000000e+02,4.187620096000000000e+09,4.638568939520000000e+11,5.724893808364868164e-01
1.340000000000000000e+02,3.280000000000000000e+03,8.623864929358165909e+01,1.442220510185595606e-01,3.900000000000000000e+01,9.824643072000000000e+09,9.033239101440000000e+11,4.672022819519042969e+00
2.338000000000000000e+03,2.614000000000000000e+03,7.851872594591850429e+01,1.928473039599674921e-01,7.500000000000000000e+01,6.909923840000000000e+09,6.275906273280000000e+11,1.387628793716430664e+00
2.470000000000000000e+02,2.971000000000000000e+03,8.153280200190613414e+01,1.242259987499883256e-01,1.670000000000000000e+02,4.070727936000000000e+09,3.505171988480000000e+11,1.216749101877212524e-01
2.865000000000000000e+03,3.551000000000000000e+03,5.088987855746190121e+02,1.421760560557814024e-01,1.500000000000000000e+01,2.484295680000000000e+10,1.361350492160000000e+12,1.479203462600708008e+00
8.350000000000000000e+02,4.200000000000000000e+02,8.428039638843458192e+01,1.928473039599674921e-01,7.600000000000000000e+01,8.476939776000000000e+09,6.548592394240000000e+11,5.924999117851257324e-01
6.060000000000000000e+02,2.618000000000000000e+03,9.830738262179914955e+01,1.758282590894063580e-01,1.800000000000000000e+01,1.623037542400000000e+10,1.491725320192000000e+12,5.082186508178710938e+01
1.855000000000000000e+03,9.680000000000000000e+02,7.819286268917333871e+01,1.597191412499849861e-01,2.710000000000000000e+02,4.389726080000000000e+08,1.701917163520000000e+11,1.421170681715011597e-01
1.622000000000000000e+03,6.300000000000000000e+01,1.951206858125796373e+02,7.443229275647869625e-02,1.270000000000000000e+02,3.045517312000000000e+09,4.335536701440000000e+11,6.563200950622558594e-01
3.117000000000000000e+03,1.054000000000000000e+03,1.151579541681436467e+02,1.585809856006792640e-01,3.100000000000000000e+01,1.766500556800000000e+10,1.050311589888000000e+12,3.384711980819702148e+00
1.195000000000000000e+03,8.790000000000000000e+02,1.336659575784029244e+02,9.428090415820634951e-02,2.590000000000000000e+02,7.167869440000000000e+08,1.949175971840000000e+11,1.137149333953857422e-01
2.081000000000000000e+03,2.852000000000000000e+03,1.184599785392799589e+02,1.016394535227177209e-01,4.400000000000000000e+01,9.059347456000000000e+09,6.248648540160000000e+11,4.563073813915252686e-01
2.060000000000000000e+02,1.053000000000000000e+03,4.481650568796821688e+01,1.904761904761904656e-01,5.400000000000000000e+01,7.008146944000000000e+09,5.634084044800000000e+11,5.607416629791259766e-01
2.150000000000000000e+03,1.509000000000000000e+03,9.776649382483986983e+01,1.315334104411640948e-01,1.440000000000000000e+02,2.277439488000000000e+09,2.997811609600000000e+11,2.741142213344573975e-01
3.360000000000000000e+03,1.650000000000000000e+03,9.535473625615470894e+01,1.863389981249824745e-01,3.490000000000000000e+02,3.211499200000000000e+08,1.035304714240000000e+11,3.332430496811866760e-02
1.742000000000000000e+03,2.665000000000000000e+03,5.436952690099262497e+01,1.581138830084189706e-01,1.040000000000000000e+02,4.739264512000000000e+09,4.969811148800000000e+11,6.040065884590148926e-01
1.299000000000000000e+03,2.021000000000000000e+03,1.904758748867625400e+02,1.153846153846153910e-01,3.800000000000000000e+01,1.030433177600000000e+10,9.779833077760000000e+11,7.185483574867248535e-01
6.560000000000000000e+02,3.897000000000000000e+03,4.607025222760427852e+01,1.597191412499849861e-01,2.160000000000000000e+02,3.302373120000000000e+08,1.758905139200000000e+11,1.909164041280746460e-01
3.699000000000000000e+03,2.503000000000000000e+03,1.729640431138144834e+02,1.720052290384453675e-01,4.300000000000000000e+01,6.390501888000000000e+09,1.028565368832000000e+12,1.451150059700012207e+00
2.931000000000000000e+03,3.105000000000000000e+03,3.440163460835919977e+02,1.000000000000000056e-01,6.100000000000000000e+01,4.794040320000000000e+09,4.982126346240000000e+11,1.534123420715332031e+00
2.568000000000000000e+03,1.513000000000000000e+03,2.678148981324265492e+02,1.386750490563072868e-01,3.200000000000000000e+01,1.381409075200000000e+10,1.072877797376000000e+12,2.538702011108398438e+00
2.413000000000000000e+03,1.297000000000000000e+03,2.781893511551496658e+02,1.490711984999859852e-01,9.000000000000000000e+00,3.914225254400000000e+10,1.627581579264000000e+12,2.495837211608886719e+00
7.050000000000000000e+02,2.389000000000000000e+03,1.187245654507566570e+02,1.242259987499883256e-01,1.500000000000000000e+02,1.719264640000000000e+09,3.491925852160000000e+11,3.049979805946350098e-01
1.056000000000000000e+03,1.410000000000000000e+03,8.528981455811155854e+01,1.976423537605237202e-01,1.730000000000000000e+02,1.532323584000000000e+09,2.364367831040000000e+11,1.674392223358154297e-01
3.660000000000000000e+02,1.329000000000000000e+03,6.161978424928117448e+01,1.767766952966368932e-01,0.000000000000000000e+00,6.791713996800000000e+10,3.866329874432000000e+12,5.838018655776977539e-01
2.489000000000000000e+03,2.301000000000000000e+03,1.058763921749027332e+02,1.860163329510811370e-01,1.640000000000000000e+02,1.518295168000000000e+09,3.126754672640000000e+11,2.417435050010681152e-01
2.754000000000000000e+03,1.633000000000000000e+03,1.421570137244527530e+02,1.315334104411640948e-01,1.880000000000000000e+02,3.737804288000000000e+09,2.862952611840000000e+11,7.099200487136840820e-01
3.468000000000000000e+03,4.930000000000000000e+02,6.183646422197645620e+01,1.716929178792375721e-01,8.300000000000000000e+01,3.556626176000000000e+09,5.523520880640000000e+11,9.543594717979431152e-01
1.764000000000000000e+03,1.705000000000000000e+03,2.976710784048009941e+02,1.502313031443328895e-01,1.000000000000000000e+01,8.726153216000000000e+09,7.770129039360000000e+11,6.118690013885498047e+00
1.964000000000000000e+03,3.986000000000000000e+03,1.191981980015999483e+02,8.333333333333332871e-02,5.800000000000000000e+01,1.604596838400000000e+10,8.437500477440000000e+11,6.876591444015502930e-01
2.511000000000000000e+03,2.532000000000000000e+03,1.004078892103644733e+02,1.874138920735300140e-01,7.800000000000000000e+01,5.457160704000000000e+09,5.865217720320000000e+11,1.891067266464233398e+00
3.405000000000000000e+03,2.935000000000000000e+03,6.111947460909247098e+01,1.229750923802691437e-01,6.600000000000000000e+01,1.370071859200000000e+10,7.471679406080000000e+11,1.815132617950439453e+00
6.140000000000000000e+02,3.746000000000000000e+03,5.236066911583684913e+01,1.758282590894063580e-01,1.400000000000000000e+01,4.285676339200000000e+10,1.507835248640000000e+12,3.455087184906005859e+00
1.818000000000000000e+03,2.181000000000000000e+03,3.410744550654440133e+01,1.683587574253684604e-01,1.000000000000000000e+00,6.157198950400000000e+10,4.416137068544000000e+12,4.520943015813827515e-02
1.865000000000000000e+03,3.056000000000000000e+03,9.324737135633448304e+01,1.571348402636772446e-01,1.360000000000000000e+02,3.717910016000000000e+09,3.234228469760000000e+11,9.218970537185668945e-01
1.817000000000000000e+03,2.182000000000000000e+03,3.094132845271326460e+01,1.716929178792375721e-01,1.000000000000000000e+00,6.157198950400000000e+10,4.416137068544000000e+12,4.520943015813827515e-02
3.998000000000000000e+03,1.526000000000000000e+03,3.463972296959602915e+01,1.603583359803032737e-01,2.930000000000000000e+02,6.020165120000000000e+08,1.717980856320000000e+11,2.268046140670776367e-01
2.862000000000000000e+03,3.547000000000000000e+03,1.270281433330629710e+02,1.758282590894063580e-01,1.500000000000000000e+01,2.484295680000000000e+10,1.361350492160000000e+12,1.479203462600708008e+00
3.684000000000000000e+03,2.896000000000000000e+03,7.793743281308515236e+01,1.856953381770518607e-01,1.900000000000000000e+01,2.456189337600000000e+10,1.437959847936000000e+12,4.980907142162322998e-01
3.013000000000000000e+03,8.150000000000000000e+02,3.670454436725227652e+02,1.000000000000000056e-01,1.020000000000000000e+02,1.650304512000000000e+09,4.517831966720000000e+11,2.106188774108886719e+00
1.964000000000000000e+03,3.985000000000000000e+03,1.325117919373066968e+02,9.316949906249123725e-02,5.800000000000000000e+01,1.604596838400000000e+10,8.437500477440000000e+11,6.876591444015502930e-01
7.620000000000000000e+02,1.530000000000000000e+03,3.111004949291464641e+02,1.666666666666666574e-01,1.320000000000000000e+02,2.261616384000000000e+09,3.562740449280000000e+11,7.156473994255065918e-01
3.963000000000000000e+03,3.602000000000000000e+03,8.619725720038303507e+01,1.802775637731994507e-01,1.110000000000000000e+02,7.458587648000000000e+09,4.460573818880000000e+11,7.694523334503173828e-01
3.720000000000000000e+02,1.320000000000000000e+03,1.625156145555635590e+02,1.346291201783625935e-01,0.000000000000000000e+00,6.791713996800000000e+10,3.866329874432000000e+12,5.838018655776977539e-01
1.349000000000000000e+03,1.235000000000000000e+03,8.915210482080526333e+01,8.333333333333332871e-02,3.440000000000000000e+02,5.056151360000000000e+08,1.079730585600000000e+11,0.000000000000000000e+00
3.760000000000000000e+03,1.265000000000000000e+03,6.643683982696906298e+01,1.863389981249824745e-01,5.100000000000000000e+01,1.338212966400000000e+10,8.122256588800000000e+11,2.885771274566650391e+00
3.320000000000000000e+02,2.493000000000000000e+03,6.754968092784193345e+01,1.863389981249824745e-01,3.520000000000000000e+02,6.829953280000000000e+08,9.921628569600000000e+10,9.944533929228782654e-03
3.547000000000000000e+03,2.509000000000000000e+03,6.013760530618370836e+01,1.888525745775105347e-01,2.600000000000000000e+01,1.607904665600000000e+10,1.146904903680000000e+12,3.561056852340698242e+00
7.040000000000000000e+02,1.510000000000000000e+03,1.369207576787058827e+02,1.178511301977579334e-01,3.530000000000000000e+02,4.700106560000000000e+08,9.294882406400000000e+10,5.002410709857940674e-02
3.207000000000000000e+03,1.957000000000000000e+03,8.407664101071061680e+01,1.428571428571428492e-01,9.500000000000000000e+01,6.686404608000000000e+09,5.159017840640000000e+11,9.251435995101928711e-01
2.150000000000000000e+03,1.513000000000000000e+03,8.294636904663565247e+01,1.315334104411640948e-01,1.440000000000000000e+02,2.277439488000000000e+09,2.997811609600000000e+11,2.741142213344573975e-01
2.515000000000000000e+03,1.200000000000000000e+01,8.350636029055377207e+01,1.571348402636772446e-01,1.600000000000000000e+02,3.196273664000000000e+09,3.672825528320000000e+11,1.436638087034225464e-01
3.028000000000000000e+03,3.227000000000000000e+03,1.322537035084903891e+02,1.397542485937368628e-01,1.970000000000000000e+02,1.376791424000000000e+09,2.338413936640000000e+11,1.094494313001632690e-01
3.394000000000000000e+03,1.755000000000000000e+03,1.394135639039654109e+02,1.176470588235294101e-01,2.050000000000000000e+02,1.662369152000000000e+09,2.801193123840000000e+11,1.934467852115631104e-01
1.374000000000000000e+03,2.610000000000000000e+03,9.443139555394334650e+01,9.428090415820634951e-02,1.930000000000000000e+02,9.313193600000000000e+08,2.103257825280000000e+11,1.091748252511024475e-01
2.423000000000000000e+03,2.660000000000000000e+03,7.276146582170345312e+01,1.397542485937368628e-01,1.660000000000000000e+02,9.581872640000000000e+08,2.619022049280000000e+11,7.293145358562469482e-02
2.569000000000000000e+03,1.520000000000000000e+03,1.020917708127257697e+02,1.585809856006792640e-01,3.200000000000000000e+01,1.381409075200000000e+10,1.072877797376000000e+12,2.538702011108398438e+00
1.628000000000000000e+03,9.550000000000000000e+02,7.960739669812969055e+01,1.178511301977579334e-01,3.560000000000000000e+02,8.697306240000000000e+08,9.135099904000000000e+10,1.233631446957588196e-01
2.146000000000000000e+03,1.510000000000000000e+03,9.534074656359152300e+01,1.860163329510811370e-01,1.440000000000000000e+02,2.277439488000000000e+09,2.997811609600000000e+11,2.741142213344573975e-01
4.410000000000000000e+02,2.782000000000000000e+03,7.549984865328326578e+01,1.767766952966368654e-01,4.900000000000000000e+01,7.912558592000000000e+09,8.552816967680000000e+11,8.689212799072265625e-01
5.440000000000000000e+02,2.475000000000000000e+03,6.854315771097208199e+01,1.976423537605237202e-01,1.350000000000000000e+02,1.476633216000000000e+09,2.523343421440000000e+11,1.282015740871429443e-01
2.342000000000000000e+03,2.420000000000000000e+03,1.998213070271999356e+02,1.851851851851851749e-01,7.000000000000000000e+00,2.338970419200000000e+10,1.180404940800000000e+12,3.693187236785888672e+00
3.675000000000000000e+03,4.370000000000000000e+02,4.940835383143186732e+01,1.874138920735300140e-01,7.700000000000000000e+01,8.184467456000000000e+09,6.611352944640000000e+11,5.086567997932434082e-01
3.868000000000000000e+03,1.993000000000000000e+03,7.788234619739792208e+01,9.722034684781695468e-02,6.200000000000000000e+01,1.031607296000000000e+10,7.346875924480000000e+11,1.895973205566406250e+00
1.358000000000000000e+03,2.010000000000000000e+03,1.060794341357785413e+02,5.882352941176470507e-02,1.810000000000000000e+02,1.441623680000000000e+09,2.788685250560000000e+11,2.093609422445297241e-01
2.056000000000000000e+03,2.234000000000000000e+03,1.409669327075800993e+02,7.142857142857142461e-02,3.140000000000000000e+02,8.878549760000000000e+08,1.559662264320000000e+11,6.366927176713943481e-02
2.037000000000000000e+03,1.518000000000000000e+03,6.639386843337983635e+01,1.764705882352941291e-01,1.830000000000000000e+02,3.310277120000000000e+09,3.145353789440000000e+11,3.984389901161193848e-01
9.790000000000000000e+02,2.649000000000000000e+03,1.433796361086975821e+02,1.505846504842085487e-01,9.200000000000000000e+01,2.896953344000000000e+09,5.285608161280000000e+11,8.672224879264831543e-01
2.059000000000000000e+03,3.475000000000000000e+03,6.152689562812881974e+01,1.597191412499849861e-01,3.210000000000000000e+02,3.263087360000000000e+08,1.642263674880000000e+11,2.090809307992458344e-02
1.855000000000000000e+03,6.430000000000000000e+02,3.187249048916773972e+02,1.064794274999899953e-01,8.400000000000000000e+01,7.238528512000000000e+09,5.277208739840000000e+11,1.416770100593566895e+00
1.995000000000000000e+03,3.382000000000000000e+03,6.412802318986823593e+02,0.000000000000000000e+00,1.060000000000000000e+02,2.987837184000000000e+09,4.844249415680000000e+11,3.978361785411834717e-01
3.322000000000000000e+03,1.074000000000000000e+03,1.172650731519526630e+02,1.363636363636363535e-01,6.500000000000000000e+01,5.798317568000000000e+09,6.672032727040000000e+11,1.531720995903015137e+00
9.440000000000000000e+02,3.815000000000000000e+03,1.141128194291906652e+02,1.963383631246505001e-01,8.100000000000000000e+01,7.719323136000000000e+09,5.698018344960000000e+11,5.399097129702568054e-02
3.021000000000000000e+03,2.436000000000000000e+03,2.399206137592359198e+02,1.064794274999899953e-01,8.800000000000000000e+01,8.625302528000000000e+09,5.439848775680000000e+11,5.298846960067749023e-01
1.565000000000000000e+03,1.391000000000000000e+03,1.044292402471953665e+02,1.963383631246505001e-01,9.600000000000000000e+01,1.166735257600000000e+10,5.351949926400000000e+11,1.048883438110351562e+00
3.710000000000000000e+02,1.322000000000000000e+03,7.616297402362752678e+01,1.000000000000000056e-01,0.000000000000000000e+00,6.791713996800000000e+10,3.866329874432000000e+12,5.838018655776977539e-01
3.120000000000000000e+02,1.475000000000000000e+03,9.710809450491817074e+01,6.775963568181181396e-02,8.000000000000000000e+00,5.188821811200000000e+10,2.186460135424000000e+12,5.949957370758056641e-01
2.568000000000000000e+03,1.516000000000000000e+03,6.443522685504785841e+02,7.692307692307692735e-02,3.200000000000000000e+01,1.381409075200000000e+10,1.072877797376000000e+12,2.538702011108398438e+00
3.676000000000000000e+03,2.899000000000000000e+03,7.197523514746151818e+01,1.090440572471854941e-01,1.900000000000000000e+01,2.456189337600000000e+10,1.437959847936000000e+12,4.980907142162322998e-01
5.030000000000000000e+02,1.424000000000000000e+03,1.271330089912742665e+02,1.597191412499849861e-01,2.810000000000000000e+02,9.878126720000000000e+08,1.478563266560000000e+11,1.566789746284484863e-01
1.123000000000000000e+03,3.881000000000000000e+03,4.649783952383068453e+01,1.756820922315766309e-01,3.000000000000000000e+00,3.762573721600000000e+10,2.640144498688000000e+12,1.831436872482299805e+00
2.172000000000000000e+03,3.091000000000000000e+03,1.163452295952463089e+02,1.538461538461538547e-01,3.330000000000000000e+02,6.737632000000000000e+08,1.380484710400000000e+11,5.773386359214782715e-02
3.076000000000000000e+03,2.304000000000000000e+03,1.015162786377422464e+02,1.428571428571428492e-01,2.940000000000000000e+02,7.916176640000000000e+08,1.790835589120000000e+11,1.033505648374557495e-01
2.573000000000000000e+03,1.520000000000000000e+03,1.072525472645028657e+02,1.923076923076923184e-01,3.200000000000000000e+01,1.381409075200000000e+10,1.072877797376000000e+12,2.538702011108398438e+00
3.572000000000000000e+03,1.412000000000000000e+03,4.504780707232558967e+01,1.764705882352941291e-01,1.690000000000000000e+02,1.989236992000000000e+09,3.081782558720000000e+11,2.696634232997894287e-01
2.768000000000000000e+03,3.712000000000000000e+03,8.999143587807222389e+01,1.250000000000000000e-01,1.300000000000000000e+02,1.310106496000000000e+09,2.256550297600000000e+11,1.955752968788146973e-01
3.094000000000000000e+03,8.580000000000000000e+02,8.383143205793099639e+01,1.176470588235294101e-01,1.850000000000000000e+02,1.384537344000000000e+09,2.915444326400000000e+11,5.173170194029808044e-02
6.580000000000000000e+02,3.895000000000000000e+03,6.533210165468577202e+01,7.142857142857142461e-02,2.160000000000000000e+02,3.302373120000000000e+08,1.758905139200000000e+11,1.909164041280746460e-01
3.068000000000000000e+03,3.437000000000000000e+03,1.315687776694020101e+02,1.010152544552210818e-01,2.400000000000000000e+01,2.261052211200000000e+10,1.228229181440000000e+12,2.252333760261535645e-01
2.735000000000000000e+03,2.879000000000000000e+03,4.121364412618611794e+01,1.290322580645161255e-01,1.600000000000000000e+01,3.269567692800000000e+10,1.808104685568000000e+12,0.000000000000000000e+00
4.250000000000000000e+02,1.842000000000000000e+03,1.017116452946921470e+02,1.243293543263444545e-01,4.000000000000000000e+00,2.216379187200000000e+10,1.423872098304000000e+12,1.059899687767028809e+00
3.753000000000000000e+03,1.155000000000000000e+03,6.300957422092461968e+01,1.315334104411640948e-01,2.060000000000000000e+02,1.421491456000000000e+09,2.958128906240000000e+11,2.106096446514129639e-01
3.623000000000000000e+03,3.379000000000000000e+03,4.733182642375761162e+01,1.875000000000000000e-01,2.430000000000000000e+02,1.012105728000000000e+09,2.227059097600000000e+11,1.548350751399993896e-01
2.749000000000000000e+03,2.447000000000000000e+03,2.534136310660763343e+02,1.649242250247064112e-01,4.500000000000000000e+01,9.663973376000000000e+09,9.594038517760000000e+11,1.929919958114624023e+00
3.428000000000000000e+03,2.565000000000000000e+03,1.079905556736774486e+02,1.250000000000000000e-01,2.240000000000000000e+02,8.462172160000000000e+08,2.229220966400000000e+11,2.098167538642883301e-01
1.966000000000000000e+03,3.986000000000000000e+03,5.469660841957487207e+01,1.666666666666666574e-01,5.800000000000000000e+01,1.604596838400000000e+10,8.437500477440000000e+11,6.876591444015502930e-01
3.145000000000000000e+03,2.865000000000000000e+03,9.909992521668745269e+01,7.692307692307692735e-02,2.330000000000000000e+02,3.838156800000000000e+08,1.277906698240000000e+11,8.263472467660903931e-02
5.440000000000000000e+02,1.686000000000000000e+03,2.482881415736866586e+02,7.692307692307692735e-02,3.220000000000000000e+02,6.438922240000000000e+08,1.316851957760000000e+11,1.387920230627059937e-01
2.334000000000000000e+03,2.415000000000000000e+03,6.904333019633597246e+01,1.888525745775105347e-01,7.000000000000000000e+00,2.338970419200000000e+10,1.180404940800000000e+12,3.693187236785888672e+00
1.740000000000000000e+02,2.140000000000000000e+03,6.813279641171278911e+01,1.490711984999859852e-01,2.800000000000000000e+02,7.535530880000000000e+08,1.993198469120000000e+11,6.548240035772323608e-02
8.920000000000000000e+02,2.561000000000000000e+03,7.281155060167087356e+01,1.875000000000000000e-01,2.510000000000000000e+02,9.487840640000000000e+08,2.391114219520000000e+11,1.013396605849266052e-01
2.506000000000000000e+03,2.536000000000000000e+03,4.969395269311332441e+01,1.818181818181818232e-01,7.800000000000000000e+01,5.457160704000000000e+09,5.865217720320000000e+11,1.891067266464233398e+00
3.084000000000000000e+03,1.260000000000000000e+03,1.335286277535392401e+02,1.963383631246505001e-01,7.400000000000000000e+01,5.023833600000000000e+09,5.444143677440000000e+11,3.966262638568878174e-01
1.964000000000000000e+03,3.990000000000000000e+03,4.450304524863123845e+01,1.863389981249824745e-01,5.800000000000000000e+01,1.604596838400000000e+10,8.437500477440000000e+11,6.876591444015502930e-01
2.246000000000000000e+03,1.094000000000000000e+03,5.955917760853169796e+01,6.896551724137930939e-02,3.000000000000000000e+01,2.774474752000000000e+10,1.397942386688000000e+12,0.000000000000000000e+00
9.940000000000000000e+02,1.266000000000000000e+03,2.649003071752357528e+02,1.756820922315766309e-01,1.570000000000000000e+02,1.903270912000000000e+09,3.250880839680000000e+11,4.719173014163970947e-01
3.868000000000000000e+03,1.992000000000000000e+03,2.822710333597208887e+02,6.148754619013457184e-02,6.200000000000000000e+01,1.031607296000000000e+10,7.346875924480000000e+11,1.895973205566406250e+00
3.060000000000000000e+03,3.176000000000000000e+03,5.173895043086383794e+02,1.242259987499883256e-01,1.680000000000000000e+02,3.636534272000000000e+09,3.537638850560000000e+11,6.650319099426269531e-01
2.334000000000000000e+03,2.414000000000000000e+03,8.983581670693122589e+01,1.994505484123890171e-01,7.000000000000000000e+00,2.338970419200000000e+10,1.180404940800000000e+12,3.693187236785888672e+00
1.577000000000000000e+03,2.111000000000000000e+03,6.624543867163827144e+02,8.695652173913043237e-02,5.500000000000000000e+01,2.193723596800000000e+10,7.420609822720000000e+11,5.831490755081176758e-01
9.180000000000000000e+02,3.752000000000000000e+03,1.328802349221313932e+02,1.176470588235294101e-01,2.090000000000000000e+02,1.459193984000000000e+09,2.704549806080000000e+11,3.244192004203796387e-01
3.208000000000000000e+03,1.962000000000000000e+03,1.858851760488839773e+02,1.064794274999899953e-01,9.500000000000000000e+01,6.686404608000000000e+09,5.159017840640000000e+11,9.251435995101928711e-01
2.037000000000000000e+03,1.517000000000000000e+03,1.545943550403342783e+02,1.176470588235294101e-01,1.830000000000000000e+02,3.310277120000000000e+09,3.145353789440000000e+11,3.984389901161193848e-01
2.698000000000000000e+03,1.575000000000000000e+03,2.753474612029672244e+02,7.856742013183862228e-02,1.080000000000000000e+02,1.689661696000000000e+09,3.681333084160000000e+11,3.743849694728851318e-01
1.957000000000000000e+03,3.840000000000000000e+03,1.017695875351873127e+02,1.720052290384453675e-01,3.420000000000000000e+02,9.269617920000000000e+08,1.403325972480000000e+11,5.047484487295150757e-02
2.070000000000000000e+02,1.054000000000000000e+03,6.954808255508858394e+01,1.505846504842085487e-01,5.400000000000000000e+01,7.008146944000000000e+09,5.634084044800000000e+11,5.607416629791259766e-01
3.758000000000000000e+03,1.962000000000000000e+03,1.075924454776170052e+02,1.176470588235294101e-01,2.300000000000000000e+02,5.757701120000000000e+08,2.750872944640000000e+11,8.679321408271789551e-02
3.321000000000000000e+03,1.074000000000000000e+03,6.619936189654487180e+01,1.818181818181818232e-01,6.500000000000000000e+01,5.798317568000000000e+09,6.672032727040000000e+11,1.531720995903015137e+00
1.821000000000000000e+03,2.177000000000000000e+03,4.319128203084532203e+01,1.919585178166321182e-01,1.000000000000000000e+00,6.157198950400000000e+10,4.416137068544000000e+12,4.520943015813827515e-02
3.467000000000000000e+03,1.182000000000000000e+03,2.536449688919862808e+02,5.263157894736841813e-02,1.210000000000000000e+02,1.199321856000000000e+09,3.968022282240000000e+11,5.909001231193542480e-01
3.012000000000000000e+03,8.200000000000000000e+02,8.724967335467383123e+01,1.581138830084189706e-01,1.020000000000000000e+02,1.650304512000000000e+09,4.517831966720000000e+11,2.106188774108886719e+00
1.523000000000000000e+03,1.608000000000000000e+03,3.740156364970208642e+02,1.716929178792375721e-01,5.700000000000000000e+01,4.617920000000000000e+09,5.532357754880000000e+11,1.412596464157104492e+00
3.015000000000000000e+03,8.190000000000000000e+02,1.108013159104390155e+02,1.414213562373095034e-01,1.020000000000000000e+02,1.650304512000000000e+09,4.517831966720000000e+11,2.106188774108886719e+00
2.856000000000000000e+03,3.554000000000000000e+03,2.189113438126616984e+02,1.856953381770518607e-01,1.500000000000000000e+01,2.484295680000000000e+10,1.361350492160000000e+12,1.479203462600708008e+00
3.551000000000000000e+03,1.729000000000000000e+03,2.226983316834910909e+02,7.142857142857142461e-02,3.060000000000000000e+02,3.920565760000000000e+08,1.621653094400000000e+11,4.171235859394073486e-02
1.497000000000000000e+03,1.891000000000000000e+03,5.624603172926921957e+01,1.961161351381840168e-01,4.200000000000000000e+01,1.554715648000000000e+10,1.040514875392000000e+12,1.968401670455932617e+00
2.537000000000000000e+03,4.530000000000000000e+02,1.406872198586188745e+02,1.010152544552210818e-01,2.750000000000000000e+02,3.880225600000000000e+08,1.486946304000000000e+11,0.000000000000000000e+00
1.375000000000000000e+03,2.611000000000000000e+03,3.660873061290723740e+01,1.885618083164126990e-01,1.930000000000000000e+02,9.313193600000000000e+08,2.103257825280000000e+11,1.091748252511024475e-01
3.199000000000000000e+03,3.616000000000000000e+03,7.412864206527950728e+01,1.885618083164126990e-01,2.610000000000000000e+02,3.589689600000000000e+08,1.959782809600000000e+11,3.629076108336448669e-02
2.339000000000000000e+03,2.421000000000000000e+03,1.282354206999041821e+02,1.851851851851851749e-01,7.000000000000000000e+00,2.338970419200000000e+10,1.180404940800000000e+12,3.693187236785888672e+00
1.740000000000000000e+03,2.663000000000000000e+03,1.087289061326861770e+02,1.581138830084189706e-01,1.040000000000000000e+02,4.739264512000000000e+09,4.969811148800000000e+11,6.040065884590148926e-01
2.602000000000000000e+03,8.340000000000000000e+02,1.019751242432864586e+02,1.758282590894063580e-01,1.300000000000000000e+01,2.367379046400000000e+10,1.408263389184000000e+12,6.113696098327636719e+00
2.949000000000000000e+03,3.620000000000000000e+02,7.518245415231064044e+01,1.333333333333333315e-01,2.690000000000000000e+02,5.385856640000000000e+08,2.082065776640000000e+11,1.056062951683998108e-01
1.357000000000000000e+03,2.006000000000000000e+03,9.058523482173015395e+01,1.860163329510811370e-01,1.810000000000000000e+02,1.441623680000000000e+09,2.788685250560000000e+11,2.093609422445297241e-01
2.028000000000000000e+03,3.651000000000000000e+03,1.678438312227684435e+02,7.142857142857142461e-02,3.110000000000000000e+02,8.539013120000000000e+08,1.579733647360000000e+11,1.051611080765724182e-01
3.297000000000000000e+03,2.744000000000000000e+03,1.094370059502762160e+02,1.178511301977579334e-01,2.800000000000000000e+01,1.097422540800000000e+10,7.864553308160000000e+11,1.368543982505798340e+00
2.861000000000000000e+03,3.549000000000000000e+03,6.848034729930967615e+02,1.034482758620689641e-01,1.500000000000000000e+01,2.484295680000000000e+10,1.361350492160000000e+12,1.479203462600708008e+00
5.000000000000000000e+00,2.916000000000000000e+03,5.380768647611304800e+01,1.397542485937368628e-01,2.480000000000000000e+02,7.255711360000000000e+08,2.413170196480000000e+11,7.241006195545196533e-02
3.964000000000000000e+03,3.600000000000000000e+03,2.305367674922352137e+02,1.000000000000000056e-01,1.110000000000000000e+02,7.458587648000000000e+09,4.460573818880000000e+11,7.694523334503173828e-01
3.674000000000000000e+03,3.153000000000000000e+03,2.317008579044669432e+02,1.664356663246515655e-01,1.310000000000000000e+02,3.632237568000000000e+09,4.112175923200000000e+11,1.594951003789901733e-01
3.064000000000000000e+03,1.581000000000000000e+03,4.559373755251294824e+01,1.597191412499849861e-01,3.170000000000000000e+02,5.427262080000000000e+08,1.611926405120000000e+11,5.585111305117607117e-02
2.241000000000000000e+03,1.351000000000000000e+03,2.666579332656314136e+02,4.545454545454545581e-02,6.300000000000000000e+01,5.047442432000000000e+09,6.099794657280000000e+11,2.344955205917358398e+00
3.678000000000000000e+03,2.895000000000000000e+03,1.028105943625539993e+02,1.090440572471854941e-01,1.900000000000000000e+01,2.456189337600000000e+10,1.437959847936000000e+12,4.980907142162322998e-01
3.090000000000000000e+03,8.580000000000000000e+02,1.843481907918041713e+02,1.176470588235294101e-01,1.850000000000000000e+02,1.384537344000000000e+09,2.915444326400000000e+11,5.173170194029808044e-02
2.755000000000000000e+03,1.633000000000000000e+03,2.838394362652705922e+02,8.318903308077030267e-02,1.880000000000000000e+02,3.737804288000000000e+09,2.862952611840000000e+11,7.099200487136840820e-01
3.020000000000000000e+03,2.434000000000000000e+03,7.311445238160098370e+01,1.505846504842085487e-01,8.800000000000000000e+01,8.625302528000000000e+09,5.439848775680000000e+11,5.298846960067749023e-01
2.751000000000000000e+03,2.442000000000000000e+03,2.265429962153660597e+02,1.788854381999831766e-01,4.500000000000000000e+01,9.663973376000000000e+09,9.594038517760000000e+11,1.929919958114624023e+00
1.859000000000000000e+03,6.440000000000000000e+02,1.405390064603584506e+02,1.346870059402947850e-01,8.400000000000000000e+01,7.238528512000000000e+09,5.277208739840000000e+11,1.416770100593566895e+00
3.680000000000000000e+03,2.902000000000000000e+03,3.826353470428577452e+01,1.421760560557814024e-01,1.900000000000000000e+01,2.456189337600000000e+10,1.437959847936000000e+12,4.980907142162322998e-01
2.250000000000000000e+03,1.089000000000000000e+03,4.150621379816890766e+01,1.856953381770518607e-01,3.000000000000000000e+01,2.774474752000000000e+10,1.397942386688000000e+12,0.000000000000000000e+00
3.715000000000000000e+03,2.556000000000000000e+03,9.107027321617729854e+01,1.397542485937368628e-01,1.940000000000000000e+02,1.070380096000000000e+09,2.626859008000000000e+11,3.487602174282073975e-01
3.206000000000000000e+03,1.961000000000000000e+03,3.267947765443218486e+02,6.734350297014739251e-02,9.500000000000000000e+01,6.686404608000000000e+09,5.159017840640000000e+11,9.251435995101928711e-01
2.515000000000000000e+03,1.600000000000000000e+01,9.573374494860379968e+01,1.571348402636772446e-01,1.600000000000000000e+02,3.196273664000000000e+09,3.672825528320000000e+11,1.436638087034225464e-01
1.375000000000000000e+03,1.737000000000000000e+03,1.169936931935437912e+02,9.428090415820634951e-02,2.770000000000000000e+02,9.291714560000000000e+08,1.840636067840000000e+11,4.683445021510124207e-02
2.867000000000000000e+03,1.437000000000000000e+03,9.790221523322080088e+01,1.428571428571428492e-01,3.020000000000000000e+02,3.985460800000000000e+08,1.576966717440000000e+11,8.313544094562530518e-02
3.631000000000000000e+03,3.977000000000000000e+03,1.075413019312866112e+02,1.720052290384453675e-01,2.900000000000000000e+01,1.268129484800000000e+10,1.003939889152000000e+12,2.182029724121093750e+00
2.092000000000000000e+03,1.123000000000000000e+03,8.195235062378641544e+01,1.538461538461538547e-01,3.230000000000000000e+02,4.857498240000000000e+08,1.404550348800000000e+11,9.027890861034393311e-02
3.867000000000000000e+03,1.994000000000000000e+03,5.715616627527711557e+01,1.304347826086956486e-01,6.200000000000000000e+01,1.031607296000000000e+10,7.346875924480000000e+11,1.895973205566406250e+00
2.801000000000000000e+03,3.181000000000000000e+03,1.954039778976922719e+02,1.304347826086956486e-01,6.800000000000000000e+01,8.798078976000000000e+09,7.372794101760000000e+11,1.334026694297790527e+00
1.442000000000000000e+03,1.505000000000000000e+03,9.648972640534131529e+01,1.860163329510811370e-01,1.840000000000000000e+02,3.228920576000000000e+09,3.089111777280000000e+11,5.643389225006103516e-01
9.460000000000000000e+02,3.817000000000000000e+03,6.835289094787685826e+01,1.716929178792375721e-01,8.100000000000000000e+01,7.719323136000000000e+09,5.698018344960000000e+11,5.399097129702568054e-02
3.392000000000000000e+03,2.269000000000000000e+03,4.509141352342743403e+01,1.860163329510811370e-01,2.000000000000000000e+02,1.618048256000000000e+09,2.718396088320000000e+11,4.473841786384582520e-01
2.838000000000000000e+03,3.193000000000000000e+03,6.421825931350949190e+01,1.976423537605237202e-01,1.550000000000000000e+02,6.848323840000000000e+08,2.344852357120000000e+11,2.412156015634536743e-01
7.330000000000000000e+02,2.552000000000000000e+03,3.409468896667058146e+01,1.976423537605237202e-01,1.950000000000000000e+02,1.466485248000000000e+09,2.600883814400000000e+11,3.987166583538055420e-01
3.038000000000000000e+03,3.292000000000000000e+03,5.874394613074856863e+01,1.666666666666666574e-01,2.000000000000000000e+01,3.612656025600000000e+10,1.626098892800000000e+12,1.186937093734741211e-01
2.060000000000000000e+03,3.477000000000000000e+03,1.142786063674394228e+02,1.428571428571428492e-01,3.210000000000000000e+02,3.263087360000000000e+08,1.642263674880000000e+11,2.090809307992458344e-02
8.580000000000000000e+02,1.862000000000000000e+03,2.343149954282046821e+01,8.333333333333332871e-02,2.990000000000000000e+02,3.741280512000000000e+09,1.144143298560000000e+11,1.015464309602975845e-02
8.510000000000000000e+02,2.164000000000000000e+03,8.261712319747303468e+01,1.961161351381840168e-01,3.600000000000000000e+01,2.155912396800000000e+10,1.085298507776000000e+12,2.135843515396118164e+00
2.598000000000000000e+03,8.320000000000000000e+02,1.292959165191529678e+02,1.462979547282511894e-01,1.300000000000000000e+01,2.367379046400000000e+10,1.408263389184000000e+12,6.113696098327636719e+00
3.869000000000000000e+03,1.987000000000000000e+03,5.812416166281898455e+01,1.944406936956339094e-01,6.200000000000000000e+01,1.031607296000000000e+10,7.346875924480000000e+11,1.895973205566406250e+00
7.560000000000000000e+02,2.846000000000000000e+03,1.699620807277079564e+02,1.250000000000000000e-01,2.630000000000000000e+02,8.041327360000000000e+08,2.212967546880000000e+11,2.647356688976287842e-01
1.579000000000000000e+03,2.114000000000000000e+03,7.932370075961549105e+01,9.722034684781695468e-02,5.500000000000000000e+01,2.193723596800000000e+10,7.420609822720000000e+11,5.831490755081176758e-01
1.438000000000000000e+03,1.502000000000000000e+03,2.385996845374426414e+02,1.315334104411640948e-01,1.840000000000000000e+02,3.228920576000000000e+09,3.089111777280000000e+11,5.643389225006103516e-01
3.676000000000000000e+03,2.902000000000000000e+03,3.663281545881241641e+01,1.724137931034482873e-01,1.900000000000000000e+01,2.456189337600000000e+10,1.437959847936000000e+12,4.980907142162322998e-01
1.200000000000000000e+01,1.896000000000000000e+03,8.982183575486466509e+01,1.414213562373095034e-01,6.400000000000000000e+01,5.924396544000000000e+09,5.008560619520000000e+11,2.087332487106323242e+00
3.674000000000000000e+03,4.380000000000000000e+02,5.214827567197718849e+01,1.638886943392722229e-01,7.700000000000000000e+01,8.184467456000000000e+09,6.611352944640000000e+11,5.086567997932434082e-01
1.918000000000000000e+03,3.899000000000000000e+03,2.499837040841308067e+02,7.407407407407406996e-02,2.300000000000000000e+01,3.924919910400000000e+10,1.211719614464000000e+12,8.107573509216308594e+00
2.875000000000000000e+03,5.320000000000000000e+02,8.865787702027589035e+01,1.176470588235294101e-01,1.620000000000000000e+02,1.652777856000000000e+09,3.143790100480000000e+11,2.708716392517089844e-01
9.140000000000000000e+02,4.590000000000000000e+02,1.395284858495986953e+02,1.538461538461538547e-01,6.000000000000000000e+00,1.650314547200000000e+10,1.067573116928000000e+12,3.699832201004028320e+00
6.090000000000000000e+02,8.780000000000000000e+02,3.198002348001020323e+02,9.722034684781695468e-02,7.300000000000000000e+01,1.833807257600000000e+10,6.925092782080000000e+11,3.555294871330261230e-01
3.406000000000000000e+03,2.931000000000000000e+03,7.598043353103606989e+01,1.567630989332169100e-01,6.600000000000000000e+01,1.370071859200000000e+10,7.471679406080000000e+11,1.815132617950439453e+00
6.060000000000000000e+02,1.769000000000000000e+03,7.368990946693851640e+01,1.502313031443328895e-01,2.100000000000000000e+01,9.767414784000000000e+09,7.698031575040000000e+11,1.788983106613159180e+00
2.721000000000000000e+03,1.498000000000000000e+03,2.876740961502761138e+02,3.846153846153846367e-02,3.500000000000000000e+01,2.962417459200000000e+10,9.809144053760000000e+11,6.172360420227050781e+00
3.677000000000000000e+03,4.420000000000000000e+02,2.825252017248130301e+02,6.428243465332250661e-02,7.700000000000000000e+01,8.184467456000000000e+09,6.611352944640000000e+11,5.086567997932434082e-01
2.986000000000000000e+03,3.700000000000000000e+01,1.705029681640664876e+02,1.943650631615100322e-01,1.100000000000000000e+01,3.217836032000000000e+10,1.621931982848000000e+12,9.086136817932128906e-01
3.022000000000000000e+03,2.435000000000000000e+03,1.022772044294303271e+02,1.716929178792375721e-01,8.800000000000000000e+01,8.625302528000000000e+09,5.439848775680000000e+11,5.298846960067749023e-01
6.020000000000000000e+02,1.767000000000000000e+03,1.560239919279556489e+02,9.316949906249123725e-02,2.100000000000000000e+01,9.767414784000000000e+09,7.698031575040000000e+11,1.788983106613159180e+00
3.690000000000000000e+02,6.080000000000000000e+02,6.324765314871731903e+01,1.764705882352941291e-01,1.870000000000000000e+02,8.003907840000000000e+08,2.936924405760000000e+11,6.621309518814086914e-01
2.176000000000000000e+03,2.624000000000000000e+03,1.104903866524561806e+02,1.386750490563072868e-01,3.700000000000000000e+01,1.660199526400000000e+10,1.076348256256000000e+12,2.930980205535888672e+00
3.214000000000000000e+03,2.240000000000000000e+03,1.549355044025705581e+02,1.716929178792375721e-01,9.100000000000000000e+01,4.482737664000000000e+09,5.583363112960000000e+11,2.550077438354492188e-01
8.540000000000000000e+02,2.255000000000000000e+03,8.180799546585986093e+01,1.428571428571428492e-01,3.120000000000000000e+02,4.642558400000000000e+08,1.481522544640000000e+11,1.179809570312500000e-01
2.002000000000000000e+03,7.730000000000000000e+02,8.430022877468610432e+01,1.374903330507991073e-01,6.700000000000000000e+01,6.917338624000000000e+09,7.341444956160000000e+11,7.526878714561462402e-01
6.170000000000000000e+02,3.755000000000000000e+03,2.128339610363078123e+02,1.950639396376682988e-01,1.400000000000000000e+01,4.285676339200000000e+10,1.507835248640000000e+12,3.455087184906005859e+00
3.404000000000000000e+03,2.931000000000000000e+03,5.042546003028086261e+02,9.722034684781695468e-02,6.600000000000000000e+01,1.370071859200000000e+10,7.471679406080000000e+11,1.815132617950439453e+00
1.356000000000000000e+03,1.269000000000000000e+03,8.153457483742084833e+01,1.000000000000000056e-01,5.300000000000000000e+01,1.107378278400000000e+10,4.555449630720000000e+11,8.392343521118164062e-01
2.076000000000000000e+03,3.864000000000000000e+03,7.282811988179582841e+01,1.581138830084189706e-01,1.090000000000000000e+02,5.754290176000000000e+09,4.677676892160000000e+11,8.300584554672241211e-01
7.160000000000000000e+02,1.107000000000000000e+03,6.112064895181678992e+01,1.000000000000000056e-01,9.800000000000000000e+01,2.819220736000000000e+09,4.878998896640000000e+11,1.520815610885620117e+00
3.680000000000000000e+02,1.316000000000000000e+03,1.136746094571693249e+02,1.520690632574554779e-01,0.000000000000000000e+00,6.791713996800000000e+10,3.866329874432000000e+12,5.838018655776977539e-01
2.569000000000000000e+03,1.518000000000000000e+03,1.066064975495974494e+02,8.600261451922268374e-02,3.200000000000000000e+01,1.381409075200000000e+10,1.072877797376000000e+12,2.538702011108398438e+00
2.819000000000000000e+03,2.760000000000000000e+02,1.225770214728423895e+02,1.178511301977579334e-01,3.480000000000000000e+02,6.097633280000000000e+08,1.116363161600000000e+11,1.257665604352951050e-01
2.735000000000000000e+03,2.883000000000000000e+03,4.511237088363592562e+01,1.824791693384638924e-01,1.600000000000000000e+01,3.269567692800000000e+10,1.808104685568000000e+12,0.000000000000000000e+00
3.388000000000000000e+03,2.272000000000000000e+03,4.136919998554501632e+01,1.764705882352941291e-01,2.000000000000000000e+02,1.618048256000000000e+09,2.718396088320000000e+11,4.473841786384582520e-01
1.577000000000000000e+03,2.117000000000000000e+03,5.194828565037633439e+01,1.739130434782608647e-01,5.500000000000000000e+01,2.193723596800000000e+10,7.420609822720000000e+11,5.831490755081176758e-01
1.764000000000000000e+03,1.707000000000000000e+03,1.704191644041580957e+02,1.250000000000000000e-01,1.000000000000000000e+01,8.726153216000000000e+09,7.770129039360000000e+11,6.118690013885498047e+00
1.959000000000000000e+03,3.985000000000000000e+03,1.718394295706774244e+02,1.317615691736824801e-01,5.800000000000000000e+01,1.604596838400000000e+10,8.437500477440000000e+11,6.876591444015502930e-01
1.196000000000000000e+03,1.459000000000000000e+03,9.147927414950783032e+01,1.720052290384453675e-01,3.360000000000000000e+02,3.446819840000000000e+08,1.372557148160000000e+11,1.001515835523605347e-01
3.058000000000000000e+03,3.178000000000000000e+03,5.969741992472724945e+01,1.666666666666666574e-01,1.680000000000000000e+02,3.636534272000000000e+09,3.537638850560000000e+11,6.650319099426269531e-01
1.730000000000000000e+02,2.142000000000000000e+03,9.488529396790549697e+01,9.428090415820634951e-02,2.800000000000000000e+02,7.535530880000000000e+08,1.993198469120000000e+11,6.548240035772323608e-02
2.838000000000000000e+03,2.465000000000000000e+03,5.142977839096878512e+01,1.756820922315766309e-01,1.510000000000000000e+02,3.283166976000000000e+09,3.196088156160000000e+11,7.662950754165649414e-01
3.893000000000000000e+03,5.170000000000000000e+02,1.244396463223684179e+02,7.443229275647869625e-02,1.470000000000000000e+02,1.940034048000000000e+09,3.742253711360000000e+11,3.393869996070861816e-01
1.053000000000000000e+03,1.406000000000000000e+03,1.003757383953442002e+02,1.875000000000000000e-01,1.730000000000000000e+02,1.532323584000000000e+09,2.364367831040000000e+11,1.674392223358154297e-01
5.730000000000000000e+02,3.860000000000000000e+02,6.815966018653266190e+01,1.490711984999859852e-01,2.850000000000000000e+02,9.892684160000000000e+08,1.909612216320000000e+11,8.622801303863525391e-02
1.589000000000000000e+03,2.530000000000000000e+03,3.718181689616563546e+01,1.756820922315766309e-01,1.740000000000000000e+02,3.833967872000000000e+09,3.328998113280000000e+11,5.388898253440856934e-01
9.710000000000000000e+02,1.485000000000000000e+03,4.119416500275081461e+01,1.875000000000000000e-01,1.430000000000000000e+02,9.831441408000000000e+09,2.495392317440000000e+11,0.000000000000000000e+00
3.466000000000000000e+03,4.990000000000000000e+02,4.520945272288325611e+01,1.963383631246505001e-01,8.300000000000000000e+01,3.556626176000000000e+09,5.523520880640000000e+11,9.543594717979431152e-01
3.292000000000000000e+03,2.265000000000000000e+03,6.397739039898818874e+02,7.692307692307692735e-02,3.400000000000000000e+02,5.440047360000000000e+08,1.293687439360000000e+11,1.052982211112976074e-01
2.837000000000000000e+03,3.051000000000000000e+03,7.945391589097346241e+01,1.664356663246515655e-01,1.190000000000000000e+02,9.340194816000000000e+09,4.196479139840000000e+11,5.865185856819152832e-01
1.815000000000000000e+03,2.178000000000000000e+03,3.761879474370119425e+01,6.734350297014739251e-02,1.000000000000000000e+00,6.157198950400000000e+10,4.416137068544000000e+12,4.520943015813827515e-02
3.428000000000000000e+03,2.568000000000000000e+03,9.538488060829284620e+01,6.250000000000000000e-02,2.240000000000000000e+02,8.462172160000000000e+08,2.229220966400000000e+11,2.098167538642883301e-01
1.622000000000000000e+03,6.000000000000000000e+01,1.030988000218195566e+02,1.176877882894626220e-01,1.270000000000000000e+02,3.045517312000000000e+09,4.335536701440000000e+11,6.563200950622558594e-01
1.680000000000000000e+03,2.130000000000000000e+03,8.037815779573121233e+01,9.523809523809523281e-02,9.400000000000000000e+01,3.051343872000000000e+09,5.484187811840000000e+11,4.253889322280883789e-01
2.989000000000000000e+03,3.100000000000000000e+01,3.023436489351272485e+02,3.333333333333333287e-02,1.100000000000000000e+01,3.217836032000000000e+10,1.621931982848000000e+12,9.086136817932128906e-01
3.084000000000000000e+03,1.267000000000000000e+03,8.879428535342830742e+01,1.505846504842085487e-01,7.400000000000000000e+01,5.023833600000000000e+09,5.444143677440000000e+11,3.966262638568878174e-01
6.740000000000000000e+02,2.481000000000000000e+03,6.379414801122204892e+01,1.994505484123890171e-01,2.500000000000000000e+01,1.637902950400000000e+10,1.113396346880000000e+12,1.996217012405395508e+00
3.094000000000000000e+03,8.560000000000000000e+02,9.288339455560324609e+01,1.663780661615406053e-01,1.850000000000000000e+02,1.384537344000000000e+09,2.915444326400000000e+11,5.173170194029808044e-02
9.150000000000000000e+02,1.399000000000000000e+03,9.022763770815720363e+01,1.176470588235294101e-01,1.650000000000000000e+02,5.347155520000000000e+08,3.105895219200000000e+11,6.146562099456787109e-02
2.771000000000000000e+03,3.370000000000000000e+02,1.434939442751872889e+02,5.882352941176470507e-02,2.080000000000000000e+02,1.508241280000000000e+09,2.930831523840000000e+11,9.406410157680511475e-02
2.990000000000000000e+03,3.100000000000000000e+01,4.419916571236352638e+02,4.714045207910317475e-02,1.100000000000000000e+01,3.217836032000000000e+10,1.621931982848000000e+12,9.086136817932128906e-01
2.090000000000000000e+02,1.059000000000000000e+03,1.015443317747312477e+02,1.716929178792375721e-01,5.400000000000000000e+01,7.008146944000000000e+09,5.634084044800000000e+11,5.607416629791259766e-01
7.680000000000000000e+02,1.529000000000000000e+03,6.763257000460988877e+01,1.756820922315766309e-01,1.320000000000000000e+02,2.261616384000000000e+09,3.562740449280000000e+11,7.156473994255065918e-01
2.753000000000000000e+03,2.448000000000000000e+03,4.129974305269597039e+02,8.000000000000000167e-02,4.500000000000000000e+01,9.663973376000000000e+09,9.594038517760000000e+11,1.929919958114624023e+00
3.305000000000000000e+03,1.568000000000000000e+03,4.871200097692276358e+02,6.428243465332250661e-02,7.900000000000000000e+01,9.134831616000000000e+09,5.912709038080000000e+11,6.035826802253723145e-01
2.178000000000000000e+03,2.618000000000000000e+03,2.590738634003047878e+02,1.153846153846153910e-01,3.700000000000000000e+01,1.660199526400000000e+10,1.076348256256000000e+12,2.930980205535888672e+00
5.460000000000000000e+02,2.473000000000000000e+03,6.129150557124020793e+01,1.976423537605237202e-01,1.350000000000000000e+02,1.476633216000000000e+09,2.523343421440000000e+11,1.282015740871429443e-01
3.075000000000000000e+03,2.300000000000000000e+03,1.070687514538787468e+02,1.597191412499849861e-01,2.940000000000000000e+02,7.916176640000000000e+08,1.790835589120000000e+11,1.033505648374557495e-01
1.646000000000000000e+03,3.699000000000000000e+03,3.679959253906807248e+01,1.663780661615406053e-01,2.010000000000000000e+02,1.167361536000000000e+09,2.643181240320000000e+11,2.490766197443008423e-01
2.600000000000000000e+03,8.260000000000000000e+02,1.698366400253989354e+02,1.090440572471854941e-01,1.300000000000000000e+01,2.367379046400000000e+10,1.408263389184000000e+12,6.113696098327636719e+00
1.127000000000000000e+03,3.886000000000000000e+03,9.728876107126107797e+01,1.689656258416172008e-01,3.000000000000000000e+00,3.762573721600000000e+10,2.640144498688000000e+12,1.831436872482299805e+00
2.057000000000000000e+03,2.232000000000000000e+03,1.062474574519043671e+02,1.010152544552210818e-01,3.140000000000000000e+02,8.878549760000000000e+08,1.559662264320000000e+11,6.366927176713943481e-02
1.296000000000000000e+03,2.020000000000000000e+03,1.768161949393071950e+02,1.386750490563072868e-01,3.800000000000000000e+01,1.030433177600000000e+10,9.779833077760000000e+11,7.185483574867248535e-01
8.370000000000000000e+02,4.190000000000000000e+02,1.760514686384118477e+02,1.016394535227177209e-01,7.600000000000000000e+01,8.476939776000000000e+09,6.548592394240000000e+11,5.924999117851257324e-01
2.239000000000000000e+03,1.352000000000000000e+03,4.143742291812834537e+02,6.428243465332250661e-02,6.300000000000000000e+01,5.047442432000000000e+09,6.099794657280000000e+11,2.344955205917358398e+00
2.986000000000000000e+03,2.800000000000000000e+01,1.324874097858827042e+02,1.666666666666666574e-01,1.100000000000000000e+01,3.217836032000000000e+10,1.621931982848000000e+12,9.086136817932128906e-01
2.836000000000000000e+03,1.184000000000000000e+03,5.322189657068098967e+01,1.581138830084189706e-01,1.070000000000000000e+02,1.168193024000000000e+09,4.566383656960000000e+11,3.166985213756561279e-01
3.541000000000000000e+03,2.512000000000000000e+03,1.606685127385262035e+02,1.994505484123890171e-01,2.600000000000000000e+01,1.607904665600000000e+10,1.146904903680000000e+12,3.561056852340698242e+00
3.184000000000000000e+03,2.638000000000000000e+03,4.781378946678714215e+01,1.250000000000000000e-01,2.580000000000000000e+02,8.594154240000000000e+08,2.331650129920000000e+11,5.989834293723106384e-02
1.356000000000000000e+03,2.010000000000000000e+03,2.030076248441640701e+02,1.315334104411640948e-01,1.810000000000000000e+02,1.441623680000000000e+09,2.788685250560000000e+11,2.093609422445297241e-01
8.420000000000000000e+02,4.180000000000000000e+02,8.274775857706465843e+01,1.874138920735300140e-01,7.600000000000000000e+01,8.476939776000000000e+09,6.548592394240000000e+11,5.924999117851257324e-01
9.730000000000000000e+02,1.009000000000000000e+03,7.417426189706645800e+01,1.885618083164126990e-01,2.830000000000000000e+02,5.441532800000000000e+08,1.868264898560000000e+11,2.661042660474777222e-02
1.358000000000000000e+03,1.265000000000000000e+03,7.840079886094272865e+01,1.414213562373095034e-01,5.300000000000000000e+01,1.107378278400000000e+10,4.555449630720000000e+11,8.392343521118164062e-01
1.740000000000000000e+03,2.667000000000000000e+03,7.304452826182782132e+01,7.071067811865475172e-02,1.040000000000000000e+02,4.739264512000000000e+09,4.969811148800000000e+11,6.040065884590148926e-01
8.550000000000000000e+02,2.168000000000000000e+03,6.797266759908741562e+01,1.961161351381840168e-01,3.600000000000000000e+01,2.155912396800000000e+10,1.085298507776000000e+12,2.135843515396118164e+00
3.696000000000000000e+03,2.503000000000000000e+03,1.661097376812743391e+02,1.585809856006792640e-01,4.300000000000000000e+01,6.390501888000000000e+09,1.028565368832000000e+12,1.451150059700012207e+00
2.798000000000000000e+03,3.165000000000000000e+03,1.086671549359259075e+02,1.976423537605237202e-01,2.660000000000000000e+02,7.283575680000000000e+08,2.201929154560000000e+11,6.726475805044174194e-02
6.690000000000000000e+02,2.473000000000000000e+03,5.750528766303519035e+01,1.571348402636772168e-01,2.500000000000000000e+01,1.637902950400000000e+10,1.113396346880000000e+12,1.996217012405395508e+00
2.511000000000000000e+03,1.865000000000000000e+03,1.330430705350581206e+02,1.176877882894626220e-01,1.370000000000000000e+02,4.924700672000000000e+09,4.232317501440000000e+11,1.894956678152084351e-01
1.962000000000000000e+03,3.983000000000000000e+03,2.254038643545548553e+02,1.250000000000000000e-01,5.800000000000000000e+01,1.604596838400000000e+10,8.437500477440000000e+11,6.876591444015502930e-01
1.795000000000000000e+03,1.249000000000000000e+03,1.477559291273639985e+02,1.176877882894626220e-01,1.340000000000000000e+02,4.072726016000000000e+09,3.920445112320000000e+11,1.558072865009307861e-01
4.310000000000000000e+02,1.451000000000000000e+03,8.920073086917091132e+01,1.333333333333333315e-01,2.210000000000000000e+02,9.417088000000000000e+08,1.952689848320000000e+11,1.487792879343032837e-01
1.674000000000000000e+03,2.130000000000000000e+03,6.666201975950650649e+01,1.904761904761904656e-01,9.400000000000000000e+01,3.051343872000000000e+09,5.484187811840000000e+11,4.253889322280883789e-01
2.754000000000000000e+03,3.324000000000000000e+03,8.175760462282541141e+01,1.229750923802691437e-01,6.000000000000000000e+01,1.034285875200000000e+10,7.247058698240000000e+11,3.249531269073486328e+00
7.550000000000000000e+02,2.846000000000000000e+03,1.818566036717855638e+02,1.397542485937368628e-01,2.630000000000000000e+02,8.041327360000000000e+08,2.212967546880000000e+11,2.647356688976287842e-01
1.421000000000000000e+03,1.427000000000000000e+03,5.689794014282480106e+01,1.664356663246515655e-01,1.260000000000000000e+02,4.160075520000000000e+09,3.984403005440000000e+11,1.379993796348571777e+00
2.932000000000000000e+03,3.107000000000000000e+03,1.575543643924787887e+02,1.802775637731994507e-01,6.100000000000000000e+01,4.794040320000000000e+09,4.982126346240000000e+11,1.534123420715332031e+00
1.123000000000000000e+03,3.886000000000000000e+03,1.487099666449785786e+02,6.211299937499416279e-02,3.000000000000000000e+00,3.762573721600000000e+10,2.640144498688000000e+12,1.831436872482299805e+00
1.835000000000000000e+03,8.660000000000000000e+02,9.997528920107872352e+01,8.838834764831844659e-02,2.410000000000000000e+02,4.520856000000000000e+08,2.227093340160000000e+11,1.034945324063301086e-01
3.000000000000000000e+00,2.913000000000000000e+03,4.897199465521280359e+01,1.976423537605237202e-01,2.480000000000000000e+02,7.255711360000000000e+08,2.413170196480000000e+11,7.241006195545196533e-02
2.339000000000000000e+03,2.617000000000000000e+03,1.253498247474656608e+02,9.090909090909091161e-02,7.500000000000000000e+01,6.909923840000000000e+09,6.275906273280000000e+11,1.387628793716430664e+00
9.160000000000000000e+02,1.402000000000000000e+03,1.437900592138116735e+02,8.318903308077030267e-02,1.650000000000000000e+02,5.347155520000000000e+08,3.105895219200000000e+11,6.146562099456787109e-02
4.820000000000000000e+02,3.664000000000000000e+03,7.249107041452997180e+01,2.000000000000000111e-01,3.570000000000000000e+02,3.244615360000000000e+08,5.597995827200000000e+10,9.652553126215934753e-03
3.698000000000000000e+03,2.510000000000000000e+03,1.497154617801927259e+02,1.216260638526299870e-01,4.300000000000000000e+01,6.390501888000000000e+09,1.028565368832000000e+12,1.451150059700012207e+00
1.835000000000000000e+03,8.640000000000000000e+02,1.312719937860754840e+02,8.838834764831844659e-02,2.410000000000000000e+02,4.520856000000000000e+08,2.227093340160000000e+11,1.034945324063301086e-01
2.027000000000000000e+03,3.139000000000000000e+03,9.677185787518588711e+01,1.111111111111111049e-01,1.580000000000000000e+02,3.082649600000000000e+09,3.410867978240000000e+11,3.555988073348999023e-01
1.901000000000000000e+03,1.463000000000000000e+03,6.895525449546408936e+01,9.428090415820634951e-02,2.760000000000000000e+02,9.284546560000000000e+08,2.004269629440000000e+11,2.256767898797988892e-01
3.466000000000000000e+03,4.970000000000000000e+02,5.297318000330152188e+01,1.064794274999899953e-01,8.300000000000000000e+01,3.556626176000000000e+09,5.523520880640000000e+11,9.543594717979431152e-01
1.443000000000000000e+03,2.726000000000000000e+03,1.399533237808043395e+02,1.490711984999859852e-01,2.440000000000000000e+02,5.282016000000000000e+08,1.886439014400000000e+11,1.114356368780136108e-01
2.723000000000000000e+03,1.497000000000000000e+03,1.541532082958345313e+02,1.216260638526299870e-01,3.500000000000000000e+01,2.962417459200000000e+10,9.809144053760000000e+11,6.172360420227050781e+00
3.680000000000000000e+02,6.090000000000000000e+02,1.069585439791886472e+02,1.315334104411640948e-01,1.870000000000000000e+02,8.003907840000000000e+08,2.936924405760000000e+11,6.621309518814086914e-01
1.621000000000000000e+03,6.100000000000000000e+01,1.204696617714575666e+02,1.176877882894626220e-01,1.270000000000000000e+02,3.045517312000000000e+09,4.335536701440000000e+11,6.563200950622558594e-01
2.878000000000000000e+03,5.290000000000000000e+02,4.853623261650917442e+01,1.860163329510811370e-01,1.620000000000000000e+02,1.652777856000000000e+09,3.143790100480000000e+11,2.708716392517089844e-01
3.098000000000000000e+03,3.194000000000000000e+03,8.486180617156081496e+01,2.000000000000000111e-01,1.330000000000000000e+02,1.020962880000000000e+09,1.968133570560000000e+11,3.380988538265228271e-01
3.213000000000000000e+03,3.810000000000000000e+03,1.748253900670932808e+02,1.527076157636170495e-01,2.700000000000000000e+01,1.486072934400000000e+10,1.127825801216000000e+12,1.289787650108337402e+00
5.200000000000000000e+02,2.164000000000000000e+03,2.411286424190074626e+02,1.897658566033678385e-01,8.900000000000000000e+01,6.515340800000000000e+09,4.246592880640000000e+11,1.049532413482666016e+00
6.500000000000000000e+02,1.124000000000000000e+03,1.909113769038012549e+02,1.397542485937368628e-01,2.290000000000000000e+02,1.669234816000000000e+09,2.513650483200000000e+11,7.054258584976196289e-01
2.509000000000000000e+03,2.538000000000000000e+03,4.610227739748238918e+01,1.016394535227177209e-01,7.800000000000000000e+01,5.457160704000000000e+09,5.865217720320000000e+11,1.891067266464233398e+00
3.576000000000000000e+03,3.412000000000000000e+03,1.013152835852948215e+02,1.118033988749894958e-01,1.220000000000000000e+02,4.187620096000000000e+09,4.638568939520000000e+11,5.724893808364868164e-01
3.116000000000000000e+03,3.669000000000000000e+03,5.955202056773271835e+01,2.000000000000000111e-01,2.920000000000000000e+02,7.271820800000000000e+08,1.793774878720000000e+11,9.612603485584259033e-02
3.335000000000000000e+03,7.950000000000000000e+02,2.293297566070698679e+02,1.111111111111111049e-01,1.480000000000000000e+02,1.724786304000000000e+09,3.378457477120000000e+11,3.567959368228912354e-01
3.124000000000000000e+03,3.141000000000000000e+03,8.794720811098706292e+01,2.000000000000000111e-01,1.010000000000000000e+02,6.721974784000000000e+09,4.795139031040000000e+11,4.184983968734741211e-01
3.490000000000000000e+02,3.279000000000000000e+03,3.880378215595041524e+02,1.571348402636772446e-01,1.540000000000000000e+02,3.507972096000000000e+09,3.577351372800000000e+11,3.598425090312957764e-01
3.337000000000000000e+03,7.950000000000000000e+02,1.099319274686247638e+02,1.571348402636772446e-01,1.480000000000000000e+02,1.724786304000000000e+09,3.378457477120000000e+11,3.567959368228912354e-01
2.180000000000000000e+03,2.622000000000000000e+03,5.853368474721456778e+02,8.600261451922268374e-02,3.700000000000000000e+01,1.660199526400000000e+10,1.076348256256000000e+12,2.930980205535888672e+00
3.083000000000000000e+03,1.262000000000000000e+03,2.099654342629605139e+02,1.346870059402947850e-01,7.400000000000000000e+01,5.023833600000000000e+09,5.444143677440000000e+11,3.966262638568878174e-01
2.988000000000000000e+03,2.700000000000000000e+01,9.606451746088033872e+01,1.699673171197594868e-01,1.100000000000000000e+01,3.217836032000000000e+10,1.621931982848000000e+12,9.086136817932128906e-01
3.042000000000000000e+03,3.292000000000000000e+03,7.570179203730593542e+01,3.333333333333333287e-02,2.000000000000000000e+01,3.612656025600000000e+10,1.626098892800000000e+12,1.186937093734741211e-01
2.152000000000000000e+03,1.511000000000000000e+03,5.140403405787608193e+01,1.764705882352941291e-01,1.440000000000000000e+02,2.277439488000000000e+09,2.997811609600000000e+11,2.741142213344573975e-01
9.410000000000000000e+02,3.819000000000000000e+03,1.532808588227127018e+02,9.523809523809523281e-02,8.100000000000000000e+01,7.719323136000000000e+09,5.698018344960000000e+11,5.399097129702568054e-02
3.085000000000000000e+03,1.268000000000000000e+03,5.315438334849689994e+01,1.904761904761904656e-01,7.400000000000000000e+01,5.023833600000000000e+09,5.444143677440000000e+11,3.966262638568878174e-01
1.365000000000000000e+03,1.382000000000000000e+03,1.338340941416567489e+02,1.087856586440842377e-01,2.650000000000000000e+02,3.193371840000000000e+08,1.263931473920000000e+11,1.837457120418548584e-01
1.610000000000000000e+03,3.676000000000000000e+03,1.155608138369193369e+02,9.428090415820634951e-02,2.260000000000000000e+02,6.538135680000000000e+08,1.852462039040000000e+11,1.417953968048095703e-01
1.710000000000000000e+02,2.139000000000000000e+03,9.015024474538961385e+01,1.490711984999859852e-01,2.800000000000000000e+02,7.535530880000000000e+08,1.993198469120000000e+11,6.548240035772323608e-02
3.040000000000000000e+03,3.292000000000000000e+03,6.667154144864103671e+01,1.000000000000000056e-01,2.000000000000000000e+01,3.612656025600000000e+10,1.626098892800000000e+12,1.186937093734741211e-01
3.191000000000000000e+03,1.860000000000000000e+02,1.658999585460121011e+02,1.720052290384453675e-01,2.550000000000000000e+02,4.543162560000000000e+08,1.399847157760000000e+11,6.439997255802154541e-02
3.047000000000000000e+03,3.283000000000000000e+03,1.686236320714251633e+02,0.000000000000000000e+00,1.900000000000000000e+02,4.586923520000000000e+08,2.166169108480000000e+11,2.238614857196807861e-02
3.984000000000000000e+03,2.429000000000000000e+03,2.511922042274607350e+02,5.050762722761054091e-02,2.200000000000000000e+01,3.011985612800000000e+10,1.264861839360000000e+12,0.000000000000000000e+00
2.650000000000000000e+03,2.842000000000000000e+03,9.606730664246067875e+01,1.666666666666666574e-01,3.500000000000000000e+02,3.723372480000000000e+08,1.038927544320000000e+11,1.821991987526416779e-02
2.020000000000000000e+02,8.580000000000000000e+02,8.544053466884437853e+01,7.692307692307692735e-02,2.980000000000000000e+02,4.411450880000000000e+08,1.278965022720000000e+11,4.018817096948623657e-02
1.890000000000000000e+02,2.722000000000000000e+03,1.310853302944914844e+02,1.118033988749894958e-01,1.170000000000000000e+02,1.784323712000000000e+09,5.036438650880000000e+11,4.591844975948333740e-01
2.174000000000000000e+03,2.621000000000000000e+03,2.452176757085859435e+02,1.538461538461538547e-01,3.700000000000000000e+01,1.660199526400000000e+10,1.076348256256000000e+12,2.930980205535888672e+00
3.665000000000000000e+03,3.424000000000000000e+03,8.165637697355422233e+02,4.166666666666666435e-02,5.900000000000000000e+01,1.048679833600000000e+10,7.828546519040000000e+11,5.260182619094848633e-01
3.722000000000000000e+03,3.743000000000000000e+03,1.674998924154932070e+02,1.176470588235294101e-01,1.770000000000000000e+02,1.930732928000000000e+09,2.886603243520000000e+11,3.639691770076751709e-01
2.393000000000000000e+03,9.080000000000000000e+02,8.197846982374726110e+01,6.250000000000000000e-02,1.980000000000000000e+02,1.700113280000000000e+09,2.217990389760000000e+11,1.600320488214492798e-01
3.574000000000000000e+03,1.408000000000000000e+03,4.876380873807512728e+01,1.315334104411640948e-01,1.690000000000000000e+02,1.989236992000000000e+09,3.081782558720000000e+11,2.696634232997894287e-01
3.125000000000000000e+03,1.052000000000000000e+03,1.121481159746980154e+02,1.585809856006792640e-01,3.100000000000000000e+01,1.766500556800000000e+10,1.050311589888000000e+12,3.384711980819702148e+00
1.326000000000000000e+03,1.616000000000000000e+03,1.150276131409817282e+02,1.315334104411640948e-01,1.820000000000000000e+02,1.194767488000000000e+09,2.648773918720000000e+11,2.541265189647674561e-01
2.336000000000000000e+03,2.418000000000000000e+03,1.248187666955486748e+02,1.335389361282958987e-01,7.000000000000000000e+00,2.338970419200000000e+10,1.180404940800000000e+12,3.693187236785888672e+00
2.075000000000000000e+03,3.865000000000000000e+03,6.846211226423402252e+01,1.000000000000000056e-01,1.090000000000000000e+02,5.754290176000000000e+09,4.677676892160000000e+11,8.300584554672241211e-01
3.632000000000000000e+03,3.976000000000000000e+03,1.219673176293215846e+02,1.961161351381840168e-01,2.900000000000000000e+01,1.268129484800000000e+10,1.003939889152000000e+12,2.182029724121093750e+00
3.677000000000000000e+03,1.380000000000000000e+03,1.589388760010598105e+02,1.664356663246515655e-01,1.230000000000000000e+02,4.412191232000000000e+09,4.193991720960000000e+11,3.580733537673950195e-01
2.176000000000000000e+03,2.619000000000000000e+03,8.360689863559645119e+02,1.087856586440842377e-01,3.700000000000000000e+01,1.660199526400000000e+10,1.076348256256000000e+12,2.930980205535888672e+00
3.978000000000000000e+03,1.750000000000000000e+03,9.075649365888841658e+01,1.490711984999859852e-01,2.640000000000000000e+02,6.452957440000000000e+08,2.078604820480000000e+11,1.306209862232208252e-01
2.649000000000000000e+03,2.858000000000000000e+03,1.587036296215446498e+02,1.717960677340691911e-01,5.600000000000000000e+01,1.586118144000000000e+10,7.945620684800000000e+11,1.549731612205505371e+00
1.574000000000000000e+03,2.114000000000000000e+03,2.619692465847433027e+02,1.374903330507991073e-01,5.500000000000000000e+01,2.193723596800000000e+10,7.420609822720000000e+11,5.831490755081176758e-01
1.449000000000000000e+03,2.908000000000000000e+03,5.071502882100377292e+02,6.250000000000000000e-02,1.920000000000000000e+02,9.463041920000000000e+08,2.607394979840000000e+11,1.711194664239883423e-01
3.085000000000000000e+03,1.266000000000000000e+03,1.242968023126879160e+02,9.523809523809523281e-02,7.400000000000000000e+01,5.023833600000000000e+09,5.444143677440000000e+11,3.966262638568878174e-01
3.610000000000000000e+02,1.317000000000000000e+03,7.812556203085709683e+01,1.952562418976663550e-01,0.000000000000000000e+00,6.791713996800000000e+10,3.866329874432000000e+12,5.838018655776977539e-01
1.505000000000000000e+03,1.892000000000000000e+03,6.722899269003455913e+01,1.386750490563072868e-01,4.200000000000000000e+01,1.554715648000000000e+10,1.040514875392000000e+12,1.968401670455932617e+00
3.134000000000000000e+03,3.656000000000000000e+03,4.882846066096919913e+02,1.597191412499849861e-01,2.910000000000000000e+02,4.933715520000000000e+08,1.523767541760000000e+11,1.369045227766036987e-01
3.396000000000000000e+03,1.757000000000000000e+03,1.228397760656457791e+02,1.176470588235294101e-01,2.050000000000000000e+02,1.662369152000000000e+09,2.801193123840000000e+11,1.934467852115631104e-01
3.310000000000000000e+03,3.316000000000000000e+03,2.139826886701607123e+02,1.417148633456448426e-01,2.000000000000000000e+00,2.817368064000000000e+10,3.130425081856000000e+12,8.803648948669433594e+00
1.793000000000000000e+03,3.663000000000000000e+03,1.167317214681651762e+02,1.397542485937368628e-01,1.890000000000000000e+02,2.447371008000000000e+09,2.456498667520000000e+11,1.629084646701812744e-01
5.420000000000000000e+02,2.472000000000000000e+03,1.797342360350397996e+02,6.250000000000000000e-02,1.350000000000000000e+02,1.476633216000000000e+09,2.523343421440000000e+11,1.282015740871429443e-01
3.048000000000000000e+03,3.283000000000000000e+03,9.895647154967086578e+01,6.666666666666666574e-02,1.900000000000000000e+02,4.586923520000000000e+08,2.166169108480000000e+11,2.238614857196807861e-02
3.089000000000000000e+03,1.263000000000000000e+03,5.980220704510292506e+01,1.963383631246505001e-01,7.400000000000000000e+01,5.023833600000000000e+09,5.444143677440000000e+11,3.966262638568878174e-01
3.483000000000000000e+03,2.852000000000000000e+03,1.613465254346106121e+02,1.505846504842085487e-01,8.500000000000000000e+01,3.280976896000000000e+09,5.304367513600000000e+11,3.841274082660675049e-01
2.572000000000000000e+03,1.519000000000000000e+03,9.605303171122986328e+01,1.386750490563072868e-01,3.200000000000000000e+01,1.381409075200000000e+10,1.072877797376000000e+12,2.538702011108398438e+00
6.770000000000000000e+02,2.476000000000000000e+03,1.396265200553158081e+02,1.851851851851851749e-01,2.500000000000000000e+01,1.637902950400000000e+10,1.113396346880000000e+12,1.996217012405395508e+00
1.197000000000000000e+03,1.459000000000000000e+03,1.163862444267663960e+02,1.087856586440842377e-01,3.360000000000000000e+02,3.446819840000000000e+08,1.372557148160000000e+11,1.001515835523605347e-01
7.910000000000000000e+02,2.455000000000000000e+03,4.890732794009386453e+01,1.428571428571428492e-01,3.190000000000000000e+02,3.865904000000000000e+08,1.632098549760000000e+11,8.648485690355300903e-02
2.836000000000000000e+03,3.193000000000000000e+03,8.702895895904292445e+01,8.838834764831844659e-02,1.550000000000000000e+02,6.848323840000000000e+08,2.344852357120000000e+11,2.412156015634536743e-01
1.851000000000000000e+03,2.202000000000000000e+03,9.915074706708672636e+01,1.976423537605237202e-01,2.360000000000000000e+02,3.354562240000000000e+08,2.316895354880000000e+11,6.108527630567550659e-02
1.570000000000000000e+02,1.419000000000000000e+03,9.926098267601101099e+01,1.664356663246515655e-01,1.250000000000000000e+02,3.360155648000000000e+09,3.882590535680000000e+11,6.173577904701232910e-01
3.407000000000000000e+03,2.934000000000000000e+03,4.614614524931236161e+01,1.792654619833765339e-01,6.600000000000000000e+01,1.370071859200000000e+10,7.471679406080000000e+11,1.815132617950439453e+00
8.500000000000000000e+02,2.166000000000000000e+03,1.375179845354784334e+02,1.153846153846153910e-01,3.600000000000000000e+01,2.155912396800000000e+10,1.085298507776000000e+12,2.135843515396118164e+00
1.340000000000000000e+02,3.286000000000000000e+03,2.009543566239871382e+02,2.000000000000000111e-01,3.900000000000000000e+01,9.824643072000000000e+09,9.033239101440000000e+11,4.672022819519042969e+00
2.702000000000000000e+03,2.723000000000000000e+03,8.069495926436239586e+01,8.838834764831844659e-02,2.320000000000000000e+02,8.464028800000000000e+08,2.274351841280000000e+11,2.595289349555969238e-01
6.570000000000000000e+02,3.896000000000000000e+03,7.135421529217526881e+01,7.142857142857142461e-02,2.160000000000000000e+02,3.302373120000000000e+08,1.758905139200000000e+11,1.909164041280746460e-01
3.620000000000000000e+02,1.319000000000000000e+03,1.027913507325916953e+02,1.457737973711325241e-01,0.000000000000000000e+00,6.791713996800000000e+10,3.866329874432000000e+12,5.838018655776977539e-01
3.711000000000000000e+03,1.126000000000000000e+03,2.894709299394737627e+02,1.802775637731994507e-01,9.900000000000000000e+01,4.183457280000000000e+09,4.913350901760000000e+11,5.355432629585266113e-01
2.079000000000000000e+03,2.856000000000000000e+03,1.211231871700582019e+02,1.638886943392722229e-01,4.400000000000000000e+01,9.059347456000000000e+09,6.248648540160000000e+11,4.563073813915252686e-01
3.312000000000000000e+03,3.307000000000000000e+03,4.900782615655270433e+02,1.052631578947368363e-01,2.000000000000000000e+00,2.817368064000000000e+10,3.130425081856000000e+12,8.803648948669433594e+00
1.550000000000000000e+02,1.418000000000000000e+03,1.748350554055915040e+02,1.897658566033678385e-01,1.250000000000000000e+02,3.360155648000000000e+09,3.882590535680000000e+11,6.173577904701232910e-01
1.805000000000000000e+03,2.176000000000000000e+03,3.624537572450882550e+01,1.904761904761904656e-01,1.000000000000000000e+00,6.157198950400000000e+10,4.416137068544000000e+12,4.520943015813827515e-02
1.266000000000000000e+03,3.929000000000000000e+03,1.543763857621993623e+02,1.462979547282511894e-01,1.700000000000000000e+01,3.641467289600000000e+10,1.465478807552000000e+12,4.167245388031005859e+00
3.210000000000000000e+03,3.817000000000000000e+03,5.175585744529799825e+01,1.851851851851851749e-01,2.700000000000000000e+01,1.486072934400000000e+10,1.127825801216000000e+12,1.289787650108337402e+00
2.814000000000000000e+03,3.818000000000000000e+03,4.477415293211593195e+01,1.490711984999859852e-01,2.620000000000000000e+02,1.368009088000000000e+09,2.027119411200000000e+11,1.745131909847259521e-01
1.375000000000000000e+03,2.609000000000000000e+03,7.868319268437295477e+01,1.333333333333333315e-01,1.930000000000000000e+02,9.313193600000000000e+08,2.103257825280000000e+11,1.091748252511024475e-01
7.100000000000000000e+02,2.391000000000000000e+03,6.280040075506121866e+01,1.756820922315766309e-01,1.500000000000000000e+02,1.719264640000000000e+09,3.491925852160000000e+11,3.049979805946350098e-01
7.540000000000000000e+02,2.849000000000000000e+03,7.824506737832538761e+01,1.397542485937368628e-01,2.630000000000000000e+02,8.041327360000000000e+08,2.212967546880000000e+11,2.647356688976287842e-01
2.377000000000000000e+03,3.134000000000000000e+03,1.944077451663685849e+02,1.118033988749894958e-01,1.140000000000000000e+02,6.558797824000000000e+09,4.732224798720000000e+11,3.872925639152526855e-01
3.754000000000000000e+03,1.152000000000000000e+03,9.689289208138190190e+01,1.315334104411640948e-01,2.060000000000000000e+02,1.421491456000000000e+09,2.958128906240000000e+11,2.106096446514129639e-01
2.697000000000000000e+03,1.576000000000000000e+03,3.362137516383725142e+02,1.571348402636772446e-01,1.080000000000000000e+02,1.689661696000000000e+09,3.681333084160000000e+11,3.743849694728851318e-01
2.733000000000000000e+03,2.880000000000000000e+03,4.491221909636936260e+01,1.962181461386522385e-01,1.600000000000000000e+01,3.269567692800000000e+10,1.808104685568000000e+12,0.000000000000000000e+00
2.146000000000000000e+03,8.400000000000000000e+01,4.156821595486279080e+02,1.631784879661263288e-01,3.400000000000000000e+01,2.207638323200000000e+10,1.046548774912000000e+12,1.211993932723999023e+00
3.670000000000000000e+02,1.322000000000000000e+03,2.100708226800842908e+02,0.000000000000000000e+00,0.000000000000000000e+00,6.791713996800000000e+10,3.866329874432000000e+12,5.838018655776977539e-01
2.572000000000000000e+03,1.518000000000000000e+03,9.531364565767901809e+01,1.087856586440842377e-01,3.200000000000000000e+01,1.381409075200000000e+10,1.072877797376000000e+12,2.538702011108398438e+00
1.330000000000000000e+02,3.279000000000000000e+03,6.903463371045805275e+01,1.442220510185595606e-01,3.900000000000000000e+01,9.824643072000000000e+09,9.033239101440000000e+11,4.672022819519042969e+00
2.802000000000000000e+03,3.185000000000000000e+03,1.454539045998195093e+02,1.944406936956339094e-01,6.800000000000000000e+01,8.798078976000000000e+09,7.372794101760000000e+11,1.334026694297790527e+00
6.060000000000000000e+02,1.767000000000000000e+03,1.319449444028330163e+02,9.316949906249123725e-02,2.100000000000000000e+01,9.767414784000000000e+09,7.698031575040000000e+11,1.788983106613159180e+00
3.062000000000000000e+03,1.583000000000000000e+03,3.225452483376620449e+01,7.142857142857142461e-02,3.170000000000000000e+02,5.427262080000000000e+08,1.611926405120000000e+11,5.585111305117607117e-02
3.179000000000000000e+03,2.638000000000000000e+03,6.818306757378297789e+01,1.875000000000000000e-01,2.580000000000000000e+02,8.594154240000000000e+08,2.331650129920000000e+11,5.989834293723106384e-02
2.835000000000000000e+03,3.195000000000000000e+03,7.773683452007782080e+01,6.250000000000000000e-02,1.550000000000000000e+02,6.848323840000000000e+08,2.344852357120000000e+11,2.412156015634536743e-01
1.600000000000000000e+01,1.898000000000000000e+03,1.926577098954676046e+02,1.000000000000000056e-01,6.400000000000000000e+01,5.924396544000000000e+09,5.008560619520000000e+11,2.087332487106323242e+00
4.280000000000000000e+02,1.841000000000000000e+03,7.879719758371700777e+01,1.856953381770518607e-01,4.000000000000000000e+00,2.216379187200000000e+10,1.423872098304000000e+12,1.059899687767028809e+00
3.101000000000000000e+03,2.435000000000000000e+03,5.993831947010041716e+01,1.442220510185595606e-01,4.800000000000000000e+01,1.269249024000000000e+10,9.317162024960000000e+11,1.329311370849609375e+00
4.460000000000000000e+02,2.787000000000000000e+03,9.947873348154280393e+01,1.178511301977579334e-01,4.900000000000000000e+01,7.912558592000000000e+09,8.552816967680000000e+11,8.689212799072265625e-01
2.243000000000000000e+03,1.092000000000000000e+03,3.303026439201313025e+01,1.856953381770518607e-01,3.000000000000000000e+01,2.774474752000000000e+10,1.397942386688000000e+12,0.000000000000000000e+00
3.690000000000000000e+02,1.324000000000000000e+03,6.226893111343883191e+01,7.071067811865475172e-02,0.000000000000000000e+00,6.791713996800000000e+10,3.866329874432000000e+12,5.838018655776977539e-01
3.640000000000000000e+02,1.326000000000000000e+03,1.036270567959098940e+02,1.250000000000000000e-01,0.000000000000000000e+00,6.791713996800000000e+10,3.866329874432000000e+12,5.838018655776977539e-01
8.960000000000000000e+02,2.560000000000000000e+03,1.048781029932581532e+02,8.838834764831844659e-02,2.510000000000000000e+02,9.487840640000000000e+08,2.391114219520000000e+11,1.013396605849266052e-01
3.181000000000000000e+03,2.637000000000000000e+03,1.050002043745172244e+02,8.838834764831844659e-02,2.580000000000000000e+02,8.594154240000000000e+08,2.331650129920000000e+11,5.989834293723106384e-02
3.570000000000000000e+03,1.408000000000000000e+03,2.748271743376545260e+02,1.315334104411640948e-01,1.690000000000000000e+02,1.989236992000000000e+09,3.081782558720000000e+11,2.696634232997894287e-01
9.430000000000000000e+02,3.817000000000000000e+03,1.393504948337397877e+02,9.523809523809523281e-02,8.100000000000000000e+01,7.719323136000000000e+09,5.698018344960000000e+11,5.399097129702568054e-02
2.040000000000000000e+02,1.059000000000000000e+03,9.680440880696764339e+01,1.346870059402947850e-01,5.400000000000000000e+01,7.008146944000000000e+09,5.634084044800000000e+11,5.607416629791259766e-01
3.090000000000000000e+02,2.091000000000000000e+03,4.802936140457503456e+01,1.976423537605237202e-01,2.570000000000000000e+02,7.093384960000000000e+08,2.261990277120000000e+11,7.845331728458404541e-02
3.090000000000000000e+03,3.650000000000000000e+03,1.268354345555476925e+02,1.562500000000000000e-01,1.200000000000000000e+01,3.804662169600000000e+10,1.865792618496000000e+12,1.976391410827636719e+01
3.715000000000000000e+03,2.823000000000000000e+03,1.117978198071917291e+02,1.490711984999859852e-01,2.460000000000000000e+02,1.293906048000000000e+09,2.160205332480000000e+11,1.234992891550064087e-01
2.238000000000000000e+03,1.352000000000000000e+03,2.093502464175951161e+02,1.016394535227177209e-01,6.300000000000000000e+01,5.047442432000000000e+09,6.099794657280000000e+11,2.344955205917358398e+00
2.336000000000000000e+03,2.419000000000000000e+03,1.016798034523955607e+02,1.571348402636772168e-01,7.000000000000000000e+00,2.338970419200000000e+10,1.180404940800000000e+12,3.693187236785888672e+00
2.802000000000000000e+03,3.181000000000000000e+03,1.954619235537480506e+02,8.695652173913043237e-02,6.800000000000000000e+01,8.798078976000000000e+09,7.372794101760000000e+11,1.334026694297790527e+00
7.070000000000000000e+02,2.392000000000000000e+03,5.316780277008166422e+01,1.111111111111111049e-01,1.500000000000000000e+02,1.719264640000000000e+09,3.491925852160000000e+11,3.049979805946350098e-01
3.824000000000000000e+03,3.388000000000000000e+03,9.170372376837383399e+01,1.374903330507991073e-01,7.100000000000000000e+01,8.651307008000000000e+09,6.954382786560000000e+11,3.705672323703765869e-01
3.749000000000000000e+03,1.153000000000000000e+03,3.370075409644627484e+01,1.764705882352941291e-01,2.060000000000000000e+02,1.421491456000000000e+09,2.958128906240000000e+11,2.106096446514129639e-01
3.313000000000000000e+03,3.318000000000000000e+03,2.339192799557415867e+02,1.860807318911967267e-01,2.000000000000000000e+00,2.817368064000000000e+10,3.130425081856000000e+12,8.803648948669433594e+00
3.016000000000000000e+03,2.435000000000000000e+03,1.896906905488696111e+02,1.716929178792375721e-01,8.800000000000000000e+01,8.625302528000000000e+09,5.439848775680000000e+11,5.298846960067749023e-01
2.470000000000000000e+02,2.966000000000000000e+03,8.752272014597886596e+01,1.756820922315766309e-01,1.670000000000000000e+02,4.070727936000000000e+09,3.505171988480000000e+11,1.216749101877212524e-01
2.803000000000000000e+03,3.182000000000000000e+03,1.225757367180751345e+02,6.148754619013457184e-02,6.800000000000000000e+01,8.798078976000000000e+09,7.372794101760000000e+11,1.334026694297790527e+00
2.505000000000000000e+03,4.320000000000000000e+02,7.375868808739627980e+01,1.578947368421052544e-01,1.100000000000000000e+02,2.271716608000000000e+09,4.323528212480000000e+11,2.722533047199249268e-01
3.063000000000000000e+03,3.433000000000000000e+03,1.310495453861385045e+02,1.287696884094281791e-01,2.400000000000000000e+01,2.261052211200000000e+10,1.228229181440000000e+12,2.252333760261535645e-01
1.835000000000000000e+03,8.650000000000000000e+02,1.403322420684555709e+02,6.250000000000000000e-02,2.410000000000000000e+02,4.520856000000000000e+08,2.227093340160000000e+11,1.034945324063301086e-01
2.175000000000000000e+03,2.620000000000000000e+03,2.364030508703540363e+02,1.216260638526299870e-01,3.700000000000000000e+01,1.660199526400000000e+10,1.076348256256000000e+12,2.930980205535888672e+00
9.960000000000000000e+02,1.265000000000000000e+03,1.912264650093250680e+02,1.242259987499883256e-01,1.570000000000000000e+02,1.903270912000000000e+09,3.250880839680000000e+11,4.719173014163970947e-01
3.650000000000000000e+02,6.090000000000000000e+02,7.658337816023529854e+01,8.318903308077030267e-02,1.870000000000000000e+02,8.003907840000000000e+08,2.936924405760000000e+11,6.621309518814086914e-01
3.170000000000000000e+02,1.472000000000000000e+03,1.072836809463188530e+02,1.092591295595148199e-01,8.000000000000000000e+00,5.188821811200000000e+10,2.186460135424000000e+12,5.949957370758056641e-01
2.153000000000000000e+03,1.476000000000000000e+03,9.732461391258559047e+01,1.764705882352941291e-01,1.990000000000000000e+02,6.572332160000000000e+08,2.871545692160000000e+11,2.213998883962631226e-01
1.577000000000000000e+03,2.109000000000000000e+03,1.119694434900262223e+02,1.739130434782608647e-01,5.500000000000000000e+01,2.193723596800000000e+10,7.420609822720000000e+11,5.831490755081176758e-01
7.320000000000000000e+02,2.555000000000000000e+03,4.208887893896305599e+01,1.767766952966368932e-01,1.950000000000000000e+02,1.466485248000000000e+09,2.600883814400000000e+11,3.987166583538055420e-01
3.390000000000000000e+03,2.269000000000000000e+03,4.048335745745067271e+01,1.860163329510811370e-01,2.000000000000000000e+02,1.618048256000000000e+09,2.718396088320000000e+11,4.473841786384582520e-01
3.132000000000000000e+03,3.660000000000000000e+03,3.266088914936988772e+02,1.597191412499849861e-01,2.910000000000000000e+02,4.933715520000000000e+08,1.523767541760000000e+11,1.369045227766036987e-01
2.422000000000000000e+03,2.659000000000000000e+03,7.633487494429874687e+01,1.875000000000000000e-01,1.660000000000000000e+02,9.581872640000000000e+08,2.619022049280000000e+11,7.293145358562469482e-02
3.329000000000000000e+03,1.075000000000000000e+03,9.057555086620672569e+01,1.874138920735300140e-01,6.500000000000000000e+01,5.798317568000000000e+09,6.672032727040000000e+11,1.531720995903015137e+00
7.400000000000000000e+01,1.308000000000000000e+03,9.355287423073005471e+01,1.638886943392722229e-01,4.600000000000000000e+01,1.408726425600000000e+10,6.551540858880000000e+11,1.282244086265563965e+00
3.198000000000000000e+03,3.619000000000000000e+03,6.668473305005279883e+01,9.428090415820634951e-02,2.610000000000000000e+02,3.589689600000000000e+08,1.959782809600000000e+11,3.629076108336448669e-02
3.029000000000000000e+03,1.430000000000000000e+03,1.392092897794779844e+02,2.000000000000000111e-01,2.120000000000000000e+02,5.134139840000000000e+08,2.073886720000000000e+11,7.339200377464294434e-02
1.505000000000000000e+03,1.893000000000000000e+03,5.999121973081827264e+01,1.631784879661263288e-01,4.200000000000000000e+01,1.554715648000000000e+10,1.040514875392000000e+12,1.968401670455932617e+00
2.114000000000000000e+03,2.764000000000000000e+03,1.145183793400215393e+02,1.118033988749894958e-01,6.900000000000000000e+01,3.450892544000000000e+09,4.530230394880000000e+11,8.756514787673950195e-01
1.806000000000000000e+03,2.179000000000000000e+03,4.012969172677689755e+01,1.813279310919978238e-01,1.000000000000000000e+00,6.157198950400000000e+10,4.416137068544000000e+12,4.520943015813827515e-02
2.866000000000000000e+03,1.440000000000000000e+03,1.085589988831307977e+02,1.010152544552210818e-01,3.020000000000000000e+02,3.985460800000000000e+08,1.576966717440000000e+11,8.313544094562530518e-02
3.680000000000000000e+03,2.897000000000000000e+03,8.790304152985270036e+01,4.876598490941707470e-02,1.900000000000000000e+01,2.456189337600000000e+10,1.437959847936000000e+12,4.980907142162322998e-01
2.253000000000000000e+03,1.095000000000000000e+03,3.106924761566406801e+01,1.758282590894063580e-01,3.000000000000000000e+01,2.774474752000000000e+10,1.397942386688000000e+12,0.000000000000000000e+00
1.119000000000000000e+03,7.970000000000000000e+02,1.710265400709378127e+02,1.663780661615406053e-01,1.800000000000000000e+02,2.033409792000000000e+09,2.995316326400000000e+11,4.882094264030456543e-01
3.047000000000000000e+03,3.289000000000000000e+03,6.995163944835833547e+01,1.666666666666666574e-01,2.000000000000000000e+01,3.612656025600000000e+10,1.626098892800000000e+12,1.186937093734741211e-01
1.700000000000000000e+01,1.899000000000000000e+03,1.327476215405197308e+02,1.581138830084189706e-01,6.400000000000000000e+01,5.924396544000000000e+09,5.008560619520000000e+11,2.087332487106323242e+00
2.151000000000000000e+03,1.512000000000000000e+03,7.286686578783790935e+01,1.315334104411640948e-01,1.440000000000000000e+02,2.277439488000000000e+09,2.997811609600000000e+11,2.741142213344573975e-01
1.622000000000000000e+03,6.500000000000000000e+01,7.858331000515984499e+01,1.664356663246515655e-01,1.270000000000000000e+02,3.045517312000000000e+09,4.335536701440000000e+11,6.563200950622558594e-01
3.505000000000000000e+03,3.198000000000000000e+03,1.085329067278236579e+02,1.792654619833765339e-01,5.200000000000000000e+01,9.552431104000000000e+09,7.089194926080000000e+11,3.984834671020507812e+00
3.143000000000000000e+03,2.863000000000000000e+03,9.662415460023770208e+01,1.720052290384453675e-01,2.330000000000000000e+02,3.838156800000000000e+08,1.277906698240000000e+11,8.263472467660903931e-02
2.414000000000000000e+03,1.292000000000000000e+03,6.826168076527503104e+01,1.943650631615100322e-01,9.000000000000000000e+00,3.914225254400000000e+10,1.627581579264000000e+12,2.495837211608886719e+00
3.532000000000000000e+03,2.246000000000000000e+03,1.035503675760796938e+02,1.885618083164126990e-01,2.220000000000000000e+02,1.007934720000000000e+09,2.182227886080000000e+11,2.225803583860397339e-01
1.418000000000000000e+03,1.425000000000000000e+03,1.201878512770037588e+02,1.578947368421052544e-01,1.260000000000000000e+02,4.160075520000000000e+09,3.984403005440000000e+11,1.379993796348571777e+00
1.930000000000000000e+02,2.724000000000000000e+03,3.316026899728861821e+01,1.118033988749894958e-01,1.170000000000000000e+02,1.784323712000000000e+09,5.036438650880000000e+11,4.591844975948333740e-01
3.603000000000000000e+03,3.030000000000000000e+03,7.790163744360187081e+01,1.802775637731994507e-01,9.000000000000000000e+01,1.856924032000000000e+09,4.570356121600000000e+11,5.995895862579345703e-01
1.290000000000000000e+02,3.282000000000000000e+03,2.380169572698786169e+02,8.000000000000000167e-02,3.900000000000000000e+01,9.824643072000000000e+09,9.033239101440000000e+11,4.672022819519042969e+00
3.640000000000000000e+02,6.100000000000000000e+02,6.322824105796029670e+01,1.663780661615406053e-01,1.870000000000000000e+02,8.003907840000000000e+08,2.936924405760000000e+11,6.621309518814086914e-01
3.825000000000000000e+03,3.394000000000000000e+03,4.521392806785652141e+01,1.304347826086956486e-01,7.100000000000000000e+01,8.651307008000000000e+09,6.954382786560000000e+11,3.705672323703765869e-01
3.214000000000000000e+03,2.244000000000000000e+03,8.606467337447921295e+01,1.716929178792375721e-01,9.100000000000000000e+01,4.482737664000000000e+09,5.583363112960000000e+11,2.550077438354492188e-01
3.557000000000000000e+03,1.232000000000000000e+03,1.484295067129006327e+02,5.882352941176470507e-02,2.270000000000000000e+02,1.446616960000000000e+09,2.703301345280000000e+11,2.566079795360565186e-01
3.716000000000000000e+03,1.128000000000000000e+03,4.689056180951293840e+01,1.581138830084189706e-01,9.900000000000000000e+01,4.183457280000000000e+09,4.913350901760000000e+11,5.355432629585266113e-01
1.330000000000000000e+02,3.278000000000000000e+03,7.933054893394312046e+01,1.788854381999831766e-01,3.900000000000000000e+01,9.824643072000000000e+09,9.033239101440000000e+11,4.672022819519042969e+00
3.759000000000000000e+03,1.263000000000000000e+03,2.128478182831694596e+02,1.502313031443328895e-01,5.100000000000000000e+01,1.338212966400000000e+10,8.122256588800000000e+11,2.885771274566650391e+00
2.345000000000000000e+03,1.692000000000000000e+03,5.789945535518847208e+01,1.976423537605237202e-01,2.200000000000000000e+02,5.185255360000000000e+08,2.569455697920000000e+11,7.937531173229217529e-02
3.192000000000000000e+03,1.880000000000000000e+02,5.634474339543314159e+01,1.087856586440842377e-01,2.550000000000000000e+02,4.543162560000000000e+08,1.399847157760000000e+11,6.439997255802154541e-02
2.030000000000000000e+02,8.580000000000000000e+02,5.945664125544778500e+01,1.538461538461538547e-01,2.980000000000000000e+02,4.411450880000000000e+08,1.278965022720000000e+11,4.018817096948623657e-02
3.977000000000000000e+03,2.106000000000000000e+03,5.206473855595629630e+01,1.346870059402947850e-01,8.600000000000000000e+01,5.506938880000000000e+09,5.508653383680000000e+11,3.377498388290405273e-01
5.740000000000000000e+02,7.880000000000000000e+02,7.342297925020905325e+01,1.397542485937368628e-01,2.100000000000000000e+02,6.068355200000000000e+08,2.526852382720000000e+11,2.046982795000076294e-01
8.400000000000000000e+02,4.160000000000000000e+02,2.030063843027170662e+02,1.016394535227177209e-01,7.600000000000000000e+01,8.476939776000000000e+09,6.548592394240000000e+11,5.924999117851257324e-01
3.396000000000000000e+03,3.886000000000000000e+03,8.323466242769771384e+01,1.397542485937368628e-01,2.370000000000000000e+02,1.394494720000000000e+09,2.391590338560000000e+11,2.944625318050384521e-01
3.530000000000000000e+02,2.370000000000000000e+02,3.036014008333239289e+01,1.178511301977579334e-01,3.540000000000000000e+02,4.699202560000000000e+08,9.459950387200000000e+10,2.889592386782169342e-02
3.990000000000000000e+03,2.432000000000000000e+03,7.202840505581342256e+01,1.923273145405179907e-01,2.200000000000000000e+01,3.011985612800000000e+10,1.264861839360000000e+12,0.000000000000000000e+00
1.946000000000000000e+03,1.618000000000000000e+03,4.114540632333019943e+01,1.875000000000000000e-01,2.170000000000000000e+02,8.166224000000000000e+08,2.521198264320000000e+11,1.638118028640747070e-01
1.820000000000000000e+02,2.338000000000000000e+03,1.216833399884593234e+02,1.571348402636772446e-01,1.790000000000000000e+02,2.816224256000000000e+09,3.195419361280000000e+11,3.078545928001403809e-01
3.680000000000000000e+03,2.893000000000000000e+03,1.014947833025066188e+02,1.758282590894063580e-01,1.900000000000000000e+01,2.456189337600000000e+10,1.437959847936000000e+12,4.980907142162322998e-01
1.442000000000000000e+03,1.504000000000000000e+03,1.121574416835234302e+02,1.764705882352941291e-01,1.840000000000000000e+02,3.228920576000000000e+09,3.089111777280000000e+11,5.643389225006103516e-01
2.410000000000000000e+03,1.813000000000000000e+03,3.627688951247291271e+01,1.802775637731994507e-01,1.200000000000000000e+02,7.089619968000000000e+09,4.466879692800000000e+11,7.731604576110839844e-01
1.815000000000000000e+03,2.173000000000000000e+03,3.919844224536117849e+01,8.584645893961878604e-02,1.000000000000000000e+00,6.157198950400000000e+10,4.416137068544000000e+12,4.520943015813827515e-02
2.172000000000000000e+03,3.092000000000000000e+03,1.099914338429140201e+02,1.720052290384453675e-01,3.330000000000000000e+02,6.737632000000000000e+08,1.380484710400000000e+11,5.773386359214782715e-02
7.410000000000000000e+02,2.816000000000000000e+03,7.698021078950085894e+01,1.649242250247064112e-01,3.300000000000000000e+01,1.520119193600000000e+10,9.712469934080000000e+11,1.588283777236938477e+00
1.356000000000000000e+03,1.271000000000000000e+03,5.215377892678153415e+01,2.000000000000000111e-01,5.300000000000000000e+01,1.107378278400000000e+10,4.555449630720000000e+11,8.392343521118164062e-01
1.356000000000000000e+03,1.270000000000000000e+03,4.551229762739895790e+01,1.499999999999999944e-01,5.300000000000000000e+01,1.107378278400000000e+10,4.555449630720000000e+11,8.392343521118164062e-01
3.213000000000000000e+03,3.811000000000000000e+03,1.772740982347427234e+02,1.171213948210510919e-01,2.700000000000000000e+01,1.486072934400000000e+10,1.127825801216000000e+12,1.289787650108337402e+00
3.427000000000000000e+03,2.564000000000000000e+03,6.552897194872380737e+01,1.976423537605237202e-01,2.240000000000000000e+02,8.462172160000000000e+08,2.229220966400000000e+11,2.098167538642883301e-01
1.050000000000000000e+03,2.990000000000000000e+02,5.792421599805700083e+01,1.720052290384453675e-01,2.420000000000000000e+02,3.873505600000000000e+08,1.351133429760000000e+11,5.675405263900756836e-02
3.112000000000000000e+03,3.670000000000000000e+03,1.286551485027148374e+02,9.428090415820634951e-02,2.920000000000000000e+02,7.271820800000000000e+08,1.793774878720000000e+11,9.612603485584259033e-02
2.534000000000000000e+03,4.520000000000000000e+02,8.855111014979551953e+01,1.428571428571428492e-01,2.750000000000000000e+02,3.880225600000000000e+08,1.486946304000000000e+11,0.000000000000000000e+00
4.500000000000000000e+02,1.731000000000000000e+03,2.089078855007008428e+02,9.090909090909091161e-02,8.200000000000000000e+01,9.725789184000000000e+09,6.114567782400000000e+11,8.108713626861572266e-01
8.960000000000000000e+02,2.562000000000000000e+03,1.119851919053940037e+02,8.838834764831844659e-02,2.510000000000000000e+02,9.487840640000000000e+08,2.391114219520000000e+11,1.013396605849266052e-01
6.750000000000000000e+02,2.475000000000000000e+03,2.809212119805100087e+02,1.171213948210510919e-01,2.500000000000000000e+01,1.637902950400000000e+10,1.113396346880000000e+12,1.996217012405395508e+00
3.708000000000000000e+03,1.750000000000000000e+02,4.295946730001577407e+02,1.363636363636363535e-01,7.000000000000000000e+01,8.901328896000000000e+09,6.326715678720000000e+11,1.451230168342590332e+00
2.131000000000000000e+03,3.760000000000000000e+02,1.385259765202014819e+02,1.397542485937368628e-01,2.380000000000000000e+02,6.961411200000000000e+08,2.244707778560000000e+11,8.804488927125930786e-02
2.178000000000000000e+03,2.616000000000000000e+03,4.234526235476287184e+02,1.923076923076923184e-01,3.700000000000000000e+01,1.660199526400000000e+10,1.076348256256000000e+12,2.930980205535888672e+00
1.850000000000000000e+03,2.205000000000000000e+03,1.329573647539202739e+02,1.250000000000000000e-01,2.360000000000000000e+02,3.354562240000000000e+08,2.316895354880000000e+11,6.108527630567550659e-02
2.003000000000000000e+03,3.678000000000000000e+03,3.171760893144769966e+02,7.142857142857142461e-02,2.840000000000000000e+02,9.432234240000000000e+08,1.574320209920000000e+11,2.867662906646728516e-01
2.800000000000000000e+03,3.166000000000000000e+03,8.467924188969590205e+01,1.397542485937368628e-01,2.660000000000000000e+02,7.283575680000000000e+08,2.201929154560000000e+11,6.726475805044174194e-02
2.817000000000000000e+03,3.444000000000000000e+03,2.952880280809757707e+01,1.333333333333333315e-01,2.730000000000000000e+02,8.704693120000000000e+08,1.966705213440000000e+11,1.740351915359497070e-01
1.641000000000000000e+03,3.698000000000000000e+03,8.452112484143998472e+01,1.860163329510811370e-01,2.010000000000000000e+02,1.167361536000000000e+09,2.643181240320000000e+11,2.490766197443008423e-01
3.098000000000000000e+03,3.192000000000000000e+03,2.519906621612354911e+02,6.666666666666666574e-02,1.330000000000000000e+02,1.020962880000000000e+09,1.968133570560000000e+11,3.380988538265228271e-01
1.357000000000000000e+03,2.008000000000000000e+03,3.846994151437001506e+02,8.318903308077030267e-02,1.810000000000000000e+02,1.441623680000000000e+09,2.788685250560000000e+11,2.093609422445297241e-01
3.097000000000000000e+03,3.655000000000000000e+03,1.144253701175077396e+02,1.126734773582496602e-01,1.200000000000000000e+01,3.804662169600000000e+10,1.865792618496000000e+12,1.976391410827636719e+01
1.852000000000000000e+03,1.949000000000000000e+03,5.733040479586081517e+01,1.490711984999859852e-01,2.720000000000000000e+02,6.618579840000000000e+08,2.082312028160000000e+11,1.385663002729415894e-01
3.710000000000000000e+03,1.750000000000000000e+02,5.271270225820800306e+02,1.638886943392722229e-01,7.000000000000000000e+01,8.901328896000000000e+09,6.326715678720000000e+11,1.451230168342590332e+00
1.354000000000000000e+03,1.265000000000000000e+03,7.886609927720388669e+01,1.414213562373095034e-01,5.300000000000000000e+01,1.107378278400000000e+10,4.555449630720000000e+11,8.392343521118164062e-01
1.855000000000000000e+03,9.710000000000000000e+02,1.198634588698459993e+02,1.010152544552210818e-01,2.710000000000000000e+02,4.389726080000000000e+08,1.701917163520000000e+11,1.421170681715011597e-01
1.760000000000000000e+03,4.220000000000000000e+02,8.347686870993534285e+02,7.142857142857142461e-02,2.040000000000000000e+02,2.237363712000000000e+09,1.677475020800000000e+11,5.028765797615051270e-01
2.911000000000000000e+03,1.810000000000000000e+02,1.261061435837710860e+02,6.250000000000000000e-02,2.530000000000000000e+02,6.700957440000000000e+08,2.376157429760000000e+11,1.779581606388092041e-01
3.621000000000000000e+03,3.374000000000000000e+03,6.354324573255198771e+01,1.767766952966368932e-01,2.430000000000000000e+02,1.012105728000000000e+09,2.227059097600000000e+11,1.548350751399993896e-01
3.810000000000000000e+02,3.125000000000000000e+03,7.654182683441420920e+01,1.597191412499849861e-01,3.380000000000000000e+02,4.112685440000000000e+08,1.473397555200000000e+11,7.734476123005151749e-03
2.974000000000000000e+03,1.021000000000000000e+03,8.045009347645267894e+01,1.885618083164126990e-01,2.680000000000000000e+02,3.408276480000000000e+08,1.987310223360000000e+11,1.274035722017288208e-01
3.816000000000000000e+03,6.060000000000000000e+02,6.711260278405612212e+01,8.838834764831844659e-02,2.470000000000000000e+02,4.030098240000000000e+08,2.363661844480000000e+11,5.728396400809288025e-02
3.825000000000000000e+03,3.391000000000000000e+03,4.343384275488822368e+02,0.000000000000000000e+00,7.100000000000000000e+01,8.651307008000000000e+09,6.954382786560000000e+11,3.705672323703765869e-01
2.082000000000000000e+03,2.851000000000000000e+03,9.605740525874570324e+01,1.363636363636363535e-01,4.400000000000000000e+01,9.059347456000000000e+09,6.248648540160000000e+11,4.563073813915252686e-01
6.820000000000000000e+02,9.380000000000000000e+02,3.493000633495596219e+01,1.764705882352941291e-01,1.750000000000000000e+02,1.603920384000000000e+09,3.096959713280000000e+11,1.232247829437255859e+00
1.820000000000000000e+02,3.590000000000000000e+02,1.083562039593901858e+02,1.250000000000000000e-01,1.520000000000000000e+02,1.430619904000000000e+09,2.242048327680000000e+11,1.786086708307266235e-01
3.722000000000000000e+03,3.746000000000000000e+03,8.603519173594072811e+01,5.882352941176470507e-02,1.770000000000000000e+02,1.930732928000000000e+09,2.886603243520000000e+11,3.639691770076751709e-01
1.303000000000000000e+03,2.021000000000000000e+03,8.769457739349688552e+01,1.923076923076923184e-01,3.800000000000000000e+01,1.030433177600000000e+10,9.779833077760000000e+11,7.185483574867248535e-01
1.245000000000000000e+03,2.226000000000000000e+03,1.043480878746002674e+02,1.597191412499849861e-01,3.030000000000000000e+02,3.288742080000000000e+08,1.560784732160000000e+11,8.826738595962524414e-02
1.122000000000000000e+03,3.885000000000000000e+03,1.101827235986129523e+02,6.211299937499416279e-02,3.000000000000000000e+00,3.762573721600000000e+10,2.640144498688000000e+12,1.831436872482299805e+00
3.330000000000000000e+02,2.496000000000000000e+03,7.296451149696467553e+01,8.333333333333332871e-02,3.520000000000000000e+02,6.829953280000000000e+08,9.921628569600000000e+10,9.944533929228782654e-03
3.980000000000000000e+03,1.748000000000000000e+03,9.138497984012983011e+01,6.666666666666666574e-02,2.640000000000000000e+02,6.452957440000000000e+08,2.078604820480000000e+11,1.306209862232208252e-01
2.605000000000000000e+03,8.300000000000000000e+02,9.844992594523338880e+01,1.421760560557814024e-01,1.300000000000000000e+01,2.367379046400000000e+10,1.408263389184000000e+12,6.113696098327636719e+00
6.160000000000000000e+02,3.754000000000000000e+03,4.292322048706868145e+02,1.462979547282511894e-01,1.400000000000000000e+01,4.285676339200000000e+10,1.507835248640000000e+12,3.455087184906005859e+00
3.097000000000000000e+03,3.653000000000000000e+03,1.423015214669039779e+02,9.375000000000000000e-02,1.200000000000000000e+01,3.804662169600000000e+10,1.865792618496000000e+12,1.976391410827636719e+01
3.457000000000000000e+03,9.260000000000000000e+02,6.694874653110882718e+02,1.666666666666666574e-01,1.390000000000000000e+02,2.223887616000000000e+09,3.703193927680000000e+11,4.774526357650756836e-01
6.060000000000000000e+02,8.740000000000000000e+02,9.657557675505044870e+01,1.944406936956339094e-01,7.300000000000000000e+01,1.833807257600000000e+10,6.925092782080000000e+11,3.555294871330261230e-01
9.170000000000000000e+02,1.400000000000000000e+03,6.852920504013515313e+01,1.315334104411640948e-01,1.650000000000000000e+02,5.347155520000000000e+08,3.105895219200000000e+11,6.146562099456787109e-02
2.599000000000000000e+03,8.240000000000000000e+02,1.228543798748750646e+02,1.856953381770518607e-01,1.300000000000000000e+01,2.367379046400000000e+10,1.408263389184000000e+12,6.113696098327636719e+00
3.547000000000000000e+03,2.517000000000000000e+03,1.327409022122024282e+02,1.171213948210510919e-01,2.600000000000000000e+01,1.607904665600000000e+10,1.146904903680000000e+12,3.561056852340698242e+00
3.548000000000000000e+03,2.509000000000000000e+03,5.947992834809815577e+01,1.994505484123890171e-01,2.600000000000000000e+01,1.607904665600000000e+10,1.146904903680000000e+12,3.561056852340698242e+00
1.852000000000000000e+03,2.208000000000000000e+03,3.895405389674128571e+01,1.875000000000000000e-01,2.360000000000000000e+02,3.354562240000000000e+08,2.316895354880000000e+11,6.108527630567550659e-02
2.480000000000000000e+03,3.000000000000000000e+00,8.333760628805644899e+01,1.176470588235294101e-01,2.070000000000000000e+02,1.062890048000000000e+09,2.742956195840000000e+11,2.239271402359008789e-01
7.200000000000000000e+01,1.302000000000000000e+03,9.416513483245324778e+01,1.874138920735300140e-01,4.600000000000000000e+01,1.408726425600000000e+10,6.551540858880000000e+11,1.282244086265563965e+00
5.720000000000000000e+02,3.890000000000000000e+02,3.530222031987290876e+01,1.490711984999859852e-01,2.850000000000000000e+02,9.892684160000000000e+08,1.909612216320000000e+11,8.622801303863525391e-02
7.040000000000000000e+02,1.513000000000000000e+03,8.452077518664935951e+01,1.863389981249824745e-01,3.530000000000000000e+02,4.700106560000000000e+08,9.294882406400000000e+10,5.002410709857940674e-02
2.183000000000000000e+03,2.621000000000000000e+03,6.198415582358038023e+01,1.923076923076923184e-01,3.700000000000000000e+01,1.660199526400000000e+10,1.076348256256000000e+12,2.930980205535888672e+00
2.109000000000000000e+03,2.906000000000000000e+03,1.077521582572794614e+02,1.663780661615406053e-01,1.760000000000000000e+02,4.542482944000000000e+09,2.715383070720000000e+11,7.511537075042724609e-01
1.320000000000000000e+02,3.284000000000000000e+03,6.625389021355023260e+02,8.944271909999158832e-02,3.900000000000000000e+01,9.824643072000000000e+09,9.033239101440000000e+11,4.672022819519042969e+00
1.563000000000000000e+03,1.398000000000000000e+03,1.198778769641045727e+02,1.505846504842085487e-01,9.600000000000000000e+01,1.166735257600000000e+10,5.351949926400000000e+11,1.048883438110351562e+00
3.548000000000000000e+03,2.512000000000000000e+03,9.540600065047608780e+01,1.047565601757848297e-01,2.600000000000000000e+01,1.607904665600000000e+10,1.146904903680000000e+12,3.561056852340698242e+00
8.380000000000000000e+02,4.210000000000000000e+02,6.386636686003357966e+01,1.818181818181818232e-01,7.600000000000000000e+01,8.476939776000000000e+09,6.548592394240000000e+11,5.924999117851257324e-01
3.976000000000000000e+03,1.748000000000000000e+03,8.455521362711419897e+01,2.000000000000000111e-01,2.640000000000000000e+02,6.452957440000000000e+08,2.078604820480000000e+11,1.306209862232208252e-01
1.742000000000000000e+03,2.667000000000000000e+03,5.654099403923267175e+01,1.581138830084189706e-01,1.040000000000000000e+02,4.739264512000000000e+09,4.969811148800000000e+11,6.040065884590148926e-01
2.173000000000000000e+03,2.622000000000000000e+03,1.225827049252974916e+02,1.961161351381840168e-01,3.700000000000000000e+01,1.660199526400000000e+10,1.076348256256000000e+12,2.930980205535888672e+00
9.420000000000000000e+02,3.816000000000000000e+03,1.362102994144836146e+02,1.505846504842085487e-01,8.100000000000000000e+01,7.719323136000000000e+09,5.698018344960000000e+11,5.399097129702568054e-02
5.410000000000000000e+02,1.686000000000000000e+03,5.100014462112874014e+01,1.538461538461538547e-01,3.220000000000000000e+02,6.438922240000000000e+08,1.316851957760000000e+11,1.387920230627059937e-01
1.900000000000000000e+02,2.721000000000000000e+03,2.955164785602699453e+02,1.118033988749894958e-01,1.170000000000000000e+02,1.784323712000000000e+09,5.036438650880000000e+11,4.591844975948333740e-01
3.697000000000000000e+03,1.211000000000000000e+03,9.862592796910622894e+01,8.838834764831844659e-02,1.560000000000000000e+02,1.485463936000000000e+09,2.239134924800000000e+11,2.409477382898330688e-01
2.991000000000000000e+03,3.600000000000000000e+01,7.770095215173063252e+01,1.490711984999859852e-01,1.100000000000000000e+01,3.217836032000000000e+10,1.621931982848000000e+12,9.086136817932128906e-01
1.053000000000000000e+03,1.411000000000000000e+03,1.073155973943667050e+02,1.250000000000000000e-01,1.730000000000000000e+02,1.532323584000000000e+09,2.364367831040000000e+11,1.674392223358154297e-01
3.530000000000000000e+02,3.279000000000000000e+03,7.359556036902903031e+01,1.571348402636772446e-01,1.540000000000000000e+02,3.507972096000000000e+09,3.577351372800000000e+11,3.598425090312957764e-01
4.430000000000000000e+02,2.781000000000000000e+03,8.784050007860140852e+01,1.717960677340691911e-01,4.900000000000000000e+01,7.912558592000000000e+09,8.552816967680000000e+11,8.689212799072265625e-01
9.440000000000000000e+02,3.816000000000000000e+03,1.286521164684682503e+02,1.505846504842085487e-01,8.100000000000000000e+01,7.719323136000000000e+09,5.698018344960000000e+11,5.399097129702568054e-02
3.820000000000000000e+03,3.330000000000000000e+02,7.722126483937302055e+01,1.315334104411640948e-01,2.030000000000000000e+02,1.893578880000000000e+09,2.790343639040000000e+11,1.433310806751251221e-01
2.036000000000000000e+03,1.516000000000000000e+03,2.286840074360022186e+02,8.318903308077030267e-02,1.830000000000000000e+02,3.310277120000000000e+09,3.145353789440000000e+11,3.984389901161193848e-01
2.808000000000000000e+03,3.179000000000000000e+03,1.484325218373035966e+02,1.944406936956339094e-01,6.800000000000000000e+01,8.798078976000000000e+09,7.372794101760000000e+11,1.334026694297790527e+00
2.342000000000000000e+03,2.614000000000000000e+03,1.439826999128703164e+02,1.437398936440172637e-01,7.500000000000000000e+01,6.909923840000000000e+09,6.275906273280000000e+11,1.387628793716430664e+00
1.700000000000000000e+02,2.143000000000000000e+03,5.946998872936647018e+01,1.885618083164126990e-01,2.800000000000000000e+02,7.535530880000000000e+08,1.993198469120000000e+11,6.548240035772323608e-02
2.805000000000000000e+03,2.402000000000000000e+03,2.356002483268225660e+02,8.318903308077030267e-02,2.130000000000000000e+02,1.042019712000000000e+09,2.757443584000000000e+11,3.763999044895172119e-01
3.572000000000000000e+03,1.411000000000000000e+03,5.470119138740037101e+01,1.176470588235294101e-01,1.690000000000000000e+02,1.989236992000000000e+09,3.081782558720000000e+11,2.696634232997894287e-01
1.118000000000000000e+03,8.010000000000000000e+02,2.952728289549518337e+01,1.315334104411640948e-01,1.800000000000000000e+02,2.033409792000000000e+09,2.995316326400000000e+11,4.882094264030456543e-01
1.428000000000000000e+03,1.302000000000000000e+03,1.562291199987536174e+02,5.555555555555555247e-02,1.710000000000000000e+02,2.986639104000000000e+09,3.262996480000000000e+11,2.502601742744445801e-01
2.414000000000000000e+03,1.813000000000000000e+03,1.405137464759395982e+02,1.802775637731994507e-01,1.200000000000000000e+02,7.089619968000000000e+09,4.466879692800000000e+11,7.731604576110839844e-01
2.071000000000000000e+03,3.862000000000000000e+03,6.124005210041794811e+01,1.802775637731994507e-01,1.090000000000000000e+02,5.754290176000000000e+09,4.677676892160000000e+11,8.300584554672241211e-01
1.899000000000000000e+03,1.462000000000000000e+03,5.892970019488294753e+01,2.000000000000000111e-01,2.760000000000000000e+02,9.284546560000000000e+08,2.004269629440000000e+11,2.256767898797988892e-01
2.008000000000000000e+03,7.730000000000000000e+02,5.779176696749336628e+01,1.374903330507991073e-01,6.700000000000000000e+01,6.917338624000000000e+09,7.341444956160000000e+11,7.526878714561462402e-01
3.606000000000000000e+03,3.030000000000000000e+03,6.812107215666577531e+01,1.581138830084189706e-01,9.000000000000000000e+01,1.856924032000000000e+09,4.570356121600000000e+11,5.995895862579345703e-01
1.830000000000000000e+03,1.574000000000000000e+03,2.223615221417134933e+02,5.263157894736841813e-02,1.240000000000000000e+02,2.067857920000000000e+09,3.856891576320000000e+11,3.170086741447448730e-01
1.197000000000000000e+03,2.510000000000000000e+02,5.333042748981413297e+02,7.071067811865475172e-02,1.160000000000000000e+02,2.380019200000000000e+09,4.474392412160000000e+11,4.046666920185089111e-01
2.959000000000000000e+03,3.240000000000000000e+03,1.339524594283172121e+02,7.856742013183862228e-02,1.860000000000000000e+02,2.221791744000000000e+09,3.187015680000000000e+11,4.008580744266510010e-01
1.810000000000000000e+03,2.171000000000000000e+03,2.804632021785592855e+01,1.388321879725071539e-01,1.000000000000000000e+00,6.157198950400000000e+10,4.416137068544000000e+12,4.520943015813827515e-02
2.702000000000000000e+03,2.719000000000000000e+03,3.839385287834957694e+01,1.976423537605237202e-01,2.320000000000000000e+02,8.464028800000000000e+08,2.274351841280000000e+11,2.595289349555969238e-01
2.956000000000000000e+03,3.721000000000000000e+03,2.271202980430137757e+02,5.263157894736841813e-02,1.280000000000000000e+02,4.022070016000000000e+09,3.922227036160000000e+11,1.520862936973571777e+00
9.180000000000000000e+02,1.401000000000000000e+03,8.025859010803377203e+01,1.764705882352941291e-01,1.650000000000000000e+02,5.347155520000000000e+08,3.105895219200000000e+11,6.146562099456787109e-02
2.646000000000000000e+03,2.854000000000000000e+03,1.291063006910042077e+02,1.317615691736824801e-01,5.600000000000000000e+01,1.586118144000000000e+10,7.945620684800000000e+11,1.549731612205505371e+00
3.640000000000000000e+02,6.060000000000000000e+02,5.470164045736110126e+01,1.663780661615406053e-01,1.870000000000000000e+02,8.003907840000000000e+08,2.936924405760000000e+11,6.621309518814086914e-01
5.730000000000000000e+02,7.880000000000000000e+02,7.568621217483810426e+01,1.250000000000000000e-01,2.100000000000000000e+02,6.068355200000000000e+08,2.526852382720000000e+11,2.046982795000076294e-01
3.170000000000000000e+02,1.471000000000000000e+03,5.002140292822348755e+01,1.285648693066449855e-01,8.000000000000000000e+00,5.188821811200000000e+10,2.186460135424000000e+12,5.949957370758056641e-01
7.400000000000000000e+01,1.305000000000000000e+03,9.953313798155394920e+01,1.437398936440172637e-01,4.600000000000000000e+01,1.408726425600000000e+10,6.551540858880000000e+11,1.282244086265563965e+00
3.481000000000000000e+03,2.856000000000000000e+03,2.489768210103243860e+02,1.505846504842085487e-01,8.500000000000000000e+01,3.280976896000000000e+09,5.304367513600000000e+11,3.841274082660675049e-01
3.060000000000000000e+02,2.090000000000000000e+03,3.929062100738096888e+02,0.000000000000000000e+00,2.570000000000000000e+02,7.093384960000000000e+08,2.261990277120000000e+11,7.845331728458404541e-02
2.503000000000000000e+03,4.360000000000000000e+02,1.917893214157163584e+02,1.176877882894626220e-01,1.100000000000000000e+02,2.271716608000000000e+09,4.323528212480000000e+11,2.722533047199249268e-01
3.048000000000000000e+03,3.292000000000000000e+03,1.624405010421104123e+02,1.666666666666666574e-01,2.000000000000000000e+01,3.612656025600000000e+10,1.626098892800000000e+12,1.186937093734741211e-01
1.960000000000000000e+03,3.988000000000000000e+03,2.062668636891605161e+02,1.178511301977579334e-01,5.800000000000000000e+01,1.604596838400000000e+10,8.437500477440000000e+11,6.876591444015502930e-01
3.892000000000000000e+03,5.150000000000000000e+02,3.796419438183978201e+01,1.578947368421052544e-01,1.470000000000000000e+02,1.940034048000000000e+09,3.742253711360000000e+11,3.393869996070861816e-01
3.025000000000000000e+03,3.230000000000000000e+03,1.183992102033048042e+02,1.397542485937368628e-01,1.970000000000000000e+02,1.376791424000000000e+09,2.338413936640000000e+11,1.094494313001632690e-01
3.757000000000000000e+03,1.963000000000000000e+03,2.072341926386448563e+02,8.318903308077030267e-02,2.300000000000000000e+02,5.757701120000000000e+08,2.750872944640000000e+11,8.679321408271789551e-02
3.660000000000000000e+03,3.425000000000000000e+03,5.689681753289405606e+02,1.717960677340691911e-01,5.900000000000000000e+01,1.048679833600000000e+10,7.828546519040000000e+11,5.260182619094848633e-01
6.760000000000000000e+02,2.473000000000000000e+03,3.205139297710693427e+02,1.851851851851851749e-01,2.500000000000000000e+01,1.637902950400000000e+10,1.113396346880000000e+12,1.996217012405395508e+00
3.195000000000000000e+03,3.620000000000000000e+03,5.335020321259055009e+01,1.885618083164126990e-01,2.610000000000000000e+02,3.589689600000000000e+08,1.959782809600000000e+11,3.629076108336448669e-02
2.757000000000000000e+03,2.445000000000000000e+03,7.386740934639543354e+01,1.649242250247064112e-01,4.500000000000000000e+01,9.663973376000000000e+09,9.594038517760000000e+11,1.929919958114624023e+00
3.140000000000000000e+02,1.470000000000000000e+03,4.705645508923745268e+01,1.212121212121212155e-01,8.000000000000000000e+00,5.188821811200000000e+10,2.186460135424000000e+12,5.949957370758056641e-01
3.102000000000000000e+03,2.435000000000000000e+03,7.810799044229044341e+01,1.788854381999831766e-01,4.800000000000000000e+01,1.269249024000000000e+10,9.317162024960000000e+11,1.329311370849609375e+00
1.051000000000000000e+03,1.410000000000000000e+03,2.608800422566840211e+02,1.397542485937368628e-01,1.730000000000000000e+02,1.532323584000000000e+09,2.364367831040000000e+11,1.674392223358154297e-01
6.710000000000000000e+02,2.480000000000000000e+03,1.291711514979639617e+02,1.527076157636170495e-01,2.500000000000000000e+01,1.637902950400000000e+10,1.113396346880000000e+12,1.996217012405395508e+00
1.442000000000000000e+03,2.726000000000000000e+03,1.351211442110200380e+02,1.885618083164126990e-01,2.440000000000000000e+02,5.282016000000000000e+08,1.886439014400000000e+11,1.114356368780136108e-01
3.426000000000000000e+03,2.568000000000000000e+03,8.266475705281166597e+01,1.397542485937368628e-01,2.240000000000000000e+02,8.462172160000000000e+08,2.229220966400000000e+11,2.098167538642883301e-01
5.980000000000000000e+02,2.615000000000000000e+03,3.405485964295964436e+02,1.724137931034482873e-01,1.800000000000000000e+01,1.623037542400000000e+10,1.491725320192000000e+12,5.082186508178710938e+01
2.723000000000000000e+03,1.332000000000000000e+03,1.227129327504976004e+02,1.315334104411640948e-01,1.960000000000000000e+02,1.600720000000000000e+09,2.870359490560000000e+11,1.783280670642852783e-01
9.400000000000000000e+02,3.819000000000000000e+03,1.506674056115185749e+02,1.428571428571428492e-01,8.100000000000000000e+01,7.719323136000000000e+09,5.698018344960000000e+11,5.399097129702568054e-02
1.566000000000000000e+03,1.394000000000000000e+03,1.056782530691924364e+02,1.064794274999899953e-01,9.600000000000000000e+01,1.166735257600000000e+10,5.351949926400000000e+11,1.048883438110351562e+00
2.804000000000000000e+03,3.182000000000000000e+03,1.906619382321040632e+02,4.347826086956521618e-02,6.800000000000000000e+01,8.798078976000000000e+09,7.372794101760000000e+11,1.334026694297790527e+00
8.370000000000000000e+02,4.210000000000000000e+02,6.300954928863699678e+01,1.874138920735300140e-01,7.600000000000000000e+01,8.476939776000000000e+09,6.548592394240000000e+11,5.924999117851257324e-01
3.218000000000000000e+03,2.244000000000000000e+03,1.413488336201268112e+02,1.064794274999899953e-01,9.100000000000000000e+01,4.482737664000000000e+09,5.583363112960000000e+11,2.550077438354492188e-01
3.218000000000000000e+03,2.239000000000000000e+03,9.578658250139642405e+01,1.505846504842085487e-01,9.100000000000000000e+01,4.482737664000000000e+09,5.583363112960000000e+11,2.550077438354492188e-01
3.813000000000000000e+03,6.050000000000000000e+02,1.093917558081333254e+02,1.250000000000000000e-01,2.470000000000000000e+02,4.030098240000000000e+08,2.363661844480000000e+11,5.728396400809288025e-02
4.220000000000000000e+02,1.835000000000000000e+03,7.586925108953381880e+01,1.421760560557814024e-01,4.000000000000000000e+00,2.216379187200000000e+10,1.423872098304000000e+12,1.059899687767028809e+00
3.620000000000000000e+02,1.718000000000000000e+03,3.787620817106918736e+01,8.333333333333332871e-02,3.550000000000000000e+02,3.379212480000000000e+08,1.109664808960000000e+11,7.295510265976190567e-03
5.410000000000000000e+02,2.470000000000000000e+03,1.027331702777917997e+02,1.767766952966368932e-01,1.350000000000000000e+02,1.476633216000000000e+09,2.523343421440000000e+11,1.282015740871429443e-01
2.083000000000000000e+03,2.857000000000000000e+03,8.330277344016107577e+01,1.437398936440172637e-01,4.400000000000000000e+01,9.059347456000000000e+09,6.248648540160000000e+11,4.563073813915252686e-01
1.826000000000000000e+03,1.929000000000000000e+03,5.979385331269965320e+01,1.976423537605237202e-01,1.490000000000000000e+02,1.098039936000000000e+09,2.263666524160000000e+11,1.936717629432678223e-01
3.361000000000000000e+03,1.651000000000000000e+03,5.253040826360295057e+01,1.863389981249824745e-01,3.490000000000000000e+02,3.211499200000000000e+08,1.035304714240000000e+11,3.332430496811866760e-02
6.110000000000000000e+02,4.730000000000000000e+02,9.047418351948208226e+01,1.756820922315766309e-01,1.420000000000000000e+02,1.824037888000000000e+09,3.510841180160000000e+11,1.941844373941421509e-01
2.507000000000000000e+03,4.320000000000000000e+02,5.587025298969066966e+01,1.897658566033678385e-01,1.100000000000000000e+02,2.271716608000000000e+09,4.323528212480000000e+11,2.722533047199249268e-01
2.858000000000000000e+03,3.550000000000000000e+03,7.785353716584494350e+02,1.243293543263444545e-01,1.500000000000000000e+01,2.484295680000000000e+10,1.361350492160000000e+12,1.479203462600708008e+00
3.125000000000000000e+03,3.143000000000000000e+03,2.090829801243752968e+02,1.118033988749894958e-01,1.010000000000000000e+02,6.721974784000000000e+09,4.795139031040000000e+11,4.184983968734741211e-01
3.484000000000000000e+03,2.852000000000000000e+03,1.081887680537607395e+02,1.963383631246505001e-01,8.500000000000000000e+01,3.280976896000000000e+09,5.304367513600000000e+11,3.841274082660675049e-01
3.698000000000000000e+03,2.511000000000000000e+03,9.762156081999542323e+01,1.585809856006792640e-01,4.300000000000000000e+01,6.390501888000000000e+09,1.028565368832000000e+12,1.451150059700012207e+00
2.744000000000000000e+03,2.879000000000000000e+03,3.597198951774720399e+01,1.612903225806451568e-01,1.600000000000000000e+01,3.269567692800000000e+10,1.808104685568000000e+12,0.000000000000000000e+00
2.652000000000000000e+03,2.840000000000000000e+03,6.967205846699152971e+01,1.666666666666666574e-01,3.500000000000000000e+02,3.723372480000000000e+08,1.038927544320000000e+11,1.821991987526416779e-02
1.198000000000000000e+03,2.490000000000000000e+02,8.622141251803091109e+02,5.000000000000000278e-02,1.160000000000000000e+02,2.380019200000000000e+09,4.474392412160000000e+11,4.046666920185089111e-01
1.009000000000000000e+03,1.609000000000000000e+03,5.021067164822939617e+02,0.000000000000000000e+00,3.180000000000000000e+02,4.352704960000000000e+08,1.349946982400000000e+11,4.331124201416969299e-02
2.028000000000000000e+03,3.652000000000000000e+03,1.586692169428259547e+02,1.010152544552210818e-01,3.110000000000000000e+02,8.539013120000000000e+08,1.579733647360000000e+11,1.051611080765724182e-01
2.145000000000000000e+03,8.400000000000000000e+01,1.679893861477633834e+02,1.923076923076923184e-01,3.400000000000000000e+01,2.207638323200000000e+10,1.046548774912000000e+12,1.211993932723999023e+00
3.600000000000000000e+02,1.322000000000000000e+03,7.189986587673855922e+01,1.749999999999999889e-01,0.000000000000000000e+00,6.791713996800000000e+10,3.866329874432000000e+12,5.838018655776977539e-01
1.154000000000000000e+03,1.694000000000000000e+03,6.126669008979559550e+01,1.111111111111111049e-01,1.130000000000000000e+02,2.778995916800000000e+10,3.163079311360000000e+11,0.000000000000000000e+00
1.440000000000000000e+03,1.501000000000000000e+03,6.836468831740737073e+01,1.860163329510811370e-01,1.840000000000000000e+02,3.228920576000000000e+09,3.089111777280000000e+11,5.643389225006103516e-01
2.599000000000000000e+03,8.260000000000000000e+02,1.394595031941070999e+02,1.243293543263444545e-01,1.300000000000000000e+01,2.367379046400000000e+10,1.408263389184000000e+12,6.113696098327636719e+00
2.037000000000000000e+03,1.516000000000000000e+03,2.417493972574505108e+02,5.882352941176470507e-02,1.830000000000000000e+02,3.310277120000000000e+09,3.145353789440000000e+11,3.984389901161193848e-01
7.900000000000000000e+02,2.456000000000000000e+03,6.794635323457762865e+01,1.010152544552210818e-01,3.190000000000000000e+02,3.865904000000000000e+08,1.632098549760000000e+11,8.648485690355300903e-02
3.676000000000000000e+03,4.380000000000000000e+02,2.788179375572389631e+02,1.363636363636363535e-01,7.700000000000000000e+01,8.184467456000000000e+09,6.611352944640000000e+11,5.086567997932434082e-01
1.678000000000000000e+03,2.130000000000000000e+03,2.955414775202880264e+02,0.000000000000000000e+00,9.400000000000000000e+01,3.051343872000000000e+09,5.484187811840000000e+11,4.253889322280883789e-01
2.518000000000000000e+03,1.200000000000000000e+01,9.061829826431808499e+01,1.242259987499883256e-01,1.600000000000000000e+02,3.196273664000000000e+09,3.672825528320000000e+11,1.436638087034225464e-01
1.053000000000000000e+03,9.010000000000000000e+02,1.365399349307841135e+02,1.666666666666666574e-01,1.700000000000000000e+02,2.635359488000000000e+09,3.293433692160000000e+11,4.095209240913391113e-01
3.330000000000000000e+02,2.495000000000000000e+03,1.056862584615661547e+02,0.000000000000000000e+00,3.520000000000000000e+02,6.829953280000000000e+08,9.921628569600000000e+10,9.944533929228782654e-03
3.094000000000000000e+03,3.659000000000000000e+03,9.467269744386099717e+01,1.875000000000000000e-01,1.200000000000000000e+01,3.804662169600000000e+10,1.865792618496000000e+12,1.976391410827636719e+01
1.763000000000000000e+03,1.710000000000000000e+03,1.737827432604835280e+02,1.502313031443328895e-01,1.000000000000000000e+01,8.726153216000000000e+09,7.770129039360000000e+11,6.118690013885498047e+00
7.060000000000000000e+02,2.388000000000000000e+03,1.155512324602979533e+02,1.242259987499883256e-01,1.500000000000000000e+02,1.719264640000000000e+09,3.491925852160000000e+11,3.049979805946350098e-01
4.190000000000000000e+02,1.835000000000000000e+03,9.659181089301955581e+01,1.950639396376682988e-01,4.000000000000000000e+00,2.216379187200000000e+10,1.423872098304000000e+12,1.059899687767028809e+00
2.700000000000000000e+02,2.600000000000000000e+02,3.597413344479503650e+01,1.397542485937368628e-01,2.350000000000000000e+02,3.835418560000000000e+08,2.558666014720000000e+11,3.988758474588394165e-02
3.680000000000000000e+02,1.320000000000000000e+03,3.601916774243242116e+02,5.590169943749474790e-02,0.000000000000000000e+00,6.791713996800000000e+10,3.866329874432000000e+12,5.838018655776977539e-01
1.521000000000000000e+03,1.613000000000000000e+03,9.372929231710749320e+01,1.505846504842085487e-01,5.700000000000000000e+01,4.617920000000000000e+09,5.532357754880000000e+11,1.412596464157104492e+00
3.095000000000000000e+03,3.649000000000000000e+03,3.756366134882547954e+02,1.288470508005518933e-01,1.200000000000000000e+01,3.804662169600000000e+10,1.865792618496000000e+12,1.976391410827636719e+01
3.865000000000000000e+03,1.995000000000000000e+03,5.270881393466380871e+01,1.944406936956339094e-01,6.200000000000000000e+01,1.031607296000000000e+10,7.346875924480000000e+11,1.895973205566406250e+00
3.195000000000000000e+03,1.870000000000000000e+02,6.808421348509716609e+01,1.538461538461538547e-01,2.550000000000000000e+02,4.543162560000000000e+08,1.399847157760000000e+11,6.439997255802154541e-02
3.696000000000000000e+03,2.508000000000000000e+03,1.970970190029131004e+02,5.439282932204211884e-02,4.300000000000000000e+01,6.390501888000000000e+09,1.028565368832000000e+12,1.451150059700012207e+00
7.200000000000000000e+01,1.309000000000000000e+03,1.119891195174016616e+02,1.437398936440172637e-01,4.600000000000000000e+01,1.408726425600000000e+10,6.551540858880000000e+11,1.282244086265563965e+00
1.441000000000000000e+03,1.503000000000000000e+03,1.496359074029570024e+02,1.315334104411640948e-01,1.840000000000000000e+02,3.228920576000000000e+09,3.089111777280000000e+11,5.643389225006103516e-01
7.820000000000000000e+02,1.504000000000000000e+03,1.109286579894802856e+02,1.315334104411640948e-01,2.250000000000000000e+02,2.712698368000000000e+09,2.835158794240000000e+11,8.608257025480270386e-02
3.730000000000000000e+02,1.320000000000000000e+03,1.413935442766739072e+02,1.581138830084189706e-01,0.000000000000000000e+00,6.791713996800000000e+10,3.866329874432000000e+12,5.838018655776977539e-01
2.509000000000000000e+03,1.865000000000000000e+03,3.038706519960459218e+02,5.263157894736841813e-02,1.370000000000000000e+02,4.924700672000000000e+09,4.232317501440000000e+11,1.894956678152084351e-01
2.740000000000000000e+03,2.878000000000000000e+03,4.252898147057321410e+01,4.561979233461597311e-02,1.600000000000000000e+01,3.269567692800000000e+10,1.808104685568000000e+12,0.000000000000000000e+00
1.862000000000000000e+03,3.056000000000000000e+03,1.450892572273233725e+02,1.242259987499883256e-01,1.360000000000000000e+02,3.717910016000000000e+09,3.234228469760000000e+11,9.218970537185668945e-01
1.298000000000000000e+03,2.021000000000000000e+03,2.195016361165788794e+02,1.216260638526299870e-01,3.800000000000000000e+01,1.030433177600000000e+10,9.779833077760000000e+11,7.185483574867248535e-01
1.122000000000000000e+03,3.881000000000000000e+03,5.593662541178058234e+01,1.689656258416172008e-01,3.000000000000000000e+00,3.762573721600000000e+10,2.640144498688000000e+12,1.831436872482299805e+00
1.053000000000000000e+03,1.410000000000000000e+03,1.134529904976109265e+02,6.250000000000000000e-02,1.730000000000000000e+02,1.532323584000000000e+09,2.364367831040000000e+11,1.674392223358154297e-01
2.506000000000000000e+03,1.023000000000000000e+03,7.130258519838132258e+01,1.976423537605237202e-01,5.000000000000000000e+00,3.258369433600000000e+10,1.944343412736000000e+12,3.667835891246795654e-01
3.466000000000000000e+03,1.185000000000000000e+03,7.497523090200054696e+01,1.578947368421052544e-01,1.210000000000000000e+02,1.199321856000000000e+09,3.968022282240000000e+11,5.909001231193542480e-01
9.450000000000000000e+02,1.280000000000000000e+02,5.536833135345001722e+01,1.666666666666666574e-01,1.290000000000000000e+02,9.721923840000000000e+08,3.688891678720000000e+11,1.283003538846969604e-01
1.399000000000000000e+03,1.454000000000000000e+03,1.618738755297914054e+02,7.142857142857142461e-02,3.040000000000000000e+02,3.285930240000000000e+08,1.690658570240000000e+11,2.467923052608966827e-02
5.200000000000000000e+02,2.169000000000000000e+03,1.190760757627020183e+02,1.488645855129573925e-01,8.900000000000000000e+01,6.515340800000000000e+09,4.246592880640000000e+11,1.049532413482666016e+00
1.050000000000000000e+03,2.970000000000000000e+02,7.567441676365315573e+01,7.692307692307692735e-02,2.420000000000000000e+02,3.873505600000000000e+08,1.351133429760000000e+11,5.675405263900756836e-02
3.236000000000000000e+03,2.991000000000000000e+03,7.159960273438080947e+01,1.756820922315766309e-01,1.630000000000000000e+02,2.215606528000000000e+09,3.263569264640000000e+11,2.493974864482879639e-01
3.207000000000000000e+03,1.962000000000000000e+03,2.024734610879776255e+02,9.523809523809523281e-02,9.500000000000000000e+01,6.686404608000000000e+09,5.159017840640000000e+11,9.251435995101928711e-01
3.812000000000000000e+03,1.065000000000000000e+03,8.623936080493758993e+01,1.720052290384453675e-01,3.340000000000000000e+02,5.983065600000000000e+08,1.386395566080000000e+11,6.755406409502029419e-02
1.995000000000000000e+03,3.385000000000000000e+03,1.210811373870864713e+02,1.499999999999999944e-01,1.060000000000000000e+02,2.987837184000000000e+09,4.844249415680000000e+11,3.978361785411834717e-01
2.080000000000000000e+02,1.263000000000000000e+03,1.008535735737413006e+02,1.397542485937368628e-01,2.230000000000000000e+02,3.540148480000000000e+09,2.356820377600000000e+11,2.054082304239273071e-01
3.100000000000000000e+03,3.652000000000000000e+03,1.058240718828192257e+02,1.900863290718193543e-01,1.200000000000000000e+01,3.804662169600000000e+10,1.865792618496000000e+12,1.976391410827636719e+01
3.020000000000000000e+03,5.290000000000000000e+02,5.632333592735831473e+01,1.716929178792375721e-01,9.700000000000000000e+01,5.012286464000000000e+09,5.178961100800000000e+11,1.447071075439453125e+00
1.524000000000000000e+03,1.609000000000000000e+03,2.128805033368865338e+02,1.963383631246505001e-01,5.700000000000000000e+01,4.617920000000000000e+09,5.532357754880000000e+11,1.412596464157104492e+00
1.358000000000000000e+03,2.009000000000000000e+03,3.642118497375439574e+02,0.000000000000000000e+00,1.810000000000000000e+02,1.441623680000000000e+09,2.788685250560000000e+11,2.093609422445297241e-01
1.270000000000000000e+03,3.924000000000000000e+03,6.325886923283642318e+02,7.710579232757895640e-02,1.700000000000000000e+01,3.641467289600000000e+10,1.465478807552000000e+12,4.167245388031005859e+00
1.331000000000000000e+03,1.615000000000000000e+03,1.653940118549327565e+02,1.764705882352941291e-01,1.820000000000000000e+02,1.194767488000000000e+09,2.648773918720000000e+11,2.541265189647674561e-01
2.989000000000000000e+03,2.201000000000000000e+03,3.437482706753866779e+01,1.976423537605237202e-01,2.340000000000000000e+02,3.183621760000000000e+08,2.423084810240000000e+11,3.677742183208465576e-01
3.334000000000000000e+03,7.940000000000000000e+02,8.099408483968529993e+01,1.756820922315766309e-01,1.480000000000000000e+02,1.724786304000000000e+09,3.378457477120000000e+11,3.567959368228912354e-01
3.679000000000000000e+03,2.902000000000000000e+03,4.026236456699888322e+01,1.379310344827586188e-01,1.900000000000000000e+01,2.456189337600000000e+10,1.437959847936000000e+12,4.980907142162322998e-01
7.370000000000000000e+02,2.810000000000000000e+03,9.490130139825699018e+01,1.442220510185595606e-01,3.300000000000000000e+01,1.520119193600000000e+10,9.712469934080000000e+11,1.588283777236938477e+00
3.986000000000000000e+03,2.429000000000000000e+03,1.846458463112525408e+02,5.050762722761054091e-02,2.200000000000000000e+01,3.011985612800000000e+10,1.264861839360000000e+12,0.000000000000000000e+00
9.460000000000000000e+02,3.819000000000000000e+03,9.749753148282134418e+01,1.428571428571428492e-01,8.100000000000000000e+01,7.719323136000000000e+09,5.698018344960000000e+11,5.399097129702568054e-02
2.246000000000000000e+03,1.095000000000000000e+03,3.188561089182791619e+01,7.710579232757895640e-02,3.000000000000000000e+01,2.774474752000000000e+10,1.397942386688000000e+12,0.000000000000000000e+00
2.750000000000000000e+03,2.450000000000000000e+03,1.133254710551314162e+02,2.000000000000000111e-01,4.500000000000000000e+01,9.663973376000000000e+09,9.594038517760000000e+11,1.929919958114624023e+00
3.670000000000000000e+02,6.050000000000000000e+02,4.585672900093622673e+01,1.860163329510811370e-01,1.870000000000000000e+02,8.003907840000000000e+08,2.936924405760000000e+11,6.621309518814086914e-01
2.503000000000000000e+03,4.370000000000000000e+02,2.638187676166932079e+02,1.488645855129573925e-01,1.100000000000000000e+02,2.271716608000000000e+09,4.323528212480000000e+11,2.722533047199249268e-01
3.637000000000000000e+03,3.981000000000000000e+03,9.649039844595719728e+01,1.538461538461538547e-01,2.900000000000000000e+01,1.268129484800000000e+10,1.003939889152000000e+12,2.182029724121093750e+00
3.122000000000000000e+03,1.052000000000000000e+03,2.768049736144010922e+02,5.439282932204211884e-02,3.100000000000000000e+01,1.766500556800000000e+10,1.050311589888000000e+12,3.384711980819702148e+00
1.503000000000000000e+03,1.894000000000000000e+03,6.036083544016405966e+01,1.585809856006792640e-01,4.200000000000000000e+01,1.554715648000000000e+10,1.040514875392000000e+12,1.968401670455932617e+00
3.467000000000000000e+03,4.940000000000000000e+02,1.837543827498161022e+02,1.064794274999899953e-01,8.300000000000000000e+01,3.556626176000000000e+09,5.523520880640000000e+11,9.543594717979431152e-01
2.994000000000000000e+03,2.204000000000000000e+03,4.795356329301011300e+01,1.767766952966368932e-01,2.340000000000000000e+02,3.183621760000000000e+08,2.423084810240000000e+11,3.677742183208465576e-01
3.316000000000000000e+03,1.278000000000000000e+03,5.495848794596788878e+01,1.242259987499883256e-01,1.450000000000000000e+02,2.051864320000000000e+09,3.555906682880000000e+11,3.473100960254669189e-01
6.720000000000000000e+02,2.472000000000000000e+03,1.895532972860794985e+02,1.481481481481481399e-01,2.500000000000000000e+01,1.637902950400000000e+10,1.113396346880000000e+12,1.996217012405395508e+00
3.220000000000000000e+03,2.240000000000000000e+03,3.168863703991999614e+02,1.716929178792375721e-01,9.100000000000000000e+01,4.482737664000000000e+09,5.583363112960000000e+11,2.550077438354492188e-01
1.470000000000000000e+03,2.857000000000000000e+03,1.052460583654552835e+02,1.720052290384453675e-01,2.180000000000000000e+02,4.900465280000000000e+08,1.246252810240000000e+11,9.948574006557464600e-02
3.715000000000000000e+03,1.126000000000000000e+03,3.786049330219111653e+01,1.802775637731994507e-01,9.900000000000000000e+01,4.183457280000000000e+09,4.913350901760000000e+11,5.355432629585266113e-01
8.400000000000000000e+02,4.200000000000000000e+02,6.488293874479585099e+01,1.638886943392722229e-01,7.600000000000000000e+01,8.476939776000000000e+09,6.548592394240000000e+11,5.924999117851257324e-01
2.807000000000000000e+03,3.180000000000000000e+03,2.114509324819572669e+02,1.374903330507991073e-01,6.800000000000000000e+01,8.798078976000000000e+09,7.372794101760000000e+11,1.334026694297790527e+00
1.266000000000000000e+03,3.922000000000000000e+03,1.133407362251856938e+02,1.724137931034482873e-01,1.700000000000000000e+01,3.641467289600000000e+10,1.465478807552000000e+12,4.167245388031005859e+00
3.392000000000000000e+03,2.272000000000000000e+03,8.922523142511566618e+01,5.882352941176470507e-02,2.000000000000000000e+02,1.618048256000000000e+09,2.718396088320000000e+11,4.473841786384582520e-01
2.080000000000000000e+02,1.057000000000000000e+03,1.254512426231955686e+02,9.523809523809523281e-02,5.400000000000000000e+01,7.008146944000000000e+09,5.634084044800000000e+11,5.607416629791259766e-01
2.380000000000000000e+03,3.130000000000000000e+03,9.302646261987440823e+01,1.581138830084189706e-01,1.140000000000000000e+02,6.558797824000000000e+09,4.732224798720000000e+11,3.872925639152526855e-01
2.774000000000000000e+03,3.390000000000000000e+02,3.041442100394518988e+01,1.860163329510811370e-01,2.080000000000000000e+02,1.508241280000000000e+09,2.930831523840000000e+11,9.406410157680511475e-02
1.517000000000000000e+03,1.609000000000000000e+03,4.522720505224390308e+02,1.505846504842085487e-01,5.700000000000000000e+01,4.617920000000000000e+09,5.532357754880000000e+11,1.412596464157104492e+00
1.848000000000000000e+03,1.025000000000000000e+03,8.914688126068909924e+01,1.875000000000000000e-01,1.030000000000000000e+02,2.004422016000000000e+09,2.521610321920000000e+11,2.871632277965545654e-01
3.394000000000000000e+03,1.756000000000000000e+03,1.759814670662881895e+02,5.882352941176470507e-02,2.050000000000000000e+02,1.662369152000000000e+09,2.801193123840000000e+11,1.934467852115631104e-01
4.760000000000000000e+02,2.206000000000000000e+03,1.202769787432510924e+02,1.087856586440842377e-01,3.350000000000000000e+02,5.470848000000000000e+08,1.330776473600000000e+11,7.928723096847534180e-02
3.662000000000000000e+03,3.427000000000000000e+03,1.369028675889234705e+02,1.502313031443328895e-01,5.900000000000000000e+01,1.048679833600000000e+10,7.828546519040000000e+11,5.260182619094848633e-01
1.200000000000000000e+03,1.457000000000000000e+03,7.364514564543372899e+01,1.720052290384453675e-01,3.360000000000000000e+02,3.446819840000000000e+08,1.372557148160000000e+11,1.001515835523605347e-01
2.244000000000000000e+03,1.096000000000000000e+03,2.746414608343481234e+01,1.542115846551579128e-01,3.000000000000000000e+01,2.774474752000000000e+10,1.397942386688000000e+12,0.000000000000000000e+00
3.677000000000000000e+03,3.151000000000000000e+03,7.974074865208329754e+01,1.578947368421052544e-01,1.310000000000000000e+02,3.632237568000000000e+09,4.112175923200000000e+11,1.594951003789901733e-01
2.739000000000000000e+03,2.881000000000000000e+03,3.743873921260811954e+01,6.451612903225806273e-02,1.600000000000000000e+01,3.269567692800000000e+10,1.808104685568000000e+12,0.000000000000000000e+00
3.016000000000000000e+03,8.150000000000000000e+02,7.097092241379033339e+01,1.802775637731994507e-01,1.020000000000000000e+02,1.650304512000000000e+09,4.517831966720000000e+11,2.106188774108886719e+00
2.837000000000000000e+03,3.194000000000000000e+03,1.064849609827551262e+02,1.250000000000000000e-01,1.550000000000000000e+02,6.848323840000000000e+08,2.344852357120000000e+11,2.412156015634536743e-01
3.693000000000000000e+03,1.210000000000000000e+03,8.346399075609824081e+01,1.875000000000000000e-01,1.560000000000000000e+02,1.485463936000000000e+09,2.239134924800000000e+11,2.409477382898330688e-01
2.800000000000000000e+03,3.170000000000000000e+03,7.883925742485196508e+01,1.397542485937368628e-01,2.660000000000000000e+02,7.283575680000000000e+08,2.201929154560000000e+11,6.726475805044174194e-02
2.250000000000000000e+03,1.095000000000000000e+03,3.798193300880967627e+01,7.710579232757895640e-02,3.000000000000000000e+01,2.774474752000000000e+10,1.397942386688000000e+12,0.000000000000000000e+00
3.579000000000000000e+03,3.407000000000000000e+03,8.118237453569541628e+01,1.802775637731994507e-01,1.220000000000000000e+02,4.187620096000000000e+09,4.638568939520000000e+11,5.724893808364868164e-01
2.278000000000000000e+03,3.733000000000000000e+03,1.170643769686012803e+02,1.720052290384453675e-01,3.130000000000000000e+02,3.749838400000000000e+08,1.443974512640000000e+11,6.140996888279914856e-02
5.030000000000000000e+02,1.425000000000000000e+03,1.509066840667366876e+02,1.010152544552210818e-01,2.810000000000000000e+02,9.878126720000000000e+08,1.478563266560000000e+11,1.566789746284484863e-01
3.978000000000000000e+03,2.102000000000000000e+03,1.467374226144418117e+02,1.716929178792375721e-01,8.600000000000000000e+01,5.506938880000000000e+09,5.508653383680000000e+11,3.377498388290405273e-01
9.780000000000000000e+02,2.645000000000000000e+03,8.722490449091291964e+01,1.716929178792375721e-01,9.200000000000000000e+01,2.896953344000000000e+09,5.285608161280000000e+11,8.672224879264831543e-01
1.765000000000000000e+03,1.709000000000000000e+03,7.078109518523464772e+01,1.863389981249824745e-01,1.000000000000000000e+01,8.726153216000000000e+09,7.770129039360000000e+11,6.118690013885498047e+00
1.328000000000000000e+03,1.618000000000000000e+03,1.012255467419533517e+02,1.764705882352941291e-01,1.820000000000000000e+02,1.194767488000000000e+09,2.648773918720000000e+11,2.541265189647674561e-01
2.510000000000000000e+03,1.863000000000000000e+03,5.922826308538043349e+01,1.664356663246515655e-01,1.370000000000000000e+02,4.924700672000000000e+09,4.232317501440000000e+11,1.894956678152084351e-01
3.532000000000000000e+03,2.198000000000000000e+03,5.696277227836502988e+01,1.242259987499883256e-01,1.720000000000000000e+02,2.003181440000000000e+09,3.155775324160000000e+11,2.163498550653457642e-01
3.393000000000000000e+03,2.270000000000000000e+03,6.076702324846502989e+01,1.663780661615406053e-01,2.000000000000000000e+02,1.618048256000000000e+09,2.718396088320000000e+11,4.473841786384582520e-01
3.435000000000000000e+03,1.427000000000000000e+03,2.217604281168504201e+02,5.263157894736841813e-02,1.180000000000000000e+02,3.062268160000000000e+09,4.329599795200000000e+11,4.076516926288604736e-01
7.830000000000000000e+02,1.503000000000000000e+03,1.179015947296590241e+02,1.315334104411640948e-01,2.250000000000000000e+02,2.712698368000000000e+09,2.835158794240000000e+11,8.608257025480270386e-02
3.549000000000000000e+03,1.731000000000000000e+03,6.546398715309136662e+01,1.597191412499849861e-01,3.060000000000000000e+02,3.920565760000000000e+08,1.621653094400000000e+11,4.171235859394073486e-02
3.039000000000000000e+03,3.293000000000000000e+03,8.357712092256650749e+01,1.374368541872553473e-01,2.000000000000000000e+01,3.612656025600000000e+10,1.626098892800000000e+12,1.186937093734741211e-01
3.028000000000000000e+03,3.232000000000000000e+03,5.219866428192283792e+01,1.976423537605237202e-01,1.970000000000000000e+02,1.376791424000000000e+09,2.338413936640000000e+11,1.094494313001632690e-01
1.054000000000000000e+03,1.410000000000000000e+03,1.571407098672918892e+02,8.838834764831844659e-02,1.730000000000000000e+02,1.532323584000000000e+09,2.364367831040000000e+11,1.674392223358154297e-01
1.329000000000000000e+03,1.615000000000000000e+03,2.912462233016597679e+02,5.882352941176470507e-02,1.820000000000000000e+02,1.194767488000000000e+09,2.648773918720000000e+11,2.541265189647674561e-01
2.519000000000000000e+03,1.400000000000000000e+01,1.046397695601118301e+02,1.111111111111111049e-01,1.600000000000000000e+02,3.196273664000000000e+09,3.672825528320000000e+11,1.436638087034225464e-01
4.250000000000000000e+02,1.837000000000000000e+03,1.080772232116712530e+02,9.753196981883414940e-02,4.000000000000000000e+00,2.216379187200000000e+10,1.423872098304000000e+12,1.059899687767028809e+00
6.810000000000000000e+02,9.380000000000000000e+02,3.264594448056183040e+01,1.860163329510811370e-01,1.750000000000000000e+02,1.603920384000000000e+09,3.096959713280000000e+11,1.232247829437255859e+00
6.670000000000000000e+02,2.475000000000000000e+03,9.164015799970708542e+01,1.888525745775105347e-01,2.500000000000000000e+01,1.637902950400000000e+10,1.113396346880000000e+12,1.996217012405395508e+00
2.804000000000000000e+03,3.177000000000000000e+03,1.223124670630623854e+02,1.739130434782608647e-01,6.800000000000000000e+01,8.798078976000000000e+09,7.372794101760000000e+11,1.334026694297790527e+00
2.114000000000000000e+03,2.903000000000000000e+03,1.114295115118057993e+02,1.860163329510811370e-01,1.760000000000000000e+02,4.542482944000000000e+09,2.715383070720000000e+11,7.511537075042724609e-01
6.070000000000000000e+02,1.764000000000000000e+03,7.524029118280689943e+01,1.502313031443328895e-01,2.100000000000000000e+01,9.767414784000000000e+09,7.698031575040000000e+11,1.788983106613159180e+00
3.716000000000000000e+03,2.826000000000000000e+03,4.982160687257393761e+01,1.490711984999859852e-01,2.460000000000000000e+02,1.293906048000000000e+09,2.160205332480000000e+11,1.234992891550064087e-01
3.221000000000000000e+03,2.243000000000000000e+03,5.178550700356282022e+01,1.963383631246505001e-01,9.100000000000000000e+01,4.482737664000000000e+09,5.583363112960000000e+11,2.550077438354492188e-01
3.695000000000000000e+03,2.506000000000000000e+03,8.400518260243082977e+02,8.600261451922268374e-02,4.300000000000000000e+01,6.390501888000000000e+09,1.028565368832000000e+12,1.451150059700012207e+00
1.195000000000000000e+03,2.520000000000000000e+02,5.011573059564145183e+01,1.802775637731994507e-01,1.160000000000000000e+02,2.380019200000000000e+09,4.474392412160000000e+11,4.046666920185089111e-01
3.215000000000000000e+03,3.812000000000000000e+03,2.682930024812204124e+02,8.281733249999222168e-02,2.700000000000000000e+01,1.486072934400000000e+10,1.127825801216000000e+12,1.289787650108337402e+00
5.970000000000000000e+02,2.620000000000000000e+03,7.921046330096904740e+02,1.421760560557814024e-01,1.800000000000000000e+01,1.623037542400000000e+10,1.491725320192000000e+12,5.082186508178710938e+01
2.655000000000000000e+03,3.091000000000000000e+03,1.063946066688848617e+02,7.692307692307692735e-02,2.400000000000000000e+02,3.784981760000000000e+08,1.424403660800000000e+11,3.970995172858238220e-02
3.124000000000000000e+03,1.054000000000000000e+03,1.460362436772219610e+02,1.216260638526299870e-01,3.100000000000000000e+01,1.766500556800000000e+10,1.050311589888000000e+12,3.384711980819702148e+00
6.040000000000000000e+02,2.620000000000000000e+03,2.359906685296121509e+02,1.090440572471854941e-01,1.800000000000000000e+01,1.623037542400000000e+10,1.491725320192000000e+12,5.082186508178710938e+01
8.600000000000000000e+02,1.864000000000000000e+03,2.927775557607053258e+01,1.863389981249824745e-01,2.990000000000000000e+02,3.741280512000000000e+09,1.144143298560000000e+11,1.015464309602975845e-02
3.499000000000000000e+03,3.202000000000000000e+03,6.814582449540343134e+01,1.567630989332169100e-01,5.200000000000000000e+01,9.552431104000000000e+09,7.089194926080000000e+11,3.984834671020507812e+00
1.832000000000000000e+03,1.570000000000000000e+03,1.593667815348449608e+02,1.897658566033678385e-01,1.240000000000000000e+02,2.067857920000000000e+09,3.856891576320000000e+11,3.170086741447448730e-01
1.274000000000000000e+03,3.927000000000000000e+03,1.221596953549410216e+02,1.758282590894063580e-01,1.700000000000000000e+01,3.641467289600000000e+10,1.465478807552000000e+12,4.167245388031005859e+00
2.084000000000000000e+03,2.857000000000000000e+03,7.624146705979569560e+01,1.638886943392722229e-01,4.400000000000000000e+01,9.059347456000000000e+09,6.248648540160000000e+11,4.563073813915252686e-01
1.996000000000000000e+03,3.382000000000000000e+03,1.393676591182043580e+02,5.000000000000000278e-02,1.060000000000000000e+02,2.987837184000000000e+09,4.844249415680000000e+11,3.978361785411834717e-01
3.085000000000000000e+03,1.265000000000000000e+03,1.491592516064090148e+02,4.761904761904761640e-02,7.400000000000000000e+01,5.023833600000000000e+09,5.444143677440000000e+11,3.966262638568878174e-01
2.865000000000000000e+03,3.553000000000000000e+03,4.698853545156213158e+02,1.421760560557814024e-01,1.500000000000000000e+01,2.484295680000000000e+10,1.361350492160000000e+12,1.479203462600708008e+00
1.731000000000000000e+03,2.702000000000000000e+03,8.498588543550702923e+01,1.010152544552210818e-01,3.160000000000000000e+02,4.275064960000000000e+08,1.588974551040000000e+11,1.222106888890266418e-01
2.740000000000000000e+03,2.876000000000000000e+03,4.940586659449644458e+01,1.020089567796251401e-01,1.600000000000000000e+01,3.269567692800000000e+10,1.808104685568000000e+12,0.000000000000000000e+00
1.192000000000000000e+03,8.770000000000000000e+02,1.716569197080783908e+02,1.490711984999859852e-01,2.590000000000000000e+02,7.167869440000000000e+08,1.949175971840000000e+11,1.137149333953857422e-01
1.419000000000000000e+03,1.428000000000000000e+03,3.068000554748632567e+02,5.263157894736841813e-02,1.260000000000000000e+02,4.160075520000000000e+09,3.984403005440000000e+11,1.379993796348571777e+00
1.577000000000000000e+03,2.112000000000000000e+03,9.328076777676355960e+02,4.347826086956521618e-02,5.500000000000000000e+01,2.193723596800000000e+10,7.420609822720000000e+11,5.831490755081176758e-01
2.641000000000000000e+03,2.855000000000000000e+03,1.530144402624725615e+02,1.863389981249824745e-01,5.600000000000000000e+01,1.586118144000000000e+10,7.945620684800000000e+11,1.549731612205505371e+00
3.092000000000000000e+03,8.600000000000000000e+02,1.444692784117305564e+02,1.176470588235294101e-01,1.850000000000000000e+02,1.384537344000000000e+09,2.915444326400000000e+11,5.173170194029808044e-02
1.613000000000000000e+03,3.678000000000000000e+03,8.328441915945056451e+01,1.490711984999859852e-01,2.260000000000000000e+02,6.538135680000000000e+08,1.852462039040000000e+11,1.417953968048095703e-01
7.700000000000000000e+01,3.765000000000000000e+03,2.065984799634913429e+02,7.443229275647869625e-02,1.380000000000000000e+02,3.522424832000000000e+09,3.751791165440000000e+11,4.641978740692138672e-01
8.390000000000000000e+02,4.200000000000000000e+02,7.911643943366227916e+01,1.437398936440172637e-01,7.600000000000000000e+01,8.476939776000000000e+09,6.548592394240000000e+11,5.924999117851257324e-01
6.840000000000000000e+02,9.350000000000000000e+02,1.518054024341664672e+02,1.176470588235294101e-01,1.750000000000000000e+02,1.603920384000000000e+09,3.096959713280000000e+11,1.232247829437255859e+00
2.577000000000000000e+03,2.330000000000000000e+02,6.183621689285567413e+01,1.976423537605237202e-01,2.540000000000000000e+02,3.900685120000000000e+08,2.271090442240000000e+11,3.730879351496696472e-02
2.701000000000000000e+03,2.725000000000000000e+03,4.911530446132915273e+01,1.875000000000000000e-01,2.320000000000000000e+02,8.464028800000000000e+08,2.274351841280000000e+11,2.595289349555969238e-01
1.357000000000000000e+03,1.264000000000000000e+03,6.309038319382286630e+01,1.581138830084189706e-01,5.300000000000000000e+01,1.107378278400000000e+10,4.555449630720000000e+11,8.392343521118164062e-01
2.572000000000000000e+03,1.520000000000000000e+03,1.037222964658991060e+02,1.720052290384453675e-01,3.200000000000000000e+01,1.381409075200000000e+10,1.072877797376000000e+12,2.538702011108398438e+00
2.716000000000000000e+03,1.498000000000000000e+03,2.014790505662103897e+02,1.538461538461538547e-01,3.500000000000000000e+01,2.962417459200000000e+10,9.809144053760000000e+11,6.172360420227050781e+00
2.808000000000000000e+03,2.399000000000000000e+03,3.228662838618885189e+01,1.663780661615406053e-01,2.130000000000000000e+02,1.042019712000000000e+09,2.757443584000000000e+11,3.763999044895172119e-01
1.790000000000000000e+02,2.337000000000000000e+03,1.204615651652291319e+02,1.756820922315766309e-01,1.790000000000000000e+02,2.816224256000000000e+09,3.195419361280000000e+11,3.078545928001403809e-01
2.249000000000000000e+03,1.094000000000000000e+03,3.799910456686298232e+01,3.448275862068965469e-02,3.000000000000000000e+01,2.774474752000000000e+10,1.397942386688000000e+12,0.000000000000000000e+00
2.598000000000000000e+03,8.290000000000000000e+02,3.492102712541749838e+02,1.034482758620689641e-01,1.300000000000000000e+01,2.367379046400000000e+10,1.408263389184000000e+12,6.113696098327636719e+00
3.604000000000000000e+03,3.025000000000000000e+03,6.161650518269028680e+02,1.118033988749894958e-01,9.000000000000000000e+01,1.856924032000000000e+09,4.570356121600000000e+11,5.995895862579345703e-01
3.307000000000000000e+03,1.572000000000000000e+03,4.446677762994016092e+01,1.437398936440172637e-01,7.900000000000000000e+01,9.134831616000000000e+09,5.912709038080000000e+11,6.035826802253723145e-01
3.636000000000000000e+03,3.981000000000000000e+03,1.204883576412679815e+02,1.153846153846153910e-01,2.900000000000000000e+01,1.268129484800000000e+10,1.003939889152000000e+12,2.182029724121093750e+00
9.060000000000000000e+02,3.714000000000000000e+03,3.854906908630075009e+02,1.016394535227177209e-01,8.000000000000000000e+01,6.545251840000000000e+09,5.917509550080000000e+11,2.885195016860961914e+00
1.297000000000000000e+03,2.018000000000000000e+03,6.442739147805580160e+02,7.692307692307692735e-02,3.800000000000000000e+01,1.030433177600000000e+10,9.779833077760000000e+11,7.185483574867248535e-01
9.140000000000000000e+02,4.670000000000000000e+02,1.683216475750653842e+02,1.538461538461538547e-01,6.000000000000000000e+00,1.650314547200000000e+10,1.067573116928000000e+12,3.699832201004028320e+00
1.118000000000000000e+03,3.891000000000000000e+03,3.366305045317175626e+01,1.388888888888888951e-01,3.000000000000000000e+00,3.762573721600000000e+10,2.640144498688000000e+12,1.831436872482299805e+00
2.243000000000000000e+03,1.095000000000000000e+03,2.708892104587161853e+01,1.758282590894063580e-01,3.000000000000000000e+01,2.774474752000000000e+10,1.397942386688000000e+12,0.000000000000000000e+00
9.070000000000000000e+02,3.712000000000000000e+03,4.954505668616186540e+02,1.437398936440172637e-01,8.000000000000000000e+01,6.545251840000000000e+09,5.917509550080000000e+11,2.885195016860961914e+00
1.760000000000000000e+03,1.711000000000000000e+03,5.646231860818914328e+01,1.717960677340691911e-01,1.000000000000000000e+01,8.726153216000000000e+09,7.770129039360000000e+11,6.118690013885498047e+00
1.371000000000000000e+03,2.608000000000000000e+03,9.924953102182888642e+01,1.490711984999859852e-01,1.930000000000000000e+02,9.313193600000000000e+08,2.103257825280000000e+11,1.091748252511024475e-01
3.304000000000000000e+03,1.567000000000000000e+03,2.659678252745340501e+02,1.285648693066450132e-01,7.900000000000000000e+01,9.134831616000000000e+09,5.912709038080000000e+11,6.035826802253723145e-01
2.027000000000000000e+03,3.134000000000000000e+03,1.196486415818764897e+02,1.666666666666666574e-01,1.580000000000000000e+02,3.082649600000000000e+09,3.410867978240000000e+11,3.555988073348999023e-01
3.624000000000000000e+03,3.373000000000000000e+03,8.954121052402220471e+01,1.976423537605237202e-01,2.430000000000000000e+02,1.012105728000000000e+09,2.227059097600000000e+11,1.548350751399993896e-01
1.687000000000000000e+03,1.574000000000000000e+03,5.285687167252632435e+01,1.581138830084189706e-01,1.050000000000000000e+02,3.697087744000000000e+09,4.976978165760000000e+11,1.093283891677856445e+00
2.156000000000000000e+03,2.872000000000000000e+03,4.297996125451716409e+01,1.720052290384453675e-01,3.240000000000000000e+02,5.196210560000000000e+08,1.334685368320000000e+11,6.298837810754776001e-02
5.720000000000000000e+02,7.890000000000000000e+02,7.512352001361311693e+01,1.976423537605237202e-01,2.100000000000000000e+02,6.068355200000000000e+08,2.526852382720000000e+11,2.046982795000076294e-01
5.700000000000000000e+02,3.880000000000000000e+02,7.151192098676867204e+01,9.428090415820634951e-02,2.850000000000000000e+02,9.892684160000000000e+08,1.909612216320000000e+11,8.622801303863525391e-02
2.514000000000000000e+03,2.640000000000000000e+03,1.044724459353595734e+02,1.597191412499849861e-01,2.890000000000000000e+02,5.283338560000000000e+08,1.709418905600000000e+11,7.025370001792907715e-02
3.212000000000000000e+03,3.811000000000000000e+03,1.340965550383934897e+02,1.335389361282958987e-01,2.700000000000000000e+01,1.486072934400000000e+10,1.127825801216000000e+12,1.289787650108337402e+00
2.193000000000000000e+03,3.717000000000000000e+03,9.076057459228366042e+01,1.176470588235294101e-01,1.120000000000000000e+02,8.785539200000000000e+08,3.099460239360000000e+11,1.412641167640686035e+00
3.011000000000000000e+03,8.140000000000000000e+02,1.065701228155019180e+02,1.802775637731994507e-01,1.020000000000000000e+02,1.650304512000000000e+09,4.517831966720000000e+11,2.106188774108886719e+00
3.205000000000000000e+03,1.959000000000000000e+03,2.373342742756695998e+02,1.064794274999899953e-01,9.500000000000000000e+01,6.686404608000000000e+09,5.159017840640000000e+11,9.251435995101928711e-01
9.960000000000000000e+02,1.269000000000000000e+03,1.197394459741364869e+02,1.242259987499883256e-01,1.570000000000000000e+02,1.903270912000000000e+09,3.250880839680000000e+11,4.719173014163970947e-01
2.114000000000000000e+03,2.766000000000000000e+03,1.047530515340461079e+02,1.118033988749894958e-01,6.900000000000000000e+01,3.450892544000000000e+09,4.530230394880000000e+11,8.756514787673950195e-01
2.344000000000000000e+03,1.691000000000000000e+03,5.647602208035795712e+01,1.250000000000000000e-01,2.200000000000000000e+02,5.185255360000000000e+08,2.569455697920000000e+11,7.937531173229217529e-02
2.751000000000000000e+03,2.447000000000000000e+03,3.309280764913468715e+02,8.944271909999158832e-02,4.500000000000000000e+01,9.663973376000000000e+09,9.594038517760000000e+11,1.929919958114624023e+00
6.100000000000000000e+02,4.720000000000000000e+02,9.507718643543161363e+01,1.571348402636772446e-01,1.420000000000000000e+02,1.824037888000000000e+09,3.510841180160000000e+11,1.941844373941421509e-01
1.629000000000000000e+03,9.570000000000000000e+02,9.953499224129492973e+01,8.333333333333332871e-02,3.560000000000000000e+02,8.697306240000000000e+08,9.135099904000000000e+10,1.233631446957588196e-01
2.652000000000000000e+03,2.841000000000000000e+03,1.192883555376662486e+02,8.333333333333332871e-02,3.500000000000000000e+02,3.723372480000000000e+08,1.038927544320000000e+11,1.821991987526416779e-02
3.682000000000000000e+03,2.895000000000000000e+03,7.631865556395683825e+01,1.462979547282511894e-01,1.900000000000000000e+01,2.456189337600000000e+10,1.437959847936000000e+12,4.980907142162322998e-01
2.492000000000000000e+03,2.301000000000000000e+03,1.830867937075935288e+02,5.882352941176470507e-02,1.640000000000000000e+02,1.518295168000000000e+09,3.126754672640000000e+11,2.417435050010681152e-01
3.211000000000000000e+03,3.811000000000000000e+03,1.210415501963422997e+02,1.571348402636772168e-01,2.700000000000000000e+01,1.486072934400000000e+10,1.127825801216000000e+12,1.289787650108337402e+00
9.460000000000000000e+02,3.820000000000000000e+03,8.812409641999393273e+01,1.505846504842085487e-01,8.100000000000000000e+01,7.719323136000000000e+09,5.698018344960000000e+11,5.399097129702568054e-02
3.578000000000000000e+03,3.413000000000000000e+03,5.759299518983164745e+01,1.581138830084189706e-01,1.220000000000000000e+02,4.187620096000000000e+09,4.638568939520000000e+11,5.724893808364868164e-01
8.350000000000000000e+02,4.180000000000000000e+02,1.262970930911713765e+02,1.437398936440172637e-01,7.600000000000000000e+01,8.476939776000000000e+09,6.548592394240000000e+11,5.924999117851257324e-01
1.866000000000000000e+03,1.621000000000000000e+03,8.131873362770502354e+02,8.318903308077030267e-02,2.310000000000000000e+02,1.263542400000000000e+09,2.653549035520000000e+11,1.655300408601760864e-01
3.041000000000000000e+03,3.288000000000000000e+03,5.324888944849480765e+01,1.490711984999859852e-01,2.000000000000000000e+01,3.612656025600000000e+10,1.626098892800000000e+12,1.186937093734741211e-01
3.920000000000000000e+02,7.920000000000000000e+02,1.194253469127987159e+02,1.666666666666666574e-01,5.000000000000000000e+01,7.061435904000000000e+09,8.643143270400000000e+11,2.096730947494506836e+00
2.030000000000000000e+02,1.056000000000000000e+03,1.631806128221388406e+02,1.505846504842085487e-01,5.400000000000000000e+01,7.008146944000000000e+09,5.634084044800000000e+11,5.607416629791259766e-01
2.703000000000000000e+03,2.724000000000000000e+03,2.596921612688995396e+01,1.767766952966368932e-01,2.320000000000000000e+02,8.464028800000000000e+08,2.274351841280000000e+11,2.595289349555969238e-01
3.065000000000000000e+03,3.437000000000000000e+03,2.605125856517592524e+02,7.985957062499249304e-02,2.400000000000000000e+01,2.261052211200000000e+10,1.228229181440000000e+12,2.252333760261535645e-01
3.130000000000000000e+02,1.473000000000000000e+03,2.036424548841716557e+02,4.285495643554834005e-02,8.000000000000000000e+00,5.188821811200000000e+10,2.186460135424000000e+12,5.949957370758056641e-01
1.821000000000000000e+03,2.178000000000000000e+03,4.652723239144595624e+01,1.963383631246505001e-01,1.000000000000000000e+00,6.157198950400000000e+10,4.416137068544000000e+12,4.520943015813827515e-02
4.220000000000000000e+02,1.838000000000000000e+03,2.240703867412535715e+02,4.876598490941707470e-02,4.000000000000000000e+00,2.216379187200000000e+10,1.423872098304000000e+12,1.059899687767028809e+00
3.606000000000000000e+03,3.026000000000000000e+03,7.368442007519917070e+02,7.071067811865475172e-02,9.000000000000000000e+01,1.856924032000000000e+09,4.570356121600000000e+11,5.995895862579345703e-01
2.754000000000000000e+03,3.321000000000000000e+03,1.700489791860452442e+02,9.722034684781695468e-02,6.000000000000000000e+01,1.034285875200000000e+10,7.247058698240000000e+11,3.249531269073486328e+00
2.710000000000000000e+02,1.120000000000000000e+03,1.254000075891786139e+02,1.490711984999859852e-01,2.780000000000000000e+02,6.048636160000000000e+08,1.876977745920000000e+11,2.336264252662658691e-01
2.241000000000000000e+03,1.347000000000000000e+03,7.617130224365044455e+01,1.874138920735300140e-01,6.300000000000000000e+01,5.047442432000000000e+09,6.099794657280000000e+11,2.344955205917358398e+00
3.204000000000000000e+03,1.961000000000000000e+03,4.569144959206114009e+01,1.505846504842085487e-01,9.500000000000000000e+01,6.686404608000000000e+09,5.159017840640000000e+11,9.251435995101928711e-01
3.307000000000000000e+03,3.312000000000000000e+03,1.662237025464039561e+02,1.341847240419153930e-01,2.000000000000000000e+00,2.817368064000000000e+10,3.130425081856000000e+12,8.803648948669433594e+00
3.891000000000000000e+03,5.190000000000000000e+02,1.641905559350404644e+02,7.443229275647869625e-02,1.470000000000000000e+02,1.940034048000000000e+09,3.742253711360000000e+11,3.393869996070861816e-01
2.424000000000000000e+03,2.662000000000000000e+03,5.791879414299396700e+01,1.250000000000000000e-01,1.660000000000000000e+02,9.581872640000000000e+08,2.619022049280000000e+11,7.293145358562469482e-02
3.867000000000000000e+03,1.992000000000000000e+03,3.558151144428193220e+02,4.347826086956521618e-02,6.200000000000000000e+01,1.031607296000000000e+10,7.346875924480000000e+11,1.895973205566406250e+00
9.100000000000000000e+02,4.660000000000000000e+02,5.716195471167671371e+01,1.923076923076923184e-01,6.000000000000000000e+00,1.650314547200000000e+10,1.067573116928000000e+12,3.699832201004028320e+00
3.632000000000000000e+03,3.982000000000000000e+03,5.744887082273304486e+02,5.439282932204211884e-02,2.900000000000000000e+01,1.268129484800000000e+10,1.003939889152000000e+12,2.182029724121093750e+00
3.578000000000000000e+03,3.407000000000000000e+03,1.002061430235079058e+02,1.581138830084189706e-01,1.220000000000000000e+02,4.187620096000000000e+09,4.638568939520000000e+11,5.724893808364868164e-01
2.723000000000000000e+03,1.496000000000000000e+03,3.894672412116210580e+02,1.386750490563072868e-01,3.500000000000000000e+01,2.962417459200000000e+10,9.809144053760000000e+11,6.172360420227050781e+00
4.420000000000000000e+02,2.784000000000000000e+03,5.542383928895434337e+02,9.316949906249123725e-02,4.900000000000000000e+01,7.912558592000000000e+09,8.552816967680000000e+11,8.689212799072265625e-01
1.199000000000000000e+03,1.459000000000000000e+03,1.005254543088394854e+02,1.087856586440842377e-01,3.360000000000000000e+02,3.446819840000000000e+08,1.372557148160000000e+11,1.001515835523605347e-01
1.565000000000000000e+03,2.413000000000000000e+03,1.290634890567436628e+02,1.664356663246515655e-01,7.200000000000000000e+01,1.592594560000000000e+09,3.790919761920000000e+11,9.508023262023925781e-01
1.880000000000000000e+02,2.722000000000000000e+03,5.026809658376519252e+01,1.581138830084189706e-01,1.170000000000000000e+02,1.784323712000000000e+09,5.036438650880000000e+11,4.591844975948333740e-01
8.970000000000000000e+02,2.560000000000000000e+03,9.246884690795772599e+01,1.397542485937368628e-01,2.510000000000000000e+02,9.487840640000000000e+08,2.391114219520000000e+11,1.013396605849266052e-01
3.636000000000000000e+03,3.978000000000000000e+03,2.285265105105781913e+02,1.631784879661263288e-01,2.900000000000000000e+01,1.268129484800000000e+10,1.003939889152000000e+12,2.182029724121093750e+00
1.194000000000000000e+03,8.790000000000000000e+02,9.798041672858272477e+01,6.666666666666666574e-02,2.590000000000000000e+02,7.167869440000000000e+08,1.949175971840000000e+11,1.137149333953857422e-01
2.058000000000000000e+03,3.479000000000000000e+03,4.021544049008502242e+01,1.428571428571428492e-01,3.210000000000000000e+02,3.263087360000000000e+08,1.642263674880000000e+11,2.090809307992458344e-02
1.922000000000000000e+03,3.897000000000000000e+03,1.614105957520838501e+02,1.481481481481481399e-01,2.300000000000000000e+01,3.924919910400000000e+10,1.211719614464000000e+12,8.107573509216308594e+00
9.420000000000000000e+02,3.817000000000000000e+03,1.493510060468693439e+02,1.064794274999899953e-01,8.100000000000000000e+01,7.719323136000000000e+09,5.698018344960000000e+11,5.399097129702568054e-02
2.342000000000000000e+03,2.417000000000000000e+03,9.293925732177930854e+01,1.171213948210510919e-01,7.000000000000000000e+00,2.338970419200000000e+10,1.180404940800000000e+12,3.693187236785888672e+00
3.115000000000000000e+03,3.670000000000000000e+03,7.706330617929572213e+01,1.490711984999859852e-01,2.920000000000000000e+02,7.271820800000000000e+08,1.793774878720000000e+11,9.612603485584259033e-02
1.958000000000000000e+03,3.842000000000000000e+03,8.611596430547998580e+02,0.000000000000000000e+00,3.420000000000000000e+02,9.269617920000000000e+08,1.403325972480000000e+11,5.047484487295150757e-02
2.003000000000000000e+03,7.740000000000000000e+02,1.793471515245018111e+02,1.229750923802691437e-01,6.700000000000000000e+01,6.917338624000000000e+09,7.341444956160000000e+11,7.526878714561462402e-01
2.151000000000000000e+03,1.510000000000000000e+03,9.325742399688121509e+01,1.315334104411640948e-01,1.440000000000000000e+02,2.277439488000000000e+09,2.997811609600000000e+11,2.741142213344573975e-01
1.816000000000000000e+03,2.174000000000000000e+03,4.286106109686440391e+01,8.584645893961878604e-02,1.000000000000000000e+00,6.157198950400000000e+10,4.416137068544000000e+12,4.520943015813827515e-02
1.516000000000000000e+03,1.610000000000000000e+03,1.297936550059920364e+02,1.904761904761904656e-01,5.700000000000000000e+01,4.617920000000000000e+09,5.532357754880000000e+11,1.412596464157104492e+00
2.317000000000000000e+03,2.814000000000000000e+03,1.034422736231500579e+02,1.490711984999859852e-01,2.870000000000000000e+02,6.142096000000000000e+08,1.838728151040000000e+11,7.423418015241622925e-02
4.250000000000000000e+02,1.834000000000000000e+03,7.040128761445254213e+01,1.856953381770518607e-01,4.000000000000000000e+00,2.216379187200000000e+10,1.423872098304000000e+12,1.059899687767028809e+00
2.514000000000000000e+03,1.021000000000000000e+03,9.737628546992351630e+01,6.250000000000000000e-02,5.000000000000000000e+00,3.258369433600000000e+10,1.944343412736000000e+12,3.667835891246795654e-01
2.930000000000000000e+03,3.103000000000000000e+03,2.346137185133742378e+02,1.118033988749894958e-01,6.100000000000000000e+01,4.794040320000000000e+09,4.982126346240000000e+11,1.534123420715332031e+00
6.670000000000000000e+02,2.476000000000000000e+03,3.105473955137472331e+02,1.851851851851851749e-01,2.500000000000000000e+01,1.637902950400000000e+10,1.113396346880000000e+12,1.996217012405395508e+00
2.808000000000000000e+03,2.401000000000000000e+03,3.884409559571266612e+01,1.176470588235294101e-01,2.130000000000000000e+02,1.042019712000000000e+09,2.757443584000000000e+11,3.763999044895172119e-01
1.123000000000000000e+03,3.884000000000000000e+03,5.658268769860970338e+01,1.001542020962219171e-01,3.000000000000000000e+00,3.762573721600000000e+10,2.640144498688000000e+12,1.831436872482299805e+00
1.414000000000000000e+03,2.065000000000000000e+03,1.350148284553701501e+02,9.090909090909091161e-02,3.510000000000000000e+02,1.226646528000000000e+09,8.068518707200000000e+10,4.981650784611701965e-02
1.861000000000000000e+03,3.057000000000000000e+03,1.048581384990197307e+02,1.242259987499883256e-01,1.360000000000000000e+02,3.717910016000000000e+09,3.234228469760000000e+11,9.218970537185668945e-01
6.830000000000000000e+02,9.340000000000000000e+02,1.765135159860646468e+02,8.318903308077030267e-02,1.750000000000000000e+02,1.603920384000000000e+09,3.096959713280000000e+11,1.232247829437255859e+00
2.741000000000000000e+03,2.882000000000000000e+03,3.150354300884703918e+01,1.163081056601286828e-01,1.600000000000000000e+01,3.269567692800000000e+10,1.808104685568000000e+12,0.000000000000000000e+00
3.090000000000000000e+02,1.472000000000000000e+03,6.603642839846592949e+01,1.631868123374091983e-01,8.000000000000000000e+00,5.188821811200000000e+10,2.186460135424000000e+12,5.949957370758056641e-01
2.512000000000000000e+03,2.535000000000000000e+03,9.316334307510715007e+01,1.016394535227177209e-01,7.800000000000000000e+01,5.457160704000000000e+09,5.865217720320000000e+11,1.891067266464233398e+00
2.248000000000000000e+03,1.092000000000000000e+03,3.680247397204097126e+01,6.896551724137930939e-02,3.000000000000000000e+01,2.774474752000000000e+10,1.397942386688000000e+12,0.000000000000000000e+00
6.700000000000000000e+01,1.305000000000000000e+03,8.162430203955395314e+01,1.874138920735300140e-01,4.600000000000000000e+01,1.408726425600000000e+10,6.551540858880000000e+11,1.282244086265563965e+00
6.130000000000000000e+02,4.730000000000000000e+02,7.844807080641410835e+01,1.756820922315766309e-01,1.420000000000000000e+02,1.824037888000000000e+09,3.510841180160000000e+11,1.941844373941421509e-01
1.738000000000000000e+03,2.669000000000000000e+03,5.618973066796591809e+01,1.581138830084189706e-01,1.040000000000000000e+02,4.739264512000000000e+09,4.969811148800000000e+11,6.040065884590148926e-01
3.765000000000000000e+03,1.259000000000000000e+03,7.383697460826423367e+02,1.502313031443328895e-01,5.100000000000000000e+01,1.338212966400000000e+10,8.122256588800000000e+11,2.885771274566650391e+00
1.642000000000000000e+03,3.695000000000000000e+03,1.193254288488000867e+02,1.663780661615406053e-01,2.010000000000000000e+02,1.167361536000000000e+09,2.643181240320000000e+11,2.490766197443008423e-01
2.301000000000000000e+03,1.554000000000000000e+03,8.872194088620810248e+01,8.838834764831844659e-02,2.150000000000000000e+02,1.369988096000000000e+09,2.466562375680000000e+11,1.694831103086471558e-01
2.149000000000000000e+03,1.479000000000000000e+03,7.428331384799186310e+01,1.860163329510811370e-01,1.990000000000000000e+02,6.572332160000000000e+08,2.871545692160000000e+11,2.213998883962631226e-01
3.099000000000000000e+03,2.439000000000000000e+03,1.267045755534298621e+02,8.944271909999158832e-02,4.800000000000000000e+01,1.269249024000000000e+10,9.317162024960000000e+11,1.329311370849609375e+00
2.949000000000000000e+03,3.630000000000000000e+02,5.690988168657118962e+01,2.000000000000000111e-01,2.690000000000000000e+02,5.385856640000000000e+08,2.082065776640000000e+11,1.056062951683998108e-01
2.003000000000000000e+03,7.720000000000000000e+02,7.886218541277656868e+02,8.695652173913043237e-02,6.700000000000000000e+01,6.917338624000000000e+09,7.341444956160000000e+11,7.526878714561462402e-01
3.679000000000000000e+03,4.400000000000000000e+02,6.585000348062720832e+01,1.437398936440172637e-01,7.700000000000000000e+01,8.184467456000000000e+09,6.611352944640000000e+11,5.086567997932434082e-01
1.064000000000000000e+03,2.749000000000000000e+03,7.884908123806602021e+01,7.142857142857142461e-02,3.150000000000000000e+02,3.817629120000000000e+08,1.556622704640000000e+11,5.622717365622520447e-02
1.563000000000000000e+03,1.392000000000000000e+03,1.151273094437735267e+02,1.505846504842085487e-01,9.600000000000000000e+01,1.166735257600000000e+10,5.351949926400000000e+11,1.048883438110351562e+00
3.110000000000000000e+02,1.472000000000000000e+03,1.348550926759810409e+02,1.092591295595148199e-01,8.000000000000000000e+00,5.188821811200000000e+10,2.186460135424000000e+12,5.949957370758056641e-01
3.545000000000000000e+03,2.518000000000000000e+03,1.128867352907339239e+02,1.527076157636170495e-01,2.600000000000000000e+01,1.607904665600000000e+10,1.146904903680000000e+12,3.561056852340698242e+00
1.577000000000000000e+03,2.116000000000000000e+03,6.703118370256416370e+01,1.304347826086956486e-01,5.500000000000000000e+01,2.193723596800000000e+10,7.420609822720000000e+11,5.831490755081176758e-01
2.602000000000000000e+03,8.240000000000000000e+02,1.386962146271416998e+02,1.758282590894063580e-01,1.300000000000000000e+01,2.367379046400000000e+10,1.408263389184000000e+12,6.113696098327636719e+00
3.792000000000000000e+03,2.651000000000000000e+03,1.200251706029363277e+02,1.250000000000000000e-01,2.140000000000000000e+02,1.069744256000000000e+09,2.377314959360000000e+11,2.512958347797393799e-01
1.273000000000000000e+03,3.930000000000000000e+03,1.163733996482155533e+02,1.950639396376682988e-01,1.700000000000000000e+01,3.641467289600000000e+10,1.465478807552000000e+12,4.167245388031005859e+00
4.890000000000000000e+02,8.180000000000000000e+02,8.825176769212911267e+02,4.166666666666666435e-02,4.000000000000000000e+01,6.004965376000000000e+09,7.657200680960000000e+11,9.520892500877380371e-01
1.267000000000000000e+03,3.926000000000000000e+03,7.855756958661265799e+02,6.896551724137930939e-02,1.700000000000000000e+01,3.641467289600000000e+10,1.465478807552000000e+12,4.167245388031005859e+00
3.871000000000000000e+03,1.989000000000000000e+03,1.644194682636362472e+02,1.944406936956339094e-01,6.200000000000000000e+01,1.031607296000000000e+10,7.346875924480000000e+11,1.895973205566406250e+00
3.093000000000000000e+03,2.437000000000000000e+03,6.817940653565518971e+01,2.000000000000000111e-01,4.800000000000000000e+01,1.269249024000000000e+10,9.317162024960000000e+11,1.329311370849609375e+00
2.242000000000000000e+03,2.156000000000000000e+03,7.140859401819091090e+01,1.505846504842085487e-01,9.300000000000000000e+01,7.863947264000000000e+09,5.591975854080000000e+11,8.532271385192871094e-01
1.812000000000000000e+03,2.171000000000000000e+03,3.161338315368406171e+01,1.214052265141139231e-01,1.000000000000000000e+00,6.157198950400000000e+10,4.416137068544000000e+12,4.520943015813827515e-02
2.768000000000000000e+03,3.370000000000000000e+02,1.440370679271899519e+02,1.860163329510811370e-01,2.080000000000000000e+02,1.508241280000000000e+09,2.930831523840000000e+11,9.406410157680511475e-02
1.693000000000000000e+03,1.571000000000000000e+03,4.017285065856925286e+01,1.802775637731994507e-01,1.050000000000000000e+02,3.697087744000000000e+09,4.976978165760000000e+11,1.093283891677856445e+00
1.650000000000000000e+02,3.239000000000000000e+03,9.326889966215908601e+01,1.976423537605237202e-01,1.780000000000000000e+02,4.079923200000000000e+08,2.321770741760000000e+11,9.790688753128051758e-02
3.668000000000000000e+03,3.424000000000000000e+03,7.349113667029808994e+01,1.666666666666666574e-01,5.900000000000000000e+01,1.048679833600000000e+10,7.828546519040000000e+11,5.260182619094848633e-01
1.720000000000000000e+02,2.138000000000000000e+03,9.633279582549266706e+01,2.000000000000000111e-01,2.800000000000000000e+02,7.535530880000000000e+08,1.993198469120000000e+11,6.548240035772323608e-02
2.338000000000000000e+03,2.618000000000000000e+03,1.205165125090279190e+02,1.437398936440172637e-01,7.500000000000000000e+01,6.909923840000000000e+09,6.275906273280000000e+11,1.387628793716430664e+00
3.670000000000000000e+02,1.325000000000000000e+03,8.777900252236817380e+01,7.499999999999999722e-02,0.000000000000000000e+00,6.791713996800000000e+10,3.866329874432000000e+12,5.838018655776977539e-01
2.302000000000000000e+03,1.555000000000000000e+03,4.853443879341626399e+01,1.250000000000000000e-01,2.150000000000000000e+02,1.369988096000000000e+09,2.466562375680000000e+11,1.694831103086471558e-01
2.513000000000000000e+03,1.019000000000000000e+03,9.824350131411631537e+01,6.987712429686843141e-02,5.000000000000000000e+00,3.258369433600000000e+10,1.944343412736000000e+12,3.667835891246795654e-01
3.635000000000000000e+03,3.977000000000000000e+03,1.530764724263543712e+02,1.720052290384453675e-01,2.900000000000000000e+01,1.268129484800000000e+10,1.003939889152000000e+12,2.182029724121093750e+00
4.510000000000000000e+02,1.725000000000000000e+03,1.025100357315134119e+02,1.874138920735300140e-01,8.200000000000000000e+01,9.725789184000000000e+09,6.114567782400000000e+11,8.108713626861572266e-01
3.062000000000000000e+03,3.438000000000000000e+03,1.846017597381868995e+02,1.785714285714285754e-01,2.400000000000000000e+01,2.261052211200000000e+10,1.228229181440000000e+12,2.252333760261535645e-01
2.249000000000000000e+03,1.095000000000000000e+03,3.120247479824893588e+01,4.876598490941707470e-02,3.000000000000000000e+01,2.774474752000000000e+10,1.397942386688000000e+12,0.000000000000000000e+00
3.193000000000000000e+03,1.860000000000000000e+02,1.483732008962438158e+02,7.692307692307692735e-02,2.550000000000000000e+02,4.543162560000000000e+08,1.399847157760000000e+11,6.439997255802154541e-02
3.220000000000000000e+03,2.241000000000000000e+03,4.262771847602562616e+02,1.505846504842085487e-01,9.100000000000000000e+01,4.482737664000000000e+09,5.583363112960000000e+11,2.550077438354492188e-01
2.992000000000000000e+03,3.000000000000000000e+01,1.221480865450481872e+02,1.201850425154663005e-01,1.100000000000000000e+01,3.217836032000000000e+10,1.621931982848000000e+12,9.086136817932128906e-01
2.428000000000000000e+03,5.000000000000000000e+02,7.386564629797756254e+01,1.597191412499849861e-01,3.080000000000000000e+02,3.428415680000000000e+08,1.542646169600000000e+11,6.014233082532882690e-02
9.150000000000000000e+02,1.403000000000000000e+03,9.057166125470541829e+01,1.176470588235294101e-01,1.650000000000000000e+02,5.347155520000000000e+08,3.105895219200000000e+11,6.146562099456787109e-02
3.024000000000000000e+03,5.240000000000000000e+02,5.663145614227527602e+01,1.346870059402947850e-01,9.700000000000000000e+01,5.012286464000000000e+09,5.178961100800000000e+11,1.447071075439453125e+00
3.096000000000000000e+03,3.192000000000000000e+03,9.002007727046792240e+01,1.490711984999859852e-01,1.330000000000000000e+02,1.020962880000000000e+09,1.968133570560000000e+11,3.380988538265228271e-01
2.441000000000000000e+03,1.662000000000000000e+03,8.387730980899065969e+01,1.976423537605237202e-01,2.390000000000000000e+02,1.227665792000000000e+09,2.207238225920000000e+11,1.781434752047061920e-02
1.521000000000000000e+03,1.614000000000000000e+03,5.768089723595919338e+01,1.963383631246505001e-01,5.700000000000000000e+01,4.617920000000000000e+09,5.532357754880000000e+11,1.412596464157104492e+00
1.372000000000000000e+03,2.608000000000000000e+03,1.543479952984033901e+02,9.428090415820634951e-02,1.930000000000000000e+02,9.313193600000000000e+08,2.103257825280000000e+11,1.091748252511024475e-01
6.100000000000000000e+02,3.752000000000000000e+03,1.871161521941649255e+02,1.090440572471854941e-01,1.400000000000000000e+01,4.285676339200000000e+10,1.507835248640000000e+12,3.455087184906005859e+00
5.990000000000000000e+02,2.624000000000000000e+03,2.251289508927058307e+02,1.856953381770518607e-01,1.800000000000000000e+01,1.623037542400000000e+10,1.491725320192000000e+12,5.082186508178710938e+01
6.130000000000000000e+02,8.760000000000000000e+02,1.117260852986862432e+02,1.304347826086956486e-01,7.300000000000000000e+01,1.833807257600000000e+10,6.925092782080000000e+11,3.555294871330261230e-01
1.416000000000000000e+03,1.429000000000000000e+03,1.644673122652519055e+02,1.176877882894626220e-01,1.260000000000000000e+02,4.160075520000000000e+09,3.984403005440000000e+11,1.379993796348571777e+00
1.606000000000000000e+03,1.009000000000000000e+03,8.785204924466601994e+01,1.087856586440842377e-01,3.410000000000000000e+02,1.042866880000000000e+09,1.366030581760000000e+11,5.060866475105285645e-02
1.563000000000000000e+03,1.397000000000000000e+03,3.058849141135403329e+02,1.064794274999899953e-01,9.600000000000000000e+01,1.166735257600000000e+10,5.351949926400000000e+11,1.048883438110351562e+00
7.990000000000000000e+02,1.661000000000000000e+03,9.235671393188344780e+01,1.490711984999859852e-01,2.700000000000000000e+02,6.247793920000000000e+08,2.094178795520000000e+11,5.558474734425544739e-02
3.212000000000000000e+03,3.818000000000000000e+03,5.394998293414985113e+01,1.656346649999844434e-01,2.700000000000000000e+01,1.486072934400000000e+10,1.127825801216000000e+12,1.289787650108337402e+00
3.757000000000000000e+03,1.962000000000000000e+03,1.017743173213483345e+02,1.315334104411640948e-01,2.300000000000000000e+02,5.757701120000000000e+08,2.750872944640000000e+11,8.679321408271789551e-02
2.026000000000000000e+03,3.651000000000000000e+03,4.305841962538033272e+02,7.142857142857142461e-02,3.110000000000000000e+02,8.539013120000000000e+08,1.579733647360000000e+11,1.051611080765724182e-01
1.056000000000000000e+03,1.408000000000000000e+03,7.949872893334863022e+01,1.976423537605237202e-01,1.730000000000000000e+02,1.532323584000000000e+09,2.364367831040000000e+11,1.674392223358154297e-01
2.751000000000000000e+03,2.448000000000000000e+03,3.961307203727764090e+02,1.131370849898476055e-01,4.500000000000000000e+01,9.663973376000000000e+09,9.594038517760000000e+11,1.929919958114624023e+00
1.692000000000000000e+03,1.573000000000000000e+03,7.623488802485032068e+01,1.000000000000000056e-01,1.050000000000000000e+02,3.697087744000000000e+09,4.976978165760000000e+11,1.093283891677856445e+00
4.330000000000000000e+02,1.451000000000000000e+03,5.268326926042783498e+02,0.000000000000000000e+00,2.210000000000000000e+02,9.417088000000000000e+08,1.952689848320000000e+11,1.487792879343032837e-01
8.370000000000000000e+02,4.180000000000000000e+02,6.873734290240261089e+02,6.428243465332250661e-02,7.600000000000000000e+01,8.476939776000000000e+09,6.548592394240000000e+11,5.924999117851257324e-01
1.431000000000000000e+03,1.300000000000000000e+03,1.322892875667924386e+02,1.756820922315766309e-01,1.710000000000000000e+02,2.986639104000000000e+09,3.262996480000000000e+11,2.502601742744445801e-01
8.940000000000000000e+02,2.564000000000000000e+03,3.682016533119336543e+01,1.976423537605237202e-01,2.510000000000000000e+02,9.487840640000000000e+08,2.391114219520000000e+11,1.013396605849266052e-01
9.980000000000000000e+02,1.269000000000000000e+03,8.142436644879126106e+01,1.242259987499883256e-01,1.570000000000000000e+02,1.903270912000000000e+09,3.250880839680000000e+11,4.719173014163970947e-01
9.060000000000000000e+02,3.713000000000000000e+03,5.136241852279384830e+02,1.285648693066450132e-01,8.000000000000000000e+01,6.545251840000000000e+09,5.917509550080000000e+11,2.885195016860961914e+00
3.666000000000000000e+03,3.427000000000000000e+03,1.345912883820936088e+02,1.502313031443328895e-01,5.900000000000000000e+01,1.048679833600000000e+10,7.828546519040000000e+11,5.260182619094848633e-01
6.060000000000000000e+02,2.617000000000000000e+03,1.017211908029914014e+02,1.856953381770518607e-01,1.800000000000000000e+01,1.623037542400000000e+10,1.491725320192000000e+12,5.082186508178710938e+01
2.180000000000000000e+03,2.625000000000000000e+03,8.110192752508451974e+01,1.720052290384453675e-01,3.700000000000000000e+01,1.660199526400000000e+10,1.076348256256000000e+12,2.930980205535888672e+00
6.480000000000000000e+02,1.124000000000000000e+03,1.971815101375751169e+02,1.397542485937368628e-01,2.290000000000000000e+02,1.669234816000000000e+09,2.513650483200000000e+11,7.054258584976196289e-01
6.480000000000000000e+02,1.129000000000000000e+03,4.409625075320388277e+01,1.976423537605237202e-01,2.290000000000000000e+02,1.669234816000000000e+09,2.513650483200000000e+11,7.054258584976196289e-01
3.529000000000000000e+03,2.200000000000000000e+03,8.720321392372454739e+01,1.111111111111111049e-01,1.720000000000000000e+02,2.003181440000000000e+09,3.155775324160000000e+11,2.163498550653457642e-01
1.730000000000000000e+02,2.143000000000000000e+03,6.988675301352560609e+01,1.490711984999859852e-01,2.800000000000000000e+02,7.535530880000000000e+08,1.993198469120000000e+11,6.548240035772323608e-02
3.690000000000000000e+02,1.321000000000000000e+03,1.149572020018944727e+02,5.590169943749474790e-02,0.000000000000000000e+00,6.791713996800000000e+10,3.866329874432000000e+12,5.838018655776977539e-01
1.963000000000000000e+03,3.988000000000000000e+03,7.249727730163137096e+01,9.316949906249123725e-02,5.800000000000000000e+01,1.604596838400000000e+10,8.437500477440000000e+11,6.876591444015502930e-01
1.762000000000000000e+03,4.240000000000000000e+02,9.050873800663829627e+01,1.597191412499849861e-01,2.040000000000000000e+02,2.237363712000000000e+09,1.677475020800000000e+11,5.028765797615051270e-01
1.387000000000000000e+03,1.270000000000000000e+03,1.376697964770314684e+02,1.250000000000000000e-01,2.190000000000000000e+02,1.665134976000000000e+09,2.605144473600000000e+11,1.890190243721008301e-01
3.064000000000000000e+03,3.437000000000000000e+03,2.380731256407637488e+02,1.010152544552210818e-01,2.400000000000000000e+01,2.261052211200000000e+10,1.228229181440000000e+12,2.252333760261535645e-01
3.219000000000000000e+03,3.815000000000000000e+03,2.715050965776940757e+02,1.888525745775105347e-01,2.700000000000000000e+01,1.486072934400000000e+10,1.127825801216000000e+12,1.289787650108337402e+00
3.673000000000000000e+03,4.410000000000000000e+02,1.407402605011646699e+02,1.363636363636363535e-01,7.700000000000000000e+01,8.184467456000000000e+09,6.611352944640000000e+11,5.086567997932434082e-01
3.063000000000000000e+03,3.177000000000000000e+03,5.990654088772171804e+01,1.242259987499883256e-01,1.680000000000000000e+02,3.636534272000000000e+09,3.537638850560000000e+11,6.650319099426269531e-01
2.836000000000000000e+03,1.182000000000000000e+03,1.608477397201180281e+02,1.581138830084189706e-01,1.070000000000000000e+02,1.168193024000000000e+09,4.566383656960000000e+11,3.166985213756561279e-01
2.150000000000000000e+03,1.478000000000000000e+03,6.558174015029545956e+01,1.176470588235294101e-01,1.990000000000000000e+02,6.572332160000000000e+08,2.871545692160000000e+11,2.213998883962631226e-01
6.490000000000000000e+02,1.128000000000000000e+03,4.317772801646481895e+01,1.250000000000000000e-01,2.290000000000000000e+02,1.669234816000000000e+09,2.513650483200000000e+11,7.054258584976196289e-01
3.465000000000000000e+03,1.184000000000000000e+03,1.214648172768612397e+02,1.176877882894626220e-01,1.210000000000000000e+02,1.199321856000000000e+09,3.968022282240000000e+11,5.909001231193542480e-01
3.543000000000000000e+03,2.513000000000000000e+03,6.212379244904776670e+02,1.171213948210510919e-01,2.600000000000000000e+01,1.607904665600000000e+10,1.146904903680000000e+12,3.561056852340698242e+00
1.502000000000000000e+03,1.893000000000000000e+03,7.242553671504744273e+01,1.153846153846153910e-01,4.200000000000000000e+01,1.554715648000000000e+10,1.040514875392000000e+12,1.968401670455932617e+00
2.179000000000000000e+03,2.625000000000000000e+03,7.648657107455171911e+01,1.585809856006792640e-01,3.700000000000000000e+01,1.660199526400000000e+10,1.076348256256000000e+12,2.930980205535888672e+00
2.112000000000000000e+03,2.904000000000000000e+03,1.273804754611744983e+02,5.882352941176470507e-02,1.760000000000000000e+02,4.542482944000000000e+09,2.715383070720000000e+11,7.511537075042724609e-01
1.359000000000000000e+03,2.009000000000000000e+03,1.093884519117577128e+02,5.882352941176470507e-02,1.810000000000000000e+02,1.441623680000000000e+09,2.788685250560000000e+11,2.093609422445297241e-01
2.151000000000000000e+03,8.700000000000000000e+01,3.906737842256233080e+02,7.692307692307692735e-02,3.400000000000000000e+01,2.207638323200000000e+10,1.046548774912000000e+12,1.211993932723999023e+00
9.100000000000000000e+02,3.715000000000000000e+03,3.577595213337492055e+02,9.090909090909091161e-02,8.000000000000000000e+01,6.545251840000000000e+09,5.917509550080000000e+11,2.885195016860961914e+00
3.046000000000000000e+03,3.293000000000000000e+03,6.136760054830249800e+01,1.054092553389459896e-01,2.000000000000000000e+01,3.612656025600000000e+10,1.626098892800000000e+12,1.186937093734741211e-01
1.856000000000000000e+03,9.720000000000000000e+02,7.166034018869954991e+01,1.428571428571428492e-01,2.710000000000000000e+02,4.389726080000000000e+08,1.701917163520000000e+11,1.421170681715011597e-01
1.535000000000000000e+03,3.950000000000000000e+02,1.358505625981927665e+02,1.333333333333333315e-01,2.500000000000000000e+02,5.433228800000000000e+08,2.070696591360000000e+11,1.096710339188575745e-01
6.580000000000000000e+02,3.894000000000000000e+03,6.810160069556218332e+01,1.010152544552210818e-01,2.160000000000000000e+02,3.302373120000000000e+08,1.758905139200000000e+11,1.909164041280746460e-01
2.132000000000000000e+03,3.740000000000000000e+02,4.209778926387502906e+01,1.976423537605237202e-01,2.380000000000000000e+02,6.961411200000000000e+08,2.244707778560000000e+11,8.804488927125930786e-02
2.770000000000000000e+03,3.410000000000000000e+02,3.237006462058545964e+01,1.860163329510811370e-01,2.080000000000000000e+02,1.508241280000000000e+09,2.930831523840000000e+11,9.406410157680511475e-02
3.715000000000000000e+03,2.822000000000000000e+03,1.240068980379054722e+02,1.885618083164126990e-01,2.460000000000000000e+02,1.293906048000000000e+09,2.160205332480000000e+11,1.234992891550064087e-01
3.823000000000000000e+03,3.320000000000000000e+02,6.628958196705839612e+01,5.882352941176470507e-02,2.030000000000000000e+02,1.893578880000000000e+09,2.790343639040000000e+11,1.433310806751251221e-01
9.710000000000000000e+02,1.489000000000000000e+03,3.991600299508468197e+01,6.250000000000000000e-02,1.430000000000000000e+02,9.831441408000000000e+09,2.495392317440000000e+11,0.000000000000000000e+00
3.810000000000000000e+03,1.065000000000000000e+03,8.634162896602592241e+01,1.720052290384453675e-01,3.340000000000000000e+02,5.983065600000000000e+08,1.386395566080000000e+11,6.755406409502029419e-02
3.608000000000000000e+03,3.025000000000000000e+03,9.709613810670835221e+01,1.802775637731994507e-01,9.000000000000000000e+01,1.856924032000000000e+09,4.570356121600000000e+11,5.995895862579345703e-01
3.064000000000000000e+03,1.583000000000000000e+03,3.199225309851069454e+01,1.597191412499849861e-01,3.170000000000000000e+02,5.427262080000000000e+08,1.611926405120000000e+11,5.585111305117607117e-02
3.030000000000000000e+03,1.429000000000000000e+03,1.325030405029147857e+02,1.490711984999859852e-01,2.120000000000000000e+02,5.134139840000000000e+08,2.073886720000000000e+11,7.339200377464294434e-02
9.170000000000000000e+02,3.754000000000000000e+03,5.637582257528146101e+01,1.315334104411640948e-01,2.090000000000000000e+02,1.459193984000000000e+09,2.704549806080000000e+11,3.244192004203796387e-01
7.160000000000000000e+02,1.106000000000000000e+03,1.955913069884611843e+02,5.000000000000000278e-02,9.800000000000000000e+01,2.819220736000000000e+09,4.878998896640000000e+11,1.520815610885620117e+00
6.130000000000000000e+02,8.790000000000000000e+02,1.001365873651358669e+02,1.844626385704036808e-01,7.300000000000000000e+01,1.833807257600000000e+10,6.925092782080000000e+11,3.555294871330261230e-01
1.504000000000000000e+03,1.889000000000000000e+03,5.439263289187961163e+02,8.600261451922268374e-02,4.200000000000000000e+01,1.554715648000000000e+10,1.040514875392000000e+12,1.968401670455932617e+00
7.540000000000000000e+02,2.850000000000000000e+03,5.258452189542623501e+01,1.767766952966368932e-01,2.630000000000000000e+02,8.041327360000000000e+08,2.212967546880000000e+11,2.647356688976287842e-01
1.577000000000000000e+03,2.115000000000000000e+03,8.615443092801827163e+01,8.695652173913043237e-02,5.500000000000000000e+01,2.193723596800000000e+10,7.420609822720000000e+11,5.831490755081176758e-01
3.236000000000000000e+03,2.996000000000000000e+03,5.522285520789084501e+01,1.242259987499883256e-01,1.630000000000000000e+02,2.215606528000000000e+09,3.263569264640000000e+11,2.493974864482879639e-01
3.021000000000000000e+03,5.240000000000000000e+02,1.433174470949936961e+02,1.064794274999899953e-01,9.700000000000000000e+01,5.012286464000000000e+09,5.178961100800000000e+11,1.447071075439453125e+00
4.350000000000000000e+02,1.449000000000000000e+03,7.594535510137772860e+01,1.885618083164126990e-01,2.210000000000000000e+02,9.417088000000000000e+08,1.952689848320000000e+11,1.487792879343032837e-01
1.808000000000000000e+03,2.181000000000000000e+03,4.025147544171571923e+01,1.683587574253684604e-01,1.000000000000000000e+00,6.157198950400000000e+10,4.416137068544000000e+12,4.520943015813827515e-02
1.680000000000000000e+02,3.242000000000000000e+03,8.411936276152030700e+01,1.250000000000000000e-01,1.780000000000000000e+02,4.079923200000000000e+08,2.321770741760000000e+11,9.790688753128051758e-02
7.850000000000000000e+02,1.503000000000000000e+03,1.952500124912771753e+02,1.315334104411640948e-01,2.250000000000000000e+02,2.712698368000000000e+09,2.835158794240000000e+11,8.608257025480270386e-02
1.994000000000000000e+03,3.379000000000000000e+03,1.187140966250289154e+02,1.581138830084189706e-01,1.060000000000000000e+02,2.987837184000000000e+09,4.844249415680000000e+11,3.978361785411834717e-01
2.821000000000000000e+03,2.750000000000000000e+02,7.020842008748886087e+01,8.333333333333332871e-02,3.480000000000000000e+02,6.097633280000000000e+08,1.116363161600000000e+11,1.257665604352951050e-01
7.180000000000000000e+02,1.105000000000000000e+03,8.445633752610885381e+01,1.000000000000000056e-01,9.800000000000000000e+01,2.819220736000000000e+09,4.878998896640000000e+11,1.520815610885620117e+00
1.865000000000000000e+03,3.060000000000000000e+03,4.224110233683228444e+01,1.571348402636772446e-01,1.360000000000000000e+02,3.717910016000000000e+09,3.234228469760000000e+11,9.218970537185668945e-01
3.603000000000000000e+03,3.025000000000000000e+03,3.409018602285334509e+02,1.414213562373095034e-01,9.000000000000000000e+01,1.856924032000000000e+09,4.570356121600000000e+11,5.995895862579345703e-01
3.192000000000000000e+03,1.850000000000000000e+02,9.110495705304434466e+01,1.720052290384453675e-01,2.550000000000000000e+02,4.543162560000000000e+08,1.399847157760000000e+11,6.439997255802154541e-02
2.148000000000000000e+03,8.500000000000000000e+01,4.915560238340034402e+02,8.600261451922268374e-02,3.400000000000000000e+01,2.207638323200000000e+10,1.046548774912000000e+12,1.211993932723999023e+00
4.230000000000000000e+02,1.844000000000000000e+03,8.130398081610917416e+01,1.724137931034482873e-01,4.000000000000000000e+00,2.216379187200000000e+10,1.423872098304000000e+12,1.059899687767028809e+00
1.125000000000000000e+03,3.891000000000000000e+03,5.071194607720562431e+01,1.571348402636772446e-01,3.000000000000000000e+00,3.762573721600000000e+10,2.640144498688000000e+12,1.831436872482299805e+00
3.111000000000000000e+03,3.668000000000000000e+03,1.221077636531275346e+02,1.490711984999859852e-01,2.920000000000000000e+02,7.271820800000000000e+08,1.793774878720000000e+11,9.612603485584259033e-02
3.090000000000000000e+03,3.652000000000000000e+03,1.044067370868344540e+02,1.288470508005518933e-01,1.200000000000000000e+01,3.804662169600000000e+10,1.865792618496000000e+12,1.976391410827636719e+01
1.850000000000000000e+02,3.570000000000000000e+02,6.566470923859212405e+01,1.397542485937368628e-01,1.520000000000000000e+02,1.430619904000000000e+09,2.242048327680000000e+11,1.786086708307266235e-01
6.010000000000000000e+02,1.764000000000000000e+03,1.587258372221436673e+02,1.502313031443328895e-01,2.100000000000000000e+01,9.767414784000000000e+09,7.698031575040000000e+11,1.788983106613159180e+00
4.870000000000000000e+02,8.150000000000000000e+02,2.711616973502470955e+02,1.178511301977579334e-01,4.000000000000000000e+01,6.004965376000000000e+09,7.657200680960000000e+11,9.520892500877380371e-01
3.541000000000000000e+03,2.514000000000000000e+03,3.121119923741844673e+02,1.851851851851851749e-01,2.600000000000000000e+01,1.607904665600000000e+10,1.146904903680000000e+12,3.561056852340698242e+00
1.210000000000000000e+02,3.073000000000000000e+03,1.011285553167170690e+02,5.882352941176470507e-02,1.910000000000000000e+02,1.224226560000000000e+09,2.916619386880000000e+11,2.821713387966156006e-01
3.278000000000000000e+03,5.940000000000000000e+02,1.575904027576264639e+02,1.010152544552210818e-01,2.740000000000000000e+02,7.903617280000000000e+08,1.671863173120000000e+11,2.429991066455841064e-01
3.142000000000000000e+03,2.865000000000000000e+03,8.304464804258434185e+01,1.538461538461538547e-01,2.330000000000000000e+02,3.838156800000000000e+08,1.277906698240000000e+11,8.263472467660903931e-02
9.090000000000000000e+02,4.630000000000000000e+02,5.345490129305019167e+01,1.923076923076923184e-01,6.000000000000000000e+00,1.650314547200000000e+10,1.067573116928000000e+12,3.699832201004028320e+00
7.040000000000000000e+02,1.511000000000000000e+03,1.521661736490514727e+02,8.333333333333332871e-02,3.530000000000000000e+02,4.700106560000000000e+08,9.294882406400000000e+10,5.002410709857940674e-02
3.096000000000000000e+03,2.438000000000000000e+03,1.791225228619090899e+02,8.944271909999158832e-02,4.800000000000000000e+01,1.269249024000000000e+10,9.317162024960000000e+11,1.329311370849609375e+00
3.469000000000000000e+03,1.180000000000000000e+03,8.056519231527360603e+01,1.897658566033678385e-01,1.210000000000000000e+02,1.199321856000000000e+09,3.968022282240000000e+11,5.909001231193542480e-01
1.449000000000000000e+03,2.910000000000000000e+03,1.269261765939074849e+02,1.397542485937368628e-01,1.920000000000000000e+02,9.463041920000000000e+08,2.607394979840000000e+11,1.711194664239883423e-01
1.840000000000000000e+02,3.620000000000000000e+02,6.359466026241938863e+01,1.875000000000000000e-01,1.520000000000000000e+02,1.430619904000000000e+09,2.242048327680000000e+11,1.786086708307266235e-01
3.530000000000000000e+03,2.197000000000000000e+03,4.467576652830410922e+01,1.756820922315766309e-01,1.720000000000000000e+02,2.003181440000000000e+09,3.155775324160000000e+11,2.163498550653457642e-01
3.406000000000000000e+03,2.930000000000000000e+03,5.088562070864144715e+01,1.844626385704036808e-01,6.600000000000000000e+01,1.370071859200000000e+10,7.471679406080000000e+11,1.815132617950439453e+00
3.480000000000000000e+03,2.856000000000000000e+03,2.185443938742983221e+02,1.428571428571428492e-01,8.500000000000000000e+01,3.280976896000000000e+09,5.304367513600000000e+11,3.841274082660675049e-01
1.409000000000000000e+03,1.284000000000000000e+03,9.759935345628689163e+01,1.818181818181818232e-01,2.970000000000000000e+02,3.761315520000000000e+08,7.673151488000000000e+10,3.619387745857238770e-02
6.090000000000000000e+02,3.752000000000000000e+03,1.120541152807002732e+02,1.421760560557814024e-01,1.400000000000000000e+01,4.285676339200000000e+10,1.507835248640000000e+12,3.455087184906005859e+00
3.095000000000000000e+03,3.659000000000000000e+03,1.034859022593172284e+02,1.900863290718193543e-01,1.200000000000000000e+01,3.804662169600000000e+10,1.865792618496000000e+12,1.976391410827636719e+01
2.247000000000000000e+03,1.098000000000000000e+03,2.572788346697422313e+01,1.421760560557814024e-01,3.000000000000000000e+01,2.774474752000000000e+10,1.397942386688000000e+12,0.000000000000000000e+00
2.540000000000000000e+02,1.492000000000000000e+03,5.065752106389614795e+01,1.720052290384453675e-01,3.390000000000000000e+02,1.341770624000000000e+09,1.270213672960000000e+11,1.971114128828048706e-01
1.375000000000000000e+03,1.739000000000000000e+03,1.323455467121380877e+02,9.428090415820634951e-02,2.770000000000000000e+02,9.291714560000000000e+08,1.840636067840000000e+11,4.683445021510124207e-02
2.335000000000000000e+03,2.419000000000000000e+03,9.166192690066235116e+01,1.851851851851851749e-01,7.000000000000000000e+00,2.338970419200000000e+10,1.180404940800000000e+12,3.693187236785888672e+00
3.722000000000000000e+03,3.745000000000000000e+03,6.579641490426286055e+02,0.000000000000000000e+00,1.770000000000000000e+02,1.930732928000000000e+09,2.886603243520000000e+11,3.639691770076751709e-01
2.992000000000000000e+03,3.600000000000000000e+01,7.408354284932654821e+01,1.666666666666666574e-01,1.100000000000000000e+01,3.217836032000000000e+10,1.621931982848000000e+12,9.086136817932128906e-01
2.478000000000000000e+03,1.000000000000000000e+00,1.766129732716932779e+02,1.176470588235294101e-01,2.070000000000000000e+02,1.062890048000000000e+09,2.742956195840000000e+11,2.239271402359008789e-01
1.831000000000000000e+03,1.576000000000000000e+03,5.249824718963970582e+01,1.664356663246515655e-01,1.240000000000000000e+02,2.067857920000000000e+09,3.856891576320000000e+11,3.170086741447448730e-01
2.181000000000000000e+03,2.621000000000000000e+03,1.246788913745583329e+02,1.153846153846153910e-01,3.700000000000000000e+01,1.660199526400000000e+10,1.076348256256000000e+12,2.930980205535888672e+00
2.491000000000000000e+03,2.302000000000000000e+03,4.893893406182438071e+02,5.882352941176470507e-02,1.640000000000000000e+02,1.518295168000000000e+09,3.126754672640000000e+11,2.417435050010681152e-01
4.270000000000000000e+02,3.369000000000000000e+03,3.673367125448045556e+01,1.597191412499849861e-01,3.010000000000000000e+02,5.535228160000000000e+08,1.698646589440000000e+11,4.306596517562866211e-02
1.358000000000000000e+03,7.520000000000000000e+02,1.132856013631790262e+02,8.838834764831844659e-02,2.280000000000000000e+02,7.644033280000000000e+08,2.608238919680000000e+11,1.717759370803833008e-01
3.762000000000000000e+03,1.264000000000000000e+03,7.742837273070054493e+01,1.250000000000000000e-01,5.100000000000000000e+01,1.338212966400000000e+10,8.122256588800000000e+11,2.885771274566650391e+00
3.234000000000000000e+03,2.997000000000000000e+03,2.676492520728680446e+01,1.756820922315766309e-01,1.630000000000000000e+02,2.215606528000000000e+09,3.263569264640000000e+11,2.493974864482879639e-01
3.987000000000000000e+03,2.435000000000000000e+03,8.556122413135341276e+01,1.923273145405179907e-01,2.200000000000000000e+01,3.011985612800000000e+10,1.264861839360000000e+12,0.000000000000000000e+00
7.060000000000000000e+02,1.509000000000000000e+03,8.056037321465029777e+01,1.863389981249824745e-01,3.530000000000000000e+02,4.700106560000000000e+08,9.294882406400000000e+10,5.002410709857940674e-02
1.904000000000000000e+03,1.463000000000000000e+03,6.870098242948395750e+01,1.490711984999859852e-01,2.760000000000000000e+02,9.284546560000000000e+08,2.004269629440000000e+11,2.256767898797988892e-01
3.131000000000000000e+03,3.657000000000000000e+03,1.327383183965704063e+02,1.597191412499849861e-01,2.910000000000000000e+02,4.933715520000000000e+08,1.523767541760000000e+11,1.369045227766036987e-01
3.309000000000000000e+03,3.307000000000000000e+03,2.584087613194939763e+02,1.315789473684210453e-01,2.000000000000000000e+00,2.817368064000000000e+10,3.130425081856000000e+12,8.803648948669433594e+00
3.270000000000000000e+02,5.930000000000000000e+02,1.491939633079001339e+02,5.555555555555555247e-02,1.460000000000000000e+02,1.005128384000000000e+09,3.474091212800000000e+11,3.189797103404998779e-01
3.045000000000000000e+03,3.284000000000000000e+03,1.125633443471804469e+02,1.490711984999859852e-01,1.900000000000000000e+02,4.586923520000000000e+08,2.166169108480000000e+11,2.238614857196807861e-02
1.847000000000000000e+03,1.025000000000000000e+03,9.871095125492189482e+01,1.250000000000000000e-01,1.030000000000000000e+02,2.004422016000000000e+09,2.521610321920000000e+11,2.871632277965545654e-01
2.811000000000000000e+03,3.817000000000000000e+03,7.869834900207249007e+01,1.490711984999859852e-01,2.620000000000000000e+02,1.368009088000000000e+09,2.027119411200000000e+11,1.745131909847259521e-01
1.919000000000000000e+03,3.892000000000000000e+03,1.106572385142960968e+02,1.888525745775105347e-01,2.300000000000000000e+01,3.924919910400000000e+10,1.211719614464000000e+12,8.107573509216308594e+00
7.650000000000000000e+02,1.531000000000000000e+03,4.099845253300454146e+02,5.555555555555555247e-02,1.320000000000000000e+02,2.261616384000000000e+09,3.562740449280000000e+11,7.156473994255065918e-01
2.244000000000000000e+03,1.098000000000000000e+03,2.123944725530311217e+01,1.950639396376682988e-01,3.000000000000000000e+01,2.774474752000000000e+10,1.397942386688000000e+12,0.000000000000000000e+00
3.792000000000000000e+03,2.656000000000000000e+03,8.147343444308641836e+01,1.875000000000000000e-01,2.140000000000000000e+02,1.069744256000000000e+09,2.377314959360000000e+11,2.512958347797393799e-01
5.960000000000000000e+02,2.617000000000000000e+03,2.584768986553773402e+02,1.856953381770518607e-01,1.800000000000000000e+01,1.623037542400000000e+10,1.491725320192000000e+12,5.082186508178710938e+01
2.318000000000000000e+03,2.813000000000000000e+03,1.208856534429387750e+02,2.000000000000000111e-01,2.870000000000000000e+02,6.142096000000000000e+08,1.838728151040000000e+11,7.423418015241622925e-02
2.955000000000000000e+03,3.723000000000000000e+03,2.329866560558922401e+02,1.664356663246515655e-01,1.280000000000000000e+02,4.022070016000000000e+09,3.922227036160000000e+11,1.520862936973571777e+00
6.090000000000000000e+02,8.740000000000000000e+02,2.750352412495136036e+02,9.722034684781695468e-02,7.300000000000000000e+01,1.833807257600000000e+10,6.925092782080000000e+11,3.555294871330261230e-01
3.982000000000000000e+03,2.426000000000000000e+03,1.080593777571608456e+02,1.785714285714285754e-01,2.200000000000000000e+01,3.011985612800000000e+10,1.264861839360000000e+12,0.000000000000000000e+00
1.518000000000000000e+03,1.613000000000000000e+03,1.062433653310053074e+02,1.716929178792375721e-01,5.700000000000000000e+01,4.617920000000000000e+09,5.532357754880000000e+11,1.412596464157104492e+00
2.608000000000000000e+03,8.840000000000000000e+02,4.336655689295692184e+01,1.538461538461538547e-01,3.430000000000000000e+02,4.422740480000000000e+08,1.289499361280000000e+11,1.331258192658424377e-02
1.594000000000000000e+03,2.530000000000000000e+03,4.130655332911052113e+01,1.242259987499883256e-01,1.740000000000000000e+02,3.833967872000000000e+09,3.328998113280000000e+11,5.388898253440856934e-01
2.842000000000000000e+03,1.182000000000000000e+03,7.914928257761481234e+01,1.581138830084189706e-01,1.070000000000000000e+02,1.168193024000000000e+09,4.566383656960000000e+11,3.166985213756561279e-01
3.335000000000000000e+03,7.980000000000000000e+02,3.865215075390433981e+02,5.555555555555555247e-02,1.480000000000000000e+02,1.724786304000000000e+09,3.378457477120000000e+11,3.567959368228912354e-01
1.200000000000000000e+03,2.480000000000000000e+02,3.458454909527620913e+01,1.414213562373095034e-01,1.160000000000000000e+02,2.380019200000000000e+09,4.474392412160000000e+11,4.046666920185089111e-01
1.913000000000000000e+03,3.896000000000000000e+03,1.069473059518058164e+02,1.888525745775105347e-01,2.300000000000000000e+01,3.924919910400000000e+10,1.211719614464000000e+12,8.107573509216308594e+00
2.642000000000000000e+03,2.857000000000000000e+03,3.678647044318495318e+02,1.250000000000000000e-01,5.600000000000000000e+01,1.586118144000000000e+10,7.945620684800000000e+11,1.549731612205505371e+00
3.300000000000000000e+03,2.742000000000000000e+03,1.028990436107684729e+02,1.717960677340691911e-01,2.800000000000000000e+01,1.097422540800000000e+10,7.864553308160000000e+11,1.368543982505798340e+00
2.976000000000000000e+03,1.020000000000000000e+03,8.543688348326801929e+01,2.000000000000000111e-01,2.680000000000000000e+02,3.408276480000000000e+08,1.987310223360000000e+11,1.274035722017288208e-01
2.173000000000000000e+03,1.695000000000000000e+03,1.317620073697594592e+02,1.720052290384453675e-01,3.320000000000000000e+02,3.736707200000000000e+08,1.258811801600000000e+11,4.991431534290313721e-02
1.836000000000000000e+03,8.680000000000000000e+02,4.047718462459219069e+01,1.875000000000000000e-01,2.410000000000000000e+02,4.520856000000000000e+08,2.227093340160000000e+11,1.034945324063301086e-01
3.305000000000000000e+03,1.567000000000000000e+03,2.624674040220102711e+02,1.016394535227177209e-01,7.900000000000000000e+01,9.134831616000000000e+09,5.912709038080000000e+11,6.035826802253723145e-01
1.813000000000000000e+03,2.182000000000000000e+03,3.622833946150519324e+01,1.428571428571428492e-01,1.000000000000000000e+00,6.157198950400000000e+10,4.416137068544000000e+12,4.520943015813827515e-02
2.506000000000000000e+03,7.280000000000000000e+02,6.931613554058610589e+02,1.860163329510811370e-01,1.150000000000000000e+02,6.639024000000000000e+08,2.696163819520000000e+11,7.071793079376220703e-01
3.464000000000000000e+03,1.179000000000000000e+03,1.125015630427246833e+02,1.897658566033678385e-01,1.210000000000000000e+02,1.199321856000000000e+09,3.968022282240000000e+11,5.909001231193542480e-01
6.150000000000000000e+02,3.752000000000000000e+03,4.422937769276114750e+02,7.710579232757895640e-02,1.400000000000000000e+01,4.285676339200000000e+10,1.507835248640000000e+12,3.455087184906005859e+00
3.112000000000000000e+03,3.668000000000000000e+03,4.867413236859082417e+02,9.428090415820634951e-02,2.920000000000000000e+02,7.271820800000000000e+08,1.793774878720000000e+11,9.612603485584259033e-02
2.700000000000000000e+02,1.119000000000000000e+03,6.746908059185084028e+01,1.490711984999859852e-01,2.780000000000000000e+02,6.048636160000000000e+08,1.876977745920000000e+11,2.336264252662658691e-01
2.004000000000000000e+03,3.762000000000000000e+03,7.137718281431260436e+01,1.597191412499849861e-01,2.790000000000000000e+02,1.289723392000000000e+09,1.773356646400000000e+11,1.620518565177917480e-01
1.428000000000000000e+03,1.303000000000000000e+03,8.899228608734516399e+01,1.111111111111111049e-01,1.710000000000000000e+02,2.986639104000000000e+09,3.262996480000000000e+11,2.502601742744445801e-01
2.838000000000000000e+03,2.467000000000000000e+03,3.100905562744109716e+02,7.856742013183862228e-02,1.510000000000000000e+02,3.283166976000000000e+09,3.196088156160000000e+11,7.662950754165649414e-01
2.038000000000000000e+03,1.517000000000000000e+03,1.629794273297203233e+02,1.315334104411640948e-01,1.830000000000000000e+02,3.310277120000000000e+09,3.145353789440000000e+11,3.984389901161193848e-01
3.870000000000000000e+02,7.950000000000000000e+02,1.367362796379190115e+02,1.317615691736824801e-01,5.000000000000000000e+01,7.061435904000000000e+09,8.643143270400000000e+11,2.096730947494506836e+00
2.424000000000000000e+03,2.660000000000000000e+03,6.756887652374929587e+01,1.767766952966368932e-01,1.660000000000000000e+02,9.581872640000000000e+08,2.619022049280000000e+11,7.293145358562469482e-02
1.505000000000000000e+03,1.888000000000000000e+03,4.415594007537534367e+02,1.386750490563072868e-01,4.200000000000000000e+01,1.554715648000000000e+10,1.040514875392000000e+12,1.968401670455932617e+00
1.808000000000000000e+03,2.171000000000000000e+03,2.750282407936348861e+01,1.683587574253684604e-01,1.000000000000000000e+00,6.157198950400000000e+10,4.416137068544000000e+12,4.520943015813827515e-02
3.660000000000000000e+02,6.100000000000000000e+02,6.895619020391369247e+01,1.176470588235294101e-01,1.870000000000000000e+02,8.003907840000000000e+08,2.936924405760000000e+11,6.621309518814086914e-01
3.437000000000000000e+03,1.428000000000000000e+03,6.905154743132884221e+01,1.488645855129573925e-01,1.180000000000000000e+02,3.062268160000000000e+09,4.329599795200000000e+11,4.076516926288604736e-01
3.180000000000000000e+02,1.475000000000000000e+03,8.739603322005976338e+01,1.249425947156866806e-01,8.000000000000000000e+00,5.188821811200000000e+10,2.186460135424000000e+12,5.949957370758056641e-01
2.020000000000000000e+02,1.057000000000000000e+03,1.383562783125608746e+02,1.904761904761904656e-01,5.400000000000000000e+01,7.008146944000000000e+09,5.634084044800000000e+11,5.607416629791259766e-01
1.265000000000000000e+03,3.926000000000000000e+03,3.381175773758424725e+02,1.379310344827586188e-01,1.700000000000000000e+01,3.641467289600000000e+10,1.465478807552000000e+12,4.167245388031005859e+00
3.309000000000000000e+03,3.311000000000000000e+03,1.829769492176311871e+02,7.894736842105262720e-02,2.000000000000000000e+00,2.817368064000000000e+10,3.130425081856000000e+12,8.803648948669433594e+00
2.490000000000000000e+02,2.970000000000000000e+03,7.776752987951151397e+01,1.756820922315766309e-01,1.670000000000000000e+02,4.070727936000000000e+09,3.505171988480000000e+11,1.216749101877212524e-01
1.760000000000000000e+03,4.240000000000000000e+02,1.348710975793902378e+02,1.597191412499849861e-01,2.040000000000000000e+02,2.237363712000000000e+09,1.677475020800000000e+11,5.028765797615051270e-01
9.080000000000000000e+02,3.719000000000000000e+03,7.951439600987195888e+01,1.818181818181818232e-01,8.000000000000000000e+01,6.545251840000000000e+09,5.917509550080000000e+11,2.885195016860961914e+00
1.829000000000000000e+03,1.571000000000000000e+03,3.577403539293536028e+02,1.176877882894626220e-01,1.240000000000000000e+02,2.067857920000000000e+09,3.856891576320000000e+11,3.170086741447448730e-01
3.531000000000000000e+03,2.197000000000000000e+03,6.192176426946373624e+01,1.666666666666666574e-01,1.720000000000000000e+02,2.003181440000000000e+09,3.155775324160000000e+11,2.163498550653457642e-01
1.094000000000000000e+03,1.472000000000000000e+03,3.890211784358806568e+01,1.111111111111111049e-01,3.580000000000000000e+02,1.184219520000000000e+09,4.405610905600000000e+10,0.000000000000000000e+00
3.170000000000000000e+02,1.474000000000000000e+03,1.044402021499627153e+02,9.090909090909091161e-02,8.000000000000000000e+00,5.188821811200000000e+10,2.186460135424000000e+12,5.949957370758056641e-01
2.112000000000000000e+03,2.761000000000000000e+03,1.076186987118510388e+02,2.000000000000000111e-01,6.900000000000000000e+01,3.450892544000000000e+09,4.530230394880000000e+11,8.756514787673950195e-01
2.341000000000000000e+03,2.620000000000000000e+03,8.484523886332470965e+01,1.363636363636363535e-01,7.500000000000000000e+01,6.909923840000000000e+09,6.275906273280000000e+11,1.387628793716430664e+00
2.342000000000000000e+03,2.415000000000000000e+03,1.173856458073374682e+02,1.171213948210510919e-01,7.000000000000000000e+00,2.338970419200000000e+10,1.180404940800000000e+12,3.693187236785888672e+00
1.122000000000000000e+03,3.880000000000000000e+03,4.833274205441587412e+01,1.964185503295965418e-01,3.000000000000000000e+00,3.762573721600000000e+10,2.640144498688000000e+12,1.831436872482299805e+00
3.014000000000000000e+03,8.200000000000000000e+02,1.565504848854137094e+02,1.581138830084189706e-01,1.020000000000000000e+02,1.650304512000000000e+09,4.517831966720000000e+11,2.106188774108886719e+00
2.727000000000000000e+03,1.331000000000000000e+03,3.751093548742672112e+01,1.176470588235294101e-01,1.960000000000000000e+02,1.600720000000000000e+09,2.870359490560000000e+11,1.783280670642852783e-01
2.404000000000000000e+03,1.297000000000000000e+03,9.568474534924899899e+01,1.795054935711501154e-01,9.000000000000000000e+00,3.914225254400000000e+10,1.627581579264000000e+12,2.495837211608886719e+00
3.022000000000000000e+03,5.220000000000000000e+02,3.691941125607231555e+01,1.904761904761904656e-01,9.700000000000000000e+01,5.012286464000000000e+09,5.178961100800000000e+11,1.447071075439453125e+00
1.537000000000000000e+03,3.970000000000000000e+02,1.231789250314106141e+02,1.333333333333333315e-01,2.500000000000000000e+02,5.433228800000000000e+08,2.070696591360000000e+11,1.096710339188575745e-01
3.454000000000000000e+03,9.300000000000000000e+02,6.089202394744541635e+01,1.756820922315766309e-01,1.390000000000000000e+02,2.223887616000000000e+09,3.703193927680000000e+11,4.774526357650756836e-01
3.662000000000000000e+03,3.423000000000000000e+03,7.204463977766287144e+02,9.316949906249123725e-02,5.900000000000000000e+01,1.048679833600000000e+10,7.828546519040000000e+11,5.260182619094848633e-01
2.148000000000000000e+03,1.477000000000000000e+03,5.807467509073693890e+01,1.315334104411640948e-01,1.990000000000000000e+02,6.572332160000000000e+08,2.871545692160000000e+11,2.213998883962631226e-01
2.034000000000000000e+03,1.514000000000000000e+03,1.168039941253314140e+02,1.860163329510811370e-01,1.830000000000000000e+02,3.310277120000000000e+09,3.145353789440000000e+11,3.984389901161193848e-01
1.123000000000000000e+03,3.893000000000000000e+03,4.614264636960846389e+01,1.756820922315766309e-01,3.000000000000000000e+00,3.762573721600000000e+10,2.640144498688000000e+12,1.831436872482299805e+00
6.000000000000000000e+00,2.916000000000000000e+03,3.724751569242638993e+01,1.250000000000000000e-01,2.480000000000000000e+02,7.255711360000000000e+08,2.413170196480000000e+11,7.241006195545196533e-02
1.760000000000000000e+03,1.709000000000000000e+03,1.209879668765097875e+02,9.316949906249123725e-02,1.000000000000000000e+01,8.726153216000000000e+09,7.770129039360000000e+11,6.118690013885498047e+00
3.711000000000000000e+03,1.720000000000000000e+02,2.139909103269544630e+02,1.363636363636363535e-01,7.000000000000000000e+01,8.901328896000000000e+09,6.326715678720000000e+11,1.451230168342590332e+00
1.759000000000000000e+03,1.709000000000000000e+03,6.861911979172397480e+01,1.178511301977579334e-01,1.000000000000000000e+01,8.726153216000000000e+09,7.770129039360000000e+11,6.118690013885498047e+00
2.171000000000000000e+03,3.090000000000000000e+03,1.188681446775224799e+02,1.087856586440842377e-01,3.330000000000000000e+02,6.737632000000000000e+08,1.380484710400000000e+11,5.773386359214782715e-02
1.358000000000000000e+03,2.006000000000000000e+03,1.767825668299125823e+02,1.764705882352941291e-01,1.810000000000000000e+02,1.441623680000000000e+09,2.788685250560000000e+11,2.093609422445297241e-01
3.219000000000000000e+03,6.000000000000000000e+01,7.062496682805196713e+01,1.885618083164126990e-01,2.490000000000000000e+02,8.222720640000000000e+08,2.166747463680000000e+11,1.427920758724212646e-01
2.402000000000000000e+03,2.545000000000000000e+03,8.754155828020810759e+01,1.944406936956339094e-01,4.700000000000000000e+01,8.405513728000000000e+09,7.389578526720000000e+11,2.555680990219116211e+00
3.543000000000000000e+03,2.511000000000000000e+03,1.809303581829219354e+02,1.571348402636772168e-01,2.600000000000000000e+01,1.607904665600000000e+10,1.146904903680000000e+12,3.561056852340698242e+00
3.087000000000000000e+03,1.267000000000000000e+03,1.071303545196396243e+02,1.716929178792375721e-01,7.400000000000000000e+01,5.023833600000000000e+09,5.444143677440000000e+11,3.966262638568878174e-01
1.827000000000000000e+03,1.573000000000000000e+03,1.677073129827473110e+02,1.578947368421052544e-01,1.240000000000000000e+02,2.067857920000000000e+09,3.856891576320000000e+11,3.170086741447448730e-01
3.070000000000000000e+02,2.090000000000000000e+03,9.219928937172635131e+01,6.250000000000000000e-02,2.570000000000000000e+02,7.093384960000000000e+08,2.261990277120000000e+11,7.845331728458404541e-02
2.243000000000000000e+03,1.351000000000000000e+03,6.556374060497974199e+01,1.363636363636363535e-01,6.300000000000000000e+01,5.047442432000000000e+09,6.099794657280000000e+11,2.344955205917358398e+00
2.873000000000000000e+03,5.320000000000000000e+02,9.081977705952299118e+01,1.663780661615406053e-01,1.620000000000000000e+02,1.652777856000000000e+09,3.143790100480000000e+11,2.708716392517089844e-01
3.327000000000000000e+03,1.074000000000000000e+03,2.153722495339044372e+02,9.090909090909091161e-02,6.500000000000000000e+01,5.798317568000000000e+09,6.672032727040000000e+11,1.531720995903015137e+00
1.374000000000000000e+03,2.607000000000000000e+03,1.147887437080757991e+02,1.490711984999859852e-01,1.930000000000000000e+02,9.313193600000000000e+08,2.103257825280000000e+11,1.091748252511024475e-01
1.271000000000000000e+03,3.923000000000000000e+03,3.675199196851729653e+02,1.243293543263444545e-01,1.700000000000000000e+01,3.641467289600000000e+10,1.465478807552000000e+12,4.167245388031005859e+00
2.988000000000000000e+03,2.900000000000000000e+01,2.804434577699919942e+02,1.054092553389459896e-01,1.100000000000000000e+01,3.217836032000000000e+10,1.621931982848000000e+12,9.086136817932128906e-01
3.721000000000000000e+03,3.743000000000000000e+03,1.226626676612334279e+02,1.315334104411640948e-01,1.770000000000000000e+02,1.930732928000000000e+09,2.886603243520000000e+11,3.639691770076751709e-01
6.800000000000000000e+01,1.307000000000000000e+03,9.930370561666461526e+01,1.437398936440172637e-01,4.600000000000000000e+01,1.408726425600000000e+10,6.551540858880000000e+11,1.282244086265563965e+00
1.301000000000000000e+03,2.020000000000000000e+03,1.453115669783242936e+02,1.087856586440842377e-01,3.800000000000000000e+01,1.030433177600000000e+10,9.779833077760000000e+11,7.185483574867248535e-01
7.340000000000000000e+02,3.059000000000000000e+03,5.695546346661893722e+01,1.176877882894626220e-01,1.400000000000000000e+02,3.078145536000000000e+09,3.894766796800000000e+11,4.259077310562133789e-01
1.868000000000000000e+03,1.623000000000000000e+03,6.889403712430930682e+01,8.318903308077030267e-02,2.310000000000000000e+02,1.263542400000000000e+09,2.653549035520000000e+11,1.655300408601760864e-01
2.721000000000000000e+03,1.495000000000000000e+03,1.990514209763444740e+02,1.216260638526299870e-01,3.500000000000000000e+01,2.962417459200000000e+10,9.809144053760000000e+11,6.172360420227050781e+00
3.313000000000000000e+03,3.317000000000000000e+03,2.704881265081170909e+02,1.600726981657426273e-01,2.000000000000000000e+00,2.817368064000000000e+10,3.130425081856000000e+12,8.803648948669433594e+00
1.625000000000000000e+03,6.100000000000000000e+01,1.427174415013684836e+02,1.176877882894626220e-01,1.270000000000000000e+02,3.045517312000000000e+09,4.335536701440000000e+11,6.563200950622558594e-01
1.421000000000000000e+03,1.426000000000000000e+03,7.316484882715235472e+01,1.897658566033678385e-01,1.260000000000000000e+02,4.160075520000000000e+09,3.984403005440000000e+11,1.379993796348571777e+00
8.480000000000000000e+02,2.170000000000000000e+03,1.240272832111354404e+02,8.600261451922268374e-02,3.600000000000000000e+01,2.155912396800000000e+10,1.085298507776000000e+12,2.135843515396118164e+00
3.957000000000000000e+03,2.665000000000000000e+03,1.071287069667164360e+02,5.555555555555555247e-02,1.530000000000000000e+02,1.981627264000000000e+09,3.649454735360000000e+11,1.969299316406250000e-01
3.532000000000000000e+03,2.197000000000000000e+03,3.573788635823498794e+01,1.756820922315766309e-01,1.720000000000000000e+02,2.003181440000000000e+09,3.155775324160000000e+11,2.163498550653457642e-01
2.754000000000000000e+03,2.449000000000000000e+03,5.063231792523077957e+02,1.264911064067351931e-01,4.500000000000000000e+01,9.663973376000000000e+09,9.594038517760000000e+11,1.929919958114624023e+00
2.954000000000000000e+03,3.721000000000000000e+03,2.209920089952138085e+02,1.176877882894626220e-01,1.280000000000000000e+02,4.022070016000000000e+09,3.922227036160000000e+11,1.520862936973571777e+00
2.241000000000000000e+03,1.354000000000000000e+03,1.348338905669746168e+02,1.437398936440172637e-01,6.300000000000000000e+01,5.047442432000000000e+09,6.099794657280000000e+11,2.344955205917358398e+00
2.813000000000000000e+03,3.819000000000000000e+03,9.731685484895180593e+01,6.666666666666666574e-02,2.620000000000000000e+02,1.368009088000000000e+09,2.027119411200000000e+11,1.745131909847259521e-01
3.708000000000000000e+03,1.740000000000000000e+02,5.184246923991843232e+02,9.090909090909091161e-02,7.000000000000000000e+01,8.901328896000000000e+09,6.326715678720000000e+11,1.451230168342590332e+00
2.768000000000000000e+03,3.717000000000000000e+03,3.625032926078201001e+01,1.875000000000000000e-01,1.300000000000000000e+02,1.310106496000000000e+09,2.256550297600000000e+11,1.955752968788146973e-01
7.070000000000000000e+02,2.391000000000000000e+03,1.068755486385541928e+02,5.555555555555555247e-02,1.500000000000000000e+02,1.719264640000000000e+09,3.491925852160000000e+11,3.049979805946350098e-01
1.364000000000000000e+03,1.384000000000000000e+03,1.730437546237568824e+02,7.692307692307692735e-02,2.650000000000000000e+02,3.193371840000000000e+08,1.263931473920000000e+11,1.837457120418548584e-01
2.510000000000000000e+03,2.540000000000000000e+03,4.683457272274532812e+01,1.818181818181818232e-01,7.800000000000000000e+01,5.457160704000000000e+09,5.865217720320000000e+11,1.891067266464233398e+00
7.360000000000000000e+02,2.809000000000000000e+03,7.990375382592647213e+01,2.000000000000000111e-01,3.300000000000000000e+01,1.520119193600000000e+10,9.712469934080000000e+11,1.588283777236938477e+00
2.001000000000000000e+03,3.759000000000000000e+03,1.622240496540167953e+02,1.597191412499849861e-01,2.790000000000000000e+02,1.289723392000000000e+09,1.773356646400000000e+11,1.620518565177917480e-01
2.650000000000000000e+02,2.620000000000000000e+02,3.793584127526768413e+01,1.976423537605237202e-01,2.350000000000000000e+02,3.835418560000000000e+08,2.558666014720000000e+11,3.988758474588394165e-02
3.986000000000000000e+03,2.432000000000000000e+03,2.923193486731092321e+02,7.985957062499249304e-02,2.200000000000000000e+01,3.011985612800000000e+10,1.264861839360000000e+12,0.000000000000000000e+00
3.482000000000000000e+03,2.852000000000000000e+03,2.897118878517703706e+02,1.064794274999899953e-01,8.500000000000000000e+01,3.280976896000000000e+09,5.304367513600000000e+11,3.841274082660675049e-01
3.299000000000000000e+03,2.748000000000000000e+03,7.844610875523817128e+01,8.333333333333332871e-02,2.800000000000000000e+01,1.097422540800000000e+10,7.864553308160000000e+11,1.368543982505798340e+00
7.870000000000000000e+02,2.454000000000000000e+03,1.145899203120697649e+02,1.597191412499849861e-01,3.190000000000000000e+02,3.865904000000000000e+08,1.632098549760000000e+11,8.648485690355300903e-02
3.044000000000000000e+03,3.296000000000000000e+03,5.576825420623237761e+01,1.374368541872553473e-01,2.000000000000000000e+01,3.612656025600000000e+10,1.626098892800000000e+12,1.186937093734741211e-01
2.759000000000000000e+03,1.633000000000000000e+03,9.688159370961921013e+01,1.860163329510811370e-01,1.880000000000000000e+02,3.737804288000000000e+09,2.862952611840000000e+11,7.099200487136840820e-01
2.244000000000000000e+03,2.152000000000000000e+03,2.247706246725293795e+02,1.505846504842085487e-01,9.300000000000000000e+01,7.863947264000000000e+09,5.591975854080000000e+11,8.532271385192871094e-01
2.566000000000000000e+03,1.516000000000000000e+03,1.413607924680956671e+02,1.538461538461538547e-01,3.200000000000000000e+01,1.381409075200000000e+10,1.072877797376000000e+12,2.538702011108398438e+00
2.343000000000000000e+03,2.618000000000000000e+03,8.856935932552271140e+01,1.016394535227177209e-01,7.500000000000000000e+01,6.909923840000000000e+09,6.275906273280000000e+11,1.387628793716430664e+00
3.697000000000000000e+03,2.508000000000000000e+03,2.715117930196666407e+02,3.846153846153846367e-02,4.300000000000000000e+01,6.390501888000000000e+09,1.028565368832000000e+12,1.451150059700012207e+00
6.030000000000000000e+02,1.770000000000000000e+03,7.844035905923736607e+01,1.717960677340691911e-01,2.100000000000000000e+01,9.767414784000000000e+09,7.698031575040000000e+11,1.788983106613159180e+00
2.701000000000000000e+03,1.574000000000000000e+03,7.738523114945728310e+01,1.111111111111111049e-01,1.080000000000000000e+02,1.689661696000000000e+09,3.681333084160000000e+11,3.743849694728851318e-01
2.737000000000000000e+03,2.883000000000000000e+03,4.373780493347292264e+01,1.442624501612767562e-01,1.600000000000000000e+01,3.269567692800000000e+10,1.808104685568000000e+12,0.000000000000000000e+00
3.432000000000000000e+03,1.428000000000000000e+03,7.318539594600628106e+01,1.897658566033678385e-01,1.180000000000000000e+02,3.062268160000000000e+09,4.329599795200000000e+11,4.076516926288604736e-01
3.752000000000000000e+03,1.151000000000000000e+03,7.479999241333172222e+01,1.176470588235294101e-01,2.060000000000000000e+02,1.421491456000000000e+09,2.958128906240000000e+11,2.106096446514129639e-01
2.512000000000000000e+03,1.025000000000000000e+03,6.801274529101745259e+01,1.250000000000000000e-01,5.000000000000000000e+00,3.258369433600000000e+10,1.944343412736000000e+12,3.667835891246795654e-01
3.215000000000000000e+03,3.818000000000000000e+03,9.350045736644631234e+01,1.527076157636170495e-01,2.700000000000000000e+01,1.486072934400000000e+10,1.127825801216000000e+12,1.289787650108337402e+00
7.840000000000000000e+02,1.502000000000000000e+03,9.724963156791672247e+01,1.764705882352941291e-01,2.250000000000000000e+02,2.712698368000000000e+09,2.835158794240000000e+11,8.608257025480270386e-02
7.500000000000000000e+01,3.765000000000000000e+03,4.399643071312396359e+01,1.664356663246515655e-01,1.380000000000000000e+02,3.522424832000000000e+09,3.751791165440000000e+11,4.641978740692138672e-01
2.719000000000000000e+03,1.503000000000000000e+03,4.037338759960938717e+01,1.961161351381840168e-01,3.500000000000000000e+01,2.962417459200000000e+10,9.809144053760000000e+11,6.172360420227050781e+00
3.044000000000000000e+03,3.288000000000000000e+03,5.876986554824339493e+01,1.374368541872553473e-01,2.000000000000000000e+01,3.612656025600000000e+10,1.626098892800000000e+12,1.186937093734741211e-01
3.469000000000000000e+03,1.184000000000000000e+03,8.708337935682784803e+01,1.897658566033678385e-01,1.210000000000000000e+02,1.199321856000000000e+09,3.968022282240000000e+11,5.909001231193542480e-01
2.601000000000000000e+03,8.310000000000000000e+02,7.463405285049846043e+02,6.896551724137930939e-02,1.300000000000000000e+01,2.367379046400000000e+10,1.408263389184000000e+12,6.113696098327636719e+00
2.728000000000000000e+03,1.331000000000000000e+03,2.367879384700843204e+01,1.764705882352941291e-01,1.960000000000000000e+02,1.600720000000000000e+09,2.870359490560000000e+11,1.783280670642852783e-01
3.680000000000000000e+02,1.326000000000000000e+03,6.538412002943690027e+01,1.030776406404415174e-01,0.000000000000000000e+00,6.791713996800000000e+10,3.866329874432000000e+12,5.838018655776977539e-01
2.135000000000000000e+03,3.750000000000000000e+02,3.029774461769812177e+01,1.767766952966368932e-01,2.380000000000000000e+02,6.961411200000000000e+08,2.244707778560000000e+11,8.804488927125930786e-02
2.149000000000000000e+03,8.900000000000000000e+01,3.305021906596396661e+02,7.692307692307692735e-02,3.400000000000000000e+01,2.207638323200000000e+10,1.046548774912000000e+12,1.211993932723999023e+00
3.520000000000000000e+02,3.282000000000000000e+03,1.328225073013142037e+02,7.856742013183862228e-02,1.540000000000000000e+02,3.507972096000000000e+09,3.577351372800000000e+11,3.598425090312957764e-01
1.201000000000000000e+03,2.480000000000000000e+02,2.591779396258776202e+01,1.802775637731994507e-01,1.160000000000000000e+02,2.380019200000000000e+09,4.474392412160000000e+11,4.046666920185089111e-01
3.630000000000000000e+02,1.716000000000000000e+03,7.966768837790355917e+01,1.178511301977579334e-01,3.550000000000000000e+02,3.379212480000000000e+08,1.109664808960000000e+11,7.295510265976190567e-03
2.736000000000000000e+03,2.882000000000000000e+03,5.083410912606900922e+01,1.368593770038478985e-01,1.600000000000000000e+01,3.269567692800000000e+10,1.808104685568000000e+12,0.000000000000000000e+00
3.250000000000000000e+02,5.940000000000000000e+02,1.627041936419080344e+02,7.856742013183862228e-02,1.460000000000000000e+02,1.005128384000000000e+09,3.474091212800000000e+11,3.189797103404998779e-01
3.044000000000000000e+03,3.292000000000000000e+03,6.864838942845956637e+01,3.333333333333333287e-02,2.000000000000000000e+01,3.612656025600000000e+10,1.626098892800000000e+12,1.186937093734741211e-01
2.802000000000000000e+03,3.182000000000000000e+03,1.220933319033376705e+02,9.722034684781695468e-02,6.800000000000000000e+01,8.798078976000000000e+09,7.372794101760000000e+11,1.334026694297790527e+00
9.090000000000000000e+02,4.620000000000000000e+02,4.612177244546045785e+01,1.961161351381840168e-01,6.000000000000000000e+00,1.650314547200000000e+10,1.067573116928000000e+12,3.699832201004028320e+00
1.193000000000000000e+03,8.790000000000000000e+02,7.310591794761343465e+01,9.428090415820634951e-02,2.590000000000000000e+02,7.167869440000000000e+08,1.949175971840000000e+11,1.137149333953857422e-01
7.040000000000000000e+02,1.509000000000000000e+03,7.903909393174285469e+01,1.863389981249824745e-01,3.530000000000000000e+02,4.700106560000000000e+08,9.294882406400000000e+10,5.002410709857940674e-02
1.579000000000000000e+03,2.110000000000000000e+03,7.452141171645806139e+01,1.567630989332169100e-01,5.500000000000000000e+01,2.193723596800000000e+10,7.420609822720000000e+11,5.831490755081176758e-01
3.501000000000000000e+03,1.279000000000000000e+03,3.781727628093673133e+01,1.490711984999859852e-01,2.670000000000000000e+02,7.275599360000000000e+08,2.176592773120000000e+11,8.171679824590682983e-02
2.407000000000000000e+03,1.290000000000000000e+03,7.714953441225480901e+01,1.795054935711501154e-01,9.000000000000000000e+00,3.914225254400000000e+10,1.627581579264000000e+12,2.495837211608886719e+00
1.799000000000000000e+03,1.250000000000000000e+03,4.490367226427598979e+01,1.488645855129573925e-01,1.340000000000000000e+02,4.072726016000000000e+09,3.920445112320000000e+11,1.558072865009307861e-01
3.557000000000000000e+03,1.235000000000000000e+03,1.080454907346644404e+02,1.176470588235294101e-01,2.270000000000000000e+02,1.446616960000000000e+09,2.703301345280000000e+11,2.566079795360565186e-01
3.237000000000000000e+03,2.995000000000000000e+03,9.434507414568980721e+01,1.242259987499883256e-01,1.630000000000000000e+02,2.215606528000000000e+09,3.263569264640000000e+11,2.493974864482879639e-01
3.829000000000000000e+03,3.389000000000000000e+03,8.400726782058939079e+01,1.944406936956339094e-01,7.100000000000000000e+01,8.651307008000000000e+09,6.954382786560000000e+11,3.705672323703765869e-01
2.804000000000000000e+03,3.009000000000000000e+03,5.910231894648366335e+01,1.720052290384453675e-01,3.070000000000000000e+02,6.675375360000000000e+08,1.431183196160000000e+11,7.680681347846984863e-02
3.675000000000000000e+03,2.901000000000000000e+03,5.452006312658494380e+01,1.724137931034482873e-01,1.900000000000000000e+01,2.456189337600000000e+10,1.437959847936000000e+12,4.980907142162322998e-01
3.047000000000000000e+03,3.294000000000000000e+03,5.978101159185901281e+01,1.490711984999859852e-01,2.000000000000000000e+01,3.612656025600000000e+10,1.626098892800000000e+12,1.186937093734741211e-01
2.727000000000000000e+03,1.332000000000000000e+03,3.026062969978474371e+01,1.315334104411640948e-01,1.960000000000000000e+02,1.600720000000000000e+09,2.870359490560000000e+11,1.783280670642852783e-01
2.993000000000000000e+03,2.202000000000000000e+03,1.026505349120144359e+02,6.250000000000000000e-02,2.340000000000000000e+02,3.183621760000000000e+08,2.423084810240000000e+11,3.677742183208465576e-01
1.200000000000000000e+01,1.901000000000000000e+03,9.836648272441128427e+01,1.802775637731994507e-01,6.400000000000000000e+01,5.924396544000000000e+09,5.008560619520000000e+11,2.087332487106323242e+00
1.694000000000000000e+03,1.573000000000000000e+03,9.652907761794396890e+01,2.000000000000000111e-01,1.050000000000000000e+02,3.697087744000000000e+09,4.976978165760000000e+11,1.093283891677856445e+00
2.404000000000000000e+03,2.543000000000000000e+03,4.746602975412013734e+02,1.944406936956339094e-01,4.700000000000000000e+01,8.405513728000000000e+09,7.389578526720000000e+11,2.555680990219116211e+00
2.580000000000000000e+03,2.300000000000000000e+02,7.385034001477590948e+01,1.250000000000000000e-01,2.540000000000000000e+02,3.900685120000000000e+08,2.271090442240000000e+11,3.730879351496696472e-02
3.405000000000000000e+03,2.930000000000000000e+03,5.979017034475060655e+01,1.567630989332169100e-01,6.600000000000000000e+01,1.370071859200000000e+10,7.471679406080000000e+11,1.815132617950439453e+00
4.440000000000000000e+02,2.781000000000000000e+03,1.211200544890808004e+02,1.666666666666666574e-01,4.900000000000000000e+01,7.912558592000000000e+09,8.552816967680000000e+11,8.689212799072265625e-01
7.080000000000000000e+02,2.389000000000000000e+03,7.589730421061881316e+01,7.856742013183862228e-02,1.500000000000000000e+02,1.719264640000000000e+09,3.491925852160000000e+11,3.049979805946350098e-01
3.676000000000000000e+03,1.386000000000000000e+03,6.145184713337634008e+01,1.897658566033678385e-01,1.230000000000000000e+02,4.412191232000000000e+09,4.193991720960000000e+11,3.580733537673950195e-01
1.964000000000000000e+03,2.000000000000000000e+01,6.997264752330265480e+01,7.142857142857142461e-02,2.900000000000000000e+02,3.820103360000000000e+08,1.576455208960000000e+11,1.142183914780616760e-01
2.080000000000000000e+02,1.261000000000000000e+03,1.023812934118367792e+02,1.397542485937368628e-01,2.230000000000000000e+02,3.540148480000000000e+09,2.356820377600000000e+11,2.054082304239273071e-01
3.661000000000000000e+03,3.423000000000000000e+03,4.413251266137944526e+02,1.317615691736824801e-01,5.900000000000000000e+01,1.048679833600000000e+10,7.828546519040000000e+11,5.260182619094848633e-01
2.302000000000000000e+03,1.551000000000000000e+03,8.218948809025333446e+01,1.250000000000000000e-01,2.150000000000000000e+02,1.369988096000000000e+09,2.466562375680000000e+11,1.694831103086471558e-01
3.620000000000000000e+03,3.375000000000000000e+03,5.485896390389018507e+01,1.976423537605237202e-01,2.430000000000000000e+02,1.012105728000000000e+09,2.227059097600000000e+11,1.548350751399993896e-01
2.857000000000000000e+03,3.554000000000000000e+03,2.747155974980586279e+02,1.542115846551579128e-01,1.500000000000000000e+01,2.484295680000000000e+10,1.361350492160000000e+12,1.479203462600708008e+00
2.821000000000000000e+03,2.740000000000000000e+02,6.378826428593659870e+01,1.178511301977579334e-01,3.480000000000000000e+02,6.097633280000000000e+08,1.116363161600000000e+11,1.257665604352951050e-01
1.812000000000000000e+03,2.178000000000000000e+03,4.520604767953242487e+01,5.323971374999499767e-02,1.000000000000000000e+00,6.157198950400000000e+10,4.416137068544000000e+12,4.520943015813827515e-02
3.985000000000000000e+03,2.427000000000000000e+03,1.781194357480632107e+02,1.071428571428571369e-01,2.200000000000000000e+01,3.011985612800000000e+10,1.264861839360000000e+12,0.000000000000000000e+00
2.512000000000000000e+03,1.021000000000000000e+03,8.506985110641488745e+01,0.000000000000000000e+00,5.000000000000000000e+00,3.258369433600000000e+10,1.944343412736000000e+12,3.667835891246795654e-01
3.123000000000000000e+03,3.143000000000000000e+03,3.678685597279256854e+02,1.118033988749894958e-01,1.010000000000000000e+02,6.721974784000000000e+09,4.795139031040000000e+11,4.184983968734741211e-01
3.629000000000000000e+03,3.979000000000000000e+03,2.003231817980873757e+02,1.720052290384453675e-01,2.900000000000000000e+01,1.268129484800000000e+10,1.003939889152000000e+12,2.182029724121093750e+00
1.567000000000000000e+03,2.414000000000000000e+03,1.037121166375750363e+02,1.897658566033678385e-01,7.200000000000000000e+01,1.592594560000000000e+09,3.790919761920000000e+11,9.508023262023925781e-01
2.025000000000000000e+03,3.136000000000000000e+03,1.153145762470008719e+02,1.242259987499883256e-01,1.580000000000000000e+02,3.082649600000000000e+09,3.410867978240000000e+11,3.555988073348999023e-01
3.697000000000000000e+03,1.207000000000000000e+03,7.256762923798227405e+01,1.976423537605237202e-01,1.560000000000000000e+02,1.485463936000000000e+09,2.239134924800000000e+11,2.409477382898330688e-01
1.680000000000000000e+03,2.131000000000000000e+03,8.884095064979689482e+01,1.064794274999899953e-01,9.400000000000000000e+01,3.051343872000000000e+09,5.484187811840000000e+11,4.253889322280883789e-01
3.436000000000000000e+03,1.427000000000000000e+03,1.937849232916960887e+02,7.443229275647869625e-02,1.180000000000000000e+02,3.062268160000000000e+09,4.329599795200000000e+11,4.076516926288604736e-01
3.483000000000000000e+03,2.853000000000000000e+03,1.490186197511939952e+02,1.428571428571428492e-01,8.500000000000000000e+01,3.280976896000000000e+09,5.304367513600000000e+11,3.841274082660675049e-01
3.823000000000000000e+03,3.395000000000000000e+03,3.989998637546407423e+01,1.944406936956339094e-01,7.100000000000000000e+01,8.651307008000000000e+09,6.954382786560000000e+11,3.705672323703765869e-01
3.821000000000000000e+03,3.391000000000000000e+03,7.189764072708361198e+01,1.739130434782608647e-01,7.100000000000000000e+01,8.651307008000000000e+09,6.954382786560000000e+11,3.705672323703765869e-01
2.020000000000000000e+02,8.600000000000000000e+02,4.044589477769603292e+01,1.720052290384453675e-01,2.980000000000000000e+02,4.411450880000000000e+08,1.278965022720000000e+11,4.018817096948623657e-02
3.752000000000000000e+03,1.150000000000000000e+03,4.765306044654400353e+01,1.764705882352941291e-01,2.060000000000000000e+02,1.421491456000000000e+09,2.958128906240000000e+11,2.106096446514129639e-01
6.560000000000000000e+02,3.896000000000000000e+03,5.861986513429150847e+01,1.010152544552210818e-01,2.160000000000000000e+02,3.302373120000000000e+08,1.758905139200000000e+11,1.909164041280746460e-01
1.414000000000000000e+03,2.063000000000000000e+03,1.236863588547446398e+02,9.090909090909091161e-02,3.510000000000000000e+02,1.226646528000000000e+09,8.068518707200000000e+10,4.981650784611701965e-02
1.688000000000000000e+03,1.574000000000000000e+03,2.336397631479184724e+02,1.118033988749894958e-01,1.050000000000000000e+02,3.697087744000000000e+09,4.976978165760000000e+11,1.093283891677856445e+00
2.702000000000000000e+03,2.721000000000000000e+03,7.035256843945745686e+01,8.838834764831844659e-02,2.320000000000000000e+02,8.464028800000000000e+08,2.274351841280000000e+11,2.595289349555969238e-01
1.961000000000000000e+03,2.000000000000000000e+01,8.887202523709103730e+01,1.428571428571428492e-01,2.900000000000000000e+02,3.820103360000000000e+08,1.576455208960000000e+11,1.142183914780616760e-01
6.490000000000000000e+02,1.126000000000000000e+03,6.526377312378747320e+02,0.000000000000000000e+00,2.290000000000000000e+02,1.669234816000000000e+09,2.513650483200000000e+11,7.054258584976196289e-01
1.563000000000000000e+03,1.395000000000000000e+03,3.879413551504079010e+02,4.761904761904761640e-02,9.600000000000000000e+01,1.166735257600000000e+10,5.351949926400000000e+11,1.048883438110351562e+00
3.665000000000000000e+03,3.428000000000000000e+03,1.366470406876663901e+02,1.717960677340691911e-01,5.900000000000000000e+01,1.048679833600000000e+10,7.828546519040000000e+11,5.260182619094848633e-01
3.826000000000000000e+03,3.395000000000000000e+03,4.718596255359690872e+01,1.792654619833765339e-01,7.100000000000000000e+01,8.651307008000000000e+09,6.954382786560000000e+11,3.705672323703765869e-01
2.317000000000000000e+03,2.816000000000000000e+03,1.044075814674040572e+02,6.666666666666666574e-02,2.870000000000000000e+02,6.142096000000000000e+08,1.838728151040000000e+11,7.423418015241622925e-02
2.974000000000000000e+03,1.025000000000000000e+03,4.706161405373458706e+01,1.885618083164126990e-01,2.680000000000000000e+02,3.408276480000000000e+08,1.987310223360000000e+11,1.274035722017288208e-01
1.361000000000000000e+03,7.530000000000000000e+02,9.296673173804830981e+01,1.767766952966368932e-01,2.280000000000000000e+02,7.644033280000000000e+08,2.608238919680000000e+11,1.717759370803833008e-01
3.309000000000000000e+03,1.566000000000000000e+03,4.456220206282282561e+02,1.928473039599674921e-01,7.900000000000000000e+01,9.134831616000000000e+09,5.912709038080000000e+11,6.035826802253723145e-01
2.511000000000000000e+03,1.864000000000000000e+03,7.801378424374584597e+01,1.488645855129573925e-01,1.370000000000000000e+02,4.924700672000000000e+09,4.232317501440000000e+11,1.894956678152084351e-01
3.069000000000000000e+03,3.432000000000000000e+03,8.823696165087912391e+01,1.515228816828315950e-01,2.400000000000000000e+01,2.261052211200000000e+10,1.228229181440000000e+12,2.252333760261535645e-01
3.398000000000000000e+03,3.885000000000000000e+03,1.034286576392980521e+02,1.250000000000000000e-01,2.370000000000000000e+02,1.394494720000000000e+09,2.391590338560000000e+11,2.944625318050384521e-01
2.518000000000000000e+03,1.019000000000000000e+03,7.810816559298446293e+01,1.976423537605237202e-01,5.000000000000000000e+00,3.258369433600000000e+10,1.944343412736000000e+12,3.667835891246795654e-01
2.341000000000000000e+03,1.692000000000000000e+03,1.032272681715611355e+02,8.838834764831844659e-02,2.200000000000000000e+02,5.185255360000000000e+08,2.569455697920000000e+11,7.937531173229217529e-02
3.705000000000000000e+03,1.720000000000000000e+02,4.580053719856701946e+02,1.363636363636363535e-01,7.000000000000000000e+01,8.901328896000000000e+09,6.326715678720000000e+11,1.451230168342590332e+00
3.465000000000000000e+03,4.970000000000000000e+02,6.841656611988703673e+01,9.523809523809523281e-02,8.300000000000000000e+01,3.556626176000000000e+09,5.523520880640000000e+11,9.543594717979431152e-01
4.900000000000000000e+02,8.200000000000000000e+02,1.574883486279341867e+02,1.317615691736824801e-01,4.000000000000000000e+01,6.004965376000000000e+09,7.657200680960000000e+11,9.520892500877380371e-01
3.570000000000000000e+03,1.410000000000000000e+03,1.647397323233833788e+02,1.315334104411640948e-01,1.690000000000000000e+02,1.989236992000000000e+09,3.081782558720000000e+11,2.696634232997894287e-01
8.400000000000000000e+02,4.170000000000000000e+02,1.050057841492720883e+02,9.090909090909091161e-02,7.600000000000000000e+01,8.476939776000000000e+09,6.548592394240000000e+11,5.924999117851257324e-01
2.228000000000000000e+03,3.812000000000000000e+03,5.781000415363796208e+01,8.944271909999158832e-02,4.100000000000000000e+01,1.540933632000000000e+10,9.524732887040000000e+11,2.167505264282226562e+00
1.430000000000000000e+03,1.299000000000000000e+03,1.887111848491759645e+02,1.571348402636772446e-01,1.710000000000000000e+02,2.986639104000000000e+09,3.262996480000000000e+11,2.502601742744445801e-01
9.740000000000000000e+02,2.650000000000000000e+03,2.990548848429406092e+01,1.346870059402947850e-01,9.200000000000000000e+01,2.896953344000000000e+09,5.285608161280000000e+11,8.672224879264831543e-01
3.432000000000000000e+03,1.427000000000000000e+03,8.821500850034968266e+01,1.664356663246515655e-01,1.180000000000000000e+02,3.062268160000000000e+09,4.329599795200000000e+11,4.076516926288604736e-01
1.645000000000000000e+03,3.694000000000000000e+03,1.008718986535748883e+02,1.860163329510811370e-01,2.010000000000000000e+02,1.167361536000000000e+09,2.643181240320000000e+11,2.490766197443008423e-01
1.643000000000000000e+03,3.694000000000000000e+03,8.350004024851159556e+01,1.860163329510811370e-01,2.010000000000000000e+02,1.167361536000000000e+09,2.643181240320000000e+11,2.490766197443008423e-01
2.807000000000000000e+03,3.184000000000000000e+03,9.644515210845227671e+01,1.844626385704036808e-01,6.800000000000000000e+01,8.798078976000000000e+09,7.372794101760000000e+11,1.334026694297790527e+00
3.546000000000000000e+03,2.516000000000000000e+03,1.336331056563074924e+02,7.407407407407406996e-02,2.600000000000000000e+01,1.607904665600000000e+10,1.146904903680000000e+12,3.561056852340698242e+00
6.480000000000000000e+02,1.127000000000000000e+03,3.685664986591996239e+02,8.838834764831844659e-02,2.290000000000000000e+02,1.669234816000000000e+09,2.513650483200000000e+11,7.054258584976196289e-01
1.500000000000000000e+03,1.894000000000000000e+03,9.440588810495513883e+01,1.720052290384453675e-01,4.200000000000000000e+01,1.554715648000000000e+10,1.040514875392000000e+12,1.968401670455932617e+00
3.955000000000000000e+03,2.663000000000000000e+03,1.627454588055227305e+02,1.242259987499883256e-01,1.530000000000000000e+02,1.981627264000000000e+09,3.649454735360000000e+11,1.969299316406250000e-01
2.756000000000000000e+03,2.445000000000000000e+03,1.680586339626195524e+02,1.264911064067351931e-01,4.500000000000000000e+01,9.663973376000000000e+09,9.594038517760000000e+11,1.929919958114624023e+00
1.564000000000000000e+03,1.396000000000000000e+03,8.936330494732932266e+02,4.761904761904761640e-02,9.600000000000000000e+01,1.166735257600000000e+10,5.351949926400000000e+11,1.048883438110351562e+00
2.149000000000000000e+03,3.730000000000000000e+03,1.175743129379042955e+02,1.720052290384453675e-01,3.260000000000000000e+02,8.942238080000000000e+08,1.268130119680000000e+11,1.499052494764328003e-01
1.759000000000000000e+03,1.703000000000000000e+03,1.595390558212185397e+02,1.863389981249824745e-01,1.000000000000000000e+01,8.726153216000000000e+09,7.770129039360000000e+11,6.118690013885498047e+00
3.232000000000000000e+03,2.994000000000000000e+03,7.339928985313414955e+01,1.666666666666666574e-01,1.630000000000000000e+02,2.215606528000000000e+09,3.263569264640000000e+11,2.493974864482879639e-01
2.281000000000000000e+03,3.731000000000000000e+03,8.344754849625525139e+01,1.538461538461538547e-01,3.130000000000000000e+02,3.749838400000000000e+08,1.443974512640000000e+11,6.140996888279914856e-02
4.910000000000000000e+02,8.200000000000000000e+02,1.470048698149722952e+02,1.502313031443328895e-01,4.000000000000000000e+01,6.004965376000000000e+09,7.657200680960000000e+11,9.520892500877380371e-01
3.297000000000000000e+03,2.742000000000000000e+03,7.984319685690449830e+01,1.863389981249824745e-01,2.800000000000000000e+01,1.097422540800000000e+10,7.864553308160000000e+11,1.368543982505798340e+00
2.927000000000000000e+03,3.104000000000000000e+03,2.355446056558319867e+02,1.118033988749894958e-01,6.100000000000000000e+01,4.794040320000000000e+09,4.982126346240000000e+11,1.534123420715332031e+00
1.795000000000000000e+03,1.245000000000000000e+03,4.123232716818807830e+01,1.897658566033678385e-01,1.340000000000000000e+02,4.072726016000000000e+09,3.920445112320000000e+11,1.558072865009307861e-01
1.210000000000000000e+02,3.072000000000000000e+03,1.779574974392062643e+02,8.318903308077030267e-02,1.910000000000000000e+02,1.224226560000000000e+09,2.916619386880000000e+11,2.821713387966156006e-01
3.680000000000000000e+03,2.900000000000000000e+03,4.634298284223227427e+01,7.710579232757895640e-02,1.900000000000000000e+01,2.456189337600000000e+10,1.437959847936000000e+12,4.980907142162322998e-01
1.426000000000000000e+03,1.303000000000000000e+03,1.336619660057273506e+02,1.571348402636772446e-01,1.710000000000000000e+02,2.986639104000000000e+09,3.262996480000000000e+11,2.502601742744445801e-01
3.230000000000000000e+02,5.930000000000000000e+02,7.736371495415565960e+02,1.666666666666666574e-01,1.460000000000000000e+02,1.005128384000000000e+09,3.474091212800000000e+11,3.189797103404998779e-01
1.791000000000000000e+03,7.890000000000000000e+02,1.519164949453153213e+02,1.571348402636772446e-01,1.610000000000000000e+02,2.234117888000000000e+09,3.617741537280000000e+11,1.721291691064834595e-01
2.913000000000000000e+03,1.820000000000000000e+02,3.160230886972785314e+01,1.767766952966368932e-01,2.530000000000000000e+02,6.700957440000000000e+08,2.376157429760000000e+11,1.779581606388092041e-01
2.181000000000000000e+03,2.618000000000000000e+03,1.474692426339479425e+02,1.631784879661263288e-01,3.700000000000000000e+01,1.660199526400000000e+10,1.076348256256000000e+12,2.930980205535888672e+00
1.536000000000000000e+03,3.940000000000000000e+02,4.789048009783471684e+02,9.428090415820634951e-02,2.500000000000000000e+02,5.433228800000000000e+08,2.070696591360000000e+11,1.096710339188575745e-01
3.706000000000000000e+03,1.690000000000000000e+02,5.782264212264498155e+02,1.638886943392722229e-01,7.000000000000000000e+01,8.901328896000000000e+09,6.326715678720000000e+11,1.451230168342590332e+00
3.437000000000000000e+03,1.426000000000000000e+03,8.497967714807596451e+01,1.052631578947368363e-01,1.180000000000000000e+02,3.062268160000000000e+09,4.329599795200000000e+11,4.076516926288604736e-01
2.174000000000000000e+03,1.695000000000000000e+03,6.102449658179528313e+01,1.538461538461538547e-01,3.320000000000000000e+02,3.736707200000000000e+08,1.258811801600000000e+11,4.991431534290313721e-02
4.440000000000000000e+02,2.787000000000000000e+03,9.974368155686043735e+01,8.333333333333332871e-02,4.900000000000000000e+01,7.912558592000000000e+09,8.552816967680000000e+11,8.689212799072265625e-01
3.314000000000000000e+03,3.310000000000000000e+03,5.103625469376450496e+02,5.884389414473131102e-02,2.000000000000000000e+00,2.817368064000000000e+10,3.130425081856000000e+12,8.803648948669433594e+00
5.970000000000000000e+02,2.619000000000000000e+03,4.869196482654371607e+02,1.379310344827586188e-01,1.800000000000000000e+01,1.623037542400000000e+10,1.491725320192000000e+12,5.082186508178710938e+01
3.011000000000000000e+03,8.160000000000000000e+02,7.638716367395143436e+01,1.118033988749894958e-01,1.020000000000000000e+02,1.650304512000000000e+09,4.517831966720000000e+11,2.106188774108886719e+00
2.765000000000000000e+03,3.715000000000000000e+03,9.316630150269111255e+01,1.976423537605237202e-01,1.300000000000000000e+02,1.310106496000000000e+09,2.256550297600000000e+11,1.955752968788146973e-01
6.450000000000000000e+02,1.618000000000000000e+03,1.046086897339180979e+02,9.523809523809523281e-02,1.000000000000000000e+02,7.406679040000000000e+09,5.591275929600000000e+11,7.902584671974182129e-01
2.412000000000000000e+03,1.812000000000000000e+03,4.779802419853211148e+01,2.000000000000000111e-01,1.200000000000000000e+02,7.089619968000000000e+09,4.466879692800000000e+11,7.731604576110839844e-01
3.140000000000000000e+02,1.476000000000000000e+03,1.721512467146434915e+02,6.060606060606060774e-02,8.000000000000000000e+00,5.188821811200000000e+10,2.186460135424000000e+12,5.949957370758056641e-01
8.520000000000000000e+02,2.165000000000000000e+03,1.416936161612474052e+02,1.720052290384453675e-01,3.600000000000000000e+01,2.155912396800000000e+10,1.085298507776000000e+12,2.135843515396118164e+00
7.150000000000000000e+02,1.107000000000000000e+03,1.079802194200771055e+02,1.118033988749894958e-01,9.800000000000000000e+01,2.819220736000000000e+09,4.878998896640000000e+11,1.520815610885620117e+00
2.003000000000000000e+03,3.762000000000000000e+03,1.410501643109986674e+02,1.010152544552210818e-01,2.790000000000000000e+02,1.289723392000000000e+09,1.773356646400000000e+11,1.620518565177917480e-01
3.713000000000000000e+03,1.133000000000000000e+03,4.241078199415221661e+01,2.000000000000000111e-01,9.900000000000000000e+01,4.183457280000000000e+09,4.913350901760000000e+11,5.355432629585266113e-01
1.796000000000000000e+03,1.251000000000000000e+03,1.490652752247028729e+02,1.664356663246515655e-01,1.340000000000000000e+02,4.072726016000000000e+09,3.920445112320000000e+11,1.558072865009307861e-01
1.853000000000000000e+03,2.205000000000000000e+03,1.044188222989696584e+02,6.250000000000000000e-02,2.360000000000000000e+02,3.354562240000000000e+08,2.316895354880000000e+11,6.108527630567550659e-02
2.409000000000000000e+03,1.816000000000000000e+03,2.234336487204737693e+02,1.499999999999999944e-01,1.200000000000000000e+02,7.089619968000000000e+09,4.466879692800000000e+11,7.731604576110839844e-01
1.832000000000000000e+03,1.573000000000000000e+03,2.269728958954194127e+02,1.052631578947368363e-01,1.240000000000000000e+02,2.067857920000000000e+09,3.856891576320000000e+11,3.170086741447448730e-01
2.493000000000000000e+03,2.303000000000000000e+03,1.467595870395908833e+02,8.318903308077030267e-02,1.640000000000000000e+02,1.518295168000000000e+09,3.126754672640000000e+11,2.417435050010681152e-01
1.762000000000000000e+03,1.710000000000000000e+03,2.139035295139675270e+02,1.317615691736824801e-01,1.000000000000000000e+01,8.726153216000000000e+09,7.770129039360000000e+11,6.118690013885498047e+00
3.666000000000000000e+03,3.420000000000000000e+03,1.115817941339503534e+02,1.863389981249824745e-01,5.900000000000000000e+01,1.048679833600000000e+10,7.828546519040000000e+11,5.260182619094848633e-01
3.098000000000000000e+03,3.188000000000000000e+03,1.258576264965015383e+02,2.000000000000000111e-01,1.330000000000000000e+02,1.020962880000000000e+09,1.968133570560000000e+11,3.380988538265228271e-01
2.744000000000000000e+03,2.882000000000000000e+03,3.213722340963246182e+01,1.880952224143645490e-01,1.600000000000000000e+01,3.269567692800000000e+10,1.808104685568000000e+12,0.000000000000000000e+00
3.092000000000000000e+03,3.656000000000000000e+03,4.535644013948792121e+02,1.126734773582496602e-01,1.200000000000000000e+01,3.804662169600000000e+10,1.865792618496000000e+12,1.976391410827636719e+01
3.532000000000000000e+03,2.201000000000000000e+03,4.779677463493235479e+01,7.856742013183862228e-02,1.720000000000000000e+02,2.003181440000000000e+09,3.155775324160000000e+11,2.163498550653457642e-01
7.410000000000000000e+02,1.555000000000000000e+03,1.598572640343790283e+02,1.176470588235294101e-01,2.110000000000000000e+02,1.394828928000000000e+09,2.693257297920000000e+11,2.005274295806884766e-01
4.910000000000000000e+02,8.140000000000000000e+02,1.238161146518455098e+02,1.502313031443328895e-01,4.000000000000000000e+01,6.004965376000000000e+09,7.657200680960000000e+11,9.520892500877380371e-01
6.460000000000000000e+02,1.617000000000000000e+03,4.485422426284510067e+01,1.505846504842085487e-01,1.000000000000000000e+02,7.406679040000000000e+09,5.591275929600000000e+11,7.902584671974182129e-01
2.319000000000000000e+03,2.817000000000000000e+03,5.589958676957494532e+01,9.428090415820634951e-02,2.870000000000000000e+02,6.142096000000000000e+08,1.838728151040000000e+11,7.423418015241622925e-02
6.750000000000000000e+02,2.477000000000000000e+03,8.738740316124500396e+01,1.171213948210510919e-01,2.500000000000000000e+01,1.637902950400000000e+10,1.113396346880000000e+12,1.996217012405395508e+00
1.050000000000000000e+03,2.980000000000000000e+02,7.939400697199751278e+01,1.087856586440842377e-01,2.420000000000000000e+02,3.873505600000000000e+08,1.351133429760000000e+11,5.675405263900756836e-02
2.088000000000000000e+03,3.919000000000000000e+03,3.431546583655325122e+01,1.428571428571428492e-01,3.200000000000000000e+02,5.692832640000000000e+08,1.493490237440000000e+11,7.594580948352813721e-02
2.425000000000000000e+03,4.970000000000000000e+02,5.562924554884506279e+01,1.597191412499849861e-01,3.080000000000000000e+02,3.428415680000000000e+08,1.542646169600000000e+11,6.014233082532882690e-02
1.856000000000000000e+03,9.680000000000000000e+02,7.205058102906384931e+01,1.428571428571428492e-01,2.710000000000000000e+02,4.389726080000000000e+08,1.701917163520000000e+11,1.421170681715011597e-01
3.630000000000000000e+02,1.322000000000000000e+03,8.939318390906686318e+01,1.000000000000000056e-01,0.000000000000000000e+00,6.791713996800000000e+10,3.866329874432000000e+12,5.838018655776977539e-01
1.363000000000000000e+03,1.381000000000000000e+03,9.956660467142361881e+01,1.720052290384453675e-01,2.650000000000000000e+02,3.193371840000000000e+08,1.263931473920000000e+11,1.837457120418548584e-01
2.603000000000000000e+03,8.340000000000000000e+02,9.114797533940786423e+01,1.856953381770518607e-01,1.300000000000000000e+01,2.367379046400000000e+10,1.408263389184000000e+12,6.113696098327636719e+00
2.738000000000000000e+03,2.878000000000000000e+03,6.010559889885254137e+01,4.561979233461597311e-02,1.600000000000000000e+01,3.269567692800000000e+10,1.808104685568000000e+12,0.000000000000000000e+00
4.260000000000000000e+02,1.835000000000000000e+03,8.530386705580096418e+01,1.724137931034482873e-01,4.000000000000000000e+00,2.216379187200000000e+10,1.423872098304000000e+12,1.059899687767028809e+00
1.813000000000000000e+03,2.175000000000000000e+03,4.744532372517847563e+01,2.380952380952380820e-02,1.000000000000000000e+00,6.157198950400000000e+10,4.416137068544000000e+12,4.520943015813827515e-02
2.908000000000000000e+03,1.810000000000000000e+02,8.072200882024269220e+01,1.976423537605237202e-01,2.530000000000000000e+02,6.700957440000000000e+08,2.376157429760000000e+11,1.779581606388092041e-01
2.079000000000000000e+03,2.855000000000000000e+03,1.179173247826157791e+02,1.437398936440172637e-01,4.400000000000000000e+01,9.059347456000000000e+09,6.248648540160000000e+11,4.563073813915252686e-01
1.114000000000000000e+03,8.000000000000000000e+02,2.052211378045342087e+02,1.860163329510811370e-01,1.800000000000000000e+02,2.033409792000000000e+09,2.995316326400000000e+11,4.882094264030456543e-01
3.661000000000000000e+03,3.426000000000000000e+03,1.975817524362934705e+02,1.502313031443328895e-01,5.900000000000000000e+01,1.048679833600000000e+10,7.828546519040000000e+11,5.260182619094848633e-01
1.675000000000000000e+03,2.129000000000000000e+03,8.489438582299953850e+01,1.505846504842085487e-01,9.400000000000000000e+01,3.051343872000000000e+09,5.484187811840000000e+11,4.253889322280883789e-01
2.243000000000000000e+03,2.158000000000000000e+03,8.961449477393664154e+01,1.716929178792375721e-01,9.300000000000000000e+01,7.863947264000000000e+09,5.591975854080000000e+11,8.532271385192871094e-01
2.974000000000000000e+03,1.023000000000000000e+03,1.667281725881944681e+02,1.333333333333333315e-01,2.680000000000000000e+02,3.408276480000000000e+08,1.987310223360000000e+11,1.274035722017288208e-01
2.722000000000000000e+03,1.330000000000000000e+03,4.969826555330473639e+01,1.860163329510811370e-01,1.960000000000000000e+02,1.600720000000000000e+09,2.870359490560000000e+11,1.783280670642852783e-01
2.520000000000000000e+02,1.490000000000000000e+03,1.099936294069105287e+02,7.692307692307692735e-02,3.390000000000000000e+02,1.341770624000000000e+09,1.270213672960000000e+11,1.971114128828048706e-01
2.335000000000000000e+03,2.413000000000000000e+03,1.001415121160662665e+02,1.851851851851851749e-01,7.000000000000000000e+00,2.338970419200000000e+10,1.180404940800000000e+12,3.693187236785888672e+00
2.035000000000000000e+03,1.513000000000000000e+03,1.407332373049813157e+02,1.663780661615406053e-01,1.830000000000000000e+02,3.310277120000000000e+09,3.145353789440000000e+11,3.984389901161193848e-01
2.832000000000000000e+03,3.051000000000000000e+03,1.238776602333547885e+02,1.176877882894626220e-01,1.190000000000000000e+02,9.340194816000000000e+09,4.196479139840000000e+11,5.865185856819152832e-01
4.280000000000000000e+02,3.369000000000000000e+03,3.490192615005653920e+01,1.428571428571428492e-01,3.010000000000000000e+02,5.535228160000000000e+08,1.698646589440000000e+11,4.306596517562866211e-02
1.791000000000000000e+03,7.930000000000000000e+02,1.087017967526769127e+02,1.571348402636772446e-01,1.610000000000000000e+02,2.234117888000000000e+09,3.617741537280000000e+11,1.721291691064834595e-01
1.868000000000000000e+03,1.619000000000000000e+03,5.450207017916656582e+01,1.860163329510811370e-01,2.310000000000000000e+02,1.263542400000000000e+09,2.653549035520000000e+11,1.655300408601760864e-01
2.856000000000000000e+03,3.553000000000000000e+03,7.207897197402589882e+02,1.758282590894063580e-01,1.500000000000000000e+01,2.484295680000000000e+10,1.361350492160000000e+12,1.479203462600708008e+00
2.568000000000000000e+03,1.515000000000000000e+03,3.119354972950994238e+02,8.600261451922268374e-02,3.200000000000000000e+01,1.381409075200000000e+10,1.072877797376000000e+12,2.538702011108398438e+00
2.444000000000000000e+03,1.665000000000000000e+03,1.061688565710156809e+02,1.250000000000000000e-01,2.390000000000000000e+02,1.227665792000000000e+09,2.207238225920000000e+11,1.781434752047061920e-02
1.378000000000000000e+03,1.739000000000000000e+03,5.062426037606017815e+01,1.490711984999859852e-01,2.770000000000000000e+02,9.291714560000000000e+08,1.840636067840000000e+11,4.683445021510124207e-02
8.990000000000000000e+02,1.719000000000000000e+03,7.566661522290633002e+01,1.285648693066450132e-01,3.000000000000000000e+02,1.259877120000000000e+09,7.717212979200000000e+10,0.000000000000000000e+00
2.992000000000000000e+03,3.400000000000000000e+01,1.180492514280442151e+02,1.201850425154663005e-01,1.100000000000000000e+01,3.217836032000000000e+10,1.621931982848000000e+12,9.086136817932128906e-01
2.960000000000000000e+03,3.240000000000000000e+03,1.433708890546945725e+02,5.555555555555555247e-02,1.860000000000000000e+02,2.221791744000000000e+09,3.187015680000000000e+11,4.008580744266510010e-01
6.030000000000000000e+02,2.614000000000000000e+03,1.140678951995765118e+02,1.856953381770518607e-01,1.800000000000000000e+01,1.623037542400000000e+10,1.491725320192000000e+12,5.082186508178710938e+01
2.604000000000000000e+03,8.330000000000000000e+02,8.555042182899161674e+01,1.724137931034482873e-01,1.300000000000000000e+01,2.367379046400000000e+10,1.408263389184000000e+12,6.113696098327636719e+00
3.983000000000000000e+03,2.430000000000000000e+03,3.001164686608908596e+02,7.142857142857142461e-02,2.200000000000000000e+01,3.011985612800000000e+10,1.264861839360000000e+12,0.000000000000000000e+00
1.357000000000000000e+03,7.530000000000000000e+02,7.211128884964486474e+01,1.767766952966368932e-01,2.280000000000000000e+02,7.644033280000000000e+08,2.608238919680000000e+11,1.717759370803833008e-01
1.945000000000000000e+03,1.612000000000000000e+03,4.777332545791070828e+01,1.976423537605237202e-01,2.170000000000000000e+02,8.166224000000000000e+08,2.521198264320000000e+11,1.638118028640747070e-01
6.010000000000000000e+02,1.768000000000000000e+03,8.327740703017975932e+01,1.502313031443328895e-01,2.100000000000000000e+01,9.767414784000000000e+09,7.698031575040000000e+11,1.788983106613159180e+00
1.809000000000000000e+03,2.181000000000000000e+03,4.357458455360845306e+01,1.524553389864963804e-01,1.000000000000000000e+00,6.157198950400000000e+10,4.416137068544000000e+12,4.520943015813827515e-02
4.220000000000000000e+02,1.781000000000000000e+03,8.669035848173578529e+01,1.087856586440842377e-01,2.860000000000000000e+02,3.513638080000000000e+08,1.296971448320000000e+11,2.994026429951190948e-02
3.765000000000000000e+03,1.261000000000000000e+03,1.691008414986745834e+02,1.250000000000000000e-01,5.100000000000000000e+01,1.338212966400000000e+10,8.122256588800000000e+11,2.885771274566650391e+00
3.208000000000000000e+03,1.958000000000000000e+03,1.696032690062439201e+02,1.064794274999899953e-01,9.500000000000000000e+01,6.686404608000000000e+09,5.159017840640000000e+11,9.251435995101928711e-01
3.402000000000000000e+03,2.935000000000000000e+03,6.438464873387273713e+01,9.722034684781695468e-02,6.600000000000000000e+01,1.370071859200000000e+10,7.471679406080000000e+11,1.815132617950439453e+00
2.722000000000000000e+03,1.332000000000000000e+03,5.088734911369255798e+01,1.860163329510811370e-01,1.960000000000000000e+02,1.600720000000000000e+09,2.870359490560000000e+11,1.783280670642852783e-01
1.816000000000000000e+03,2.169000000000000000e+03,2.910972494253722687e+01,1.813279310919978238e-01,1.000000000000000000e+00,6.157198950400000000e+10,4.416137068544000000e+12,4.520943015813827515e-02
1.272000000000000000e+03,3.928000000000000000e+03,1.332490838542767904e+02,1.243293543263444545e-01,1.700000000000000000e+01,3.641467289600000000e+10,1.465478807552000000e+12,4.167245388031005859e+00
1.745000000000000000e+03,2.040000000000000000e+03,5.615513732566809324e+01,7.142857142857142461e-02,3.100000000000000000e+02,3.430820160000000000e+08,1.454713405440000000e+11,4.223517701029777527e-02
3.677000000000000000e+03,2.896000000000000000e+03,1.014559017376734573e+02,9.753196981883414940e-02,1.900000000000000000e+01,2.456189337600000000e+10,1.437959847936000000e+12,4.980907142162322998e-01
3.468000000000000000e+03,1.179000000000000000e+03,7.148619356330935659e+01,1.897658566033678385e-01,1.210000000000000000e+02,1.199321856000000000e+09,3.968022282240000000e+11,5.909001231193542480e-01
2.093000000000000000e+03,1.123000000000000000e+03,7.195401013693498271e+01,1.720052290384453675e-01,3.230000000000000000e+02,4.857498240000000000e+08,1.404550348800000000e+11,9.027890861034393311e-02
2.002000000000000000e+03,3.680000000000000000e+03,2.902066590223827234e+02,1.010152544552210818e-01,2.840000000000000000e+02,9.432234240000000000e+08,1.574320209920000000e+11,2.867662906646728516e-01
3.318000000000000000e+03,3.307000000000000000e+03,1.429252865273253690e+02,1.897658566033678385e-01,2.000000000000000000e+00,2.817368064000000000e+10,3.130425081856000000e+12,8.803648948669433594e+00
3.040000000000000000e+03,3.296000000000000000e+03,7.415928229468202915e+01,1.666666666666666574e-01,2.000000000000000000e+01,3.612656025600000000e+10,1.626098892800000000e+12,1.186937093734741211e-01
4.300000000000000000e+02,3.367000000000000000e+03,1.298462719492096085e+02,1.428571428571428492e-01,3.010000000000000000e+02,5.535228160000000000e+08,1.698646589440000000e+11,4.306596517562866211e-02
3.091000000000000000e+03,3.658000000000000000e+03,1.159105319574122177e+02,1.822172467139156482e-01,1.200000000000000000e+01,3.804662169600000000e+10,1.865792618496000000e+12,1.976391410827636719e+01
2.839000000000000000e+03,1.186000000000000000e+03,6.547375976306240375e+01,1.499999999999999944e-01,1.070000000000000000e+02,1.168193024000000000e+09,4.566383656960000000e+11,3.166985213756561279e-01
2.251000000000000000e+03,1.097000000000000000e+03,3.212354325146560541e+01,1.462979547282511894e-01,3.000000000000000000e+01,2.774474752000000000e+10,1.397942386688000000e+12,0.000000000000000000e+00
2.403000000000000000e+03,1.295000000000000000e+03,7.067070747586733432e+02,2.000000000000000111e-01,9.000000000000000000e+00,3.914225254400000000e+10,1.627581579264000000e+12,2.495837211608886719e+00
3.974000000000000000e+03,2.107000000000000000e+03,4.213633179699569808e+01,1.505846504842085487e-01,8.600000000000000000e+01,5.506938880000000000e+09,5.508653383680000000e+11,3.377498388290405273e-01
2.839000000000000000e+03,1.179000000000000000e+03,3.778841162231986317e+01,2.000000000000000111e-01,1.070000000000000000e+02,1.168193024000000000e+09,4.566383656960000000e+11,3.166985213756561279e-01
1.050000000000000000e+03,2.960000000000000000e+02,8.640909534948170290e+01,1.087856586440842377e-01,2.420000000000000000e+02,3.873505600000000000e+08,1.351133429760000000e+11,5.675405263900756836e-02
3.316000000000000000e+03,3.311000000000000000e+03,3.947302609085227800e+02,1.052631578947368363e-01,2.000000000000000000e+00,2.817368064000000000e+10,3.130425081856000000e+12,8.803648948669433594e+00
3.675000000000000000e+03,2.896000000000000000e+03,5.300299656495999301e+01,1.542115846551579128e-01,1.900000000000000000e+01,2.456189337600000000e+10,1.437959847936000000e+12,4.980907142162322998e-01
2.643000000000000000e+03,2.854000000000000000e+03,1.284551809970351428e+02,1.502313031443328895e-01,5.600000000000000000e+01,1.586118144000000000e+10,7.945620684800000000e+11,1.549731612205505371e+00
3.467000000000000000e+03,4.980000000000000000e+02,5.163728187062297081e+01,1.716929178792375721e-01,8.300000000000000000e+01,3.556626176000000000e+09,5.523520880640000000e+11,9.543594717979431152e-01
3.337000000000000000e+03,7.960000000000000000e+02,1.370060172097190616e+02,1.242259987499883256e-01,1.480000000000000000e+02,1.724786304000000000e+09,3.378457477120000000e+11,3.567959368228912354e-01
2.344000000000000000e+03,2.417000000000000000e+03,1.464558666036209331e+02,1.888525745775105347e-01,7.000000000000000000e+00,2.338970419200000000e+10,1.180404940800000000e+12,3.693187236785888672e+00
1.677000000000000000e+03,2.134000000000000000e+03,8.034511270314548881e+01,1.963383631246505001e-01,9.400000000000000000e+01,3.051343872000000000e+09,5.484187811840000000e+11,4.253889322280883789e-01
2.340000000000000000e+03,1.690000000000000000e+03,1.175378173617811797e+02,1.397542485937368628e-01,2.200000000000000000e+02,5.185255360000000000e+08,2.569455697920000000e+11,7.937531173229217529e-02
1.351000000000000000e+03,1.236000000000000000e+03,7.236259655998809137e+01,1.666666666666666574e-01,3.440000000000000000e+02,5.056151360000000000e+08,1.079730585600000000e+11,0.000000000000000000e+00
3.708000000000000000e+03,1.760000000000000000e+02,3.747683719824366335e+02,1.818181818181818232e-01,7.000000000000000000e+01,8.901328896000000000e+09,6.326715678720000000e+11,1.451230168342590332e+00
9.160000000000000000e+02,3.753000000000000000e+03,2.977047499400842980e+02,5.882352941176470507e-02,2.090000000000000000e+02,1.459193984000000000e+09,2.704549806080000000e+11,3.244192004203796387e-01
2.753000000000000000e+03,2.441000000000000000e+03,1.354228439642977833e+02,2.000000000000000111e-01,4.500000000000000000e+01,9.663973376000000000e+09,9.594038517760000000e+11,1.929919958114624023e+00
5.240000000000000000e+02,2.166000000000000000e+03,1.320101340539732746e+02,1.176877882894626220e-01,8.900000000000000000e+01,6.515340800000000000e+09,4.246592880640000000e+11,1.049532413482666016e+00
1.759000000000000000e+03,1.704000000000000000e+03,1.385814789403248142e+02,1.502313031443328895e-01,1.000000000000000000e+01,8.726153216000000000e+09,7.770129039360000000e+11,6.118690013885498047e+00
9.080000000000000000e+02,3.718000000000000000e+03,1.192212908654824162e+02,1.363636363636363535e-01,8.000000000000000000e+01,6.545251840000000000e+09,5.917509550080000000e+11,2.885195016860961914e+00
7.900000000000000000e+01,3.766000000000000000e+03,2.098926425968476508e+02,5.263157894736841813e-02,1.380000000000000000e+02,3.522424832000000000e+09,3.751791165440000000e+11,4.641978740692138672e-01
2.832000000000000000e+03,3.049000000000000000e+03,6.424042756429732890e+02,1.176877882894626220e-01,1.190000000000000000e+02,9.340194816000000000e+09,4.196479139840000000e+11,5.865185856819152832e-01
1.948000000000000000e+03,1.613000000000000000e+03,5.145713395435394943e+01,1.767766952966368932e-01,2.170000000000000000e+02,8.166224000000000000e+08,2.521198264320000000e+11,1.638118028640747070e-01
3.985000000000000000e+03,2.431000000000000000e+03,3.784056144150310388e+02,3.571428571428571230e-02,2.200000000000000000e+01,3.011985612800000000e+10,1.264861839360000000e+12,0.000000000000000000e+00
3.620000000000000000e+02,1.326000000000000000e+03,7.922203157128177509e+01,1.600781059358212244e-01,0.000000000000000000e+00,6.791713996800000000e+10,3.866329874432000000e+12,5.838018655776977539e-01
2.801000000000000000e+03,3.168000000000000000e+03,6.486143575724365462e+01,1.250000000000000000e-01,2.660000000000000000e+02,7.283575680000000000e+08,2.201929154560000000e+11,6.726475805044174194e-02
3.317000000000000000e+03,3.310000000000000000e+03,1.879445806867268232e+02,1.341847240419153930e-01,2.000000000000000000e+00,2.817368064000000000e+10,3.130425081856000000e+12,8.803648948669433594e+00
2.447000000000000000e+03,5.870000000000000000e+02,1.986746200116051568e+02,1.597191412499849861e-01,3.050000000000000000e+02,6.482513280000000000e+08,1.677845135360000000e+11,6.382576376199722290e-02
3.542000000000000000e+03,2.516000000000000000e+03,1.493689021401680748e+02,1.656346649999844434e-01,2.600000000000000000e+01,1.607904665600000000e+10,1.146904903680000000e+12,3.561056852340698242e+00
3.015000000000000000e+03,8.140000000000000000e+02,6.195941149225358657e+01,1.802775637731994507e-01,1.020000000000000000e+02,1.650304512000000000e+09,4.517831966720000000e+11,2.106188774108886719e+00
2.929000000000000000e+03,3.106000000000000000e+03,9.809542557242144767e+02,5.000000000000000278e-02,6.100000000000000000e+01,4.794040320000000000e+09,4.982126346240000000e+11,1.534123420715332031e+00
3.395000000000000000e+03,1.758000000000000000e+03,9.428100700017846236e+01,8.318903308077030267e-02,2.050000000000000000e+02,1.662369152000000000e+09,2.801193123840000000e+11,1.934467852115631104e-01
2.721000000000000000e+03,1.494000000000000000e+03,5.729353596185764275e+01,1.585809856006792640e-01,3.500000000000000000e+01,2.962417459200000000e+10,9.809144053760000000e+11,6.172360420227050781e+00
2.249000000000000000e+03,2.155000000000000000e+03,5.763605669998901249e+01,1.904761904761904656e-01,9.300000000000000000e+01,7.863947264000000000e+09,5.591975854080000000e+11,8.532271385192871094e-01
3.520000000000000000e+02,2.370000000000000000e+02,6.379016456092141141e+01,8.333333333333332871e-02,3.540000000000000000e+02,4.699202560000000000e+08,9.459950387200000000e+10,2.889592386782169342e-02
1.302000000000000000e+03,2.022000000000000000e+03,1.292448126048836627e+02,1.923076923076923184e-01,3.800000000000000000e+01,1.030433177600000000e+10,9.779833077760000000e+11,7.185483574867248535e-01
2.949000000000000000e+03,3.580000000000000000e+02,1.261153187499718911e+02,1.333333333333333315e-01,2.690000000000000000e+02,5.385856640000000000e+08,2.082065776640000000e+11,1.056062951683998108e-01
2.174000000000000000e+03,2.619000000000000000e+03,1.875452552564728990e+02,1.720052290384453675e-01,3.700000000000000000e+01,1.660199526400000000e+10,1.076348256256000000e+12,2.930980205535888672e+00
7.980000000000000000e+02,1.658000000000000000e+03,2.081082713383559053e+02,1.490711984999859852e-01,2.700000000000000000e+02,6.247793920000000000e+08,2.094178795520000000e+11,5.558474734425544739e-02
2.477000000000000000e+03,0.000000000000000000e+00,9.329724640057138174e+01,1.860163329510811370e-01,2.070000000000000000e+02,1.062890048000000000e+09,2.742956195840000000e+11,2.239271402359008789e-01
1.691000000000000000e+03,1.574000000000000000e+03,9.964501181150855302e+01,7.071067811865475172e-02,1.050000000000000000e+02,3.697087744000000000e+09,4.976978165760000000e+11,1.093283891677856445e+00
1.728000000000000000e+03,2.702000000000000000e+03,8.157443435643718033e+01,1.597191412499849861e-01,3.160000000000000000e+02,4.275064960000000000e+08,1.588974551040000000e+11,1.222106888890266418e-01
3.579000000000000000e+03,3.409000000000000000e+03,1.370773003111150672e+02,1.118033988749894958e-01,1.220000000000000000e+02,4.187620096000000000e+09,4.638568939520000000e+11,5.724893808364868164e-01
1.625000000000000000e+03,5.900000000000000000e+01,7.241569223757365137e+01,1.897658566033678385e-01,1.270000000000000000e+02,3.045517312000000000e+09,4.335536701440000000e+11,6.563200950622558594e-01
3.093000000000000000e+03,3.659000000000000000e+03,1.528170767747164973e+02,1.900863290718193543e-01,1.200000000000000000e+01,3.804662169600000000e+10,1.865792618496000000e+12,1.976391410827636719e+01
3.650000000000000000e+02,1.320000000000000000e+03,6.764704447980651594e+02,7.071067811865475172e-02,0.000000000000000000e+00,6.791713996800000000e+10,3.866329874432000000e+12,5.838018655776977539e-01
3.502000000000000000e+03,3.201000000000000000e+03,9.406391802740765229e+01,9.722034684781695468e-02,5.200000000000000000e+01,9.552431104000000000e+09,7.089194926080000000e+11,3.984834671020507812e+00
3.040000000000000000e+02,2.091000000000000000e+03,8.586728140681042021e+01,1.397542485937368628e-01,2.570000000000000000e+02,7.093384960000000000e+08,2.261990277120000000e+11,7.845331728458404541e-02
6.150000000000000000e+02,3.751000000000000000e+03,1.989717669033607592e+02,6.896551724137930939e-02,1.400000000000000000e+01,4.285676339200000000e+10,1.507835248640000000e+12,3.455087184906005859e+00
3.027000000000000000e+03,3.231000000000000000e+03,6.105303316707535544e+01,1.250000000000000000e-01,1.970000000000000000e+02,1.376791424000000000e+09,2.338413936640000000e+11,1.094494313001632690e-01
1.800000000000000000e+03,1.249000000000000000e+03,5.310857595718874791e+01,1.664356663246515655e-01,1.340000000000000000e+02,4.072726016000000000e+09,3.920445112320000000e+11,1.558072865009307861e-01
7.170000000000000000e+02,1.107000000000000000e+03,5.169871235710194668e+01,1.118033988749894958e-01,9.800000000000000000e+01,2.819220736000000000e+09,4.878998896640000000e+11,1.520815610885620117e+00
3.964000000000000000e+03,3.601000000000000000e+03,9.248171857248900096e+01,1.118033988749894958e-01,1.110000000000000000e+02,7.458587648000000000e+09,4.460573818880000000e+11,7.694523334503173828e-01
3.025000000000000000e+03,3.228000000000000000e+03,1.463353382033438379e+02,1.397542485937368628e-01,1.970000000000000000e+02,1.376791424000000000e+09,2.338413936640000000e+11,1.094494313001632690e-01
6.480000000000000000e+02,1.618000000000000000e+03,5.118752358590494111e+01,1.716929178792375721e-01,1.000000000000000000e+02,7.406679040000000000e+09,5.591275929600000000e+11,7.902584671974182129e-01
3.322000000000000000e+03,1.077000000000000000e+03,9.446085798447631987e+01,1.928473039599674921e-01,6.500000000000000000e+01,5.798317568000000000e+09,6.672032727040000000e+11,1.531720995903015137e+00
2.340000000000000000e+03,2.617000000000000000e+03,2.545424711575795129e+02,4.545454545454545581e-02,7.500000000000000000e+01,6.909923840000000000e+09,6.275906273280000000e+11,1.387628793716430664e+00
3.910000000000000000e+02,7.910000000000000000e+02,1.074724067158525287e+02,1.317615691736824801e-01,5.000000000000000000e+01,7.061435904000000000e+09,8.643143270400000000e+11,2.096730947494506836e+00
3.650000000000000000e+02,1.317000000000000000e+03,8.636832773515044437e+01,1.346291201783625935e-01,0.000000000000000000e+00,6.791713996800000000e+10,3.866329874432000000e+12,5.838018655776977539e-01
3.217000000000000000e+03,3.810000000000000000e+03,1.196083847819313775e+02,1.851851851851851749e-01,2.700000000000000000e+01,1.486072934400000000e+10,1.127825801216000000e+12,1.289787650108337402e+00
6.490000000000000000e+02,1.620000000000000000e+03,1.176150999473780843e+02,1.904761904761904656e-01,1.000000000000000000e+02,7.406679040000000000e+09,5.591275929600000000e+11,7.902584671974182129e-01
2.648000000000000000e+03,2.860000000000000000e+03,1.074915445086628836e+02,1.767766952966368654e-01,5.600000000000000000e+01,1.586118144000000000e+10,7.945620684800000000e+11,1.549731612205505371e+00
1.828000000000000000e+03,1.575000000000000000e+03,6.976674843163658579e+01,1.488645855129573925e-01,1.240000000000000000e+02,2.067857920000000000e+09,3.856891576320000000e+11,3.170086741447448730e-01
3.063000000000000000e+03,3.176000000000000000e+03,6.362042023062590346e+01,1.571348402636772446e-01,1.680000000000000000e+02,3.636534272000000000e+09,3.537638850560000000e+11,6.650319099426269531e-01
1.550000000000000000e+02,1.417000000000000000e+03,2.307175799570117363e+02,1.664356663246515655e-01,1.250000000000000000e+02,3.360155648000000000e+09,3.882590535680000000e+11,6.173577904701232910e-01
3.463000000000000000e+03,4.960000000000000000e+02,2.030783573187464128e+02,1.064794274999899953e-01,8.300000000000000000e+01,3.556626176000000000e+09,5.523520880640000000e+11,9.543594717979431152e-01
2.408000000000000000e+03,1.292000000000000000e+03,2.195354657366926858e+02,1.054092553389459896e-01,9.000000000000000000e+00,3.914225254400000000e+10,1.627581579264000000e+12,2.495837211608886719e+00
3.040000000000000000e+03,3.291000000000000000e+03,6.203635714429005787e+01,1.054092553389459896e-01,2.000000000000000000e+01,3.612656025600000000e+10,1.626098892800000000e+12,1.186937093734741211e-01
7.300000000000000000e+01,1.307000000000000000e+03,1.957054462584045211e+02,1.016394535227177209e-01,4.600000000000000000e+01,1.408726425600000000e+10,6.551540858880000000e+11,1.282244086265563965e+00
7.190000000000000000e+02,1.107000000000000000e+03,3.529397157333264801e+01,1.802775637731994507e-01,9.800000000000000000e+01,2.819220736000000000e+09,4.878998896640000000e+11,1.520815610885620117e+00
2.738000000000000000e+03,2.883000000000000000e+03,3.762151152661563458e+01,1.330034072779890386e-01,1.600000000000000000e+01,3.269567692800000000e+10,1.808104685568000000e+12,0.000000000000000000e+00
1.000000000000000000e+00,1.526000000000000000e+03,7.186230414657865140e+01,1.010152544552210818e-01,2.930000000000000000e+02,6.020165120000000000e+08,1.717980856320000000e+11,2.268046140670776367e-01
6.170000000000000000e+02,3.754000000000000000e+03,2.369396759004531532e+02,1.724137931034482873e-01,1.400000000000000000e+01,4.285676339200000000e+10,1.507835248640000000e+12,3.455087184906005859e+00
3.604000000000000000e+03,3.028000000000000000e+03,1.988804613890634698e+02,7.071067811865475172e-02,9.000000000000000000e+01,1.856924032000000000e+09,4.570356121600000000e+11,5.995895862579345703e-01
2.179000000000000000e+03,2.623000000000000000e+03,8.514712767745285191e+02,8.600261451922268374e-02,3.700000000000000000e+01,1.660199526400000000e+10,1.076348256256000000e+12,2.930980205535888672e+00
1.740000000000000000e+02,2.143000000000000000e+03,5.946846695181952924e+01,1.885618083164126990e-01,2.800000000000000000e+02,7.535530880000000000e+08,1.993198469120000000e+11,6.548240035772323608e-02
3.469000000000000000e+03,4.960000000000000000e+02,1.064107248468088471e+02,1.963383631246505001e-01,8.300000000000000000e+01,3.556626176000000000e+09,5.523520880640000000e+11,9.543594717979431152e-01
3.821000000000000000e+03,3.393000000000000000e+03,4.871556663669073117e+01,1.944406936956339094e-01,7.100000000000000000e+01,8.651307008000000000e+09,6.954382786560000000e+11,3.705672323703765869e-01
2.182000000000000000e+03,2.623000000000000000e+03,9.377860591941642099e+01,1.720052290384453675e-01,3.700000000000000000e+01,1.660199526400000000e+10,1.076348256256000000e+12,2.930980205535888672e+00
2.978000000000000000e+03,1.024000000000000000e+03,3.644405197572538668e+01,1.490711984999859852e-01,2.680000000000000000e+02,3.408276480000000000e+08,1.987310223360000000e+11,1.274035722017288208e-01
1.855000000000000000e+03,6.440000000000000000e+02,2.169484215974299843e+02,1.346870059402947850e-01,8.400000000000000000e+01,7.238528512000000000e+09,5.277208739840000000e+11,1.416770100593566895e+00
3.302000000000000000e+03,2.748000000000000000e+03,9.133173015545357032e+01,1.502313031443328895e-01,2.800000000000000000e+01,1.097422540800000000e+10,7.864553308160000000e+11,1.368543982505798340e+00
1.812000000000000000e+03,2.184000000000000000e+03,3.366058275376784792e+01,1.919585178166321182e-01,1.000000000000000000e+00,6.157198950400000000e+10,4.416137068544000000e+12,4.520943015813827515e-02
2.111000000000000000e+03,2.901000000000000000e+03,9.254207386907145860e+01,1.764705882352941291e-01,1.760000000000000000e+02,4.542482944000000000e+09,2.715383070720000000e+11,7.511537075042724609e-01
1.593000000000000000e+03,2.529000000000000000e+03,8.263649035321199676e+01,5.555555555555555247e-02,1.740000000000000000e+02,3.833967872000000000e+09,3.328998113280000000e+11,5.388898253440856934e-01
3.404000000000000000e+03,2.936000000000000000e+03,6.205697054841928662e+01,1.374903330507991073e-01,6.600000000000000000e+01,1.370071859200000000e+10,7.471679406080000000e+11,1.815132617950439453e+00
3.765000000000000000e+03,1.263000000000000000e+03,5.592650967752019397e+01,1.502313031443328895e-01,5.100000000000000000e+01,1.338212966400000000e+10,8.122256588800000000e+11,2.885771274566650391e+00
1.797000000000000000e+03,1.245000000000000000e+03,1.241073031092699068e+02,1.578947368421052544e-01,1.340000000000000000e+02,4.072726016000000000e+09,3.920445112320000000e+11,1.558072865009307861e-01
2.394000000000000000e+03,9.100000000000000000e+02,1.967388638664161249e+01,1.976423537605237202e-01,1.980000000000000000e+02,1.700113280000000000e+09,2.217990389760000000e+11,1.600320488214492798e-01
1.610000000000000000e+02,1.415000000000000000e+03,5.589171503487556691e+01,1.664356663246515655e-01,1.250000000000000000e+02,3.360155648000000000e+09,3.882590535680000000e+11,6.173577904701232910e-01
8.530000000000000000e+02,2.172000000000000000e+03,7.151419372618379100e+01,1.631784879661263288e-01,3.600000000000000000e+01,2.155912396800000000e+10,1.085298507776000000e+12,2.135843515396118164e+00
2.403000000000000000e+03,2.542000000000000000e+03,2.118738399928710123e+02,1.374903330507991073e-01,4.700000000000000000e+01,8.405513728000000000e+09,7.389578526720000000e+11,2.555680990219116211e+00
6.040000000000000000e+02,1.769000000000000000e+03,1.311481584037586856e+02,1.250000000000000000e-01,2.100000000000000000e+01,9.767414784000000000e+09,7.698031575040000000e+11,1.788983106613159180e+00
2.740000000000000000e+03,2.883000000000000000e+03,3.147859448087033485e+01,1.330034072779890386e-01,1.600000000000000000e+01,3.269567692800000000e+10,1.808104685568000000e+12,0.000000000000000000e+00
7.850000000000000000e+02,1.505000000000000000e+03,1.365893776643575848e+02,5.882352941176470507e-02,2.250000000000000000e+02,2.712698368000000000e+09,2.835158794240000000e+11,8.608257025480270386e-02
2.133000000000000000e+03,3.750000000000000000e+02,7.575402302011237055e+01,1.250000000000000000e-01,2.380000000000000000e+02,6.961411200000000000e+08,2.244707778560000000e+11,8.804488927125930786e-02
2.340000000000000000e+03,2.413000000000000000e+03,2.008611039070090101e+02,1.171213948210510919e-01,7.000000000000000000e+00,2.338970419200000000e+10,1.180404940800000000e+12,3.693187236785888672e+00
1.193000000000000000e+03,8.760000000000000000e+02,1.830563028240731853e+02,1.490711984999859852e-01,2.590000000000000000e+02,7.167869440000000000e+08,1.949175971840000000e+11,1.137149333953857422e-01
1.856000000000000000e+03,9.710000000000000000e+02,1.111144088121109235e+02,7.142857142857142461e-02,2.710000000000000000e+02,4.389726080000000000e+08,1.701917163520000000e+11,1.421170681715011597e-01
1.449000000000000000e+03,2.906000000000000000e+03,2.529449373831068613e+02,1.397542485937368628e-01,1.920000000000000000e+02,9.463041920000000000e+08,2.607394979840000000e+11,1.711194664239883423e-01
2.302000000000000000e+03,1.552000000000000000e+03,1.385368623417078311e+02,6.250000000000000000e-02,2.150000000000000000e+02,1.369988096000000000e+09,2.466562375680000000e+11,1.694831103086471558e-01
9.160000000000000000e+02,4.640000000000000000e+02,2.602724999488435174e+02,8.600261451922268374e-02,6.000000000000000000e+00,1.650314547200000000e+10,1.067573116928000000e+12,3.699832201004028320e+00
3.333000000000000000e+03,7.980000000000000000e+02,1.540156765240558912e+02,1.242259987499883256e-01,1.480000000000000000e+02,1.724786304000000000e+09,3.378457477120000000e+11,3.567959368228912354e-01
3.080000000000000000e+02,2.089000000000000000e+03,1.183480774780157390e+02,1.397542485937368628e-01,2.570000000000000000e+02,7.093384960000000000e+08,2.261990277120000000e+11,7.845331728458404541e-02
2.859000000000000000e+03,3.553000000000000000e+03,8.701257155317555316e+02,7.710579232757895640e-02,1.500000000000000000e+01,2.484295680000000000e+10,1.361350492160000000e+12,1.479203462600708008e+00
2.512000000000000000e+03,2.640000000000000000e+03,1.282348132179399158e+02,1.597191412499849861e-01,2.890000000000000000e+02,5.283338560000000000e+08,1.709418905600000000e+11,7.025370001792907715e-02
2.992000000000000000e+03,2.900000000000000000e+01,9.507491288754094683e+01,1.414213562373095034e-01,1.100000000000000000e+01,3.217836032000000000e+10,1.621931982848000000e+12,9.086136817932128906e-01
3.695000000000000000e+03,1.211000000000000000e+03,1.305144445515082623e+02,8.838834764831844659e-02,1.560000000000000000e+02,1.485463936000000000e+09,2.239134924800000000e+11,2.409477382898330688e-01
7.500000000000000000e+01,1.306000000000000000e+03,6.515108495238038699e+01,1.818181818181818232e-01,4.600000000000000000e+01,1.408726425600000000e+10,6.551540858880000000e+11,1.282244086265563965e+00
3.030000000000000000e+03,1.428000000000000000e+03,1.100311605801627195e+02,1.885618083164126990e-01,2.120000000000000000e+02,5.134139840000000000e+08,2.073886720000000000e+11,7.339200377464294434e-02
1.793000000000000000e+03,7.900000000000000000e+02,5.156950052387086316e+02,5.555555555555555247e-02,1.610000000000000000e+02,2.234117888000000000e+09,3.617741537280000000e+11,1.721291691064834595e-01
3.815000000000000000e+03,6.080000000000000000e+02,2.628050571806986113e+01,1.875000000000000000e-01,2.470000000000000000e+02,4.030098240000000000e+08,2.363661844480000000e+11,5.728396400809288025e-02
2.604000000000000000e+03,8.270000000000000000e+02,1.966439447234162969e+02,1.243293543263444545e-01,1.300000000000000000e+01,2.367379046400000000e+10,1.408263389184000000e+12,6.113696098327636719e+00
8.460000000000000000e+02,2.166000000000000000e+03,5.223648303480423039e+01,1.923076923076923184e-01,3.600000000000000000e+01,2.155912396800000000e+10,1.085298507776000000e+12,2.135843515396118164e+00
2.340000000000000000e+03,1.693000000000000000e+03,4.819386857666417256e+01,1.767766952966368932e-01,2.200000000000000000e+02,5.185255360000000000e+08,2.569455697920000000e+11,7.937531173229217529e-02
3.695000000000000000e+03,1.213000000000000000e+03,7.381191477798088840e+01,1.976423537605237202e-01,1.560000000000000000e+02,1.485463936000000000e+09,2.239134924800000000e+11,2.409477382898330688e-01
2.753000000000000000e+03,2.449000000000000000e+03,4.313115413304441859e+02,1.199999999999999956e-01,4.500000000000000000e+01,9.663973376000000000e+09,9.594038517760000000e+11,1.929919958114624023e+00
2.237000000000000000e+03,1.350000000000000000e+03,3.592363599709869959e+02,1.437398936440172637e-01,6.300000000000000000e+01,5.047442432000000000e+09,6.099794657280000000e+11,2.344955205917358398e+00
2.070000000000000000e+03,3.864000000000000000e+03,4.994552228845993369e+01,1.581138830084189706e-01,1.090000000000000000e+02,5.754290176000000000e+09,4.677676892160000000e+11,8.300584554672241211e-01
1.864000000000000000e+03,3.059000000000000000e+03,1.530242059611744594e+02,7.856742013183862228e-02,1.360000000000000000e+02,3.717910016000000000e+09,3.234228469760000000e+11,9.218970537185668945e-01
2.460000000000000000e+02,2.971000000000000000e+03,6.886505891506374155e+01,1.111111111111111049e-01,1.670000000000000000e+02,4.070727936000000000e+09,3.505171988480000000e+11,1.216749101877212524e-01
1.904000000000000000e+03,1.460000000000000000e+03,8.298607115841558368e+01,1.885618083164126990e-01,2.760000000000000000e+02,9.284546560000000000e+08,2.004269629440000000e+11,2.256767898797988892e-01
1.660000000000000000e+02,3.244000000000000000e+03,1.516907892853159865e+02,1.250000000000000000e-01,1.780000000000000000e+02,4.079923200000000000e+08,2.321770741760000000e+11,9.790688753128051758e-02
2.248000000000000000e+03,1.090000000000000000e+03,4.347126206713790708e+01,1.379310344827586188e-01,3.000000000000000000e+01,2.774474752000000000e+10,1.397942386688000000e+12,0.000000000000000000e+00
3.122000000000000000e+03,3.147000000000000000e+03,1.140336820293553757e+02,1.414213562373095034e-01,1.010000000000000000e+02,6.721974784000000000e+09,4.795139031040000000e+11,4.184983968734741211e-01
1.676000000000000000e+03,2.130000000000000000e+03,3.337663648129773719e+02,9.523809523809523281e-02,9.400000000000000000e+01,3.051343872000000000e+09,5.484187811840000000e+11,4.253889322280883789e-01
3.060000000000000000e+03,1.583000000000000000e+03,5.216860402962051069e+01,1.597191412499849861e-01,3.170000000000000000e+02,5.427262080000000000e+08,1.611926405120000000e+11,5.585111305117607117e-02
1.270000000000000000e+03,3.921000000000000000e+03,1.999386910874867453e+02,1.758282590894063580e-01,1.700000000000000000e+01,3.641467289600000000e+10,1.465478807552000000e+12,4.167245388031005859e+00
1.553000000000000000e+03,3.185000000000000000e+03,4.836609893064301247e+01,1.720052290384453675e-01,3.460000000000000000e+02,3.621963840000000000e+08,1.311142952960000000e+11,6.944186519831418991e-03
2.813000000000000000e+03,3.445000000000000000e+03,3.190619667906661761e+01,1.490711984999859852e-01,2.730000000000000000e+02,8.704693120000000000e+08,1.966705213440000000e+11,1.740351915359497070e-01
1.198000000000000000e+03,1.460000000000000000e+03,6.665752732966102201e+01,1.538461538461538547e-01,3.360000000000000000e+02,3.446819840000000000e+08,1.372557148160000000e+11,1.001515835523605347e-01
2.059000000000000000e+03,3.476000000000000000e+03,1.105603879213711309e+02,1.010152544552210818e-01,3.210000000000000000e+02,3.263087360000000000e+08,1.642263674880000000e+11,2.090809307992458344e-02
8.970000000000000000e+02,2.559000000000000000e+03,5.434004438959260597e+01,1.767766952966368932e-01,2.510000000000000000e+02,9.487840640000000000e+08,2.391114219520000000e+11,1.013396605849266052e-01
2.742000000000000000e+03,2.884000000000000000e+03,3.014452778668695743e+01,1.880952224143645490e-01,1.600000000000000000e+01,3.269567692800000000e+10,1.808104685568000000e+12,0.000000000000000000e+00
2.718000000000000000e+03,1.498000000000000000e+03,4.553808786459375710e+02,7.692307692307692735e-02,3.500000000000000000e+01,2.962417459200000000e+10,9.809144053760000000e+11,6.172360420227050781e+00
1.327000000000000000e+03,1.618000000000000000e+03,7.347913308840782065e+01,1.860163329510811370e-01,1.820000000000000000e+02,1.194767488000000000e+09,2.648773918720000000e+11,2.541265189647674561e-01
3.125000000000000000e+03,3.144000000000000000e+03,2.618826046252122524e+02,7.071067811865475172e-02,1.010000000000000000e+02,6.721974784000000000e+09,4.795139031040000000e+11,4.184983968734741211e-01
2.507000000000000000e+03,1.024000000000000000e+03,8.251827767350262377e+01,1.822172467139156482e-01,5.000000000000000000e+00,3.258369433600000000e+10,1.944343412736000000e+12,3.667835891246795654e-01
3.791000000000000000e+03,2.654000000000000000e+03,1.362249951812573272e+02,8.838834764831844659e-02,2.140000000000000000e+02,1.069744256000000000e+09,2.377314959360000000e+11,2.512958347797393799e-01
3.520000000000000000e+02,2.380000000000000000e+02,4.241379517906933216e+01,1.666666666666666574e-01,3.540000000000000000e+02,4.699202560000000000e+08,9.459950387200000000e+10,2.889592386782169342e-02
1.502000000000000000e+03,1.894000000000000000e+03,5.867549845920871121e+01,1.538461538461538547e-01,4.200000000000000000e+01,1.554715648000000000e+10,1.040514875392000000e+12,1.968401670455932617e+00
3.760000000000000000e+03,1.264000000000000000e+03,7.617045795954761900e+01,1.502313031443328895e-01,5.100000000000000000e+01,1.338212966400000000e+10,8.122256588800000000e+11,2.885771274566650391e+00
1.811000000000000000e+03,2.176000000000000000e+03,5.101370703842236765e+01,4.761904761904761640e-02,1.000000000000000000e+00,6.157198950400000000e+10,4.416137068544000000e+12,4.520943015813827515e-02
1.357000000000000000e+03,1.267000000000000000e+03,2.475000650237295474e+02,5.000000000000000278e-02,5.300000000000000000e+01,1.107378278400000000e+10,4.555449630720000000e+11,8.392343521118164062e-01
3.060000000000000000e+02,2.089000000000000000e+03,1.493548954721929078e+02,6.250000000000000000e-02,2.570000000000000000e+02,7.093384960000000000e+08,2.261990277120000000e+11,7.845331728458404541e-02
5.430000000000000000e+02,2.469000000000000000e+03,1.577388968697032965e+02,1.875000000000000000e-01,1.350000000000000000e+02,1.476633216000000000e+09,2.523343421440000000e+11,1.282015740871429443e-01
6.040000000000000000e+02,2.623000000000000000e+03,4.771595661973661322e+02,1.724137931034482873e-01,1.800000000000000000e+01,1.623037542400000000e+10,1.491725320192000000e+12,5.082186508178710938e+01
3.977000000000000000e+03,2.102000000000000000e+03,2.602074492692736953e+02,1.346870059402947850e-01,8.600000000000000000e+01,5.506938880000000000e+09,5.508653383680000000e+11,3.377498388290405273e-01
1.268000000000000000e+03,3.929000000000000000e+03,3.917723549629527042e+02,1.090440572471854941e-01,1.700000000000000000e+01,3.641467289600000000e+10,1.465478807552000000e+12,4.167245388031005859e+00
3.978000000000000000e+03,2.106000000000000000e+03,5.073599587408015310e+01,1.716929178792375721e-01,8.600000000000000000e+01,5.506938880000000000e+09,5.508653383680000000e+11,3.377498388290405273e-01
2.511000000000000000e+03,2.536000000000000000e+03,1.095855353721738936e+02,4.545454545454545581e-02,7.800000000000000000e+01,5.457160704000000000e+09,5.865217720320000000e+11,1.891067266464233398e+00
3.680000000000000000e+03,1.384000000000000000e+03,8.877825724632808146e+01,1.176877882894626220e-01,1.230000000000000000e+02,4.412191232000000000e+09,4.193991720960000000e+11,3.580733537673950195e-01
3.962000000000000000e+03,3.600000000000000000e+03,9.572102963300595491e+01,2.000000000000000111e-01,1.110000000000000000e+02,7.458587648000000000e+09,4.460573818880000000e+11,7.694523334503173828e-01
8.390000000000000000e+02,4.140000000000000000e+02,9.614910857854712845e+01,1.437398936440172637e-01,7.600000000000000000e+01,8.476939776000000000e+09,6.548592394240000000e+11,5.924999117851257324e-01
2.569000000000000000e+03,1.514000000000000000e+03,2.538827494657471675e+02,8.600261451922268374e-02,3.200000000000000000e+01,1.381409075200000000e+10,1.072877797376000000e+12,2.538702011108398438e+00
1.792000000000000000e+03,7.910000000000000000e+02,4.237674211961925721e+02,5.555555555555555247e-02,1.610000000000000000e+02,2.234117888000000000e+09,3.617741537280000000e+11,1.721291691064834595e-01
1.574000000000000000e+03,2.113000000000000000e+03,2.723219896611648210e+02,1.304347826086956486e-01,5.500000000000000000e+01,2.193723596800000000e+10,7.420609822720000000e+11,5.831490755081176758e-01
1.833000000000000000e+03,1.574000000000000000e+03,7.645318777980314451e+01,1.664356663246515655e-01,1.240000000000000000e+02,2.067857920000000000e+09,3.856891576320000000e+11,3.170086741447448730e-01
2.750000000000000000e+03,2.442000000000000000e+03,1.696918548128394946e+02,2.000000000000000111e-01,4.500000000000000000e+01,9.663973376000000000e+09,9.594038517760000000e+11,1.929919958114624023e+00
2.959000000000000000e+03,3.238000000000000000e+03,1.091464867411319375e+02,7.856742013183862228e-02,1.860000000000000000e+02,2.221791744000000000e+09,3.187015680000000000e+11,4.008580744266510010e-01
4.410000000000000000e+02,2.787000000000000000e+03,1.074335024228792435e+02,1.502313031443328895e-01,4.900000000000000000e+01,7.912558592000000000e+09,8.552816967680000000e+11,8.689212799072265625e-01
1.679000000000000000e+03,2.132000000000000000e+03,1.124372202783977599e+02,1.064794274999899953e-01,9.400000000000000000e+01,3.051343872000000000e+09,5.484187811840000000e+11,4.253889322280883789e-01
2.135000000000000000e+03,3.790000000000000000e+02,2.337759271008874506e+01,1.767766952966368932e-01,2.380000000000000000e+02,6.961411200000000000e+08,2.244707778560000000e+11,8.804488927125930786e-02
1.798000000000000000e+03,1.247000000000000000e+03,1.829595633246948410e+02,7.443229275647869625e-02,1.340000000000000000e+02,4.072726016000000000e+09,3.920445112320000000e+11,1.558072865009307861e-01
1.811000000000000000e+03,2.178000000000000000e+03,4.449069454578409477e+01,6.734350297014739251e-02,1.000000000000000000e+00,6.157198950400000000e+10,4.416137068544000000e+12,4.520943015813827515e-02
3.822000000000000000e+03,3.300000000000000000e+02,9.610444983447354161e+01,1.176470588235294101e-01,2.030000000000000000e+02,1.893578880000000000e+09,2.790343639040000000e+11,1.433310806751251221e-01
1.500000000000000000e+03,1.887000000000000000e+03,6.474708108615944013e+01,1.386750490563072868e-01,4.200000000000000000e+01,1.554715648000000000e+10,1.040514875392000000e+12,1.968401670455932617e+00
1.565000000000000000e+03,2.417000000000000000e+03,2.212323377253080423e+02,7.443229275647869625e-02,7.200000000000000000e+01,1.592594560000000000e+09,3.790919761920000000e+11,9.508023262023925781e-01
2.080000000000000000e+02,1.056000000000000000e+03,9.119523024684701795e+01,1.064794274999899953e-01,5.400000000000000000e+01,7.008146944000000000e+09,5.634084044800000000e+11,5.607416629791259766e-01
3.530000000000000000e+02,2.340000000000000000e+02,5.252976478806951377e+01,1.863389981249824745e-01,3.540000000000000000e+02,4.699202560000000000e+08,9.459950387200000000e+10,2.889592386782169342e-02
2.753000000000000000e+03,2.450000000000000000e+03,3.595078360079634763e+02,1.600000000000000033e-01,4.500000000000000000e+01,9.663973376000000000e+09,9.594038517760000000e+11,1.929919958114624023e+00
1.124000000000000000e+03,3.893000000000000000e+03,4.888500744116762320e+01,1.863389981249824745e-01,3.000000000000000000e+00,3.762573721600000000e+10,2.640144498688000000e+12,1.831436872482299805e+00
7.860000000000000000e+02,1.505000000000000000e+03,8.151705363182944097e+01,1.176470588235294101e-01,2.250000000000000000e+02,2.712698368000000000e+09,2.835158794240000000e+11,8.608257025480270386e-02
2.381000000000000000e+03,3.136000000000000000e+03,5.817696902173021556e+01,1.802775637731994507e-01,1.140000000000000000e+02,6.558797824000000000e+09,4.732224798720000000e+11,3.872925639152526855e-01
3.581000000000000000e+03,3.410000000000000000e+03,6.747806454694962497e+01,2.000000000000000111e-01,1.220000000000000000e+02,4.187620096000000000e+09,4.638568939520000000e+11,5.724893808364868164e-01
8.530000000000000000e+02,2.254000000000000000e+03,9.513977302695451499e+01,1.010152544552210818e-01,3.120000000000000000e+02,4.642558400000000000e+08,1.481522544640000000e+11,1.179809570312500000e-01
7.390000000000000000e+02,2.809000000000000000e+03,3.334648266413886404e+02,1.264911064067351931e-01,3.300000000000000000e+01,1.520119193600000000e+10,9.712469934080000000e+11,1.588283777236938477e+00
5.430000000000000000e+02,1.684000000000000000e+03,1.703954240002503298e+02,1.538461538461538547e-01,3.220000000000000000e+02,6.438922240000000000e+08,1.316851957760000000e+11,1.387920230627059937e-01
1.590000000000000000e+02,1.415000000000000000e+03,3.227223822046378814e+02,7.443229275647869625e-02,1.250000000000000000e+02,3.360155648000000000e+09,3.882590535680000000e+11,6.173577904701232910e-01
3.044000000000000000e+03,3.294000000000000000e+03,6.330976658709477789e+01,7.453559924999299258e-02,2.000000000000000000e+01,3.612656025600000000e+10,1.626098892800000000e+12,1.186937093734741211e-01
7.420000000000000000e+02,2.810000000000000000e+03,3.493510888476969285e+02,1.131370849898476055e-01,3.300000000000000000e+01,1.520119193600000000e+10,9.712469934080000000e+11,1.588283777236938477e+00
4.480000000000000000e+02,2.783000000000000000e+03,6.986504793337716990e+01,1.863389981249824745e-01,4.900000000000000000e+01,7.912558592000000000e+09,8.552816967680000000e+11,8.689212799072265625e-01
2.978000000000000000e+03,1.023000000000000000e+03,3.243110035961993987e+01,1.333333333333333315e-01,2.680000000000000000e+02,3.408276480000000000e+08,1.987310223360000000e+11,1.274035722017288208e-01
3.666000000000000000e+03,3.424000000000000000e+03,3.252415120296254827e+02,8.333333333333332871e-02,5.900000000000000000e+01,1.048679833600000000e+10,7.828546519040000000e+11,5.260182619094848633e-01
2.530000000000000000e+02,1.492000000000000000e+03,4.806938166457995010e+01,1.538461538461538547e-01,3.390000000000000000e+02,1.341770624000000000e+09,1.270213672960000000e+11,1.971114128828048706e-01
5.420000000000000000e+02,2.471000000000000000e+03,9.508614111945540799e+02,8.838834764831844659e-02,1.350000000000000000e+02,1.476633216000000000e+09,2.523343421440000000e+11,1.282015740871429443e-01
3.483000000000000000e+03,2.854000000000000000e+03,1.662959089176432030e+02,1.505846504842085487e-01,8.500000000000000000e+01,3.280976896000000000e+09,5.304367513600000000e+11,3.841274082660675049e-01
3.757000000000000000e+03,1.967000000000000000e+03,3.468961174408167381e+01,1.860163329510811370e-01,2.300000000000000000e+02,5.757701120000000000e+08,2.750872944640000000e+11,8.679321408271789551e-02
1.966000000000000000e+03,3.987000000000000000e+03,4.946349334799559472e+01,1.717960677340691911e-01,5.800000000000000000e+01,1.604596838400000000e+10,8.437500477440000000e+11,6.876591444015502930e-01
2.009000000000000000e+03,7.740000000000000000e+02,5.193322451434419662e+01,1.944406936956339094e-01,6.700000000000000000e+01,6.917338624000000000e+09,7.341444956160000000e+11,7.526878714561462402e-01
2.662000000000000000e+03,3.252000000000000000e+03,1.085918191567951396e+02,9.428090415820634951e-02,2.560000000000000000e+02,1.510194176000000000e+09,2.055332167680000000e+11,2.436477988958358765e-01
9.080000000000000000e+02,3.717000000000000000e+03,4.911414557050649705e+02,9.090909090909091161e-02,8.000000000000000000e+01,6.545251840000000000e+09,5.917509550080000000e+11,2.885195016860961914e+00
2.530000000000000000e+02,1.490000000000000000e+03,1.710510649312448095e+02,0.000000000000000000e+00,3.390000000000000000e+02,1.341770624000000000e+09,1.270213672960000000e+11,1.971114128828048706e-01
2.797000000000000000e+03,3.167000000000000000e+03,1.562594424744353603e+02,1.397542485937368628e-01,2.660000000000000000e+02,7.283575680000000000e+08,2.201929154560000000e+11,6.726475805044174194e-02
2.507000000000000000e+03,2.538000000000000000e+03,4.432706111798739812e+01,1.638886943392722229e-01,7.800000000000000000e+01,5.457160704000000000e+09,5.865217720320000000e+11,1.891067266464233398e+00
2.837000000000000000e+03,1.186000000000000000e+03,4.245534616188761845e+01,1.802775637731994507e-01,1.070000000000000000e+02,1.168193024000000000e+09,4.566383656960000000e+11,3.166985213756561279e-01
3.815000000000000000e+03,6.030000000000000000e+02,7.195094140948090455e+01,1.250000000000000000e-01,2.470000000000000000e+02,4.030098240000000000e+08,2.363661844480000000e+11,5.728396400809288025e-02
2.653000000000000000e+03,2.842000000000000000e+03,9.105626384878959811e+01,8.333333333333332871e-02,3.500000000000000000e+02,3.723372480000000000e+08,1.038927544320000000e+11,1.821991987526416779e-02
2.993000000000000000e+03,2.200000000000000000e+03,8.667317762661359382e+01,1.397542485937368628e-01,2.340000000000000000e+02,3.183621760000000000e+08,2.423084810240000000e+11,3.677742183208465576e-01
2.699000000000000000e+03,1.572000000000000000e+03,1.672881873685851986e+02,1.111111111111111049e-01,1.080000000000000000e+02,1.689661696000000000e+09,3.681333084160000000e+11,3.743849694728851318e-01
3.693000000000000000e+03,2.509000000000000000e+03,1.078407195874426208e+02,1.720052290384453675e-01,4.300000000000000000e+01,6.390501888000000000e+09,1.028565368832000000e+12,1.451150059700012207e+00
3.860000000000000000e+02,7.890000000000000000e+02,2.248752920259589700e+02,1.502313031443328895e-01,5.000000000000000000e+01,7.061435904000000000e+09,8.643143270400000000e+11,2.096730947494506836e+00
3.987000000000000000e+03,2.433000000000000000e+03,2.682859585722594034e+02,1.287696884094281791e-01,2.200000000000000000e+01,3.011985612800000000e+10,1.264861839360000000e+12,0.000000000000000000e+00
3.716000000000000000e+03,2.557000000000000000e+03,9.045639208179116508e+01,1.397542485937368628e-01,1.940000000000000000e+02,1.070380096000000000e+09,2.626859008000000000e+11,3.487602174282073975e-01
2.299000000000000000e+03,1.554000000000000000e+03,9.465740066810303688e+01,1.976423537605237202e-01,2.150000000000000000e+02,1.369988096000000000e+09,2.466562375680000000e+11,1.694831103086471558e-01
1.854000000000000000e+03,9.700000000000000000e+02,8.404618526044653493e+01,1.428571428571428492e-01,2.710000000000000000e+02,4.389726080000000000e+08,1.701917163520000000e+11,1.421170681715011597e-01
7.370000000000000000e+02,3.055000000000000000e+03,4.555233335640367898e+01,1.488645855129573925e-01,1.400000000000000000e+02,3.078145536000000000e+09,3.894766796800000000e+11,4.259077310562133789e-01
2.316000000000000000e+03,2.814000000000000000e+03,1.013386386224679825e+02,1.885618083164126990e-01,2.870000000000000000e+02,6.142096000000000000e+08,1.838728151040000000e+11,7.423418015241622925e-02
8.510000000000000000e+02,2.173000000000000000e+03,1.137808235236281575e+02,1.585809856006792640e-01,3.600000000000000000e+01,2.155912396800000000e+10,1.085298507776000000e+12,2.135843515396118164e+00
2.698000000000000000e+03,1.577000000000000000e+03,1.502624587888685426e+02,1.756820922315766309e-01,1.080000000000000000e+02,1.689661696000000000e+09,3.681333084160000000e+11,3.743849694728851318e-01
1.763000000000000000e+03,4.210000000000000000e+02,7.334252241720028564e+01,1.597191412499849861e-01,2.040000000000000000e+02,2.237363712000000000e+09,1.677475020800000000e+11,5.028765797615051270e-01
3.209000000000000000e+03,3.816000000000000000e+03,5.284711892906575770e+01,1.994505484123890171e-01,2.700000000000000000e+01,1.486072934400000000e+10,1.127825801216000000e+12,1.289787650108337402e+00
3.435000000000000000e+03,1.425000000000000000e+03,2.201524885448815212e+02,5.263157894736841813e-02,1.180000000000000000e+02,3.062268160000000000e+09,4.329599795200000000e+11,4.076516926288604736e-01
2.398000000000000000e+03,2.538000000000000000e+03,2.694145821174466846e+02,1.567630989332169100e-01,4.700000000000000000e+01,8.405513728000000000e+09,7.389578526720000000e+11,2.555680990219116211e+00
9.180000000000000000e+02,4.600000000000000000e+02,1.518294558861447570e+02,1.923076923076923184e-01,6.000000000000000000e+00,1.650314547200000000e+10,1.067573116928000000e+12,3.699832201004028320e+00
1.390000000000000000e+03,1.272000000000000000e+03,1.268491011866065747e+02,1.875000000000000000e-01,2.190000000000000000e+02,1.665134976000000000e+09,2.605144473600000000e+11,1.890190243721008301e-01
3.074000000000000000e+03,2.301000000000000000e+03,1.060394471075747873e+02,1.597191412499849861e-01,2.940000000000000000e+02,7.916176640000000000e+08,1.790835589120000000e+11,1.033505648374557495e-01
4.210000000000000000e+02,1.834000000000000000e+03,6.251535710183630101e+01,1.856953381770518607e-01,4.000000000000000000e+00,2.216379187200000000e+10,1.423872098304000000e+12,1.059899687767028809e+00
3.681000000000000000e+03,2.894000000000000000e+03,6.827876781607929502e+01,1.542115846551579128e-01,1.900000000000000000e+01,2.456189337600000000e+10,1.437959847936000000e+12,4.980907142162322998e-01
2.228000000000000000e+03,3.809000000000000000e+03,9.388895082628540933e+01,1.131370849898476055e-01,4.100000000000000000e+01,1.540933632000000000e+10,9.524732887040000000e+11,2.167505264282226562e+00
1.793000000000000000e+03,7.910000000000000000e+02,2.209759991692771735e+02,0.000000000000000000e+00,1.610000000000000000e+02,2.234117888000000000e+09,3.617741537280000000e+11,1.721291691064834595e-01
1.501000000000000000e+03,1.894000000000000000e+03,8.637208437735371547e+01,1.585809856006792640e-01,4.200000000000000000e+01,1.554715648000000000e+10,1.040514875392000000e+12,1.968401670455932617e+00
2.513000000000000000e+03,1.027000000000000000e+03,8.782173208458912939e+01,1.900863290718193543e-01,5.000000000000000000e+00,3.258369433600000000e+10,1.944343412736000000e+12,3.667835891246795654e-01
1.732000000000000000e+03,2.703000000000000000e+03,6.663928940211143015e+01,1.428571428571428492e-01,3.160000000000000000e+02,4.275064960000000000e+08,1.588974551040000000e+11,1.222106888890266418e-01
3.667000000000000000e+03,3.421000000000000000e+03,1.565985685512798966e+02,1.767766952966368654e-01,5.900000000000000000e+01,1.048679833600000000e+10,7.828546519040000000e+11,5.260182619094848633e-01
4.920000000000000000e+02,8.190000000000000000e+02,1.105074366058728401e+02,1.502313031443328895e-01,4.000000000000000000e+01,6.004965376000000000e+09,7.657200680960000000e+11,9.520892500877380371e-01
2.058000000000000000e+03,3.478000000000000000e+03,4.453188892011915812e+01,7.142857142857142461e-02,3.210000000000000000e+02,3.263087360000000000e+08,1.642263674880000000e+11,2.090809307992458344e-02
2.223000000000000000e+03,3.814000000000000000e+03,7.327537511628142397e+01,1.697056274847713875e-01,4.100000000000000000e+01,1.540933632000000000e+10,9.524732887040000000e+11,2.167505264282226562e+00
1.944000000000000000e+03,1.613000000000000000e+03,1.227291638851457947e+02,1.767766952966368932e-01,2.170000000000000000e+02,8.166224000000000000e+08,2.521198264320000000e+11,1.638118028640747070e-01
2.085000000000000000e+03,2.854000000000000000e+03,1.142813608849713631e+02,1.363636363636363535e-01,4.400000000000000000e+01,9.059347456000000000e+09,6.248648540160000000e+11,4.563073813915252686e-01
2.806000000000000000e+03,3.009000000000000000e+03,4.555712446451745734e+01,1.720052290384453675e-01,3.070000000000000000e+02,6.675375360000000000e+08,1.431183196160000000e+11,7.680681347846984863e-02
7.370000000000000000e+02,3.060000000000000000e+03,6.313942672367394948e+01,1.897658566033678385e-01,1.400000000000000000e+02,3.078145536000000000e+09,3.894766796800000000e+11,4.259077310562133789e-01
1.116000000000000000e+03,3.882000000000000000e+03,7.065572755318908094e+01,1.964185503295965418e-01,3.000000000000000000e+00,3.762573721600000000e+10,2.640144498688000000e+12,1.831436872482299805e+00
3.250000000000000000e+02,5.960000000000000000e+02,8.307021228668241974e+01,1.756820922315766309e-01,1.460000000000000000e+02,1.005128384000000000e+09,3.474091212800000000e+11,3.189797103404998779e-01
3.791000000000000000e+03,2.651000000000000000e+03,1.380293975942649354e+02,1.397542485937368628e-01,2.140000000000000000e+02,1.069744256000000000e+09,2.377314959360000000e+11,2.512958347797393799e-01
3.068000000000000000e+03,3.434000000000000000e+03,1.348765292842451800e+02,7.985957062499249304e-02,2.400000000000000000e+01,2.261052211200000000e+10,1.228229181440000000e+12,2.252333760261535645e-01
1.609000000000000000e+03,3.675000000000000000e+03,5.481254515522290660e+01,1.885618083164126990e-01,2.260000000000000000e+02,6.538135680000000000e+08,1.852462039040000000e+11,1.417953968048095703e-01
3.219000000000000000e+03,5.900000000000000000e+01,8.799233517524670845e+01,1.490711984999859852e-01,2.490000000000000000e+02,8.222720640000000000e+08,2.166747463680000000e+11,1.427920758724212646e-01
2.150000000000000000e+03,1.510000000000000000e+03,1.133121211732428577e+02,8.318903308077030267e-02,1.440000000000000000e+02,2.277439488000000000e+09,2.997811609600000000e+11,2.741142213344573975e-01
3.679000000000000000e+03,4.390000000000000000e+02,9.168191102122507630e+01,1.638886943392722229e-01,7.700000000000000000e+01,8.184467456000000000e+09,6.611352944640000000e+11,5.086567997932434082e-01
2.080000000000000000e+02,1.060000000000000000e+03,1.101437565212391405e+02,1.716929178792375721e-01,5.400000000000000000e+01,7.008146944000000000e+09,5.634084044800000000e+11,5.607416629791259766e-01
1.540000000000000000e+03,3.950000000000000000e+02,1.769479430390382646e+01,2.000000000000000111e-01,2.500000000000000000e+02,5.433228800000000000e+08,2.070696591360000000e+11,1.096710339188575745e-01
1.807000000000000000e+03,2.176000000000000000e+03,3.572193246427006130e+01,1.428571428571428492e-01,1.000000000000000000e+00,6.157198950400000000e+10,4.416137068544000000e+12,4.520943015813827515e-02
3.118000000000000000e+03,1.057000000000000000e+03,1.088512882433247171e+02,1.923076923076923184e-01,3.100000000000000000e+01,1.766500556800000000e+10,1.050311589888000000e+12,3.384711980819702148e+00
3.318000000000000000e+03,1.276000000000000000e+03,6.383256086962070697e+01,1.666666666666666574e-01,1.450000000000000000e+02,2.051864320000000000e+09,3.555906682880000000e+11,3.473100960254669189e-01
1.519000000000000000e+03,1.614000000000000000e+03,7.143597289308209497e+01,1.963383631246505001e-01,5.700000000000000000e+01,4.617920000000000000e+09,5.532357754880000000e+11,1.412596464157104492e+00
7.650000000000000000e+02,1.533000000000000000e+03,1.075187643724767810e+02,1.666666666666666574e-01,1.320000000000000000e+02,2.261616384000000000e+09,3.562740449280000000e+11,7.156473994255065918e-01
3.183000000000000000e+03,2.638000000000000000e+03,7.270042179934014825e+01,6.250000000000000000e-02,2.580000000000000000e+02,8.594154240000000000e+08,2.331650129920000000e+11,5.989834293723106384e-02
3.405000000000000000e+03,2.929000000000000000e+03,4.653365381263593292e+01,1.944406936956339094e-01,6.600000000000000000e+01,1.370071859200000000e+10,7.471679406080000000e+11,1.815132617950439453e+00
6.060000000000000000e+02,1.765000000000000000e+03,1.753302790468018202e+02,9.316949906249123725e-02,2.100000000000000000e+01,9.767414784000000000e+09,7.698031575040000000e+11,1.788983106613159180e+00
2.394000000000000000e+03,9.050000000000000000e+02,5.065240042031592793e+01,1.397542485937368628e-01,1.980000000000000000e+02,1.700113280000000000e+09,2.217990389760000000e+11,1.600320488214492798e-01
3.323000000000000000e+03,1.075000000000000000e+03,1.744630428098559776e+02,1.016394535227177209e-01,6.500000000000000000e+01,5.798317568000000000e+09,6.672032727040000000e+11,1.531720995903015137e+00
2.252000000000000000e+03,1.098000000000000000e+03,2.927356723339082833e+01,1.950639396376682988e-01,3.000000000000000000e+01,2.774474752000000000e+10,1.397942386688000000e+12,0.000000000000000000e+00
2.055000000000000000e+03,2.235000000000000000e+03,1.238087148324906508e+02,1.597191412499849861e-01,3.140000000000000000e+02,8.878549760000000000e+08,1.559662264320000000e+11,6.366927176713943481e-02
1.959000000000000000e+03,3.844000000000000000e+03,1.167312272921393514e+02,1.720052290384453675e-01,3.420000000000000000e+02,9.269617920000000000e+08,1.403325972480000000e+11,5.047484487295150757e-02
1.158000000000000000e+03,1.571000000000000000e+03,8.136600898463744613e+01,1.597191412499849861e-01,3.300000000000000000e+02,4.966026880000000000e+08,1.570807644160000000e+11,1.783199235796928406e-02
8.520000000000000000e+02,2.166000000000000000e+03,1.165470819646882177e+02,1.386750490563072868e-01,3.600000000000000000e+01,2.155912396800000000e+10,1.085298507776000000e+12,2.135843515396118164e+00
3.680000000000000000e+03,3.153000000000000000e+03,7.508604150990409209e+01,1.664356663246515655e-01,1.310000000000000000e+02,3.632237568000000000e+09,4.112175923200000000e+11,1.594951003789901733e-01
2.175000000000000000e+03,2.623000000000000000e+03,1.190138308765189805e+02,1.386750490563072868e-01,3.700000000000000000e+01,1.660199526400000000e+10,1.076348256256000000e+12,2.930980205535888672e+00
1.151000000000000000e+03,1.691000000000000000e+03,6.610010734268166743e+01,1.756820922315766309e-01,1.130000000000000000e+02,2.778995916800000000e+10,3.163079311360000000e+11,0.000000000000000000e+00
2.304000000000000000e+03,1.554000000000000000e+03,1.028577838970135332e+02,1.397542485937368628e-01,2.150000000000000000e+02,1.369988096000000000e+09,2.466562375680000000e+11,1.694831103086471558e-01
8.190000000000000000e+02,1.458000000000000000e+03,5.090708530759954442e+02,1.242259987499883256e-01,8.700000000000000000e+01,2.765862656000000000e+09,3.681229864960000000e+11,3.821997940540313721e-01
1.128000000000000000e+03,3.886000000000000000e+03,9.047893739847013705e+01,1.964185503295965418e-01,3.000000000000000000e+00,3.762573721600000000e+10,2.640144498688000000e+12,1.831436872482299805e+00
3.021000000000000000e+03,2.434000000000000000e+03,4.522129288985559725e+01,1.716929178792375721e-01,8.800000000000000000e+01,8.625302528000000000e+09,5.439848775680000000e+11,5.298846960067749023e-01
1.126000000000000000e+03,3.888000000000000000e+03,1.175554068232699052e+02,1.416394309331329149e-01,3.000000000000000000e+00,3.762573721600000000e+10,2.640144498688000000e+12,1.831436872482299805e+00
6.470000000000000000e+02,1.125000000000000000e+03,5.254401236777808890e+02,1.397542485937368628e-01,2.290000000000000000e+02,1.669234816000000000e+09,2.513650483200000000e+11,7.054258584976196289e-01
3.463000000000000000e+03,1.183000000000000000e+03,8.755853525437056817e+01,1.664356663246515655e-01,1.210000000000000000e+02,1.199321856000000000e+09,3.968022282240000000e+11,5.909001231193542480e-01
3.630000000000000000e+02,1.715000000000000000e+03,4.739214497285750127e+01,1.863389981249824745e-01,3.550000000000000000e+02,3.379212480000000000e+08,1.109664808960000000e+11,7.295510265976190567e-03
2.749000000000000000e+03,2.444000000000000000e+03,2.268703916799967999e+02,1.788854381999831766e-01,4.500000000000000000e+01,9.663973376000000000e+09,9.594038517760000000e+11,1.929919958114624023e+00
3.294000000000000000e+03,2.266000000000000000e+03,6.200167658549080585e+01,1.087856586440842377e-01,3.400000000000000000e+02,5.440047360000000000e+08,1.293687439360000000e+11,1.052982211112976074e-01
3.605000000000000000e+03,3.023000000000000000e+03,3.820536423073845640e+02,2.000000000000000111e-01,9.000000000000000000e+01,1.856924032000000000e+09,4.570356121600000000e+11,5.995895862579345703e-01
1.916000000000000000e+03,3.894000000000000000e+03,2.659776209545986490e+02,1.335389361282958987e-01,2.300000000000000000e+01,3.924919910400000000e+10,1.211719614464000000e+12,8.107573509216308594e+00
7.300000000000000000e+02,2.552000000000000000e+03,5.232593669892786465e+02,6.250000000000000000e-02,1.950000000000000000e+02,1.466485248000000000e+09,2.600883814400000000e+11,3.987166583538055420e-01
2.841000000000000000e+03,2.468000000000000000e+03,8.373839136918746817e+01,1.111111111111111049e-01,1.510000000000000000e+02,3.283166976000000000e+09,3.196088156160000000e+11,7.662950754165649414e-01
3.636000000000000000e+03,3.980000000000000000e+03,1.757415068721477951e+02,1.216260638526299870e-01,2.900000000000000000e+01,1.268129484800000000e+10,1.003939889152000000e+12,2.182029724121093750e+00
3.020000000000000000e+03,5.230000000000000000e+02,7.850990918561679166e+01,1.716929178792375721e-01,9.700000000000000000e+01,5.012286464000000000e+09,5.178961100800000000e+11,1.447071075439453125e+00
1.566000000000000000e+03,1.392000000000000000e+03,1.012391067378193412e+02,1.716929178792375721e-01,9.600000000000000000e+01,1.166735257600000000e+10,5.351949926400000000e+11,1.048883438110351562e+00
3.399000000000000000e+03,2.932000000000000000e+03,6.930828904380354061e+01,1.792654619833765339e-01,6.600000000000000000e+01,1.370071859200000000e+10,7.471679406080000000e+11,1.815132617950439453e+00
3.694000000000000000e+03,2.509000000000000000e+03,1.081075293251104910e+02,1.386750490563072868e-01,4.300000000000000000e+01,6.390501888000000000e+09,1.028565368832000000e+12,1.451150059700012207e+00
3.043000000000000000e+03,3.290000000000000000e+03,7.970333127638834014e+01,6.666666666666666574e-02,2.000000000000000000e+01,3.612656025600000000e+10,1.626098892800000000e+12,1.186937093734741211e-01
6.730000000000000000e+02,2.477000000000000000e+03,2.505033896938891189e+02,5.237828008789241485e-02,2.500000000000000000e+01,1.637902950400000000e+10,1.113396346880000000e+12,1.996217012405395508e+00
1.866000000000000000e+03,1.623000000000000000e+03,1.360017380026059186e+02,8.318903308077030267e-02,2.310000000000000000e+02,1.263542400000000000e+09,2.653549035520000000e+11,1.655300408601760864e-01
3.128000000000000000e+03,3.145000000000000000e+03,7.130200377507202347e+01,2.000000000000000111e-01,1.010000000000000000e+02,6.721974784000000000e+09,4.795139031040000000e+11,4.184983968734741211e-01
1.429000000000000000e+03,1.303000000000000000e+03,6.410027942193265460e+01,1.242259987499883256e-01,1.710000000000000000e+02,2.986639104000000000e+09,3.262996480000000000e+11,2.502601742744445801e-01
8.590000000000000000e+02,1.864000000000000000e+03,2.709197705043020932e+01,1.178511301977579334e-01,2.990000000000000000e+02,3.741280512000000000e+09,1.144143298560000000e+11,1.015464309602975845e-02
3.111000000000000000e+03,3.669000000000000000e+03,1.312250805614519606e+02,1.333333333333333315e-01,2.920000000000000000e+02,7.271820800000000000e+08,1.793774878720000000e+11,9.612603485584259033e-02
3.031000000000000000e+03,1.429000000000000000e+03,3.711423215023918374e+02,9.428090415820634951e-02,2.120000000000000000e+02,5.134139840000000000e+08,2.073886720000000000e+11,7.339200377464294434e-02
2.492000000000000000e+03,2.299000000000000000e+03,8.850788513586114448e+01,1.764705882352941291e-01,1.640000000000000000e+02,1.518295168000000000e+09,3.126754672640000000e+11,2.417435050010681152e-01
3.762000000000000000e+03,1.258000000000000000e+03,2.286513495149090716e+02,1.250000000000000000e-01,5.100000000000000000e+01,1.338212966400000000e+10,8.122256588800000000e+11,2.885771274566650391e+00
1.700000000000000000e+01,1.898000000000000000e+03,1.249604557555216218e+02,1.499999999999999944e-01,6.400000000000000000e+01,5.924396544000000000e+09,5.008560619520000000e+11,2.087332487106323242e+00
1.760000000000000000e+03,1.704000000000000000e+03,1.737892907405402241e+02,1.317615691736824801e-01,1.000000000000000000e+01,8.726153216000000000e+09,7.770129039360000000e+11,6.118690013885498047e+00
3.311000000000000000e+03,3.317000000000000000e+03,2.039962010790608531e+02,1.600726981657426273e-01,2.000000000000000000e+00,2.817368064000000000e+10,3.130425081856000000e+12,8.803648948669433594e+00
3.981000000000000000e+03,1.749000000000000000e+03,7.775099331081484877e+01,1.490711984999859852e-01,2.640000000000000000e+02,6.452957440000000000e+08,2.078604820480000000e+11,1.306209862232208252e-01
4.280000000000000000e+02,3.367000000000000000e+03,1.241971185785854885e+02,0.000000000000000000e+00,3.010000000000000000e+02,5.535228160000000000e+08,1.698646589440000000e+11,4.306596517562866211e-02
9.950000000000000000e+02,1.267000000000000000e+03,2.326080602168101734e+02,1.111111111111111049e-01,1.570000000000000000e+02,1.903270912000000000e+09,3.250880839680000000e+11,4.719173014163970947e-01
2.130000000000000000e+03,3.760000000000000000e+02,5.153399953753414309e+01,1.976423537605237202e-01,2.380000000000000000e+02,6.961411200000000000e+08,2.244707778560000000e+11,8.804488927125930786e-02
2.241000000000000000e+03,1.350000000000000000e+03,2.533223622110358235e+02,6.428243465332250661e-02,6.300000000000000000e+01,5.047442432000000000e+09,6.099794657280000000e+11,2.344955205917358398e+00
1.045000000000000000e+03,6.300000000000000000e+02,6.205715794800473617e+01,1.333333333333333315e-01,2.600000000000000000e+02,1.858317312000000000e+09,2.057553674240000000e+11,7.710270881652832031e-01
2.004000000000000000e+03,7.740000000000000000e+02,1.204314940078321001e+02,9.722034684781695468e-02,6.700000000000000000e+01,6.917338624000000000e+09,7.341444956160000000e+11,7.526878714561462402e-01
1.858000000000000000e+03,6.460000000000000000e+02,1.851433777245588885e+02,1.963383631246505001e-01,8.400000000000000000e+01,7.238528512000000000e+09,5.277208739840000000e+11,1.416770100593566895e+00
1.517000000000000000e+03,1.610000000000000000e+03,2.835581509747566997e+02,1.428571428571428492e-01,5.700000000000000000e+01,4.617920000000000000e+09,5.532357754880000000e+11,1.412596464157104492e+00
1.296000000000000000e+03,2.018000000000000000e+03,1.640725074772323069e+02,1.153846153846153910e-01,3.800000000000000000e+01,1.030433177600000000e+10,9.779833077760000000e+11,7.185483574867248535e-01
4.760000000000000000e+02,2.205000000000000000e+03,4.517869583638952236e+02,7.692307692307692735e-02,3.350000000000000000e+02,5.470848000000000000e+08,1.330776473600000000e+11,7.928723096847534180e-02
6.110000000000000000e+02,8.790000000000000000e+02,1.449385739780975655e+02,1.374903330507991073e-01,7.300000000000000000e+01,1.833807257600000000e+10,6.925092782080000000e+11,3.555294871330261230e-01
2.153000000000000000e+03,1.475000000000000000e+03,7.842815262259779274e+01,1.860163329510811370e-01,1.990000000000000000e+02,6.572332160000000000e+08,2.871545692160000000e+11,2.213998883962631226e-01
4.510000000000000000e+02,1.731000000000000000e+03,1.617753255691133631e+02,1.016394535227177209e-01,8.200000000000000000e+01,9.725789184000000000e+09,6.114567782400000000e+11,8.108713626861572266e-01
2.598000000000000000e+03,8.280000000000000000e+02,1.294311299170157952e+02,1.090440572471854941e-01,1.300000000000000000e+01,2.367379046400000000e+10,1.408263389184000000e+12,6.113696098327636719e+00
1.197000000000000000e+03,2.520000000000000000e+02,1.811917561662374112e+02,1.118033988749894958e-01,1.160000000000000000e+02,2.380019200000000000e+09,4.474392412160000000e+11,4.046666920185089111e-01
3.402000000000000000e+03,2.929000000000000000e+03,8.450686497266538311e+01,1.792654619833765339e-01,6.600000000000000000e+01,1.370071859200000000e+10,7.471679406080000000e+11,1.815132617950439453e+00
1.407000000000000000e+03,1.284000000000000000e+03,1.474466904729210341e+02,0.000000000000000000e+00,2.970000000000000000e+02,3.761315520000000000e+08,7.673151488000000000e+10,3.619387745857238770e-02
2.248000000000000000e+03,2.156000000000000000e+03,6.770306800895292554e+01,1.505846504842085487e-01,9.300000000000000000e+01,7.863947264000000000e+09,5.591975854080000000e+11,8.532271385192871094e-01
3.683000000000000000e+03,2.895000000000000000e+03,8.534982279767977786e+01,1.724137931034482873e-01,1.900000000000000000e+01,2.456189337600000000e+10,1.437959847936000000e+12,4.980907142162322998e-01
6.030000000000000000e+02,1.769000000000000000e+03,1.262894429006838521e+02,1.317615691736824801e-01,2.100000000000000000e+01,9.767414784000000000e+09,7.698031575040000000e+11,1.788983106613159180e+00
3.823000000000000000e+03,3.350000000000000000e+02,4.196837892806082237e+01,1.860163329510811370e-01,2.030000000000000000e+02,1.893578880000000000e+09,2.790343639040000000e+11,1.433310806751251221e-01
1.821000000000000000e+03,2.176000000000000000e+03,3.964378157105004874e+01,1.904761904761904656e-01,1.000000000000000000e+00,6.157198950400000000e+10,4.416137068544000000e+12,4.520943015813827515e-02
1.522000000000000000e+03,1.611000000000000000e+03,4.639171901467661314e+02,1.064794274999899953e-01,5.700000000000000000e+01,4.617920000000000000e+09,5.532357754880000000e+11,1.412596464157104492e+00
6.770000000000000000e+02,2.477000000000000000e+03,5.531710570816456141e+01,1.888525745775105347e-01,2.500000000000000000e+01,1.637902950400000000e+10,1.113396346880000000e+12,1.996217012405395508e+00
9.160000000000000000e+02,1.401000000000000000e+03,1.074544581583161289e+02,5.882352941176470507e-02,1.650000000000000000e+02,5.347155520000000000e+08,3.105895219200000000e+11,6.146562099456787109e-02
2.821000000000000000e+03,2.730000000000000000e+02,6.708191087519496421e+01,1.863389981249824745e-01,3.480000000000000000e+02,6.097633280000000000e+08,1.116363161600000000e+11,1.257665604352951050e-01
1.054000000000000000e+03,1.407000000000000000e+03,9.525611083520809075e+01,1.397542485937368628e-01,1.730000000000000000e+02,1.532323584000000000e+09,2.364367831040000000e+11,1.674392223358154297e-01
3.505000000000000000e+03,3.199000000000000000e+03,1.034180164964290043e+02,1.739130434782608647e-01,5.200000000000000000e+01,9.552431104000000000e+09,7.089194926080000000e+11,3.984834671020507812e+00
3.456000000000000000e+03,9.260000000000000000e+02,4.898503275473888152e+02,1.756820922315766309e-01,1.390000000000000000e+02,2.223887616000000000e+09,3.703193927680000000e+11,4.774526357650756836e-01
1.857000000000000000e+03,6.390000000000000000e+02,9.271739481504177149e+01,1.428571428571428492e-01,8.400000000000000000e+01,7.238528512000000000e+09,5.277208739840000000e+11,1.416770100593566895e+00
3.692000000000000000e+03,2.506000000000000000e+03,8.499048092582526692e+01,1.961161351381840168e-01,4.300000000000000000e+01,6.390501888000000000e+09,1.028565368832000000e+12,1.451150059700012207e+00
2.957000000000000000e+03,3.719000000000000000e+03,4.355788899537914176e+02,7.443229275647869625e-02,1.280000000000000000e+02,4.022070016000000000e+09,3.922227036160000000e+11,1.520862936973571777e+00
3.313000000000000000e+03,1.277000000000000000e+03,2.665010374391440564e+02,1.242259987499883256e-01,1.450000000000000000e+02,2.051864320000000000e+09,3.555906682880000000e+11,3.473100960254669189e-01
4.470000000000000000e+02,2.786000000000000000e+03,8.465078048922660514e+01,1.317615691736824801e-01,4.900000000000000000e+01,7.912558592000000000e+09,8.552816967680000000e+11,8.689212799072265625e-01
3.979000000000000000e+03,1.746000000000000000e+03,9.023016863286757427e+01,1.333333333333333315e-01,2.640000000000000000e+02,6.452957440000000000e+08,2.078604820480000000e+11,1.306209862232208252e-01
7.800000000000000000e+01,3.768000000000000000e+03,4.816252782139382305e+01,1.052631578947368363e-01,1.380000000000000000e+02,3.522424832000000000e+09,3.751791165440000000e+11,4.641978740692138672e-01
3.867000000000000000e+03,1.988000000000000000e+03,2.099641346767116374e+02,1.304347826086956486e-01,6.200000000000000000e+01,1.031607296000000000e+10,7.346875924480000000e+11,1.895973205566406250e+00
3.700000000000000000e+03,2.510000000000000000e+03,1.116553858219018736e+02,1.631784879661263288e-01,4.300000000000000000e+01,6.390501888000000000e+09,1.028565368832000000e+12,1.451150059700012207e+00
1.100000000000000000e+01,1.896000000000000000e+03,3.893100813868728949e+01,1.802775637731994507e-01,6.400000000000000000e+01,5.924396544000000000e+09,5.008560619520000000e+11,2.087332487106323242e+00
3.160000000000000000e+02,1.474000000000000000e+03,3.276196228702349913e+02,6.060606060606060774e-02,8.000000000000000000e+00,5.188821811200000000e+10,2.186460135424000000e+12,5.949957370758056641e-01
7.990000000000000000e+02,1.660000000000000000e+03,1.116352545743012001e+02,9.428090415820634951e-02,2.700000000000000000e+02,6.247793920000000000e+08,2.094178795520000000e+11,5.558474734425544739e-02
3.679000000000000000e+03,3.156000000000000000e+03,1.462950185138996346e+02,1.488645855129573925e-01,1.310000000000000000e+02,3.632237568000000000e+09,4.112175923200000000e+11,1.594951003789901733e-01
3.694000000000000000e+03,2.503000000000000000e+03,1.016431918581848777e+02,1.923076923076923184e-01,4.300000000000000000e+01,6.390501888000000000e+09,1.028565368832000000e+12,1.451150059700012207e+00
2.511000000000000000e+03,7.310000000000000000e+02,4.844036369321874247e+01,1.663780661615406053e-01,1.150000000000000000e+02,6.639024000000000000e+08,2.696163819520000000e+11,7.071793079376220703e-01
3.021000000000000000e+03,2.438000000000000000e+03,1.516821585000448636e+02,1.064794274999899953e-01,8.800000000000000000e+01,8.625302528000000000e+09,5.439848775680000000e+11,5.298846960067749023e-01
3.828000000000000000e+03,3.391000000000000000e+03,1.247893949313407234e+02,1.304347826086956486e-01,7.100000000000000000e+01,8.651307008000000000e+09,6.954382786560000000e+11,3.705672323703765869e-01
1.819000000000000000e+03,2.176000000000000000e+03,4.439927948403338576e+01,1.428571428571428492e-01,1.000000000000000000e+00,6.157198950400000000e+10,4.416137068544000000e+12,4.520943015813827515e-02
1.800000000000000000e+02,2.337000000000000000e+03,1.330777615903061815e+02,1.666666666666666574e-01,1.790000000000000000e+02,2.816224256000000000e+09,3.195419361280000000e+11,3.078545928001403809e-01
3.814000000000000000e+03,6.060000000000000000e+02,7.922044805712459947e+01,8.838834764831844659e-02,2.470000000000000000e+02,4.030098240000000000e+08,2.363661844480000000e+11,5.728396400809288025e-02
3.220000000000000000e+03,5.800000000000000000e+01,1.187935003797414595e+02,2.000000000000000111e-01,2.490000000000000000e+02,8.222720640000000000e+08,2.166747463680000000e+11,1.427920758724212646e-01
2.700000000000000000e+03,2.724000000000000000e+03,5.571210622839653581e+01,1.397542485937368628e-01,2.320000000000000000e+02,8.464028800000000000e+08,2.274351841280000000e+11,2.595289349555969238e-01
2.757000000000000000e+03,3.326000000000000000e+03,8.010829839114990136e+01,1.792654619833765339e-01,6.000000000000000000e+01,1.034285875200000000e+10,7.247058698240000000e+11,3.249531269073486328e+00
2.807000000000000000e+03,3.178000000000000000e+03,1.932242560955594968e+02,1.844626385704036808e-01,6.800000000000000000e+01,8.798078976000000000e+09,7.372794101760000000e+11,1.334026694297790527e+00
3.461000000000000000e+03,4.940000000000000000e+02,8.731439197758994908e+01,1.963383631246505001e-01,8.300000000000000000e+01,3.556626176000000000e+09,5.523520880640000000e+11,9.543594717979431152e-01
2.990000000000000000e+03,2.900000000000000000e+01,3.302127387500270288e+02,1.054092553389459896e-01,1.100000000000000000e+01,3.217836032000000000e+10,1.621931982848000000e+12,9.086136817932128906e-01
3.310000000000000000e+03,3.305000000000000000e+03,1.731894535257404470e+02,1.664356663246515655e-01,2.000000000000000000e+00,2.817368064000000000e+10,3.130425081856000000e+12,8.803648948669433594e+00
3.700000000000000000e+02,1.322000000000000000e+03,7.503518467141557835e+01,7.499999999999999722e-02,0.000000000000000000e+00,6.791713996800000000e+10,3.866329874432000000e+12,5.838018655776977539e-01
3.309000000000000000e+03,3.305000000000000000e+03,1.563380529711898816e+02,1.765316824341939261e-01,2.000000000000000000e+00,2.817368064000000000e+10,3.130425081856000000e+12,8.803648948669433594e+00
1.870000000000000000e+02,3.600000000000000000e+02,3.808457752520121176e+01,1.976423537605237202e-01,1.520000000000000000e+02,1.430619904000000000e+09,2.242048327680000000e+11,1.786086708307266235e-01
1.920000000000000000e+03,3.896000000000000000e+03,1.166130107920319716e+02,8.281733249999222168e-02,2.300000000000000000e+01,3.924919910400000000e+10,1.211719614464000000e+12,8.107573509216308594e+00
3.391000000000000000e+03,2.272000000000000000e+03,4.404125353261884470e+02,0.000000000000000000e+00,2.000000000000000000e+02,1.618048256000000000e+09,2.718396088320000000e+11,4.473841786384582520e-01
1.621000000000000000e+03,5.900000000000000000e+01,7.712036337054378521e+01,1.897658566033678385e-01,1.270000000000000000e+02,3.045517312000000000e+09,4.335536701440000000e+11,6.563200950622558594e-01
3.640000000000000000e+02,6.090000000000000000e+02,6.577766471907708024e+01,1.315334104411640948e-01,1.870000000000000000e+02,8.003907840000000000e+08,2.936924405760000000e+11,6.621309518814086914e-01
7.880000000000000000e+02,2.455000000000000000e+03,6.161116219606275308e+02,7.142857142857142461e-02,3.190000000000000000e+02,3.865904000000000000e+08,1.632098549760000000e+11,8.648485690355300903e-02
1.851000000000000000e+03,1.948000000000000000e+03,5.816122632922591862e+01,2.000000000000000111e-01,2.720000000000000000e+02,6.618579840000000000e+08,2.082312028160000000e+11,1.385663002729415894e-01
1.806000000000000000e+03,2.180000000000000000e+03,4.019363617844653191e+01,1.919585178166321182e-01,1.000000000000000000e+00,6.157198950400000000e+10,4.416137068544000000e+12,4.520943015813827515e-02
8.470000000000000000e+02,2.173000000000000000e+03,8.209989117275166848e+01,1.923076923076923184e-01,3.600000000000000000e+01,2.155912396800000000e+10,1.085298507776000000e+12,2.135843515396118164e+00
2.001000000000000000e+03,3.679000000000000000e+03,3.222117305441539088e+02,1.428571428571428492e-01,2.840000000000000000e+02,9.432234240000000000e+08,1.574320209920000000e+11,2.867662906646728516e-01
8.510000000000000000e+02,2.174000000000000000e+03,7.501624389315642816e+01,1.961161351381840168e-01,3.600000000000000000e+01,2.155912396800000000e+10,1.085298507776000000e+12,2.135843515396118164e+00
4.830000000000000000e+02,3.666000000000000000e+03,4.049878962496509871e+01,1.000000000000000056e-01,3.570000000000000000e+02,3.244615360000000000e+08,5.597995827200000000e+10,9.652553126215934753e-03
4.930000000000000000e+02,8.190000000000000000e+02,1.873527692816742274e+02,1.863389981249824745e-01,4.000000000000000000e+01,6.004965376000000000e+09,7.657200680960000000e+11,9.520892500877380371e-01
1.505000000000000000e+03,1.891000000000000000e+03,7.149004615499802640e+01,1.216260638526299870e-01,4.200000000000000000e+01,1.554715648000000000e+10,1.040514875392000000e+12,1.968401670455932617e+00
3.674000000000000000e+03,4.400000000000000000e+02,3.909448868776825066e+02,1.016394535227177209e-01,7.700000000000000000e+01,8.184467456000000000e+09,6.611352944640000000e+11,5.086567997932434082e-01
2.113000000000000000e+03,2.902000000000000000e+03,1.401265149661707028e+02,1.663780661615406053e-01,1.760000000000000000e+02,4.542482944000000000e+09,2.715383070720000000e+11,7.511537075042724609e-01
4.480000000000000000e+02,2.785000000000000000e+03,6.838972919647449089e+01,1.666666666666666574e-01,4.900000000000000000e+01,7.912558592000000000e+09,8.552816967680000000e+11,8.689212799072265625e-01
3.752000000000000000e+03,1.153000000000000000e+03,1.376390863612983253e+02,0.000000000000000000e+00,2.060000000000000000e+02,1.421491456000000000e+09,2.958128906240000000e+11,2.106096446514129639e-01
2.392000000000000000e+03,9.100000000000000000e+02,2.659658322329273972e+01,1.976423537605237202e-01,1.980000000000000000e+02,1.700113280000000000e+09,2.217990389760000000e+11,1.600320488214492798e-01
3.901000000000000000e+03,5.500000000000000000e+02,4.173070023177236010e+01,1.720052290384453675e-01,2.950000000000000000e+02,4.791690560000000000e+08,1.254606766080000000e+11,1.722156628966331482e-02
3.679000000000000000e+03,4.420000000000000000e+02,5.300864242244798419e+01,1.437398936440172637e-01,7.700000000000000000e+01,8.184467456000000000e+09,6.611352944640000000e+11,5.086567997932434082e-01
2.651000000000000000e+03,2.843000000000000000e+03,1.117643647188134111e+02,1.178511301977579334e-01,3.500000000000000000e+02,3.723372480000000000e+08,1.038927544320000000e+11,1.821991987526416779e-02
1.347000000000000000e+03,1.236000000000000000e+03,6.566459960687606667e+01,1.666666666666666574e-01,3.440000000000000000e+02,5.056151360000000000e+08,1.079730585600000000e+11,0.000000000000000000e+00
2.992000000000000000e+03,3.300000000000000000e+01,1.010358579936568617e+02,1.054092553389459896e-01,1.100000000000000000e+01,3.217836032000000000e+10,1.621931982848000000e+12,9.086136817932128906e-01
3.303000000000000000e+03,2.745000000000000000e+03,1.036714902093119122e+02,1.717960677340691911e-01,2.800000000000000000e+01,1.097422540800000000e+10,7.864553308160000000e+11,1.368543982505798340e+00
3.710000000000000000e+03,1.127000000000000000e+03,8.678335020418936097e+01,1.802775637731994507e-01,9.900000000000000000e+01,4.183457280000000000e+09,4.913350901760000000e+11,5.355432629585266113e-01
2.508000000000000000e+03,1.021000000000000000e+03,6.208104822580268234e+01,1.250000000000000000e-01,5.000000000000000000e+00,3.258369433600000000e+10,1.944343412736000000e+12,3.667835891246795654e-01
3.026000000000000000e+03,3.230000000000000000e+03,1.129229726682792432e+02,8.838834764831844659e-02,1.970000000000000000e+02,1.376791424000000000e+09,2.338413936640000000e+11,1.094494313001632690e-01
3.200000000000000000e+02,1.472000000000000000e+03,8.666098038166833817e+01,1.916531915253563423e-01,8.000000000000000000e+00,5.188821811200000000e+10,2.186460135424000000e+12,5.949957370758056641e-01
2.991000000000000000e+03,3.400000000000000000e+01,1.981847867955481206e+02,9.428090415820634951e-02,1.100000000000000000e+01,3.217836032000000000e+10,1.621931982848000000e+12,9.086136817932128906e-01
6.430000000000000000e+02,1.617000000000000000e+03,6.634773853464481874e+01,1.716929178792375721e-01,1.000000000000000000e+02,7.406679040000000000e+09,5.591275929600000000e+11,7.902584671974182129e-01
3.790000000000000000e+02,3.127000000000000000e+03,7.959619418268034963e+01,7.142857142857142461e-02,3.380000000000000000e+02,4.112685440000000000e+08,1.473397555200000000e+11,7.734476123005151749e-03
3.527000000000000000e+03,2.244000000000000000e+03,3.546031195204378861e+01,2.000000000000000111e-01,2.220000000000000000e+02,1.007934720000000000e+09,2.182227886080000000e+11,2.225803583860397339e-01
2.649000000000000000e+03,2.856000000000000000e+03,9.130729468049838715e+01,1.717960677340691911e-01,5.600000000000000000e+01,1.586118144000000000e+10,7.945620684800000000e+11,1.549731612205505371e+00
3.620000000000000000e+02,1.328000000000000000e+03,1.009346267058833746e+02,1.952562418976663550e-01,0.000000000000000000e+00,6.791713996800000000e+10,3.866329874432000000e+12,5.838018655776977539e-01
3.336000000000000000e+03,7.960000000000000000e+02,2.815498339970783945e+02,7.856742013183862228e-02,1.480000000000000000e+02,1.724786304000000000e+09,3.378457477120000000e+11,3.567959368228912354e-01
2.836000000000000000e+03,2.468000000000000000e+03,4.741022129246128713e+01,1.666666666666666574e-01,1.510000000000000000e+02,3.283166976000000000e+09,3.196088156160000000e+11,7.662950754165649414e-01
6.750000000000000000e+02,2.472000000000000000e+03,3.596507834864618758e+02,1.851851851851851749e-01,2.500000000000000000e+01,1.637902950400000000e+10,1.113396346880000000e+12,1.996217012405395508e+00
2.771000000000000000e+03,3.350000000000000000e+02,3.591163287504894441e+01,1.764705882352941291e-01,2.080000000000000000e+02,1.508241280000000000e+09,2.930831523840000000e+11,9.406410157680511475e-02
2.010000000000000000e+02,8.580000000000000000e+02,1.222232333303487053e+02,0.000000000000000000e+00,2.980000000000000000e+02,4.411450880000000000e+08,1.278965022720000000e+11,4.018817096948623657e-02
3.810000000000000000e+02,3.126000000000000000e+03,8.094138836991594133e+01,1.428571428571428492e-01,3.380000000000000000e+02,4.112685440000000000e+08,1.473397555200000000e+11,7.734476123005151749e-03
3.610000000000000000e+02,1.718000000000000000e+03,4.295275829996356265e+01,1.178511301977579334e-01,3.550000000000000000e+02,3.379212480000000000e+08,1.109664808960000000e+11,7.295510265976190567e-03
2.073000000000000000e+03,3.862000000000000000e+03,3.304100840833844472e+02,1.499999999999999944e-01,1.090000000000000000e+02,5.754290176000000000e+09,4.677676892160000000e+11,8.300584554672241211e-01
3.715000000000000000e+03,1.128000000000000000e+03,5.453081106779696796e+01,1.118033988749894958e-01,9.900000000000000000e+01,4.183457280000000000e+09,4.913350901760000000e+11,5.355432629585266113e-01
1.575000000000000000e+03,2.113000000000000000e+03,6.249801740413167863e+02,8.695652173913043237e-02,5.500000000000000000e+01,2.193723596800000000e+10,7.420609822720000000e+11,5.831490755081176758e-01
4.250000000000000000e+02,1.844000000000000000e+03,6.611226296139463443e+01,1.856953381770518607e-01,4.000000000000000000e+00,2.216379187200000000e+10,1.423872098304000000e+12,1.059899687767028809e+00
6.120000000000000000e+02,8.750000000000000000e+02,1.959145910406122368e+02,9.722034684781695468e-02,7.300000000000000000e+01,1.833807257600000000e+10,6.925092782080000000e+11,3.555294871330261230e-01
2.758000000000000000e+03,2.446000000000000000e+03,7.648344925200942157e+01,2.000000000000000111e-01,4.500000000000000000e+01,9.663973376000000000e+09,9.594038517760000000e+11,1.929919958114624023e+00
8.370000000000000000e+02,4.150000000000000000e+02,1.511416331384703540e+02,1.016394535227177209e-01,7.600000000000000000e+01,8.476939776000000000e+09,6.548592394240000000e+11,5.924999117851257324e-01
1.890000000000000000e+02,2.721000000000000000e+03,6.165760087372834164e+01,1.414213562373095034e-01,1.170000000000000000e+02,1.784323712000000000e+09,5.036438650880000000e+11,4.591844975948333740e-01
2.801000000000000000e+03,3.179000000000000000e+03,2.536926902824705508e+02,1.567630989332169100e-01,6.800000000000000000e+01,8.798078976000000000e+09,7.372794101760000000e+11,1.334026694297790527e+00
3.670000000000000000e+02,1.316000000000000000e+03,9.223306099825155968e+01,1.499999999999999944e-01,0.000000000000000000e+00,6.791713996800000000e+10,3.866329874432000000e+12,5.838018655776977539e-01
4.880000000000000000e+02,8.190000000000000000e+02,2.709662234515841419e+02,9.316949906249123725e-02,4.000000000000000000e+01,6.004965376000000000e+09,7.657200680960000000e+11,9.520892500877380371e-01
5.010000000000000000e+02,1.428000000000000000e+03,1.883556468121367971e+02,1.597191412499849861e-01,2.810000000000000000e+02,9.878126720000000000e+08,1.478563266560000000e+11,1.566789746284484863e-01
1.243000000000000000e+03,2.224000000000000000e+03,1.412907243887366349e+02,7.142857142857142461e-02,3.030000000000000000e+02,3.288742080000000000e+08,1.560784732160000000e+11,8.826738595962524414e-02
1.903000000000000000e+03,1.460000000000000000e+03,1.015530799514326930e+02,1.490711984999859852e-01,2.760000000000000000e+02,9.284546560000000000e+08,2.004269629440000000e+11,2.256767898797988892e-01
3.710000000000000000e+02,1.325000000000000000e+03,1.007428036289378070e+02,1.250000000000000000e-01,0.000000000000000000e+00,6.791713996800000000e+10,3.866329874432000000e+12,5.838018655776977539e-01
3.092000000000000000e+03,8.550000000000000000e+02,1.838786211305731797e+02,1.764705882352941291e-01,1.850000000000000000e+02,1.384537344000000000e+09,2.915444326400000000e+11,5.173170194029808044e-02
1.850000000000000000e+02,3.560000000000000000e+02,6.094567417216190819e+01,1.976423537605237202e-01,1.520000000000000000e+02,1.430619904000000000e+09,2.242048327680000000e+11,1.786086708307266235e-01
3.039000000000000000e+03,3.288000000000000000e+03,5.326907135464199428e+01,1.885618083164126990e-01,2.000000000000000000e+01,3.612656025600000000e+10,1.626098892800000000e+12,1.186937093734741211e-01
1.810000000000000000e+02,3.580000000000000000e+02,8.083331905236140358e+01,1.976423537605237202e-01,1.520000000000000000e+02,1.430619904000000000e+09,2.242048327680000000e+11,1.786086708307266235e-01
1.357000000000000000e+03,2.007000000000000000e+03,1.548325422677119434e+02,1.315334104411640948e-01,1.810000000000000000e+02,1.441623680000000000e+09,2.788685250560000000e+11,2.093609422445297241e-01
3.092000000000000000e+03,8.560000000000000000e+02,2.085822009719178425e+02,1.176470588235294101e-01,1.850000000000000000e+02,1.384537344000000000e+09,2.915444326400000000e+11,5.173170194029808044e-02
3.389000000000000000e+03,2.270000000000000000e+03,1.005882443599012817e+02,1.663780661615406053e-01,2.000000000000000000e+02,1.618048256000000000e+09,2.718396088320000000e+11,4.473841786384582520e-01
9.170000000000000000e+02,4.620000000000000000e+02,1.320894965066450482e+02,1.216260638526299870e-01,6.000000000000000000e+00,1.650314547200000000e+10,1.067573116928000000e+12,3.699832201004028320e+00
3.890000000000000000e+02,7.920000000000000000e+02,4.800786585920894822e+02,4.166666666666666435e-02,5.000000000000000000e+01,7.061435904000000000e+09,8.643143270400000000e+11,2.096730947494506836e+00
2.571000000000000000e+03,1.520000000000000000e+03,9.227767056985588567e+01,1.585809856006792640e-01,3.200000000000000000e+01,1.381409075200000000e+10,1.072877797376000000e+12,2.538702011108398438e+00
1.370000000000000000e+03,2.609000000000000000e+03,7.659290823282023553e+01,2.000000000000000111e-01,1.930000000000000000e+02,9.313193600000000000e+08,2.103257825280000000e+11,1.091748252511024475e-01
6.110000000000000000e+02,3.747000000000000000e+03,1.629656525116257342e+02,1.542115846551579128e-01,1.400000000000000000e+01,4.285676339200000000e+10,1.507835248640000000e+12,3.455087184906005859e+00
3.545000000000000000e+03,2.654000000000000000e+03,1.630049649430794716e+02,1.087856586440842377e-01,3.290000000000000000e+02,6.598870400000000000e+08,1.364238008320000000e+11,2.214580960571765900e-02
1.580000000000000000e+03,2.115000000000000000e+03,6.038372492231943767e+01,1.567630989332169100e-01,5.500000000000000000e+01,2.193723596800000000e+10,7.420609822720000000e+11,5.831490755081176758e-01
5.980000000000000000e+02,2.619000000000000000e+03,7.402771326634608613e+02,1.034482758620689641e-01,1.800000000000000000e+01,1.623037542400000000e+10,1.491725320192000000e+12,5.082186508178710938e+01
3.122000000000000000e+03,1.058000000000000000e+03,9.753001091615271889e+01,1.961161351381840168e-01,3.100000000000000000e+01,1.766500556800000000e+10,1.050311589888000000e+12,3.384711980819702148e+00
2.514000000000000000e+03,1.017000000000000000e+03,6.977986529241327673e+01,1.397542485937368628e-01,5.000000000000000000e+00,3.258369433600000000e+10,1.944343412736000000e+12,3.667835891246795654e-01
1.684000000000000000e+03,1.069000000000000000e+03,2.320939467762143806e+02,1.176470588235294101e-01,2.020000000000000000e+02,1.417090816000000000e+09,2.877716234240000000e+11,2.775177061557769775e-01
3.984000000000000000e+03,2.430000000000000000e+03,3.079271381034790238e+02,3.571428571428571230e-02,2.200000000000000000e+01,3.011985612800000000e+10,1.264861839360000000e+12,0.000000000000000000e+00
6.130000000000000000e+02,3.754000000000000000e+03,1.104064909901236575e+02,1.034482758620689641e-01,1.400000000000000000e+01,4.285676339200000000e+10,1.507835248640000000e+12,3.455087184906005859e+00
1.992000000000000000e+03,3.381000000000000000e+03,1.618319813940769620e+02,1.581138830084189706e-01,1.060000000000000000e+02,2.987837184000000000e+09,4.844249415680000000e+11,3.978361785411834717e-01
3.502000000000000000e+03,1.280000000000000000e+03,3.753370408593196572e+01,2.000000000000000111e-01,2.670000000000000000e+02,7.275599360000000000e+08,2.176592773120000000e+11,8.171679824590682983e-02
3.571000000000000000e+03,1.411000000000000000e+03,6.615888637142791140e+01,1.315334104411640948e-01,1.690000000000000000e+02,1.989236992000000000e+09,3.081782558720000000e+11,2.696634232997894287e-01
3.240000000000000000e+02,5.930000000000000000e+02,1.832983447737205438e+02,1.111111111111111049e-01,1.460000000000000000e+02,1.005128384000000000e+09,3.474091212800000000e+11,3.189797103404998779e-01
3.305000000000000000e+03,3.310000000000000000e+03,2.071949683290177404e+02,1.860807318911967267e-01,2.000000000000000000e+00,2.817368064000000000e+10,3.130425081856000000e+12,8.803648948669433594e+00
1.420000000000000000e+03,1.429000000000000000e+03,1.139411091317850264e+02,1.176877882894626220e-01,1.260000000000000000e+02,4.160075520000000000e+09,3.984403005440000000e+11,1.379993796348571777e+00
2.807000000000000000e+03,2.402000000000000000e+03,6.824525334881336391e+01,8.318903308077030267e-02,2.130000000000000000e+02,1.042019712000000000e+09,2.757443584000000000e+11,3.763999044895172119e-01
1.127000000000000000e+03,3.888000000000000000e+03,1.448364219668769692e+02,1.689656258416172008e-01,3.000000000000000000e+00,3.762573721600000000e+10,2.640144498688000000e+12,1.831436872482299805e+00
3.115000000000000000e+03,3.460000000000000000e+02,8.129894547765053403e+01,1.860163329510811370e-01,1.410000000000000000e+02,1.149059840000000000e+09,2.718584832000000000e+11,7.850439548492431641e-01
3.316000000000000000e+03,1.279000000000000000e+03,5.032280314775459829e+01,1.756820922315766309e-01,1.450000000000000000e+02,2.051864320000000000e+09,3.555906682880000000e+11,3.473100960254669189e-01
2.720000000000000000e+03,1.499000000000000000e+03,4.385467079259432239e+02,3.846153846153846367e-02,3.500000000000000000e+01,2.962417459200000000e+10,9.809144053760000000e+11,6.172360420227050781e+00
9.420000000000000000e+02,3.815000000000000000e+03,1.723467093342010514e+02,1.963383631246505001e-01,8.100000000000000000e+01,7.719323136000000000e+09,5.698018344960000000e+11,5.399097129702568054e-02
1.687000000000000000e+03,1.066000000000000000e+03,9.600437943212872938e+01,1.860163329510811370e-01,2.020000000000000000e+02,1.417090816000000000e+09,2.877716234240000000e+11,2.775177061557769775e-01
3.826000000000000000e+03,3.389000000000000000e+03,8.867242585382616937e+01,9.722034684781695468e-02,7.100000000000000000e+01,8.651307008000000000e+09,6.954382786560000000e+11,3.705672323703765869e-01
1.591000000000000000e+03,2.527000000000000000e+03,2.240237726348526621e+02,1.242259987499883256e-01,1.740000000000000000e+02,3.833967872000000000e+09,3.328998113280000000e+11,5.388898253440856934e-01
2.725000000000000000e+03,1.331000000000000000e+03,2.006493519978124596e+02,0.000000000000000000e+00,1.960000000000000000e+02,1.600720000000000000e+09,2.870359490560000000e+11,1.783280670642852783e-01
1.118000000000000000e+03,3.883000000000000000e+03,6.618524213981524440e+01,1.388888888888888951e-01,3.000000000000000000e+00,3.762573721600000000e+10,2.640144498688000000e+12,1.831436872482299805e+00
3.135000000000000000e+03,3.658000000000000000e+03,5.781639712216173166e+01,1.428571428571428492e-01,2.910000000000000000e+02,4.933715520000000000e+08,1.523767541760000000e+11,1.369045227766036987e-01
3.990000000000000000e+03,2.428000000000000000e+03,7.999939627334738645e+01,1.923273145405179907e-01,2.200000000000000000e+01,3.011985612800000000e+10,1.264861839360000000e+12,0.000000000000000000e+00
1.271000000000000000e+03,3.928000000000000000e+03,1.200091571532109924e+02,9.753196981883414940e-02,1.700000000000000000e+01,3.641467289600000000e+10,1.465478807552000000e+12,4.167245388031005859e+00
1.811000000000000000e+03,2.169000000000000000e+03,2.705475571711303928e+01,1.733359497447742315e-01,1.000000000000000000e+00,6.157198950400000000e+10,4.416137068544000000e+12,4.520943015813827515e-02
9.960000000000000000e+02,1.264000000000000000e+03,8.004270258876560717e+01,1.756820922315766309e-01,1.570000000000000000e+02,1.903270912000000000e+09,3.250880839680000000e+11,4.719173014163970947e-01
2.153000000000000000e+03,8.900000000000000000e+01,6.438366351218397199e+01,1.720052290384453675e-01,3.400000000000000000e+01,2.207638323200000000e+10,1.046548774912000000e+12,1.211993932723999023e+00
4.190000000000000000e+02,1.782000000000000000e+03,1.056183768407600212e+02,1.538461538461538547e-01,2.860000000000000000e+02,3.513638080000000000e+08,1.296971448320000000e+11,2.994026429951190948e-02
2.877000000000000000e+03,5.320000000000000000e+02,4.289101447154290270e+01,1.663780661615406053e-01,1.620000000000000000e+02,1.652777856000000000e+09,3.143790100480000000e+11,2.708716392517089844e-01
8.540000000000000000e+02,2.167000000000000000e+03,6.083131824872818072e+01,1.720052290384453675e-01,3.600000000000000000e+01,2.155912396800000000e+10,1.085298507776000000e+12,2.135843515396118164e+00
9.150000000000000000e+02,1.400000000000000000e+03,9.278023960910024925e+01,5.882352941176470507e-02,1.650000000000000000e+02,5.347155520000000000e+08,3.105895219200000000e+11,6.146562099456787109e-02
5.230000000000000000e+02,2.166000000000000000e+03,3.819918514626330079e+02,7.443229275647869625e-02,8.900000000000000000e+01,6.515340800000000000e+09,4.246592880640000000e+11,1.049532413482666016e+00
3.672000000000000000e+03,4.400000000000000000e+02,4.026150632005458618e+01,1.874138920735300140e-01,7.700000000000000000e+01,8.184467456000000000e+09,6.611352944640000000e+11,5.086567997932434082e-01
1.770000000000000000e+02,2.341000000000000000e+03,7.992002453641127602e+01,1.756820922315766309e-01,1.790000000000000000e+02,2.816224256000000000e+09,3.195419361280000000e+11,3.078545928001403809e-01
2.080000000000000000e+02,1.260000000000000000e+03,8.442280464079878755e+01,1.767766952966368932e-01,2.230000000000000000e+02,3.540148480000000000e+09,2.356820377600000000e+11,2.054082304239273071e-01
3.678000000000000000e+03,2.898000000000000000e+03,1.549662630969853296e+02,3.448275862068965469e-02,1.900000000000000000e+01,2.456189337600000000e+10,1.437959847936000000e+12,4.980907142162322998e-01
1.157000000000000000e+03,1.693000000000000000e+03,5.735094761031961497e+01,1.756820922315766309e-01,1.130000000000000000e+02,2.778995916800000000e+10,3.163079311360000000e+11,0.000000000000000000e+00
6.420000000000000000e+02,1.620000000000000000e+03,8.105318077852247427e+01,1.428571428571428492e-01,1.000000000000000000e+02,7.406679040000000000e+09,5.591275929600000000e+11,7.902584671974182129e-01
3.529000000000000000e+03,2.199000000000000000e+03,1.654351185997308562e+02,1.242259987499883256e-01,1.720000000000000000e+02,2.003181440000000000e+09,3.155775324160000000e+11,2.163498550653457642e-01
2.304000000000000000e+03,1.552000000000000000e+03,1.033638585187812993e+02,1.397542485937368628e-01,2.150000000000000000e+02,1.369988096000000000e+09,2.466562375680000000e+11,1.694831103086471558e-01
1.690000000000000000e+03,1.577000000000000000e+03,6.685320235658829802e+01,2.000000000000000111e-01,1.050000000000000000e+02,3.697087744000000000e+09,4.976978165760000000e+11,1.093283891677856445e+00
2.243000000000000000e+03,1.354000000000000000e+03,2.212078487551836474e+02,1.928473039599674921e-01,6.300000000000000000e+01,5.047442432000000000e+09,6.099794657280000000e+11,2.344955205917358398e+00
3.577000000000000000e+03,3.409000000000000000e+03,6.194945158338857709e+02,5.000000000000000278e-02,1.220000000000000000e+02,4.187620096000000000e+09,4.638568939520000000e+11,5.724893808364868164e-01
2.697000000000000000e+03,1.574000000000000000e+03,2.504115763388897449e+02,1.111111111111111049e-01,1.080000000000000000e+02,1.689661696000000000e+09,3.681333084160000000e+11,3.743849694728851318e-01
3.325000000000000000e+03,1.076000000000000000e+03,1.872954452960036349e+02,9.090909090909091161e-02,6.500000000000000000e+01,5.798317568000000000e+09,6.672032727040000000e+11,1.531720995903015137e+00
2.643000000000000000e+03,2.855000000000000000e+03,2.691720032343944808e+02,1.178511301977579334e-01,5.600000000000000000e+01,1.586118144000000000e+10,7.945620684800000000e+11,1.549731612205505371e+00
2.252000000000000000e+03,1.096000000000000000e+03,3.256596645423298497e+01,1.542115846551579128e-01,3.000000000000000000e+01,2.774474752000000000e+10,1.397942386688000000e+12,0.000000000000000000e+00
2.608000000000000000e+03,8.830000000000000000e+02,5.325739736146730507e+01,1.720052290384453675e-01,3.430000000000000000e+02,4.422740480000000000e+08,1.289499361280000000e+11,1.331258192658424377e-02
2.149000000000000000e+03,1.511000000000000000e+03,2.561263158707404841e+02,0.000000000000000000e+00,1.440000000000000000e+02,2.277439488000000000e+09,2.997811609600000000e+11,2.741142213344573975e-01
7.100000000000000000e+02,2.389000000000000000e+03,6.827639504540132975e+01,1.756820922315766309e-01,1.500000000000000000e+02,1.719264640000000000e+09,3.491925852160000000e+11,3.049979805946350098e-01
3.083000000000000000e+03,1.261000000000000000e+03,1.376314662506148352e+02,1.716929178792375721e-01,7.400000000000000000e+01,5.023833600000000000e+09,5.444143677440000000e+11,3.966262638568878174e-01
1.300000000000000000e+03,2.023000000000000000e+03,9.815789841943320937e+01,1.961161351381840168e-01,3.800000000000000000e+01,1.030433177600000000e+10,9.779833077760000000e+11,7.185483574867248535e-01
3.716000000000000000e+03,1.129000000000000000e+03,5.156444275828251023e+01,1.499999999999999944e-01,9.900000000000000000e+01,4.183457280000000000e+09,4.913350901760000000e+11,5.355432629585266113e-01
2.599000000000000000e+03,8.320000000000000000e+02,1.997422820623930022e+02,1.243293543263444545e-01,1.300000000000000000e+01,2.367379046400000000e+10,1.408263389184000000e+12,6.113696098327636719e+00
1.491000000000000000e+03,1.700000000000000000e+03,6.495169903205108142e+01,1.538461538461538547e-01,3.270000000000000000e+02,4.838972160000000000e+08,1.434706575360000000e+11,1.223590448498725891e-01
1.210000000000000000e+02,3.070000000000000000e+03,8.223067320868625529e+01,1.860163329510811370e-01,1.910000000000000000e+02,1.224226560000000000e+09,2.916619386880000000e+11,2.821713387966156006e-01
1.908000000000000000e+03,3.881000000000000000e+03,1.182990441819598857e+02,7.692307692307692735e-02,3.250000000000000000e+02,4.502778560000000000e+08,1.259846533120000000e+11,4.601342231035232544e-02
3.295000000000000000e+03,2.744000000000000000e+03,9.788517176683190257e+01,1.863389981249824745e-01,2.800000000000000000e+01,1.097422540800000000e+10,7.864553308160000000e+11,1.368543982505798340e+00
1.274000000000000000e+03,3.928000000000000000e+03,8.104499943985301513e+01,1.856953381770518607e-01,1.700000000000000000e+01,3.641467289600000000e+10,1.465478807552000000e+12,4.167245388031005859e+00
1.193000000000000000e+03,8.780000000000000000e+02,1.550923449376370229e+02,6.666666666666666574e-02,2.590000000000000000e+02,7.167869440000000000e+08,1.949175971840000000e+11,1.137149333953857422e-01
3.500000000000000000e+03,3.202000000000000000e+03,5.329121331632964598e+01,1.374903330507991073e-01,5.200000000000000000e+01,9.552431104000000000e+09,7.089194926080000000e+11,3.984834671020507812e+00
3.676000000000000000e+03,4.440000000000000000e+02,1.607528295007612087e+02,1.363636363636363535e-01,7.700000000000000000e+01,8.184467456000000000e+09,6.611352944640000000e+11,5.086567997932434082e-01
1.680000000000000000e+02,3.240000000000000000e+03,1.006116362782275928e+02,1.767766952966368932e-01,1.780000000000000000e+02,4.079923200000000000e+08,2.321770741760000000e+11,9.790688753128051758e-02
1.914000000000000000e+03,3.894000000000000000e+03,1.856067693994032197e+02,1.851851851851851749e-01,2.300000000000000000e+01,3.924919910400000000e+10,1.211719614464000000e+12,8.107573509216308594e+00
2.090000000000000000e+02,1.055000000000000000e+03,6.408291454162568357e+01,1.716929178792375721e-01,5.400000000000000000e+01,7.008146944000000000e+09,5.634084044800000000e+11,5.607416629791259766e-01
3.209000000000000000e+03,1.962000000000000000e+03,1.494340468588944475e+02,1.346870059402947850e-01,9.500000000000000000e+01,6.686404608000000000e+09,5.159017840640000000e+11,9.251435995101928711e-01
1.192000000000000000e+03,8.760000000000000000e+02,1.849511709754789308e+02,1.885618083164126990e-01,2.590000000000000000e+02,7.167869440000000000e+08,1.949175971840000000e+11,1.137149333953857422e-01
2.413000000000000000e+03,1.298000000000000000e+03,2.010938735203155261e+02,1.666666666666666574e-01,9.000000000000000000e+00,3.914225254400000000e+10,1.627581579264000000e+12,2.495837211608886719e+00
3.117000000000000000e+03,3.420000000000000000e+02,5.892056791979512553e+01,1.860163329510811370e-01,1.410000000000000000e+02,1.149059840000000000e+09,2.718584832000000000e+11,7.850439548492431641e-01
2.878000000000000000e+03,5.300000000000000000e+02,6.216020296201424600e+01,1.764705882352941291e-01,1.620000000000000000e+02,1.652777856000000000e+09,3.143790100480000000e+11,2.708716392517089844e-01
1.121000000000000000e+03,3.887000000000000000e+03,6.555610251184435811e+01,0.000000000000000000e+00,3.000000000000000000e+00,3.762573721600000000e+10,2.640144498688000000e+12,1.831436872482299805e+00
2.834000000000000000e+03,3.197000000000000000e+03,7.670829445675401814e+01,1.976423537605237202e-01,1.550000000000000000e+02,6.848323840000000000e+08,2.344852357120000000e+11,2.412156015634536743e-01
3.190000000000000000e+02,1.476000000000000000e+03,5.790530015613616399e+01,1.631868123374091983e-01,8.000000000000000000e+00,5.188821811200000000e+10,2.186460135424000000e+12,5.949957370758056641e-01
3.663000000000000000e+03,3.421000000000000000e+03,3.207291752657831125e+02,1.317615691736824801e-01,5.900000000000000000e+01,1.048679833600000000e+10,7.828546519040000000e+11,5.260182619094848633e-01
1.121000000000000000e+03,3.885000000000000000e+03,8.711874889416070289e+01,5.555555555555555247e-02,3.000000000000000000e+00,3.762573721600000000e+10,2.640144498688000000e+12,1.831436872482299805e+00
2.582000000000000000e+03,2.300000000000000000e+02,3.368329692987617818e+01,1.767766952966368932e-01,2.540000000000000000e+02,3.900685120000000000e+08,2.271090442240000000e+11,3.730879351496696472e-02
3.502000000000000000e+03,1.278000000000000000e+03,6.367997214967297737e+01,6.666666666666666574e-02,2.670000000000000000e+02,7.275599360000000000e+08,2.176592773120000000e+11,8.171679824590682983e-02
3.500000000000000000e+02,3.278000000000000000e+03,8.353463747201050182e+01,1.756820922315766309e-01,1.540000000000000000e+02,3.507972096000000000e+09,3.577351372800000000e+11,3.598425090312957764e-01
1.811000000000000000e+03,2.170000000000000000e+03,2.760101894940856937e+01,1.505846504842085487e-01,1.000000000000000000e+00,6.157198950400000000e+10,4.416137068544000000e+12,4.520943015813827515e-02
1.623000000000000000e+03,6.000000000000000000e+01,1.230121625760277340e+02,1.052631578947368363e-01,1.270000000000000000e+02,3.045517312000000000e+09,4.335536701440000000e+11,6.563200950622558594e-01
1.025000000000000000e+03,1.180000000000000000e+02,5.096294628502817403e+01,2.000000000000000111e-01,1.590000000000000000e+02,1.061124736000000000e+09,1.873017241600000000e+11,3.843583166599273682e-01
1.675000000000000000e+03,2.128000000000000000e+03,8.384220602049440174e+01,1.716929178792375721e-01,9.400000000000000000e+01,3.051343872000000000e+09,5.484187811840000000e+11,4.253889322280883789e-01
1.923000000000000000e+03,3.896000000000000000e+03,1.096125706822870711e+02,1.888525745775105347e-01,2.300000000000000000e+01,3.924919910400000000e+10,1.211719614464000000e+12,8.107573509216308594e+00
2.743000000000000000e+03,2.877000000000000000e+03,3.704398136385696461e+01,1.442624501612767562e-01,1.600000000000000000e+01,3.269567692800000000e+10,1.808104685568000000e+12,0.000000000000000000e+00
3.311000000000000000e+03,3.306000000000000000e+03,2.698204270464873957e+02,1.341847240419153930e-01,2.000000000000000000e+00,2.817368064000000000e+10,3.130425081856000000e+12,8.803648948669433594e+00
2.961000000000000000e+03,3.238000000000000000e+03,7.908908608805825224e+01,7.856742013183862228e-02,1.860000000000000000e+02,2.221791744000000000e+09,3.187015680000000000e+11,4.008580744266510010e-01
1.870000000000000000e+03,1.622000000000000000e+03,3.044737435415890303e+01,1.764705882352941291e-01,2.310000000000000000e+02,1.263542400000000000e+09,2.653549035520000000e+11,1.655300408601760864e-01
2.330000000000000000e+02,3.059000000000000000e+03,4.558687022401544198e+01,1.087856586440842377e-01,2.520000000000000000e+02,3.751715200000000000e+08,1.336153374720000000e+11,1.971790567040443420e-02
3.400000000000000000e+03,2.935000000000000000e+03,6.599238551520224405e+01,1.567630989332169100e-01,6.600000000000000000e+01,1.370071859200000000e+10,7.471679406080000000e+11,1.815132617950439453e+00
2.512000000000000000e+03,1.017000000000000000e+03,1.277886665837642397e+02,1.250000000000000000e-01,5.000000000000000000e+00,3.258369433600000000e+10,1.944343412736000000e+12,3.667835891246795654e-01
3.752000000000000000e+03,1.155000000000000000e+03,3.284841298742897209e+01,1.176470588235294101e-01,2.060000000000000000e+02,1.421491456000000000e+09,2.958128906240000000e+11,2.106096446514129639e-01
3.315000000000000000e+03,3.305000000000000000e+03,1.306551040661075263e+02,1.765316824341939261e-01,2.000000000000000000e+00,2.817368064000000000e+10,3.130425081856000000e+12,8.803648948669433594e+00
3.560000000000000000e+03,1.232000000000000000e+03,1.213489155658182170e+02,1.860163329510811370e-01,2.270000000000000000e+02,1.446616960000000000e+09,2.703301345280000000e+11,2.566079795360565186e-01
4.270000000000000000e+02,1.839000000000000000e+03,8.819089885528516959e+01,1.379310344827586188e-01,4.000000000000000000e+00,2.216379187200000000e+10,1.423872098304000000e+12,1.059899687767028809e+00
4.220000000000000000e+02,1.782000000000000000e+03,9.852476360891280649e+01,7.692307692307692735e-02,2.860000000000000000e+02,3.513638080000000000e+08,1.296971448320000000e+11,2.994026429951190948e-02
1.796000000000000000e+03,1.245000000000000000e+03,6.263146443422544252e+01,1.664356663246515655e-01,1.340000000000000000e+02,4.072726016000000000e+09,3.920445112320000000e+11,1.558072865009307861e-01
2.654000000000000000e+03,2.842000000000000000e+03,6.954669868567224000e+01,1.666666666666666574e-01,3.500000000000000000e+02,3.723372480000000000e+08,1.038927544320000000e+11,1.821991987526416779e-02
1.048000000000000000e+03,6.320000000000000000e+02,4.573037195784848308e+01,1.490711984999859852e-01,2.600000000000000000e+02,1.858317312000000000e+09,2.057553674240000000e+11,7.710270881652832031e-01
3.398000000000000000e+03,3.884000000000000000e+03,1.093854770968267616e+02,1.875000000000000000e-01,2.370000000000000000e+02,1.394494720000000000e+09,2.391590338560000000e+11,2.944625318050384521e-01
3.306000000000000000e+03,3.312000000000000000e+03,1.683428719489575940e+02,1.600726981657426273e-01,2.000000000000000000e+00,2.817368064000000000e+10,3.130425081856000000e+12,8.803648948669433594e+00
1.880000000000000000e+02,2.723000000000000000e+03,6.370071521725549246e+01,1.499999999999999944e-01,1.170000000000000000e+02,1.784323712000000000e+09,5.036438650880000000e+11,4.591844975948333740e-01
3.312000000000000000e+03,3.318000000000000000e+03,2.438557797100961295e+02,1.842105263157894635e-01,2.000000000000000000e+00,2.817368064000000000e+10,3.130425081856000000e+12,8.803648948669433594e+00
3.710000000000000000e+02,1.327000000000000000e+03,8.133710136274713420e+01,1.600781059358212244e-01,0.000000000000000000e+00,6.791713996800000000e+10,3.866329874432000000e+12,5.838018655776977539e-01
1.921000000000000000e+03,3.899000000000000000e+03,1.208745978308044613e+02,1.335389361282958987e-01,2.300000000000000000e+01,3.924919910400000000e+10,1.211719614464000000e+12,8.107573509216308594e+00
3.181000000000000000e+03,2.635000000000000000e+03,2.748394389352532841e+01,1.976423537605237202e-01,2.580000000000000000e+02,8.594154240000000000e+08,2.331650129920000000e+11,5.989834293723106384e-02
6.090000000000000000e+02,8.790000000000000000e+02,1.475770607082418167e+02,1.374903330507991073e-01,7.300000000000000000e+01,1.833807257600000000e+10,6.925092782080000000e+11,3.555294871330261230e-01
3.690000000000000000e+02,1.328000000000000000e+03,8.260088925160842166e+01,1.581138830084189706e-01,0.000000000000000000e+00,6.791713996800000000e+10,3.866329874432000000e+12,5.838018655776977539e-01
2.597000000000000000e+03,8.260000000000000000e+02,1.085538462400918718e+02,1.724137931034482873e-01,1.300000000000000000e+01,2.367379046400000000e+10,1.408263389184000000e+12,6.113696098327636719e+00
2.774000000000000000e+03,3.380000000000000000e+02,3.165711869363019204e+01,1.764705882352941291e-01,2.080000000000000000e+02,1.508241280000000000e+09,2.930831523840000000e+11,9.406410157680511475e-02
3.698000000000000000e+03,1.209000000000000000e+03,1.211735486724082591e+02,1.397542485937368628e-01,1.560000000000000000e+02,1.485463936000000000e+09,2.239134924800000000e+11,2.409477382898330688e-01
3.120000000000000000e+02,1.468000000000000000e+03,2.804728321527677437e+01,1.916531915253563423e-01,8.000000000000000000e+00,5.188821811200000000e+10,2.186460135424000000e+12,5.949957370758056641e-01
2.994000000000000000e+03,3.000000000000000000e+01,8.153687753620536682e+01,1.795054935711501154e-01,1.100000000000000000e+01,3.217836032000000000e+10,1.621931982848000000e+12,9.086136817932128906e-01
1.834000000000000000e+03,8.630000000000000000e+02,8.143861234182655551e+01,1.767766952966368932e-01,2.410000000000000000e+02,4.520856000000000000e+08,2.227093340160000000e+11,1.034945324063301086e-01
1.720000000000000000e+02,2.144000000000000000e+03,5.431001021879886537e+01,2.000000000000000111e-01,2.800000000000000000e+02,7.535530880000000000e+08,1.993198469120000000e+11,6.548240035772323608e-02
2.249000000000000000e+03,1.097000000000000000e+03,2.339285050705916547e+01,1.090440572471854941e-01,3.000000000000000000e+01,2.774474752000000000e+10,1.397942386688000000e+12,0.000000000000000000e+00
3.620000000000000000e+02,1.321000000000000000e+03,9.192398752142389640e+01,1.274754878398196012e-01,0.000000000000000000e+00,6.791713996800000000e+10,3.866329874432000000e+12,5.838018655776977539e-01
2.410000000000000000e+03,1.292000000000000000e+03,1.482768933920090433e+02,1.054092553389459896e-01,9.000000000000000000e+00,3.914225254400000000e+10,1.627581579264000000e+12,2.495837211608886719e+00
3.673000000000000000e+03,4.420000000000000000e+02,2.899264175258266505e+02,1.437398936440172637e-01,7.700000000000000000e+01,8.184467456000000000e+09,6.611352944640000000e+11,5.086567997932434082e-01
3.306000000000000000e+03,1.569000000000000000e+03,5.069004176822787144e+02,0.000000000000000000e+00,7.900000000000000000e+01,9.134831616000000000e+09,5.912709038080000000e+11,6.035826802253723145e-01
2.132000000000000000e+03,3.770000000000000000e+02,2.471542898703787330e+02,6.250000000000000000e-02,2.380000000000000000e+02,6.961411200000000000e+08,2.244707778560000000e+11,8.804488927125930786e-02
2.503000000000000000e+03,4.320000000000000000e+02,1.363016579330033835e+02,1.897658566033678385e-01,1.100000000000000000e+02,2.271716608000000000e+09,4.323528212480000000e+11,2.722533047199249268e-01
1.710000000000000000e+02,2.143000000000000000e+03,6.979580129632446983e+01,1.490711984999859852e-01,2.800000000000000000e+02,7.535530880000000000e+08,1.993198469120000000e+11,6.548240035772323608e-02
2.092000000000000000e+03,1.127000000000000000e+03,3.844817065599335137e+01,1.538461538461538547e-01,3.230000000000000000e+02,4.857498240000000000e+08,1.404550348800000000e+11,9.027890861034393311e-02
2.858000000000000000e+03,3.556000000000000000e+03,7.726081093413446865e+01,1.724137931034482873e-01,1.500000000000000000e+01,2.484295680000000000e+10,1.361350492160000000e+12,1.479203462600708008e+00
3.988000000000000000e+03,2.426000000000000000e+03,1.040312845024332660e+02,1.785714285714285754e-01,2.200000000000000000e+01,3.011985612800000000e+10,1.264861839360000000e+12,0.000000000000000000e+00
1.857000000000000000e+03,9.720000000000000000e+02,4.902799206743197402e+01,1.597191412499849861e-01,2.710000000000000000e+02,4.389726080000000000e+08,1.701917163520000000e+11,1.421170681715011597e-01
3.095000000000000000e+03,3.651000000000000000e+03,3.095584904035884506e+02,6.987712429686843141e-02,1.200000000000000000e+01,3.804662169600000000e+10,1.865792618496000000e+12,1.976391410827636719e+01
3.575000000000000000e+03,3.410000000000000000e+03,3.790758187966289370e+02,1.000000000000000056e-01,1.220000000000000000e+02,4.187620096000000000e+09,4.638568939520000000e+11,5.724893808364868164e-01
1.325000000000000000e+03,1.614000000000000000e+03,2.700657776218739627e+02,1.860163329510811370e-01,1.820000000000000000e+02,1.194767488000000000e+09,2.648773918720000000e+11,2.541265189647674561e-01
3.042000000000000000e+03,3.296000000000000000e+03,6.137542931771979937e+01,1.374368541872553473e-01,2.000000000000000000e+01,3.612656025600000000e+10,1.626098892800000000e+12,1.186937093734741211e-01
7.450000000000000000e+02,2.812000000000000000e+03,1.025023096026165206e+02,2.000000000000000111e-01,3.300000000000000000e+01,1.520119193600000000e+10,9.712469934080000000e+11,1.588283777236938477e+00
3.958000000000000000e+03,2.662000000000000000e+03,1.167760051468581395e+02,1.242259987499883256e-01,1.530000000000000000e+02,1.981627264000000000e+09,3.649454735360000000e+11,1.969299316406250000e-01
2.977000000000000000e+03,1.025000000000000000e+03,4.914317171408401919e+01,1.490711984999859852e-01,2.680000000000000000e+02,3.408276480000000000e+08,1.987310223360000000e+11,1.274035722017288208e-01
3.700000000000000000e+02,1.320000000000000000e+03,1.577687687867512238e+02,9.013878188659972535e-02,0.000000000000000000e+00,6.791713996800000000e+10,3.866329874432000000e+12,5.838018655776977539e-01
2.132000000000000000e+03,3.790000000000000000e+02,2.553982191585497930e+01,1.397542485937368628e-01,2.380000000000000000e+02,6.961411200000000000e+08,2.244707778560000000e+11,8.804488927125930786e-02
3.433000000000000000e+03,1.428000000000000000e+03,1.161246942132160456e+02,1.488645855129573925e-01,1.180000000000000000e+02,3.062268160000000000e+09,4.329599795200000000e+11,4.076516926288604736e-01
1.412000000000000000e+03,2.064000000000000000e+03,1.454063745701936909e+02,1.818181818181818232e-01,3.510000000000000000e+02,1.226646528000000000e+09,8.068518707200000000e+10,4.981650784611701965e-02
1.820000000000000000e+03,2.174000000000000000e+03,4.013940387095815510e+01,1.733359497447742315e-01,1.000000000000000000e+00,6.157198950400000000e+10,4.416137068544000000e+12,4.520943015813827515e-02
5.720000000000000000e+02,3.860000000000000000e+02,8.612636077730354600e+01,9.428090415820634951e-02,2.850000000000000000e+02,9.892684160000000000e+08,1.909612216320000000e+11,8.622801303863525391e-02
1.052000000000000000e+03,9.000000000000000000e+02,7.053844537142728086e+02,1.242259987499883256e-01,1.700000000000000000e+02,2.635359488000000000e+09,3.293433692160000000e+11,4.095209240913391113e-01
2.514000000000000000e+03,2.638000000000000000e+03,2.156752510158377447e+02,7.142857142857142461e-02,2.890000000000000000e+02,5.283338560000000000e+08,1.709418905600000000e+11,7.025370001792907715e-02
3.076000000000000000e+03,2.301000000000000000e+03,9.601808069313592853e+01,7.142857142857142461e-02,2.940000000000000000e+02,7.916176640000000000e+08,1.790835589120000000e+11,1.033505648374557495e-01
1.858000000000000000e+03,6.400000000000000000e+02,8.186693767502107733e+01,1.064794274999899953e-01,8.400000000000000000e+01,7.238528512000000000e+09,5.277208739840000000e+11,1.416770100593566895e+00
3.396000000000000000e+03,1.755000000000000000e+03,8.556090503340737996e+01,1.663780661615406053e-01,2.050000000000000000e+02,1.662369152000000000e+09,2.801193123840000000e+11,1.934467852115631104e-01
1.609000000000000000e+03,3.678000000000000000e+03,1.202610980023634397e+02,1.490711984999859852e-01,2.260000000000000000e+02,6.538135680000000000e+08,1.852462039040000000e+11,1.417953968048095703e-01
2.192000000000000000e+03,3.715000000000000000e+03,1.561109419271484171e+02,1.315334104411640948e-01,1.120000000000000000e+02,8.785539200000000000e+08,3.099460239360000000e+11,1.412641167640686035e+00
2.391000000000000000e+03,9.060000000000000000e+02,1.307633132569751240e+02,1.397542485937368628e-01,1.980000000000000000e+02,1.700113280000000000e+09,2.217990389760000000e+11,1.600320488214492798e-01
3.060000000000000000e+02,2.091000000000000000e+03,9.759324685339426253e+01,6.250000000000000000e-02,2.570000000000000000e+02,7.093384960000000000e+08,2.261990277120000000e+11,7.845331728458404541e-02
2.690000000000000000e+02,2.620000000000000000e+02,1.191947363692318618e+02,8.838834764831844659e-02,2.350000000000000000e+02,3.835418560000000000e+08,2.558666014720000000e+11,3.988758474588394165e-02
1.913000000000000000e+03,3.895000000000000000e+03,1.291059625507973294e+02,1.994505484123890171e-01,2.300000000000000000e+01,3.924919910400000000e+10,1.211719614464000000e+12,8.107573509216308594e+00
3.534000000000000000e+03,2.200000000000000000e+03,2.670669692508788273e+01,1.666666666666666574e-01,1.720000000000000000e+02,2.003181440000000000e+09,3.155775324160000000e+11,2.163498550653457642e-01
6.730000000000000000e+02,2.479000000000000000e+03,8.928088243059136175e+01,1.171213948210510919e-01,2.500000000000000000e+01,1.637902950400000000e+10,1.113396346880000000e+12,1.996217012405395508e+00
3.181000000000000000e+03,2.639000000000000000e+03,9.012641413400200463e+01,8.838834764831844659e-02,2.580000000000000000e+02,8.594154240000000000e+08,2.331650129920000000e+11,5.989834293723106384e-02
2.806000000000000000e+03,3.183000000000000000e+03,1.416860042241516453e+02,1.229750923802691437e-01,6.800000000000000000e+01,8.798078976000000000e+09,7.372794101760000000e+11,1.334026694297790527e+00
1.690000000000000000e+02,3.243000000000000000e+03,6.171384622162477740e+01,1.976423537605237202e-01,1.780000000000000000e+02,4.079923200000000000e+08,2.321770741760000000e+11,9.790688753128051758e-02
3.394000000000000000e+03,2.272000000000000000e+03,7.333490370587601603e+01,1.764705882352941291e-01,2.000000000000000000e+02,1.618048256000000000e+09,2.718396088320000000e+11,4.473841786384582520e-01
4.240000000000000000e+02,1.836000000000000000e+03,9.078260613868293660e+01,1.090440572471854941e-01,4.000000000000000000e+00,2.216379187200000000e+10,1.423872098304000000e+12,1.059899687767028809e+00
3.039000000000000000e+03,3.294000000000000000e+03,1.058749641591368658e+02,1.490711984999859852e-01,2.000000000000000000e+01,3.612656025600000000e+10,1.626098892800000000e+12,1.186937093734741211e-01
3.406000000000000000e+03,2.932000000000000000e+03,9.499447118766845222e+01,1.374903330507991073e-01,6.600000000000000000e+01,1.370071859200000000e+10,7.471679406080000000e+11,1.815132617950439453e+00
2.397000000000000000e+03,2.543000000000000000e+03,9.166523054996159203e+01,1.567630989332169100e-01,4.700000000000000000e+01,8.405513728000000000e+09,7.389578526720000000e+11,2.555680990219116211e+00
2.723000000000000000e+03,1.500000000000000000e+03,6.622448217884893040e+01,1.386750490563072868e-01,3.500000000000000000e+01,2.962417459200000000e+10,9.809144053760000000e+11,6.172360420227050781e+00
1.554000000000000000e+03,2.990000000000000000e+03,5.978323139623816473e+01,1.597191412499849861e-01,2.820000000000000000e+02,4.502007040000000000e+08,1.687835607040000000e+11,1.297513842582702637e-01
2.727000000000000000e+03,1.330000000000000000e+03,4.716237105311996913e+01,1.315334104411640948e-01,1.960000000000000000e+02,1.600720000000000000e+09,2.870359490560000000e+11,1.783280670642852783e-01
6.790000000000000000e+02,9.340000000000000000e+02,2.055560149775466527e+02,1.860163329510811370e-01,1.750000000000000000e+02,1.603920384000000000e+09,3.096959713280000000e+11,1.232247829437255859e+00
3.675000000000000000e+03,2.899000000000000000e+03,6.648295151638808420e+01,1.421760560557814024e-01,1.900000000000000000e+01,2.456189337600000000e+10,1.437959847936000000e+12,4.980907142162322998e-01
4.420000000000000000e+02,2.789000000000000000e+03,7.374394399223550067e+01,1.863389981249824745e-01,4.900000000000000000e+01,7.912558592000000000e+09,8.552816967680000000e+11,8.689212799072265625e-01
2.815000000000000000e+03,3.819000000000000000e+03,2.371711654909159250e+01,2.000000000000000111e-01,2.620000000000000000e+02,1.368009088000000000e+09,2.027119411200000000e+11,1.745131909847259521e-01
2.480000000000000000e+02,2.971000000000000000e+03,5.659500862765020912e+01,1.571348402636772446e-01,1.670000000000000000e+02,4.070727936000000000e+09,3.505171988480000000e+11,1.216749101877212524e-01
6.840000000000000000e+02,9.360000000000000000e+02,6.535517741549193715e+01,1.315334104411640948e-01,1.750000000000000000e+02,1.603920384000000000e+09,3.096959713280000000e+11,1.232247829437255859e+00
3.395000000000000000e+03,3.886000000000000000e+03,5.749161323247092525e+01,1.976423537605237202e-01,2.370000000000000000e+02,1.394494720000000000e+09,2.391590338560000000e+11,2.944625318050384521e-01
9.700000000000000000e+02,1.488000000000000000e+03,3.989122201222133413e+01,6.250000000000000000e-02,1.430000000000000000e+02,9.831441408000000000e+09,2.495392317440000000e+11,0.000000000000000000e+00
1.047000000000000000e+03,9.020000000000000000e+02,5.926400896854446643e+01,1.756820922315766309e-01,1.700000000000000000e+02,2.635359488000000000e+09,3.293433692160000000e+11,4.095209240913391113e-01
2.834000000000000000e+03,3.049000000000000000e+03,7.420241921630487241e+02,5.263157894736841813e-02,1.190000000000000000e+02,9.340194816000000000e+09,4.196479139840000000e+11,5.865185856819152832e-01
2.518000000000000000e+03,1.100000000000000000e+01,1.179646979536926921e+02,1.756820922315766309e-01,1.600000000000000000e+02,3.196273664000000000e+09,3.672825528320000000e+11,1.436638087034225464e-01
2.401000000000000000e+03,2.540000000000000000e+03,2.976330296061020704e+02,6.148754619013457184e-02,4.700000000000000000e+01,8.405513728000000000e+09,7.389578526720000000e+11,2.555680990219116211e+00
6.460000000000000000e+02,1.127000000000000000e+03,8.038074509688428861e+02,1.976423537605237202e-01,2.290000000000000000e+02,1.669234816000000000e+09,2.513650483200000000e+11,7.054258584976196289e-01
2.149000000000000000e+03,1.512000000000000000e+03,1.563151576514302690e+02,5.882352941176470507e-02,1.440000000000000000e+02,2.277439488000000000e+09,2.997811609600000000e+11,2.741142213344573975e-01
3.823000000000000000e+03,3.391000000000000000e+03,1.384680657116655880e+02,8.695652173913043237e-02,7.100000000000000000e+01,8.651307008000000000e+09,6.954382786560000000e+11,3.705672323703765869e-01
3.693000000000000000e+03,2.505000000000000000e+03,1.978625515857260098e+02,1.720052290384453675e-01,4.300000000000000000e+01,6.390501888000000000e+09,1.028565368832000000e+12,1.451150059700012207e+00
1.297000000000000000e+03,2.016000000000000000e+03,1.995141708332804171e+02,1.087856586440842377e-01,3.800000000000000000e+01,1.030433177600000000e+10,9.779833077760000000e+11,7.185483574867248535e-01
3.311000000000000000e+03,3.318000000000000000e+03,2.315643612182964546e+02,1.860807318911967267e-01,2.000000000000000000e+00,2.817368064000000000e+10,3.130425081856000000e+12,8.803648948669433594e+00
7.830000000000000000e+02,1.502000000000000000e+03,9.685835075173368125e+01,1.860163329510811370e-01,2.250000000000000000e+02,2.712698368000000000e+09,2.835158794240000000e+11,8.608257025480270386e-02
1.807000000000000000e+03,2.173000000000000000e+03,3.290364406374049366e+01,1.597191412499849861e-01,1.000000000000000000e+00,6.157198950400000000e+10,4.416137068544000000e+12,4.520943015813827515e-02
1.612000000000000000e+03,3.677000000000000000e+03,1.210629645195962354e+02,6.666666666666666574e-02,2.260000000000000000e+02,6.538135680000000000e+08,1.852462039040000000e+11,1.417953968048095703e-01
1.310000000000000000e+02,3.278000000000000000e+03,8.776736133931882478e+01,1.600000000000000033e-01,3.900000000000000000e+01,9.824643072000000000e+09,9.033239101440000000e+11,4.672022819519042969e+00
2.506000000000000000e+03,4.330000000000000000e+02,8.549951403552898910e+01,1.176877882894626220e-01,1.100000000000000000e+02,2.271716608000000000e+09,4.323528212480000000e+11,2.722533047199249268e-01
3.680000000000000000e+03,3.155000000000000000e+03,6.961718190451574628e+01,1.664356663246515655e-01,1.310000000000000000e+02,3.632237568000000000e+09,4.112175923200000000e+11,1.594951003789901733e-01
2.808000000000000000e+03,2.400000000000000000e+03,3.517181670646183989e+01,1.315334104411640948e-01,2.130000000000000000e+02,1.042019712000000000e+09,2.757443584000000000e+11,3.763999044895172119e-01
3.469000000000000000e+03,4.950000000000000000e+02,1.138380045532430955e+02,1.904761904761904656e-01,8.300000000000000000e+01,3.556626176000000000e+09,5.523520880640000000e+11,9.543594717979431152e-01
2.876000000000000000e+03,5.310000000000000000e+02,7.875639643615686225e+01,8.318903308077030267e-02,1.620000000000000000e+02,1.652777856000000000e+09,3.143790100480000000e+11,2.708716392517089844e-01
7.080000000000000000e+02,2.391000000000000000e+03,9.530802960512131961e+01,7.856742013183862228e-02,1.500000000000000000e+02,1.719264640000000000e+09,3.491925852160000000e+11,3.049979805946350098e-01
3.098000000000000000e+03,2.440000000000000000e+03,1.242213518297614741e+02,1.199999999999999956e-01,4.800000000000000000e+01,1.269249024000000000e+10,9.317162024960000000e+11,1.329311370849609375e+00
3.693000000000000000e+03,2.507000000000000000e+03,9.560015732909079134e+01,1.538461538461538547e-01,4.300000000000000000e+01,6.390501888000000000e+09,1.028565368832000000e+12,1.451150059700012207e+00
1.419000000000000000e+03,1.427000000000000000e+03,1.930755308739066152e+02,7.443229275647869625e-02,1.260000000000000000e+02,4.160075520000000000e+09,3.984403005440000000e+11,1.379993796348571777e+00
3.631000000000000000e+03,3.984000000000000000e+03,1.382587243893095774e+02,1.386750490563072868e-01,2.900000000000000000e+01,1.268129484800000000e+10,1.003939889152000000e+12,2.182029724121093750e+00
6.750000000000000000e+02,2.480000000000000000e+03,5.731599222565850482e+01,1.851851851851851749e-01,2.500000000000000000e+01,1.637902950400000000e+10,1.113396346880000000e+12,1.996217012405395508e+00
3.605000000000000000e+03,3.030000000000000000e+03,1.237200699457877420e+02,1.499999999999999944e-01,9.000000000000000000e+01,1.856924032000000000e+09,4.570356121600000000e+11,5.995895862579345703e-01
1.054000000000000000e+03,1.411000000000000000e+03,1.126865600863329178e+02,1.397542485937368628e-01,1.730000000000000000e+02,1.532323584000000000e+09,2.364367831040000000e+11,1.674392223358154297e-01
3.214000000000000000e+03,3.812000000000000000e+03,1.961269464109312253e+02,7.407407407407406996e-02,2.700000000000000000e+01,1.486072934400000000e+10,1.127825801216000000e+12,1.289787650108337402e+00
6.770000000000000000e+02,2.475000000000000000e+03,4.701498362284186214e+02,1.888525745775105347e-01,2.500000000000000000e+01,1.637902950400000000e+10,1.113396346880000000e+12,1.996217012405395508e+00
1.197000000000000000e+03,2.500000000000000000e+02,5.249443274391775276e+02,5.000000000000000278e-02,1.160000000000000000e+02,2.380019200000000000e+09,4.474392412160000000e+11,4.046666920185089111e-01
1.730000000000000000e+03,2.705000000000000000e+03,8.149559243806113784e+01,1.428571428571428492e-01,3.160000000000000000e+02,4.275064960000000000e+08,1.588974551040000000e+11,1.222106888890266418e-01
9.710000000000000000e+02,1.488000000000000000e+03,3.998585609846103495e+01,0.000000000000000000e+00,1.430000000000000000e+02,9.831441408000000000e+09,2.495392317440000000e+11,0.000000000000000000e+00
3.863000000000000000e+03,1.993000000000000000e+03,8.133781218635186860e+01,1.944406936956339094e-01,6.200000000000000000e+01,1.031607296000000000e+10,7.346875924480000000e+11,1.895973205566406250e+00
1.621000000000000000e+03,6.000000000000000000e+01,1.177344593922124290e+02,1.488645855129573925e-01,1.270000000000000000e+02,3.045517312000000000e+09,4.335536701440000000e+11,6.563200950622558594e-01
1.687000000000000000e+03,1.572000000000000000e+03,1.136120474185102722e+02,1.581138830084189706e-01,1.050000000000000000e+02,3.697087744000000000e+09,4.976978165760000000e+11,1.093283891677856445e+00
2.246000000000000000e+03,2.155000000000000000e+03,5.613234998643224571e+02,4.761904761904761640e-02,9.300000000000000000e+01,7.863947264000000000e+09,5.591975854080000000e+11,8.532271385192871094e-01
3.481000000000000000e+03,2.854000000000000000e+03,3.834090527668395225e+02,6.734350297014739251e-02,8.500000000000000000e+01,3.280976896000000000e+09,5.304367513600000000e+11,3.841274082660675049e-01
9.090000000000000000e+02,3.719000000000000000e+03,7.860841173169961849e+01,1.874138920735300140e-01,8.000000000000000000e+01,6.545251840000000000e+09,5.917509550080000000e+11,2.885195016860961914e+00
3.701000000000000000e+03,2.508000000000000000e+03,8.309692778308728123e+01,1.585809856006792640e-01,4.300000000000000000e+01,6.390501888000000000e+09,1.028565368832000000e+12,1.451150059700012207e+00
3.531000000000000000e+03,2.246000000000000000e+03,8.920325423377602192e+01,1.490711984999859852e-01,2.220000000000000000e+02,1.007934720000000000e+09,2.182227886080000000e+11,2.225803583860397339e-01
1.650000000000000000e+02,3.243000000000000000e+03,1.923437159960969325e+02,8.838834764831844659e-02,1.780000000000000000e+02,4.079923200000000000e+08,2.321770741760000000e+11,9.790688753128051758e-02
3.399000000000000000e+03,3.886000000000000000e+03,5.215959902104182788e+01,8.838834764831844659e-02,2.370000000000000000e+02,1.394494720000000000e+09,2.391590338560000000e+11,2.944625318050384521e-01
3.019000000000000000e+03,5.260000000000000000e+02,1.764764381514353602e+02,1.428571428571428492e-01,9.700000000000000000e+01,5.012286464000000000e+09,5.178961100800000000e+11,1.447071075439453125e+00
3.898000000000000000e+03,5.510000000000000000e+02,8.331340155549317217e+01,7.692307692307692735e-02,2.950000000000000000e+02,4.791690560000000000e+08,1.254606766080000000e+11,1.722156628966331482e-02
1.900000000000000000e+03,1.460000000000000000e+03,5.849316052909959041e+01,1.885618083164126990e-01,2.760000000000000000e+02,9.284546560000000000e+08,2.004269629440000000e+11,2.256767898797988892e-01
2.342000000000000000e+03,2.418000000000000000e+03,1.024404251210111880e+02,1.335389361282958987e-01,7.000000000000000000e+00,2.338970419200000000e+10,1.180404940800000000e+12,3.693187236785888672e+00
1.115000000000000000e+03,3.886000000000000000e+03,2.019654222683898013e+02,1.689656258416172008e-01,3.000000000000000000e+00,3.762573721600000000e+10,2.640144498688000000e+12,1.831436872482299805e+00
3.504000000000000000e+03,1.277000000000000000e+03,5.510414899100846498e+01,1.333333333333333315e-01,2.670000000000000000e+02,7.275599360000000000e+08,2.176592773120000000e+11,8.171679824590682983e-02
2.861000000000000000e+03,3.554000000000000000e+03,4.213171520605602609e+02,6.896551724137930939e-02,1.500000000000000000e+01,2.484295680000000000e+10,1.361350492160000000e+12,1.479203462600708008e+00
3.426000000000000000e+03,2.569000000000000000e+03,5.607635427367251424e+01,1.767766952966368932e-01,2.240000000000000000e+02,8.462172160000000000e+08,2.229220966400000000e+11,2.098167538642883301e-01
2.428000000000000000e+03,4.980000000000000000e+02,8.528468828788307121e+01,7.142857142857142461e-02,3.080000000000000000e+02,3.428415680000000000e+08,1.542646169600000000e+11,6.014233082532882690e-02
3.459000000000000000e+03,9.290000000000000000e+02,6.599146261116601409e+01,1.111111111111111049e-01,1.390000000000000000e+02,2.223887616000000000e+09,3.703193927680000000e+11,4.774526357650756836e-01
3.868000000000000000e+03,1.988000000000000000e+03,1.904148058873642242e+02,1.374903330507991073e-01,6.200000000000000000e+01,1.031607296000000000e+10,7.346875924480000000e+11,1.895973205566406250e+00
6.460000000000000000e+02,1.619000000000000000e+03,5.021748943638706919e+02,6.734350297014739251e-02,1.000000000000000000e+02,7.406679040000000000e+09,5.591275929600000000e+11,7.902584671974182129e-01
2.058000000000000000e+03,3.477000000000000000e+03,1.159206188530512378e+02,0.000000000000000000e+00,3.210000000000000000e+02,3.263087360000000000e+08,1.642263674880000000e+11,2.090809307992458344e-02
1.449000000000000000e+03,2.907000000000000000e+03,4.984484467838944397e+02,8.838834764831844659e-02,1.920000000000000000e+02,9.463041920000000000e+08,2.607394979840000000e+11,1.711194664239883423e-01
2.816000000000000000e+03,3.444000000000000000e+03,1.004406306844151544e+02,6.666666666666666574e-02,2.730000000000000000e+02,8.704693120000000000e+08,1.966705213440000000e+11,1.740351915359497070e-01
3.714000000000000000e+03,2.558000000000000000e+03,2.254559710641436254e+02,0.000000000000000000e+00,1.940000000000000000e+02,1.070380096000000000e+09,2.626859008000000000e+11,3.487602174282073975e-01
2.152000000000000000e+03,2.874000000000000000e+03,6.067766685179122277e+01,1.720052290384453675e-01,3.240000000000000000e+02,5.196210560000000000e+08,1.334685368320000000e+11,6.298837810754776001e-02
1.794000000000000000e+03,7.910000000000000000e+02,1.732821451603982439e+02,5.555555555555555247e-02,1.610000000000000000e+02,2.234117888000000000e+09,3.617741537280000000e+11,1.721291691064834595e-01
1.759000000000000000e+03,4.210000000000000000e+02,1.363795603612393563e+02,1.597191412499849861e-01,2.040000000000000000e+02,2.237363712000000000e+09,1.677475020800000000e+11,5.028765797615051270e-01
2.699000000000000000e+03,2.723000000000000000e+03,7.595397219849469650e+01,1.397542485937368628e-01,2.320000000000000000e+02,8.464028800000000000e+08,2.274351841280000000e+11,2.595289349555969238e-01
1.116000000000000000e+03,3.890000000000000000e+03,3.565651354462795553e+01,1.619708859679250268e-01,3.000000000000000000e+00,3.762573721600000000e+10,2.640144498688000000e+12,1.831436872482299805e+00
2.340000000000000000e+03,1.692000000000000000e+03,5.738087445694373656e+01,1.397542485937368628e-01,2.200000000000000000e+02,5.185255360000000000e+08,2.569455697920000000e+11,7.937531173229217529e-02
2.863000000000000000e+03,3.553000000000000000e+03,5.338392423420184514e+02,7.710579232757895640e-02,1.500000000000000000e+01,2.484295680000000000e+10,1.361350492160000000e+12,1.479203462600708008e+00
2.407000000000000000e+03,1.297000000000000000e+03,1.399440738103338617e+02,9.428090415820634951e-02,9.000000000000000000e+00,3.914225254400000000e+10,1.627581579264000000e+12,2.495837211608886719e+00
2.571000000000000000e+03,1.519000000000000000e+03,9.003094790714119711e+01,1.216260638526299870e-01,3.200000000000000000e+01,1.381409075200000000e+10,1.072877797376000000e+12,2.538702011108398438e+00
3.670000000000000000e+02,1.319000000000000000e+03,1.479438193170539364e+02,7.499999999999999722e-02,0.000000000000000000e+00,6.791713996800000000e+10,3.866329874432000000e+12,5.838018655776977539e-01
7.440000000000000000e+02,2.814000000000000000e+03,8.784306050588274672e+01,1.788854381999831766e-01,3.300000000000000000e+01,1.520119193600000000e+10,9.712469934080000000e+11,1.588283777236938477e+00
7.050000000000000000e+02,2.392000000000000000e+03,8.059281430111961697e+01,1.571348402636772446e-01,1.500000000000000000e+02,1.719264640000000000e+09,3.491925852160000000e+11,3.049979805946350098e-01
3.620000000000000000e+02,1.316000000000000000e+03,7.116454352967008390e+01,1.952562418976663550e-01,0.000000000000000000e+00,6.791713996800000000e+10,3.866329874432000000e+12,5.838018655776977539e-01
3.712000000000000000e+03,1.730000000000000000e+02,6.558243798652351586e+01,1.874138920735300140e-01,7.000000000000000000e+01,8.901328896000000000e+09,6.326715678720000000e+11,1.451230168342590332e+00
1.812000000000000000e+03,2.173000000000000000e+03,4.142317347835433594e+01,7.529232524210427435e-02,1.000000000000000000e+00,6.157198950400000000e+10,4.416137068544000000e+12,4.520943015813827515e-02
3.214000000000000000e+03,2.242000000000000000e+03,1.546349542860837118e+02,1.428571428571428492e-01,9.100000000000000000e+01,4.482737664000000000e+09,5.583363112960000000e+11,2.550077438354492188e-01
3.683000000000000000e+03,2.894000000000000000e+03,8.686506725021547481e+01,1.950639396376682988e-01,1.900000000000000000e+01,2.456189337600000000e+10,1.437959847936000000e+12,4.980907142162322998e-01
2.449000000000000000e+03,5.840000000000000000e+02,1.057291002126430470e+02,1.428571428571428492e-01,3.050000000000000000e+02,6.482513280000000000e+08,1.677845135360000000e+11,6.382576376199722290e-02
3.677000000000000000e+03,2.900000000000000000e+03,8.941749460549932849e+01,9.753196981883414940e-02,1.900000000000000000e+01,2.456189337600000000e+10,1.437959847936000000e+12,4.980907142162322998e-01
3.236000000000000000e+03,2.994000000000000000e+03,1.401488233951378106e+02,5.555555555555555247e-02,1.630000000000000000e+02,2.215606528000000000e+09,3.263569264640000000e+11,2.493974864482879639e-01
3.520000000000000000e+02,3.280000000000000000e+03,2.246195645124721807e+02,7.856742013183862228e-02,1.540000000000000000e+02,3.507972096000000000e+09,3.577351372800000000e+11,3.598425090312957764e-01
1.828000000000000000e+03,1.927000000000000000e+03,7.968520373035623550e+01,8.838834764831844659e-02,1.490000000000000000e+02,1.098039936000000000e+09,2.263666524160000000e+11,1.936717629432678223e-01
2.399000000000000000e+03,2.542000000000000000e+03,3.496412608419375943e+02,6.148754619013457184e-02,4.700000000000000000e+01,8.405513728000000000e+09,7.389578526720000000e+11,2.555680990219116211e+00
2.517000000000000000e+03,1.024000000000000000e+03,7.127449193852906717e+01,1.822172467139156482e-01,5.000000000000000000e+00,3.258369433600000000e+10,1.944343412736000000e+12,3.667835891246795654e-01
2.504000000000000000e+03,4.320000000000000000e+02,1.076239942269141636e+02,1.664356663246515655e-01,1.100000000000000000e+02,2.271716608000000000e+09,4.323528212480000000e+11,2.722533047199249268e-01
6.470000000000000000e+02,1.128000000000000000e+03,1.760251497324765637e+02,1.767766952966368932e-01,2.290000000000000000e+02,1.669234816000000000e+09,2.513650483200000000e+11,7.054258584976196289e-01
1.200000000000000000e+02,3.071000000000000000e+03,2.940756890729030033e+02,1.176470588235294101e-01,1.910000000000000000e+02,1.224226560000000000e+09,2.916619386880000000e+11,2.821713387966156006e-01
3.300000000000000000e+03,2.750000000000000000e+03,6.681508302787754872e+01,1.717960677340691911e-01,2.800000000000000000e+01,1.097422540800000000e+10,7.864553308160000000e+11,1.368543982505798340e+00
3.676000000000000000e+03,3.157000000000000000e+03,1.142969440825634848e+02,1.664356663246515655e-01,1.310000000000000000e+02,3.632237568000000000e+09,4.112175923200000000e+11,1.594951003789901733e-01
2.860000000000000000e+03,3.557000000000000000e+03,6.225186881062091260e+01,1.758282590894063580e-01,1.500000000000000000e+01,2.484295680000000000e+10,1.361350492160000000e+12,1.479203462600708008e+00
2.813000000000000000e+03,3.442000000000000000e+03,1.106496993464063081e+02,1.885618083164126990e-01,2.730000000000000000e+02,8.704693120000000000e+08,1.966705213440000000e+11,1.740351915359497070e-01
1.350000000000000000e+03,1.237000000000000000e+03,7.383371839132493619e+01,1.178511301977579334e-01,3.440000000000000000e+02,5.056151360000000000e+08,1.079730585600000000e+11,0.000000000000000000e+00
2.758000000000000000e+03,3.318000000000000000e+03,9.651199011145162387e+01,1.944406936956339094e-01,6.000000000000000000e+01,1.034285875200000000e+10,7.247058698240000000e+11,3.249531269073486328e+00
1.791000000000000000e+03,3.662000000000000000e+03,8.022552803892527606e+01,1.976423537605237202e-01,1.890000000000000000e+02,2.447371008000000000e+09,2.456498667520000000e+11,1.629084646701812744e-01
1.793000000000000000e+03,3.662000000000000000e+03,1.444802393443120536e+02,8.838834764831844659e-02,1.890000000000000000e+02,2.447371008000000000e+09,2.456498667520000000e+11,1.629084646701812744e-01
3.890000000000000000e+02,7.950000000000000000e+02,1.582517773182853205e+02,1.317615691736824801e-01,5.000000000000000000e+01,7.061435904000000000e+09,8.643143270400000000e+11,2.096730947494506836e+00
2.189000000000000000e+03,3.715000000000000000e+03,7.126682970389603611e+01,1.663780661615406053e-01,1.120000000000000000e+02,8.785539200000000000e+08,3.099460239360000000e+11,1.412641167640686035e+00
3.070000000000000000e+02,2.087000000000000000e+03,9.889312889358240000e+01,1.976423537605237202e-01,2.570000000000000000e+02,7.093384960000000000e+08,2.261990277120000000e+11,7.845331728458404541e-02
3.279000000000000000e+03,5.950000000000000000e+02,8.118090992982361342e+01,1.428571428571428492e-01,2.740000000000000000e+02,7.903617280000000000e+08,1.671863173120000000e+11,2.429991066455841064e-01
3.663000000000000000e+03,3.427000000000000000e+03,2.546483022361272788e+02,1.317615691736824801e-01,5.900000000000000000e+01,1.048679833600000000e+10,7.828546519040000000e+11,5.260182619094848633e-01
2.223000000000000000e+03,3.811000000000000000e+03,2.779002567442142322e+02,1.199999999999999956e-01,4.100000000000000000e+01,1.540933632000000000e+10,9.524732887040000000e+11,2.167505264282226562e+00
3.097000000000000000e+03,3.651000000000000000e+03,1.662660120467905642e+02,1.126734773582496602e-01,1.200000000000000000e+01,3.804662169600000000e+10,1.865792618496000000e+12,1.976391410827636719e+01
1.630000000000000000e+02,3.243000000000000000e+03,7.393369785263672611e+01,1.976423537605237202e-01,1.780000000000000000e+02,4.079923200000000000e+08,2.321770741760000000e+11,9.790688753128051758e-02
2.722000000000000000e+03,1.502000000000000000e+03,5.176795498218552893e+01,1.720052290384453675e-01,3.500000000000000000e+01,2.962417459200000000e+10,9.809144053760000000e+11,6.172360420227050781e+00
2.736000000000000000e+03,2.879000000000000000e+03,4.825814961703074601e+01,9.677419354838709409e-02,1.600000000000000000e+01,3.269567692800000000e+10,1.808104685568000000e+12,0.000000000000000000e+00
1.850000000000000000e+03,2.203000000000000000e+03,1.225228930654428154e+02,1.767766952966368932e-01,2.360000000000000000e+02,3.354562240000000000e+08,2.316895354880000000e+11,6.108527630567550659e-02
3.714000000000000000e+03,1.131000000000000000e+03,6.706809792460957453e+01,1.118033988749894958e-01,9.900000000000000000e+01,4.183457280000000000e+09,4.913350901760000000e+11,5.355432629585266113e-01
2.573000000000000000e+03,1.518000000000000000e+03,1.064325430582482710e+02,1.386750490563072868e-01,3.200000000000000000e+01,1.381409075200000000e+10,1.072877797376000000e+12,2.538702011108398438e+00
1.274000000000000000e+03,3.926000000000000000e+03,9.211355991839717205e+01,1.724137931034482873e-01,1.700000000000000000e+01,3.641467289600000000e+10,1.465478807552000000e+12,4.167245388031005859e+00
3.120000000000000000e+02,1.470000000000000000e+03,5.464961283494036337e+01,1.355192713636236279e-01,8.000000000000000000e+00,5.188821811200000000e+10,2.186460135424000000e+12,5.949957370758056641e-01
1.826000000000000000e+03,1.923000000000000000e+03,4.051188920387648551e+01,1.976423537605237202e-01,1.490000000000000000e+02,1.098039936000000000e+09,2.263666524160000000e+11,1.936717629432678223e-01
2.511000000000000000e+03,1.025000000000000000e+03,5.881509197295241620e+01,1.288470508005518933e-01,5.000000000000000000e+00,3.258369433600000000e+10,1.944343412736000000e+12,3.667835891246795654e-01
3.604000000000000000e+03,3.029000000000000000e+03,1.340745567792340580e+02,1.118033988749894958e-01,9.000000000000000000e+01,1.856924032000000000e+09,4.570356121600000000e+11,5.995895862579345703e-01
1.327000000000000000e+03,1.614000000000000000e+03,6.585528869220295292e+02,8.318903308077030267e-02,1.820000000000000000e+02,1.194767488000000000e+09,2.648773918720000000e+11,2.541265189647674561e-01
3.530000000000000000e+03,2.198000000000000000e+03,6.484841915849958127e+01,1.242259987499883256e-01,1.720000000000000000e+02,2.003181440000000000e+09,3.155775324160000000e+11,2.163498550653457642e-01
6.580000000000000000e+02,3.896000000000000000e+03,4.773301861234225640e+01,1.010152544552210818e-01,2.160000000000000000e+02,3.302373120000000000e+08,1.758905139200000000e+11,1.909164041280746460e-01
1.817000000000000000e+03,2.175000000000000000e+03,4.184927049032344115e+01,9.816918156232525006e-02,1.000000000000000000e+00,6.157198950400000000e+10,4.416137068544000000e+12,4.520943015813827515e-02
3.558000000000000000e+03,1.234000000000000000e+03,1.239925946896743909e+02,8.318903308077030267e-02,2.270000000000000000e+02,1.446616960000000000e+09,2.703301345280000000e+11,2.566079795360565186e-01
3.319000000000000000e+03,3.311000000000000000e+03,1.134297744009316062e+02,1.842105263157894635e-01,2.000000000000000000e+00,2.817368064000000000e+10,3.130425081856000000e+12,8.803648948669433594e+00
3.080000000000000000e+02,1.476000000000000000e+03,3.052123132677185069e+01,1.916531915253563423e-01,8.000000000000000000e+00,5.188821811200000000e+10,2.186460135424000000e+12,5.949957370758056641e-01
9.160000000000000000e+02,1.398000000000000000e+03,6.553034260432117719e+01,1.860163329510811370e-01,1.650000000000000000e+02,5.347155520000000000e+08,3.105895219200000000e+11,6.146562099456787109e-02
1.157000000000000000e+03,1.573000000000000000e+03,7.933674335939649325e+01,1.010152544552210818e-01,3.300000000000000000e+02,4.966026880000000000e+08,1.570807644160000000e+11,1.783199235796928406e-02
2.771000000000000000e+03,3.715000000000000000e+03,3.074285345098236988e+01,1.976423537605237202e-01,1.300000000000000000e+02,1.310106496000000000e+09,2.256550297600000000e+11,1.955752968788146973e-01
2.177000000000000000e+03,2.621000000000000000e+03,8.517694063302659515e+02,3.846153846153846367e-02,3.700000000000000000e+01,1.660199526400000000e+10,1.076348256256000000e+12,2.930980205535888672e+00
3.824000000000000000e+03,3.389000000000000000e+03,3.816634494209642980e+02,9.722034684781695468e-02,7.100000000000000000e+01,8.651307008000000000e+09,6.954382786560000000e+11,3.705672323703765869e-01
2.151000000000000000e+03,1.479000000000000000e+03,7.455941338976568034e+01,1.860163329510811370e-01,1.990000000000000000e+02,6.572332160000000000e+08,2.871545692160000000e+11,2.213998883962631226e-01
1.565000000000000000e+03,1.392000000000000000e+03,1.004405810869363620e+02,1.505846504842085487e-01,9.600000000000000000e+01,1.166735257600000000e+10,5.351949926400000000e+11,1.048883438110351562e+00
1.860000000000000000e+02,3.600000000000000000e+02,6.751702542977724875e+01,1.397542485937368628e-01,1.520000000000000000e+02,1.430619904000000000e+09,2.242048327680000000e+11,1.786086708307266235e-01
2.987000000000000000e+03,2.700000000000000000e+01,8.454045065337192000e+01,1.795054935711501154e-01,1.100000000000000000e+01,3.217836032000000000e+10,1.621931982848000000e+12,9.086136817932128906e-01
3.840000000000000000e+02,7.930000000000000000e+02,1.500878020731945242e+02,1.717960677340691911e-01,5.000000000000000000e+01,7.061435904000000000e+09,8.643143270400000000e+11,2.096730947494506836e+00
2.409000000000000000e+03,1.300000000000000000e+03,9.870768026733792055e+01,1.666666666666666574e-01,9.000000000000000000e+00,3.914225254400000000e+10,1.627581579264000000e+12,2.495837211608886719e+00
1.320000000000000000e+02,3.278000000000000000e+03,8.262344653324024080e+01,1.649242250247064112e-01,3.900000000000000000e+01,9.824643072000000000e+09,9.033239101440000000e+11,4.672022819519042969e+00
3.090000000000000000e+02,1.478000000000000000e+03,2.811638782674696202e+01,1.940340678009954134e-01,8.000000000000000000e+00,5.188821811200000000e+10,2.186460135424000000e+12,5.949957370758056641e-01
3.610000000000000000e+02,1.719000000000000000e+03,2.605633654340962124e+01,1.863389981249824745e-01,3.550000000000000000e+02,3.379212480000000000e+08,1.109664808960000000e+11,7.295510265976190567e-03
6.070000000000000000e+02,1.768000000000000000e+03,7.431839060436381317e+01,1.502313031443328895e-01,2.100000000000000000e+01,9.767414784000000000e+09,7.698031575040000000e+11,1.788983106613159180e+00
3.663000000000000000e+03,3.426000000000000000e+03,3.707525947241653057e+02,9.316949906249123725e-02,5.900000000000000000e+01,1.048679833600000000e+10,7.828546519040000000e+11,5.260182619094848633e-01
2.991000000000000000e+03,2.900000000000000000e+01,1.316711794612910751e+02,1.201850425154663005e-01,1.100000000000000000e+01,3.217836032000000000e+10,1.621931982848000000e+12,9.086136817932128906e-01
1.710000000000000000e+02,2.140000000000000000e+03,3.321526974628458220e+02,9.428090415820634951e-02,2.800000000000000000e+02,7.535530880000000000e+08,1.993198469120000000e+11,6.548240035772323608e-02
7.100000000000000000e+01,1.309000000000000000e+03,1.212654417787795467e+02,1.363636363636363535e-01,4.600000000000000000e+01,1.408726425600000000e+10,6.551540858880000000e+11,1.282244086265563965e+00
3.160000000000000000e+02,1.468000000000000000e+03,2.906262460226081146e+01,1.916531915253563423e-01,8.000000000000000000e+00,5.188821811200000000e+10,2.186460135424000000e+12,5.949957370758056641e-01
3.401000000000000000e+03,3.888000000000000000e+03,5.392086002722784599e+01,1.976423537605237202e-01,2.370000000000000000e+02,1.394494720000000000e+09,2.391590338560000000e+11,2.944625318050384521e-01
3.112000000000000000e+03,3.671000000000000000e+03,8.489227724964597144e+01,1.490711984999859852e-01,2.920000000000000000e+02,7.271820800000000000e+08,1.793774878720000000e+11,9.612603485584259033e-02
3.630000000000000000e+02,1.324000000000000000e+03,9.629747982434241749e+01,1.118033988749894958e-01,0.000000000000000000e+00,6.791713996800000000e+10,3.866329874432000000e+12,5.838018655776977539e-01
1.600000000000000000e+02,1.417000000000000000e+03,1.458115105966778628e+02,1.176877882894626220e-01,1.250000000000000000e+02,3.360155648000000000e+09,3.882590535680000000e+11,6.173577904701232910e-01
8.360000000000000000e+02,4.150000000000000000e+02,8.124157746477477815e+01,1.285648693066450132e-01,7.600000000000000000e+01,8.476939776000000000e+09,6.548592394240000000e+11,5.924999117851257324e-01
1.922000000000000000e+03,3.894000000000000000e+03,9.107677551254930393e+01,1.851851851851851749e-01,2.300000000000000000e+01,3.924919910400000000e+10,1.211719614464000000e+12,8.107573509216308594e+00
2.758000000000000000e+03,1.630000000000000000e+03,1.517332016322325785e+02,1.663780661615406053e-01,1.880000000000000000e+02,3.737804288000000000e+09,2.862952611840000000e+11,7.099200487136840820e-01
9.130000000000000000e+02,1.401000000000000000e+03,9.123057637740784287e+01,1.176470588235294101e-01,1.650000000000000000e+02,5.347155520000000000e+08,3.105895219200000000e+11,6.146562099456787109e-02
2.865000000000000000e+03,3.555000000000000000e+03,8.078059945649221163e+01,1.724137931034482873e-01,1.500000000000000000e+01,2.484295680000000000e+10,1.361350492160000000e+12,1.479203462600708008e+00
8.350000000000000000e+02,4.140000000000000000e+02,6.822215785572076641e+01,1.928473039599674921e-01,7.600000000000000000e+01,8.476939776000000000e+09,6.548592394240000000e+11,5.924999117851257324e-01
1.640000000000000000e+02,3.242000000000000000e+03,1.233073024233561483e+02,1.250000000000000000e-01,1.780000000000000000e+02,4.079923200000000000e+08,2.321770741760000000e+11,9.790688753128051758e-02
2.737000000000000000e+03,2.877000000000000000e+03,5.318116865286452821e+01,9.123958466923194621e-02,1.600000000000000000e+01,3.269567692800000000e+10,1.808104685568000000e+12,0.000000000000000000e+00
1.330000000000000000e+02,3.284000000000000000e+03,5.947110320412027704e+02,1.131370849898476055e-01,3.900000000000000000e+01,9.824643072000000000e+09,9.033239101440000000e+11,4.672022819519042969e+00
3.690000000000000000e+02,1.319000000000000000e+03,1.485418127669590262e+02,9.013878188659972535e-02,0.000000000000000000e+00,6.791713996800000000e+10,3.866329874432000000e+12,5.838018655776977539e-01
2.607000000000000000e+03,8.850000000000000000e+02,7.216175814984424619e+01,1.087856586440842377e-01,3.430000000000000000e+02,4.422740480000000000e+08,1.289499361280000000e+11,1.331258192658424377e-02
3.333000000000000000e+03,7.960000000000000000e+02,1.130206395369523875e+02,1.242259987499883256e-01,1.480000000000000000e+02,1.724786304000000000e+09,3.378457477120000000e+11,3.567959368228912354e-01
2.247000000000000000e+03,1.095000000000000000e+03,4.348793277707562055e+01,4.876598490941707470e-02,3.000000000000000000e+01,2.774474752000000000e+10,1.397942386688000000e+12,0.000000000000000000e+00
2.320000000000000000e+03,2.817000000000000000e+03,7.166670533993411141e+01,1.490711984999859852e-01,2.870000000000000000e+02,6.142096000000000000e+08,1.838728151040000000e+11,7.423418015241622925e-02
1.908000000000000000e+03,3.882000000000000000e+03,7.905760268096847199e+01,1.538461538461538547e-01,3.250000000000000000e+02,4.502778560000000000e+08,1.259846533120000000e+11,4.601342231035232544e-02
3.697000000000000000e+03,2.503000000000000000e+03,1.351434812295718189e+02,1.538461538461538547e-01,4.300000000000000000e+01,6.390501888000000000e+09,1.028565368832000000e+12,1.451150059700012207e+00
3.364000000000000000e+03,1.649000000000000000e+03,7.016611287511008754e+01,1.666666666666666574e-01,3.490000000000000000e+02,3.211499200000000000e+08,1.035304714240000000e+11,3.332430496811866760e-02
7.660000000000000000e+02,1.528000000000000000e+03,2.480321031058433334e+02,1.242259987499883256e-01,1.320000000000000000e+02,2.261616384000000000e+09,3.562740449280000000e+11,7.156473994255065918e-01
1.565000000000000000e+03,1.398000000000000000e+03,1.211984458675476617e+02,1.505846504842085487e-01,9.600000000000000000e+01,1.166735257600000000e+10,5.351949926400000000e+11,1.048883438110351562e+00
9.150000000000000000e+02,3.751000000000000000e+03,4.411580755383293422e+02,8.318903308077030267e-02,2.090000000000000000e+02,1.459193984000000000e+09,2.704549806080000000e+11,3.244192004203796387e-01
2.470000000000000000e+02,2.970000000000000000e+03,8.237168805485626422e+01,7.856742013183862228e-02,1.670000000000000000e+02,4.070727936000000000e+09,3.505171988480000000e+11,1.216749101877212524e-01
1.828000000000000000e+03,1.576000000000000000e+03,1.088545484534690075e+02,1.897658566033678385e-01,1.240000000000000000e+02,2.067857920000000000e+09,3.856891576320000000e+11,3.170086741447448730e-01
2.150000000000000000e+03,1.477000000000000000e+03,9.443451770024528003e+01,5.882352941176470507e-02,1.990000000000000000e+02,6.572332160000000000e+08,2.871545692160000000e+11,2.213998883962631226e-01
2.836000000000000000e+03,2.469000000000000000e+03,5.986214733031346924e+01,1.756820922315766309e-01,1.510000000000000000e+02,3.283166976000000000e+09,3.196088156160000000e+11,7.662950754165649414e-01
2.078000000000000000e+03,2.853000000000000000e+03,8.282361742551600514e+01,1.874138920735300140e-01,4.400000000000000000e+01,9.059347456000000000e+09,6.248648540160000000e+11,4.563073813915252686e-01
2.409000000000000000e+03,1.292000000000000000e+03,2.040108264938281764e+02,1.000000000000000056e-01,9.000000000000000000e+00,3.914225254400000000e+10,1.627581579264000000e+12,2.495837211608886719e+00
1.868000000000000000e+03,1.621000000000000000e+03,1.235844767639201933e+02,8.318903308077030267e-02,2.310000000000000000e+02,1.263542400000000000e+09,2.653549035520000000e+11,1.655300408601760864e-01
3.066000000000000000e+03,3.436000000000000000e+03,2.087741567696649270e+02,3.571428571428571230e-02,2.400000000000000000e+01,2.261052211200000000e+10,1.228229181440000000e+12,2.252333760261535645e-01
8.190000000000000000e+02,1.461000000000000000e+03,3.083559710056701988e+02,7.856742013183862228e-02,8.700000000000000000e+01,2.765862656000000000e+09,3.681229864960000000e+11,3.821997940540313721e-01
2.581000000000000000e+03,2.290000000000000000e+02,2.798216687489379240e+01,1.976423537605237202e-01,2.540000000000000000e+02,3.900685120000000000e+08,2.271090442240000000e+11,3.730879351496696472e-02
1.329000000000000000e+03,1.618000000000000000e+03,7.321509200098593340e+01,1.860163329510811370e-01,1.820000000000000000e+02,1.194767488000000000e+09,2.648773918720000000e+11,2.541265189647674561e-01
1.994000000000000000e+03,3.381000000000000000e+03,1.539422188173139148e+02,7.071067811865475172e-02,1.060000000000000000e+02,2.987837184000000000e+09,4.844249415680000000e+11,3.978361785411834717e-01
3.710000000000000000e+03,1.129000000000000000e+03,1.007902210098494180e+02,1.499999999999999944e-01,9.900000000000000000e+01,4.183457280000000000e+09,4.913350901760000000e+11,5.355432629585266113e-01
3.724000000000000000e+03,3.744000000000000000e+03,1.092827261744574940e+02,1.315334104411640948e-01,1.770000000000000000e+02,1.930732928000000000e+09,2.886603243520000000e+11,3.639691770076751709e-01
7.840000000000000000e+02,1.503000000000000000e+03,1.643321980627705443e+02,1.176470588235294101e-01,2.250000000000000000e+02,2.712698368000000000e+09,2.835158794240000000e+11,8.608257025480270386e-02
1.300000000000000000e+03,2.021000000000000000e+03,1.684851909570170960e+02,1.216260638526299870e-01,3.800000000000000000e+01,1.030433177600000000e+10,9.779833077760000000e+11,7.185483574867248535e-01
1.813000000000000000e+03,2.180000000000000000e+03,3.956920211510975349e+01,9.523809523809523281e-02,1.000000000000000000e+00,6.157198950400000000e+10,4.416137068544000000e+12,4.520943015813827515e-02
3.426000000000000000e+03,2.565000000000000000e+03,8.093434635643617980e+01,1.767766952966368932e-01,2.240000000000000000e+02,8.462172160000000000e+08,2.229220966400000000e+11,2.098167538642883301e-01
3.715000000000000000e+03,2.557000000000000000e+03,2.896260451622217147e+02,8.838834764831844659e-02,1.940000000000000000e+02,1.070380096000000000e+09,2.626859008000000000e+11,3.487602174282073975e-01
2.509000000000000000e+03,1.026000000000000000e+03,5.754745438980528149e+01,1.822172467139156482e-01,5.000000000000000000e+00,3.258369433600000000e+10,1.944343412736000000e+12,3.667835891246795654e-01
1.062000000000000000e+03,2.750000000000000000e+03,9.949101248382068263e+01,1.010152544552210818e-01,3.150000000000000000e+02,3.817629120000000000e+08,1.556622704640000000e+11,5.622717365622520447e-02
6.070000000000000000e+02,8.780000000000000000e+02,2.006734322910283197e+02,1.567630989332169100e-01,7.300000000000000000e+01,1.833807257600000000e+10,6.925092782080000000e+11,3.555294871330261230e-01
2.410000000000000000e+03,1.300000000000000000e+03,1.086537331735878382e+02,1.699673171197594868e-01,9.000000000000000000e+00,3.914225254400000000e+10,1.627581579264000000e+12,2.495837211608886719e+00
2.736000000000000000e+03,2.878000000000000000e+03,4.600098872381513360e+01,1.020089567796251401e-01,1.600000000000000000e+01,3.269567692800000000e+10,1.808104685568000000e+12,0.000000000000000000e+00
3.660000000000000000e+02,1.319000000000000000e+03,3.919408033638935649e+02,7.905694150420948529e-02,0.000000000000000000e+00,6.791713996800000000e+10,3.866329874432000000e+12,5.838018655776977539e-01
3.093000000000000000e+03,8.560000000000000000e+02,1.391521536272940978e+02,1.315334104411640948e-01,1.850000000000000000e+02,1.384537344000000000e+09,2.915444326400000000e+11,5.173170194029808044e-02
2.841000000000000000e+03,1.181000000000000000e+03,4.309583753012228158e+01,1.414213562373095034e-01,1.070000000000000000e+02,1.168193024000000000e+09,4.566383656960000000e+11,3.166985213756561279e-01
2.959000000000000000e+03,3.236000000000000000e+03,2.298463387341028152e+01,1.756820922315766309e-01,1.860000000000000000e+02,2.221791744000000000e+09,3.187015680000000000e+11,4.008580744266510010e-01
1.966000000000000000e+03,3.984000000000000000e+03,9.651274294822574973e+01,1.863389981249824745e-01,5.800000000000000000e+01,1.604596838400000000e+10,8.437500477440000000e+11,6.876591444015502930e-01
2.514000000000000000e+03,1.500000000000000000e+01,8.346505616582598464e+01,1.756820922315766309e-01,1.600000000000000000e+02,3.196273664000000000e+09,3.672825528320000000e+11,1.436638087034225464e-01
1.847000000000000000e+03,1.027000000000000000e+03,7.542840798802338043e+01,1.767766952966368932e-01,1.030000000000000000e+02,2.004422016000000000e+09,2.521610321920000000e+11,2.871632277965545654e-01
2.583000000000000000e+03,2.310000000000000000e+02,5.483984169135842990e+01,1.976423537605237202e-01,2.540000000000000000e+02,3.900685120000000000e+08,2.271090442240000000e+11,3.730879351496696472e-02
3.463000000000000000e+03,1.181000000000000000e+03,2.933041191742984779e+02,1.664356663246515655e-01,1.210000000000000000e+02,1.199321856000000000e+09,3.968022282240000000e+11,5.909001231193542480e-01
1.830000000000000000e+03,1.927000000000000000e+03,3.013309653416073175e+01,1.976423537605237202e-01,1.490000000000000000e+02,1.098039936000000000e+09,2.263666524160000000e+11,1.936717629432678223e-01
1.506000000000000000e+03,1.890000000000000000e+03,6.419076219686716911e+01,1.538461538461538547e-01,4.200000000000000000e+01,1.554715648000000000e+10,1.040514875392000000e+12,1.968401670455932617e+00
2.508000000000000000e+03,4.370000000000000000e+02,5.660835953541563725e+01,1.897658566033678385e-01,1.100000000000000000e+02,2.271716608000000000e+09,4.323528212480000000e+11,2.722533047199249268e-01
3.044000000000000000e+03,3.291000000000000000e+03,7.017781460315532627e+01,4.714045207910317475e-02,2.000000000000000000e+01,3.612656025600000000e+10,1.626098892800000000e+12,1.186937093734741211e-01
1.052000000000000000e+03,9.020000000000000000e+02,1.037101102103890469e+02,1.242259987499883256e-01,1.700000000000000000e+02,2.635359488000000000e+09,3.293433692160000000e+11,4.095209240913391113e-01
3.553000000000000000e+03,1.729000000000000000e+03,7.480236644434732796e+01,1.597191412499849861e-01,3.060000000000000000e+02,3.920565760000000000e+08,1.621653094400000000e+11,4.171235859394073486e-02
1.535000000000000000e+03,3.940000000000000000e+02,7.665386340684713673e+01,1.490711984999859852e-01,2.500000000000000000e+02,5.433228800000000000e+08,2.070696591360000000e+11,1.096710339188575745e-01
3.016000000000000000e+03,2.437000000000000000e+03,7.397569270652533646e+01,1.428571428571428492e-01,8.800000000000000000e+01,8.625302528000000000e+09,5.439848775680000000e+11,5.298846960067749023e-01
2.956000000000000000e+03,3.719000000000000000e+03,7.958785811736897813e+02,5.263157894736841813e-02,1.280000000000000000e+02,4.022070016000000000e+09,3.922227036160000000e+11,1.520862936973571777e+00
3.973000000000000000e+03,2.101000000000000000e+03,4.998129106068956418e+01,1.716929178792375721e-01,8.600000000000000000e+01,5.506938880000000000e+09,5.508653383680000000e+11,3.377498388290405273e-01
2.040000000000000000e+03,1.514000000000000000e+03,6.944717733925391201e+01,1.860163329510811370e-01,1.830000000000000000e+02,3.310277120000000000e+09,3.145353789440000000e+11,3.984389901161193848e-01
2.109000000000000000e+03,2.767000000000000000e+03,9.234643957029256001e+01,1.802775637731994507e-01,6.900000000000000000e+01,3.450892544000000000e+09,4.530230394880000000e+11,8.756514787673950195e-01
2.086000000000000000e+03,3.916000000000000000e+03,7.275108052369400014e+01,1.597191412499849861e-01,3.200000000000000000e+02,5.692832640000000000e+08,1.493490237440000000e+11,7.594580948352813721e-02
1.280000000000000000e+02,3.286000000000000000e+03,8.521859002917028647e+01,2.000000000000000111e-01,3.900000000000000000e+01,9.824643072000000000e+09,9.033239101440000000e+11,4.672022819519042969e+00
1.360000000000000000e+03,7.480000000000000000e+02,4.681638206864261065e+01,1.976423537605237202e-01,2.280000000000000000e+02,7.644033280000000000e+08,2.608238919680000000e+11,1.717759370803833008e-01
2.603000000000000000e+03,8.270000000000000000e+02,1.614937975922819646e+02,9.753196981883414940e-02,1.300000000000000000e+01,2.367379046400000000e+10,1.408263389184000000e+12,6.113696098327636719e+00
1.915000000000000000e+03,3.900000000000000000e+03,8.202612923591526339e+01,1.571348402636772168e-01,2.300000000000000000e+01,3.924919910400000000e+10,1.211719614464000000e+12,8.107573509216308594e+00
1.051000000000000000e+03,8.990000000000000000e+02,3.571583846009095282e+02,1.242259987499883256e-01,1.700000000000000000e+02,2.635359488000000000e+09,3.293433692160000000e+11,4.095209240913391113e-01
4.890000000000000000e+02,8.190000000000000000e+02,1.847786939704826636e+02,8.333333333333332871e-02,4.000000000000000000e+01,6.004965376000000000e+09,7.657200680960000000e+11,9.520892500877380371e-01
3.183000000000000000e+03,2.636000000000000000e+03,4.489976060955581261e+01,1.397542485937368628e-01,2.580000000000000000e+02,8.594154240000000000e+08,2.331650129920000000e+11,5.989834293723106384e-02
1.361000000000000000e+03,7.490000000000000000e+02,4.299958520216890889e+01,1.767766952966368932e-01,2.280000000000000000e+02,7.644033280000000000e+08,2.608238919680000000e+11,1.717759370803833008e-01
1.552000000000000000e+03,2.992000000000000000e+03,3.666940605944923277e+02,7.142857142857142461e-02,2.820000000000000000e+02,4.502007040000000000e+08,1.687835607040000000e+11,1.297513842582702637e-01
3.955000000000000000e+03,2.666000000000000000e+03,7.477567093933785713e+01,1.571348402636772446e-01,1.530000000000000000e+02,1.981627264000000000e+09,3.649454735360000000e+11,1.969299316406250000e-01
3.296000000000000000e+03,2.744000000000000000e+03,9.699303850440335850e+01,1.502313031443328895e-01,2.800000000000000000e+01,1.097422540800000000e+10,7.864553308160000000e+11,1.368543982505798340e+00
1.127000000000000000e+03,3.885000000000000000e+03,6.458035797074734319e+01,1.756820922315766309e-01,3.000000000000000000e+00,3.762573721600000000e+10,2.640144498688000000e+12,1.831436872482299805e+00
2.756000000000000000e+03,2.449000000000000000e+03,6.138313123216374834e+01,1.697056274847713875e-01,4.500000000000000000e+01,9.663973376000000000e+09,9.594038517760000000e+11,1.929919958114624023e+00
6.700000000000000000e+01,1.307000000000000000e+03,7.440974131631905664e+01,1.874138920735300140e-01,4.600000000000000000e+01,1.408726425600000000e+10,6.551540858880000000e+11,1.282244086265563965e+00
7.280000000000000000e+02,2.552000000000000000e+03,1.612852504754619076e+02,1.397542485937368628e-01,1.950000000000000000e+02,1.466485248000000000e+09,2.600883814400000000e+11,3.987166583538055420e-01
2.151000000000000000e+03,1.511000000000000000e+03,7.736278501123965157e+01,1.176470588235294101e-01,1.440000000000000000e+02,2.277439488000000000e+09,2.997811609600000000e+11,2.741142213344573975e-01
2.001000000000000000e+03,7.710000000000000000e+02,5.250340151438786052e+01,1.792654619833765339e-01,6.700000000000000000e+01,6.917338624000000000e+09,7.341444956160000000e+11,7.526878714561462402e-01
3.066000000000000000e+03,3.432000000000000000e+03,1.844560090685390890e+02,1.071428571428571369e-01,2.400000000000000000e+01,2.261052211200000000e+10,1.228229181440000000e+12,2.252333760261535645e-01
3.640000000000000000e+02,6.080000000000000000e+02,9.468921455465169856e+01,1.176470588235294101e-01,1.870000000000000000e+02,8.003907840000000000e+08,2.936924405760000000e+11,6.621309518814086914e-01
3.555000000000000000e+03,1.232000000000000000e+03,8.841503845230884906e+01,1.315334104411640948e-01,2.270000000000000000e+02,1.446616960000000000e+09,2.703301345280000000e+11,2.566079795360565186e-01
3.097000000000000000e+03,2.433000000000000000e+03,6.747734452353365953e+01,1.649242250247064112e-01,4.800000000000000000e+01,1.269249024000000000e+10,9.317162024960000000e+11,1.329311370849609375e+00
1.900000000000000000e+03,1.464000000000000000e+03,9.025026107820708887e+01,1.885618083164126990e-01,2.760000000000000000e+02,9.284546560000000000e+08,2.004269629440000000e+11,2.256767898797988892e-01
2.409000000000000000e+03,1.289000000000000000e+03,9.436245410058063499e+01,2.000000000000000111e-01,9.000000000000000000e+00,3.914225254400000000e+10,1.627581579264000000e+12,2.495837211608886719e+00
3.126000000000000000e+03,3.147000000000000000e+03,6.775475053477954646e+01,1.414213562373095034e-01,1.010000000000000000e+02,6.721974784000000000e+09,4.795139031040000000e+11,4.184983968734741211e-01
3.548000000000000000e+03,2.511000000000000000e+03,6.696799929774931570e+01,1.335389361282958987e-01,2.600000000000000000e+01,1.607904665600000000e+10,1.146904903680000000e+12,3.561056852340698242e+00
2.407000000000000000e+03,1.299000000000000000e+03,8.596253875702376490e+01,1.490711984999859852e-01,9.000000000000000000e+00,3.914225254400000000e+10,1.627581579264000000e+12,2.495837211608886719e+00
2.228000000000000000e+03,3.815000000000000000e+03,4.686166938427042794e+01,1.788854381999831766e-01,4.100000000000000000e+01,1.540933632000000000e+10,9.524732887040000000e+11,2.167505264282226562e+00
1.180000000000000000e+02,3.074000000000000000e+03,8.578508107911730463e+01,1.315334104411640948e-01,1.910000000000000000e+02,1.224226560000000000e+09,2.916619386880000000e+11,2.821713387966156006e-01
2.009000000000000000e+03,7.710000000000000000e+02,4.590248521907724211e+01,1.792654619833765339e-01,6.700000000000000000e+01,6.917338624000000000e+09,7.341444956160000000e+11,7.526878714561462402e-01
2.239000000000000000e+03,1.354000000000000000e+03,1.020799149895205460e+02,1.437398936440172637e-01,6.300000000000000000e+01,5.047442432000000000e+09,6.099794657280000000e+11,2.344955205917358398e+00
1.300000000000000000e+03,2.018000000000000000e+03,5.571839524674046515e+02,3.846153846153846367e-02,3.800000000000000000e+01,1.030433177600000000e+10,9.779833077760000000e+11,7.185483574867248535e-01
1.328000000000000000e+03,1.616000000000000000e+03,1.730495723544242139e+02,5.882352941176470507e-02,1.820000000000000000e+02,1.194767488000000000e+09,2.648773918720000000e+11,2.541265189647674561e-01
3.555000000000000000e+03,1.231000000000000000e+03,9.592293002598228213e+01,1.663780661615406053e-01,2.270000000000000000e+02,1.446616960000000000e+09,2.703301345280000000e+11,2.566079795360565186e-01
1.377000000000000000e+03,1.737000000000000000e+03,8.839091347168753998e+01,9.428090415820634951e-02,2.770000000000000000e+02,9.291714560000000000e+08,1.840636067840000000e+11,4.683445021510124207e-02
2.511000000000000000e+03,7.280000000000000000e+02,4.237607980740471447e+01,1.315334104411640948e-01,1.150000000000000000e+02,6.639024000000000000e+08,2.696163819520000000e+11,7.071793079376220703e-01
2.491000000000000000e+03,2.299000000000000000e+03,1.027063580315088700e+02,1.860163329510811370e-01,1.640000000000000000e+02,1.518295168000000000e+09,3.126754672640000000e+11,2.417435050010681152e-01
2.080000000000000000e+02,1.054000000000000000e+03,4.921101727715091556e+01,1.716929178792375721e-01,5.400000000000000000e+01,7.008146944000000000e+09,5.634084044800000000e+11,5.607416629791259766e-01
2.953000000000000000e+03,3.718000000000000000e+03,1.825564173850781913e+02,1.897658566033678385e-01,1.280000000000000000e+02,4.022070016000000000e+09,3.922227036160000000e+11,1.520862936973571777e+00
1.024000000000000000e+03,1.220000000000000000e+02,1.125616224005685808e+02,9.428090415820634951e-02,1.590000000000000000e+02,1.061124736000000000e+09,1.873017241600000000e+11,3.843583166599273682e-01
2.028000000000000000e+03,3.138000000000000000e+03,1.172729468902193730e+02,7.856742013183862228e-02,1.580000000000000000e+02,3.082649600000000000e+09,3.410867978240000000e+11,3.555988073348999023e-01
2.571000000000000000e+03,1.511000000000000000e+03,8.314881469755827936e+01,1.961161351381840168e-01,3.200000000000000000e+01,1.381409075200000000e+10,1.072877797376000000e+12,2.538702011108398438e+00
2.403000000000000000e+03,2.543000000000000000e+03,1.530787689430955538e+02,1.567630989332169100e-01,4.700000000000000000e+01,8.405513728000000000e+09,7.389578526720000000e+11,2.555680990219116211e+00
2.145000000000000000e+03,8.600000000000000000e+01,2.110563252790886111e+02,1.585809856006792640e-01,3.400000000000000000e+01,2.207638323200000000e+10,1.046548774912000000e+12,1.211993932723999023e+00
3.780000000000000000e+02,3.126000000000000000e+03,7.367603692926117276e+01,7.142857142857142461e-02,3.380000000000000000e+02,4.112685440000000000e+08,1.473397555200000000e+11,7.734476123005151749e-03
1.796000000000000000e+03,7.920000000000000000e+02,6.737632447315691309e+01,1.756820922315766309e-01,1.610000000000000000e+02,2.234117888000000000e+09,3.617741537280000000e+11,1.721291691064834595e-01
1.741000000000000000e+03,2.666000000000000000e+03,5.655590777086692356e+01,1.000000000000000056e-01,1.040000000000000000e+02,4.739264512000000000e+09,4.969811148800000000e+11,6.040065884590148926e-01
2.754000000000000000e+03,2.450000000000000000e+03,1.699468257258997426e+02,1.649242250247064112e-01,4.500000000000000000e+01,9.663973376000000000e+09,9.594038517760000000e+11,1.929919958114624023e+00
3.219000000000000000e+03,2.241000000000000000e+03,5.171831809420765467e+02,1.064794274999899953e-01,9.100000000000000000e+01,4.482737664000000000e+09,5.583363112960000000e+11,2.550077438354492188e-01
2.316000000000000000e+03,2.818000000000000000e+03,7.646612125775017432e+01,1.885618083164126990e-01,2.870000000000000000e+02,6.142096000000000000e+08,1.838728151040000000e+11,7.423418015241622925e-02
2.300000000000000000e+03,1.186000000000000000e+03,5.373556862270766032e+01,1.597191412499849861e-01,2.880000000000000000e+02,4.470436160000000000e+08,1.477900042240000000e+11,7.913138717412948608e-02
3.790000000000000000e+02,3.125000000000000000e+03,1.107008012773551400e+02,7.142857142857142461e-02,3.380000000000000000e+02,4.112685440000000000e+08,1.473397555200000000e+11,7.734476123005151749e-03
3.297000000000000000e+03,2.745000000000000000e+03,1.857436076937261760e+02,9.316949906249123725e-02,2.800000000000000000e+01,1.097422540800000000e+10,7.864553308160000000e+11,1.368543982505798340e+00
2.670000000000000000e+02,2.640000000000000000e+02,1.327271171812837451e+02,1.976423537605237202e-01,2.350000000000000000e+02,3.835418560000000000e+08,2.558666014720000000e+11,3.988758474588394165e-02
1.631000000000000000e+03,9.550000000000000000e+02,8.790758602856030279e+01,1.863389981249824745e-01,3.560000000000000000e+02,8.697306240000000000e+08,9.135099904000000000e+10,1.233631446957588196e-01
3.693000000000000000e+03,2.508000000000000000e+03,7.970649382079565726e+01,1.585809856006792640e-01,4.300000000000000000e+01,6.390501888000000000e+09,1.028565368832000000e+12,1.451150059700012207e+00
4.220000000000000000e+02,1.837000000000000000e+03,1.626785414602065316e+02,7.710579232757895640e-02,4.000000000000000000e+00,2.216379187200000000e+10,1.423872098304000000e+12,1.059899687767028809e+00
2.318000000000000000e+03,2.814000000000000000e+03,1.065732653139781974e+02,1.333333333333333315e-01,2.870000000000000000e+02,6.142096000000000000e+08,1.838728151040000000e+11,7.423418015241622925e-02
3.501000000000000000e+03,3.195000000000000000e+03,9.336986956723323772e+01,1.739130434782608647e-01,5.200000000000000000e+01,9.552431104000000000e+09,7.089194926080000000e+11,3.984834671020507812e+00
9.140000000000000000e+02,3.750000000000000000e+03,1.268453153513870006e+02,1.663780661615406053e-01,2.090000000000000000e+02,1.459193984000000000e+09,2.704549806080000000e+11,3.244192004203796387e-01
4.530000000000000000e+02,1.732000000000000000e+03,7.268991637229545688e+01,1.928473039599674921e-01,8.200000000000000000e+01,9.725789184000000000e+09,6.114567782400000000e+11,8.108713626861572266e-01
3.293000000000000000e+03,2.265000000000000000e+03,8.897854317692031145e+02,0.000000000000000000e+00,3.400000000000000000e+02,5.440047360000000000e+08,1.293687439360000000e+11,1.052982211112976074e-01
3.016000000000000000e+03,8.190000000000000000e+02,7.173574234897553481e+01,1.802775637731994507e-01,1.020000000000000000e+02,1.650304512000000000e+09,4.517831966720000000e+11,2.106188774108886719e+00
2.839000000000000000e+03,1.182000000000000000e+03,2.597495648673030928e+02,5.000000000000000278e-02,1.070000000000000000e+02,1.168193024000000000e+09,4.566383656960000000e+11,3.166985213756561279e-01
6.010000000000000000e+02,1.767000000000000000e+03,1.041350509746549449e+02,1.317615691736824801e-01,2.100000000000000000e+01,9.767414784000000000e+09,7.698031575040000000e+11,1.788983106613159180e+00
9.470000000000000000e+02,1.310000000000000000e+02,4.741126928744898805e+01,1.111111111111111049e-01,1.290000000000000000e+02,9.721923840000000000e+08,3.688891678720000000e+11,1.283003538846969604e-01
2.703000000000000000e+03,2.721000000000000000e+03,2.844975885168383201e+01,1.397542485937368628e-01,2.320000000000000000e+02,8.464028800000000000e+08,2.274351841280000000e+11,2.595289349555969238e-01
2.074000000000000000e+03,3.864000000000000000e+03,2.277068116236511912e+02,7.071067811865475172e-02,1.090000000000000000e+02,5.754290176000000000e+09,4.677676892160000000e+11,8.300584554672241211e-01
1.920000000000000000e+03,3.895000000000000000e+03,1.220389958734604079e+02,1.047565601757848297e-01,2.300000000000000000e+01,3.924919910400000000e+10,1.211719614464000000e+12,8.107573509216308594e+00
2.680000000000000000e+02,2.630000000000000000e+02,1.526694041699678337e+02,1.250000000000000000e-01,2.350000000000000000e+02,3.835418560000000000e+08,2.558666014720000000e+11,3.988758474588394165e-02
2.700000000000000000e+03,1.577000000000000000e+03,4.774800567550303043e+01,1.756820922315766309e-01,1.080000000000000000e+02,1.689661696000000000e+09,3.681333084160000000e+11,3.743849694728851318e-01
6.130000000000000000e+02,3.747000000000000000e+03,1.497793849699154691e+02,1.379310344827586188e-01,1.400000000000000000e+01,4.285676339200000000e+10,1.507835248640000000e+12,3.455087184906005859e+00
1.679000000000000000e+03,2.131000000000000000e+03,1.298775413085194259e+02,6.734350297014739251e-02,9.400000000000000000e+01,3.051343872000000000e+09,5.484187811840000000e+11,4.253889322280883789e-01
2.993000000000000000e+03,3.400000000000000000e+01,9.772337298014879536e+01,1.490711984999859852e-01,1.100000000000000000e+01,3.217836032000000000e+10,1.621931982848000000e+12,9.086136817932128906e-01
3.860000000000000000e+02,7.940000000000000000e+02,2.526820813508221590e+02,1.178511301977579334e-01,5.000000000000000000e+01,7.061435904000000000e+09,8.643143270400000000e+11,2.096730947494506836e+00
1.903000000000000000e+03,1.462000000000000000e+03,1.149278554942935813e+02,6.666666666666666574e-02,2.760000000000000000e+02,9.284546560000000000e+08,2.004269629440000000e+11,2.256767898797988892e-01
1.740000000000000000e+02,2.141000000000000000e+03,6.875717417997847747e+01,1.333333333333333315e-01,2.800000000000000000e+02,7.535530880000000000e+08,1.993198469120000000e+11,6.548240035772323608e-02
2.990000000000000000e+03,3.200000000000000000e+01,9.251910963462102018e+02,3.333333333333333287e-02,1.100000000000000000e+01,3.217836032000000000e+10,1.621931982848000000e+12,9.086136817932128906e-01
3.215000000000000000e+03,5.700000000000000000e+01,1.268456020444113079e+02,1.490711984999859852e-01,2.490000000000000000e+02,8.222720640000000000e+08,2.166747463680000000e+11,1.427920758724212646e-01
3.790000000000000000e+03,2.654000000000000000e+03,1.313856481106098215e+02,1.397542485937368628e-01,2.140000000000000000e+02,1.069744256000000000e+09,2.377314959360000000e+11,2.512958347797393799e-01
3.633000000000000000e+03,3.976000000000000000e+03,1.066209912469791306e+02,1.923076923076923184e-01,2.900000000000000000e+01,1.268129484800000000e+10,1.003939889152000000e+12,2.182029724121093750e+00
3.809000000000000000e+03,1.066000000000000000e+03,7.648485704576278010e+01,1.720052290384453675e-01,3.340000000000000000e+02,5.983065600000000000e+08,1.386395566080000000e+11,6.755406409502029419e-02
1.909000000000000000e+03,3.880000000000000000e+03,1.158385629778717174e+02,7.692307692307692735e-02,3.250000000000000000e+02,4.502778560000000000e+08,1.259846533120000000e+11,4.601342231035232544e-02
2.419000000000000000e+03,2.662000000000000000e+03,9.809078532625575519e+01,1.875000000000000000e-01,1.660000000000000000e+02,9.581872640000000000e+08,2.619022049280000000e+11,7.293145358562469482e-02
2.931000000000000000e+03,3.108000000000000000e+03,1.765404236412424268e+02,1.802775637731994507e-01,6.100000000000000000e+01,4.794040320000000000e+09,4.982126346240000000e+11,1.534123420715332031e+00
9.450000000000000000e+02,3.821000000000000000e+03,1.562374173357678444e+02,1.346870059402947850e-01,8.100000000000000000e+01,7.719323136000000000e+09,5.698018344960000000e+11,5.399097129702568054e-02
1.374000000000000000e+03,2.611000000000000000e+03,5.532599843468465650e+01,1.490711984999859852e-01,1.930000000000000000e+02,9.313193600000000000e+08,2.103257825280000000e+11,1.091748252511024475e-01
2.112000000000000000e+03,2.768000000000000000e+03,1.105107919432136185e+02,1.499999999999999944e-01,6.900000000000000000e+01,3.450892544000000000e+09,4.530230394880000000e+11,8.756514787673950195e-01
1.303000000000000000e+03,2.019000000000000000e+03,1.170741475956078261e+02,1.585809856006792640e-01,3.800000000000000000e+01,1.030433177600000000e+10,9.779833077760000000e+11,7.185483574867248535e-01
1.812000000000000000e+03,2.177000000000000000e+03,4.801687762587641828e+01,3.367175148507369625e-02,1.000000000000000000e+00,6.157198950400000000e+10,4.416137068544000000e+12,4.520943015813827515e-02
2.570000000000000000e+03,1.513000000000000000e+03,2.462067339577134533e+02,1.153846153846153910e-01,3.200000000000000000e+01,1.381409075200000000e+10,1.072877797376000000e+12,2.538702011108398438e+00
3.681000000000000000e+03,2.898000000000000000e+03,1.048356107989560968e+02,6.896551724137930939e-02,1.900000000000000000e+01,2.456189337600000000e+10,1.437959847936000000e+12,4.980907142162322998e-01
3.900000000000000000e+03,5.500000000000000000e+02,5.313163300684843904e+01,1.087856586440842377e-01,2.950000000000000000e+02,4.791690560000000000e+08,1.254606766080000000e+11,1.722156628966331482e-02
7.390000000000000000e+02,2.810000000000000000e+03,7.878455929973122238e+02,8.944271909999158832e-02,3.300000000000000000e+01,1.520119193600000000e+10,9.712469934080000000e+11,1.588283777236938477e+00
2.987000000000000000e+03,3.600000000000000000e+01,1.326990542948867358e+02,1.490711984999859852e-01,1.100000000000000000e+01,3.217836032000000000e+10,1.621931982848000000e+12,9.086136817932128906e-01
3.965000000000000000e+03,3.601000000000000000e+03,1.960055341376009039e+02,7.071067811865475172e-02,1.110000000000000000e+02,7.458587648000000000e+09,4.460573818880000000e+11,7.694523334503173828e-01
3.482000000000000000e+03,2.855000000000000000e+03,2.608346710862178952e+02,1.346870059402947850e-01,8.500000000000000000e+01,3.280976896000000000e+09,5.304367513600000000e+11,3.841274082660675049e-01
2.926000000000000000e+03,3.106000000000000000e+03,2.078420369178710700e+02,1.581138830084189706e-01,6.100000000000000000e+01,4.794040320000000000e+09,4.982126346240000000e+11,1.534123420715332031e+00
3.113000000000000000e+03,3.420000000000000000e+02,1.659048269404556777e+02,8.318903308077030267e-02,1.410000000000000000e+02,1.149059840000000000e+09,2.718584832000000000e+11,7.850439548492431641e-01
2.993000000000000000e+03,2.203000000000000000e+03,8.112858304320431557e+01,8.838834764831844659e-02,2.340000000000000000e+02,3.183621760000000000e+08,2.423084810240000000e+11,3.677742183208465576e-01
2.806000000000000000e+03,2.404000000000000000e+03,6.836832715941721972e+01,1.764705882352941291e-01,2.130000000000000000e+02,1.042019712000000000e+09,2.757443584000000000e+11,3.763999044895172119e-01
3.088000000000000000e+03,3.651000000000000000e+03,1.120761246493859176e+02,1.976423537605237202e-01,1.200000000000000000e+01,3.804662169600000000e+10,1.865792618496000000e+12,1.976391410827636719e+01
3.280000000000000000e+02,5.930000000000000000e+02,9.254105500058716416e+01,1.111111111111111049e-01,1.460000000000000000e+02,1.005128384000000000e+09,3.474091212800000000e+11,3.189797103404998779e-01
3.306000000000000000e+03,3.311000000000000000e+03,1.598635604011588782e+02,1.578947368421052544e-01,2.000000000000000000e+00,2.817368064000000000e+10,3.130425081856000000e+12,8.803648948669433594e+00
2.864000000000000000e+03,3.556000000000000000e+03,7.471185276850415846e+01,1.724137931034482873e-01,1.500000000000000000e+01,2.484295680000000000e+10,1.361350492160000000e+12,1.479203462600708008e+00
9.730000000000000000e+02,1.490000000000000000e+03,4.045094575837565998e+01,1.767766952966368932e-01,1.430000000000000000e+02,9.831441408000000000e+09,2.495392317440000000e+11,0.000000000000000000e+00
6.130000000000000000e+02,3.755000000000000000e+03,1.096078633185752551e+02,1.379310344827586188e-01,1.400000000000000000e+01,4.285676339200000000e+10,1.507835248640000000e+12,3.455087184906005859e+00
3.100000000000000000e+02,1.473000000000000000e+03,1.798286328300218315e+02,1.249425947156866806e-01,8.000000000000000000e+00,5.188821811200000000e+10,2.186460135424000000e+12,5.949957370758056641e-01
1.360000000000000000e+03,7.510000000000000000e+02,8.168564545514259123e+01,6.250000000000000000e-02,2.280000000000000000e+02,7.644033280000000000e+08,2.608238919680000000e+11,1.717759370803833008e-01
1.401000000000000000e+03,1.454000000000000000e+03,6.027633505961836846e+01,1.597191412499849861e-01,3.040000000000000000e+02,3.285930240000000000e+08,1.690658570240000000e+11,2.467923052608966827e-02
2.250000000000000000e+03,1.090000000000000000e+03,4.029362052481534562e+01,1.542115846551579128e-01,3.000000000000000000e+01,2.774474752000000000e+10,1.397942386688000000e+12,0.000000000000000000e+00
6.050000000000000000e+02,1.762000000000000000e+03,1.268002507247368129e+02,1.717960677340691911e-01,2.100000000000000000e+01,9.767414784000000000e+09,7.698031575040000000e+11,1.788983106613159180e+00
3.206000000000000000e+03,1.962000000000000000e+03,9.525374305148960730e+01,1.064794274999899953e-01,9.500000000000000000e+01,6.686404608000000000e+09,5.159017840640000000e+11,9.251435995101928711e-01
1.575000000000000000e+03,2.111000000000000000e+03,7.918126954972666454e+02,1.229750923802691437e-01,5.500000000000000000e+01,2.193723596800000000e+10,7.420609822720000000e+11,5.831490755081176758e-01
2.647000000000000000e+03,2.860000000000000000e+03,9.222946292136758473e+01,1.502313031443328895e-01,5.600000000000000000e+01,1.586118144000000000e+10,7.945620684800000000e+11,1.549731612205505371e+00
2.338000000000000000e+03,2.421000000000000000e+03,1.069889465812348419e+02,1.888525745775105347e-01,7.000000000000000000e+00,2.338970419200000000e+10,1.180404940800000000e+12,3.693187236785888672e+00
3.098000000000000000e+03,3.655000000000000000e+03,1.146679164416999868e+02,1.397542485937368628e-01,1.200000000000000000e+01,3.804662169600000000e+10,1.865792618496000000e+12,1.976391410827636719e+01
3.363000000000000000e+03,1.649000000000000000e+03,9.197375082745600139e+01,8.333333333333332871e-02,3.490000000000000000e+02,3.211499200000000000e+08,1.035304714240000000e+11,3.332430496811866760e-02
3.401000000000000000e+03,2.932000000000000000e+03,4.602076731270700520e+02,9.722034684781695468e-02,6.600000000000000000e+01,1.370071859200000000e+10,7.471679406080000000e+11,1.815132617950439453e+00
3.395000000000000000e+03,3.888000000000000000e+03,7.564402859778657273e+01,1.976423537605237202e-01,2.370000000000000000e+02,1.394494720000000000e+09,2.391590338560000000e+11,2.944625318050384521e-01
3.324000000000000000e+03,1.070000000000000000e+03,1.290450923284501812e+02,1.874138920735300140e-01,6.500000000000000000e+01,5.798317568000000000e+09,6.672032727040000000e+11,1.531720995903015137e+00
3.406000000000000000e+03,2.935000000000000000e+03,4.716733110812060659e+01,1.567630989332169100e-01,6.600000000000000000e+01,1.370071859200000000e+10,7.471679406080000000e+11,1.815132617950439453e+00
8.370000000000000000e+02,4.140000000000000000e+02,7.174265575055805755e+01,1.437398936440172637e-01,7.600000000000000000e+01,8.476939776000000000e+09,6.548592394240000000e+11,5.924999117851257324e-01
3.307000000000000000e+03,3.315000000000000000e+03,2.576297462574331121e+02,1.685032694061275871e-01,2.000000000000000000e+00,2.817368064000000000e+10,3.130425081856000000e+12,8.803648948669433594e+00
3.146000000000000000e+03,2.866000000000000000e+03,5.498518786816917014e+01,1.720052290384453675e-01,2.330000000000000000e+02,3.838156800000000000e+08,1.277906698240000000e+11,8.263472467660903931e-02
3.547000000000000000e+03,2.518000000000000000e+03,1.056700398836837849e+02,1.527076157636170495e-01,2.600000000000000000e+01,1.607904665600000000e+10,1.146904903680000000e+12,3.561056852340698242e+00
3.870000000000000000e+02,7.930000000000000000e+02,7.310023325513084274e+02,5.892556509887896671e-02,5.000000000000000000e+01,7.061435904000000000e+09,8.643143270400000000e+11,2.096730947494506836e+00
1.898000000000000000e+03,3.887000000000000000e+03,8.914730964749627162e+01,1.720052290384453675e-01,3.470000000000000000e+02,3.336592000000000000e+08,1.222383042560000000e+11,0.000000000000000000e+00
3.316000000000000000e+03,1.277000000000000000e+03,2.280312735970014160e+02,7.856742013183862228e-02,1.450000000000000000e+02,2.051864320000000000e+09,3.555906682880000000e+11,3.473100960254669189e-01
2.114000000000000000e+03,2.767000000000000000e+03,8.965311695347961063e+01,1.414213562373095034e-01,6.900000000000000000e+01,3.450892544000000000e+09,4.530230394880000000e+11,8.756514787673950195e-01
2.108000000000000000e+03,2.903000000000000000e+03,9.622601926128641026e+01,1.860163329510811370e-01,1.760000000000000000e+02,4.542482944000000000e+09,2.715383070720000000e+11,7.511537075042724609e-01
2.078000000000000000e+03,2.855000000000000000e+03,9.878178505965932743e+01,1.874138920735300140e-01,4.400000000000000000e+01,9.059347456000000000e+09,6.248648540160000000e+11,4.563073813915252686e-01
1.578000000000000000e+03,2.115000000000000000e+03,6.687820463326123388e+01,9.722034684781695468e-02,5.500000000000000000e+01,2.193723596800000000e+10,7.420609822720000000e+11,5.831490755081176758e-01
2.148000000000000000e+03,1.474000000000000000e+03,5.715984613957392924e+01,1.663780661615406053e-01,1.990000000000000000e+02,6.572332160000000000e+08,2.871545692160000000e+11,2.213998883962631226e-01
1.473000000000000000e+03,2.857000000000000000e+03,1.269696814297874852e+02,1.087856586440842377e-01,2.180000000000000000e+02,4.900465280000000000e+08,1.246252810240000000e+11,9.948574006557464600e-02
6.130000000000000000e+02,8.750000000000000000e+02,9.047068526724733317e+01,1.374903330507991073e-01,7.300000000000000000e+01,1.833807257600000000e+10,6.925092782080000000e+11,3.555294871330261230e-01
1.575000000000000000e+03,2.115000000000000000e+03,3.447907428709165742e+02,1.229750923802691437e-01,5.500000000000000000e+01,2.193723596800000000e+10,7.420609822720000000e+11,5.831490755081176758e-01
2.228000000000000000e+03,3.807000000000000000e+03,9.608138579575198435e+01,1.788854381999831766e-01,4.100000000000000000e+01,1.540933632000000000e+10,9.524732887040000000e+11,2.167505264282226562e+00
3.427000000000000000e+03,2.565000000000000000e+03,9.394843609332390599e+01,1.397542485937368628e-01,2.240000000000000000e+02,8.462172160000000000e+08,2.229220966400000000e+11,2.098167538642883301e-01
2.951000000000000000e+03,3.600000000000000000e+02,8.153125692811848069e+01,1.333333333333333315e-01,2.690000000000000000e+02,5.385856640000000000e+08,2.082065776640000000e+11,1.056062951683998108e-01
6.100000000000000000e+02,8.780000000000000000e+02,2.465381931529613553e+02,8.695652173913043237e-02,7.300000000000000000e+01,1.833807257600000000e+10,6.925092782080000000e+11,3.555294871330261230e-01
9.120000000000000000e+02,1.401000000000000000e+03,8.812494202725470416e+01,1.764705882352941291e-01,1.650000000000000000e+02,5.347155520000000000e+08,3.105895219200000000e+11,6.146562099456787109e-02
1.806000000000000000e+03,2.176000000000000000e+03,3.705822224204418092e+01,1.666666666666666574e-01,1.000000000000000000e+00,6.157198950400000000e+10,4.416137068544000000e+12,4.520943015813827515e-02
8.360000000000000000e+02,4.180000000000000000e+02,5.804018663251500811e+02,1.016394535227177209e-01,7.600000000000000000e+01,8.476939776000000000e+09,6.548592394240000000e+11,5.924999117851257324e-01
2.992000000000000000e+03,2.203000000000000000e+03,9.415940089994461459e+01,6.250000000000000000e-02,2.340000000000000000e+02,3.183621760000000000e+08,2.423084810240000000e+11,3.677742183208465576e-01
3.827000000000000000e+03,3.390000000000000000e+03,1.127235871944672425e+02,9.722034684781695468e-02,7.100000000000000000e+01,8.651307008000000000e+09,6.954382786560000000e+11,3.705672323703765869e-01
8.540000000000000000e+02,2.168000000000000000e+03,7.428093298487561924e+01,1.585809856006792640e-01,3.600000000000000000e+01,2.155912396800000000e+10,1.085298507776000000e+12,2.135843515396118164e+00
3.756000000000000000e+03,1.963000000000000000e+03,1.139616498777709381e+02,1.315334104411640948e-01,2.300000000000000000e+02,5.757701120000000000e+08,2.750872944640000000e+11,8.679321408271789551e-02
3.089000000000000000e+03,1.265000000000000000e+03,8.654405611728954284e+01,1.963383631246505001e-01,7.400000000000000000e+01,5.023833600000000000e+09,5.444143677440000000e+11,3.966262638568878174e-01
2.000000000000000000e+02,8.560000000000000000e+02,2.494821477936781307e+01,1.720052290384453675e-01,2.980000000000000000e+02,4.411450880000000000e+08,1.278965022720000000e+11,4.018817096948623657e-02
1.610000000000000000e+02,1.414000000000000000e+03,5.376800435019416113e+01,1.897658566033678385e-01,1.250000000000000000e+02,3.360155648000000000e+09,3.882590535680000000e+11,6.173577904701232910e-01
3.095000000000000000e+03,8.590000000000000000e+02,4.772814934234151707e+01,1.860163329510811370e-01,1.850000000000000000e+02,1.384537344000000000e+09,2.915444326400000000e+11,5.173170194029808044e-02
3.967000000000000000e+03,3.597000000000000000e+03,7.422865728022678411e+01,1.581138830084189706e-01,1.110000000000000000e+02,7.458587648000000000e+09,4.460573818880000000e+11,7.694523334503173828e-01
2.345000000000000000e+03,2.618000000000000000e+03,6.785635079727086350e+01,1.874138920735300140e-01,7.500000000000000000e+01,6.909923840000000000e+09,6.275906273280000000e+11,1.387628793716430664e+00
7.360000000000000000e+02,3.058000000000000000e+03,1.906326613762297768e+02,7.443229275647869625e-02,1.400000000000000000e+02,3.078145536000000000e+09,3.894766796800000000e+11,4.259077310562133789e-01
3.569000000000000000e+03,1.409000000000000000e+03,8.829615638637658037e+01,1.764705882352941291e-01,1.690000000000000000e+02,1.989236992000000000e+09,3.081782558720000000e+11,2.696634232997894287e-01
1.965000000000000000e+03,3.988000000000000000e+03,5.072829652812156098e+01,1.502313031443328895e-01,5.800000000000000000e+01,1.604596838400000000e+10,8.437500477440000000e+11,6.876591444015502930e-01
2.060000000000000000e+02,1.059000000000000000e+03,1.385457368536749527e+02,9.523809523809523281e-02,5.400000000000000000e+01,7.008146944000000000e+09,5.634084044800000000e+11,5.607416629791259766e-01
2.742000000000000000e+03,2.875000000000000000e+03,3.795072554959774180e+01,1.612903225806451568e-01,1.600000000000000000e+01,3.269567692800000000e+10,1.808104685568000000e+12,0.000000000000000000e+00
3.465000000000000000e+03,1.183000000000000000e+03,2.827594104892174869e+02,7.443229275647869625e-02,1.210000000000000000e+02,1.199321856000000000e+09,3.968022282240000000e+11,5.909001231193542480e-01
3.759000000000000000e+03,1.264000000000000000e+03,7.819835188824269778e+01,1.767766952966368654e-01,5.100000000000000000e+01,1.338212966400000000e+10,8.122256588800000000e+11,2.885771274566650391e+00
1.824000000000000000e+03,1.927000000000000000e+03,3.650980793779071121e+01,1.976423537605237202e-01,1.490000000000000000e+02,1.098039936000000000e+09,2.263666524160000000e+11,1.936717629432678223e-01
4.000000000000000000e+00,2.914000000000000000e+03,5.418713343389615744e+01,1.250000000000000000e-01,2.480000000000000000e+02,7.255711360000000000e+08,2.413170196480000000e+11,7.241006195545196533e-02
3.238000000000000000e+03,2.994000000000000000e+03,1.167502664155883281e+02,1.666666666666666574e-01,1.630000000000000000e+02,2.215606528000000000e+09,3.263569264640000000e+11,2.493974864482879639e-01
1.416000000000000000e+03,1.431000000000000000e+03,7.785693395643545500e+01,1.897658566033678385e-01,1.260000000000000000e+02,4.160075520000000000e+09,3.984403005440000000e+11,1.379993796348571777e+00
1.818000000000000000e+03,2.180000000000000000e+03,3.774760070873717410e+01,1.524553389864963804e-01,1.000000000000000000e+00,6.157198950400000000e+10,4.416137068544000000e+12,4.520943015813827515e-02
3.116000000000000000e+03,3.420000000000000000e+02,5.212520046049826306e+01,1.315334104411640948e-01,1.410000000000000000e+02,1.149059840000000000e+09,2.718584832000000000e+11,7.850439548492431641e-01
1.736000000000000000e+03,2.664000000000000000e+03,6.836074183497036927e+01,1.802775637731994507e-01,1.040000000000000000e+02,4.739264512000000000e+09,4.969811148800000000e+11,6.040065884590148926e-01
2.340000000000000000e+03,2.411000000000000000e+03,7.680813860678280491e+01,1.888525745775105347e-01,7.000000000000000000e+00,2.338970419200000000e+10,1.180404940800000000e+12,3.693187236785888672e+00
4.290000000000000000e+02,3.366000000000000000e+03,9.489424949217449523e+01,1.010152544552210818e-01,3.010000000000000000e+02,5.535228160000000000e+08,1.698646589440000000e+11,4.306596517562866211e-02
1.818000000000000000e+03,2.172000000000000000e+03,3.685169939709883380e+01,1.524553389864963804e-01,1.000000000000000000e+00,6.157198950400000000e+10,4.416137068544000000e+12,4.520943015813827515e-02
3.556000000000000000e+03,1.235000000000000000e+03,1.134514928942580241e+02,1.315334104411640948e-01,2.270000000000000000e+02,1.446616960000000000e+09,2.703301345280000000e+11,2.566079795360565186e-01
3.602000000000000000e+03,3.026000000000000000e+03,1.835804346728505436e+02,1.581138830084189706e-01,9.000000000000000000e+01,1.856924032000000000e+09,4.570356121600000000e+11,5.995895862579345703e-01
1.902000000000000000e+03,1.462000000000000000e+03,8.793019141887482419e+02,0.000000000000000000e+00,2.760000000000000000e+02,9.284546560000000000e+08,2.004269629440000000e+11,2.256767898797988892e-01
9.150000000000000000e+02,3.755000000000000000e+03,5.144529378591352753e+01,1.860163329510811370e-01,2.090000000000000000e+02,1.459193984000000000e+09,2.704549806080000000e+11,3.244192004203796387e-01
3.124000000000000000e+03,1.049000000000000000e+03,1.449994358442761779e+02,1.923076923076923184e-01,3.100000000000000000e+01,1.766500556800000000e+10,1.050311589888000000e+12,3.384711980819702148e+00
3.433000000000000000e+03,1.429000000000000000e+03,6.847541127593078158e+01,1.897658566033678385e-01,1.180000000000000000e+02,3.062268160000000000e+09,4.329599795200000000e+11,4.076516926288604736e-01
3.313000000000000000e+03,3.305000000000000000e+03,2.530344451061846485e+02,1.600726981657426273e-01,2.000000000000000000e+00,2.817368064000000000e+10,3.130425081856000000e+12,8.803648948669433594e+00
3.510000000000000000e+02,2.370000000000000000e+02,8.247285763468806863e+01,1.178511301977579334e-01,3.540000000000000000e+02,4.699202560000000000e+08,9.459950387200000000e+10,2.889592386782169342e-02
8.020000000000000000e+02,1.658000000000000000e+03,6.212206034810785127e+01,1.490711984999859852e-01,2.700000000000000000e+02,6.247793920000000000e+08,2.094178795520000000e+11,5.558474734425544739e-02
1.290000000000000000e+02,3.278000000000000000e+03,9.443937737696103341e+01,1.788854381999831766e-01,3.900000000000000000e+01,9.824643072000000000e+09,9.033239101440000000e+11,4.672022819519042969e+00
6.040000000000000000e+02,1.768000000000000000e+03,2.120841933139170123e+02,8.333333333333332871e-02,2.100000000000000000e+01,9.767414784000000000e+09,7.698031575040000000e+11,1.788983106613159180e+00
3.666000000000000000e+03,3.428000000000000000e+03,6.755241654000526808e+01,1.863389981249824745e-01,5.900000000000000000e+01,1.048679833600000000e+10,7.828546519040000000e+11,5.260182619094848633e-01
1.440000000000000000e+03,1.504000000000000000e+03,4.360212943001820349e+02,5.882352941176470507e-02,1.840000000000000000e+02,3.228920576000000000e+09,3.089111777280000000e+11,5.643389225006103516e-01
3.660000000000000000e+02,1.323000000000000000e+03,3.412250702700760030e+02,3.535533905932737586e-02,0.000000000000000000e+00,6.791713996800000000e+10,3.866329874432000000e+12,5.838018655776977539e-01
2.190000000000000000e+03,3.717000000000000000e+03,7.495643081630698816e+02,5.882352941176470507e-02,1.120000000000000000e+02,8.785539200000000000e+08,3.099460239360000000e+11,1.412641167640686035e+00
3.045000000000000000e+03,3.282000000000000000e+03,1.077860994556056227e+02,1.490711984999859852e-01,1.900000000000000000e+02,4.586923520000000000e+08,2.166169108480000000e+11,2.238614857196807861e-02
2.993000000000000000e+03,2.205000000000000000e+03,6.377835112585844257e+01,1.976423537605237202e-01,2.340000000000000000e+02,3.183621760000000000e+08,2.423084810240000000e+11,3.677742183208465576e-01
3.437000000000000000e+03,1.427000000000000000e+03,8.533754137334368295e+01,1.176877882894626220e-01,1.180000000000000000e+02,3.062268160000000000e+09,4.329599795200000000e+11,4.076516926288604736e-01
3.545000000000000000e+03,2.511000000000000000e+03,1.697870004210554669e+02,1.171213948210510919e-01,2.600000000000000000e+01,1.607904665600000000e+10,1.146904903680000000e+12,3.561056852340698242e+00
2.173000000000000000e+03,1.698000000000000000e+03,6.437247895861791847e+01,1.087856586440842377e-01,3.320000000000000000e+02,3.736707200000000000e+08,1.258811801600000000e+11,4.991431534290313721e-02
3.061000000000000000e+03,1.580000000000000000e+03,5.073500727000833876e+01,1.597191412499849861e-01,3.170000000000000000e+02,5.427262080000000000e+08,1.611926405120000000e+11,5.585111305117607117e-02
6.160000000000000000e+02,3.750000000000000000e+03,1.387332635080666137e+02,1.090440572471854941e-01,1.400000000000000000e+01,4.285676339200000000e+10,1.507835248640000000e+12,3.455087184906005859e+00
1.374000000000000000e+03,2.608000000000000000e+03,9.380804051983885472e+01,9.428090415820634951e-02,1.930000000000000000e+02,9.313193600000000000e+08,2.103257825280000000e+11,1.091748252511024475e-01
3.458000000000000000e+03,9.270000000000000000e+02,2.614885078166782932e+02,1.242259987499883256e-01,1.390000000000000000e+02,2.223887616000000000e+09,3.703193927680000000e+11,4.774526357650756836e-01
1.624000000000000000e+03,6.400000000000000000e+01,1.075999754255444003e+02,1.176877882894626220e-01,1.270000000000000000e+02,3.045517312000000000e+09,4.335536701440000000e+11,6.563200950622558594e-01
6.550000000000000000e+02,3.896000000000000000e+03,6.358614008678486584e+01,1.597191412499849861e-01,2.160000000000000000e+02,3.302373120000000000e+08,1.758905139200000000e+11,1.909164041280746460e-01
3.505000000000000000e+03,3.200000000000000000e+03,8.899085593290806173e+01,1.792654619833765339e-01,5.200000000000000000e+01,9.552431104000000000e+09,7.089194926080000000e+11,3.984834671020507812e+00
1.405000000000000000e+03,1.284000000000000000e+03,1.362781809767689367e+02,1.818181818181818232e-01,2.970000000000000000e+02,3.761315520000000000e+08,7.673151488000000000e+10,3.619387745857238770e-02
1.600000000000000000e+01,1.900000000000000000e+03,1.207724854639455430e+02,1.414213562373095034e-01,6.400000000000000000e+01,5.924396544000000000e+09,5.008560619520000000e+11,2.087332487106323242e+00
3.088000000000000000e+03,1.264000000000000000e+03,1.005637867388876430e+02,1.428571428571428492e-01,7.400000000000000000e+01,5.023833600000000000e+09,5.444143677440000000e+11,3.966262638568878174e-01
2.722000000000000000e+03,1.495000000000000000e+03,1.753754006370463117e+02,1.386750490563072868e-01,3.500000000000000000e+01,2.962417459200000000e+10,9.809144053760000000e+11,6.172360420227050781e+00
1.489000000000000000e+03,1.703000000000000000e+03,3.335666675037520434e+01,1.720052290384453675e-01,3.270000000000000000e+02,4.838972160000000000e+08,1.434706575360000000e+11,1.223590448498725891e-01
1.628000000000000000e+03,9.540000000000000000e+02,6.106522169464928140e+01,1.863389981249824745e-01,3.560000000000000000e+02,8.697306240000000000e+08,9.135099904000000000e+10,1.233631446957588196e-01
2.605000000000000000e+03,8.840000000000000000e+02,1.279810866118476298e+02,7.692307692307692735e-02,3.430000000000000000e+02,4.422740480000000000e+08,1.289499361280000000e+11,1.331258192658424377e-02
3.632000000000000000e+03,3.983000000000000000e+03,1.735243150848009464e+02,8.600261451922268374e-02,2.900000000000000000e+01,1.268129484800000000e+10,1.003939889152000000e+12,2.182029724121093750e+00
7.400000000000000000e+02,8.360000000000000000e+02,7.405914991161614580e+01,1.428571428571428492e-01,3.280000000000000000e+02,3.508671680000000000e+08,1.473805352960000000e+11,3.014664165675640106e-02
3.478000000000000000e+03,2.853000000000000000e+03,5.693910340717615099e+02,9.523809523809523281e-02,8.500000000000000000e+01,3.280976896000000000e+09,5.304367513600000000e+11,3.841274082660675049e-01
2.081000000000000000e+03,2.855000000000000000e+03,1.410581604952616885e+02,6.428243465332250661e-02,4.400000000000000000e+01,9.059347456000000000e+09,6.248648540160000000e+11,4.563073813915252686e-01
1.965000000000000000e+03,2.000000000000000000e+01,4.080769501190118120e+01,1.428571428571428492e-01,2.900000000000000000e+02,3.820103360000000000e+08,1.576455208960000000e+11,1.142183914780616760e-01
7.500000000000000000e+01,3.767000000000000000e+03,6.259700000623033844e+01,1.664356663246515655e-01,1.380000000000000000e+02,3.522424832000000000e+09,3.751791165440000000e+11,4.641978740692138672e-01
5.220000000000000000e+02,2.165000000000000000e+03,9.239445447783608643e+02,1.052631578947368363e-01,8.900000000000000000e+01,6.515340800000000000e+09,4.246592880640000000e+11,1.049532413482666016e+00
3.895000000000000000e+03,5.160000000000000000e+02,6.007185926331226966e+01,1.897658566033678385e-01,1.470000000000000000e+02,1.940034048000000000e+09,3.742253711360000000e+11,3.393869996070861816e-01
1.914000000000000000e+03,3.896000000000000000e+03,1.866049607960298147e+02,1.527076157636170495e-01,2.300000000000000000e+01,3.924919910400000000e+10,1.211719614464000000e+12,8.107573509216308594e+00
3.610000000000000000e+02,1.327000000000000000e+03,9.999241142906414836e+01,1.952562418976663550e-01,0.000000000000000000e+00,6.791713996800000000e+10,3.866329874432000000e+12,5.838018655776977539e-01
2.607000000000000000e+03,8.820000000000000000e+02,1.141469279425709686e+02,1.720052290384453675e-01,3.430000000000000000e+02,4.422740480000000000e+08,1.289499361280000000e+11,1.331258192658424377e-02
1.094000000000000000e+03,1.473000000000000000e+03,3.882515046026048111e+01,1.571348402636772446e-01,3.580000000000000000e+02,1.184219520000000000e+09,4.405610905600000000e+10,0.000000000000000000e+00
3.983000000000000000e+03,2.432000000000000000e+03,3.222738563250003381e+02,1.010152544552210818e-01,2.200000000000000000e+01,3.011985612800000000e+10,1.264861839360000000e+12,0.000000000000000000e+00
1.330000000000000000e+03,1.613000000000000000e+03,1.377887090153694203e+02,1.663780661615406053e-01,1.820000000000000000e+02,1.194767488000000000e+09,2.648773918720000000e+11,2.541265189647674561e-01
6.080000000000000000e+02,1.768000000000000000e+03,8.129657669357392535e+01,1.863389981249824745e-01,2.100000000000000000e+01,9.767414784000000000e+09,7.698031575040000000e+11,1.788983106613159180e+00
3.235000000000000000e+03,2.992000000000000000e+03,1.411395075871105007e+02,1.111111111111111049e-01,1.630000000000000000e+02,2.215606528000000000e+09,3.263569264640000000e+11,2.493974864482879639e-01
2.508000000000000000e+03,1.022000000000000000e+03,6.677139836135984297e+01,1.288470508005518933e-01,5.000000000000000000e+00,3.258369433600000000e+10,1.944343412736000000e+12,3.667835891246795654e-01
3.012000000000000000e+03,8.190000000000000000e+02,1.021529340267951653e+02,1.118033988749894958e-01,1.020000000000000000e+02,1.650304512000000000e+09,4.517831966720000000e+11,2.106188774108886719e+00
3.207000000000000000e+03,1.964000000000000000e+03,4.628382742422839158e+01,1.904761904761904656e-01,9.500000000000000000e+01,6.686404608000000000e+09,5.159017840640000000e+11,9.251435995101928711e-01
2.514000000000000000e+03,1.015000000000000000e+03,7.227334012365849958e+01,1.976423537605237202e-01,5.000000000000000000e+00,3.258369433600000000e+10,1.944343412736000000e+12,3.667835891246795654e-01
8.940000000000000000e+02,2.558000000000000000e+03,4.895899433376683163e+01,1.976423537605237202e-01,2.510000000000000000e+02,9.487840640000000000e+08,2.391114219520000000e+11,1.013396605849266052e-01
6.030000000000000000e+02,2.617000000000000000e+03,1.260481848768935151e+02,9.753196981883414940e-02,1.800000000000000000e+01,1.623037542400000000e+10,1.491725320192000000e+12,5.082186508178710938e+01
3.190000000000000000e+02,1.474000000000000000e+03,8.766924044213077138e+01,1.515151515151515194e-01,8.000000000000000000e+00,5.188821811200000000e+10,2.186460135424000000e+12,5.949957370758056641e-01
3.098000000000000000e+03,3.649000000000000000e+03,1.290679153302306190e+02,1.767766952966368932e-01,1.200000000000000000e+01,3.804662169600000000e+10,1.865792618496000000e+12,1.976391410827636719e+01
1.689000000000000000e+03,1.571000000000000000e+03,5.525788559460162332e+02,1.118033988749894958e-01,1.050000000000000000e+02,3.697087744000000000e+09,4.976978165760000000e+11,1.093283891677856445e+00
2.817000000000000000e+03,3.445000000000000000e+03,4.336815000846519297e+01,1.490711984999859852e-01,2.730000000000000000e+02,8.704693120000000000e+08,1.966705213440000000e+11,1.740351915359497070e-01
2.962000000000000000e+03,3.238000000000000000e+03,3.871116069167294427e+01,1.242259987499883256e-01,1.860000000000000000e+02,2.221791744000000000e+09,3.187015680000000000e+11,4.008580744266510010e-01
1.246000000000000000e+03,2.224000000000000000e+03,3.769660290095025346e+01,1.428571428571428492e-01,3.030000000000000000e+02,3.288742080000000000e+08,1.560784732160000000e+11,8.826738595962524414e-02
6.040000000000000000e+02,1.765000000000000000e+03,8.015646874342162391e+02,4.166666666666666435e-02,2.100000000000000000e+01,9.767414784000000000e+09,7.698031575040000000e+11,1.788983106613159180e+00
2.085000000000000000e+03,2.853000000000000000e+03,9.293380817461157051e+01,1.437398936440172637e-01,4.400000000000000000e+01,9.059347456000000000e+09,6.248648540160000000e+11,4.563073813915252686e-01
2.759000000000000000e+03,3.319000000000000000e+03,1.045051572995508025e+02,1.844626385704036808e-01,6.000000000000000000e+01,1.034285875200000000e+10,7.247058698240000000e+11,3.249531269073486328e+00
3.024000000000000000e+03,3.230000000000000000e+03,1.106614583331129040e+02,1.976423537605237202e-01,1.970000000000000000e+02,1.376791424000000000e+09,2.338413936640000000e+11,1.094494313001632690e-01
1.962000000000000000e+03,3.985000000000000000e+03,8.614551646155551907e+02,4.166666666666666435e-02,5.800000000000000000e+01,1.604596838400000000e+10,8.437500477440000000e+11,6.876591444015502930e-01
2.007000000000000000e+03,7.760000000000000000e+02,4.321130747164605168e+01,1.944406936956339094e-01,6.700000000000000000e+01,6.917338624000000000e+09,7.341444956160000000e+11,7.526878714561462402e-01
3.967000000000000000e+03,3.600000000000000000e+03,1.940192898365332610e+02,5.000000000000000278e-02,1.110000000000000000e+02,7.458587648000000000e+09,4.460573818880000000e+11,7.694523334503173828e-01
3.754000000000000000e+03,1.154000000000000000e+03,1.480999868901004959e+02,1.315334104411640948e-01,2.060000000000000000e+02,1.421491456000000000e+09,2.958128906240000000e+11,2.106096446514129639e-01
2.508000000000000000e+03,2.539000000000000000e+03,4.336884572566639662e+01,1.638886943392722229e-01,7.800000000000000000e+01,5.457160704000000000e+09,5.865217720320000000e+11,1.891067266464233398e+00
1.818000000000000000e+03,2.178000000000000000e+03,4.268929065915742171e+01,1.282182096936786697e-01,1.000000000000000000e+00,6.157198950400000000e+10,4.416137068544000000e+12,4.520943015813827515e-02
6.080000000000000000e+02,8.790000000000000000e+02,1.568153898022300439e+02,1.567630989332169100e-01,7.300000000000000000e+01,1.833807257600000000e+10,6.925092782080000000e+11,3.555294871330261230e-01
2.700000000000000000e+03,1.576000000000000000e+03,5.917795294257022221e+01,1.242259987499883256e-01,1.080000000000000000e+02,1.689661696000000000e+09,3.681333084160000000e+11,3.743849694728851318e-01
3.120000000000000000e+02,1.479000000000000000e+03,2.944366076698886303e+01,1.631868123374091983e-01,8.000000000000000000e+00,5.188821811200000000e+10,2.186460135424000000e+12,5.949957370758056641e-01
2.806000000000000000e+03,3.007000000000000000e+03,6.969156077870908916e+01,7.692307692307692735e-02,3.070000000000000000e+02,6.675375360000000000e+08,1.431183196160000000e+11,7.680681347846984863e-02
2.861000000000000000e+03,3.547000000000000000e+03,1.733204053406307139e+02,1.724137931034482873e-01,1.500000000000000000e+01,2.484295680000000000e+10,1.361350492160000000e+12,1.479203462600708008e+00
3.959000000000000000e+03,2.666000000000000000e+03,5.506613269343791472e+01,1.571348402636772446e-01,1.530000000000000000e+02,1.981627264000000000e+09,3.649454735360000000e+11,1.969299316406250000e-01
6.690000000000000000e+02,2.474000000000000000e+03,6.762069434399798240e+01,1.335389361282958987e-01,2.500000000000000000e+01,1.637902950400000000e+10,1.113396346880000000e+12,1.996217012405395508e+00
1.244000000000000000e+03,2.225000000000000000e+03,1.178034254652531132e+02,7.142857142857142461e-02,3.030000000000000000e+02,3.288742080000000000e+08,1.560784732160000000e+11,8.826738595962524414e-02
1.592000000000000000e+03,2.530000000000000000e+03,6.659756146455458747e+01,5.555555555555555247e-02,1.740000000000000000e+02,3.833967872000000000e+09,3.328998113280000000e+11,5.388898253440856934e-01
1.858000000000000000e+03,9.690000000000000000e+02,7.545555051249883149e+01,1.597191412499849861e-01,2.710000000000000000e+02,4.389726080000000000e+08,1.701917163520000000e+11,1.421170681715011597e-01
3.399000000000000000e+03,2.934000000000000000e+03,6.299299620507927955e+01,1.792654619833765339e-01,6.600000000000000000e+01,1.370071859200000000e+10,7.471679406080000000e+11,1.815132617950439453e+00
3.721000000000000000e+03,3.746000000000000000e+03,1.889068847947948200e+02,8.318903308077030267e-02,1.770000000000000000e+02,1.930732928000000000e+09,2.886603243520000000e+11,3.639691770076751709e-01
2.877000000000000000e+03,5.310000000000000000e+02,6.356708210550667815e+01,1.315334104411640948e-01,1.620000000000000000e+02,1.652777856000000000e+09,3.143790100480000000e+11,2.708716392517089844e-01
1.125000000000000000e+03,3.884000000000000000e+03,5.242539861107318444e+01,1.388888888888888951e-01,3.000000000000000000e+00,3.762573721600000000e+10,2.640144498688000000e+12,1.831436872482299805e+00
5.420000000000000000e+02,2.474000000000000000e+03,1.188777859175240792e+02,1.397542485937368628e-01,1.350000000000000000e+02,1.476633216000000000e+09,2.523343421440000000e+11,1.282015740871429443e-01
1.365000000000000000e+03,1.384000000000000000e+03,7.319704702318078660e+01,1.087856586440842377e-01,2.650000000000000000e+02,3.193371840000000000e+08,1.263931473920000000e+11,1.837457120418548584e-01
3.027000000000000000e+03,3.227000000000000000e+03,1.664640030351540929e+02,1.250000000000000000e-01,1.970000000000000000e+02,1.376791424000000000e+09,2.338413936640000000e+11,1.094494313001632690e-01
6.000000000000000000e+02,2.617000000000000000e+03,1.983880167310316551e+02,7.710579232757895640e-02,1.800000000000000000e+01,1.623037542400000000e+10,1.491725320192000000e+12,5.082186508178710938e+01
1.425000000000000000e+03,1.300000000000000000e+03,9.584078620803236959e+01,1.756820922315766309e-01,1.710000000000000000e+02,2.986639104000000000e+09,3.262996480000000000e+11,2.502601742744445801e-01
2.300000000000000000e+03,1.183000000000000000e+03,7.408215270100757266e+01,1.010152544552210818e-01,2.880000000000000000e+02,4.470436160000000000e+08,1.477900042240000000e+11,7.913138717412948608e-02
1.863000000000000000e+03,3.060000000000000000e+03,1.312590056872073490e+02,1.111111111111111049e-01,1.360000000000000000e+02,3.717910016000000000e+09,3.234228469760000000e+11,9.218970537185668945e-01
3.666000000000000000e+03,3.426000000000000000e+03,1.884674378922974540e+02,1.178511301977579334e-01,5.900000000000000000e+01,1.048679833600000000e+10,7.828546519040000000e+11,5.260182619094848633e-01
1.962000000000000000e+03,2.200000000000000000e+01,3.564353674226720159e+01,1.597191412499849861e-01,2.900000000000000000e+02,3.820103360000000000e+08,1.576455208960000000e+11,1.142183914780616760e-01
3.607000000000000000e+03,3.030000000000000000e+03,6.170139005026820911e+01,1.802775637731994507e-01,9.000000000000000000e+01,1.856924032000000000e+09,4.570356121600000000e+11,5.995895862579345703e-01
2.990000000000000000e+03,2.203000000000000000e+03,8.686717485821819196e+01,1.397542485937368628e-01,2.340000000000000000e+02,3.183621760000000000e+08,2.423084810240000000e+11,3.677742183208465576e-01
3.050000000000000000e+02,2.089000000000000000e+03,1.565683612221330350e+02,8.838834764831844659e-02,2.570000000000000000e+02,7.093384960000000000e+08,2.261990277120000000e+11,7.845331728458404541e-02
3.046000000000000000e+03,3.283000000000000000e+03,3.647222119055846861e+02,6.666666666666666574e-02,1.900000000000000000e+02,4.586923520000000000e+08,2.166169108480000000e+11,2.238614857196807861e-02
3.048000000000000000e+03,3.291000000000000000e+03,8.652548477334401866e+01,1.699673171197594868e-01,2.000000000000000000e+01,3.612656025600000000e+10,1.626098892800000000e+12,1.186937093734741211e-01
2.518000000000000000e+03,1.020000000000000000e+03,6.108837762425665829e+01,1.900863290718193543e-01,5.000000000000000000e+00,3.258369433600000000e+10,1.944343412736000000e+12,3.667835891246795654e-01
9.970000000000000000e+02,1.264000000000000000e+03,1.036030534495937303e+02,1.666666666666666574e-01,1.570000000000000000e+02,1.903270912000000000e+09,3.250880839680000000e+11,4.719173014163970947e-01
8.380000000000000000e+02,4.150000000000000000e+02,2.851344836434059857e+02,9.090909090909091161e-02,7.600000000000000000e+01,8.476939776000000000e+09,6.548592394240000000e+11,5.924999117851257324e-01
2.152000000000000000e+03,9.000000000000000000e+01,6.205991044090197306e+01,1.631784879661263288e-01,3.400000000000000000e+01,2.207638323200000000e+10,1.046548774912000000e+12,1.211993932723999023e+00
1.125000000000000000e+03,3.890000000000000000e+03,5.525649940786025383e+01,1.388888888888888951e-01,3.000000000000000000e+00,3.762573721600000000e+10,2.640144498688000000e+12,1.831436872482299805e+00
5.750000000000000000e+02,7.870000000000000000e+02,9.541945523436156407e+01,1.397542485937368628e-01,2.100000000000000000e+02,6.068355200000000000e+08,2.526852382720000000e+11,2.046982795000076294e-01
1.450000000000000000e+03,2.911000000000000000e+03,1.381549357045261104e+02,1.875000000000000000e-01,1.920000000000000000e+02,9.463041920000000000e+08,2.607394979840000000e+11,1.711194664239883423e-01
1.121000000000000000e+03,3.893000000000000000e+03,3.633895109965128256e+01,1.666666666666666574e-01,3.000000000000000000e+00,3.762573721600000000e+10,2.640144498688000000e+12,1.831436872482299805e+00
1.844000000000000000e+03,1.022000000000000000e+03,1.287666704293625060e+02,1.976423537605237202e-01,1.030000000000000000e+02,2.004422016000000000e+09,2.521610321920000000e+11,2.871632277965545654e-01
2.108000000000000000e+03,2.904000000000000000e+03,1.009572291324790427e+02,1.764705882352941291e-01,1.760000000000000000e+02,4.542482944000000000e+09,2.715383070720000000e+11,7.511537075042724609e-01
2.860000000000000000e+03,3.547000000000000000e+03,1.725427927974361353e+02,1.758282590894063580e-01,1.500000000000000000e+01,2.484295680000000000e+10,1.361350492160000000e+12,1.479203462600708008e+00
1.808000000000000000e+03,2.178000000000000000e+03,4.022970223375853038e+01,1.282182096936786697e-01,1.000000000000000000e+00,6.157198950400000000e+10,4.416137068544000000e+12,4.520943015813827515e-02
2.502000000000000000e+03,4.330000000000000000e+02,1.714759612094740362e+02,1.897658566033678385e-01,1.100000000000000000e+02,2.271716608000000000e+09,4.323528212480000000e+11,2.722533047199249268e-01
6.510000000000000000e+02,1.126000000000000000e+03,7.752021235828723889e+01,1.250000000000000000e-01,2.290000000000000000e+02,1.669234816000000000e+09,2.513650483200000000e+11,7.054258584976196289e-01
1.063000000000000000e+03,2.750000000000000000e+03,7.968845738936977341e+01,7.142857142857142461e-02,3.150000000000000000e+02,3.817629120000000000e+08,1.556622704640000000e+11,5.622717365622520447e-02
2.808000000000000000e+03,3.180000000000000000e+03,1.360000699068163783e+02,1.792654619833765339e-01,6.800000000000000000e+01,8.798078976000000000e+09,7.372794101760000000e+11,1.334026694297790527e+00
1.521000000000000000e+03,1.611000000000000000e+03,6.816192014944374478e+02,6.734350297014739251e-02,5.700000000000000000e+01,4.617920000000000000e+09,5.532357754880000000e+11,1.412596464157104492e+00
2.837000000000000000e+03,1.181000000000000000e+03,1.152036544044214850e+02,1.414213562373095034e-01,1.070000000000000000e+02,1.168193024000000000e+09,4.566383656960000000e+11,3.166985213756561279e-01
4.790000000000000000e+02,2.205000000000000000e+03,6.544045184815779237e+01,1.538461538461538547e-01,3.350000000000000000e+02,5.470848000000000000e+08,1.330776473600000000e+11,7.928723096847534180e-02
1.813000000000000000e+03,2.168000000000000000e+03,2.654613751931541898e+01,1.904761904761904656e-01,1.000000000000000000e+00,6.157198950400000000e+10,4.416137068544000000e+12,4.520943015813827515e-02
6.480000000000000000e+02,1.619000000000000000e+03,7.420845315813802756e+01,1.505846504842085487e-01,1.000000000000000000e+02,7.406679040000000000e+09,5.591275929600000000e+11,7.902584671974182129e-01
2.567000000000000000e+03,1.517000000000000000e+03,2.506914035627996782e+02,1.216260638526299870e-01,3.200000000000000000e+01,1.381409075200000000e+10,1.072877797376000000e+12,2.538702011108398438e+00
3.250000000000000000e+02,5.900000000000000000e+02,1.278530599165180632e+02,1.756820922315766309e-01,1.460000000000000000e+02,1.005128384000000000e+09,3.474091212800000000e+11,3.189797103404998779e-01
3.709000000000000000e+03,1.740000000000000000e+02,5.323220458863457907e+02,1.016394535227177209e-01,7.000000000000000000e+01,8.901328896000000000e+09,6.326715678720000000e+11,1.451230168342590332e+00
3.315000000000000000e+03,1.274000000000000000e+03,1.778172280211789484e+02,1.111111111111111049e-01,1.450000000000000000e+02,2.051864320000000000e+09,3.555906682880000000e+11,3.473100960254669189e-01
3.046000000000000000e+03,3.296000000000000000e+03,5.502818108301364219e+01,1.666666666666666574e-01,2.000000000000000000e+01,3.612656025600000000e+10,1.626098892800000000e+12,1.186937093734741211e-01
5.450000000000000000e+02,1.686000000000000000e+03,9.113866028932723395e+01,1.538461538461538547e-01,3.220000000000000000e+02,6.438922240000000000e+08,1.316851957760000000e+11,1.387920230627059937e-01
2.515000000000000000e+03,1.021000000000000000e+03,9.343480737604195951e+01,9.375000000000000000e-02,5.000000000000000000e+00,3.258369433600000000e+10,1.944343412736000000e+12,3.667835891246795654e-01
3.090000000000000000e+02,1.473000000000000000e+03,1.136289749053251370e+02,1.545157428361449981e-01,8.000000000000000000e+00,5.188821811200000000e+10,2.186460135424000000e+12,5.949957370758056641e-01
4.210000000000000000e+02,1.837000000000000000e+03,2.240408314026224161e+02,9.753196981883414940e-02,4.000000000000000000e+00,2.216379187200000000e+10,1.423872098304000000e+12,1.059899687767028809e+00
2.580000000000000000e+03,2.320000000000000000e+02,8.652547004831507138e+02,0.000000000000000000e+00,2.540000000000000000e+02,3.900685120000000000e+08,2.271090442240000000e+11,3.730879351496696472e-02
1.420000000000000000e+03,1.430000000000000000e+03,6.986756019643804905e+01,1.488645855129573925e-01,1.260000000000000000e+02,4.160075520000000000e+09,3.984403005440000000e+11,1.379993796348571777e+00
2.508000000000000000e+03,7.320000000000000000e+02,4.517881506460899743e+01,1.860163329510811370e-01,1.150000000000000000e+02,6.639024000000000000e+08,2.696163819520000000e+11,7.071793079376220703e-01
1.737000000000000000e+03,2.666000000000000000e+03,6.479577404664291862e+02,1.000000000000000056e-01,1.040000000000000000e+02,4.739264512000000000e+09,4.969811148800000000e+11,6.040065884590148926e-01
3.679000000000000000e+03,1.386000000000000000e+03,4.646389145788138109e+01,1.664356663246515655e-01,1.230000000000000000e+02,4.412191232000000000e+09,4.193991720960000000e+11,3.580733537673950195e-01
3.697000000000000000e+03,1.212000000000000000e+03,8.449574820745064585e+01,1.397542485937368628e-01,1.560000000000000000e+02,1.485463936000000000e+09,2.239134924800000000e+11,2.409477382898330688e-01
2.411000000000000000e+03,1.817000000000000000e+03,2.976808372892209604e+02,7.071067811865475172e-02,1.200000000000000000e+02,7.089619968000000000e+09,4.466879692800000000e+11,7.731604576110839844e-01
2.175000000000000000e+03,2.618000000000000000e+03,2.144888442296279436e+02,1.631784879661263288e-01,3.700000000000000000e+01,1.660199526400000000e+10,1.076348256256000000e+12,2.930980205535888672e+00
2.864000000000000000e+03,3.548000000000000000e+03,1.440172262631941464e+02,1.724137931034482873e-01,1.500000000000000000e+01,2.484295680000000000e+10,1.361350492160000000e+12,1.479203462600708008e+00
1.866000000000000000e+03,1.620000000000000000e+03,8.773849130412916963e+01,1.315334104411640948e-01,2.310000000000000000e+02,1.263542400000000000e+09,2.653549035520000000e+11,1.655300408601760864e-01
3.334000000000000000e+03,7.990000000000000000e+02,9.176928886807122865e+01,1.242259987499883256e-01,1.480000000000000000e+02,1.724786304000000000e+09,3.378457477120000000e+11,3.567959368228912354e-01
1.420000000000000000e+03,1.425000000000000000e+03,1.151301306541472655e+02,1.897658566033678385e-01,1.260000000000000000e+02,4.160075520000000000e+09,3.984403005440000000e+11,1.379993796348571777e+00
1.047000000000000000e+03,9.000000000000000000e+02,2.178097967881011812e+02,1.756820922315766309e-01,1.700000000000000000e+02,2.635359488000000000e+09,3.293433692160000000e+11,4.095209240913391113e-01
9.700000000000000000e+02,1.491000000000000000e+03,4.031844550652119352e+01,1.976423537605237202e-01,1.430000000000000000e+02,9.831441408000000000e+09,2.495392317440000000e+11,0.000000000000000000e+00
2.507000000000000000e+03,7.310000000000000000e+02,6.077599074456436057e+01,1.663780661615406053e-01,1.150000000000000000e+02,6.639024000000000000e+08,2.696163819520000000e+11,7.071793079376220703e-01
1.691000000000000000e+03,1.573000000000000000e+03,2.005852766304546151e+02,5.000000000000000278e-02,1.050000000000000000e+02,3.697087744000000000e+09,4.976978165760000000e+11,1.093283891677856445e+00
2.170000000000000000e+03,3.089000000000000000e+03,1.100883141484788865e+02,1.538461538461538547e-01,3.330000000000000000e+02,6.737632000000000000e+08,1.380484710400000000e+11,5.773386359214782715e-02
3.210000000000000000e+03,1.960000000000000000e+03,8.193465304638721136e+01,1.428571428571428492e-01,9.500000000000000000e+01,6.686404608000000000e+09,5.159017840640000000e+11,9.251435995101928711e-01
3.701000000000000000e+03,2.505000000000000000e+03,7.453860143140768457e+01,1.720052290384453675e-01,4.300000000000000000e+01,6.390501888000000000e+09,1.028565368832000000e+12,1.451150059700012207e+00
2.718000000000000000e+03,1.502000000000000000e+03,4.808835624538914288e+01,1.720052290384453675e-01,3.500000000000000000e+01,2.962417459200000000e+10,9.809144053760000000e+11,6.172360420227050781e+00
2.991000000000000000e+03,2.199000000000000000e+03,6.653049797500996476e+01,1.976423537605237202e-01,2.340000000000000000e+02,3.183621760000000000e+08,2.423084810240000000e+11,3.677742183208465576e-01
1.010000000000000000e+03,8.790000000000000000e+02,2.944891611572076684e+01,1.863389981249824745e-01,3.370000000000000000e+02,3.474301440000000000e+08,1.050752040960000000e+11,7.004173099994659424e-02
2.151000000000000000e+03,1.477000000000000000e+03,9.281325445153633780e+01,8.318903308077030267e-02,1.990000000000000000e+02,6.572332160000000000e+08,2.871545692160000000e+11,2.213998883962631226e-01
2.175000000000000000e+03,2.622000000000000000e+03,4.507308904848223392e+02,1.216260638526299870e-01,3.700000000000000000e+01,1.660199526400000000e+10,1.076348256256000000e+12,2.930980205535888672e+00
2.680000000000000000e+02,1.121000000000000000e+03,1.990416566228520594e+02,6.666666666666666574e-02,2.780000000000000000e+02,6.048636160000000000e+08,1.876977745920000000e+11,2.336264252662658691e-01
2.743000000000000000e+03,2.879000000000000000e+03,3.832151925190223096e+01,1.290322580645161255e-01,1.600000000000000000e+01,3.269567692800000000e+10,1.808104685568000000e+12,0.000000000000000000e+00
1.945000000000000000e+03,1.615000000000000000e+03,1.736161389761217322e+02,6.250000000000000000e-02,2.170000000000000000e+02,8.166224000000000000e+08,2.521198264320000000e+11,1.638118028640747070e-01
1.642000000000000000e+03,3.699000000000000000e+03,5.933377608061245922e+01,1.663780661615406053e-01,2.010000000000000000e+02,1.167361536000000000e+09,2.643181240320000000e+11,2.490766197443008423e-01
1.693000000000000000e+03,1.573000000000000000e+03,6.466345752393861801e+01,1.499999999999999944e-01,1.050000000000000000e+02,3.697087744000000000e+09,4.976978165760000000e+11,1.093283891677856445e+00
1.899000000000000000e+03,3.888000000000000000e+03,1.014748091797390117e+02,7.692307692307692735e-02,3.470000000000000000e+02,3.336592000000000000e+08,1.222383042560000000e+11,0.000000000000000000e+00
2.247000000000000000e+03,1.093000000000000000e+03,1.509910735648049638e+02,4.876598490941707470e-02,3.000000000000000000e+01,2.774474752000000000e+10,1.397942386688000000e+12,0.000000000000000000e+00
3.277000000000000000e+03,5.930000000000000000e+02,1.832046053905463339e+02,1.428571428571428492e-01,2.740000000000000000e+02,7.903617280000000000e+08,1.671863173120000000e+11,2.429991066455841064e-01
1.200000000000000000e+03,2.500000000000000000e+02,3.364881665857396342e+01,1.000000000000000056e-01,1.160000000000000000e+02,2.380019200000000000e+09,4.474392412160000000e+11,4.046666920185089111e-01
3.212000000000000000e+03,3.813000000000000000e+03,2.552409538944053793e+02,8.281733249999222168e-02,2.700000000000000000e+01,1.486072934400000000e+10,1.127825801216000000e+12,1.289787650108337402e+00
2.414000000000000000e+03,1.297000000000000000e+03,9.757765909936178161e+01,1.795054935711501154e-01,9.000000000000000000e+00,3.914225254400000000e+10,1.627581579264000000e+12,2.495837211608886719e+00
3.640000000000000000e+02,1.718000000000000000e+03,2.456248356607533623e+01,1.863389981249824745e-01,3.550000000000000000e+02,3.379212480000000000e+08,1.109664808960000000e+11,7.295510265976190567e-03
1.790000000000000000e+02,2.340000000000000000e+03,4.740397477174763026e+02,5.555555555555555247e-02,1.790000000000000000e+02,2.816224256000000000e+09,3.195419361280000000e+11,3.078545928001403809e-01
2.989000000000000000e+03,3.600000000000000000e+01,1.039772299476125994e+02,1.333333333333333315e-01,1.100000000000000000e+01,3.217836032000000000e+10,1.621931982848000000e+12,9.086136817932128906e-01
1.759000000000000000e+03,1.710000000000000000e+03,6.446255785809374572e+01,1.502313031443328895e-01,1.000000000000000000e+01,8.726153216000000000e+09,7.770129039360000000e+11,6.118690013885498047e+00
2.874000000000000000e+03,5.330000000000000000e+02,4.754701596863949931e+01,1.860163329510811370e-01,1.620000000000000000e+02,1.652777856000000000e+09,3.143790100480000000e+11,2.708716392517089844e-01
3.050000000000000000e+02,2.088000000000000000e+03,6.202878209369427509e+01,1.397542485937368628e-01,2.570000000000000000e+02,7.093384960000000000e+08,2.261990277120000000e+11,7.845331728458404541e-02
2.093000000000000000e+03,1.126000000000000000e+03,8.228698865575964305e+01,1.087856586440842377e-01,3.230000000000000000e+02,4.857498240000000000e+08,1.404550348800000000e+11,9.027890861034393311e-02
2.680000000000000000e+02,1.123000000000000000e+03,3.451115093378004417e+01,1.490711984999859852e-01,2.780000000000000000e+02,6.048636160000000000e+08,1.876977745920000000e+11,2.336264252662658691e-01
2.406000000000000000e+03,1.291000000000000000e+03,7.711875590507901279e+01,1.666666666666666574e-01,9.000000000000000000e+00,3.914225254400000000e+10,1.627581579264000000e+12,2.495837211608886719e+00
1.739000000000000000e+03,2.666000000000000000e+03,6.134128815739270522e+02,0.000000000000000000e+00,1.040000000000000000e+02,4.739264512000000000e+09,4.969811148800000000e+11,6.040065884590148926e-01
1.550000000000000000e+02,1.415000000000000000e+03,1.614272061183037295e+02,1.664356663246515655e-01,1.250000000000000000e+02,3.360155648000000000e+09,3.882590535680000000e+11,6.173577904701232910e-01
2.407000000000000000e+03,1.298000000000000000e+03,8.006814554370068038e+01,1.201850425154663005e-01,9.000000000000000000e+00,3.914225254400000000e+10,1.627581579264000000e+12,2.495837211608886719e+00
3.958000000000000000e+03,2.665000000000000000e+03,1.090917444681368949e+02,7.856742013183862228e-02,1.530000000000000000e+02,1.981627264000000000e+09,3.649454735360000000e+11,1.969299316406250000e-01
3.275000000000000000e+03,5.950000000000000000e+02,9.213393952181016289e+01,1.428571428571428492e-01,2.740000000000000000e+02,7.903617280000000000e+08,1.671863173120000000e+11,2.429991066455841064e-01
3.634000000000000000e+03,3.985000000000000000e+03,1.405184782851097793e+02,1.585809856006792640e-01,2.900000000000000000e+01,1.268129484800000000e+10,1.003939889152000000e+12,2.182029724121093750e+00
3.019000000000000000e+03,2.434000000000000000e+03,1.081824296948180830e+02,1.428571428571428492e-01,8.800000000000000000e+01,8.625302528000000000e+09,5.439848775680000000e+11,5.298846960067749023e-01
3.315000000000000000e+03,3.313000000000000000e+03,4.878651519048447085e+02,9.488292830168391923e-02,2.000000000000000000e+00,2.817368064000000000e+10,3.130425081856000000e+12,8.803648948669433594e+00
3.559000000000000000e+03,1.232000000000000000e+03,1.070703158980816880e+02,1.315334104411640948e-01,2.270000000000000000e+02,1.446616960000000000e+09,2.703301345280000000e+11,2.566079795360565186e-01
9.450000000000000000e+02,1.290000000000000000e+02,1.116386576096337109e+02,1.111111111111111049e-01,1.290000000000000000e+02,9.721923840000000000e+08,3.688891678720000000e+11,1.283003538846969604e-01
1.675000000000000000e+03,2.130000000000000000e+03,7.557983477265528904e+01,1.428571428571428492e-01,9.400000000000000000e+01,3.051343872000000000e+09,5.484187811840000000e+11,4.253889322280883789e-01
2.109000000000000000e+03,2.905000000000000000e+03,2.531799539505978203e+02,1.315334104411640948e-01,1.760000000000000000e+02,4.542482944000000000e+09,2.715383070720000000e+11,7.511537075042724609e-01
3.620000000000000000e+02,1.322000000000000000e+03,8.377908032576108610e+01,1.250000000000000000e-01,0.000000000000000000e+00,6.791713996800000000e+10,3.866329874432000000e+12,5.838018655776977539e-01
1.591000000000000000e+03,2.531000000000000000e+03,3.342468585153807936e+01,1.242259987499883256e-01,1.740000000000000000e+02,3.833967872000000000e+09,3.328998113280000000e+11,5.388898253440856934e-01
9.140000000000000000e+02,1.398000000000000000e+03,7.804657699973036245e+01,1.860163329510811370e-01,1.650000000000000000e+02,5.347155520000000000e+08,3.105895219200000000e+11,6.146562099456787109e-02
1.920000000000000000e+03,3.902000000000000000e+03,1.316736044011341562e+02,1.994505484123890171e-01,2.300000000000000000e+01,3.924919910400000000e+10,1.211719614464000000e+12,8.107573509216308594e+00
1.960000000000000000e+03,3.841000000000000000e+03,5.208838390865878409e+01,1.720052290384453675e-01,3.420000000000000000e+02,9.269617920000000000e+08,1.403325972480000000e+11,5.047484487295150757e-02
1.348000000000000000e+03,1.236000000000000000e+03,8.017468572942317451e+01,8.333333333333332871e-02,3.440000000000000000e+02,5.056151360000000000e+08,1.079730585600000000e+11,0.000000000000000000e+00
2.460000000000000000e+02,2.969000000000000000e+03,5.701621622606687652e+02,0.000000000000000000e+00,1.670000000000000000e+02,4.070727936000000000e+09,3.505171988480000000e+11,1.216749101877212524e-01
1.851000000000000000e+03,1.949000000000000000e+03,6.549297486358179299e+01,1.333333333333333315e-01,2.720000000000000000e+02,6.618579840000000000e+08,2.082312028160000000e+11,1.385663002729415894e-01
2.110000000000000000e+02,1.259000000000000000e+03,6.649129197337906305e+01,1.976423537605237202e-01,2.230000000000000000e+02,3.540148480000000000e+09,2.356820377600000000e+11,2.054082304239273071e-01
1.796000000000000000e+03,1.246000000000000000e+03,1.201202880462214466e+02,1.176877882894626220e-01,1.340000000000000000e+02,4.072726016000000000e+09,3.920445112320000000e+11,1.558072865009307861e-01
1.154000000000000000e+03,9.210000000000000000e+02,7.650930298373070571e+01,1.285648693066450132e-01,3.450000000000000000e+02,4.557914560000000000e+08,8.479191859200000000e+10,4.677961021661758423e-02
3.681000000000000000e+03,2.899000000000000000e+03,6.501809670089282633e+01,7.710579232757895640e-02,1.900000000000000000e+01,2.456189337600000000e+10,1.437959847936000000e+12,4.980907142162322998e-01
3.730000000000000000e+02,1.321000000000000000e+03,9.105638345006771317e+01,1.520690632574554779e-01,0.000000000000000000e+00,6.791713996800000000e+10,3.866329874432000000e+12,5.838018655776977539e-01
2.509000000000000000e+03,7.260000000000000000e+02,6.665539344360625762e+01,1.764705882352941291e-01,1.150000000000000000e+02,6.639024000000000000e+08,2.696163819520000000e+11,7.071793079376220703e-01
3.302000000000000000e+03,1.568000000000000000e+03,8.481197330222944686e+01,1.874138920735300140e-01,7.900000000000000000e+01,9.134831616000000000e+09,5.912709038080000000e+11,6.035826802253723145e-01
1.947000000000000000e+03,1.614000000000000000e+03,2.243332864529243409e+02,8.838834764831844659e-02,2.170000000000000000e+02,8.166224000000000000e+08,2.521198264320000000e+11,1.638118028640747070e-01
1.521000000000000000e+03,1.606000000000000000e+03,8.138929995346596513e+01,1.963383631246505001e-01,5.700000000000000000e+01,4.617920000000000000e+09,5.532357754880000000e+11,1.412596464157104492e+00
3.792000000000000000e+03,2.652000000000000000e+03,1.563027783990480657e+02,6.250000000000000000e-02,2.140000000000000000e+02,1.069744256000000000e+09,2.377314959360000000e+11,2.512958347797393799e-01
3.194000000000000000e+03,1.870000000000000000e+02,1.456808978234302856e+02,7.692307692307692735e-02,2.550000000000000000e+02,4.543162560000000000e+08,1.399847157760000000e+11,6.439997255802154541e-02
1.154000000000000000e+03,1.691000000000000000e+03,6.255738992167863444e+01,5.555555555555555247e-02,1.130000000000000000e+02,2.778995916800000000e+10,3.163079311360000000e+11,0.000000000000000000e+00
1.740000000000000000e+03,2.665000000000000000e+03,9.286089679432032540e+01,7.071067811865475172e-02,1.040000000000000000e+02,4.739264512000000000e+09,4.969811148800000000e+11,6.040065884590148926e-01
9.460000000000000000e+02,3.821000000000000000e+03,1.049418688213893347e+02,1.716929178792375721e-01,8.100000000000000000e+01,7.719323136000000000e+09,5.698018344960000000e+11,5.399097129702568054e-02
2.841000000000000000e+03,2.467000000000000000e+03,1.350630691563614221e+02,1.242259987499883256e-01,1.510000000000000000e+02,3.283166976000000000e+09,3.196088156160000000e+11,7.662950754165649414e-01
3.500000000000000000e+03,3.197000000000000000e+03,3.650288152724741053e+02,9.722034684781695468e-02,5.200000000000000000e+01,9.552431104000000000e+09,7.089194926080000000e+11,3.984834671020507812e+00
1.678000000000000000e+03,2.132000000000000000e+03,1.478466317757213915e+02,9.523809523809523281e-02,9.400000000000000000e+01,3.051343872000000000e+09,5.484187811840000000e+11,4.253889322280883789e-01
2.813000000000000000e+03,3.446000000000000000e+03,3.597367155001536787e+01,1.885618083164126990e-01,2.730000000000000000e+02,8.704693120000000000e+08,1.966705213440000000e+11,1.740351915359497070e-01
3.502000000000000000e+03,3.195000000000000000e+03,8.410684162792458096e+01,1.792654619833765339e-01,5.200000000000000000e+01,9.552431104000000000e+09,7.089194926080000000e+11,3.984834671020507812e+00
2.772000000000000000e+03,3.390000000000000000e+02,1.426150888307866467e+02,8.318903308077030267e-02,2.080000000000000000e+02,1.508241280000000000e+09,2.930831523840000000e+11,9.406410157680511475e-02
3.216000000000000000e+03,3.809000000000000000e+03,7.698944700340449288e+01,1.994505484123890171e-01,2.700000000000000000e+01,1.486072934400000000e+10,1.127825801216000000e+12,1.289787650108337402e+00
4.440000000000000000e+02,2.789000000000000000e+03,1.081977079666351926e+02,1.666666666666666574e-01,4.900000000000000000e+01,7.912558592000000000e+09,8.552816967680000000e+11,8.689212799072265625e-01
6.130000000000000000e+02,8.770000000000000000e+02,9.963669350336039088e+01,1.374903330507991073e-01,7.300000000000000000e+01,1.833807257600000000e+10,6.925092782080000000e+11,3.555294871330261230e-01
8.560000000000000000e+02,1.862000000000000000e+03,2.128949451027920148e+01,1.863389981249824745e-01,2.990000000000000000e+02,3.741280512000000000e+09,1.144143298560000000e+11,1.015464309602975845e-02
4.500000000000000000e+02,1.732000000000000000e+03,1.131670743266044212e+02,1.363636363636363535e-01,8.200000000000000000e+01,9.725789184000000000e+09,6.114567782400000000e+11,8.108713626861572266e-01
2.805000000000000000e+03,2.399000000000000000e+03,2.849520890649624221e+02,1.315334104411640948e-01,2.130000000000000000e+02,1.042019712000000000e+09,2.757443584000000000e+11,3.763999044895172119e-01
1.741000000000000000e+03,2.663000000000000000e+03,8.230328092152585384e+01,1.802775637731994507e-01,1.040000000000000000e+02,4.739264512000000000e+09,4.969811148800000000e+11,6.040065884590148926e-01
2.247000000000000000e+03,1.091000000000000000e+03,3.770345336753024412e+01,1.090440572471854941e-01,3.000000000000000000e+01,2.774474752000000000e+10,1.397942386688000000e+12,0.000000000000000000e+00
3.181000000000000000e+03,2.636000000000000000e+03,6.135896496441571202e+01,1.397542485937368628e-01,2.580000000000000000e+02,8.594154240000000000e+08,2.331650129920000000e+11,5.989834293723106384e-02
2.696000000000000000e+03,1.575000000000000000e+03,2.651687696172642177e+02,1.756820922315766309e-01,1.080000000000000000e+02,1.689661696000000000e+09,3.681333084160000000e+11,3.743849694728851318e-01
3.500000000000000000e+03,1.276000000000000000e+03,6.111613393499286673e+01,1.490711984999859852e-01,2.670000000000000000e+02,7.275599360000000000e+08,2.176592773120000000e+11,8.171679824590682983e-02
6.730000000000000000e+02,2.472000000000000000e+03,2.475912149493237280e+02,1.527076157636170495e-01,2.500000000000000000e+01,1.637902950400000000e+10,1.113396346880000000e+12,1.996217012405395508e+00
1.856000000000000000e+03,1.791000000000000000e+03,5.621130343976309973e+01,1.087856586440842377e-01,3.310000000000000000e+02,4.291903040000000000e+08,1.396829716480000000e+11,7.931672781705856323e-02
3.013000000000000000e+03,8.190000000000000000e+02,1.885492463542821326e+02,1.000000000000000056e-01,1.020000000000000000e+02,1.650304512000000000e+09,4.517831966720000000e+11,2.106188774108886719e+00
3.679000000000000000e+03,3.152000000000000000e+03,1.033590386629118854e+02,1.488645855129573925e-01,1.310000000000000000e+02,3.632237568000000000e+09,4.112175923200000000e+11,1.594951003789901733e-01
3.624000000000000000e+03,3.377000000000000000e+03,9.469391870352662011e+01,8.838834764831844659e-02,2.430000000000000000e+02,1.012105728000000000e+09,2.227059097600000000e+11,1.548350751399993896e-01
1.562000000000000000e+03,2.419000000000000000e+03,7.979200695142968414e+01,1.897658566033678385e-01,7.200000000000000000e+01,1.592594560000000000e+09,3.790919761920000000e+11,9.508023262023925781e-01
1.118000000000000000e+03,7.960000000000000000e+02,1.822896454906656629e+02,1.860163329510811370e-01,1.800000000000000000e+02,2.033409792000000000e+09,2.995316326400000000e+11,4.882094264030456543e-01
3.720000000000000000e+02,1.323000000000000000e+03,6.929366153954052265e+01,1.274754878398196012e-01,0.000000000000000000e+00,6.791713996800000000e+10,3.866329874432000000e+12,5.838018655776977539e-01
8.530000000000000000e+02,2.169000000000000000e+03,1.120944499765967350e+02,1.153846153846153910e-01,3.600000000000000000e+01,2.155912396800000000e+10,1.085298507776000000e+12,2.135843515396118164e+00
1.828000000000000000e+03,1.571000000000000000e+03,2.445016135608225625e+02,1.488645855129573925e-01,1.240000000000000000e+02,2.067857920000000000e+09,3.856891576320000000e+11,3.170086741447448730e-01
3.126000000000000000e+03,3.142000000000000000e+03,9.418993084472461419e+01,1.802775637731994507e-01,1.010000000000000000e+02,6.721974784000000000e+09,4.795139031040000000e+11,4.184983968734741211e-01
3.388000000000000000e+03,2.271000000000000000e+03,7.433602211396781456e+01,1.860163329510811370e-01,2.000000000000000000e+02,1.618048256000000000e+09,2.718396088320000000e+11,4.473841786384582520e-01
3.127000000000000000e+03,3.147000000000000000e+03,7.092333886787213260e+01,1.802775637731994507e-01,1.010000000000000000e+02,6.721974784000000000e+09,4.795139031040000000e+11,4.184983968734741211e-01
3.910000000000000000e+02,7.900000000000000000e+02,8.470029834046415829e+01,1.502313031443328895e-01,5.000000000000000000e+01,7.061435904000000000e+09,8.643143270400000000e+11,2.096730947494506836e+00
6.120000000000000000e+02,3.753000000000000000e+03,2.252222793235463314e+02,7.710579232757895640e-02,1.400000000000000000e+01,4.285676339200000000e+10,1.507835248640000000e+12,3.455087184906005859e+00
3.205000000000000000e+03,1.961000000000000000e+03,9.990388281907711132e+01,1.064794274999899953e-01,9.500000000000000000e+01,6.686404608000000000e+09,5.159017840640000000e+11,9.251435995101928711e-01
6.010000000000000000e+02,1.765000000000000000e+03,1.645337654638767901e+02,1.317615691736824801e-01,2.100000000000000000e+01,9.767414784000000000e+09,7.698031575040000000e+11,1.788983106613159180e+00
1.427000000000000000e+03,1.304000000000000000e+03,5.316198818482447308e+01,1.756820922315766309e-01,1.710000000000000000e+02,2.986639104000000000e+09,3.262996480000000000e+11,2.502601742744445801e-01
3.399000000000000000e+03,3.890000000000000000e+03,3.920885053023593514e+01,1.976423537605237202e-01,2.370000000000000000e+02,1.394494720000000000e+09,2.391590338560000000e+11,2.944625318050384521e-01
3.549000000000000000e+03,2.518000000000000000e+03,6.356626433673174859e+01,1.851851851851851749e-01,2.600000000000000000e+01,1.607904665600000000e+10,1.146904903680000000e+12,3.561056852340698242e+00
2.959000000000000000e+03,3.242000000000000000e+03,5.480519254342542723e+01,1.756820922315766309e-01,1.860000000000000000e+02,2.221791744000000000e+09,3.187015680000000000e+11,4.008580744266510010e-01
1.246000000000000000e+03,2.223000000000000000e+03,2.988266167951452346e+01,1.597191412499849861e-01,3.030000000000000000e+02,3.288742080000000000e+08,1.560784732160000000e+11,8.826738595962524414e-02
1.499000000000000000e+03,1.890000000000000000e+03,1.575024311717179728e+02,1.153846153846153910e-01,4.200000000000000000e+01,1.554715648000000000e+10,1.040514875392000000e+12,1.968401670455932617e+00
2.840000000000000000e+03,2.465000000000000000e+03,9.895576906191818978e+01,1.756820922315766309e-01,1.510000000000000000e+02,3.283166976000000000e+09,3.196088156160000000e+11,7.662950754165649414e-01
3.015000000000000000e+03,8.200000000000000000e+02,6.972413560497513174e+01,1.802775637731994507e-01,1.020000000000000000e+02,1.650304512000000000e+09,4.517831966720000000e+11,2.106188774108886719e+00
1.741000000000000000e+03,2.665000000000000000e+03,5.408213218372372921e+01,1.118033988749894958e-01,1.040000000000000000e+02,4.739264512000000000e+09,4.969811148800000000e+11,6.040065884590148926e-01
9.000000000000000000e+00,2.913000000000000000e+03,3.129423171715253105e+01,1.976423537605237202e-01,2.480000000000000000e+02,7.255711360000000000e+08,2.413170196480000000e+11,7.241006195545196533e-02
2.252000000000000000e+03,1.092000000000000000e+03,3.637814433593582208e+01,1.542115846551579128e-01,3.000000000000000000e+01,2.774474752000000000e+10,1.397942386688000000e+12,0.000000000000000000e+00
1.910000000000000000e+02,2.720000000000000000e+03,2.092390984987758031e+02,1.499999999999999944e-01,1.170000000000000000e+02,1.784323712000000000e+09,5.036438650880000000e+11,4.591844975948333740e-01
3.530000000000000000e+03,2.247000000000000000e+03,8.136255489102870797e+01,2.000000000000000111e-01,2.220000000000000000e+02,1.007934720000000000e+09,2.182227886080000000e+11,2.225803583860397339e-01
7.400000000000000000e+02,1.556000000000000000e+03,8.783691896783467712e+01,1.860163329510811370e-01,2.110000000000000000e+02,1.394828928000000000e+09,2.693257297920000000e+11,2.005274295806884766e-01
2.804000000000000000e+03,2.399000000000000000e+03,4.434124244466924836e+01,1.663780661615406053e-01,2.130000000000000000e+02,1.042019712000000000e+09,2.757443584000000000e+11,3.763999044895172119e-01
2.718000000000000000e+03,1.500000000000000000e+03,4.775579255173741444e+02,1.087856586440842377e-01,3.500000000000000000e+01,2.962417459200000000e+10,9.809144053760000000e+11,6.172360420227050781e+00
3.170000000000000000e+02,1.473000000000000000e+03,1.298912531727382031e+02,9.582659576267817114e-02,8.000000000000000000e+00,5.188821811200000000e+10,2.186460135424000000e+12,5.949957370758056641e-01
1.270000000000000000e+03,3.929000000000000000e+03,1.462504960113768107e+02,1.090440572471854941e-01,1.700000000000000000e+01,3.641467289600000000e+10,1.465478807552000000e+12,4.167245388031005859e+00
1.646000000000000000e+03,3.696000000000000000e+03,8.198875475699948367e+01,1.315334104411640948e-01,2.010000000000000000e+02,1.167361536000000000e+09,2.643181240320000000e+11,2.490766197443008423e-01
3.115000000000000000e+03,3.668000000000000000e+03,1.027400634362685565e+02,1.490711984999859852e-01,2.920000000000000000e+02,7.271820800000000000e+08,1.793774878720000000e+11,9.612603485584259033e-02
1.295000000000000000e+03,2.015000000000000000e+03,1.271255689457374416e+02,1.923076923076923184e-01,3.800000000000000000e+01,1.030433177600000000e+10,9.779833077760000000e+11,7.185483574867248535e-01
2.816000000000000000e+03,3.442000000000000000e+03,5.907419325148126177e+01,1.490711984999859852e-01,2.730000000000000000e+02,8.704693120000000000e+08,1.966705213440000000e+11,1.740351915359497070e-01
6.520000000000000000e+02,1.125000000000000000e+03,5.454344135023070805e+01,1.976423537605237202e-01,2.290000000000000000e+02,1.669234816000000000e+09,2.513650483200000000e+11,7.054258584976196289e-01
2.224000000000000000e+03,3.812000000000000000e+03,5.349199488112262770e+02,8.944271909999158832e-02,4.100000000000000000e+01,1.540933632000000000e+10,9.524732887040000000e+11,2.167505264282226562e+00
9.190000000000000000e+02,4.630000000000000000e+02,1.111012886059661611e+02,1.923076923076923184e-01,6.000000000000000000e+00,1.650314547200000000e+10,1.067573116928000000e+12,3.699832201004028320e+00
2.750000000000000000e+03,2.445000000000000000e+03,1.621085353072905377e+02,1.264911064067351931e-01,4.500000000000000000e+01,9.663973376000000000e+09,9.594038517760000000e+11,1.929919958114624023e+00
3.794000000000000000e+03,2.652000000000000000e+03,8.071404418172943451e+01,1.397542485937368628e-01,2.140000000000000000e+02,1.069744256000000000e+09,2.377314959360000000e+11,2.512958347797393799e-01
2.649000000000000000e+03,2.859000000000000000e+03,1.289822063880449150e+02,1.863389981249824745e-01,5.600000000000000000e+01,1.586118144000000000e+10,7.945620684800000000e+11,1.549731612205505371e+00
1.400000000000000000e+01,1.902000000000000000e+03,6.260141721051528663e+01,2.000000000000000111e-01,6.400000000000000000e+01,5.924396544000000000e+09,5.008560619520000000e+11,2.087332487106323242e+00
3.871000000000000000e+03,1.993000000000000000e+03,8.015220477494008833e+01,1.944406936956339094e-01,6.200000000000000000e+01,1.031607296000000000e+10,7.346875924480000000e+11,1.895973205566406250e+00
1.200000000000000000e+03,2.520000000000000000e+02,2.983178700964154828e+01,1.414213562373095034e-01,1.160000000000000000e+02,2.380019200000000000e+09,4.474392412160000000e+11,4.046666920185089111e-01
3.117000000000000000e+03,1.053000000000000000e+03,9.687632898125089298e+01,1.538461538461538547e-01,3.100000000000000000e+01,1.766500556800000000e+10,1.050311589888000000e+12,3.384711980819702148e+00
2.838000000000000000e+03,1.185000000000000000e+03,9.898532240566264306e+01,1.118033988749894958e-01,1.070000000000000000e+02,1.168193024000000000e+09,4.566383656960000000e+11,3.166985213756561279e-01
2.411000000000000000e+03,1.295000000000000000e+03,4.300803614332689904e+02,6.666666666666666574e-02,9.000000000000000000e+00,3.914225254400000000e+10,1.627581579264000000e+12,2.495837211608886719e+00
3.230000000000000000e+02,5.940000000000000000e+02,9.544830937250948466e+01,1.756820922315766309e-01,1.460000000000000000e+02,1.005128384000000000e+09,3.474091212800000000e+11,3.189797103404998779e-01
1.807000000000000000e+03,2.181000000000000000e+03,3.919440251148830612e+01,1.859583256168250986e-01,1.000000000000000000e+00,6.157198950400000000e+10,4.416137068544000000e+12,4.520943015813827515e-02
1.858000000000000000e+03,6.440000000000000000e+02,3.406823141440581253e+02,1.064794274999899953e-01,8.400000000000000000e+01,7.238528512000000000e+09,5.277208739840000000e+11,1.416770100593566895e+00
8.470000000000000000e+02,2.170000000000000000e+03,8.449754760142812415e+01,1.216260638526299870e-01,3.600000000000000000e+01,2.155912396800000000e+10,1.085298507776000000e+12,2.135843515396118164e+00
3.461000000000000000e+03,4.950000000000000000e+02,1.075145845053096707e+02,1.904761904761904656e-01,8.300000000000000000e+01,3.556626176000000000e+09,5.523520880640000000e+11,9.543594717979431152e-01
3.059000000000000000e+03,3.177000000000000000e+03,2.045726813819393044e+02,1.242259987499883256e-01,1.680000000000000000e+02,3.636534272000000000e+09,3.537638850560000000e+11,6.650319099426269531e-01
3.306000000000000000e+03,3.313000000000000000e+03,3.852804731985615945e+02,1.664356663246515655e-01,2.000000000000000000e+00,2.817368064000000000e+10,3.130425081856000000e+12,8.803648948669433594e+00
1.600000000000000000e+01,1.896000000000000000e+03,1.744570316624094346e+02,1.414213562373095034e-01,6.400000000000000000e+01,5.924396544000000000e+09,5.008560619520000000e+11,2.087332487106323242e+00
3.061000000000000000e+03,1.583000000000000000e+03,4.653292540558085477e+01,1.010152544552210818e-01,3.170000000000000000e+02,5.427262080000000000e+08,1.611926405120000000e+11,5.585111305117607117e-02
3.062000000000000000e+03,3.179000000000000000e+03,7.402612932305818561e+01,7.856742013183862228e-02,1.680000000000000000e+02,3.636534272000000000e+09,3.537638850560000000e+11,6.650319099426269531e-01
2.340000000000000000e+03,2.418000000000000000e+03,2.591113382442993043e+02,8.281733249999222168e-02,7.000000000000000000e+00,2.338970419200000000e+10,1.180404940800000000e+12,3.693187236785888672e+00
1.866000000000000000e+03,1.619000000000000000e+03,7.324887791850392205e+01,1.860163329510811370e-01,2.310000000000000000e+02,1.263542400000000000e+09,2.653549035520000000e+11,1.655300408601760864e-01
1.811000000000000000e+03,2.175000000000000000e+03,4.820865529881999123e+01,5.323971374999499767e-02,1.000000000000000000e+00,6.157198950400000000e+10,4.416137068544000000e+12,4.520943015813827515e-02
1.761000000000000000e+03,4.200000000000000000e+02,3.700034995084363914e+02,1.428571428571428492e-01,2.040000000000000000e+02,2.237363712000000000e+09,1.677475020800000000e+11,5.028765797615051270e-01
2.147000000000000000e+03,8.800000000000000000e+01,4.620915236147078531e+02,8.600261451922268374e-02,3.400000000000000000e+01,2.207638323200000000e+10,1.046548774912000000e+12,1.211993932723999023e+00
2.036000000000000000e+03,1.518000000000000000e+03,6.735944134169811548e+01,1.860163329510811370e-01,1.830000000000000000e+02,3.310277120000000000e+09,3.145353789440000000e+11,3.984389901161193848e-01
2.959000000000000000e+03,3.721000000000000000e+03,8.932887364551025655e+01,1.664356663246515655e-01,1.280000000000000000e+02,4.022070016000000000e+09,3.922227036160000000e+11,1.520862936973571777e+00
2.813000000000000000e+03,3.821000000000000000e+03,1.121134596204679355e+02,1.490711984999859852e-01,2.620000000000000000e+02,1.368009088000000000e+09,2.027119411200000000e+11,1.745131909847259521e-01
3.049000000000000000e+03,3.283000000000000000e+03,9.310243940135335095e+01,1.333333333333333315e-01,1.900000000000000000e+02,4.586923520000000000e+08,2.166169108480000000e+11,2.238614857196807861e-02
2.301000000000000000e+03,1.555000000000000000e+03,4.828670710806022015e+01,1.397542485937368628e-01,2.150000000000000000e+02,1.369988096000000000e+09,2.466562375680000000e+11,1.694831103086471558e-01
1.564000000000000000e+03,2.413000000000000000e+03,9.080378059875484098e+01,1.578947368421052544e-01,7.200000000000000000e+01,1.592594560000000000e+09,3.790919761920000000e+11,9.508023262023925781e-01
1.353000000000000000e+03,1.269000000000000000e+03,1.146240963985363805e+02,1.802775637731994507e-01,5.300000000000000000e+01,1.107378278400000000e+10,4.555449630720000000e+11,8.392343521118164062e-01
3.132000000000000000e+03,3.658000000000000000e+03,4.826724856218802415e+02,7.142857142857142461e-02,2.910000000000000000e+02,4.933715520000000000e+08,1.523767541760000000e+11,1.369045227766036987e-01
9.150000000000000000e+02,4.620000000000000000e+02,6.956291245947459174e+02,5.439282932204211884e-02,6.000000000000000000e+00,1.650314547200000000e+10,1.067573116928000000e+12,3.699832201004028320e+00
2.113000000000000000e+03,2.767000000000000000e+03,9.935992184822086415e+01,1.118033988749894958e-01,6.900000000000000000e+01,3.450892544000000000e+09,4.530230394880000000e+11,8.756514787673950195e-01
3.660000000000000000e+02,1.325000000000000000e+03,1.373427558820038712e+02,7.905694150420948529e-02,0.000000000000000000e+00,6.791713996800000000e+10,3.866329874432000000e+12,5.838018655776977539e-01
2.175000000000000000e+03,2.617000000000000000e+03,2.401225058428047703e+02,1.923076923076923184e-01,3.700000000000000000e+01,1.660199526400000000e+10,1.076348256256000000e+12,2.930980205535888672e+00
1.384000000000000000e+03,1.272000000000000000e+03,4.904442057604340448e+02,1.875000000000000000e-01,2.190000000000000000e+02,1.665134976000000000e+09,2.605144473600000000e+11,1.890190243721008301e-01
3.623000000000000000e+03,3.376000000000000000e+03,5.863419068787097785e+02,0.000000000000000000e+00,2.430000000000000000e+02,1.012105728000000000e+09,2.227059097600000000e+11,1.548350751399993896e-01
1.126000000000000000e+03,3.891000000000000000e+03,5.908190120648415444e+01,1.778645621509124530e-01,3.000000000000000000e+00,3.762573721600000000e+10,2.640144498688000000e+12,1.831436872482299805e+00
6.050000000000000000e+02,2.618000000000000000e+03,1.582492799099826470e+02,1.421760560557814024e-01,1.800000000000000000e+01,1.623037542400000000e+10,1.491725320192000000e+12,5.082186508178710938e+01
1.799000000000000000e+03,1.249000000000000000e+03,6.675724762283799407e+01,1.176877882894626220e-01,1.340000000000000000e+02,4.072726016000000000e+09,3.920445112320000000e+11,1.558072865009307861e-01
3.695000000000000000e+03,2.509000000000000000e+03,1.863140810982941389e+02,1.087856586440842377e-01,4.300000000000000000e+01,6.390501888000000000e+09,1.028565368832000000e+12,1.451150059700012207e+00
2.413000000000000000e+03,1.299000000000000000e+03,1.165330724756797309e+02,1.885618083164126990e-01,9.000000000000000000e+00,3.914225254400000000e+10,1.627581579264000000e+12,2.495837211608886719e+00
1.198000000000000000e+03,2.460000000000000000e+02,8.366404491579839942e+01,2.000000000000000111e-01,1.160000000000000000e+02,2.380019200000000000e+09,4.474392412160000000e+11,4.046666920185089111e-01
2.724000000000000000e+03,1.495000000000000000e+03,7.680023223693780210e+01,1.923076923076923184e-01,3.500000000000000000e+01,2.962417459200000000e+10,9.809144053760000000e+11,6.172360420227050781e+00
2.656000000000000000e+03,3.089000000000000000e+03,7.634660366572111911e+01,1.087856586440842377e-01,2.400000000000000000e+02,3.784981760000000000e+08,1.424403660800000000e+11,3.970995172858238220e-02
8.410000000000000000e+02,4.180000000000000000e+02,9.996623019473948091e+01,1.437398936440172637e-01,7.600000000000000000e+01,8.476939776000000000e+09,6.548592394240000000e+11,5.924999117851257324e-01
3.890000000000000000e+02,7.890000000000000000e+02,5.936944509127187075e+02,1.317615691736824801e-01,5.000000000000000000e+01,7.061435904000000000e+09,8.643143270400000000e+11,2.096730947494506836e+00
1.790000000000000000e+02,2.343000000000000000e+03,1.038590414358485390e+02,1.756820922315766309e-01,1.790000000000000000e+02,2.816224256000000000e+09,3.195419361280000000e+11,3.078545928001403809e-01
1.864000000000000000e+03,3.057000000000000000e+03,5.447154150574370988e+02,7.856742013183862228e-02,1.360000000000000000e+02,3.717910016000000000e+09,3.234228469760000000e+11,9.218970537185668945e-01
3.397000000000000000e+03,3.884000000000000000e+03,9.378654451682852766e+01,1.976423537605237202e-01,2.370000000000000000e+02,1.394494720000000000e+09,2.391590338560000000e+11,2.944625318050384521e-01
1.794000000000000000e+03,7.940000000000000000e+02,7.028491898978403185e+01,1.756820922315766309e-01,1.610000000000000000e+02,2.234117888000000000e+09,3.617741537280000000e+11,1.721291691064834595e-01
2.837000000000000000e+03,1.185000000000000000e+03,5.573826297421229725e+01,1.414213562373095034e-01,1.070000000000000000e+02,1.168193024000000000e+09,4.566383656960000000e+11,3.166985213756561279e-01
3.678000000000000000e+03,2.897000000000000000e+03,1.253892926626629531e+02,4.876598490941707470e-02,1.900000000000000000e+01,2.456189337600000000e+10,1.437959847936000000e+12,4.980907142162322998e-01
2.226000000000000000e+03,3.809000000000000000e+03,9.753363183561623373e+01,8.000000000000000167e-02,4.100000000000000000e+01,1.540933632000000000e+10,9.524732887040000000e+11,2.167505264282226562e+00
1.620000000000000000e+03,6.000000000000000000e+01,8.956763839206264777e+01,1.897658566033678385e-01,1.270000000000000000e+02,3.045517312000000000e+09,4.335536701440000000e+11,6.563200950622558594e-01
6.830000000000000000e+02,9.350000000000000000e+02,3.829931696721858998e+02,5.882352941176470507e-02,1.750000000000000000e+02,1.603920384000000000e+09,3.096959713280000000e+11,1.232247829437255859e+00
1.682000000000000000e+03,2.130000000000000000e+03,4.782143498706344786e+01,1.904761904761904656e-01,9.400000000000000000e+01,3.051343872000000000e+09,5.484187811840000000e+11,4.253889322280883789e-01
1.859000000000000000e+03,6.410000000000000000e+02,6.625694953513294649e+01,1.064794274999899953e-01,8.400000000000000000e+01,7.238528512000000000e+09,5.277208739840000000e+11,1.416770100593566895e+00
1.123000000000000000e+03,3.882000000000000000e+03,4.450977752443895952e+01,1.495879113092917767e-01,3.000000000000000000e+00,3.762573721600000000e+10,2.640144498688000000e+12,1.831436872482299805e+00
7.360000000000000000e+02,3.059000000000000000e+03,8.584541453318574611e+01,1.176877882894626220e-01,1.400000000000000000e+02,3.078145536000000000e+09,3.894766796800000000e+11,4.259077310562133789e-01
9.750000000000000000e+02,2.651000000000000000e+03,3.433663384778726169e+01,1.505846504842085487e-01,9.200000000000000000e+01,2.896953344000000000e+09,5.285608161280000000e+11,8.672224879264831543e-01
3.199000000000000000e+03,3.620000000000000000e+03,6.962935985618889845e+01,1.885618083164126990e-01,2.610000000000000000e+02,3.589689600000000000e+08,1.959782809600000000e+11,3.629076108336448669e-02
3.556000000000000000e+03,1.233000000000000000e+03,1.688172565620162970e+02,5.882352941176470507e-02,2.270000000000000000e+02,1.446616960000000000e+09,2.703301345280000000e+11,2.566079795360565186e-01
1.836000000000000000e+03,8.650000000000000000e+02,5.124230907848562993e+02,0.000000000000000000e+00,2.410000000000000000e+02,4.520856000000000000e+08,2.227093340160000000e+11,1.034945324063301086e-01
1.049000000000000000e+03,6.320000000000000000e+02,4.232991980398108467e+01,1.885618083164126990e-01,2.600000000000000000e+02,1.858317312000000000e+09,2.057553674240000000e+11,7.710270881652832031e-01
6.690000000000000000e+02,2.475000000000000000e+03,8.081706025551456207e+01,1.171213948210510919e-01,2.500000000000000000e+01,1.637902950400000000e+10,1.113396346880000000e+12,1.996217012405395508e+00
3.091000000000000000e+03,3.652000000000000000e+03,1.346585352410010046e+02,9.882117688026186009e-02,1.200000000000000000e+01,3.804662169600000000e+10,1.865792618496000000e+12,1.976391410827636719e+01
2.646000000000000000e+03,2.853000000000000000e+03,1.114375916117661802e+02,1.717960677340691911e-01,5.600000000000000000e+01,1.586118144000000000e+10,7.945620684800000000e+11,1.549731612205505371e+00
1.426000000000000000e+03,1.302000000000000000e+03,3.437817893958941795e+02,1.242259987499883256e-01,1.710000000000000000e+02,2.986639104000000000e+09,3.262996480000000000e+11,2.502601742744445801e-01
2.111000000000000000e+03,2.907000000000000000e+03,6.224427937377367925e+01,1.764705882352941291e-01,1.760000000000000000e+02,4.542482944000000000e+09,2.715383070720000000e+11,7.511537075042724609e-01
3.062000000000000000e+03,3.434000000000000000e+03,1.369772183320285421e+02,1.472537723434878820e-01,2.400000000000000000e+01,2.261052211200000000e+10,1.228229181440000000e+12,2.252333760261535645e-01
6.120000000000000000e+02,3.756000000000000000e+03,5.053035251383397508e+01,1.758282590894063580e-01,1.400000000000000000e+01,4.285676339200000000e+10,1.507835248640000000e+12,3.455087184906005859e+00
3.698000000000000000e+03,2.506000000000000000e+03,5.487922847377345761e+02,5.439282932204211884e-02,4.300000000000000000e+01,6.390501888000000000e+09,1.028565368832000000e+12,1.451150059700012207e+00
2.759000000000000000e+03,3.321000000000000000e+03,1.284915493660211609e+02,1.374903330507991073e-01,6.000000000000000000e+01,1.034285875200000000e+10,7.247058698240000000e+11,3.249531269073486328e+00
3.758000000000000000e+03,1.259000000000000000e+03,1.007118922358128827e+02,1.863389981249824745e-01,5.100000000000000000e+01,1.338212966400000000e+10,8.122256588800000000e+11,2.885771274566650391e+00
5.760000000000000000e+02,7.860000000000000000e+02,7.745136391740119564e+01,1.875000000000000000e-01,2.100000000000000000e+02,6.068355200000000000e+08,2.526852382720000000e+11,2.046982795000076294e-01
6.100000000000000000e+02,4.690000000000000000e+02,9.988933195724786174e+01,1.242259987499883256e-01,1.420000000000000000e+02,1.824037888000000000e+09,3.510841180160000000e+11,1.941844373941421509e-01
3.502000000000000000e+03,1.275000000000000000e+03,7.862455434763963069e+01,1.333333333333333315e-01,2.670000000000000000e+02,7.275599360000000000e+08,2.176592773120000000e+11,8.171679824590682983e-02
7.000000000000000000e+00,2.915000000000000000e+03,5.906913316978961603e+01,8.838834764831844659e-02,2.480000000000000000e+02,7.255711360000000000e+08,2.413170196480000000e+11,7.241006195545196533e-02
2.993000000000000000e+03,3.000000000000000000e+01,9.962458628381058645e+01,1.490711984999859852e-01,1.100000000000000000e+01,3.217836032000000000e+10,1.621931982848000000e+12,9.086136817932128906e-01
3.978000000000000000e+03,1.747000000000000000e+03,1.553179245874683545e+02,9.428090415820634951e-02,2.640000000000000000e+02,6.452957440000000000e+08,2.078604820480000000e+11,1.306209862232208252e-01
2.038000000000000000e+03,1.512000000000000000e+03,6.043765708758308364e+01,1.860163329510811370e-01,1.830000000000000000e+02,3.310277120000000000e+09,3.145353789440000000e+11,3.984389901161193848e-01
2.600000000000000000e+03,8.320000000000000000e+02,2.451073508850298026e+02,1.090440572471854941e-01,1.300000000000000000e+01,2.367379046400000000e+10,1.408263389184000000e+12,6.113696098327636719e+00
2.717000000000000000e+03,1.498000000000000000e+03,3.469830067508283378e+02,1.153846153846153910e-01,3.500000000000000000e+01,2.962417459200000000e+10,9.809144053760000000e+11,6.172360420227050781e+00
2.509000000000000000e+03,7.320000000000000000e+02,4.737763298476883023e+01,1.764705882352941291e-01,1.150000000000000000e+02,6.639024000000000000e+08,2.696163819520000000e+11,7.071793079376220703e-01
8.500000000000000000e+02,2.167000000000000000e+03,2.625051948862154632e+02,7.692307692307692735e-02,3.600000000000000000e+01,2.155912396800000000e+10,1.085298507776000000e+12,2.135843515396118164e+00
3.694000000000000000e+03,2.507000000000000000e+03,1.714192530123509357e+02,1.153846153846153910e-01,4.300000000000000000e+01,6.390501888000000000e+09,1.028565368832000000e+12,1.451150059700012207e+00
6.090000000000000000e+02,3.755000000000000000e+03,3.420874848365215115e+01,1.950639396376682988e-01,1.400000000000000000e+01,4.285676339200000000e+10,1.507835248640000000e+12,3.455087184906005859e+00
5.420000000000000000e+02,1.688000000000000000e+03,5.980626587243252601e+01,1.720052290384453675e-01,3.220000000000000000e+02,6.438922240000000000e+08,1.316851957760000000e+11,1.387920230627059937e-01
9.730000000000000000e+02,1.486000000000000000e+03,4.173776031776584006e+01,1.767766952966368932e-01,1.430000000000000000e+02,9.831441408000000000e+09,2.495392317440000000e+11,0.000000000000000000e+00
7.170000000000000000e+02,1.108000000000000000e+03,3.753704034809570800e+01,1.581138830084189706e-01,9.800000000000000000e+01,2.819220736000000000e+09,4.878998896640000000e+11,1.520815610885620117e+00
3.790000000000000000e+03,2.655000000000000000e+03,1.187220440829621424e+02,1.767766952966368932e-01,2.140000000000000000e+02,1.069744256000000000e+09,2.377314959360000000e+11,2.512958347797393799e-01
8.010000000000000000e+02,1.659000000000000000e+03,1.794830469757616527e+02,6.666666666666666574e-02,2.700000000000000000e+02,6.247793920000000000e+08,2.094178795520000000e+11,5.558474734425544739e-02
2.993000000000000000e+03,2.201000000000000000e+03,1.243425658857484422e+02,8.838834764831844659e-02,2.340000000000000000e+02,3.183621760000000000e+08,2.423084810240000000e+11,3.677742183208465576e-01
3.116000000000000000e+03,1.052000000000000000e+03,8.252051048931427601e+01,1.961161351381840168e-01,3.100000000000000000e+01,1.766500556800000000e+10,1.050311589888000000e+12,3.384711980819702148e+00
4.210000000000000000e+02,1.840000000000000000e+03,1.728921032662958908e+02,7.710579232757895640e-02,4.000000000000000000e+00,2.216379187200000000e+10,1.423872098304000000e+12,1.059899687767028809e+00
2.338000000000000000e+03,2.617000000000000000e+03,1.148855239542453006e+02,1.363636363636363535e-01,7.500000000000000000e+01,6.909923840000000000e+09,6.275906273280000000e+11,1.387628793716430664e+00
1.320000000000000000e+02,3.279000000000000000e+03,9.137211216114225465e+01,1.264911064067351931e-01,3.900000000000000000e+01,9.824643072000000000e+09,9.033239101440000000e+11,4.672022819519042969e+00
1.835000000000000000e+03,8.670000000000000000e+02,7.819655611812696350e+01,1.397542485937368628e-01,2.410000000000000000e+02,4.520856000000000000e+08,2.227093340160000000e+11,1.034945324063301086e-01
3.540000000000000000e+02,2.360000000000000000e+02,1.504543697689379833e+01,1.666666666666666574e-01,3.540000000000000000e+02,4.699202560000000000e+08,9.459950387200000000e+10,2.889592386782169342e-02
2.509000000000000000e+03,1.863000000000000000e+03,6.142680774236580987e+01,1.578947368421052544e-01,1.370000000000000000e+02,4.924700672000000000e+09,4.232317501440000000e+11,1.894956678152084351e-01
3.060000000000000000e+03,1.582000000000000000e+03,5.658394688624813540e+01,1.428571428571428492e-01,3.170000000000000000e+02,5.427262080000000000e+08,1.611926405120000000e+11,5.585111305117607117e-02
2.330000000000000000e+02,3.057000000000000000e+03,5.448782622258649866e+01,1.087856586440842377e-01,2.520000000000000000e+02,3.751715200000000000e+08,1.336153374720000000e+11,1.971790567040443420e-02
2.176000000000000000e+03,1.697000000000000000e+03,6.515046789879095002e+01,1.538461538461538547e-01,3.320000000000000000e+02,3.736707200000000000e+08,1.258811801600000000e+11,4.991431534290313721e-02
3.553000000000000000e+03,1.731000000000000000e+03,2.986688871224960806e+01,1.597191412499849861e-01,3.060000000000000000e+02,3.920565760000000000e+08,1.621653094400000000e+11,4.171235859394073486e-02
2.869000000000000000e+03,1.439000000000000000e+03,5.682265934831228549e+01,1.428571428571428492e-01,3.020000000000000000e+02,3.985460800000000000e+08,1.576966717440000000e+11,8.313544094562530518e-02
2.806000000000000000e+03,3.180000000000000000e+03,2.141018013246122678e+02,9.722034684781695468e-02,6.800000000000000000e+01,8.798078976000000000e+09,7.372794101760000000e+11,1.334026694297790527e+00
2.153000000000000000e+03,2.874000000000000000e+03,1.251878877858292185e+02,1.087856586440842377e-01,3.240000000000000000e+02,5.196210560000000000e+08,1.334685368320000000e+11,6.298837810754776001e-02
2.604000000000000000e+03,8.310000000000000000e+02,1.272863504626919848e+02,1.243293543263444545e-01,1.300000000000000000e+01,2.367379046400000000e+10,1.408263389184000000e+12,6.113696098327636719e+00
2.955000000000000000e+03,3.721000000000000000e+03,2.598437425977555222e+02,7.443229275647869625e-02,1.280000000000000000e+02,4.022070016000000000e+09,3.922227036160000000e+11,1.520862936973571777e+00
6.740000000000000000e+02,2.480000000000000000e+03,6.703337041092835591e+01,1.656346649999844434e-01,2.500000000000000000e+01,1.637902950400000000e+10,1.113396346880000000e+12,1.996217012405395508e+00
2.738000000000000000e+03,2.879000000000000000e+03,5.280700720901153744e+01,3.225806451612903136e-02,1.600000000000000000e+01,3.269567692800000000e+10,1.808104685568000000e+12,0.000000000000000000e+00
1.797000000000000000e+03,1.247000000000000000e+03,1.954076556404870928e+02,5.263157894736841813e-02,1.340000000000000000e+02,4.072726016000000000e+09,3.920445112320000000e+11,1.558072865009307861e-01
1.958000000000000000e+03,3.987000000000000000e+03,1.170466553635829570e+02,1.717960677340691911e-01,5.800000000000000000e+01,1.604596838400000000e+10,8.437500477440000000e+11,6.876591444015502930e-01
9.100000000000000000e+02,4.600000000000000000e+02,7.384867139445427142e+01,1.923076923076923184e-01,6.000000000000000000e+00,1.650314547200000000e+10,1.067573116928000000e+12,3.699832201004028320e+00
5.440000000000000000e+02,1.688000000000000000e+03,1.331120781395803760e+02,1.720052290384453675e-01,3.220000000000000000e+02,6.438922240000000000e+08,1.316851957760000000e+11,1.387920230627059937e-01
9.450000000000000000e+02,3.822000000000000000e+03,1.113206419422873807e+02,1.716929178792375721e-01,8.100000000000000000e+01,7.719323136000000000e+09,5.698018344960000000e+11,5.399097129702568054e-02
2.056000000000000000e+03,2.235000000000000000e+03,8.209246027292317649e+01,1.428571428571428492e-01,3.140000000000000000e+02,8.878549760000000000e+08,1.559662264320000000e+11,6.366927176713943481e-02
1.568000000000000000e+03,1.396000000000000000e+03,7.269366173338647741e+01,1.963383631246505001e-01,9.600000000000000000e+01,1.166735257600000000e+10,5.351949926400000000e+11,1.048883438110351562e+00
1.858000000000000000e+03,1.792000000000000000e+03,4.048131492124953468e+01,1.720052290384453675e-01,3.310000000000000000e+02,4.291903040000000000e+08,1.396829716480000000e+11,7.931672781705856323e-02
1.677000000000000000e+03,2.130000000000000000e+03,8.208780600083882746e+02,4.761904761904761640e-02,9.400000000000000000e+01,3.051343872000000000e+09,5.484187811840000000e+11,4.253889322280883789e-01
5.410000000000000000e+02,1.687000000000000000e+03,4.840422070072426664e+01,1.720052290384453675e-01,3.220000000000000000e+02,6.438922240000000000e+08,1.316851957760000000e+11,1.387920230627059937e-01
6.570000000000000000e+02,3.895000000000000000e+03,3.233812820492581181e+02,0.000000000000000000e+00,2.160000000000000000e+02,3.302373120000000000e+08,1.758905139200000000e+11,1.909164041280746460e-01
3.216000000000000000e+03,6.000000000000000000e+01,5.207353018253314048e+01,1.490711984999859852e-01,2.490000000000000000e+02,8.222720640000000000e+08,2.166747463680000000e+11,1.427920758724212646e-01
2.690000000000000000e+02,2.640000000000000000e+02,1.996336863737111003e+02,1.976423537605237202e-01,2.350000000000000000e+02,3.835418560000000000e+08,2.558666014720000000e+11,3.988758474588394165e-02
2.412000000000000000e+03,1.814000000000000000e+03,2.001238072757254542e+02,1.000000000000000056e-01,1.200000000000000000e+02,7.089619968000000000e+09,4.466879692800000000e+11,7.731604576110839844e-01
3.400000000000000000e+03,2.933000000000000000e+03,1.188121765478663292e+02,1.304347826086956486e-01,6.600000000000000000e+01,1.370071859200000000e+10,7.471679406080000000e+11,1.815132617950439453e+00
3.955000000000000000e+03,2.665000000000000000e+03,1.167235780254768542e+02,1.242259987499883256e-01,1.530000000000000000e+02,1.981627264000000000e+09,3.649454735360000000e+11,1.969299316406250000e-01
2.340000000000000000e+03,2.421000000000000000e+03,1.112224530436420338e+02,1.888525745775105347e-01,7.000000000000000000e+00,2.338970419200000000e+10,1.180404940800000000e+12,3.693187236785888672e+00
2.768000000000000000e+03,3.711000000000000000e+03,6.448326596547322254e+01,1.875000000000000000e-01,1.300000000000000000e+02,1.310106496000000000e+09,2.256550297600000000e+11,1.955752968788146973e-01
3.300000000000000000e+03,2.744000000000000000e+03,1.432260060749519539e+02,9.316949906249123725e-02,2.800000000000000000e+01,1.097422540800000000e+10,7.864553308160000000e+11,1.368543982505798340e+00
9.150000000000000000e+02,1.404000000000000000e+03,1.028285918795204452e+02,1.764705882352941291e-01,1.650000000000000000e+02,5.347155520000000000e+08,3.105895219200000000e+11,6.146562099456787109e-02
1.196000000000000000e+03,8.760000000000000000e+02,7.077389264223540977e+01,1.885618083164126990e-01,2.590000000000000000e+02,7.167869440000000000e+08,1.949175971840000000e+11,1.137149333953857422e-01
1.831000000000000000e+03,1.574000000000000000e+03,1.281147713580950835e+02,7.443229275647869625e-02,1.240000000000000000e+02,2.067857920000000000e+09,3.856891576320000000e+11,3.170086741447448730e-01
4.230000000000000000e+02,1.837000000000000000e+03,1.174155969595751401e+02,6.896551724137930939e-02,4.000000000000000000e+00,2.216379187200000000e+10,1.423872098304000000e+12,1.059899687767028809e+00
7.700000000000000000e+01,3.767000000000000000e+03,6.572852588370528792e+02,7.443229275647869625e-02,1.380000000000000000e+02,3.522424832000000000e+09,3.751791165440000000e+11,4.641978740692138672e-01
1.865000000000000000e+03,1.620000000000000000e+03,6.165288037937006749e+01,1.663780661615406053e-01,2.310000000000000000e+02,1.263542400000000000e+09,2.653549035520000000e+11,1.655300408601760864e-01
9.480000000000000000e+02,1.310000000000000000e+02,2.793617625249821046e+01,1.666666666666666574e-01,1.290000000000000000e+02,9.721923840000000000e+08,3.688891678720000000e+11,1.283003538846969604e-01
2.147000000000000000e+03,8.900000000000000000e+01,2.389544573985421039e+02,1.087856586440842377e-01,3.400000000000000000e+01,2.207638323200000000e+10,1.046548774912000000e+12,1.211993932723999023e+00
1.118000000000000000e+03,3.887000000000000000e+03,7.012903478063546459e+01,8.333333333333332871e-02,3.000000000000000000e+00,3.762573721600000000e+10,2.640144498688000000e+12,1.831436872482299805e+00
3.545000000000000000e+03,2.515000000000000000e+03,2.460999627900226869e+02,5.237828008789241485e-02,2.600000000000000000e+01,1.607904665600000000e+10,1.146904903680000000e+12,3.561056852340698242e+00
1.909000000000000000e+03,3.878000000000000000e+03,1.024699447869390667e+02,1.720052290384453675e-01,3.250000000000000000e+02,4.502778560000000000e+08,1.259846533120000000e+11,4.601342231035232544e-02
3.064000000000000000e+03,3.438000000000000000e+03,2.384335780977922354e+02,1.287696884094281791e-01,2.400000000000000000e+01,2.261052211200000000e+10,1.228229181440000000e+12,2.252333760261535645e-01
1.867000000000000000e+03,1.624000000000000000e+03,6.420550513150327276e+01,1.176470588235294101e-01,2.310000000000000000e+02,1.263542400000000000e+09,2.653549035520000000e+11,1.655300408601760864e-01
3.988000000000000000e+03,2.430000000000000000e+03,1.253805807987872640e+02,1.071428571428571369e-01,2.200000000000000000e+01,3.011985612800000000e+10,1.264861839360000000e+12,0.000000000000000000e+00
3.022000000000000000e+03,2.439000000000000000e+03,1.113004897643148183e+02,1.716929178792375721e-01,8.800000000000000000e+01,8.625302528000000000e+09,5.439848775680000000e+11,5.298846960067749023e-01
3.890000000000000000e+03,5.180000000000000000e+02,2.569905703689076972e+02,1.052631578947368363e-01,1.470000000000000000e+02,1.940034048000000000e+09,3.742253711360000000e+11,3.393869996070861816e-01
2.757000000000000000e+03,1.633000000000000000e+03,2.034502810134012520e+02,8.318903308077030267e-02,1.880000000000000000e+02,3.737804288000000000e+09,2.862952611840000000e+11,7.099200487136840820e-01
7.440000000000000000e+02,2.813000000000000000e+03,1.028177997109957005e+02,1.649242250247064112e-01,3.300000000000000000e+01,1.520119193600000000e+10,9.712469934080000000e+11,1.588283777236938477e+00
1.919000000000000000e+03,3.897000000000000000e+03,3.509857239701670437e+02,3.703703703703703498e-02,2.300000000000000000e+01,3.924919910400000000e+10,1.211719614464000000e+12,8.107573509216308594e+00
9.120000000000000000e+02,4.610000000000000000e+02,4.366471795077969205e+02,1.087856586440842377e-01,6.000000000000000000e+00,1.650314547200000000e+10,1.067573116928000000e+12,3.699832201004028320e+00
3.126000000000000000e+03,3.145000000000000000e+03,9.152922572422511394e+01,1.000000000000000056e-01,1.010000000000000000e+02,6.721974784000000000e+09,4.795139031040000000e+11,4.184983968734741211e-01
1.855000000000000000e+03,1.790000000000000000e+03,7.407413185627071073e+01,1.538461538461538547e-01,3.310000000000000000e+02,4.291903040000000000e+08,1.396829716480000000e+11,7.931672781705856323e-02
7.660000000000000000e+02,1.530000000000000000e+03,2.190837374403770923e+02,5.555555555555555247e-02,1.320000000000000000e+02,2.261616384000000000e+09,3.562740449280000000e+11,7.156473994255065918e-01
2.805000000000000000e+03,2.400000000000000000e+03,8.668959963395209343e+02,8.318903308077030267e-02,2.130000000000000000e+02,1.042019712000000000e+09,2.757443584000000000e+11,3.763999044895172119e-01
3.822000000000000000e+03,3.390000000000000000e+03,2.619352512643176283e+02,1.374903330507991073e-01,7.100000000000000000e+01,8.651307008000000000e+09,6.954382786560000000e+11,3.705672323703765869e-01
8.590000000000000000e+02,1.861000000000000000e+03,2.515200074402665464e+01,1.863389981249824745e-01,2.990000000000000000e+02,3.741280512000000000e+09,1.144143298560000000e+11,1.015464309602975845e-02
4.180000000000000000e+02,1.841000000000000000e+03,8.044238429103938870e+01,1.856953381770518607e-01,4.000000000000000000e+00,2.216379187200000000e+10,1.423872098304000000e+12,1.059899687767028809e+00
2.340000000000000000e+03,2.412000000000000000e+03,1.287537823380943394e+02,1.527076157636170495e-01,7.000000000000000000e+00,2.338970419200000000e+10,1.180404940800000000e+12,3.693187236785888672e+00
8.100000000000000000e+01,3.766000000000000000e+03,4.920719821195952193e+01,1.578947368421052544e-01,1.380000000000000000e+02,3.522424832000000000e+09,3.751791165440000000e+11,4.641978740692138672e-01
2.085000000000000000e+03,2.855000000000000000e+03,9.174362093505231996e+01,1.437398936440172637e-01,4.400000000000000000e+01,9.059347456000000000e+09,6.248648540160000000e+11,4.563073813915252686e-01
3.438000000000000000e+03,1.428000000000000000e+03,5.186138860084983548e+01,1.897658566033678385e-01,1.180000000000000000e+02,3.062268160000000000e+09,4.329599795200000000e+11,4.076516926288604736e-01
2.511000000000000000e+03,1.026000000000000000e+03,6.739821561030622377e+01,1.593443597997745154e-01,5.000000000000000000e+00,3.258369433600000000e+10,1.944343412736000000e+12,3.667835891246795654e-01
3.900000000000000000e+02,7.960000000000000000e+02,9.231061618145099601e+01,1.863389981249824745e-01,5.000000000000000000e+01,7.061435904000000000e+09,8.643143270400000000e+11,2.096730947494506836e+00
1.330000000000000000e+03,1.616000000000000000e+03,1.034169061249106250e+02,1.315334104411640948e-01,1.820000000000000000e+02,1.194767488000000000e+09,2.648773918720000000e+11,2.541265189647674561e-01
3.205000000000000000e+03,1.958000000000000000e+03,1.534935295406684190e+02,1.346870059402947850e-01,9.500000000000000000e+01,6.686404608000000000e+09,5.159017840640000000e+11,9.251435995101928711e-01
2.175000000000000000e+03,1.697000000000000000e+03,1.492916050013888594e+02,7.692307692307692735e-02,3.320000000000000000e+02,3.736707200000000000e+08,1.258811801600000000e+11,4.991431534290313721e-02
2.810000000000000000e+03,3.817000000000000000e+03,9.302178905806923126e+01,1.885618083164126990e-01,2.620000000000000000e+02,1.368009088000000000e+09,2.027119411200000000e+11,1.745131909847259521e-01
7.180000000000000000e+02,1.103000000000000000e+03,8.833586341251701413e+01,1.414213562373095034e-01,9.800000000000000000e+01,2.819220736000000000e+09,4.878998896640000000e+11,1.520815610885620117e+00
1.359000000000000000e+03,1.267000000000000000e+03,6.657771505716371507e+01,1.499999999999999944e-01,5.300000000000000000e+01,1.107378278400000000e+10,4.555449630720000000e+11,8.392343521118164062e-01
2.409000000000000000e+03,1.301000000000000000e+03,9.543851825187407201e+01,2.000000000000000111e-01,9.000000000000000000e+00,3.914225254400000000e+10,1.627581579264000000e+12,2.495837211608886719e+00
2.512000000000000000e+03,7.280000000000000000e+02,3.242482458143841484e+01,1.860163329510811370e-01,1.150000000000000000e+02,6.639024000000000000e+08,2.696163819520000000e+11,7.071793079376220703e-01
4.400000000000000000e+02,2.785000000000000000e+03,7.808878097940514351e+01,1.666666666666666574e-01,4.900000000000000000e+01,7.912558592000000000e+09,8.552816967680000000e+11,8.689212799072265625e-01
3.629000000000000000e+03,3.978000000000000000e+03,1.073934681310818746e+02,1.923076923076923184e-01,2.900000000000000000e+01,1.268129484800000000e+10,1.003939889152000000e+12,2.182029724121093750e+00
1.690000000000000000e+03,2.220000000000000000e+03,6.818207769502843973e+01,1.885618083164126990e-01,2.960000000000000000e+02,5.553067520000000000e+08,1.903260139520000000e+11,1.130702495574951172e-01
2.805000000000000000e+03,2.398000000000000000e+03,1.025130315207709231e+02,1.860163329510811370e-01,2.130000000000000000e+02,1.042019712000000000e+09,2.757443584000000000e+11,3.763999044895172119e-01
2.110000000000000000e+02,1.264000000000000000e+03,5.883297850663687001e+01,1.397542485937368628e-01,2.230000000000000000e+02,3.540148480000000000e+09,2.356820377600000000e+11,2.054082304239273071e-01
4.920000000000000000e+02,8.200000000000000000e+02,1.195773795323904523e+02,1.767766952966368654e-01,4.000000000000000000e+01,6.004965376000000000e+09,7.657200680960000000e+11,9.520892500877380371e-01
6.490000000000000000e+02,1.123000000000000000e+03,6.420286773002402470e+01,1.875000000000000000e-01,2.290000000000000000e+02,1.669234816000000000e+09,2.513650483200000000e+11,7.054258584976196289e-01
7.370000000000000000e+02,2.816000000000000000e+03,5.392734560559509305e+01,2.000000000000000111e-01,3.300000000000000000e+01,1.520119193600000000e+10,9.712469934080000000e+11,1.588283777236938477e+00
2.080000000000000000e+02,1.058000000000000000e+03,1.445882888081152373e+02,1.064794274999899953e-01,5.400000000000000000e+01,7.008146944000000000e+09,5.634084044800000000e+11,5.607416629791259766e-01
2.252000000000000000e+03,1.097000000000000000e+03,3.138419127772536044e+01,1.724137931034482873e-01,3.000000000000000000e+01,2.774474752000000000e+10,1.397942386688000000e+12,0.000000000000000000e+00
1.853000000000000000e+03,1.951000000000000000e+03,6.561803977439457469e+01,1.333333333333333315e-01,2.720000000000000000e+02,6.618579840000000000e+08,2.082312028160000000e+11,1.385663002729415894e-01
1.998000000000000000e+03,3.383000000000000000e+03,1.543845165747752901e+02,1.581138830084189706e-01,1.060000000000000000e+02,2.987837184000000000e+09,4.844249415680000000e+11,3.978361785411834717e-01
3.032000000000000000e+03,1.429000000000000000e+03,1.893977252145463694e+02,6.666666666666666574e-02,2.120000000000000000e+02,5.134139840000000000e+08,2.073886720000000000e+11,7.339200377464294434e-02
1.440000000000000000e+03,1.505000000000000000e+03,3.177582349839520361e+02,8.318903308077030267e-02,1.840000000000000000e+02,3.228920576000000000e+09,3.089111777280000000e+11,5.643389225006103516e-01
2.768000000000000000e+03,3.380000000000000000e+02,1.217321669405337019e+02,1.764705882352941291e-01,2.080000000000000000e+02,1.508241280000000000e+09,2.930831523840000000e+11,9.406410157680511475e-02
2.079000000000000000e+03,2.853000000000000000e+03,1.066033732566423708e+02,1.437398936440172637e-01,4.400000000000000000e+01,9.059347456000000000e+09,6.248648540160000000e+11,4.563073813915252686e-01
9.780000000000000000e+02,2.648000000000000000e+03,1.509007871180584743e+02,9.523809523809523281e-02,9.200000000000000000e+01,2.896953344000000000e+09,5.285608161280000000e+11,8.672224879264831543e-01
2.662000000000000000e+03,3.250000000000000000e+03,2.184135250751373576e+02,9.428090415820634951e-02,2.560000000000000000e+02,1.510194176000000000e+09,2.055332167680000000e+11,2.436477988958358765e-01
2.148000000000000000e+03,3.731000000000000000e+03,1.155752331200623928e+02,1.720052290384453675e-01,3.260000000000000000e+02,8.942238080000000000e+08,1.268130119680000000e+11,1.499052494764328003e-01
3.021000000000000000e+03,2.435000000000000000e+03,6.842308381909992931e+01,1.346870059402947850e-01,8.800000000000000000e+01,8.625302528000000000e+09,5.439848775680000000e+11,5.298846960067749023e-01
3.675000000000000000e+03,3.155000000000000000e+03,1.147468679088237451e+02,1.176877882894626220e-01,1.310000000000000000e+02,3.632237568000000000e+09,4.112175923200000000e+11,1.594951003789901733e-01
2.511000000000000000e+03,7.270000000000000000e+02,4.587573918975862597e+01,1.663780661615406053e-01,1.150000000000000000e+02,6.639024000000000000e+08,2.696163819520000000e+11,7.071793079376220703e-01
2.512000000000000000e+03,1.027000000000000000e+03,7.027082764773024337e+01,1.875000000000000000e-01,5.000000000000000000e+00,3.258369433600000000e+10,1.944343412736000000e+12,3.667835891246795654e-01
2.757000000000000000e+03,1.632000000000000000e+03,3.607688457471753622e+02,5.882352941176470507e-02,1.880000000000000000e+02,3.737804288000000000e+09,2.862952611840000000e+11,7.099200487136840820e-01
3.698000000000000000e+03,1.212000000000000000e+03,8.162532590812649858e+01,1.767766952966368932e-01,1.560000000000000000e+02,1.485463936000000000e+09,2.239134924800000000e+11,2.409477382898330688e-01
2.151000000000000000e+03,8.800000000000000000e+01,3.230947598314722882e+02,8.600261451922268374e-02,3.400000000000000000e+01,2.207638323200000000e+10,1.046548774912000000e+12,1.211993932723999023e+00
2.820000000000000000e+03,2.730000000000000000e+02,6.234017694732585113e+01,1.666666666666666574e-01,3.480000000000000000e+02,6.097633280000000000e+08,1.116363161600000000e+11,1.257665604352951050e-01
1.362000000000000000e+03,7.510000000000000000e+02,9.069449017885811770e+01,1.875000000000000000e-01,2.280000000000000000e+02,7.644033280000000000e+08,2.608238919680000000e+11,1.717759370803833008e-01
1.858000000000000000e+03,6.410000000000000000e+02,1.441767308420764664e+02,6.734350297014739251e-02,8.400000000000000000e+01,7.238528512000000000e+09,5.277208739840000000e+11,1.416770100593566895e+00
3.810000000000000000e+03,1.067000000000000000e+03,1.333481359663556418e+02,7.692307692307692735e-02,3.340000000000000000e+02,5.983065600000000000e+08,1.386395566080000000e+11,6.755406409502029419e-02
3.680000000000000000e+03,1.385000000000000000e+03,7.736800062317355753e+01,1.488645855129573925e-01,1.230000000000000000e+02,4.412191232000000000e+09,4.193991720960000000e+11,3.580733537673950195e-01
1.689000000000000000e+03,1.068000000000000000e+03,5.555168157269601892e+01,1.860163329510811370e-01,2.020000000000000000e+02,1.417090816000000000e+09,2.877716234240000000e+11,2.775177061557769775e-01
3.828000000000000000e+03,3.389000000000000000e+03,6.751601085175374806e+01,1.567630989332169100e-01,7.100000000000000000e+01,8.651307008000000000e+09,6.954382786560000000e+11,3.705672323703765869e-01
4.260000000000000000e+02,1.843000000000000000e+03,6.187329759689072262e+01,1.724137931034482873e-01,4.000000000000000000e+00,2.216379187200000000e+10,1.423872098304000000e+12,1.059899687767028809e+00
1.385000000000000000e+03,1.272000000000000000e+03,2.454177604748276451e+02,1.250000000000000000e-01,2.190000000000000000e+02,1.665134976000000000e+09,2.605144473600000000e+11,1.890190243721008301e-01
9.110000000000000000e+02,4.610000000000000000e+02,9.029389702010576002e+01,1.386750490563072868e-01,6.000000000000000000e+00,1.650314547200000000e+10,1.067573116928000000e+12,3.699832201004028320e+00
2.243000000000000000e+03,1.352000000000000000e+03,1.034060909354083719e+02,1.437398936440172637e-01,6.300000000000000000e+01,5.047442432000000000e+09,6.099794657280000000e+11,2.344955205917358398e+00
1.116000000000000000e+03,7.990000000000000000e+02,4.824853031191104833e+02,5.882352941176470507e-02,1.800000000000000000e+02,2.033409792000000000e+09,2.995316326400000000e+11,4.882094264030456543e-01
3.700000000000000000e+02,1.315000000000000000e+03,7.831054532444366600e+01,1.903943276465977219e-01,0.000000000000000000e+00,6.791713996800000000e+10,3.866329874432000000e+12,5.838018655776977539e-01
2.805000000000000000e+03,3.184000000000000000e+03,1.613249419733529351e+02,1.374903330507991073e-01,6.800000000000000000e+01,8.798078976000000000e+09,7.372794101760000000e+11,1.334026694297790527e+00
1.450000000000000000e+03,2.905000000000000000e+03,1.448580809279721109e+02,1.875000000000000000e-01,1.920000000000000000e+02,9.463041920000000000e+08,2.607394979840000000e+11,1.711194664239883423e-01
1.846000000000000000e+03,1.023000000000000000e+03,1.046181375494144277e+02,1.397542485937368628e-01,1.030000000000000000e+02,2.004422016000000000e+09,2.521610321920000000e+11,2.871632277965545654e-01
3.827000000000000000e+03,3.394000000000000000e+03,5.068968125771854005e+01,1.567630989332169100e-01,7.100000000000000000e+01,8.651307008000000000e+09,6.954382786560000000e+11,3.705672323703765869e-01
2.229000000000000000e+03,3.812000000000000000e+03,6.793211799077624846e+01,1.264911064067351931e-01,4.100000000000000000e+01,1.540933632000000000e+10,9.524732887040000000e+11,2.167505264282226562e+00
1.575000000000000000e+03,2.116000000000000000e+03,8.303913795676608345e+01,1.567630989332169100e-01,5.500000000000000000e+01,2.193723596800000000e+10,7.420609822720000000e+11,5.831490755081176758e-01
1.114000000000000000e+03,7.980000000000000000e+02,1.309978483949066685e+02,1.860163329510811370e-01,1.800000000000000000e+02,2.033409792000000000e+09,2.995316326400000000e+11,4.882094264030456543e-01
3.702000000000000000e+03,2.506000000000000000e+03,5.822773793773945528e+01,1.961161351381840168e-01,4.300000000000000000e+01,6.390501888000000000e+09,1.028565368832000000e+12,1.451150059700012207e+00
3.670000000000000000e+02,6.110000000000000000e+02,4.628712885448585723e+01,1.860163329510811370e-01,1.870000000000000000e+02,8.003907840000000000e+08,2.936924405760000000e+11,6.621309518814086914e-01
3.600000000000000000e+02,1.324000000000000000e+03,5.503170120634013074e+01,1.820027472320129569e-01,0.000000000000000000e+00,6.791713996800000000e+10,3.866329874432000000e+12,5.838018655776977539e-01
3.111000000000000000e+03,3.670000000000000000e+03,1.309622267020588140e+02,1.490711984999859852e-01,2.920000000000000000e+02,7.271820800000000000e+08,1.793774878720000000e+11,9.612603485584259033e-02
2.836000000000000000e+03,3.048000000000000000e+03,7.098531750521509309e+01,1.488645855129573925e-01,1.190000000000000000e+02,9.340194816000000000e+09,4.196479139840000000e+11,5.865185856819152832e-01
1.047000000000000000e+03,2.980000000000000000e+02,4.778592345150498488e+01,1.720052290384453675e-01,2.420000000000000000e+02,3.873505600000000000e+08,1.351133429760000000e+11,5.675405263900756836e-02
2.991000000000000000e+03,2.202000000000000000e+03,2.946524554680970596e+02,6.250000000000000000e-02,2.340000000000000000e+02,3.183621760000000000e+08,2.423084810240000000e+11,3.677742183208465576e-01
2.800000000000000000e+03,3.165000000000000000e+03,7.936050812269510857e+01,1.976423537605237202e-01,2.660000000000000000e+02,7.283575680000000000e+08,2.201929154560000000e+11,6.726475805044174194e-02
2.341000000000000000e+03,1.694000000000000000e+03,4.536084543646782663e+01,1.976423537605237202e-01,2.200000000000000000e+02,5.185255360000000000e+08,2.569455697920000000e+11,7.937531173229217529e-02
3.740000000000000000e+02,1.323000000000000000e+03,6.857747909027766298e+01,1.767766952966368932e-01,0.000000000000000000e+00,6.791713996800000000e+10,3.866329874432000000e+12,5.838018655776977539e-01
3.699000000000000000e+03,2.509000000000000000e+03,1.424197310824898466e+02,1.087856586440842377e-01,4.300000000000000000e+01,6.390501888000000000e+09,1.028565368832000000e+12,1.451150059700012207e+00
3.683000000000000000e+03,2.896000000000000000e+03,7.109378653473903853e+01,1.542115846551579128e-01,1.900000000000000000e+01,2.456189337600000000e+10,1.437959847936000000e+12,4.980907142162322998e-01
1.960000000000000000e+03,3.983000000000000000e+03,9.595056513069529558e+01,1.502313031443328895e-01,5.800000000000000000e+01,1.604596838400000000e+10,8.437500477440000000e+11,6.876591444015502930e-01
3.766000000000000000e+03,1.262000000000000000e+03,6.138145516931503209e+01,1.717960677340691911e-01,5.100000000000000000e+01,1.338212966400000000e+10,8.122256588800000000e+11,2.885771274566650391e+00
3.812000000000000000e+03,1.068000000000000000e+03,5.832851373969594277e+01,1.087856586440842377e-01,3.340000000000000000e+02,5.983065600000000000e+08,1.386395566080000000e+11,6.755406409502029419e-02
1.125000000000000000e+03,3.888000000000000000e+03,8.784375395081903548e+01,1.145307118227127940e-01,3.000000000000000000e+00,3.762573721600000000e+10,2.640144498688000000e+12,1.831436872482299805e+00
3.711000000000000000e+03,1.700000000000000000e+02,3.827528703532486531e+01,1.638886943392722229e-01,7.000000000000000000e+01,8.901328896000000000e+09,6.326715678720000000e+11,1.451230168342590332e+00
2.955000000000000000e+03,3.722000000000000000e+03,1.062055417148987431e+02,1.176877882894626220e-01,1.280000000000000000e+02,4.022070016000000000e+09,3.922227036160000000e+11,1.520862936973571777e+00
1.350000000000000000e+02,3.280000000000000000e+03,8.069634147384223866e+01,1.788854381999831766e-01,3.900000000000000000e+01,9.824643072000000000e+09,9.033239101440000000e+11,4.672022819519042969e+00
1.119000000000000000e+03,3.881000000000000000e+03,6.274402008815292930e+01,1.756820922315766309e-01,3.000000000000000000e+00,3.762573721600000000e+10,2.640144498688000000e+12,1.831436872482299805e+00
2.754000000000000000e+03,2.443000000000000000e+03,4.804123521150548868e+02,1.264911064067351931e-01,4.500000000000000000e+01,9.663973376000000000e+09,9.594038517760000000e+11,1.929919958114624023e+00
3.038000000000000000e+03,3.294000000000000000e+03,7.706129325370508809e+01,1.795054935711501154e-01,2.000000000000000000e+01,3.612656025600000000e+10,1.626098892800000000e+12,1.186937093734741211e-01
1.538000000000000000e+03,3.950000000000000000e+02,1.117656210550002811e+02,6.666666666666666574e-02,2.500000000000000000e+02,5.433228800000000000e+08,2.070696591360000000e+11,1.096710339188575745e-01
9.460000000000000000e+02,1.300000000000000000e+02,8.310907047309747497e+01,7.856742013183862228e-02,1.290000000000000000e+02,9.721923840000000000e+08,3.688891678720000000e+11,1.283003538846969604e-01
6.120000000000000000e+02,8.740000000000000000e+02,1.068935282449143216e+02,1.229750923802691437e-01,7.300000000000000000e+01,1.833807257600000000e+10,6.925092782080000000e+11,3.555294871330261230e-01
7.580000000000000000e+02,2.846000000000000000e+03,6.189353348353130002e+01,1.767766952966368932e-01,2.630000000000000000e+02,8.041327360000000000e+08,2.212967546880000000e+11,2.647356688976287842e-01
5.450000000000000000e+02,2.474000000000000000e+03,5.817017117640447310e+01,1.767766952966368932e-01,1.350000000000000000e+02,1.476633216000000000e+09,2.523343421440000000e+11,1.282015740871429443e-01
5.010000000000000000e+02,1.424000000000000000e+03,1.769616914721298144e+02,1.597191412499849861e-01,2.810000000000000000e+02,9.878126720000000000e+08,1.478563266560000000e+11,1.566789746284484863e-01
2.111000000000000000e+03,2.906000000000000000e+03,6.979793743300353981e+01,1.176470588235294101e-01,1.760000000000000000e+02,4.542482944000000000e+09,2.715383070720000000e+11,7.511537075042724609e-01
6.010000000000000000e+02,2.615000000000000000e+03,1.772941305391055096e+02,1.379310344827586188e-01,1.800000000000000000e+01,1.623037542400000000e+10,1.491725320192000000e+12,5.082186508178710938e+01
2.914000000000000000e+03,1.810000000000000000e+02,2.851163058232366510e+01,1.976423537605237202e-01,2.530000000000000000e+02,6.700957440000000000e+08,2.376157429760000000e+11,1.779581606388092041e-01
7.560000000000000000e+02,2.849000000000000000e+03,1.450438936066956046e+02,6.250000000000000000e-02,2.630000000000000000e+02,8.041327360000000000e+08,2.212967546880000000e+11,2.647356688976287842e-01
3.679000000000000000e+03,1.382000000000000000e+03,3.969137069308482637e+02,7.443229275647869625e-02,1.230000000000000000e+02,4.412191232000000000e+09,4.193991720960000000e+11,3.580733537673950195e-01
1.688000000000000000e+03,1.571000000000000000e+03,2.117192740935296911e+02,1.414213562373095034e-01,1.050000000000000000e+02,3.697087744000000000e+09,4.976978165760000000e+11,1.093283891677856445e+00
2.247000000000000000e+03,1.090000000000000000e+03,4.708790720230043547e+01,1.421760560557814024e-01,3.000000000000000000e+01,2.774474752000000000e+10,1.397942386688000000e+12,0.000000000000000000e+00
2.378000000000000000e+03,3.130000000000000000e+03,1.033754150778704286e+02,1.581138830084189706e-01,1.140000000000000000e+02,6.558797824000000000e+09,4.732224798720000000e+11,3.872925639152526855e-01
3.296000000000000000e+03,2.747000000000000000e+03,1.066645028434239038e+02,1.317615691736824801e-01,2.800000000000000000e+01,1.097422540800000000e+10,7.864553308160000000e+11,1.368543982505798340e+00
3.091000000000000000e+03,8.600000000000000000e+02,2.127990231909070928e+02,1.315334104411640948e-01,1.850000000000000000e+02,1.384537344000000000e+09,2.915444326400000000e+11,5.173170194029808044e-02
4.240000000000000000e+02,1.843000000000000000e+03,8.700448029803827410e+01,1.421760560557814024e-01,4.000000000000000000e+00,2.216379187200000000e+10,1.423872098304000000e+12,1.059899687767028809e+00
1.327000000000000000e+03,1.612000000000000000e+03,1.436324249559259272e+02,1.860163329510811370e-01,1.820000000000000000e+02,1.194767488000000000e+09,2.648773918720000000e+11,2.541265189647674561e-01
2.320000000000000000e+03,2.818000000000000000e+03,8.591791487338088018e+01,1.885618083164126990e-01,2.870000000000000000e+02,6.142096000000000000e+08,1.838728151040000000e+11,7.423418015241622925e-02
3.758000000000000000e+03,1.261000000000000000e+03,8.430043357409540477e+02,1.666666666666666574e-01,5.100000000000000000e+01,1.338212966400000000e+10,8.122256588800000000e+11,2.885771274566650391e+00
1.790000000000000000e+03,7.900000000000000000e+02,1.185387899125053508e+02,1.756820922315766309e-01,1.610000000000000000e+02,2.234117888000000000e+09,3.617741537280000000e+11,1.721291691064834595e-01
1.198000000000000000e+03,2.540000000000000000e+02,5.133423008955979583e+01,2.000000000000000111e-01,1.160000000000000000e+02,2.380019200000000000e+09,4.474392412160000000e+11,4.046666920185089111e-01
2.450000000000000000e+03,5.870000000000000000e+02,5.032721905646594251e+01,1.010152544552210818e-01,3.050000000000000000e+02,6.482513280000000000e+08,1.677845135360000000e+11,6.382576376199722290e-02
4.490000000000000000e+02,1.725000000000000000e+03,1.352062510904601709e+02,1.874138920735300140e-01,8.200000000000000000e+01,9.725789184000000000e+09,6.114567782400000000e+11,8.108713626861572266e-01
3.622000000000000000e+03,3.377000000000000000e+03,7.543131725711295132e+01,8.838834764831844659e-02,2.430000000000000000e+02,1.012105728000000000e+09,2.227059097600000000e+11,1.548350751399993896e-01
3.606000000000000000e+03,3.027000000000000000e+03,3.877379276487341713e+02,5.000000000000000278e-02,9.000000000000000000e+01,1.856924032000000000e+09,4.570356121600000000e+11,5.995895862579345703e-01
2.680000000000000000e+02,2.610000000000000000e+02,1.596104131438027878e+02,0.000000000000000000e+00,2.350000000000000000e+02,3.835418560000000000e+08,2.558666014720000000e+11,3.988758474588394165e-02
1.746000000000000000e+03,2.039000000000000000e+03,9.188859664492329671e+01,7.142857142857142461e-02,3.100000000000000000e+02,3.430820160000000000e+08,1.454713405440000000e+11,4.223517701029777527e-02
3.170000000000000000e+02,1.470000000000000000e+03,4.636352675113287347e+01,1.515151515151515194e-01,8.000000000000000000e+00,5.188821811200000000e+10,2.186460135424000000e+12,5.949957370758056641e-01
3.096000000000000000e+03,3.190000000000000000e+03,2.488733953531174166e+02,1.490711984999859852e-01,1.330000000000000000e+02,1.020962880000000000e+09,1.968133570560000000e+11,3.380988538265228271e-01
1.299000000000000000e+03,2.017000000000000000e+03,2.315138892375604200e+02,3.846153846153846367e-02,3.800000000000000000e+01,1.030433177600000000e+10,9.779833077760000000e+11,7.185483574867248535e-01
2.006000000000000000e+03,7.740000000000000000e+02,4.966414844614185142e+01,9.722034684781695468e-02,6.700000000000000000e+01,6.917338624000000000e+09,7.341444956160000000e+11,7.526878714561462402e-01
1.062000000000000000e+03,2.751000000000000000e+03,6.988713776763589181e+01,1.597191412499849861e-01,3.150000000000000000e+02,3.817629120000000000e+08,1.556622704640000000e+11,5.622717365622520447e-02
6.080000000000000000e+02,1.765000000000000000e+03,7.847143372361672675e+01,1.717960677340691911e-01,2.100000000000000000e+01,9.767414784000000000e+09,7.698031575040000000e+11,1.788983106613159180e+00
3.549000000000000000e+03,1.729000000000000000e+03,9.490482883910281942e+01,1.597191412499849861e-01,3.060000000000000000e+02,3.920565760000000000e+08,1.621653094400000000e+11,4.171235859394073486e-02
2.735000000000000000e+03,2.877000000000000000e+03,4.057385803245854561e+01,1.442624501612767562e-01,1.600000000000000000e+01,3.269567692800000000e+10,1.808104685568000000e+12,0.000000000000000000e+00
9.000000000000000000e+02,1.718000000000000000e+03,7.536050278831017124e+01,1.818181818181818232e-01,3.000000000000000000e+02,1.259877120000000000e+09,7.717212979200000000e+10,0.000000000000000000e+00
2.228000000000000000e+03,3.813000000000000000e+03,5.068606776111737133e+01,1.131370849898476055e-01,4.100000000000000000e+01,1.540933632000000000e+10,9.524732887040000000e+11,2.167505264282226562e+00
1.408000000000000000e+03,1.283000000000000000e+03,1.270586725549279805e+02,1.285648693066450132e-01,2.970000000000000000e+02,3.761315520000000000e+08,7.673151488000000000e+10,3.619387745857238770e-02
1.152000000000000000e+03,1.691000000000000000e+03,6.334061913567471436e+01,1.242259987499883256e-01,1.130000000000000000e+02,2.778995916800000000e+10,3.163079311360000000e+11,0.000000000000000000e+00
3.677000000000000000e+03,4.430000000000000000e+02,1.370068055677072039e+02,1.016394535227177209e-01,7.700000000000000000e+01,8.184467456000000000e+09,6.611352944640000000e+11,5.086567997932434082e-01
2.755000000000000000e+03,2.445000000000000000e+03,5.276830568414295612e+02,8.944271909999158832e-02,4.500000000000000000e+01,9.663973376000000000e+09,9.594038517760000000e+11,1.929919958114624023e+00
3.640000000000000000e+02,1.329000000000000000e+03,6.029226313401941439e+01,1.903943276465977219e-01,0.000000000000000000e+00,6.791713996800000000e+10,3.866329874432000000e+12,5.838018655776977539e-01
2.511000000000000000e+03,1.021000000000000000e+03,7.976926696394919247e+01,3.125000000000000000e-02,5.000000000000000000e+00,3.258369433600000000e+10,1.944343412736000000e+12,3.667835891246795654e-01
2.606000000000000000e+03,8.280000000000000000e+02,9.816475964040036217e+01,1.758282590894063580e-01,1.300000000000000000e+01,2.367379046400000000e+10,1.408263389184000000e+12,6.113696098327636719e+00
9.720000000000000000e+02,2.649000000000000000e+03,3.535154449332756599e+01,1.963383631246505001e-01,9.200000000000000000e+01,2.896953344000000000e+09,5.285608161280000000e+11,8.672224879264831543e-01
7.420000000000000000e+02,2.815000000000000000e+03,8.731056282931538703e+01,1.442220510185595606e-01,3.300000000000000000e+01,1.520119193600000000e+10,9.712469934080000000e+11,1.588283777236938477e+00
1.643000000000000000e+03,3.699000000000000000e+03,6.785014130572814395e+01,1.315334104411640948e-01,2.010000000000000000e+02,1.167361536000000000e+09,2.643181240320000000e+11,2.490766197443008423e-01
6.680000000000000000e+02,2.475000000000000000e+03,9.584606840062160416e+01,1.527076157636170495e-01,2.500000000000000000e+01,1.637902950400000000e+10,1.113396346880000000e+12,1.996217012405395508e+00
1.621000000000000000e+03,6.300000000000000000e+01,1.328761956950532976e+02,1.176877882894626220e-01,1.270000000000000000e+02,3.045517312000000000e+09,4.335536701440000000e+11,6.563200950622558594e-01
6.120000000000000000e+02,3.749000000000000000e+03,3.629994766569215585e+02,7.710579232757895640e-02,1.400000000000000000e+01,4.285676339200000000e+10,1.507835248640000000e+12,3.455087184906005859e+00
3.480000000000000000e+03,2.849000000000000000e+03,1.206218425967260544e+02,1.904761904761904656e-01,8.500000000000000000e+01,3.280976896000000000e+09,5.304367513600000000e+11,3.841274082660675049e-01
3.013000000000000000e+03,8.140000000000000000e+02,1.679125735877096588e+02,1.499999999999999944e-01,1.020000000000000000e+02,1.650304512000000000e+09,4.517831966720000000e+11,2.106188774108886719e+00
2.054000000000000000e+03,2.233000000000000000e+03,1.318964615993249652e+02,1.428571428571428492e-01,3.140000000000000000e+02,8.878549760000000000e+08,1.559662264320000000e+11,6.366927176713943481e-02
3.730000000000000000e+02,1.317000000000000000e+03,7.303337332011631133e+01,1.952562418976663550e-01,0.000000000000000000e+00,6.791713996800000000e+10,3.866329874432000000e+12,5.838018655776977539e-01
1.660000000000000000e+02,3.239000000000000000e+03,1.376769612933367455e+02,1.875000000000000000e-01,1.780000000000000000e+02,4.079923200000000000e+08,2.321770741760000000e+11,9.790688753128051758e-02
3.301000000000000000e+03,2.746000000000000000e+03,1.157678122299191585e+02,8.333333333333332871e-02,2.800000000000000000e+01,1.097422540800000000e+10,7.864553308160000000e+11,1.368543982505798340e+00
2.914000000000000000e+03,1.800000000000000000e+02,3.450531869723351264e+01,1.875000000000000000e-01,2.530000000000000000e+02,6.700957440000000000e+08,2.376157429760000000e+11,1.779581606388092041e-01
1.590000000000000000e+03,2.527000000000000000e+03,1.176777682268433267e+02,1.571348402636772446e-01,1.740000000000000000e+02,3.833967872000000000e+09,3.328998113280000000e+11,5.388898253440856934e-01
6.770000000000000000e+02,2.478000000000000000e+03,5.543034385316612855e+01,1.994505484123890171e-01,2.500000000000000000e+01,1.637902950400000000e+10,1.113396346880000000e+12,1.996217012405395508e+00
3.812000000000000000e+03,1.067000000000000000e+03,1.132837587436696509e+02,7.692307692307692735e-02,3.340000000000000000e+02,5.983065600000000000e+08,1.386395566080000000e+11,6.755406409502029419e-02
1.439000000000000000e+03,1.506000000000000000e+03,2.446746968590621805e+02,1.176470588235294101e-01,1.840000000000000000e+02,3.228920576000000000e+09,3.089111777280000000e+11,5.643389225006103516e-01
3.063000000000000000e+03,3.435000000000000000e+03,2.592930412922621031e+02,1.071428571428571369e-01,2.400000000000000000e+01,2.261052211200000000e+10,1.228229181440000000e+12,2.252333760261535645e-01
1.686000000000000000e+03,1.573000000000000000e+03,4.631742258890629671e+01,2.000000000000000111e-01,1.050000000000000000e+02,3.697087744000000000e+09,4.976978165760000000e+11,1.093283891677856445e+00
7.330000000000000000e+02,3.057000000000000000e+03,4.030458990876410894e+02,1.052631578947368363e-01,1.400000000000000000e+02,3.078145536000000000e+09,3.894766796800000000e+11,4.259077310562133789e-01
3.694000000000000000e+03,1.210000000000000000e+03,1.063805908214945788e+02,1.250000000000000000e-01,1.560000000000000000e+02,1.485463936000000000e+09,2.239134924800000000e+11,2.409477382898330688e-01
2.578000000000000000e+03,2.330000000000000000e+02,8.651687361585005931e+01,1.397542485937368628e-01,2.540000000000000000e+02,3.900685120000000000e+08,2.271090442240000000e+11,3.730879351496696472e-02
5.430000000000000000e+02,2.473000000000000000e+03,1.089940709616059280e+02,6.250000000000000000e-02,1.350000000000000000e+02,1.476633216000000000e+09,2.523343421440000000e+11,1.282015740871429443e-01
3.678000000000000000e+03,1.381000000000000000e+03,3.245269232679488027e+02,1.052631578947368363e-01,1.230000000000000000e+02,4.412191232000000000e+09,4.193991720960000000e+11,3.580733537673950195e-01
3.017000000000000000e+03,8.170000000000000000e+02,6.081531665093780958e+01,2.000000000000000111e-01,1.020000000000000000e+02,1.650304512000000000e+09,4.517831966720000000e+11,2.106188774108886719e+00
3.091000000000000000e+03,8.560000000000000000e+02,1.960357810437773765e+02,1.315334104411640948e-01,1.850000000000000000e+02,1.384537344000000000e+09,2.915444326400000000e+11,5.173170194029808044e-02
5.400000000000000000e+02,2.471000000000000000e+03,1.224115009153156848e+02,1.976423537605237202e-01,1.350000000000000000e+02,1.476633216000000000e+09,2.523343421440000000e+11,1.282015740871429443e-01
3.716000000000000000e+03,2.560000000000000000e+03,3.600941422075359100e+01,1.767766952966368932e-01,1.940000000000000000e+02,1.070380096000000000e+09,2.626859008000000000e+11,3.487602174282073975e-01
3.968000000000000000e+03,3.600000000000000000e+03,1.288394387152769696e+02,1.000000000000000056e-01,1.110000000000000000e+02,7.458587648000000000e+09,4.460573818880000000e+11,7.694523334503173828e-01
3.469000000000000000e+03,1.181000000000000000e+03,9.357996358764832223e+01,1.664356663246515655e-01,1.210000000000000000e+02,1.199321856000000000e+09,3.968022282240000000e+11,5.909001231193542480e-01
1.946000000000000000e+03,1.614000000000000000e+03,3.605459067641301658e+02,6.250000000000000000e-02,2.170000000000000000e+02,8.166224000000000000e+08,2.521198264320000000e+11,1.638118028640747070e-01
3.338000000000000000e+03,7.960000000000000000e+02,5.841429590673114092e+01,1.756820922315766309e-01,1.480000000000000000e+02,1.724786304000000000e+09,3.378457477120000000e+11,3.567959368228912354e-01
3.977000000000000000e+03,1.746000000000000000e+03,8.536500807242430255e+01,1.885618083164126990e-01,2.640000000000000000e+02,6.452957440000000000e+08,2.078604820480000000e+11,1.306209862232208252e-01
4.310000000000000000e+02,1.453000000000000000e+03,9.793835572832411174e+01,1.885618083164126990e-01,2.210000000000000000e+02,9.417088000000000000e+08,1.952689848320000000e+11,1.487792879343032837e-01
3.123000000000000000e+03,1.051000000000000000e+03,1.935852907401579728e+02,1.087856586440842377e-01,3.100000000000000000e+01,1.766500556800000000e+10,1.050311589888000000e+12,3.384711980819702148e+00
8.930000000000000000e+02,2.559000000000000000e+03,9.558820052369412679e+01,1.767766952966368932e-01,2.510000000000000000e+02,9.487840640000000000e+08,2.391114219520000000e+11,1.013396605849266052e-01
2.339000000000000000e+03,2.615000000000000000e+03,1.509482237056395491e+02,1.285648693066450132e-01,7.500000000000000000e+01,6.909923840000000000e+09,6.275906273280000000e+11,1.387628793716430664e+00
3.680000000000000000e+02,1.317000000000000000e+03,1.875768240046025426e+02,1.274754878398196012e-01,0.000000000000000000e+00,6.791713996800000000e+10,3.866329874432000000e+12,5.838018655776977539e-01
9.100000000000000000e+02,3.713000000000000000e+03,5.896617096083407432e+02,1.285648693066450132e-01,8.000000000000000000e+01,6.545251840000000000e+09,5.917509550080000000e+11,2.885195016860961914e+00
3.636000000000000000e+03,3.977000000000000000e+03,1.426587534755059892e+02,1.923076923076923184e-01,2.900000000000000000e+01,1.268129484800000000e+10,1.003939889152000000e+12,2.182029724121093750e+00
2.278000000000000000e+03,3.729000000000000000e+03,1.306074757904242176e+02,1.720052290384453675e-01,3.130000000000000000e+02,3.749838400000000000e+08,1.443974512640000000e+11,6.140996888279914856e-02
2.516000000000000000e+03,1.022000000000000000e+03,6.385444230628545625e+01,1.288470508005518933e-01,5.000000000000000000e+00,3.258369433600000000e+10,1.944343412736000000e+12,3.667835891246795654e-01
7.310000000000000000e+02,2.553000000000000000e+03,9.855001624663901794e+01,6.250000000000000000e-02,1.950000000000000000e+02,1.466485248000000000e+09,2.600883814400000000e+11,3.987166583538055420e-01
3.130000000000000000e+02,1.480000000000000000e+03,2.751750989589667995e+01,1.843261372817642241e-01,8.000000000000000000e+00,5.188821811200000000e+10,2.186460135424000000e+12,5.949957370758056641e-01
3.069000000000000000e+03,3.439000000000000000e+03,9.672366267236020576e+01,1.785714285714285754e-01,2.400000000000000000e+01,2.261052211200000000e+10,1.228229181440000000e+12,2.252333760261535645e-01
3.978000000000000000e+03,2.103000000000000000e+03,2.657394157489432587e+02,1.505846504842085487e-01,8.600000000000000000e+01,5.506938880000000000e+09,5.508653383680000000e+11,3.377498388290405273e-01
2.744000000000000000e+03,2.876000000000000000e+03,3.008154614738347732e+01,1.880952224143645490e-01,1.600000000000000000e+01,3.269567692800000000e+10,1.808104685568000000e+12,0.000000000000000000e+00
1.906000000000000000e+03,3.879000000000000000e+03,9.494999395590596691e+01,1.720052290384453675e-01,3.250000000000000000e+02,4.502778560000000000e+08,1.259846533120000000e+11,4.601342231035232544e-02
1.595000000000000000e+03,2.530000000000000000e+03,3.907598549323947879e+01,1.756820922315766309e-01,1.740000000000000000e+02,3.833967872000000000e+09,3.328998113280000000e+11,5.388898253440856934e-01
3.543000000000000000e+03,2.515000000000000000e+03,2.605632419794547445e+02,1.171213948210510919e-01,2.600000000000000000e+01,1.607904665600000000e+10,1.146904903680000000e+12,3.561056852340698242e+00
1.555000000000000000e+03,3.184000000000000000e+03,3.717241150162367802e+01,1.538461538461538547e-01,3.460000000000000000e+02,3.621963840000000000e+08,1.311142952960000000e+11,6.944186519831418991e-03
2.511000000000000000e+03,1.015000000000000000e+03,7.337343625974658323e+01,1.900863290718193543e-01,5.000000000000000000e+00,3.258369433600000000e+10,1.944343412736000000e+12,3.667835891246795654e-01
9.460000000000000000e+02,1.320000000000000000e+02,6.217919804383046056e+01,7.856742013183862228e-02,1.290000000000000000e+02,9.721923840000000000e+08,3.688891678720000000e+11,1.283003538846969604e-01
1.045000000000000000e+03,6.310000000000000000e+02,7.525764815336991376e+01,1.490711984999859852e-01,2.600000000000000000e+02,1.858317312000000000e+09,2.057553674240000000e+11,7.710270881652832031e-01
1.198000000000000000e+03,2.500000000000000000e+02,2.456779051149523809e+02,0.000000000000000000e+00,1.160000000000000000e+02,2.380019200000000000e+09,4.474392412160000000e+11,4.046666920185089111e-01
3.578000000000000000e+03,3.412000000000000000e+03,6.497234887822773430e+01,1.118033988749894958e-01,1.220000000000000000e+02,4.187620096000000000e+09,4.638568939520000000e+11,5.724893808364868164e-01
2.341000000000000000e+03,2.618000000000000000e+03,1.001449698556006354e+02,4.545454545454545581e-02,7.500000000000000000e+01,6.909923840000000000e+09,6.275906273280000000e+11,1.387628793716430664e+00
6.460000000000000000e+02,1.621000000000000000e+03,8.367275954421286315e+02,6.734350297014739251e-02,1.000000000000000000e+02,7.406679040000000000e+09,5.591275929600000000e+11,7.902584671974182129e-01
2.863000000000000000e+03,3.555000000000000000e+03,1.002760353449887276e+02,1.243293543263444545e-01,1.500000000000000000e+01,2.484295680000000000e+10,1.361350492160000000e+12,1.479203462600708008e+00
8.490000000000000000e+02,2.164000000000000000e+03,4.673290843328003064e+01,1.961161351381840168e-01,3.600000000000000000e+01,2.155912396800000000e+10,1.085298507776000000e+12,2.135843515396118164e+00
7.380000000000000000e+02,3.055000000000000000e+03,4.867162050928195072e+01,1.897658566033678385e-01,1.400000000000000000e+02,3.078145536000000000e+09,3.894766796800000000e+11,4.259077310562133789e-01
2.299000000000000000e+03,1.186000000000000000e+03,5.025236275811059272e+01,1.428571428571428492e-01,2.880000000000000000e+02,4.470436160000000000e+08,1.477900042240000000e+11,7.913138717412948608e-02
1.747000000000000000e+03,2.039000000000000000e+03,7.695018337652962259e+01,1.428571428571428492e-01,3.100000000000000000e+02,3.430820160000000000e+08,1.454713405440000000e+11,4.223517701029777527e-02
6.110000000000000000e+02,4.670000000000000000e+02,8.218816722870174374e+01,1.756820922315766309e-01,1.420000000000000000e+02,1.824037888000000000e+09,3.510841180160000000e+11,1.941844373941421509e-01
3.000000000000000000e+00,2.915000000000000000e+03,7.158963704933465522e+01,1.976423537605237202e-01,2.480000000000000000e+02,7.255711360000000000e+08,2.413170196480000000e+11,7.241006195545196533e-02
3.811000000000000000e+03,1.067000000000000000e+03,8.384056570625508584e+02,0.000000000000000000e+00,3.340000000000000000e+02,5.983065600000000000e+08,1.386395566080000000e+11,6.755406409502029419e-02
1.359000000000000000e+03,2.010000000000000000e+03,7.747544588636100116e+01,8.318903308077030267e-02,1.810000000000000000e+02,1.441623680000000000e+09,2.788685250560000000e+11,2.093609422445297241e-01
3.130000000000000000e+02,1.471000000000000000e+03,6.012331565972714742e+01,9.582659576267817114e-02,8.000000000000000000e+00,5.188821811200000000e+10,2.186460135424000000e+12,5.949957370758056641e-01
3.956000000000000000e+03,2.667000000000000000e+03,8.444829641928285469e+01,1.756820922315766309e-01,1.530000000000000000e+02,1.981627264000000000e+09,3.649454735360000000e+11,1.969299316406250000e-01
2.448000000000000000e+03,5.870000000000000000e+02,2.081636763725444155e+02,1.010152544552210818e-01,3.050000000000000000e+02,6.482513280000000000e+08,1.677845135360000000e+11,6.382576376199722290e-02
3.889000000000000000e+03,5.160000000000000000e+02,8.900498214809779540e+01,1.897658566033678385e-01,1.470000000000000000e+02,1.940034048000000000e+09,3.742253711360000000e+11,3.393869996070861816e-01
3.301000000000000000e+03,2.749000000000000000e+03,6.221745552508684796e+01,1.502313031443328895e-01,2.800000000000000000e+01,1.097422540800000000e+10,7.864553308160000000e+11,1.368543982505798340e+00
7.370000000000000000e+02,8.380000000000000000e+02,5.837676656715740364e+01,1.597191412499849861e-01,3.280000000000000000e+02,3.508671680000000000e+08,1.473805352960000000e+11,3.014664165675640106e-02
1.958000000000000000e+03,3.840000000000000000e+03,7.648444123392974348e+01,1.538461538461538547e-01,3.420000000000000000e+02,9.269617920000000000e+08,1.403325972480000000e+11,5.047484487295150757e-02
3.466000000000000000e+03,4.920000000000000000e+02,6.686765303511488412e+01,1.505846504842085487e-01,8.300000000000000000e+01,3.556626176000000000e+09,5.523520880640000000e+11,9.543594717979431152e-01
2.574000000000000000e+03,1.513000000000000000e+03,1.742695294844935461e+02,1.923076923076923184e-01,3.200000000000000000e+01,1.381409075200000000e+10,1.072877797376000000e+12,2.538702011108398438e+00
3.090000000000000000e+03,3.651000000000000000e+03,1.062993550471057915e+02,1.397542485937368628e-01,1.200000000000000000e+01,3.804662169600000000e+10,1.865792618496000000e+12,1.976391410827636719e+01
3.465000000000000000e+03,1.180000000000000000e+03,1.717611166282320312e+02,1.176877882894626220e-01,1.210000000000000000e+02,1.199321856000000000e+09,3.968022282240000000e+11,5.909001231193542480e-01
6.140000000000000000e+02,3.748000000000000000e+03,1.497365715629624390e+02,1.090440572471854941e-01,1.400000000000000000e+01,4.285676339200000000e+10,1.507835248640000000e+12,3.455087184906005859e+00
3.026000000000000000e+03,3.232000000000000000e+03,4.222042581590324772e+01,1.976423537605237202e-01,1.970000000000000000e+02,1.376791424000000000e+09,2.338413936640000000e+11,1.094494313001632690e-01
1.809000000000000000e+03,2.170000000000000000e+03,2.719728550958983604e+01,1.716929178792375721e-01,1.000000000000000000e+00,6.157198950400000000e+10,4.416137068544000000e+12,4.520943015813827515e-02
1.808000000000000000e+03,2.176000000000000000e+03,3.595576988760177528e+01,1.190476190476190410e-01,1.000000000000000000e+00,6.157198950400000000e+10,4.416137068544000000e+12,4.520943015813827515e-02
2.662000000000000000e+03,3.253000000000000000e+03,9.274682224603644443e+01,1.490711984999859852e-01,2.560000000000000000e+02,1.510194176000000000e+09,2.055332167680000000e+11,2.436477988958358765e-01
1.121000000000000000e+03,3.884000000000000000e+03,8.931404279729368056e+01,8.333333333333332871e-02,3.000000000000000000e+00,3.762573721600000000e+10,2.640144498688000000e+12,1.831436872482299805e+00
3.503000000000000000e+03,3.195000000000000000e+03,7.180009666584446393e+01,1.944406936956339094e-01,5.200000000000000000e+01,9.552431104000000000e+09,7.089194926080000000e+11,3.984834671020507812e+00
3.551000000000000000e+03,1.728000000000000000e+03,8.915441112460347028e+01,1.428571428571428492e-01,3.060000000000000000e+02,3.920565760000000000e+08,1.621653094400000000e+11,4.171235859394073486e-02
3.015000000000000000e+03,8.170000000000000000e+02,1.574555086261986787e+02,1.000000000000000056e-01,1.020000000000000000e+02,1.650304512000000000e+09,4.517831966720000000e+11,2.106188774108886719e+00
3.308000000000000000e+03,1.568000000000000000e+03,1.571620681926569603e+02,1.016394535227177209e-01,7.900000000000000000e+01,9.134831616000000000e+09,5.912709038080000000e+11,6.035826802253723145e-01
6.900000000000000000e+01,1.305000000000000000e+03,2.053538763175607755e+02,1.016394535227177209e-01,4.600000000000000000e+01,1.408726425600000000e+10,6.551540858880000000e+11,1.282244086265563965e+00
3.633000000000000000e+03,3.979000000000000000e+03,7.710352796187306694e+02,7.692307692307692735e-02,2.900000000000000000e+01,1.268129484800000000e+10,1.003939889152000000e+12,2.182029724121093750e+00
7.300000000000000000e+01,1.303000000000000000e+03,1.343808287750734678e+02,1.638886943392722229e-01,4.600000000000000000e+01,1.408726425600000000e+10,6.551540858880000000e+11,1.282244086265563965e+00
2.512000000000000000e+03,2.639000000000000000e+03,1.753119700110311499e+02,1.010152544552210818e-01,2.890000000000000000e+02,5.283338560000000000e+08,1.709418905600000000e+11,7.025370001792907715e-02
2.445000000000000000e+03,1.663000000000000000e+03,1.057703545914498875e+02,6.250000000000000000e-02,2.390000000000000000e+02,1.227665792000000000e+09,2.207238225920000000e+11,1.781434752047061920e-02
3.236000000000000000e+03,2.992000000000000000e+03,1.220563659838542350e+02,1.242259987499883256e-01,1.630000000000000000e+02,2.215606528000000000e+09,3.263569264640000000e+11,2.493974864482879639e-01
1.452000000000000000e+03,2.906000000000000000e+03,1.230099437270295368e+02,1.767766952966368932e-01,1.920000000000000000e+02,9.463041920000000000e+08,2.607394979840000000e+11,1.711194664239883423e-01
6.110000000000000000e+02,8.730000000000000000e+02,1.334843167657490142e+02,1.374903330507991073e-01,7.300000000000000000e+01,1.833807257600000000e+10,6.925092782080000000e+11,3.555294871330261230e-01
3.700000000000000000e+02,1.329000000000000000e+03,6.580811547634041858e+01,1.903943276465977219e-01,0.000000000000000000e+00,6.791713996800000000e+10,3.866329874432000000e+12,5.838018655776977539e-01
3.393000000000000000e+03,1.759000000000000000e+03,8.454285117481475709e+01,1.315334104411640948e-01,2.050000000000000000e+02,1.662369152000000000e+09,2.801193123840000000e+11,1.934467852115631104e-01
1.418000000000000000e+03,1.427000000000000000e+03,5.204630147046227648e+02,5.263157894736841813e-02,1.260000000000000000e+02,4.160075520000000000e+09,3.984403005440000000e+11,1.379993796348571777e+00
3.297000000000000000e+03,2.743000000000000000e+03,7.986994579068674227e+01,1.502313031443328895e-01,2.800000000000000000e+01,1.097422540800000000e+10,7.864553308160000000e+11,1.368543982505798340e+00
3.793000000000000000e+03,2.650000000000000000e+03,9.694594788267885122e+01,1.976423537605237202e-01,2.140000000000000000e+02,1.069744256000000000e+09,2.377314959360000000e+11,2.512958347797393799e-01
6.080000000000000000e+02,3.751000000000000000e+03,9.664657573678391600e+01,1.724137931034482873e-01,1.400000000000000000e+01,4.285676339200000000e+10,1.507835248640000000e+12,3.455087184906005859e+00
2.869000000000000000e+03,1.438000000000000000e+03,8.045107413349377623e+01,1.597191412499849861e-01,3.020000000000000000e+02,3.985460800000000000e+08,1.576966717440000000e+11,8.313544094562530518e-02
2.410000000000000000e+03,1.297000000000000000e+03,1.049372882972135272e+02,7.453559924999299258e-02,9.000000000000000000e+00,3.914225254400000000e+10,1.627581579264000000e+12,2.495837211608886719e+00
3.900000000000000000e+02,7.950000000000000000e+02,1.429286214132036719e+02,1.502313031443328895e-01,5.000000000000000000e+01,7.061435904000000000e+09,8.643143270400000000e+11,2.096730947494506836e+00
1.427000000000000000e+03,1.301000000000000000e+03,5.999024640305865432e+02,5.555555555555555247e-02,1.710000000000000000e+02,2.986639104000000000e+09,3.262996480000000000e+11,2.502601742744445801e-01
2.535000000000000000e+03,4.500000000000000000e+02,1.544872541380794928e+02,1.597191412499849861e-01,2.750000000000000000e+02,3.880225600000000000e+08,1.486946304000000000e+11,0.000000000000000000e+00
2.739000000000000000e+03,2.885000000000000000e+03,3.312656446164129420e+01,1.935483870967741882e-01,1.600000000000000000e+01,3.269567692800000000e+10,1.808104685568000000e+12,0.000000000000000000e+00
3.097000000000000000e+03,3.658000000000000000e+03,1.010373330123179443e+02,1.822172467139156482e-01,1.200000000000000000e+01,3.804662169600000000e+10,1.865792618496000000e+12,1.976391410827636719e+01
8.450000000000000000e+02,2.169000000000000000e+03,7.299439096218712564e+01,1.923076923076923184e-01,3.600000000000000000e+01,2.155912396800000000e+10,1.085298507776000000e+12,2.135843515396118164e+00
3.016000000000000000e+03,8.160000000000000000e+02,6.870586280457266071e+01,1.581138830084189706e-01,1.020000000000000000e+02,1.650304512000000000e+09,4.517831966720000000e+11,2.106188774108886719e+00
2.755000000000000000e+03,2.443000000000000000e+03,2.861278632251012937e+02,1.442220510185595606e-01,4.500000000000000000e+01,9.663973376000000000e+09,9.594038517760000000e+11,1.929919958114624023e+00
1.603000000000000000e+03,1.010000000000000000e+03,1.132079818839722662e+02,1.538461538461538547e-01,3.410000000000000000e+02,1.042866880000000000e+09,1.366030581760000000e+11,5.060866475105285645e-02
1.828000000000000000e+03,1.572000000000000000e+03,2.893475130039371948e+02,1.176877882894626220e-01,1.240000000000000000e+02,2.067857920000000000e+09,3.856891576320000000e+11,3.170086741447448730e-01
3.304000000000000000e+03,1.569000000000000000e+03,1.376291028756086519e+02,9.090909090909091161e-02,7.900000000000000000e+01,9.134831616000000000e+09,5.912709038080000000e+11,6.035826802253723145e-01
5.740000000000000000e+02,7.890000000000000000e+02,6.553619767686522835e+01,1.976423537605237202e-01,2.100000000000000000e+02,6.068355200000000000e+08,2.526852382720000000e+11,2.046982795000076294e-01
1.473000000000000000e+03,2.860000000000000000e+03,7.986820650806123467e+01,1.720052290384453675e-01,2.180000000000000000e+02,4.900465280000000000e+08,1.246252810240000000e+11,9.948574006557464600e-02
3.715000000000000000e+03,2.561000000000000000e+03,3.236010010498752365e+01,1.976423537605237202e-01,1.940000000000000000e+02,1.070380096000000000e+09,2.626859008000000000e+11,3.487602174282073975e-01
3.010000000000000000e+03,8.180000000000000000e+02,7.155130958593829860e+01,1.581138830084189706e-01,1.020000000000000000e+02,1.650304512000000000e+09,4.517831966720000000e+11,2.106188774108886719e+00
3.466000000000000000e+03,1.183000000000000000e+03,1.728730259171340720e+02,5.263157894736841813e-02,1.210000000000000000e+02,1.199321856000000000e+09,3.968022282240000000e+11,5.909001231193542480e-01
5.970000000000000000e+02,2.618000000000000000e+03,1.553883954599293418e+02,1.421760560557814024e-01,1.800000000000000000e+01,1.623037542400000000e+10,1.491725320192000000e+12,5.082186508178710938e+01
1.921000000000000000e+03,3.897000000000000000e+03,1.410365382755443306e+02,1.111111111111111049e-01,2.300000000000000000e+01,3.924919910400000000e+10,1.211719614464000000e+12,8.107573509216308594e+00
2.297000000000000000e+03,1.185000000000000000e+03,7.661259838967623637e+01,1.597191412499849861e-01,2.880000000000000000e+02,4.470436160000000000e+08,1.477900042240000000e+11,7.913138717412948608e-02
1.491000000000000000e+03,1.703000000000000000e+03,1.024913595600565941e+02,7.692307692307692735e-02,3.270000000000000000e+02,4.838972160000000000e+08,1.434706575360000000e+11,1.223590448498725891e-01
1.828000000000000000e+03,1.924000000000000000e+03,6.491678142460530410e+01,1.397542485937368628e-01,1.490000000000000000e+02,1.098039936000000000e+09,2.263666524160000000e+11,1.936717629432678223e-01
3.670000000000000000e+02,6.100000000000000000e+02,5.562481986278615409e+01,1.315334104411640948e-01,1.870000000000000000e+02,8.003907840000000000e+08,2.936924405760000000e+11,6.621309518814086914e-01
2.670000000000000000e+02,1.120000000000000000e+03,8.269862891426211604e+01,1.490711984999859852e-01,2.780000000000000000e+02,6.048636160000000000e+08,1.876977745920000000e+11,2.336264252662658691e-01
3.780000000000000000e+02,3.124000000000000000e+03,6.843911373911328155e+01,1.597191412499849861e-01,3.380000000000000000e+02,4.112685440000000000e+08,1.473397555200000000e+11,7.734476123005151749e-03
2.003000000000000000e+03,3.681000000000000000e+03,3.070695048156616735e+02,1.428571428571428492e-01,2.840000000000000000e+02,9.432234240000000000e+08,1.574320209920000000e+11,2.867662906646728516e-01
2.174000000000000000e+03,2.618000000000000000e+03,1.422085428393930613e+02,1.923076923076923184e-01,3.700000000000000000e+01,1.660199526400000000e+10,1.076348256256000000e+12,2.930980205535888672e+00
9.770000000000000000e+02,2.644000000000000000e+03,7.930410183406708313e+01,1.963383631246505001e-01,9.200000000000000000e+01,2.896953344000000000e+09,5.285608161280000000e+11,8.672224879264831543e-01
3.528000000000000000e+03,2.200000000000000000e+03,5.024289977314079891e+01,1.666666666666666574e-01,1.720000000000000000e+02,2.003181440000000000e+09,3.155775324160000000e+11,2.163498550653457642e-01
9.440000000000000000e+02,3.822000000000000000e+03,1.730750795044813515e+02,1.505846504842085487e-01,8.100000000000000000e+01,7.719323136000000000e+09,5.698018344960000000e+11,5.399097129702568054e-02
2.984000000000000000e+03,3.300000000000000000e+01,1.359117646615925423e+02,1.699673171197594868e-01,1.100000000000000000e+01,3.217836032000000000e+10,1.621931982848000000e+12,9.086136817932128906e-01
6.800000000000000000e+02,9.370000000000000000e+02,1.040976928013192691e+02,1.663780661615406053e-01,1.750000000000000000e+02,1.603920384000000000e+09,3.096959713280000000e+11,1.232247829437255859e+00
1.194000000000000000e+03,8.810000000000000000e+02,5.028746310644631734e+01,2.000000000000000111e-01,2.590000000000000000e+02,7.167869440000000000e+08,1.949175971840000000e+11,1.137149333953857422e-01
3.694000000000000000e+03,1.209000000000000000e+03,1.068891135548579427e+02,1.397542485937368628e-01,1.560000000000000000e+02,1.485463936000000000e+09,2.239134924800000000e+11,2.409477382898330688e-01
3.069000000000000000e+03,3.438000000000000000e+03,9.117110600813032306e+01,1.515228816828315950e-01,2.400000000000000000e+01,2.261052211200000000e+10,1.228229181440000000e+12,2.252333760261535645e-01
