3.692000000000000000e+03,1.263000000000000000e+03,2.489776189116316729e+01,9.090909090909091161e-02,3.030000000000000000e+02,5.972487680000000000e+08,1.100279644160000000e+11,6.764055043458938599e-02
3.096000000000000000e+03,3.620000000000000000e+03,2.228498315073105829e+01,1.597191412499849861e-01,2.500000000000000000e+01,4.075406131200000000e+10,1.594271465472000000e+12,3.982214033603668213e-01
2.513000000000000000e+03,4.310000000000000000e+02,8.231277880261853852e+01,1.242259987499883256e-01,7.900000000000000000e+01,5.519063040000000000e+09,4.653620920320000000e+11,1.204052805900573730e+00
1.615000000000000000e+03,2.959000000000000000e+03,5.383794410304728473e+01,1.792654619833765339e-01,5.100000000000000000e+01,3.191295590400000000e+10,8.522985635840000000e+11,3.693249225616455078e+00
3.950000000000000000e+02,1.352000000000000000e+03,1.895018702172543357e+01,8.333333333333332871e-02,1.000000000000000000e+00,9.809676697600000000e+10,3.612387573760000000e+12,1.521267175674438477e+00
1.490000000000000000e+03,1.420000000000000000e+03,2.920642552009103809e+01,7.856742013183862228e-02,1.530000000000000000e+02,1.254496972800000000e+10,4.504584847360000000e+11,0.000000000000000000e+00
1.130000000000000000e+03,8.680000000000000000e+02,4.175166587283776209e+01,8.838834764831844659e-02,1.850000000000000000e+02,7.707054592000000000e+09,2.947731947520000000e+11,4.469096362590789795e-01
1.247000000000000000e+03,2.171000000000000000e+03,2.187796991660110635e+01,1.720052290384453675e-01,3.340000000000000000e+02,6.826451840000000000e+08,1.621331640320000000e+11,2.349519878625869751e-01
9.380000000000000000e+02,3.718000000000000000e+03,7.949431178622214134e+01,1.118033988749894958e-01,8.700000000000000000e+01,1.389513318400000000e+10,6.118853181440000000e+11,2.075522422790527344e+00
4.910000000000000000e+02,8.210000000000000000e+02,2.532024686040708161e+01,1.716929178792375721e-01,4.000000000000000000e+01,1.619209011200000000e+10,7.339425792000000000e+11,2.455300569534301758e+00
3.721000000000000000e+03,2.499000000000000000e+03,5.450793398527709144e+01,1.285648693066450132e-01,4.300000000000000000e+01,1.800707276800000000e+10,8.294295797760000000e+11,1.875314235687255859e+00
3.497000000000000000e+03,3.189000000000000000e+03,5.173679893300212740e+01,1.016394535227177209e-01,3.600000000000000000e+01,2.303946342400000000e+10,7.790489763840000000e+11,2.043790340423583984e+00
2.878000000000000000e+03,3.534000000000000000e+03,1.652080746643406783e+01,1.767766952966368654e-01,3.900000000000000000e+01,1.933491814400000000e+10,1.077381758976000000e+12,1.537795662879943848e-01
3.440000000000000000e+03,1.606000000000000000e+03,4.308324940921215784e+01,1.428571428571428492e-01,2.700000000000000000e+02,7.359706240000000000e+08,1.932054364160000000e+11,8.216810971498489380e-02
3.539000000000000000e+03,2.642000000000000000e+03,2.337436296566959371e+01,8.333333333333332871e-02,4.170000000000000000e+02,1.205259136000000000e+09,1.323084103680000000e+11,4.606420993804931641e-01
3.704000000000000000e+03,2.554000000000000000e+03,3.416054943477580252e+01,6.250000000000000000e-02,1.960000000000000000e+02,6.549093888000000000e+09,2.803599278080000000e+11,4.497103989124298096e-01
2.402000000000000000e+03,6.520000000000000000e+02,9.554290322266194124e+00,1.285648693066450132e-01,5.120000000000000000e+02,5.528614400000000000e+08,1.035318886400000000e+11,1.178099736571311951e-01
1.492000000000000000e+03,1.694000000000000000e+03,2.308732152135699423e+01,1.666666666666666574e-01,4.130000000000000000e+02,1.057321088000000000e+09,1.275934310400000000e+11,3.549383878707885742e-01
2.177000000000000000e+03,1.656000000000000000e+03,3.013206609918079693e+01,1.666666666666666574e-01,3.540000000000000000e+02,1.108747776000000000e+09,1.321549332480000000e+11,1.288112699985504150e-01
3.798000000000000000e+03,3.380000000000000000e+03,3.356543836935519920e+01,5.000000000000000278e-02,1.030000000000000000e+02,1.480291532800000000e+10,6.178978529280000000e+11,1.145902797579765320e-01
3.081000000000000000e+03,1.576000000000000000e+03,2.456889648202528065e+01,7.142857142857142461e-02,2.770000000000000000e+02,2.816187904000000000e+09,1.890902179840000000e+11,1.188701033592224121e+00
3.019000000000000000e+03,1.519000000000000000e+03,1.338201200508260946e+01,1.414213562373095034e-01,5.130000000000000000e+02,3.166354560000000000e+08,8.407357030400000000e+10,8.857206255197525024e-02
1.804000000000000000e+03,6.860000000000000000e+02,7.400510986748487596e+01,5.263157894736841813e-02,1.010000000000000000e+02,1.021766656000000000e+10,4.976323788800000000e+11,1.474550127983093262e+00
2.879000000000000000e+03,3.528000000000000000e+03,1.465949048111832198e+01,1.502313031443328895e-01,3.900000000000000000e+01,1.933491814400000000e+10,1.077381758976000000e+12,1.537795662879943848e-01
2.091000000000000000e+03,3.903000000000000000e+03,3.006744459703291383e+01,1.720052290384453675e-01,2.640000000000000000e+02,3.405308672000000000e+09,1.508058726400000000e+11,7.838104367256164551e-01
7.220000000000000000e+02,8.650000000000000000e+02,1.487172872813843938e+01,1.538461538461538547e-01,3.620000000000000000e+02,1.018515968000000000e+09,1.587685294080000000e+11,2.858537435531616211e-01
3.422000000000000000e+03,2.400000000000000000e+03,3.817387457402127637e+01,1.720052290384453675e-01,2.330000000000000000e+02,1.306718592000000000e+09,1.563776942080000000e+11,2.441019564867019653e-01
2.734000000000000000e+03,2.462000000000000000e+03,1.550394330738368467e+02,5.892556509887896671e-02,3.700000000000000000e+01,2.916994662400000000e+10,1.049209339904000000e+12,5.184139728546142578e+00
1.709000000000000000e+03,1.473000000000000000e+03,3.886435560843592185e+01,1.863389981249824745e-01,3.840000000000000000e+02,1.221574144000000000e+09,1.177819627520000000e+11,1.518055200576782227e-01
3.693000000000000000e+03,2.343000000000000000e+03,2.999578271804214680e+01,1.720052290384453675e-01,3.870000000000000000e+02,1.063596416000000000e+09,1.528079974400000000e+11,2.094728499650955200e-01
3.442000000000000000e+03,1.702000000000000000e+03,6.657295216250567194e+01,1.666666666666666574e-01,3.710000000000000000e+02,7.614969600000000000e+08,1.344475709440000000e+11,1.444125473499298096e-01
2.848000000000000000e+03,5.370000000000000000e+02,1.870734781433704796e+01,1.663780661615406053e-01,1.310000000000000000e+02,7.085904384000000000e+09,3.575631380480000000e+11,4.093026518821716309e-01
3.271000000000000000e+03,2.768000000000000000e+03,2.843507388937743485e+01,9.316949906249123725e-02,4.100000000000000000e+01,2.046601625600000000e+10,1.033987227648000000e+12,3.614742457866668701e-01
2.840000000000000000e+03,1.204000000000000000e+03,5.429070332395012599e+01,7.856742013183862228e-02,1.110000000000000000e+02,1.699877120000000000e+09,4.605679697920000000e+11,1.063262104988098145e+00
2.881000000000000000e+03,3.532000000000000000e+03,1.536006638647941891e+01,4.166666666666666435e-02,3.900000000000000000e+01,1.933491814400000000e+10,1.077381758976000000e+12,1.537795662879943848e-01
1.340000000000000000e+03,1.879000000000000000e+03,3.060335114414338165e+01,9.090909090909091161e-02,2.480000000000000000e+02,3.243550080000000000e+08,1.120837795840000000e+11,1.034625172615051270e-01
2.356000000000000000e+03,2.655000000000000000e+03,1.494544613994736437e+01,1.666666666666666574e-01,4.040000000000000000e+02,7.253898880000000000e+08,1.196070666240000000e+11,1.140825897455215454e-01
2.148000000000000000e+03,1.472000000000000000e+03,4.828692536754827813e+01,1.333333333333333315e-01,1.970000000000000000e+02,1.218683392000000000e+09,2.609859624960000000e+11,4.991658031940460205e-01
3.558000000000000000e+03,2.246000000000000000e+03,6.894441878615678831e+01,9.428090415820634951e-02,8.400000000000000000e+01,4.863553536000000000e+09,2.581076049920000000e+11,7.515404820442199707e-01
3.328000000000000000e+03,2.330000000000000000e+03,2.595180336655196385e+01,9.090909090909091161e-02,4.470000000000000000e+02,9.411189760000000000e+08,1.078544220160000000e+11,1.939408034086227417e-01
3.691000000000000000e+03,1.262000000000000000e+03,9.784843856030036591e+01,9.090909090909091161e-02,3.030000000000000000e+02,5.972487680000000000e+08,1.100279644160000000e+11,6.764055043458938599e-02
6.240000000000000000e+02,4.960000000000000000e+02,4.496237382533556115e+01,1.860163329510811370e-01,1.350000000000000000e+02,6.468990464000000000e+09,3.937586708480000000e+11,4.105822145938873291e-01
2.522000000000000000e+03,7.520000000000000000e+02,4.935359537737646463e+01,1.178511301977579334e-01,3.640000000000000000e+02,4.016161600000000000e+08,1.224422850560000000e+11,2.357449196279048920e-02
3.977000000000000000e+03,2.088000000000000000e+03,1.164110788270642018e+02,2.000000000000000111e-01,8.100000000000000000e+01,1.206914457600000000e+10,6.047352750080000000e+11,3.115982770919799805e+00
2.940000000000000000e+02,2.728000000000000000e+03,3.074357068828555271e+02,7.692307692307692735e-02,3.420000000000000000e+02,5.387810560000000000e+08,1.542441533440000000e+11,2.097166627645492554e-01
2.516000000000000000e+03,1.016000000000000000e+03,1.620605667968100150e+01,1.724137931034482873e-01,1.900000000000000000e+01,4.698338508800000000e+10,1.740785844224000000e+12,5.655762553215026855e-01
2.416000000000000000e+03,2.662000000000000000e+03,9.744077034519678193e+01,1.756820922315766309e-01,1.120000000000000000e+02,3.294868992000000000e+09,4.550815252480000000e+11,1.575487017631530762e+00
2.839000000000000000e+03,1.205000000000000000e+03,3.853452864919922263e+02,0.000000000000000000e+00,1.110000000000000000e+02,1.699877120000000000e+09,4.605679697920000000e+11,1.063262104988098145e+00
4.830000000000000000e+02,3.384000000000000000e+03,3.222831568345785058e+01,1.597191412499849861e-01,2.810000000000000000e+02,3.947301632000000000e+09,1.837049610240000000e+11,1.494614005088806152e+00
3.166000000000000000e+03,1.474000000000000000e+03,1.365358619420262620e+01,1.000000000000000056e-01,5.290000000000000000e+02,7.561590400000000000e+08,6.994129715200000000e+10,3.799855336546897888e-02
3.094000000000000000e+03,3.616000000000000000e+03,2.687122579065744787e+01,1.010152544552210818e-01,2.500000000000000000e+01,4.075406131200000000e+10,1.594271465472000000e+12,3.982214033603668213e-01
2.760000000000000000e+02,2.750000000000000000e+02,4.956633492823265641e+01,1.767766952966368932e-01,2.070000000000000000e+02,2.407505152000000000e+09,2.881149992960000000e+11,1.262694716453552246e+00
3.679000000000000000e+03,2.883000000000000000e+03,2.943594140437398110e+01,1.994505484123890171e-01,2.700000000000000000e+01,5.914858700800000000e+10,1.389970718720000000e+12,1.606564044952392578e+00
3.700000000000000000e+03,3.722000000000000000e+03,2.241881282805967146e+01,1.764705882352941291e-01,1.940000000000000000e+02,6.918756864000000000e+09,3.508476968960000000e+11,4.071498811244964600e-01
2.358000000000000000e+03,2.656000000000000000e+03,3.015330396724115403e+01,8.333333333333332871e-02,4.040000000000000000e+02,7.253898880000000000e+08,1.196070666240000000e+11,1.140825897455215454e-01
1.138000000000000000e+03,3.903000000000000000e+03,4.850801949120589285e+01,1.374368541872553473e-01,6.000000000000000000e+00,3.639146905600000000e+10,2.032646619136000000e+12,2.737049102783203125e+00
1.470000000000000000e+02,1.418000000000000000e+03,1.836016479996848147e+02,5.882352941176470507e-02,1.380000000000000000e+02,7.502512640000000000e+09,3.607066378240000000e+11,8.586055040359497070e-02
1.854000000000000000e+03,1.590000000000000000e+03,3.350967551406569811e+01,1.250000000000000000e-01,2.410000000000000000e+02,5.971275776000000000e+09,2.796593807360000000e+11,2.291269451379776001e-01
2.233000000000000000e+03,2.160000000000000000e+03,1.131493940148399524e+01,1.897658566033678385e-01,1.190000000000000000e+02,1.317935820800000000e+10,5.372063252480000000e+11,2.801064588129520416e-02
6.900000000000000000e+01,3.759000000000000000e+03,2.655208214923529653e+01,1.764705882352941291e-01,1.730000000000000000e+02,7.743961088000000000e+09,3.678486200320000000e+11,5.720635876059532166e-02
4.450000000000000000e+02,3.543000000000000000e+03,9.662658601120460844e+01,1.597191412499849861e-01,2.050000000000000000e+02,2.524242432000000000e+09,1.924732846080000000e+11,5.889598727226257324e-01
3.081000000000000000e+03,2.413000000000000000e+03,9.547595039014078111e+01,1.363636363636363535e-01,2.400000000000000000e+01,3.329379942400000000e+10,8.096457687040000000e+11,7.204747200012207031e-01
6.020000000000000000e+02,3.755000000000000000e+03,2.976403542095300114e+00,1.649242250247064112e-01,5.200000000000000000e+01,2.365812326400000000e+10,1.221729583104000000e+12,2.599559258669614792e-03
2.448000000000000000e+03,1.617000000000000000e+03,2.980917171350789019e+01,1.010152544552210818e-01,2.840000000000000000e+02,2.875249152000000000e+09,1.907125125120000000e+11,3.652689158916473389e-01
2.456000000000000000e+03,3.122000000000000000e+03,3.583879450064339522e+01,1.597191412499849861e-01,1.500000000000000000e+01,7.138964275200000000e+10,1.710274510848000000e+12,2.411046743392944336e+00
1.612000000000000000e+03,2.960000000000000000e+03,6.772645601612359201e+01,9.722034684781695468e-02,5.100000000000000000e+01,3.191295590400000000e+10,8.522985635840000000e+11,3.693249225616455078e+00
2.280000000000000000e+02,2.286000000000000000e+03,2.408353884081336460e+01,1.720052290384453675e-01,2.060000000000000000e+02,1.332004992000000000e+09,1.467900395520000000e+11,1.831086724996566772e-01
3.510000000000000000e+02,3.393000000000000000e+03,1.890686695493313607e+01,1.118033988749894958e-01,1.130000000000000000e+02,2.184168857600000000e+10,5.550306099200000000e+11,1.005207449197769165e-01
3.103000000000000000e+03,3.410000000000000000e+02,1.341152032496469815e+02,1.664356663246515655e-01,1.150000000000000000e+02,2.835620096000000000e+09,5.186958786560000000e+11,1.339670538902282715e+00
1.249000000000000000e+03,2.169000000000000000e+03,2.959805359752317955e+01,7.692307692307692735e-02,3.340000000000000000e+02,6.826451840000000000e+08,1.621331640320000000e+11,2.349519878625869751e-01
4.050000000000000000e+02,6.960000000000000000e+02,1.463395576487391558e+01,1.863389981249824745e-01,4.400000000000000000e+02,4.318455040000000000e+08,1.255281786880000000e+11,3.118004649877548218e-02
2.149000000000000000e+03,1.541000000000000000e+03,2.390917014590847600e+01,1.663780661615406053e-01,1.550000000000000000e+02,5.122565120000000000e+09,3.613662904320000000e+11,1.124724626541137695e+00
1.480000000000000000e+02,1.417000000000000000e+03,3.180426116128237481e+02,5.882352941176470507e-02,1.380000000000000000e+02,7.502512640000000000e+09,3.607066378240000000e+11,8.586055040359497070e-02
2.078000000000000000e+03,1.646000000000000000e+03,3.484110144245084939e+01,1.285648693066450132e-01,4.510000000000000000e+02,1.079219200000000000e+09,9.130695884800000000e+10,2.056453824043273926e-01
3.053000000000000000e+03,3.398000000000000000e+03,1.506737141659610657e+01,1.717960677340691911e-01,4.900000000000000000e+01,3.686430310400000000e+10,1.007178809344000000e+12,2.341371476650238037e-01
3.702000000000000000e+03,2.552000000000000000e+03,5.365979960927977999e+01,1.397542485937368628e-01,1.960000000000000000e+02,6.549093888000000000e+09,2.803599278080000000e+11,4.497103989124298096e-01
2.940000000000000000e+02,2.730000000000000000e+03,1.895687783933722415e+01,7.692307692307692735e-02,3.420000000000000000e+02,5.387810560000000000e+08,1.542441533440000000e+11,2.097166627645492554e-01
1.603000000000000000e+03,2.128000000000000000e+03,2.406563583759572111e+01,1.064794274999899953e-01,3.200000000000000000e+01,3.833240780800000000e+10,6.712152555520000000e+11,1.721168041229248047e+00
3.430000000000000000e+03,2.525000000000000000e+03,5.178854081101474804e+01,1.490711984999859852e-01,1.000000000000000000e+02,5.946088960000000000e+09,2.719250022400000000e+11,1.580354690551757812e+00
3.695000000000000000e+03,2.344000000000000000e+03,2.673034363783483158e+01,1.538461538461538547e-01,3.870000000000000000e+02,1.063596416000000000e+09,1.528079974400000000e+11,2.094728499650955200e-01
1.143000000000000000e+03,3.901000000000000000e+03,5.256049403905394257e+01,1.490711984999859852e-01,6.000000000000000000e+00,3.639146905600000000e+10,2.032646619136000000e+12,2.737049102783203125e+00
2.827000000000000000e+03,2.450000000000000000e+03,8.508461048584514685e+01,5.882352941176470507e-02,1.490000000000000000e+02,7.441189888000000000e+09,3.603796459520000000e+11,2.079063355922698975e-01
2.863000000000000000e+03,1.457000000000000000e+03,2.306710220800479405e+01,1.538461538461538547e-01,3.310000000000000000e+02,1.269820288000000000e+09,1.549701447680000000e+11,3.186146616935729980e-01
3.017000000000000000e+03,5.670000000000000000e+02,1.821155192647730914e+01,1.666666666666666574e-01,1.160000000000000000e+02,6.805506560000000000e+09,4.243692257280000000e+11,2.449444308876991272e-02
3.801000000000000000e+03,3.380000000000000000e+03,7.741727355202199234e+00,2.000000000000000111e-01,1.030000000000000000e+02,1.480291532800000000e+10,6.178978529280000000e+11,1.145902797579765320e-01
2.192000000000000000e+03,2.966000000000000000e+03,2.385071061707800055e+01,9.090909090909091161e-02,4.670000000000000000e+02,3.936717440000000000e+08,9.084044083200000000e+10,7.959128916263580322e-02
3.195000000000000000e+03,3.622000000000000000e+03,6.379938085462130459e+01,7.692307692307692735e-02,2.890000000000000000e+02,8.500677760000000000e+08,1.523528990720000000e+11,5.959406495094299316e-01
3.618000000000000000e+03,3.964000000000000000e+03,2.017901891103230128e+01,1.792654619833765339e-01,6.600000000000000000e+01,3.083681792000000000e+10,8.879675801600000000e+11,1.502096533775329590e+00
2.734000000000000000e+03,2.465000000000000000e+03,7.960922343931495959e+01,9.316949906249123725e-02,3.700000000000000000e+01,2.916994662400000000e+10,1.049209339904000000e+12,5.184139728546142578e+00
2.774000000000000000e+03,3.300000000000000000e+02,1.481014437254629286e+02,7.856742013183862228e-02,1.560000000000000000e+02,7.488644096000000000e+09,4.189504798720000000e+11,1.312537789344787598e+00
2.975000000000000000e+03,3.600000000000000000e+01,1.819442401820873201e+01,1.923076923076923184e-01,2.900000000000000000e+01,3.051142758400000000e+10,1.378565881856000000e+12,1.916203647851943970e-02
3.767000000000000000e+03,1.254000000000000000e+03,5.517751601330761702e+01,1.437398936440172637e-01,3.500000000000000000e+01,2.187055104000000000e+10,8.474401177600000000e+11,4.325410366058349609e+00
3.445000000000000000e+03,5.040000000000000000e+02,9.031641813899030069e+01,1.118033988749894958e-01,6.400000000000000000e+01,1.078310297600000000e+10,5.657055723520000000e+11,8.366629481315612793e-01
1.769000000000000000e+03,4.500000000000000000e+02,3.745577424062658878e+01,1.976423537605237202e-01,1.570000000000000000e+02,3.006642688000000000e+09,2.851074211840000000e+11,3.332279205322265625e+00
3.401000000000000000e+03,1.759000000000000000e+03,3.882159998226121900e+01,1.767766952966368932e-01,1.860000000000000000e+02,6.327045120000000000e+09,3.038577295360000000e+11,2.210036963224411011e-01
3.980000000000000000e+02,8.030000000000000000e+02,1.874712761217291757e+02,1.374903330507991073e-01,5.700000000000000000e+01,2.276455014400000000e+10,8.920157388800000000e+11,3.614920616149902344e+00
8.480000000000000000e+02,2.102000000000000000e+03,4.118338227545494590e+01,8.695652173913043237e-02,4.400000000000000000e+01,3.624191180800000000e+10,9.603648716800000000e+11,5.364645123481750488e-01
3.402000000000000000e+03,1.762000000000000000e+03,4.125316641585438759e+01,8.838834764831844659e-02,1.860000000000000000e+02,6.327045120000000000e+09,3.038577295360000000e+11,2.210036963224411011e-01
1.828000000000000000e+03,1.051000000000000000e+03,6.888286007615153039e+01,1.904761904761904656e-01,1.050000000000000000e+02,6.983964160000000000e+09,6.437818859520000000e+11,3.719874858856201172e+00
3.630000000000000000e+02,3.097000000000000000e+03,3.135811792613776205e+01,1.720052290384453675e-01,3.520000000000000000e+02,1.655584512000000000e+09,1.702845480960000000e+11,2.170052528381347656e-01
2.741000000000000000e+03,1.332000000000000000e+03,4.968995699659560472e+01,1.397542485937368628e-01,1.760000000000000000e+02,4.940628480000000000e+09,3.123316326400000000e+11,9.549114704132080078e-01
1.232000000000000000e+03,3.505000000000000000e+03,1.105359723782821746e+01,1.818181818181818232e-01,5.250000000000000000e+02,5.097729600000000000e+08,8.644073062400000000e+10,8.755049109458923340e-02
2.833000000000000000e+03,3.890000000000000000e+02,1.774676829589177984e+01,1.863389981249824745e-01,3.590000000000000000e+02,1.778059392000000000e+09,1.233275371520000000e+11,2.190171927213668823e-01
3.269000000000000000e+03,2.767000000000000000e+03,1.898157456466445225e+01,1.767766952966368654e-01,4.100000000000000000e+01,2.046601625600000000e+10,1.033987227648000000e+12,3.614742457866668701e-01
3.580000000000000000e+03,1.251000000000000000e+03,2.454917027723635314e+01,1.860163329510811370e-01,1.540000000000000000e+02,4.324669952000000000e+09,3.907342827520000000e+11,1.292291641235351562e+00
2.605000000000000000e+03,2.000000000000000000e+00,3.489054578151385613e+02,0.000000000000000000e+00,3.100000000000000000e+01,4.701029990400000000e+10,1.551441461248000000e+12,1.145187914371490479e-01
3.637000000000000000e+03,1.610000000000000000e+03,1.664744296761093167e+01,1.863389981249824745e-01,3.660000000000000000e+02,7.622257920000000000e+08,1.424123494400000000e+11,7.158105820417404175e-02
4.870000000000000000e+02,8.240000000000000000e+02,4.984505829069142351e+02,9.523809523809523281e-02,4.000000000000000000e+01,1.619209011200000000e+10,7.339425792000000000e+11,2.455300569534301758e+00
8.830000000000000000e+02,6.170000000000000000e+02,5.201690073416529714e+01,1.490711984999859852e-01,2.220000000000000000e+02,4.742927360000000000e+09,2.495400345600000000e+11,2.043656110763549805e+00
1.123000000000000000e+03,3.274000000000000000e+03,1.658389823331123480e+01,1.285648693066450132e-01,4.220000000000000000e+02,3.925907840000000000e+08,9.555149619200000000e+10,9.327738732099533081e-02
3.685000000000000000e+03,1.154000000000000000e+03,1.141688394571786347e+02,1.242259987499883256e-01,3.000000000000000000e+01,2.535121100800000000e+10,4.562780487680000000e+11,3.363192081451416016e+00
7.390000000000000000e+02,1.102000000000000000e+03,3.447247718646169545e+01,1.242259987499883256e-01,1.430000000000000000e+02,4.983443456000000000e+09,4.042203791360000000e+11,1.947730064392089844e+00
1.833000000000000000e+03,8.850000000000000000e+02,1.291703287369535325e+01,2.000000000000000111e-01,2.130000000000000000e+02,5.969742848000000000e+09,2.418833326080000000e+11,5.127511620521545410e-01
2.656000000000000000e+03,2.875000000000000000e+03,1.315007158103257545e+01,1.064794274999899953e-01,8.800000000000000000e+01,1.554958643200000000e+10,7.107728506880000000e+11,2.068511694669723511e-01
2.920000000000000000e+02,2.174000000000000000e+03,3.218027184086059123e+01,1.863389981249824745e-01,3.700000000000000000e+02,9.059478400000000000e+08,1.314143109120000000e+11,1.477978825569152832e-01
3.589000000000000000e+03,1.165000000000000000e+03,1.725785098376563909e+01,1.527076157636170495e-01,7.000000000000000000e+00,9.380154572800000000e+10,1.533485776896000000e+12,6.129750728607177734e+00
3.918000000000000000e+03,9.140000000000000000e+02,2.848746121049151370e+01,1.285648693066450132e-01,5.100000000000000000e+02,5.422079360000000000e+08,8.963564339200000000e+10,7.310037314891815186e-02
2.570000000000000000e+02,2.021000000000000000e+03,2.149010238242678028e+01,1.285648693066450132e-01,2.490000000000000000e+02,5.548407040000000000e+08,9.916914892800000000e+10,7.880068570375442505e-02
3.701000000000000000e+03,2.554000000000000000e+03,2.626811944723028347e+01,1.976423537605237202e-01,1.960000000000000000e+02,6.549093888000000000e+09,2.803599278080000000e+11,4.497103989124298096e-01
3.276000000000000000e+03,6.070000000000000000e+02,9.783296178522937225e+01,7.142857142857142461e-02,1.300000000000000000e+02,4.472865280000000000e+09,1.896853667840000000e+11,5.536481142044067383e-01
2.812000000000000000e+03,3.793000000000000000e+03,2.321540649241065779e+01,1.010152544552210818e-01,1.830000000000000000e+02,2.252737536000000000e+09,2.073233326080000000e+11,5.686562657356262207e-01
2.410000000000000000e+02,2.928000000000000000e+03,4.958824405006271974e+01,1.315334104411640948e-01,1.510000000000000000e+02,7.397843456000000000e+09,3.663055421440000000e+11,4.148328006267547607e-01
3.027000000000000000e+03,6.820000000000000000e+02,9.487760820896855307e+01,9.090909090909091161e-02,3.580000000000000000e+02,4.677896000000000000e+08,9.871838412800000000e+10,2.364605963230133057e-01
3.356000000000000000e+03,1.638000000000000000e+03,3.601459313242780524e+01,1.863389981249824745e-01,4.050000000000000000e+02,7.004974720000000000e+08,1.149894082560000000e+11,1.356993317604064941e-01
4.340000000000000000e+02,1.718000000000000000e+03,1.744638174667237251e+01,8.333333333333332871e-02,4.970000000000000000e+02,1.157343488000000000e+09,1.159915765760000000e+11,1.662979573011398315e-01
1.656000000000000000e+03,3.694000000000000000e+03,6.002017393928150568e+01,1.756820922315766309e-01,9.700000000000000000e+01,8.631378944000000000e+09,4.648786329600000000e+11,1.410987377166748047e+00
1.840000000000000000e+03,1.016000000000000000e+03,3.091564243304921433e+01,1.720052290384453675e-01,3.740000000000000000e+02,8.986496000000000000e+08,1.485377699840000000e+11,1.939329206943511963e-01
5.410000000000000000e+02,2.459000000000000000e+03,8.416766777422901669e+01,5.882352941176470507e-02,1.200000000000000000e+02,6.955766784000000000e+09,3.694168965120000000e+11,7.630509138107299805e-01
2.236000000000000000e+03,2.157000000000000000e+03,3.492428958244492776e+01,5.263157894736841813e-02,1.190000000000000000e+02,1.317935820800000000e+10,5.372063252480000000e+11,2.801064588129520416e-02
7.310000000000000000e+02,2.772000000000000000e+03,9.245879805792085904e+00,1.374903330507991073e-01,5.600000000000000000e+01,3.235718963200000000e+10,9.154533130240000000e+11,4.128287360072135925e-02
1.000000000000000000e+02,1.325000000000000000e+03,6.541174817686039944e+01,1.767766952966368654e-01,4.500000000000000000e+01,2.534583910400000000e+10,1.017070354432000000e+12,1.962765812873840332e+00
1.834000000000000000e+03,3.659000000000000000e+03,2.408887912047992685e+01,1.333333333333333315e-01,2.290000000000000000e+02,2.036898944000000000e+09,2.471114833920000000e+11,2.126524001359939575e-01
2.745000000000000000e+03,3.199000000000000000e+03,1.355264076787137206e+01,1.285648693066450132e-01,5.210000000000000000e+02,3.258112000000000000e+08,8.637110681600000000e+10,2.815192937850952148e-02
3.100000000000000000e+03,1.068000000000000000e+03,2.435177235204102786e+01,1.437398936440172637e-01,7.700000000000000000e+01,2.013876428800000000e+10,8.125853204480000000e+11,1.798575818538665771e-01
3.799000000000000000e+03,3.381000000000000000e+03,1.076833008740747211e+01,1.118033988749894958e-01,1.030000000000000000e+02,1.480291532800000000e+10,6.178978529280000000e+11,1.145902797579765320e-01
2.035000000000000000e+03,7.810000000000000000e+02,1.600663042530764812e+01,1.505846504842085487e-01,8.900000000000000000e+01,2.648002355200000000e+10,6.947226255360000000e+11,2.919432893395423889e-02
3.257000000000000000e+03,9.980000000000000000e+02,3.355276400995075647e+01,1.490711984999859852e-01,2.370000000000000000e+02,3.028088576000000000e+09,2.741256683520000000e+11,8.339931368827819824e-01
3.052000000000000000e+03,3.399000000000000000e+03,1.549248552610510110e+01,1.250000000000000000e-01,4.900000000000000000e+01,3.686430310400000000e+10,1.007178809344000000e+12,2.341371476650238037e-01
3.871000000000000000e+03,5.330000000000000000e+02,3.120155511958604677e+01,1.860163329510811370e-01,1.630000000000000000e+02,6.503384064000000000e+09,3.622422118400000000e+11,4.421492815017700195e-01
3.973000000000000000e+03,2.420000000000000000e+03,2.759672820150437289e+01,8.000000000000000167e-02,1.100000000000000000e+01,8.969981952000000000e+10,1.230720466944000000e+12,1.840681076049804688e+00
3.160000000000000000e+03,2.123000000000000000e+03,4.218757959956678860e+01,1.863389981249824745e-01,4.210000000000000000e+02,1.564987776000000000e+09,1.245143040000000000e+11,3.324404954910278320e-01
3.510000000000000000e+02,3.388000000000000000e+03,3.253587408970659567e+01,1.581138830084189706e-01,1.130000000000000000e+02,2.184168857600000000e+10,5.550306099200000000e+11,1.005207449197769165e-01
2.602000000000000000e+03,3.000000000000000000e+00,3.960415612261176221e+01,1.129384878631564115e-01,3.100000000000000000e+01,4.701029990400000000e+10,1.551441461248000000e+12,1.145187914371490479e-01
1.273000000000000000e+03,3.928000000000000000e+03,8.732692468735852032e+00,1.386750490563072868e-01,4.700000000000000000e+01,2.999850598400000000e+10,1.287392722944000000e+12,2.840396203100681305e-02
1.002000000000000000e+03,1.279000000000000000e+03,6.068752195384112014e+01,1.397542485937368628e-01,1.370000000000000000e+02,4.205209088000000000e+09,3.010017689600000000e+11,9.139043688774108887e-01
2.067000000000000000e+03,1.163000000000000000e+03,2.990320052220203451e+01,7.692307692307692735e-02,3.430000000000000000e+02,9.461294720000000000e+08,1.510497648640000000e+11,2.699825167655944824e-01
7.690000000000000000e+02,2.413000000000000000e+03,4.953448482471188186e+01,1.720052290384453675e-01,3.080000000000000000e+02,1.599215232000000000e+09,1.599752765440000000e+11,4.495389461517333984e-01
2.112000000000000000e+03,3.611000000000000000e+03,1.708823249992730808e+01,1.178511301977579334e-01,3.890000000000000000e+02,4.399578880000000000e+08,1.199101870080000000e+11,2.206428647041320801e-01
2.807000000000000000e+03,3.051000000000000000e+03,5.714730969973369668e+01,1.581138830084189706e-01,7.100000000000000000e+01,1.286694195200000000e+10,6.331708866560000000e+11,2.597814559936523438e+00
2.735000000000000000e+03,2.464000000000000000e+03,7.242776552396975376e+01,9.316949906249123725e-02,3.700000000000000000e+01,2.916994662400000000e+10,1.049209339904000000e+12,5.184139728546142578e+00
8.850000000000000000e+02,6.160000000000000000e+02,9.331590236321798670e+01,9.428090415820634951e-02,2.220000000000000000e+02,4.742927360000000000e+09,2.495400345600000000e+11,2.043656110763549805e+00
1.860000000000000000e+02,2.694000000000000000e+03,4.085132933975761205e+01,1.897658566033678385e-01,1.100000000000000000e+02,1.130036121600000000e+10,4.833563115520000000e+11,1.303891420364379883e+00
2.514000000000000000e+03,1.013000000000000000e+03,1.483831448043421730e+01,1.758282590894063580e-01,1.900000000000000000e+01,4.698338508800000000e+10,1.740785844224000000e+12,5.655762553215026855e-01
1.859000000000000000e+03,1.070000000000000000e+02,6.031256725681378050e+00,1.414213562373095034e-01,5.380000000000000000e+02,5.728568960000000000e+08,8.585194700800000000e+10,5.062877759337425232e-02
3.448000000000000000e+03,5.060000000000000000e+02,4.913804659703647815e+01,1.581138830084189706e-01,6.400000000000000000e+01,1.078310297600000000e+10,5.657055723520000000e+11,8.366629481315612793e-01
7.330000000000000000e+02,2.771000000000000000e+03,7.996676073198625723e+00,1.792654619833765339e-01,5.600000000000000000e+01,3.235718963200000000e+10,9.154533130240000000e+11,4.128287360072135925e-02
6.130000000000000000e+02,9.230000000000000000e+02,1.986049196529898353e+01,1.064794274999899953e-01,9.600000000000000000e+01,1.947561779200000000e+10,6.610042224640000000e+11,7.008498907089233398e-01
1.627000000000000000e+03,6.100000000000000000e+01,1.924199442868222576e+01,1.756820922315766309e-01,1.520000000000000000e+02,6.782518272000000000e+09,4.246518824960000000e+11,2.314141094684600830e-01
9.230000000000000000e+02,4.680000000000000000e+02,6.151585570606852826e+01,8.600261451922268374e-02,9.000000000000000000e+00,4.472099635200000000e+10,1.283299213312000000e+12,1.054935455322265625e+01
2.804000000000000000e+03,3.050000000000000000e+03,7.785472355970307490e+01,1.414213562373095034e-01,7.100000000000000000e+01,1.286694195200000000e+10,6.331708866560000000e+11,2.597814559936523438e+00
9.660000000000000000e+02,2.628000000000000000e+03,4.910689211184818248e+01,2.000000000000000111e-01,9.300000000000000000e+01,9.273953280000000000e+09,5.918494556160000000e+11,1.251332402229309082e+00
1.049000000000000000e+03,6.700000000000000000e+02,3.222302004164641431e+01,1.597191412499849861e-01,2.460000000000000000e+02,5.650472960000000000e+09,2.257174691840000000e+11,4.827106297016143799e-01
4.860000000000000000e+02,1.824000000000000000e+03,1.575757965638456248e+01,1.374903330507991073e-01,1.400000000000000000e+01,2.377802752000000000e+10,9.533723115520000000e+11,2.146925926208496094e+00
1.684000000000000000e+03,1.851000000000000000e+03,1.124949872164726727e+01,1.720052290384453675e-01,2.430000000000000000e+02,1.882682496000000000e+09,1.662704517120000000e+11,2.110286802053451538e-01
6.020000000000000000e+02,3.756000000000000000e+03,3.019194323423364246e+00,1.788854381999831766e-01,5.200000000000000000e+01,2.365812326400000000e+10,1.221729583104000000e+12,2.599559258669614792e-03
3.698000000000000000e+03,3.725000000000000000e+03,1.177179586895496932e+01,1.860163329510811370e-01,1.940000000000000000e+02,6.918756864000000000e+09,3.508476968960000000e+11,4.071498811244964600e-01
1.937000000000000000e+03,3.886000000000000000e+03,1.935844517773469775e+01,1.374903330507991073e-01,4.200000000000000000e+01,3.713277542400000000e+10,9.399391354880000000e+11,8.075914978981018066e-01
3.689000000000000000e+03,2.676000000000000000e+03,4.961991909689216413e+02,0.000000000000000000e+00,5.410000000000000000e+02,3.777708160000000000e+08,7.088043622400000000e+10,5.743397027254104614e-02
3.661000000000000000e+03,4.580000000000000000e+02,1.598424911162019590e+01,1.802775637731994507e-01,1.080000000000000000e+02,2.184303411200000000e+10,6.355629506560000000e+11,4.387347102165222168e-01
2.725000000000000000e+03,2.725000000000000000e+03,3.644031237167259007e+01,1.490711984999859852e-01,2.340000000000000000e+02,1.103645952000000000e+09,2.464357416960000000e+11,1.935859620571136475e-01
7.230000000000000000e+02,8.670000000000000000e+02,1.741712430077220120e+01,7.692307692307692735e-02,3.620000000000000000e+02,1.018515968000000000e+09,1.587685294080000000e+11,2.858537435531616211e-01
1.446000000000000000e+03,1.619000000000000000e+03,6.158722017967839975e+02,7.443229275647869625e-02,6.100000000000000000e+01,1.472875110400000000e+10,5.134962196480000000e+11,1.453196406364440918e+00
3.333000000000000000e+03,8.110000000000000000e+02,7.333424969870665677e+01,8.318903308077030267e-02,1.070000000000000000e+02,5.534158336000000000e+09,3.997822812160000000e+11,1.193592190742492676e+00
3.150000000000000000e+03,2.888000000000000000e+03,1.614292132637460497e+01,1.285648693066450132e-01,1.790000000000000000e+02,6.148529920000000000e+08,9.080494489600000000e+10,9.723433107137680054e-02
3.813000000000000000e+03,2.176000000000000000e+03,1.446377274846198624e+01,1.789047803028888106e-01,3.000000000000000000e+00,6.908092416000000000e+10,3.004823764992000000e+12,6.583381295204162598e-01
3.162000000000000000e+03,2.123000000000000000e+03,3.294591956514003073e+01,1.863389981249824745e-01,4.210000000000000000e+02,1.564987776000000000e+09,1.245143040000000000e+11,3.324404954910278320e-01
4.860000000000000000e+02,5.560000000000000000e+02,2.397659097136873640e+01,1.285648693066450132e-01,4.180000000000000000e+02,3.856245760000000000e+08,1.113361530880000000e+11,1.088667586445808411e-01
3.100000000000000000e+03,1.264000000000000000e+03,1.054393155686303061e+02,1.064794274999899953e-01,8.300000000000000000e+01,1.246250700800000000e+10,7.244424151040000000e+11,6.080859303474426270e-01
5.730000000000000000e+02,3.371000000000000000e+03,2.526197015316600769e+01,7.692307692307692735e-02,3.610000000000000000e+02,1.879146368000000000e+09,1.646172241920000000e+11,5.032388567924499512e-01
1.121000000000000000e+03,9.900000000000000000e+02,1.802880373067286612e+01,1.388888888888888951e-01,2.000000000000000000e+00,6.382575616000000000e+10,3.543532568576000000e+12,8.956543803215026855e-01
2.280000000000000000e+02,1.114000000000000000e+03,7.742357266135056193e+01,1.016394535227177209e-01,4.800000000000000000e+01,1.859853926400000000e+10,8.332313886720000000e+11,3.081290960311889648e+00
3.170000000000000000e+03,4.120000000000000000e+02,1.943008472965016864e+01,1.720052290384453675e-01,2.950000000000000000e+02,5.430861440000000000e+08,1.782412247040000000e+11,1.048681512475013733e-01
3.253000000000000000e+03,1.098000000000000000e+03,1.884109482710334760e+01,2.000000000000000111e-01,4.960000000000000000e+02,5.087050880000000000e+08,8.589599539200000000e+10,7.234873622655868530e-02
3.656000000000000000e+03,4.570000000000000000e+02,1.342850487280681193e+01,1.802775637731994507e-01,1.080000000000000000e+02,2.184303411200000000e+10,6.355629506560000000e+11,4.387347102165222168e-01
2.638000000000000000e+03,2.684000000000000000e+03,2.583428624227581594e+01,1.317615691736824801e-01,6.500000000000000000e+01,1.665853132800000000e+10,1.051559329792000000e+12,3.637619912624359131e-01
2.257000000000000000e+03,1.120000000000000000e+03,8.887341835673446155e+00,1.585809856006792640e-01,2.800000000000000000e+01,4.360073216000000000e+10,1.367401955328000000e+12,4.216426908969879150e-01
2.840000000000000000e+03,1.207000000000000000e+03,2.601780478734310975e+01,1.242259987499883256e-01,1.110000000000000000e+02,1.699877120000000000e+09,4.605679697920000000e+11,1.063262104988098145e+00
2.607000000000000000e+03,1.000000000000000000e+00,3.913861663856700801e+01,7.985957062499249304e-02,3.100000000000000000e+01,4.701029990400000000e+10,1.551441461248000000e+12,1.145187914371490479e-01
3.696000000000000000e+03,2.341000000000000000e+03,3.387043000261324011e+01,1.087856586440842377e-01,3.870000000000000000e+02,1.063596416000000000e+09,1.528079974400000000e+11,2.094728499650955200e-01
1.934000000000000000e+03,3.891000000000000000e+03,2.186739879167586054e+01,1.739130434782608647e-01,4.200000000000000000e+01,3.713277542400000000e+10,9.399391354880000000e+11,8.075914978981018066e-01
2.988000000000000000e+03,2.209000000000000000e+03,4.744987120241199108e+01,9.428090415820634951e-02,2.000000000000000000e+02,1.603066368000000000e+09,2.519666196480000000e+11,6.580364108085632324e-01
1.820000000000000000e+02,3.052000000000000000e+03,2.201828908978057697e+01,1.720052290384453675e-01,2.180000000000000000e+02,1.026077312000000000e+09,1.732089446400000000e+11,4.076310396194458008e-01
3.038000000000000000e+03,2.113000000000000000e+03,3.534049237568618906e+01,8.333333333333332871e-02,2.250000000000000000e+02,1.045512128000000000e+09,1.299353436160000000e+11,1.811029165983200073e-01
3.069000000000000000e+03,3.604000000000000000e+03,3.294959943534076530e+01,1.720052290384453675e-01,3.500000000000000000e+02,1.708372096000000000e+09,1.492529643520000000e+11,5.670523047447204590e-01
1.712000000000000000e+03,1.476000000000000000e+03,1.987895434579056442e+01,1.863389981249824745e-01,3.840000000000000000e+02,1.221574144000000000e+09,1.177819627520000000e+11,1.518055200576782227e-01
2.723000000000000000e+03,2.722000000000000000e+03,5.883004922123794245e+01,9.428090415820634951e-02,2.340000000000000000e+02,1.103645952000000000e+09,2.464357416960000000e+11,1.935859620571136475e-01
3.703000000000000000e+03,2.555000000000000000e+03,2.495786652013763529e+01,1.397542485937368628e-01,1.960000000000000000e+02,6.549093888000000000e+09,2.803599278080000000e+11,4.497103989124298096e-01
3.772000000000000000e+03,1.956000000000000000e+03,1.824642373286905084e+01,1.333333333333333315e-01,2.390000000000000000e+02,3.774906624000000000e+09,2.424068341760000000e+11,8.290513157844543457e-01
9.230000000000000000e+02,4.660000000000000000e+02,8.592841504624104232e+01,8.600261451922268374e-02,9.000000000000000000e+00,4.472099635200000000e+10,1.283299213312000000e+12,1.054935455322265625e+01
2.583000000000000000e+03,2.270000000000000000e+02,3.741369510889763461e+01,1.333333333333333315e-01,2.090000000000000000e+02,2.487869952000000000e+09,2.455082434560000000e+11,3.025927841663360596e-01
3.022000000000000000e+03,3.271000000000000000e+03,1.790523581323498803e+01,7.710579232757895640e-02,2.000000000000000000e+01,4.071325696000000000e+10,1.826836054016000000e+12,6.263589262962341309e-01
5.530000000000000000e+02,2.121000000000000000e+03,4.781957306429175247e+01,5.263157894736841813e-02,9.200000000000000000e+01,1.243117772800000000e+10,4.937068052480000000e+11,1.063179373741149902e+00
3.429000000000000000e+03,2.526000000000000000e+03,1.041725228176194236e+02,6.666666666666666574e-02,1.000000000000000000e+02,5.946088960000000000e+09,2.719250022400000000e+11,1.580354690551757812e+00
2.970000000000000000e+03,4.100000000000000000e+01,9.456162914233400940e+00,1.923076923076923184e-01,2.900000000000000000e+01,3.051142758400000000e+10,1.378565881856000000e+12,1.916203647851943970e-02
7.280000000000000000e+02,2.773000000000000000e+03,1.003885320998616137e+01,1.944406936956339094e-01,5.600000000000000000e+01,3.235718963200000000e+10,9.154533130240000000e+11,4.128287360072135925e-02
3.775000000000000000e+03,1.958000000000000000e+03,1.203447696368966824e+01,2.000000000000000111e-01,2.390000000000000000e+02,3.774906624000000000e+09,2.424068341760000000e+11,8.290513157844543457e-01
2.658000000000000000e+03,2.875000000000000000e+03,1.150460771112555314e+01,1.716929178792375721e-01,8.800000000000000000e+01,1.554958643200000000e+10,7.107728506880000000e+11,2.068511694669723511e-01
3.283000000000000000e+03,3.288000000000000000e+03,4.129383360378094494e+02,1.249425947156866806e-01,5.000000000000000000e+00,5.707350016000000000e+10,2.649217302528000000e+12,1.466975212097167969e+00
2.859000000000000000e+03,1.456000000000000000e+03,5.266077811260056762e+01,1.720052290384453675e-01,3.310000000000000000e+02,1.269820288000000000e+09,1.549701447680000000e+11,3.186146616935729980e-01
4.410000000000000000e+02,2.741000000000000000e+03,1.896734171690301807e+01,1.064794274999899953e-01,8.600000000000000000e+01,1.698641715200000000e+10,6.620944138240000000e+11,0.000000000000000000e+00
1.942000000000000000e+03,3.902000000000000000e+03,3.718970226438779036e+01,1.538461538461538547e-01,1.920000000000000000e+02,2.548073728000000000e+09,1.700422615040000000e+11,4.282468259334564209e-01
3.996000000000000000e+03,2.888000000000000000e+03,5.873955128582520757e+01,1.767766952966368932e-01,2.230000000000000000e+02,6.367427584000000000e+09,2.936652431360000000e+11,7.391481399536132812e-01
3.613000000000000000e+03,3.969000000000000000e+03,3.148544252388770914e+01,1.792654619833765339e-01,6.600000000000000000e+01,3.083681792000000000e+10,8.879675801600000000e+11,1.502096533775329590e+00
1.902000000000000000e+03,1.417000000000000000e+03,1.406404255964889671e+02,9.090909090909091161e-02,4.390000000000000000e+02,3.359710080000000000e+08,9.931372134400000000e+10,1.120363697409629822e-01
3.398000000000000000e+03,1.306000000000000000e+03,4.043673246236030394e+01,1.666666666666666574e-01,3.390000000000000000e+02,1.023554816000000000e+09,1.415779778560000000e+11,3.280525207519531250e-01
6.120000000000000000e+02,2.594000000000000000e+03,1.493522529644525889e+02,1.216260638526299870e-01,3.300000000000000000e+01,3.162380492800000000e+10,1.302926065664000000e+12,2.007309532165527344e+01
9.190000000000000000e+02,5.400000000000000000e+01,1.698090972191204884e+01,1.483600617145907075e-01,0.000000000000000000e+00,6.256252108800000000e+10,5.017748635648000000e+12,4.946801960468292236e-01
2.257000000000000000e+03,5.950000000000000000e+02,4.842753397436354135e+01,1.010152544552210818e-01,2.940000000000000000e+02,1.634616064000000000e+09,2.151905689600000000e+11,1.103780388832092285e+00
1.984000000000000000e+03,8.100000000000000000e+01,1.470545275717869771e+01,2.000000000000000111e-01,5.090000000000000000e+02,4.261097600000000000e+08,8.426202726400000000e+10,1.386470068246126175e-02
3.520000000000000000e+03,2.196000000000000000e+03,9.915752987857956668e+01,0.000000000000000000e+00,1.600000000000000000e+02,6.565252608000000000e+09,3.533164052480000000e+11,2.621258795261383057e-01
3.050000000000000000e+03,3.402000000000000000e+03,1.754465746894239331e+01,1.317615691736824801e-01,4.900000000000000000e+01,3.686430310400000000e+10,1.007178809344000000e+12,2.341371476650238037e-01
2.565000000000000000e+03,3.100000000000000000e+03,6.585612174364582927e+01,6.250000000000000000e-02,1.500000000000000000e+02,5.776248832000000000e+09,3.312523673600000000e+11,1.032350182533264160e+00
6.110000000000000000e+02,2.989000000000000000e+03,3.744363223482782388e+01,7.692307692307692735e-02,2.530000000000000000e+02,5.403349760000000000e+08,1.540527718400000000e+11,1.668499112129211426e-01
2.390000000000000000e+03,9.200000000000000000e+02,1.518560752967011496e+01,1.976423537605237202e-01,2.040000000000000000e+02,3.971941632000000000e+09,3.158566174720000000e+11,1.042898535728454590e+00
3.403000000000000000e+03,2.280000000000000000e+03,2.587431306377190765e+01,9.428090415820634951e-02,1.810000000000000000e+02,4.323384320000000000e+09,2.729334374400000000e+11,1.498810768127441406e+00
1.427000000000000000e+03,2.009000000000000000e+03,2.963490137019828552e+01,1.285648693066450132e-01,3.970000000000000000e+02,9.364321920000000000e+08,1.107516375040000000e+11,1.213163882493972778e-01
2.940000000000000000e+02,2.174000000000000000e+03,3.198519241033991634e+01,1.863389981249824745e-01,3.700000000000000000e+02,9.059478400000000000e+08,1.314143109120000000e+11,1.477978825569152832e-01
1.710000000000000000e+03,2.004000000000000000e+03,8.554125448650306396e+01,7.692307692307692735e-02,3.760000000000000000e+02,9.890255360000000000e+08,1.469101342720000000e+11,1.486576050519943237e-01
2.003000000000000000e+03,3.984000000000000000e+03,3.392849141915294098e+01,9.090909090909091161e-02,3.800000000000000000e+01,2.210399436800000000e+10,8.084941701120000000e+11,5.884984731674194336e-01
2.613000000000000000e+03,1.980000000000000000e+02,2.753470076676664746e+01,2.000000000000000111e-01,3.780000000000000000e+02,7.901998720000000000e+08,7.528497971200000000e+10,3.059149384498596191e-01
3.161000000000000000e+03,8.910000000000000000e+02,1.164002728156712685e+01,1.000000000000000056e-01,1.090000000000000000e+02,2.272710860800000000e+10,6.351597731840000000e+11,0.000000000000000000e+00
3.441000000000000000e+03,1.294000000000000000e+03,4.652352866198538095e+01,1.571348402636772446e-01,2.600000000000000000e+02,3.533144640000000000e+08,6.008634572800000000e+10,8.675485849380493164e-02
3.377000000000000000e+03,2.989000000000000000e+03,2.445896095518813951e+01,1.818181818181818232e-01,4.010000000000000000e+02,8.639533440000000000e+08,1.043801047040000000e+11,2.571186721324920654e-01
3.381000000000000000e+03,2.989000000000000000e+03,1.849047955257450582e+01,1.818181818181818232e-01,4.010000000000000000e+02,8.639533440000000000e+08,1.043801047040000000e+11,2.571186721324920654e-01
1.285000000000000000e+03,1.800000000000000000e+03,7.769899697695046825e+01,1.285648693066450132e-01,5.020000000000000000e+02,6.402625920000000000e+08,8.854095462400000000e+10,1.340179443359375000e-01
3.277000000000000000e+03,3.861000000000000000e+03,1.088613465152294424e+01,2.000000000000000111e-01,5.360000000000000000e+02,3.824721920000000000e+08,6.999181721600000000e+10,8.860754966735839844e-02
3.587000000000000000e+03,1.164000000000000000e+03,1.673381054019879244e+01,1.888525745775105347e-01,7.000000000000000000e+00,9.380154572800000000e+10,1.533485776896000000e+12,6.129750728607177734e+00
3.448000000000000000e+03,1.219000000000000000e+03,2.567649443675496457e+01,8.318903308077030267e-02,5.900000000000000000e+01,1.250927923200000000e+10,3.361745141760000000e+11,9.381470084190368652e-01
2.006000000000000000e+03,3.987000000000000000e+03,2.134247954951780102e+01,1.437398936440172637e-01,3.800000000000000000e+01,2.210399436800000000e+10,8.084941701120000000e+11,5.884984731674194336e-01
3.594000000000000000e+03,7.090000000000000000e+02,2.844129444465720553e+02,1.285648693066450132e-01,4.820000000000000000e+02,3.871682880000000000e+08,8.964560486400000000e+10,7.355281710624694824e-02
1.857000000000000000e+03,1.587000000000000000e+03,1.911189646403459363e+01,1.976423537605237202e-01,2.410000000000000000e+02,5.971275776000000000e+09,2.796593807360000000e+11,2.291269451379776001e-01
1.390000000000000000e+03,2.588000000000000000e+03,4.195154094531221745e+01,1.315334104411640948e-01,1.800000000000000000e+02,4.897091584000000000e+09,3.643243560960000000e+11,1.477249741554260254e+00
6.070000000000000000e+02,3.755000000000000000e+03,1.116548723987189895e+01,5.656854249492380277e-02,5.200000000000000000e+01,2.365812326400000000e+10,1.221729583104000000e+12,2.599559258669614792e-03
3.795000000000000000e+03,3.379000000000000000e+03,1.397249531762252062e+01,1.118033988749894958e-01,1.030000000000000000e+02,1.480291532800000000e+10,6.178978529280000000e+11,1.145902797579765320e-01
2.608000000000000000e+03,3.999000000000000000e+03,2.708948019790084061e+01,1.517756299171127421e-01,3.100000000000000000e+01,4.701029990400000000e+10,1.551441461248000000e+12,1.145187914371490479e-01
3.745000000000000000e+03,2.102000000000000000e+03,2.781505239948715769e+01,1.414213562373095034e-01,4.710000000000000000e+02,5.311026560000000000e+08,8.074033561600000000e+10,6.473720818758010864e-02
1.614000000000000000e+03,2.956000000000000000e+03,5.238916304181025652e+01,1.567630989332169100e-01,5.100000000000000000e+01,3.191295590400000000e+10,8.522985635840000000e+11,3.693249225616455078e+00
7.550000000000000000e+02,1.556000000000000000e+03,9.432070439140825613e+01,1.885618083164126990e-01,1.590000000000000000e+02,4.272983296000000000e+09,2.772747223040000000e+11,1.467877030372619629e+00
2.971000000000000000e+03,3.715000000000000000e+03,1.435660223633751684e+02,1.897658566033678385e-01,9.100000000000000000e+01,1.009944064000000000e+10,4.783271772160000000e+11,2.100039958953857422e+00
3.676000000000000000e+03,2.889000000000000000e+03,2.453561751548388870e+01,1.888525745775105347e-01,2.700000000000000000e+01,5.914858700800000000e+10,1.389970718720000000e+12,1.606564044952392578e+00
8.130000000000000000e+02,1.468000000000000000e+03,6.246645644424153687e+01,5.000000000000000278e-02,9.900000000000000000e+01,8.371488768000000000e+09,6.211557130240000000e+11,6.079373955726623535e-01
3.875000000000000000e+03,5.370000000000000000e+02,4.304779852609220114e+01,1.860163329510811370e-01,1.630000000000000000e+02,6.503384064000000000e+09,3.622422118400000000e+11,4.421492815017700195e-01
3.080000000000000000e+03,1.576000000000000000e+03,8.370162475792450607e+01,0.000000000000000000e+00,2.770000000000000000e+02,2.816187904000000000e+09,1.890902179840000000e+11,1.188701033592224121e+00
3.098000000000000000e+03,1.266000000000000000e+03,8.104067976392073547e+01,1.963383631246505001e-01,8.300000000000000000e+01,1.246250700800000000e+10,7.244424151040000000e+11,6.080859303474426270e-01
3.657000000000000000e+03,4.560000000000000000e+02,1.892804341721985750e+01,1.118033988749894958e-01,1.080000000000000000e+02,2.184303411200000000e+10,6.355629506560000000e+11,4.387347102165222168e-01
3.109000000000000000e+03,3.410000000000000000e+02,4.398964608744415017e+01,1.664356663246515655e-01,1.150000000000000000e+02,2.835620096000000000e+09,5.186958786560000000e+11,1.339670538902282715e+00
3.329000000000000000e+03,2.329000000000000000e+03,1.750541842268748383e+01,9.090909090909091161e-02,4.470000000000000000e+02,9.411189760000000000e+08,1.078544220160000000e+11,1.939408034086227417e-01
3.660000000000000000e+02,3.094000000000000000e+03,2.949814594477539131e+01,1.720052290384453675e-01,3.520000000000000000e+02,1.655584512000000000e+09,1.702845480960000000e+11,2.170052528381347656e-01
2.290000000000000000e+02,1.117000000000000000e+03,7.152732621514580558e+01,1.016394535227177209e-01,4.800000000000000000e+01,1.859853926400000000e+10,8.332313886720000000e+11,3.081290960311889648e+00
2.256000000000000000e+03,5.960000000000000000e+02,3.548380603321096061e+01,1.428571428571428492e-01,2.940000000000000000e+02,1.634616064000000000e+09,2.151905689600000000e+11,1.103780388832092285e+00
5.430000000000000000e+02,2.460000000000000000e+03,4.329238870595267485e+01,1.860163329510811370e-01,1.200000000000000000e+02,6.955766784000000000e+09,3.694168965120000000e+11,7.630509138107299805e-01
3.872000000000000000e+03,1.992000000000000000e+03,2.001945779094585305e+02,1.016394535227177209e-01,1.000000000000000000e+01,3.875450880000000000e+10,7.929460817920000000e+11,4.334609508514404297e+00
1.812000000000000000e+03,1.920000000000000000e+03,4.167003577444448581e+01,1.597191412499849861e-01,2.920000000000000000e+02,3.134673664000000000e+09,2.146280243200000000e+11,6.719036102294921875e-01
1.321000000000000000e+03,1.918000000000000000e+03,1.037811660733065544e+01,1.863389981249824745e-01,4.750000000000000000e+02,3.609462720000000000e+08,1.182853201920000000e+11,8.561816811561584473e-02
2.729000000000000000e+03,2.461000000000000000e+03,4.907661761241328691e+01,1.863389981249824745e-01,3.700000000000000000e+01,2.916994662400000000e+10,1.049209339904000000e+12,5.184139728546142578e+00
3.970000000000000000e+03,2.612000000000000000e+03,4.098309550727585560e+01,1.571348402636772446e-01,1.450000000000000000e+02,5.611709952000000000e+09,4.007164313600000000e+11,6.379430890083312988e-01
2.990000000000000000e+02,2.239000000000000000e+03,1.920774140310319922e+01,1.863389981249824745e-01,4.190000000000000000e+02,5.515520000000000000e+08,1.344901283840000000e+11,6.383813172578811646e-02
3.960000000000000000e+02,1.348000000000000000e+03,1.543824406180470987e+01,1.242259987499883256e-01,1.000000000000000000e+00,9.809676697600000000e+10,3.612387573760000000e+12,1.521267175674438477e+00
2.020000000000000000e+03,3.378000000000000000e+03,5.094591882550082573e+01,1.488645855129573925e-01,1.020000000000000000e+02,7.167281664000000000e+09,4.982148956160000000e+11,1.543027639389038086e+00
1.250000000000000000e+02,2.322000000000000000e+03,2.396098629130330693e+01,2.000000000000000111e-01,2.300000000000000000e+01,3.876257382400000000e+10,1.158851198976000000e+12,9.720131754875183105e-01
2.343000000000000000e+03,3.113000000000000000e+03,3.713553318848581597e+01,1.756820922315766309e-01,1.330000000000000000e+02,8.948759552000000000e+09,4.674728427520000000e+11,5.500524640083312988e-01
2.700000000000000000e+02,2.518000000000000000e+03,9.487999333438541072e+00,2.000000000000000111e-01,4.880000000000000000e+02,3.446647680000000000e+08,7.219331072000000000e+10,1.478291600942611694e-01
3.657000000000000000e+03,4.530000000000000000e+02,1.679747976147025668e+01,1.414213562373095034e-01,1.080000000000000000e+02,2.184303411200000000e+10,6.355629506560000000e+11,4.387347102165222168e-01
2.605000000000000000e+03,4.000000000000000000e+00,4.229767649372968918e+01,7.142857142857142461e-02,3.100000000000000000e+01,4.701029990400000000e+10,1.551441461248000000e+12,1.145187914371490479e-01
2.144000000000000000e+03,3.770000000000000000e+02,3.559315203606023914e+01,9.428090415820634951e-02,2.140000000000000000e+02,3.986595328000000000e+09,2.548667187200000000e+11,7.246758341789245605e-01
3.454000000000000000e+03,1.415000000000000000e+03,4.554205470049269167e+01,1.571348402636772446e-01,1.240000000000000000e+02,9.070321664000000000e+09,4.086862970880000000e+11,4.404786229133605957e-01
3.274000000000000000e+03,1.103000000000000000e+03,4.277002248704474852e+01,1.885618083164126990e-01,2.100000000000000000e+02,3.701318912000000000e+09,2.652073000960000000e+11,6.421301364898681641e-01
3.920000000000000000e+02,1.351000000000000000e+03,1.310791455174976683e+01,1.689656258416172008e-01,1.000000000000000000e+00,9.809676697600000000e+10,3.612387573760000000e+12,1.521267175674438477e+00
1.318000000000000000e+03,2.832000000000000000e+03,1.431749939826086404e+02,7.142857142857142461e-02,2.030000000000000000e+02,1.375417856000000000e+09,1.892061839360000000e+11,2.696428000926971436e-01
1.681000000000000000e+03,1.850000000000000000e+03,2.607606290851553155e+01,1.720052290384453675e-01,2.430000000000000000e+02,1.882682496000000000e+09,1.662704517120000000e+11,2.110286802053451538e-01
2.536000000000000000e+03,1.424000000000000000e+03,3.142510579780235602e+01,1.250000000000000000e-01,5.080000000000000000e+02,3.831646080000000000e+08,3.819331993600000000e+10,5.850714631378650665e-03
2.985000000000000000e+03,2.209000000000000000e+03,6.579339568328005328e+01,1.490711984999859852e-01,2.000000000000000000e+02,1.603066368000000000e+09,2.519666196480000000e+11,6.580364108085632324e-01
2.021000000000000000e+03,3.379000000000000000e+03,4.273349375935455896e+01,1.664356663246515655e-01,1.020000000000000000e+02,7.167281664000000000e+09,4.982148956160000000e+11,1.543027639389038086e+00
1.513000000000000000e+03,2.142000000000000000e+03,3.509609221919485122e+01,0.000000000000000000e+00,5.460000000000000000e+02,5.770684800000000000e+08,7.130678886400000000e+10,1.140145510435104370e-01
1.445000000000000000e+03,1.621000000000000000e+03,8.479278205450300732e+01,1.176877882894626220e-01,6.100000000000000000e+01,1.472875110400000000e+10,5.134962196480000000e+11,1.453196406364440918e+00
3.540000000000000000e+02,3.394000000000000000e+03,2.132968778854753822e+01,1.802775637731994507e-01,1.130000000000000000e+02,2.184168857600000000e+10,5.550306099200000000e+11,1.005207449197769165e-01
3.055000000000000000e+03,2.793000000000000000e+03,5.071583992211627674e+02,0.000000000000000000e+00,4.570000000000000000e+02,5.164264320000000000e+08,1.176898355200000000e+11,1.509268432855606079e-01
3.990000000000000000e+02,1.345000000000000000e+03,1.205459252960114647e+01,1.964185503295965418e-01,1.000000000000000000e+00,9.809676697600000000e+10,3.612387573760000000e+12,1.521267175674438477e+00
2.110000000000000000e+02,2.400000000000000000e+03,2.517477720081331327e+01,1.818181818181818232e-01,4.690000000000000000e+02,3.174883200000000000e+08,9.633148108800000000e+10,7.158766686916351318e-02
7.410000000000000000e+02,3.037000000000000000e+03,2.084662257142035813e+01,7.856742013183862228e-02,1.690000000000000000e+02,7.073868288000000000e+09,4.103612989440000000e+11,8.517970144748687744e-02
1.390000000000000000e+02,3.253000000000000000e+03,5.699221060122742699e+01,1.264911064067351931e-01,4.600000000000000000e+01,3.086882406400000000e+10,1.199684452352000000e+12,6.945605874061584473e-01
1.834000000000000000e+03,3.655000000000000000e+03,2.541030457740643556e+01,1.333333333333333315e-01,2.290000000000000000e+02,2.036898944000000000e+09,2.471114833920000000e+11,2.126524001359939575e-01
1.169000000000000000e+03,2.729000000000000000e+03,2.631965484984671022e+01,1.666666666666666574e-01,3.470000000000000000e+02,1.402579840000000000e+09,1.235072778240000000e+11,2.255139648914337158e-01
3.219000000000000000e+03,9.890000000000000000e+02,3.514492767771797332e+01,1.904761904761904656e-01,9.500000000000000000e+01,2.260675584000000000e+10,6.546320916480000000e+11,8.015154600143432617e-01
3.350000000000000000e+02,1.480000000000000000e+03,2.137228009125997730e+01,1.054092553389459896e-01,1.300000000000000000e+01,4.897171865600000000e+10,2.033823121408000000e+12,2.753273546695709229e-01
1.070000000000000000e+03,2.719000000000000000e+03,2.005459954435288239e+01,1.720052290384453675e-01,3.410000000000000000e+02,3.815032640000000000e+08,1.797301043200000000e+11,1.261608004570007324e-01
1.117000000000000000e+03,9.960000000000000000e+02,2.238926228164955745e+01,6.211299937499416279e-02,2.000000000000000000e+00,6.382575616000000000e+10,3.543532568576000000e+12,8.956543803215026855e-01
2.579000000000000000e+03,8.290000000000000000e+02,2.930914999093360862e+01,8.600261451922268374e-02,8.000000000000000000e+00,4.508758425600000000e+10,1.280955383808000000e+12,2.201740026473999023e+00
2.730000000000000000e+03,2.461000000000000000e+03,5.998080233004842654e+01,1.502313031443328895e-01,3.700000000000000000e+01,2.916994662400000000e+10,1.049209339904000000e+12,5.184139728546142578e+00
9.600000000000000000e+01,1.328000000000000000e+03,4.251110803803267117e+02,4.166666666666666435e-02,4.500000000000000000e+01,2.534583910400000000e+10,1.017070354432000000e+12,1.962765812873840332e+00
4.100000000000000000e+02,3.363000000000000000e+03,3.113705353210301752e+01,1.597191412499849861e-01,2.590000000000000000e+02,4.344062464000000000e+09,2.012363161600000000e+11,1.453052997589111328e+00
2.509000000000000000e+03,4.300000000000000000e+02,5.307695543148843598e+01,1.756820922315766309e-01,7.900000000000000000e+01,5.519063040000000000e+09,4.653620920320000000e+11,1.204052805900573730e+00
1.868000000000000000e+03,1.718000000000000000e+03,4.502899997354965933e+01,1.597191412499849861e-01,2.190000000000000000e+02,3.432410624000000000e+09,2.009583779840000000e+11,8.318915367126464844e-01
2.700000000000000000e+02,2.319000000000000000e+03,2.939494138699896553e+02,1.571348402636772446e-01,5.500000000000000000e+02,4.721002240000000000e+08,5.008510156800000000e+10,9.041048586368560791e-03
1.719000000000000000e+03,1.670000000000000000e+03,7.502302885060183257e+01,1.638886943392722229e-01,4.000000000000000000e+00,3.269792563200000000e+10,7.531220172800000000e+11,7.694553852081298828e+00
2.419000000000000000e+03,2.631000000000000000e+03,3.394157311091337448e+01,1.285648693066450132e-01,5.030000000000000000e+02,1.350065920000000000e+09,8.923387494400000000e+10,8.502116799354553223e-02
3.074000000000000000e+03,3.268000000000000000e+03,1.942684349554167866e+01,1.397542485937368628e-01,1.480000000000000000e+02,6.348352512000000000e+09,2.819244032000000000e+11,5.622847080230712891e-01
2.160000000000000000e+03,8.690000000000000000e+02,1.528842122686191196e+01,1.666666666666666574e-01,4.020000000000000000e+02,8.113301120000000000e+08,1.239251189760000000e+11,2.592163085937500000e-01
3.368000000000000000e+03,6.250000000000000000e+02,3.048926717211277548e+01,1.538461538461538547e-01,3.140000000000000000e+02,1.763617920000000000e+09,1.722417643520000000e+11,9.148865938186645508e-01
3.198000000000000000e+03,1.262000000000000000e+03,5.630845649211521931e+01,1.087856586440842377e-01,2.990000000000000000e+02,1.546798208000000000e+09,1.696703447040000000e+11,4.847811907529830933e-02
2.510000000000000000e+03,4.300000000000000000e+02,5.257405625662590865e+01,1.242259987499883256e-01,7.900000000000000000e+01,5.519063040000000000e+09,4.653620920320000000e+11,1.204052805900573730e+00
3.985000000000000000e+03,1.739000000000000000e+03,3.438896761014481740e+01,1.597191412499849861e-01,2.870000000000000000e+02,1.616770432000000000e+09,1.941580349440000000e+11,2.020873427391052246e-01
3.872000000000000000e+03,5.320000000000000000e+02,3.460342835770951808e+01,1.663780661615406053e-01,1.630000000000000000e+02,6.503384064000000000e+09,3.622422118400000000e+11,4.421492815017700195e-01
2.611000000000000000e+03,8.880000000000000000e+02,1.486760575059768641e+01,1.863389981249824745e-01,3.880000000000000000e+02,3.755893120000000000e+08,1.428837171200000000e+11,9.736385196447372437e-02
2.417000000000000000e+03,2.384000000000000000e+03,1.868365200151104943e+01,1.666666666666666574e-01,3.600000000000000000e+02,4.854508160000000000e+08,1.191350026240000000e+11,9.310474246740341187e-02
1.563000000000000000e+03,2.420000000000000000e+03,1.210455593359768898e+02,1.064794274999899953e-01,7.300000000000000000e+01,1.521108377600000000e+10,7.037344808960000000e+11,2.304742574691772461e+00
3.546000000000000000e+03,2.485000000000000000e+03,2.299200187434514575e+01,1.285648693066450132e-01,5.800000000000000000e+01,2.581009408000000000e+10,7.758674001920000000e+11,3.101233243942260742e-01
1.470000000000000000e+02,1.417000000000000000e+03,4.945298510442611217e+01,8.318903308077030267e-02,1.380000000000000000e+02,7.502512640000000000e+09,3.607066378240000000e+11,8.586055040359497070e-02
2.392000000000000000e+03,9.180000000000000000e+02,3.181749347761433810e+01,8.838834764831844659e-02,2.040000000000000000e+02,3.971941632000000000e+09,3.158566174720000000e+11,1.042898535728454590e+00
2.563000000000000000e+03,2.634000000000000000e+03,4.180426454783830081e+01,1.111111111111111049e-01,4.560000000000000000e+02,4.365246720000000000e+08,5.171858227200000000e+10,5.323048681020736694e-02
4.310000000000000000e+02,1.009000000000000000e+03,8.723981599003963083e+01,7.692307692307692735e-02,3.380000000000000000e+02,2.803419904000000000e+09,1.737776660480000000e+11,3.774279057979583740e-01
2.562000000000000000e+03,3.099000000000000000e+03,4.094679090763783336e+01,1.875000000000000000e-01,1.500000000000000000e+02,5.776248832000000000e+09,3.312523673600000000e+11,1.032350182533264160e+00
5.040000000000000000e+02,1.638000000000000000e+03,1.267834111027256583e+01,1.414213562373095034e-01,5.220000000000000000e+02,3.602613120000000000e+08,8.008671232000000000e+10,8.657997846603393555e-02
2.829000000000000000e+03,2.451000000000000000e+03,4.380296145990581635e+01,8.318903308077030267e-02,1.490000000000000000e+02,7.441189888000000000e+09,3.603796459520000000e+11,2.079063355922698975e-01
3.518000000000000000e+03,1.284000000000000000e+03,5.176396847850379146e+01,1.490711984999859852e-01,1.140000000000000000e+02,6.764808192000000000e+09,2.704004382720000000e+11,1.261621594429016113e+00
9.680000000000000000e+02,2.624000000000000000e+03,7.231837916601719485e+01,1.000000000000000056e-01,9.300000000000000000e+01,9.273953280000000000e+09,5.918494556160000000e+11,1.251332402229309082e+00
9.630000000000000000e+02,2.625000000000000000e+03,6.035870426089861240e+01,1.581138830084189706e-01,9.300000000000000000e+01,9.273953280000000000e+09,5.918494556160000000e+11,1.251332402229309082e+00
2.069000000000000000e+03,1.162000000000000000e+03,1.865720054871010802e+01,1.538461538461538547e-01,3.430000000000000000e+02,9.461294720000000000e+08,1.510497648640000000e+11,2.699825167655944824e-01
9.300000000000000000e+02,4.900000000000000000e+01,1.874071660274833206e+01,1.561737618886060719e-01,0.000000000000000000e+00,6.256252108800000000e+10,5.017748635648000000e+12,4.946801960468292236e-01
1.470000000000000000e+03,2.845000000000000000e+03,1.188362704705641093e+01,1.285648693066450132e-01,4.530000000000000000e+02,6.691361280000000000e+08,1.077576908800000000e+11,2.281382232904434204e-01
1.001000000000000000e+03,1.274000000000000000e+03,3.984605777156083661e+01,1.875000000000000000e-01,1.370000000000000000e+02,4.205209088000000000e+09,3.010017689600000000e+11,9.139043688774108887e-01
1.353000000000000000e+03,7.880000000000000000e+02,2.043023009643795262e+01,2.000000000000000111e-01,2.320000000000000000e+02,4.975838208000000000e+09,2.611013058560000000e+11,8.704357743263244629e-01
3.238000000000000000e+03,3.870000000000000000e+03,7.726261200270739948e+01,0.000000000000000000e+00,4.930000000000000000e+02,6.776634240000000000e+08,8.595265945600000000e+10,1.657878160476684570e-01
1.393000000000000000e+03,2.011000000000000000e+03,3.155128517053100623e+01,1.414213562373095034e-01,4.650000000000000000e+02,1.172124032000000000e+09,6.815429427200000000e+10,2.032373994588851929e-01
3.960000000000000000e+02,8.060000000000000000e+02,1.774342940259174384e+02,9.722034684781695468e-02,5.700000000000000000e+01,2.276455014400000000e+10,8.920157388800000000e+11,3.614920616149902344e+00
1.860000000000000000e+02,2.696000000000000000e+03,3.200860491332188218e+01,1.176877882894626220e-01,1.100000000000000000e+02,1.130036121600000000e+10,4.833563115520000000e+11,1.303891420364379883e+00
2.241000000000000000e+03,3.789000000000000000e+03,3.490297701935014629e+01,1.567630989332169100e-01,6.900000000000000000e+01,4.348610969600000000e+10,9.070498283520000000e+11,7.620597723871469498e-03
3.815000000000000000e+03,2.183000000000000000e+03,1.735252090313147733e+01,9.300816647554056849e-02,3.000000000000000000e+00,6.908092416000000000e+10,3.004823764992000000e+12,6.583381295204162598e-01
1.390000000000000000e+03,2.585000000000000000e+03,6.975673458099838342e+01,1.663780661615406053e-01,1.800000000000000000e+02,4.897091584000000000e+09,3.643243560960000000e+11,1.477249741554260254e+00
2.687000000000000000e+03,3.098000000000000000e+03,1.369762546981878870e+01,1.818181818181818232e-01,3.180000000000000000e+02,4.437283200000000000e+08,1.011630325760000000e+11,1.458956897258758545e-01
1.220000000000000000e+02,2.324000000000000000e+03,7.057539046593370813e+01,8.000000000000000167e-02,2.300000000000000000e+01,3.876257382400000000e+10,1.158851198976000000e+12,9.720131754875183105e-01
1.603000000000000000e+03,2.129000000000000000e+03,2.323469269762130907e+01,9.523809523809523281e-02,3.200000000000000000e+01,3.833240780800000000e+10,6.712152555520000000e+11,1.721168041229248047e+00
3.395000000000000000e+03,2.839000000000000000e+03,1.580938342826569887e+01,1.178511301977579334e-01,4.430000000000000000e+02,9.378104320000000000e+08,1.296056238080000000e+11,1.686466187238693237e-01
3.081000000000000000e+03,8.640000000000000000e+02,4.388443718329008902e+01,1.397542485937368628e-01,1.930000000000000000e+02,2.731847680000000000e+09,2.914863022080000000e+11,4.136207401752471924e-01
4.320000000000000000e+02,1.718000000000000000e+03,7.973527491600560779e+02,8.333333333333332871e-02,4.970000000000000000e+02,1.157343488000000000e+09,1.159915765760000000e+11,1.662979573011398315e-01
1.856000000000000000e+03,1.080000000000000000e+02,5.731859015706624483e+00,2.000000000000000111e-01,5.380000000000000000e+02,5.728568960000000000e+08,8.585194700800000000e+10,5.062877759337425232e-02
1.391000000000000000e+03,2.586000000000000000e+03,4.286503475675214077e+02,8.318903308077030267e-02,1.800000000000000000e+02,4.897091584000000000e+09,3.643243560960000000e+11,1.477249741554260254e+00
3.271000000000000000e+03,2.767000000000000000e+03,1.981136157164345946e+01,1.317615691736824801e-01,4.100000000000000000e+01,2.046601625600000000e+10,1.033987227648000000e+12,3.614742457866668701e-01
3.162000000000000000e+03,8.910000000000000000e+02,1.084129481808675344e+01,1.118033988749894958e-01,1.090000000000000000e+02,2.272710860800000000e+10,6.351597731840000000e+11,0.000000000000000000e+00
3.920000000000000000e+03,9.150000000000000000e+02,2.971693524138537512e+01,9.090909090909091161e-02,5.100000000000000000e+02,5.422079360000000000e+08,8.963564339200000000e+10,7.310037314891815186e-02
3.077000000000000000e+03,2.313000000000000000e+03,4.844817673659208879e+01,7.142857142857142461e-02,3.070000000000000000e+02,1.405687680000000000e+09,1.940398571520000000e+11,2.708486020565032959e-01
2.238000000000000000e+03,2.662000000000000000e+03,7.369639935817124510e+00,2.000000000000000111e-01,5.150000000000000000e+02,3.206928320000000000e+08,8.307684147200000000e+10,4.966590180993080139e-02
3.104000000000000000e+03,3.400000000000000000e+02,1.098673727655949648e+02,1.488645855129573925e-01,1.150000000000000000e+02,2.835620096000000000e+09,5.186958786560000000e+11,1.339670538902282715e+00
3.390000000000000000e+02,6.090000000000000000e+02,5.977835361841424344e+01,1.571348402636772446e-01,7.000000000000000000e+01,8.981068800000000000e+09,4.208595763200000000e+11,2.285867452621459961e+00
1.292000000000000000e+03,2.370000000000000000e+02,1.047278585367826942e+01,1.538461538461538547e-01,4.030000000000000000e+02,2.407207168000000000e+09,1.668932567040000000e+11,3.032393157482147217e-01
3.876000000000000000e+03,1.989000000000000000e+03,7.849212690410507776e+01,1.285648693066450132e-01,1.000000000000000000e+01,3.875450880000000000e+10,7.929460817920000000e+11,4.334609508514404297e+00
2.776000000000000000e+03,3.293000000000000000e+03,4.478057772091241162e+01,1.963383631246505001e-01,6.000000000000000000e+01,1.726131609600000000e+10,6.972415016960000000e+11,3.165255308151245117e+00
1.800000000000000000e+02,3.052000000000000000e+03,2.187317882777416287e+02,7.692307692307692735e-02,2.180000000000000000e+02,1.026077312000000000e+09,1.732089446400000000e+11,4.076310396194458008e-01
6.100000000000000000e+02,9.230000000000000000e+02,9.476759575989696032e+02,6.734350297014739251e-02,9.600000000000000000e+01,1.947561779200000000e+10,6.610042224640000000e+11,7.008498907089233398e-01
3.206000000000000000e+03,1.942000000000000000e+03,6.142999853195713911e+01,1.118033988749894958e-01,1.060000000000000000e+02,1.809531289600000000e+10,5.961819095040000000e+11,9.301034808158874512e-01
3.394000000000000000e+03,2.837000000000000000e+03,6.040345802581140333e+02,8.333333333333332871e-02,4.430000000000000000e+02,9.378104320000000000e+08,1.296056238080000000e+11,1.686466187238693237e-01
1.609000000000000000e+03,2.959000000000000000e+03,5.703039007265465443e+02,9.722034684781695468e-02,5.100000000000000000e+01,3.191295590400000000e+10,8.522985635840000000e+11,3.693249225616455078e+00
2.170000000000000000e+02,2.136000000000000000e+03,2.666354560501519089e+01,1.285648693066450132e-01,4.610000000000000000e+02,4.170769600000000000e+08,1.028115415040000000e+11,1.044431626796722412e-01
1.120000000000000000e+03,9.950000000000000000e+02,2.743760163265121221e+01,6.211299937499416279e-02,2.000000000000000000e+00,6.382575616000000000e+10,3.543532568576000000e+12,8.956543803215026855e-01
3.409000000000000000e+03,9.790000000000000000e+02,2.835769954653772373e+01,1.597191412499849861e-01,2.510000000000000000e+02,1.090851072000000000e+09,2.225137090560000000e+11,1.425269693136215210e-01
9.200000000000000000e+02,4.690000000000000000e+02,1.644270192399785344e+02,8.600261451922268374e-02,9.000000000000000000e+00,4.472099635200000000e+10,1.283299213312000000e+12,1.054935455322265625e+01
9.250000000000000000e+02,4.700000000000000000e+01,2.037324256127890010e+01,1.463414634146341375e-01,0.000000000000000000e+00,6.256252108800000000e+10,5.017748635648000000e+12,4.946801960468292236e-01
1.817000000000000000e+03,1.767000000000000000e+03,2.352771738705504490e+01,1.087856586440842377e-01,3.630000000000000000e+02,1.110215040000000000e+09,1.638658539520000000e+11,3.112209439277648926e-01
1.610000000000000000e+03,2.957000000000000000e+03,2.447866544318472393e+02,6.148754619013457184e-02,5.100000000000000000e+01,3.191295590400000000e+10,8.522985635840000000e+11,3.693249225616455078e+00
9.210000000000000000e+02,5.800000000000000000e+01,1.527691000231603446e+01,1.561737618886060719e-01,0.000000000000000000e+00,6.256252108800000000e+10,5.017748635648000000e+12,4.946801960468292236e-01
2.988000000000000000e+03,2.208000000000000000e+03,8.101527086427540780e+01,6.666666666666666574e-02,2.000000000000000000e+02,1.603066368000000000e+09,2.519666196480000000e+11,6.580364108085632324e-01
2.473000000000000000e+03,2.287000000000000000e+03,2.546458863544478390e+01,1.767766952966368932e-01,1.700000000000000000e+02,5.476801024000000000e+09,3.088722821120000000e+11,2.779350578784942627e-01
2.524000000000000000e+03,1.013000000000000000e+03,1.131326527908627533e+01,1.758282590894063580e-01,1.900000000000000000e+01,4.698338508800000000e+10,1.740785844224000000e+12,5.655762553215026855e-01
3.161000000000000000e+03,8.900000000000000000e+02,1.046891397195561169e+01,1.499999999999999944e-01,1.090000000000000000e+02,2.272710860800000000e+10,6.351597731840000000e+11,0.000000000000000000e+00
3.748000000000000000e+03,2.309000000000000000e+03,3.261489982461129955e+01,1.863389981249824745e-01,4.000000000000000000e+02,3.904066880000000000e+08,1.308716810240000000e+11,1.520813405513763428e-01
2.447000000000000000e+03,1.616000000000000000e+03,3.326760841908070176e+01,1.428571428571428492e-01,2.840000000000000000e+02,2.875249152000000000e+09,1.907125125120000000e+11,3.652689158916473389e-01
3.428000000000000000e+03,9.460000000000000000e+02,3.348709996451437121e+01,1.764705882352941291e-01,1.620000000000000000e+02,8.009004032000000000e+09,3.621181194240000000e+11,7.825241237878799438e-02
1.769000000000000000e+03,4.540000000000000000e+02,6.587062054666850486e+01,8.838834764831844659e-02,1.570000000000000000e+02,3.006642688000000000e+09,2.851074211840000000e+11,3.332279205322265625e+00
3.979000000000000000e+03,2.421000000000000000e+03,1.541760578055665931e+01,1.649242250247064112e-01,1.100000000000000000e+01,8.969981952000000000e+10,1.230720466944000000e+12,1.840681076049804688e+00
4.390000000000000000e+02,2.744000000000000000e+03,1.120519529209690113e+01,1.904761904761904656e-01,8.600000000000000000e+01,1.698641715200000000e+10,6.620944138240000000e+11,0.000000000000000000e+00
1.410000000000000000e+02,3.259000000000000000e+03,1.239683498625193181e+01,1.264911064067351931e-01,4.600000000000000000e+01,3.086882406400000000e+10,1.199684452352000000e+12,6.945605874061584473e-01
1.614000000000000000e+03,2.506000000000000000e+03,3.016265583583107812e+01,1.176470588235294101e-01,1.820000000000000000e+02,5.668081152000000000e+09,3.419367997440000000e+11,3.741784989833831787e-01
3.273000000000000000e+03,6.180000000000000000e+02,1.638038612500622904e+01,2.000000000000000111e-01,5.260000000000000000e+02,4.181973440000000000e+08,8.469003468800000000e+10,2.058096230030059814e-02
1.273000000000000000e+03,3.927000000000000000e+03,9.783132593561656876e+00,1.216260638526299870e-01,4.700000000000000000e+01,2.999850598400000000e+10,1.287392722944000000e+12,2.840396203100681305e-02
2.971000000000000000e+03,4.400000000000000000e+01,1.575434577358243260e+01,1.923076923076923184e-01,2.900000000000000000e+01,3.051142758400000000e+10,1.378565881856000000e+12,1.916203647851943970e-02
8.090000000000000000e+02,1.466000000000000000e+03,4.993920052234588525e+01,1.802775637731994507e-01,9.900000000000000000e+01,8.371488768000000000e+09,6.211557130240000000e+11,6.079373955726623535e-01
1.393000000000000000e+03,2.587000000000000000e+03,8.629580168957180319e+01,5.882352941176470507e-02,1.800000000000000000e+02,4.897091584000000000e+09,3.643243560960000000e+11,1.477249741554260254e+00
2.030000000000000000e+03,7.820000000000000000e+02,2.910806360800848225e+01,9.523809523809523281e-02,8.900000000000000000e+01,2.648002355200000000e+10,6.947226255360000000e+11,2.919432893395423889e-02
3.495000000000000000e+03,3.191000000000000000e+03,7.425547171888415505e+02,4.545454545454545581e-02,3.600000000000000000e+01,2.303946342400000000e+10,7.790489763840000000e+11,2.043790340423583984e+00
3.890000000000000000e+02,7.090000000000000000e+02,2.460911382430139227e+01,1.666666666666666574e-01,3.940000000000000000e+02,4.340258560000000000e+08,1.272477941760000000e+11,5.574505031108856201e-02
1.801000000000000000e+03,8.010000000000000000e+02,3.190553755824954152e+01,8.318903308077030267e-02,1.040000000000000000e+02,6.925968384000000000e+09,3.880816148480000000e+11,3.823973238468170166e-01
1.599000000000000000e+03,2.128000000000000000e+03,3.397861628799758194e+01,1.064794274999899953e-01,3.200000000000000000e+01,3.833240780800000000e+10,6.712152555520000000e+11,1.721168041229248047e+00
3.185000000000000000e+03,3.552000000000000000e+03,2.193734184703285806e+01,1.285648693066450132e-01,2.400000000000000000e+02,1.229075200000000000e+09,9.495125196800000000e+10,3.899246454238891602e-01
3.970000000000000000e+03,2.616000000000000000e+03,3.165458637391984809e+01,1.571348402636772446e-01,1.450000000000000000e+02,5.611709952000000000e+09,4.007164313600000000e+11,6.379430890083312988e-01
1.360000000000000000e+03,1.758000000000000000e+03,2.786517866901621687e+01,1.428571428571428492e-01,2.970000000000000000e+02,3.201915904000000000e+09,1.979195555840000000e+11,8.615502715110778809e-01
3.049000000000000000e+03,3.399000000000000000e+03,3.631302839899078094e+01,0.000000000000000000e+00,4.900000000000000000e+01,3.686430310400000000e+10,1.007178809344000000e+12,2.341371476650238037e-01
2.124000000000000000e+03,3.586000000000000000e+03,1.104355937945087263e+01,1.414213562373095034e-01,5.170000000000000000e+02,4.453116160000000000e+08,8.434332467200000000e+10,9.317639470100402832e-02
3.998000000000000000e+03,2.888000000000000000e+03,8.647563522774754574e+01,1.250000000000000000e-01,2.230000000000000000e+02,6.367427584000000000e+09,2.936652431360000000e+11,7.391481399536132812e-01
1.598000000000000000e+03,2.130000000000000000e+03,2.123466771978462120e+01,1.505846504842085487e-01,3.200000000000000000e+01,3.833240780800000000e+10,6.712152555520000000e+11,1.721168041229248047e+00
2.236000000000000000e+03,2.158000000000000000e+03,4.627756478043352217e+01,0.000000000000000000e+00,1.190000000000000000e+02,1.317935820800000000e+10,5.372063252480000000e+11,2.801064588129520416e-02
2.831000000000000000e+03,2.450000000000000000e+03,3.317854235057339451e+01,1.764705882352941291e-01,1.490000000000000000e+02,7.441189888000000000e+09,3.603796459520000000e+11,2.079063355922698975e-01
2.200000000000000000e+03,3.218000000000000000e+03,9.092668546112056447e+02,0.000000000000000000e+00,2.120000000000000000e+02,8.418713600000000000e+08,8.297308979200000000e+10,1.670643240213394165e-01
3.285000000000000000e+03,3.294000000000000000e+03,8.433728155504080348e+01,6.775963568181181396e-02,5.000000000000000000e+00,5.707350016000000000e+10,2.649217302528000000e+12,1.466975212097167969e+00
3.190000000000000000e+02,2.067000000000000000e+03,7.000118627380051350e+01,9.428090415820634951e-02,2.260000000000000000e+02,2.218577408000000000e+09,2.480921804800000000e+11,9.293220639228820801e-01
2.004000000000000000e+03,3.980000000000000000e+03,2.090124176862164873e+01,1.874138920735300140e-01,3.800000000000000000e+01,2.210399436800000000e+10,8.084941701120000000e+11,5.884984731674194336e-01
1.130000000000000000e+02,3.035000000000000000e+03,1.899720630479104102e+02,8.318903308077030267e-02,1.740000000000000000e+02,4.990999040000000000e+09,3.433584721920000000e+11,1.326729059219360352e+00
1.850000000000000000e+02,2.695000000000000000e+03,1.182167312820713079e+02,1.176877882894626220e-01,1.100000000000000000e+02,1.130036121600000000e+10,4.833563115520000000e+11,1.303891420364379883e+00
1.825000000000000000e+03,1.049000000000000000e+03,1.533373634353146429e+02,1.064794274999899953e-01,1.050000000000000000e+02,6.983964160000000000e+09,6.437818859520000000e+11,3.719874858856201172e+00
1.170000000000000000e+03,2.727000000000000000e+03,2.222632322469900146e+01,1.863389981249824745e-01,3.470000000000000000e+02,1.402579840000000000e+09,1.235072778240000000e+11,2.255139648914337158e-01
3.480000000000000000e+02,3.265000000000000000e+03,1.197075144293454372e+02,7.856742013183862228e-02,6.200000000000000000e+01,1.928503910400000000e+10,4.123953070080000000e+11,9.983271956443786621e-01
1.720000000000000000e+03,6.200000000000000000e+01,1.693402661643467866e+01,1.000000000000000056e-01,4.640000000000000000e+02,8.846839680000000000e+08,7.797780480000000000e+10,1.057662218809127808e-01
9.250000000000000000e+02,6.100000000000000000e+01,1.184133932661947419e+01,1.951219512195122019e-01,0.000000000000000000e+00,6.256252108800000000e+10,5.017748635648000000e+12,4.946801960468292236e-01
2.828000000000000000e+03,2.450000000000000000e+03,2.711790253614594803e+02,0.000000000000000000e+00,1.490000000000000000e+02,7.441189888000000000e+09,3.603796459520000000e+11,2.079063355922698975e-01
3.195000000000000000e+03,6.000000000000000000e+01,2.115718948361253382e+01,1.597191412499849861e-01,3.090000000000000000e+02,1.334211968000000000e+09,1.977185402880000000e+11,1.896062344312667847e-01
1.540000000000000000e+03,1.931000000000000000e+03,2.501405993172881992e+01,1.666666666666666574e-01,2.980000000000000000e+02,4.301437440000000000e+08,1.428876492800000000e+11,4.677122831344604492e-02
1.136000000000000000e+03,3.903000000000000000e+03,4.671170354534548608e+01,1.666666666666666574e-01,6.000000000000000000e+00,3.639146905600000000e+10,2.032646619136000000e+12,2.737049102783203125e+00
3.224000000000000000e+03,9.880000000000000000e+02,4.907788570113967097e+01,6.734350297014739251e-02,9.500000000000000000e+01,2.260675584000000000e+10,6.546320916480000000e+11,8.015154600143432617e-01
3.274000000000000000e+03,2.772000000000000000e+03,1.575935350557576697e+01,1.178511301977579334e-01,4.100000000000000000e+01,2.046601625600000000e+10,1.033987227648000000e+12,3.614742457866668701e-01
4.020000000000000000e+02,1.347000000000000000e+03,1.298736340875116646e+01,1.778645621509124530e-01,1.000000000000000000e+00,9.809676697600000000e+10,3.612387573760000000e+12,1.521267175674438477e+00
1.076000000000000000e+03,3.420000000000000000e+02,2.046585373124437623e+01,1.666666666666666574e-01,4.060000000000000000e+02,7.354413440000000000e+08,1.248251822080000000e+11,9.945515543222427368e-02
5.540000000000000000e+02,8.050000000000000000e+02,2.702496858058475837e+01,1.863389981249824745e-01,2.910000000000000000e+02,7.737177600000000000e+08,1.375668305920000000e+11,8.290322870016098022e-02
3.799000000000000000e+03,3.382000000000000000e+03,6.517533032937993909e+00,1.414213562373095034e-01,1.030000000000000000e+02,1.480291532800000000e+10,6.178978529280000000e+11,1.145902797579765320e-01
3.428000000000000000e+03,2.524000000000000000e+03,6.930812376795321939e+01,1.333333333333333315e-01,1.000000000000000000e+02,5.946088960000000000e+09,2.719250022400000000e+11,1.580354690551757812e+00
1.176000000000000000e+03,2.470000000000000000e+02,9.252819260378182662e+02,0.000000000000000000e+00,1.320000000000000000e+02,7.400962560000000000e+09,4.428619776000000000e+11,4.721095263957977295e-01
4.320000000000000000e+02,1.007000000000000000e+03,3.216359727571149563e+01,1.538461538461538547e-01,3.380000000000000000e+02,2.803419904000000000e+09,1.737776660480000000e+11,3.774279057979583740e-01
7.410000000000000000e+02,3.039000000000000000e+03,1.741648863092699528e+01,1.756820922315766309e-01,1.690000000000000000e+02,7.073868288000000000e+09,4.103612989440000000e+11,8.517970144748687744e-02
1.708000000000000000e+03,2.006000000000000000e+03,2.450337259852009453e+01,1.720052290384453675e-01,3.760000000000000000e+02,9.890255360000000000e+08,1.469101342720000000e+11,1.486576050519943237e-01
2.733000000000000000e+03,1.585000000000000000e+03,7.710311555204919287e+00,2.000000000000000111e-01,2.610000000000000000e+02,1.499876992000000000e+09,2.427375124480000000e+11,2.762351632118225098e-01
1.561000000000000000e+03,4.150000000000000000e+02,1.329702696833283326e+01,1.597191412499849861e-01,2.630000000000000000e+02,2.143266560000000000e+09,2.131313459200000000e+11,3.043325841426849365e-01
5.520000000000000000e+02,6.160000000000000000e+02,1.884567074230115580e+01,1.818181818181818232e-01,4.370000000000000000e+02,6.290903040000000000e+08,8.869200691200000000e+10,1.383272260427474976e-01
2.910000000000000000e+02,1.185000000000000000e+03,3.090066644248087258e+01,1.428571428571428492e-01,2.310000000000000000e+02,2.268468736000000000e+09,2.214728335360000000e+11,4.646080732345581055e-01
1.625000000000000000e+03,6.500000000000000000e+01,1.553297731210349042e+01,1.756820922315766309e-01,1.520000000000000000e+02,6.782518272000000000e+09,4.246518824960000000e+11,2.314141094684600830e-01
2.989000000000000000e+03,2.210000000000000000e+03,3.407954111207422443e+01,1.885618083164126990e-01,2.000000000000000000e+02,1.603066368000000000e+09,2.519666196480000000e+11,6.580364108085632324e-01
3.274000000000000000e+03,2.766000000000000000e+03,1.493648676341833337e+01,1.863389981249824745e-01,4.100000000000000000e+01,2.046601625600000000e+10,1.033987227648000000e+12,3.614742457866668701e-01
3.400000000000000000e+03,2.277000000000000000e+03,3.623618258469608122e+01,1.885618083164126990e-01,1.810000000000000000e+02,4.323384320000000000e+09,2.729334374400000000e+11,1.498810768127441406e+00
1.319000000000000000e+03,2.835000000000000000e+03,3.703103550739120919e+01,1.597191412499849861e-01,2.030000000000000000e+02,1.375417856000000000e+09,1.892061839360000000e+11,2.696428000926971436e-01
3.410000000000000000e+02,2.520000000000000000e+02,6.311449302334781919e+01,1.285648693066450132e-01,4.660000000000000000e+02,4.573724800000000000e+08,1.085076930560000000e+11,1.242377460002899170e-01
2.883000000000000000e+03,3.529000000000000000e+03,1.553748368132705160e+01,1.178511301977579334e-01,3.900000000000000000e+01,1.933491814400000000e+10,1.077381758976000000e+12,1.537795662879943848e-01
4.470000000000000000e+02,3.545000000000000000e+03,4.108490381119106161e+01,7.142857142857142461e-02,2.050000000000000000e+02,2.524242432000000000e+09,1.924732846080000000e+11,5.889598727226257324e-01
2.389000000000000000e+03,9.190000000000000000e+02,2.116502985499770517e+01,1.767766952966368932e-01,2.040000000000000000e+02,3.971941632000000000e+09,3.158566174720000000e+11,1.042898535728454590e+00
2.638000000000000000e+03,2.687000000000000000e+03,1.685292448636937834e+01,1.502313031443328895e-01,6.500000000000000000e+01,1.665853132800000000e+10,1.051559329792000000e+12,3.637619912624359131e-01
1.829000000000000000e+03,2.210000000000000000e+03,3.077993661092774502e+01,2.000000000000000111e-01,2.450000000000000000e+02,5.440987648000000000e+09,2.382794752000000000e+11,1.636620014905929565e-01
1.289000000000000000e+03,1.803000000000000000e+03,4.003693207481585858e+01,5.656854249492380277e-02,5.000000000000000000e+01,3.057143193600000000e+10,1.127562608640000000e+12,2.546044588088989258e+00
2.173000000000000000e+03,2.616000000000000000e+03,6.904755759969066986e+00,1.818181818181818232e-01,7.800000000000000000e+01,1.819584102400000000e+10,8.121544212480000000e+11,4.277330338954925537e-01
1.340000000000000000e+03,1.877000000000000000e+03,5.234753519561020312e+02,9.090909090909091161e-02,2.480000000000000000e+02,3.243550080000000000e+08,1.120837795840000000e+11,1.034625172615051270e-01
3.548000000000000000e+03,2.487000000000000000e+03,1.409252605162965111e+01,1.818181818181818232e-01,5.800000000000000000e+01,2.581009408000000000e+10,7.758674001920000000e+11,3.101233243942260742e-01
1.448000000000000000e+03,1.623000000000000000e+03,5.344676066684156268e+01,1.664356663246515655e-01,6.100000000000000000e+01,1.472875110400000000e+10,5.134962196480000000e+11,1.453196406364440918e+00
3.747000000000000000e+03,2.310000000000000000e+03,2.098010409048177394e+01,8.333333333333332871e-02,4.000000000000000000e+02,3.904066880000000000e+08,1.308716810240000000e+11,1.520813405513763428e-01
3.745000000000000000e+03,2.309000000000000000e+03,2.299868725538039769e+02,1.178511301977579334e-01,4.000000000000000000e+02,3.904066880000000000e+08,1.308716810240000000e+11,1.520813405513763428e-01
1.072000000000000000e+03,3.200000000000000000e+02,1.479615710279549887e+02,6.250000000000000000e-02,1.950000000000000000e+02,7.304026624000000000e+09,2.994953256960000000e+11,1.573765158653259277e+00
3.380000000000000000e+02,1.475000000000000000e+03,1.322481459273520343e+01,1.490711984999859852e-01,1.300000000000000000e+01,4.897171865600000000e+10,2.033823121408000000e+12,2.753273546695709229e-01
4.850000000000000000e+02,1.824000000000000000e+03,1.420221841576524291e+01,1.792654619833765339e-01,1.400000000000000000e+01,2.377802752000000000e+10,9.533723115520000000e+11,2.146925926208496094e+00
2.645000000000000000e+03,2.684000000000000000e+03,1.967768238038007667e+01,1.717960677340691911e-01,6.500000000000000000e+01,1.665853132800000000e+10,1.051559329792000000e+12,3.637619912624359131e-01
3.784000000000000000e+03,1.080000000000000000e+03,5.626051474952417664e+01,8.333333333333332871e-02,4.100000000000000000e+02,9.075399040000000000e+08,1.377786429440000000e+11,1.585731059312820435e-01
9.190000000000000000e+02,4.630000000000000000e+02,1.231286428367580186e+02,1.720052290384453675e-01,9.000000000000000000e+00,4.472099635200000000e+10,1.283299213312000000e+12,1.054935455322265625e+01
1.663000000000000000e+03,1.089000000000000000e+03,4.678249735393424658e+01,1.250000000000000000e-01,1.640000000000000000e+02,5.659436544000000000e+09,3.017778790400000000e+11,7.089489698410034180e-01
3.543000000000000000e+03,2.486000000000000000e+03,2.564978624698368321e+02,6.428243465332250661e-02,5.800000000000000000e+01,2.581009408000000000e+10,7.758674001920000000e+11,3.101233243942260742e-01
3.366000000000000000e+03,6.220000000000000000e+02,6.609367015813649004e+01,1.720052290384453675e-01,3.140000000000000000e+02,1.763617920000000000e+09,1.722417643520000000e+11,9.148865938186645508e-01
1.360000000000000000e+02,3.259000000000000000e+03,6.211767319637219842e+00,2.000000000000000111e-01,4.600000000000000000e+01,3.086882406400000000e+10,1.199684452352000000e+12,6.945605874061584473e-01
3.470000000000000000e+02,3.268000000000000000e+03,3.871163416474021801e+01,1.571348402636772446e-01,6.200000000000000000e+01,1.928503910400000000e+10,4.123953070080000000e+11,9.983271956443786621e-01
2.161000000000000000e+03,8.710000000000000000e+02,7.399635962001102740e+00,8.333333333333332871e-02,4.020000000000000000e+02,8.113301120000000000e+08,1.239251189760000000e+11,2.592163085937500000e-01
2.683000000000000000e+03,3.220000000000000000e+03,6.202425496217305323e+01,2.000000000000000111e-01,1.910000000000000000e+02,3.331605504000000000e+09,2.606805483520000000e+11,1.485942959785461426e+00
3.214000000000000000e+03,2.992000000000000000e+03,3.641212826591942076e+01,1.976423537605237202e-01,1.880000000000000000e+02,4.351213056000000000e+09,3.313075159040000000e+11,4.980710744857788086e-01
3.074000000000000000e+03,3.269000000000000000e+03,1.771570076900119162e+01,1.976423537605237202e-01,1.480000000000000000e+02,6.348352512000000000e+09,2.819244032000000000e+11,5.622847080230712891e-01
3.817000000000000000e+03,2.179000000000000000e+03,1.783991937776293568e+01,1.714985851425088470e-01,3.000000000000000000e+00,6.908092416000000000e+10,3.004823764992000000e+12,6.583381295204162598e-01
1.484000000000000000e+03,1.144000000000000000e+03,2.284033753245620346e+01,1.720052290384453675e-01,1.890000000000000000e+02,5.321480192000000000e+09,1.622456729600000000e+11,1.293378472328186035e+00
3.124000000000000000e+03,2.692000000000000000e+03,1.840709708275591083e+01,1.863389981249824745e-01,2.850000000000000000e+02,4.818891840000000000e+08,1.156285726720000000e+11,1.449178606271743774e-01
8.820000000000000000e+02,6.170000000000000000e+02,4.040763009055858390e+01,1.885618083164126990e-01,2.220000000000000000e+02,4.742927360000000000e+09,2.495400345600000000e+11,2.043656110763549805e+00
8.890000000000000000e+02,1.432000000000000000e+03,1.188785817334028536e+02,1.250000000000000000e-01,1.230000000000000000e+02,2.147000576000000000e+09,3.132934717440000000e+11,1.244235396385192871e+00
2.044000000000000000e+03,2.218000000000000000e+03,3.032226444845058211e+01,1.087856586440842377e-01,3.950000000000000000e+02,4.258775296000000000e+09,1.522953748480000000e+11,3.139898777008056641e-01
1.840000000000000000e+02,2.694000000000000000e+03,6.852575262900633106e+02,1.578947368421052544e-01,1.100000000000000000e+02,1.130036121600000000e+10,4.833563115520000000e+11,1.303891420364379883e+00
2.034000000000000000e+03,3.780000000000000000e+03,2.862536401959362919e+01,1.087856586440842377e-01,3.480000000000000000e+02,2.435975680000000000e+09,1.663812239360000000e+11,3.302110433578491211e-01
3.272000000000000000e+03,6.210000000000000000e+02,2.110401415597181796e+01,1.414213562373095034e-01,5.260000000000000000e+02,4.181973440000000000e+08,8.469003468800000000e+10,2.058096230030059814e-02
3.293000000000000000e+03,1.556000000000000000e+03,8.313758735856403348e+01,5.000000000000000278e-02,9.000000000000000000e+01,1.548399206400000000e+10,6.150358302720000000e+11,1.962381601333618164e+00
2.310000000000000000e+02,1.118000000000000000e+03,4.178410051396761560e+01,1.437398936440172637e-01,4.800000000000000000e+01,1.859853926400000000e+10,8.332313886720000000e+11,3.081290960311889648e+00
2.233000000000000000e+03,2.156000000000000000e+03,1.855977827006351077e+01,1.897658566033678385e-01,1.190000000000000000e+02,1.317935820800000000e+10,5.372063252480000000e+11,2.801064588129520416e-02
3.016000000000000000e+03,5.640000000000000000e+02,3.284718075133832826e+01,5.555555555555555247e-02,1.160000000000000000e+02,6.805506560000000000e+09,4.243692257280000000e+11,2.449444308876991272e-02
8.500000000000000000e+02,2.099000000000000000e+03,4.102859310362498491e+01,9.722034684781695468e-02,4.400000000000000000e+01,3.624191180800000000e+10,9.603648716800000000e+11,5.364645123481750488e-01
1.135000000000000000e+03,3.900000000000000000e+03,7.730511331649694284e+01,1.374368541872553473e-01,6.000000000000000000e+00,3.639146905600000000e+10,2.032646619136000000e+12,2.737049102783203125e+00
1.744000000000000000e+03,2.647000000000000000e+03,1.538613650200338867e+01,1.664356663246515655e-01,1.290000000000000000e+02,6.908323328000000000e+09,4.725664645120000000e+11,1.298392377793788910e-02
6.020000000000000000e+02,3.753000000000000000e+03,2.850291035584388233e+00,1.649242250247064112e-01,5.200000000000000000e+01,2.365812326400000000e+10,1.221729583104000000e+12,2.599559258669614792e-03
4.010000000000000000e+02,1.348000000000000000e+03,1.664154439868053714e+01,1.388888888888888951e-01,1.000000000000000000e+00,9.809676697600000000e+10,3.612387573760000000e+12,1.521267175674438477e+00
4.020000000000000000e+02,1.353000000000000000e+03,2.271522610461269309e+01,1.145307118227127940e-01,1.000000000000000000e+00,9.809676697600000000e+10,3.612387573760000000e+12,1.521267175674438477e+00
5.390000000000000000e+02,2.462000000000000000e+03,4.066713875865228545e+01,1.860163329510811370e-01,1.200000000000000000e+02,6.955766784000000000e+09,3.694168965120000000e+11,7.630509138107299805e-01
1.487000000000000000e+03,2.863000000000000000e+03,5.509858553264334802e+01,1.087856586440842377e-01,1.470000000000000000e+02,3.232870656000000000e+09,1.561076531200000000e+11,6.248676180839538574e-01
3.521000000000000000e+03,2.198000000000000000e+03,2.730372121060839063e+01,1.315334104411640948e-01,1.600000000000000000e+02,6.565252608000000000e+09,3.533164052480000000e+11,2.621258795261383057e-01
8.670000000000000000e+02,1.850000000000000000e+03,4.260294582874033154e+01,9.090909090909091161e-02,4.080000000000000000e+02,3.947838720000000000e+08,1.033206743040000000e+11,1.168235093355178833e-01
1.200000000000000000e+03,1.660000000000000000e+03,8.382643186405573488e+01,7.692307692307692735e-02,3.200000000000000000e+02,7.277636480000000000e+08,1.468350791680000000e+11,5.582069978117942810e-02
2.253000000000000000e+03,1.346000000000000000e+03,5.170658996411174968e+01,1.928473039599674921e-01,8.000000000000000000e+01,1.309234585600000000e+10,7.702168862720000000e+11,1.206064105033874512e+00
2.250000000000000000e+03,1.340000000000000000e+03,5.367926676709763711e+01,1.363636363636363535e-01,8.000000000000000000e+01,1.309234585600000000e+10,7.702168862720000000e+11,1.206064105033874512e+00
1.590000000000000000e+02,1.875000000000000000e+03,2.844239055492788992e+01,2.000000000000000111e-01,5.140000000000000000e+02,6.110231040000000000e+08,8.505213747200000000e+10,1.059715747833251953e-01
1.230000000000000000e+02,2.324000000000000000e+03,4.693453761630366472e+01,8.944271909999158832e-02,2.300000000000000000e+01,3.876257382400000000e+10,1.158851198976000000e+12,9.720131754875183105e-01
1.771000000000000000e+03,8.750000000000000000e+02,2.266703819735545977e+01,1.538461538461538547e-01,3.650000000000000000e+02,5.727564800000000000e+08,1.791010897920000000e+11,6.615951657295227051e-02
1.428000000000000000e+03,1.331000000000000000e+03,3.974282801933563292e+01,9.090909090909091161e-02,4.310000000000000000e+02,6.789124480000000000e+08,1.053877125120000000e+11,8.867353945970535278e-02
8.860000000000000000e+02,6.130000000000000000e+02,4.537602766657204256e+01,1.885618083164126990e-01,2.220000000000000000e+02,4.742927360000000000e+09,2.495400345600000000e+11,2.043656110763549805e+00
2.239000000000000000e+03,3.794000000000000000e+03,1.474433699935502418e+01,1.944406936956339094e-01,6.900000000000000000e+01,4.348610969600000000e+10,9.070498283520000000e+11,7.620597723871469498e-03
1.415000000000000000e+03,1.423000000000000000e+03,4.746459171322339898e+01,1.176470588235294101e-01,1.280000000000000000e+02,8.305701888000000000e+09,3.799752704000000000e+11,2.958372533321380615e-01
1.293000000000000000e+03,2.370000000000000000e+02,2.950691853557273703e+01,7.692307692307692735e-02,4.030000000000000000e+02,2.407207168000000000e+09,1.668932567040000000e+11,3.032393157482147217e-01
3.324000000000000000e+03,5.430000000000000000e+02,1.426314158352920458e+01,2.000000000000000111e-01,5.000000000000000000e+02,3.485830720000000000e+08,7.833610649600000000e+10,3.841292485594749451e-02
1.360000000000000000e+02,3.254000000000000000e+03,2.921591797152364478e+01,1.788854381999831766e-01,4.600000000000000000e+01,3.086882406400000000e+10,1.199684452352000000e+12,6.945605874061584473e-01
1.562000000000000000e+03,2.422000000000000000e+03,7.566633359548188764e+01,1.505846504842085487e-01,7.300000000000000000e+01,1.521108377600000000e+10,7.037344808960000000e+11,2.304742574691772461e+00
2.930000000000000000e+02,2.730000000000000000e+03,2.030540733320367508e+01,1.087856586440842377e-01,3.420000000000000000e+02,5.387810560000000000e+08,1.542441533440000000e+11,2.097166627645492554e-01
7.550000000000000000e+02,1.558000000000000000e+03,7.631187237508095222e+01,1.333333333333333315e-01,1.590000000000000000e+02,4.272983296000000000e+09,2.772747223040000000e+11,1.467877030372619629e+00
2.637000000000000000e+03,2.683000000000000000e+03,2.209606472746581574e+01,1.863389981249824745e-01,6.500000000000000000e+01,1.665853132800000000e+10,1.051559329792000000e+12,3.637619912624359131e-01
3.195000000000000000e+03,1.330000000000000000e+03,2.526161047524538006e+01,1.666666666666666574e-01,3.850000000000000000e+02,1.439004544000000000e+09,1.228858818560000000e+11,4.246520996093750000e-01
3.628000000000000000e+03,3.402000000000000000e+03,3.104235135841758009e+01,1.638886943392722229e-01,5.500000000000000000e+01,2.626351104000000000e+10,8.398834892800000000e+11,2.084592580795288086e+00
1.723000000000000000e+03,1.672000000000000000e+03,9.264608979848134140e+01,1.016394535227177209e-01,4.000000000000000000e+00,3.269792563200000000e+10,7.531220172800000000e+11,7.694553852081298828e+00
2.168000000000000000e+03,2.612000000000000000e+03,6.595650337216964587e+00,1.874138920735300140e-01,7.800000000000000000e+01,1.819584102400000000e+10,8.121544212480000000e+11,4.277330338954925537e-01
2.977000000000000000e+03,4.000000000000000000e+01,1.609446793808324472e+01,8.600261451922268374e-02,2.900000000000000000e+01,3.051142758400000000e+10,1.378565881856000000e+12,1.916203647851943970e-02
3.972000000000000000e+03,2.424000000000000000e+03,1.572608320979439611e+01,2.000000000000000111e-01,1.100000000000000000e+01,8.969981952000000000e+10,1.230720466944000000e+12,1.840681076049804688e+00
8.490000000000000000e+02,2.099000000000000000e+03,5.997578823024565509e+01,6.148754619013457184e-02,4.400000000000000000e+01,3.624191180800000000e+10,9.603648716800000000e+11,5.364645123481750488e-01
1.738000000000000000e+03,2.686000000000000000e+03,3.336756880187216723e+01,1.720052290384453675e-01,3.330000000000000000e+02,1.039117440000000000e+09,1.621559214080000000e+11,4.655950963497161865e-01
2.475000000000000000e+03,2.291000000000000000e+03,3.745340752937689643e+01,1.250000000000000000e-01,1.700000000000000000e+02,5.476801024000000000e+09,3.088722821120000000e+11,2.779350578784942627e-01
3.428000000000000000e+03,9.440000000000000000e+02,6.277993900381609649e+01,5.882352941176470507e-02,1.620000000000000000e+02,8.009004032000000000e+09,3.621181194240000000e+11,7.825241237878799438e-02
1.493000000000000000e+03,1.417000000000000000e+03,1.673784640340840113e+01,1.571348402636772446e-01,1.530000000000000000e+02,1.254496972800000000e+10,4.504584847360000000e+11,0.000000000000000000e+00
1.900000000000000000e+01,1.044000000000000000e+03,3.870017448250941072e+01,1.000000000000000056e-01,4.900000000000000000e+02,4.628195520000000000e+08,7.573681766400000000e+10,1.297208666801452637e-01
2.885000000000000000e+03,3.529000000000000000e+03,1.152188420253309609e+01,1.863389981249824745e-01,3.900000000000000000e+01,1.933491814400000000e+10,1.077381758976000000e+12,1.537795662879943848e-01
2.514000000000000000e+03,2.623000000000000000e+03,1.389252301103842413e+01,1.666666666666666574e-01,2.560000000000000000e+02,1.478912000000000000e+09,1.442050211840000000e+11,1.923286914825439453e-01
2.815000000000000000e+03,3.793000000000000000e+03,1.508761510386839433e+01,1.597191412499849861e-01,1.830000000000000000e+02,2.252737536000000000e+09,2.073233326080000000e+11,5.686562657356262207e-01
2.252000000000000000e+03,1.341000000000000000e+03,9.710078791256492536e+01,1.285648693066450132e-01,8.000000000000000000e+01,1.309234585600000000e+10,7.702168862720000000e+11,1.206064105033874512e+00
3.997000000000000000e+03,2.888000000000000000e+03,2.045592078372423259e+02,1.397542485937368628e-01,2.230000000000000000e+02,6.367427584000000000e+09,2.936652431360000000e+11,7.391481399536132812e-01
3.579000000000000000e+03,1.251000000000000000e+03,4.430270660653774684e+01,1.315334104411640948e-01,1.540000000000000000e+02,4.324669952000000000e+09,3.907342827520000000e+11,1.292291641235351562e+00
2.450000000000000000e+02,1.279000000000000000e+03,1.066227811965328343e+01,1.597191412499849861e-01,2.620000000000000000e+02,1.951409664000000000e+09,2.083741040640000000e+11,4.481662213802337646e-01
2.522000000000000000e+03,3.988000000000000000e+03,4.639427968663151347e+01,1.315334104411640948e-01,7.600000000000000000e+01,1.071258521600000000e+10,3.784632238080000000e+11,1.643970608711242676e+00
3.803000000000000000e+03,1.815000000000000000e+03,3.639268253349821691e+01,1.666666666666666574e-01,2.150000000000000000e+02,2.387859200000000000e+09,1.421193871360000000e+11,6.492154002189636230e-01
1.948000000000000000e+03,1.595000000000000000e+03,1.981079553679073513e+01,9.428090415820634951e-02,2.650000000000000000e+02,2.214661888000000000e+09,2.296571658240000000e+11,1.728671044111251831e-01
1.875000000000000000e+03,1.481000000000000000e+03,1.893246938551032699e+01,1.597191412499849861e-01,3.060000000000000000e+02,1.568214528000000000e+09,2.011891138560000000e+11,4.769412279129028320e-01
2.346000000000000000e+03,3.112000000000000000e+03,3.231997523940098915e+01,1.571348402636772446e-01,1.330000000000000000e+02,8.948759552000000000e+09,4.674728427520000000e+11,5.500524640083312988e-01
3.354000000000000000e+03,1.638000000000000000e+03,8.566772678614814822e+02,8.333333333333332871e-02,4.050000000000000000e+02,7.004974720000000000e+08,1.149894082560000000e+11,1.356993317604064941e-01
5.860000000000000000e+02,4.220000000000000000e+02,2.610550701045792721e+01,1.597191412499849861e-01,2.520000000000000000e+02,4.293666560000000000e+09,2.213311774720000000e+11,9.273958206176757812e-01
3.102000000000000000e+03,3.182000000000000000e+03,3.082959978613214247e+01,1.538461538461538547e-01,1.340000000000000000e+02,2.217295616000000000e+09,1.731536650240000000e+11,6.493409276008605957e-01
2.974000000000000000e+03,4.300000000000000000e+01,2.661667134306260607e+01,8.600261451922268374e-02,2.900000000000000000e+01,3.051142758400000000e+10,1.378565881856000000e+12,1.916203647851943970e-02
2.841000000000000000e+03,1.204000000000000000e+03,3.455486286579993305e+01,1.242259987499883256e-01,1.110000000000000000e+02,1.699877120000000000e+09,4.605679697920000000e+11,1.063262104988098145e+00
3.081000000000000000e+03,1.577000000000000000e+03,2.149495773929297116e+01,1.010152544552210818e-01,2.770000000000000000e+02,2.816187904000000000e+09,1.890902179840000000e+11,1.188701033592224121e+00
2.359000000000000000e+03,2.657000000000000000e+03,1.149292732449712950e+01,1.863389981249824745e-01,4.040000000000000000e+02,7.253898880000000000e+08,1.196070666240000000e+11,1.140825897455215454e-01
1.563000000000000000e+03,2.423000000000000000e+03,1.006220683382550050e+02,1.346870059402947850e-01,7.300000000000000000e+01,1.521108377600000000e+10,7.037344808960000000e+11,2.304742574691772461e+00
2.034000000000000000e+03,3.777000000000000000e+03,2.063678704576022938e+01,1.720052290384453675e-01,3.480000000000000000e+02,2.435975680000000000e+09,1.663812239360000000e+11,3.302110433578491211e-01
1.400000000000000000e+02,3.257000000000000000e+03,3.051802060709642106e+01,4.000000000000000083e-02,4.600000000000000000e+01,3.086882406400000000e+10,1.199684452352000000e+12,6.945605874061584473e-01
2.196000000000000000e+03,3.089000000000000000e+03,2.110896351325759923e+01,1.863389981249824745e-01,4.270000000000000000e+02,9.537302400000000000e+08,1.312612106240000000e+11,1.773587763309478760e-01
3.164000000000000000e+03,2.941000000000000000e+03,1.654675028083843458e+01,7.692307692307692735e-02,3.210000000000000000e+02,1.336870656000000000e+09,1.717944975360000000e+11,3.042835891246795654e-01
3.221000000000000000e+03,2.247000000000000000e+03,5.940233183946524065e+01,1.428571428571428492e-01,3.400000000000000000e+01,1.937896243200000000e+10,6.661144576000000000e+11,4.488957405090332031e+00
1.948000000000000000e+03,1.567000000000000000e+03,1.086133696113642912e+02,5.882352941176470507e-02,1.680000000000000000e+02,4.238181888000000000e+09,3.463638876160000000e+11,4.832215607166290283e-01
2.638000000000000000e+03,2.683000000000000000e+03,2.276151190691206594e+01,1.502313031443328895e-01,6.500000000000000000e+01,1.665853132800000000e+10,1.051559329792000000e+12,3.637619912624359131e-01
6.020000000000000000e+02,3.752000000000000000e+03,2.790697185127742674e+00,1.788854381999831766e-01,5.200000000000000000e+01,2.365812326400000000e+10,1.221729583104000000e+12,2.599559258669614792e-03
7.270000000000000000e+02,2.577000000000000000e+03,1.593437350946718389e+01,1.863389981249824745e-01,3.440000000000000000e+02,1.188896384000000000e+09,1.306450001920000000e+11,2.416017353534698486e-01
3.532000000000000000e+03,3.279000000000000000e+03,1.446541535412522705e+01,2.000000000000000111e-01,5.180000000000000000e+02,4.305430400000000000e+08,8.594245222400000000e+10,6.460960209369659424e-02
2.065000000000000000e+03,1.162000000000000000e+03,2.025858066337625019e+01,1.538461538461538547e-01,3.430000000000000000e+02,9.461294720000000000e+08,1.510497648640000000e+11,2.699825167655944824e-01
3.874000000000000000e+03,5.370000000000000000e+02,4.793207060762239990e+01,1.764705882352941291e-01,1.630000000000000000e+02,6.503384064000000000e+09,3.622422118400000000e+11,4.421492815017700195e-01
2.210000000000000000e+03,3.703000000000000000e+03,3.930962406561343414e+01,1.663780661615406053e-01,7.400000000000000000e+01,7.382875136000000000e+09,3.429553274880000000e+11,1.600151181221008301e+00
5.420000000000000000e+02,2.460000000000000000e+03,4.798417094784360870e+01,1.315334104411640948e-01,1.200000000000000000e+02,6.955766784000000000e+09,3.694168965120000000e+11,7.630509138107299805e-01
1.130000000000000000e+02,3.034000000000000000e+03,5.635804689843801896e+01,1.315334104411640948e-01,1.740000000000000000e+02,4.990999040000000000e+09,3.433584721920000000e+11,1.326729059219360352e+00
2.726000000000000000e+03,2.721000000000000000e+03,2.252015339085060219e+01,1.885618083164126990e-01,2.340000000000000000e+02,1.103645952000000000e+09,2.464357416960000000e+11,1.935859620571136475e-01
1.143000000000000000e+03,3.900000000000000000e+03,6.149640994889442425e+01,1.374368541872553473e-01,6.000000000000000000e+00,3.639146905600000000e+10,2.032646619136000000e+12,2.737049102783203125e+00
2.522000000000000000e+03,3.815000000000000000e+03,1.358412931014065173e+01,1.863389981249824745e-01,4.500000000000000000e+02,5.818505600000000000e+08,1.187542220800000000e+11,1.592583358287811279e-01
3.560000000000000000e+03,2.395000000000000000e+03,2.331789742073982197e+01,1.538461538461538547e-01,3.830000000000000000e+02,5.339427520000000000e+08,1.492280115200000000e+11,1.526808738708496094e-01
3.806000000000000000e+03,2.181000000000000000e+03,1.851660552274112703e+01,1.789047803028888106e-01,3.000000000000000000e+00,6.908092416000000000e+10,3.004823764992000000e+12,6.583381295204162598e-01
3.799000000000000000e+03,6.200000000000000000e+02,3.583109905925271477e+01,1.885618083164126990e-01,1.900000000000000000e+02,5.169756160000000000e+09,2.290967183360000000e+11,7.144913673400878906e-01
1.720000000000000000e+03,1.675000000000000000e+03,9.935730661191041690e+01,1.016394535227177209e-01,4.000000000000000000e+00,3.269792563200000000e+10,7.531220172800000000e+11,7.694553852081298828e+00
1.938000000000000000e+03,3.889000000000000000e+03,2.017905165617272800e+01,1.944406936956339094e-01,4.200000000000000000e+01,3.713277542400000000e+10,9.399391354880000000e+11,8.075914978981018066e-01
3.812000000000000000e+03,2.179000000000000000e+03,3.725604864551667106e+01,8.823529411764706454e-02,3.000000000000000000e+00,6.908092416000000000e+10,3.004823764992000000e+12,6.583381295204162598e-01
2.252000000000000000e+03,1.346000000000000000e+03,5.285080658780275797e+01,1.638886943392722229e-01,8.000000000000000000e+01,1.309234585600000000e+10,7.702168862720000000e+11,1.206064105033874512e+00
3.996000000000000000e+03,2.889000000000000000e+03,6.911230151457959892e+01,1.397542485937368628e-01,2.230000000000000000e+02,6.367427584000000000e+09,2.936652431360000000e+11,7.391481399536132812e-01
3.027000000000000000e+03,3.269000000000000000e+03,1.562215510338393365e+01,1.950639396376682988e-01,2.000000000000000000e+01,4.071325696000000000e+10,1.826836054016000000e+12,6.263589262962341309e-01
2.771000000000000000e+03,3.289000000000000000e+03,4.697767385681097352e+01,1.904761904761904656e-01,6.000000000000000000e+01,1.726131609600000000e+10,6.972415016960000000e+11,3.165255308151245117e+00
2.737000000000000000e+03,2.464000000000000000e+03,4.197285047555023851e+01,1.717960677340691911e-01,3.700000000000000000e+01,2.916994662400000000e+10,1.049209339904000000e+12,5.184139728546142578e+00
2.333000000000000000e+03,2.430000000000000000e+03,1.404172044258850960e+01,8.695652173913043237e-02,2.600000000000000000e+01,3.573933670400000000e+10,9.417555968000000000e+11,4.417076408863067627e-01
2.476000000000000000e+03,2.286000000000000000e+03,2.161917979110260646e+01,1.976423537605237202e-01,1.700000000000000000e+02,5.476801024000000000e+09,3.088722821120000000e+11,2.779350578784942627e-01
3.285000000000000000e+03,3.290000000000000000e+03,6.080677153421800085e+01,6.775963568181181396e-02,5.000000000000000000e+00,5.707350016000000000e+10,2.649217302528000000e+12,1.466975212097167969e+00
7.520000000000000000e+02,2.821000000000000000e+03,1.559284353345365126e+01,1.597191412499849861e-01,2.860000000000000000e+02,2.467872256000000000e+09,2.249883156480000000e+11,3.860072791576385498e-01
1.952000000000000000e+03,1.567000000000000000e+03,2.874646947173462053e+01,1.764705882352941291e-01,1.680000000000000000e+02,4.238181888000000000e+09,3.463638876160000000e+11,4.832215607166290283e-01
3.766000000000000000e+03,1.255000000000000000e+03,8.380685219983553225e+01,1.818181818181818232e-01,3.500000000000000000e+01,2.187055104000000000e+10,8.474401177600000000e+11,4.325410366058349609e+00
2.979000000000000000e+03,3.800000000000000000e+01,1.402945199990250380e+01,1.923076923076923184e-01,2.900000000000000000e+01,3.051142758400000000e+10,1.378565881856000000e+12,1.916203647851943970e-02
2.016000000000000000e+03,3.855000000000000000e+03,4.237629499147971046e+01,1.250000000000000000e-01,4.340000000000000000e+02,5.916048000000000000e+08,4.378447052800000000e+10,5.739155411720275879e-02
1.824000000000000000e+03,1.936000000000000000e+03,2.346126687923964838e+01,1.885618083164126990e-01,1.580000000000000000e+02,3.659788544000000000e+09,2.476780093440000000e+11,1.194774508476257324e+00
3.255000000000000000e+03,1.000000000000000000e+03,1.914447951421268357e+01,2.000000000000000111e-01,2.370000000000000000e+02,3.028088576000000000e+09,2.741256683520000000e+11,8.339931368827819824e-01
1.139000000000000000e+03,3.904000000000000000e+03,4.696944003162987968e+01,1.666666666666666574e-01,6.000000000000000000e+00,3.639146905600000000e+10,2.032646619136000000e+12,2.737049102783203125e+00
4.100000000000000000e+02,3.225000000000000000e+03,2.195109945523869754e+01,1.333333333333333315e-01,2.280000000000000000e+02,4.945746432000000000e+09,2.675654328320000000e+11,5.228156447410583496e-01
2.475000000000000000e+03,2.290000000000000000e+03,5.206395188083619985e+01,6.250000000000000000e-02,1.700000000000000000e+02,5.476801024000000000e+09,3.088722821120000000e+11,2.779350578784942627e-01
3.977000000000000000e+03,2.093000000000000000e+03,1.669492871942472050e+02,5.000000000000000278e-02,8.100000000000000000e+01,1.206914457600000000e+10,6.047352750080000000e+11,3.115982770919799805e+00
1.828000000000000000e+03,2.209000000000000000e+03,3.924261796834143468e+01,1.490711984999859852e-01,2.450000000000000000e+02,5.440987648000000000e+09,2.382794752000000000e+11,1.636620014905929565e-01
3.557000000000000000e+03,1.408000000000000000e+03,4.006990373093811542e+01,1.397542485937368628e-01,1.440000000000000000e+02,6.393047040000000000e+09,3.163068497920000000e+11,2.523791491985321045e-01
4.370000000000000000e+02,2.739000000000000000e+03,5.651632579059997852e+01,1.064794274999899953e-01,8.600000000000000000e+01,1.698641715200000000e+10,6.620944138240000000e+11,0.000000000000000000e+00
5.730000000000000000e+02,8.070000000000000000e+02,3.099930263689831023e+01,1.490711984999859852e-01,1.750000000000000000e+02,3.009767936000000000e+09,2.583236935680000000e+11,8.106874227523803711e-01
1.275000000000000000e+03,3.927000000000000000e+03,1.871558866095509543e+01,5.439282932204211884e-02,4.700000000000000000e+01,2.999850598400000000e+10,1.287392722944000000e+12,2.840396203100681305e-02
1.671000000000000000e+03,2.895000000000000000e+03,1.664785390793074171e+01,1.818181818181818232e-01,4.070000000000000000e+02,8.061975040000000000e+08,1.085708615680000000e+11,3.856651186943054199e-01
9.990000000000000000e+02,1.276000000000000000e+03,6.089897370435205204e+01,1.397542485937368628e-01,1.370000000000000000e+02,4.205209088000000000e+09,3.010017689600000000e+11,9.139043688774108887e-01
2.015000000000000000e+03,3.855000000000000000e+03,3.665452809686456703e+01,1.767766952966368932e-01,4.340000000000000000e+02,5.916048000000000000e+08,4.378447052800000000e+10,5.739155411720275879e-02
3.872000000000000000e+03,1.993000000000000000e+03,8.530463036029097168e+01,1.285648693066450132e-01,1.000000000000000000e+01,3.875450880000000000e+10,7.929460817920000000e+11,4.334609508514404297e+00
2.976000000000000000e+03,3.900000000000000000e+01,3.240593330590051124e+01,8.600261451922268374e-02,2.900000000000000000e+01,3.051142758400000000e+10,1.378565881856000000e+12,1.916203647851943970e-02
1.350000000000000000e+02,3.256000000000000000e+03,1.077066951738323830e+01,2.000000000000000111e-01,4.600000000000000000e+01,3.086882406400000000e+10,1.199684452352000000e+12,6.945605874061584473e-01
2.033000000000000000e+03,7.820000000000000000e+02,1.690219987570459637e+01,4.761904761904761640e-02,8.900000000000000000e+01,2.648002355200000000e+10,6.947226255360000000e+11,2.919432893395423889e-02
1.840000000000000000e+02,2.700000000000000000e+03,2.415231413504076130e+01,1.578947368421052544e-01,1.100000000000000000e+02,1.130036121600000000e+10,4.833563115520000000e+11,1.303891420364379883e+00
2.510000000000000000e+03,2.624000000000000000e+03,3.008374373031802662e+01,1.863389981249824745e-01,2.560000000000000000e+02,1.478912000000000000e+09,1.442050211840000000e+11,1.923286914825439453e-01
4.850000000000000000e+02,8.250000000000000000e+02,7.104870773475663270e+01,1.963383631246505001e-01,4.000000000000000000e+01,1.619209011200000000e+10,7.339425792000000000e+11,2.455300569534301758e+00
1.669000000000000000e+03,2.893000000000000000e+03,2.210982072636004503e+01,1.818181818181818232e-01,4.070000000000000000e+02,8.061975040000000000e+08,1.085708615680000000e+11,3.856651186943054199e-01
1.123000000000000000e+03,3.276000000000000000e+03,1.727494116606813535e+01,1.285648693066450132e-01,4.220000000000000000e+02,3.925907840000000000e+08,9.555149619200000000e+10,9.327738732099533081e-02
3.080000000000000000e+03,1.578000000000000000e+03,2.315473888633259136e+01,1.428571428571428492e-01,2.770000000000000000e+02,2.816187904000000000e+09,1.890902179840000000e+11,1.188701033592224121e+00
3.157000000000000000e+03,2.217000000000000000e+03,3.492485235594017468e+01,1.666666666666666574e-01,4.740000000000000000e+02,8.975640960000000000e+08,1.160296693760000000e+11,1.407080143690109253e-01
3.647000000000000000e+03,3.127000000000000000e+03,3.601682049235456873e+01,1.860163329510811370e-01,1.360000000000000000e+02,7.123006976000000000e+09,3.876921016320000000e+11,3.230233490467071533e-01
2.388000000000000000e+03,1.753000000000000000e+03,7.941224282552329328e+01,5.555555555555555247e-02,1.270000000000000000e+02,7.644780544000000000e+09,4.254506352640000000e+11,3.315616548061370850e-01
2.522000000000000000e+03,3.817000000000000000e+03,1.523569306572096238e+01,1.863389981249824745e-01,4.500000000000000000e+02,5.818505600000000000e+08,1.187542220800000000e+11,1.592583358287811279e-01
2.078000000000000000e+03,1.648000000000000000e+03,2.746350667709791438e+01,1.285648693066450132e-01,4.510000000000000000e+02,1.079219200000000000e+09,9.130695884800000000e+10,2.056453824043273926e-01
1.635000000000000000e+03,1.600000000000000000e+03,1.663025907155678951e+01,1.242259987499883256e-01,1.260000000000000000e+02,8.510359040000000000e+09,4.107794513920000000e+11,1.171465665102005005e-01
1.860000000000000000e+02,3.227000000000000000e+03,1.830891732949173445e+01,1.414213562373095034e-01,5.300000000000000000e+02,4.330543360000000000e+08,8.370465996800000000e+10,6.094821169972419739e-02
2.403000000000000000e+03,1.306000000000000000e+03,3.025558879093944498e+01,8.281733249999222168e-02,2.200000000000000000e+01,5.448031846400000000e+10,1.445857329152000000e+12,2.244370937347412109e+00
1.281000000000000000e+03,3.926000000000000000e+03,7.279930828852664071e+00,1.923076923076923184e-01,4.700000000000000000e+01,2.999850598400000000e+10,1.287392722944000000e+12,2.840396203100681305e-02
3.195000000000000000e+03,6.100000000000000000e+01,2.559668180704410290e+01,1.428571428571428492e-01,3.090000000000000000e+02,1.334211968000000000e+09,1.977185402880000000e+11,1.896062344312667847e-01
3.192000000000000000e+03,3.622000000000000000e+03,4.092810706805080656e+01,1.538461538461538547e-01,2.890000000000000000e+02,8.500677760000000000e+08,1.523528990720000000e+11,5.959406495094299316e-01
2.860000000000000000e+03,1.455000000000000000e+03,3.223945197923447381e+01,1.720052290384453675e-01,3.310000000000000000e+02,1.269820288000000000e+09,1.549701447680000000e+11,3.186146616935729980e-01
2.626000000000000000e+03,6.400000000000000000e+01,3.432907644943194470e+01,1.666666666666666574e-01,3.290000000000000000e+02,7.473985280000000000e+08,1.281122058240000000e+11,2.677565217018127441e-01
3.515000000000000000e+03,1.283000000000000000e+03,8.337475245537017088e+01,1.490711984999859852e-01,1.140000000000000000e+02,6.764808192000000000e+09,2.704004382720000000e+11,1.261621594429016113e+00
1.123000000000000000e+03,9.960000000000000000e+02,2.017839787033832621e+01,1.495879113092917767e-01,2.000000000000000000e+00,6.382575616000000000e+10,3.543532568576000000e+12,8.956543803215026855e-01
2.207000000000000000e+03,3.702000000000000000e+03,7.440700700755115804e+01,1.860163329510811370e-01,7.400000000000000000e+01,7.382875136000000000e+09,3.429553274880000000e+11,1.600151181221008301e+00
3.425000000000000000e+03,2.399000000000000000e+03,4.255386776489299905e+01,1.720052290384453675e-01,2.330000000000000000e+02,1.306718592000000000e+09,1.563776942080000000e+11,2.441019564867019653e-01
3.225000000000000000e+03,9.910000000000000000e+02,2.992959133923142545e+01,1.346870059402947850e-01,9.500000000000000000e+01,2.260675584000000000e+10,6.546320916480000000e+11,8.015154600143432617e-01
2.425000000000000000e+03,2.760000000000000000e+02,1.383301842389155567e+01,1.414213562373095034e-01,5.450000000000000000e+02,4.646134400000000000e+08,6.646086041600000000e+10,8.333577960729598999e-02
2.330000000000000000e+03,2.434000000000000000e+03,1.309109347786918676e+01,1.567630989332169100e-01,2.600000000000000000e+01,3.573933670400000000e+10,9.417555968000000000e+11,4.417076408863067627e-01
2.191000000000000000e+03,2.966000000000000000e+03,3.333241805727844564e+01,1.818181818181818232e-01,4.670000000000000000e+02,3.936717440000000000e+08,9.084044083200000000e+10,7.959128916263580322e-02
4.090000000000000000e+02,3.221000000000000000e+03,7.586708771101363880e+01,1.490711984999859852e-01,2.280000000000000000e+02,4.945746432000000000e+09,2.675654328320000000e+11,5.228156447410583496e-01
2.556000000000000000e+03,1.636000000000000000e+03,1.563115262961017393e+01,1.863389981249824745e-01,4.420000000000000000e+02,6.175178880000000000e+08,1.357595607040000000e+11,1.168741956353187561e-01
2.042000000000000000e+03,2.217000000000000000e+03,1.792269441919117696e+02,7.692307692307692735e-02,3.950000000000000000e+02,4.258775296000000000e+09,1.522953748480000000e+11,3.139898777008056641e-01
5.370000000000000000e+02,2.460000000000000000e+03,4.270286151005941377e+01,1.860163329510811370e-01,1.200000000000000000e+02,6.955766784000000000e+09,3.694168965120000000e+11,7.630509138107299805e-01
7.380000000000000000e+02,3.034000000000000000e+03,1.897364143694226257e+01,1.571348402636772446e-01,1.690000000000000000e+02,7.073868288000000000e+09,4.103612989440000000e+11,8.517970144748687744e-02
1.850000000000000000e+02,2.694000000000000000e+03,1.198658394665557694e+02,1.664356663246515655e-01,1.100000000000000000e+02,1.130036121600000000e+10,4.833563115520000000e+11,1.303891420364379883e+00
5.760000000000000000e+02,8.060000000000000000e+02,6.285283355151716478e+01,1.490711984999859852e-01,1.750000000000000000e+02,3.009767936000000000e+09,2.583236935680000000e+11,8.106874227523803711e-01
9.600000000000000000e+01,1.325000000000000000e+03,1.958446715334448527e+02,1.317615691736824801e-01,4.500000000000000000e+01,2.534583910400000000e+10,1.017070354432000000e+12,1.962765812873840332e+00
2.472000000000000000e+03,2.289000000000000000e+03,1.730431733437905351e+01,1.875000000000000000e-01,1.700000000000000000e+02,5.476801024000000000e+09,3.088722821120000000e+11,2.779350578784942627e-01
2.192000000000000000e+03,2.967000000000000000e+03,2.382660225834212753e+01,1.285648693066450132e-01,4.670000000000000000e+02,3.936717440000000000e+08,9.084044083200000000e+10,7.959128916263580322e-02
2.967000000000000000e+03,3.716000000000000000e+03,1.310754367317898925e+02,1.488645855129573925e-01,9.100000000000000000e+01,1.009944064000000000e+10,4.783271772160000000e+11,2.100039958953857422e+00
1.291000000000000000e+03,1.800000000000000000e+03,2.652676890996385239e+01,1.442220510185595606e-01,5.000000000000000000e+01,3.057143193600000000e+10,1.127562608640000000e+12,2.546044588088989258e+00
1.598000000000000000e+03,2.131000000000000000e+03,2.258932733361578471e+01,1.716929178792375721e-01,3.200000000000000000e+01,3.833240780800000000e+10,6.712152555520000000e+11,1.721168041229248047e+00
3.123000000000000000e+03,2.689000000000000000e+03,1.917441368500010412e+01,8.333333333333332871e-02,2.850000000000000000e+02,4.818891840000000000e+08,1.156285726720000000e+11,1.449178606271743774e-01
6.980000000000000000e+02,2.359000000000000000e+03,3.832192158162442297e+01,1.397542485937368628e-01,1.650000000000000000e+02,5.079975936000000000e+09,3.063907942400000000e+11,7.000707089900970459e-02
2.075000000000000000e+03,2.844000000000000000e+03,3.822971808248426129e+01,1.716929178792375721e-01,1.200000000000000000e+01,2.315846656000000000e+10,7.122979389440000000e+11,2.079156398773193359e+00
1.711000000000000000e+03,1.473000000000000000e+03,3.346679947215698689e+02,8.333333333333332871e-02,3.840000000000000000e+02,1.221574144000000000e+09,1.177819627520000000e+11,1.518055200576782227e-01
3.053000000000000000e+03,3.401000000000000000e+03,1.424006812702011793e+01,1.863389981249824745e-01,4.900000000000000000e+01,3.686430310400000000e+10,1.007178809344000000e+12,2.341371476650238037e-01
2.474000000000000000e+03,2.288000000000000000e+03,7.555630349294610824e+02,8.838834764831844659e-02,1.700000000000000000e+02,5.476801024000000000e+09,3.088722821120000000e+11,2.779350578784942627e-01
3.172000000000000000e+03,2.665000000000000000e+03,4.155193448896357467e+01,1.397542485937368628e-01,2.550000000000000000e+02,2.954721792000000000e+09,2.781572300800000000e+11,5.748847723007202148e-01
2.637000000000000000e+03,2.684000000000000000e+03,2.164383141180444525e+01,1.717960677340691911e-01,6.500000000000000000e+01,1.665853132800000000e+10,1.051559329792000000e+12,3.637619912624359131e-01
1.071000000000000000e+03,3.220000000000000000e+02,1.194327612809567682e+02,8.838834764831844659e-02,1.950000000000000000e+02,7.304026624000000000e+09,2.994953256960000000e+11,1.573765158653259277e+00
3.530000000000000000e+03,3.278000000000000000e+03,3.018371288669400769e+02,1.000000000000000056e-01,5.180000000000000000e+02,4.305430400000000000e+08,8.594245222400000000e+10,6.460960209369659424e-02
6.930000000000000000e+02,2.361000000000000000e+03,2.655776988256437221e+01,1.976423537605237202e-01,1.650000000000000000e+02,5.079975936000000000e+09,3.063907942400000000e+11,7.000707089900970459e-02
2.663000000000000000e+03,1.245000000000000000e+03,2.174317153628010857e+01,7.142857142857142461e-02,3.020000000000000000e+02,6.628715520000000000e+08,2.089779691520000000e+11,2.268926203250885010e-01
1.663000000000000000e+03,1.085000000000000000e+03,4.451609315006850665e+01,1.250000000000000000e-01,1.640000000000000000e+02,5.659436544000000000e+09,3.017778790400000000e+11,7.089489698410034180e-01
1.243000000000000000e+03,1.354000000000000000e+03,1.079858718006805773e+01,1.571348402636772446e-01,5.530000000000000000e+02,3.407267520000000000e+08,4.682190028800000000e+10,0.000000000000000000e+00
9.340000000000000000e+02,3.718000000000000000e+03,3.986148662832000156e+01,1.802775637731994507e-01,8.700000000000000000e+01,1.389513318400000000e+10,6.118853181440000000e+11,2.075522422790527344e+00
3.154000000000000000e+03,3.273000000000000000e+03,5.211079401384659349e+01,1.490711984999859852e-01,2.380000000000000000e+02,2.390858752000000000e+09,2.606460928000000000e+11,6.457555890083312988e-01
3.157000000000000000e+03,1.900000000000000000e+02,3.577237135018980041e+01,2.000000000000000111e-01,2.570000000000000000e+02,4.403293184000000000e+09,2.356937850880000000e+11,1.131350159645080566e+00
3.931000000000000000e+03,3.594000000000000000e+03,2.989617149154267040e+01,1.756820922315766309e-01,1.390000000000000000e+02,9.714296832000000000e+09,4.292546396160000000e+11,5.341334939002990723e-01
2.788000000000000000e+03,5.270000000000000000e+02,2.187290737106273752e+01,1.863389981249824745e-01,2.730000000000000000e+02,5.777141760000000000e+08,1.435401748480000000e+11,1.002508848905563354e-01
2.150000000000000000e+02,3.093000000000000000e+03,4.497675969820354425e+01,1.597191412499849861e-01,3.000000000000000000e+02,6.702331520000000000e+08,2.216096890880000000e+11,2.691870629787445068e-01
1.075000000000000000e+03,3.200000000000000000e+02,3.018121182544471992e+01,1.976423537605237202e-01,1.950000000000000000e+02,7.304026624000000000e+09,2.994953256960000000e+11,1.573765158653259277e+00
8.400000000000000000e+02,4.340000000000000000e+02,8.665469211065742172e+01,1.638886943392722229e-01,7.200000000000000000e+01,2.465830912000000000e+10,7.708183101440000000e+11,4.504816055297851562e+00
2.966000000000000000e+03,3.717000000000000000e+03,8.202944810442292578e+01,1.664356663246515655e-01,9.100000000000000000e+01,1.009944064000000000e+10,4.783271772160000000e+11,2.100039958953857422e+00
1.934000000000000000e+03,3.884000000000000000e+03,2.489527807583775143e+01,1.304347826086956486e-01,4.200000000000000000e+01,3.713277542400000000e+10,9.399391354880000000e+11,8.075914978981018066e-01
3.661000000000000000e+03,4.550000000000000000e+02,1.132303998280987756e+01,1.000000000000000056e-01,1.080000000000000000e+02,2.184303411200000000e+10,6.355629506560000000e+11,4.387347102165222168e-01
1.400000000000000000e+02,3.261000000000000000e+03,7.602690876182260915e+00,2.000000000000000111e-01,4.600000000000000000e+01,3.086882406400000000e+10,1.199684452352000000e+12,6.945605874061584473e-01
2.086000000000000000e+03,4.740000000000000000e+02,5.820932608228572036e+01,1.428571428571428492e-01,2.350000000000000000e+02,2.742836224000000000e+09,2.052629954560000000e+11,5.753920674324035645e-01
1.490000000000000000e+02,1.420000000000000000e+03,2.897823558937353994e+01,1.315334104411640948e-01,1.380000000000000000e+02,7.502512640000000000e+09,3.607066378240000000e+11,8.586055040359497070e-02
2.641000000000000000e+03,2.689000000000000000e+03,1.859103750821377332e+01,1.666666666666666574e-01,6.500000000000000000e+01,1.665853132800000000e+10,1.051559329792000000e+12,3.637619912624359131e-01
3.280000000000000000e+03,3.294000000000000000e+03,2.302875249921675049e+01,1.355192713636236279e-01,5.000000000000000000e+00,5.707350016000000000e+10,2.649217302528000000e+12,1.466975212097167969e+00
2.171000000000000000e+03,2.615000000000000000e+03,7.439972911217826557e+00,1.016394535227177209e-01,7.800000000000000000e+01,1.819584102400000000e+10,8.121544212480000000e+11,4.277330338954925537e-01
3.979000000000000000e+03,2.091000000000000000e+03,6.059375726210284796e+01,1.118033988749894958e-01,8.100000000000000000e+01,1.206914457600000000e+10,6.047352750080000000e+11,3.115982770919799805e+00
1.180000000000000000e+02,2.329000000000000000e+03,2.545562695001981623e+01,2.000000000000000111e-01,2.300000000000000000e+01,3.876257382400000000e+10,1.158851198976000000e+12,9.720131754875183105e-01
1.278000000000000000e+03,3.922000000000000000e+03,1.092714365505952578e+01,1.720052290384453675e-01,4.700000000000000000e+01,2.999850598400000000e+10,1.287392722944000000e+12,2.840396203100681305e-02
3.022000000000000000e+03,3.269000000000000000e+03,1.492425977954073879e+01,1.421760560557814024e-01,2.000000000000000000e+01,4.071325696000000000e+10,1.826836054016000000e+12,6.263589262962341309e-01
2.210000000000000000e+03,3.704000000000000000e+03,6.959382633903850035e+01,1.315334104411640948e-01,7.400000000000000000e+01,7.382875136000000000e+09,3.429553274880000000e+11,1.600151181221008301e+00
6.750000000000000000e+02,1.611000000000000000e+03,4.229836134683888815e+01,7.443229275647869625e-02,1.170000000000000000e+02,9.497686016000000000e+09,5.323860869120000000e+11,5.192977190017700195e-01
2.419000000000000000e+03,2.660000000000000000e+03,8.495438442293946082e+02,1.666666666666666574e-01,1.120000000000000000e+02,3.294868992000000000e+09,4.550815252480000000e+11,1.575487017631530762e+00
3.449000000000000000e+03,1.221000000000000000e+03,2.410425504360446780e+01,1.315334104411640948e-01,5.900000000000000000e+01,1.250927923200000000e+10,3.361745141760000000e+11,9.381470084190368652e-01
3.695000000000000000e+03,2.343000000000000000e+03,3.617469273400659802e+01,7.692307692307692735e-02,3.870000000000000000e+02,1.063596416000000000e+09,1.528079974400000000e+11,2.094728499650955200e-01
3.497000000000000000e+03,3.194000000000000000e+03,6.732980789607178451e+01,1.437398936440172637e-01,3.600000000000000000e+01,2.303946342400000000e+10,7.790489763840000000e+11,2.043790340423583984e+00
3.253000000000000000e+03,1.096000000000000000e+03,2.207655997858460495e+01,0.000000000000000000e+00,4.960000000000000000e+02,5.087050880000000000e+08,8.589599539200000000e+10,7.234873622655868530e-02
2.241000000000000000e+03,5.900000000000000000e+02,2.057568406502375069e+01,1.285648693066450132e-01,3.570000000000000000e+02,7.882477440000000000e+08,8.887947264000000000e+10,1.408489197492599487e-01
3.269000000000000000e+03,1.568000000000000000e+03,3.747988396088643981e+01,7.142857142857142461e-02,3.040000000000000000e+02,1.364470144000000000e+09,1.844859043840000000e+11,2.695780396461486816e-01
2.161000000000000000e+03,1.060000000000000000e+02,1.160634277108374235e+01,1.844626385704036808e-01,6.300000000000000000e+01,2.905395609600000000e+10,9.190184058880000000e+11,6.639138460159301758e-01
3.996000000000000000e+03,1.521000000000000000e+03,1.277249653352348169e+01,1.720052290384453675e-01,3.680000000000000000e+02,1.454576512000000000e+09,1.598858690560000000e+11,2.514202892780303955e-01
1.664000000000000000e+03,1.084000000000000000e+03,2.924423846346629929e+01,1.976423537605237202e-01,1.640000000000000000e+02,5.659436544000000000e+09,3.017778790400000000e+11,7.089489698410034180e-01
2.838000000000000000e+03,1.207000000000000000e+03,2.987742141559493447e+01,1.242259987499883256e-01,1.110000000000000000e+02,1.699877120000000000e+09,4.605679697920000000e+11,1.063262104988098145e+00
2.386000000000000000e+03,1.751000000000000000e+03,1.188180706687257526e+02,1.242259987499883256e-01,1.270000000000000000e+02,7.644780544000000000e+09,4.254506352640000000e+11,3.315616548061370850e-01
3.772000000000000000e+03,1.961000000000000000e+03,1.115115082718822315e+01,2.000000000000000111e-01,2.390000000000000000e+02,3.774906624000000000e+09,2.424068341760000000e+11,8.290513157844543457e-01
3.580000000000000000e+03,1.250000000000000000e+03,3.046938204034556819e+01,1.764705882352941291e-01,1.540000000000000000e+02,4.324669952000000000e+09,3.907342827520000000e+11,1.292291641235351562e+00
3.724000000000000000e+03,2.498000000000000000e+03,7.369658775421032715e+01,6.428243465332250661e-02,4.300000000000000000e+01,1.800707276800000000e+10,8.294295797760000000e+11,1.875314235687255859e+00
2.270000000000000000e+02,1.115000000000000000e+03,8.727920513949217707e+01,1.363636363636363535e-01,4.800000000000000000e+01,1.859853926400000000e+10,8.332313886720000000e+11,3.081290960311889648e+00
2.657000000000000000e+03,2.873000000000000000e+03,1.230170640300405793e+01,9.523809523809523281e-02,8.800000000000000000e+01,1.554958643200000000e+10,7.107728506880000000e+11,2.068511694669723511e-01
3.196000000000000000e+03,3.623000000000000000e+03,3.533751032928951474e+01,1.720052290384453675e-01,2.890000000000000000e+02,8.500677760000000000e+08,1.523528990720000000e+11,5.959406495094299316e-01
3.040000000000000000e+03,2.111000000000000000e+03,2.074941743939846361e+01,1.863389981249824745e-01,2.250000000000000000e+02,1.045512128000000000e+09,1.299353436160000000e+11,1.811029165983200073e-01
2.726000000000000000e+03,2.722000000000000000e+03,2.804479169040583031e+01,1.490711984999859852e-01,2.340000000000000000e+02,1.103645952000000000e+09,2.464357416960000000e+11,1.935859620571136475e-01
1.870000000000000000e+03,1.722000000000000000e+03,2.023476948676038134e+01,1.597191412499849861e-01,2.190000000000000000e+02,3.432410624000000000e+09,2.009583779840000000e+11,8.318915367126464844e-01
3.067000000000000000e+03,3.157000000000000000e+03,5.326500305144144676e+01,1.764705882352941291e-01,1.460000000000000000e+02,7.562950656000000000e+09,3.855246950400000000e+11,1.378396868705749512e+00
2.152000000000000000e+03,1.541000000000000000e+03,3.622834183841924727e+01,1.315334104411640948e-01,1.550000000000000000e+02,5.122565120000000000e+09,3.613662904320000000e+11,1.124724626541137695e+00
3.813000000000000000e+03,2.177000000000000000e+03,1.499845337190278194e+01,1.499711621644936599e-01,3.000000000000000000e+00,6.908092416000000000e+10,3.004823764992000000e+12,6.583381295204162598e-01
1.824000000000000000e+03,1.935000000000000000e+03,3.098481639917674357e+01,1.490711984999859852e-01,1.580000000000000000e+02,3.659788544000000000e+09,2.476780093440000000e+11,1.194774508476257324e+00
3.053000000000000000e+03,3.399000000000000000e+03,1.482379036477799872e+01,1.666666666666666574e-01,4.900000000000000000e+01,3.686430310400000000e+10,1.007178809344000000e+12,2.341371476650238037e-01
3.107000000000000000e+03,3.664000000000000000e+03,1.265443417259693746e+02,1.597191412499849861e-01,1.980000000000000000e+02,5.407420416000000000e+09,2.214027591680000000e+11,9.601025581359863281e-01
1.390000000000000000e+02,3.258000000000000000e+03,1.828311229246795833e+01,8.944271909999158832e-02,4.600000000000000000e+01,3.086882406400000000e+10,1.199684452352000000e+12,6.945605874061584473e-01
2.515000000000000000e+03,1.015000000000000000e+03,1.575020416043401639e+01,1.724137931034482873e-01,1.900000000000000000e+01,4.698338508800000000e+10,1.740785844224000000e+12,5.655762553215026855e-01
1.915000000000000000e+03,3.052000000000000000e+03,2.972058985602280856e+01,1.663780661615406053e-01,1.250000000000000000e+02,5.219138560000000000e+09,3.399035781120000000e+11,7.701998949050903320e-01
1.234000000000000000e+03,3.503000000000000000e+03,1.000920685958021927e+01,1.818181818181818232e-01,5.250000000000000000e+02,5.097729600000000000e+08,8.644073062400000000e+10,8.755049109458923340e-02
1.624000000000000000e+03,6.300000000000000000e+01,4.797776779482504850e+01,5.555555555555555247e-02,1.520000000000000000e+02,6.782518272000000000e+09,4.246518824960000000e+11,2.314141094684600830e-01
3.680000000000000000e+03,2.892000000000000000e+03,3.759488904241933938e+01,1.527076157636170495e-01,2.700000000000000000e+01,5.914858700800000000e+10,1.389970718720000000e+12,1.606564044952392578e+00
3.519000000000000000e+03,1.285000000000000000e+03,3.494136241061975312e+01,2.000000000000000111e-01,1.140000000000000000e+02,6.764808192000000000e+09,2.704004382720000000e+11,1.261621594429016113e+00
3.770000000000000000e+03,1.254000000000000000e+03,4.598067137261115818e+02,4.545454545454545581e-02,3.500000000000000000e+01,2.187055104000000000e+10,8.474401177600000000e+11,4.325410366058349609e+00
2.153000000000000000e+03,1.537000000000000000e+03,3.757897180007421412e+01,1.663780661615406053e-01,1.550000000000000000e+02,5.122565120000000000e+09,3.613662904320000000e+11,1.124724626541137695e+00
3.976000000000000000e+03,2.418000000000000000e+03,1.817997831875630155e+01,8.944271909999158832e-02,1.100000000000000000e+01,8.969981952000000000e+10,1.230720466944000000e+12,1.840681076049804688e+00
2.521000000000000000e+03,7.510000000000000000e+02,6.179158425600373050e+01,1.666666666666666574e-01,3.640000000000000000e+02,4.016161600000000000e+08,1.224422850560000000e+11,2.357449196279048920e-02
1.609000000000000000e+03,2.505000000000000000e+03,2.913082694058486766e+01,1.860163329510811370e-01,1.820000000000000000e+02,5.668081152000000000e+09,3.419367997440000000e+11,3.741784989833831787e-01
2.342000000000000000e+03,3.110000000000000000e+03,4.657743952650884012e+01,1.111111111111111049e-01,1.330000000000000000e+02,8.948759552000000000e+09,4.674728427520000000e+11,5.500524640083312988e-01
5.140000000000000000e+02,1.731000000000000000e+03,3.199771724862030453e+01,1.414213562373095034e-01,8.200000000000000000e+01,1.431748198400000000e+10,5.760375193600000000e+11,7.581126093864440918e-01
4.860000000000000000e+02,2.542000000000000000e+03,2.240000223883971486e+01,1.571348402636772446e-01,3.110000000000000000e+02,3.319083200000000000e+08,5.991255244800000000e+10,5.050082504749298096e-02
3.091000000000000000e+03,3.623000000000000000e+03,1.599827274258496246e+01,1.821078397711708707e-01,2.500000000000000000e+01,4.075406131200000000e+10,1.594271465472000000e+12,3.982214033603668213e-01
4.860000000000000000e+02,1.826000000000000000e+03,1.867885990479635083e+01,1.374903330507991073e-01,1.400000000000000000e+01,2.377802752000000000e+10,9.533723115520000000e+11,2.146925926208496094e+00
1.815000000000000000e+03,1.921000000000000000e+03,4.631970682656606897e+01,7.142857142857142461e-02,2.920000000000000000e+02,3.134673664000000000e+09,2.146280243200000000e+11,6.719036102294921875e-01
1.998000000000000000e+03,3.276000000000000000e+03,1.316536229899376664e+01,2.000000000000000111e-01,5.430000000000000000e+02,4.741189760000000000e+08,6.966960947200000000e+10,8.570069074630737305e-02
2.023000000000000000e+03,3.377000000000000000e+03,7.927803442396873379e+01,7.443229275647869625e-02,1.020000000000000000e+02,7.167281664000000000e+09,4.982148956160000000e+11,1.543027639389038086e+00
3.798000000000000000e+03,3.382000000000000000e+03,6.820494369181075101e+00,1.118033988749894958e-01,1.030000000000000000e+02,1.480291532800000000e+10,6.178978529280000000e+11,1.145902797579765320e-01
3.458000000000000000e+03,2.852000000000000000e+03,1.133343347627120892e+02,1.802775637731994507e-01,1.600000000000000000e+01,3.871990169600000000e+10,5.638400245760000000e+11,1.564823985099792480e+00
3.480000000000000000e+02,3.267000000000000000e+03,4.404256799897351016e+01,7.856742013183862228e-02,6.200000000000000000e+01,1.928503910400000000e+10,4.123953070080000000e+11,9.983271956443786621e-01
6.530000000000000000e+02,3.901000000000000000e+03,5.116345513152037938e+01,1.333333333333333315e-01,1.220000000000000000e+02,1.443306624000000000e+09,2.756263280640000000e+11,6.954203248023986816e-01
2.322000000000000000e+03,2.810000000000000000e+03,3.605394095658689935e+01,1.428571428571428492e-01,2.660000000000000000e+02,1.482024960000000000e+09,2.057319055360000000e+11,4.525501430034637451e-01
6.550000000000000000e+02,3.902000000000000000e+03,5.564975277524274588e+01,6.666666666666666574e-02,1.220000000000000000e+02,1.443306624000000000e+09,2.756263280640000000e+11,6.954203248023986816e-01
1.564000000000000000e+03,2.422000000000000000e+03,1.213141210834036627e+02,6.734350297014739251e-02,7.300000000000000000e+01,1.521108377600000000e+10,7.037344808960000000e+11,2.304742574691772461e+00
3.048000000000000000e+03,3.395000000000000000e+03,1.926362603311821431e+01,1.717960677340691911e-01,4.900000000000000000e+01,3.686430310400000000e+10,1.007178809344000000e+12,2.341371476650238037e-01
3.355000000000000000e+03,1.639000000000000000e+03,6.135011882376726788e+01,8.333333333333332871e-02,4.050000000000000000e+02,7.004974720000000000e+08,1.149894082560000000e+11,1.356993317604064941e-01
6.940000000000000000e+02,2.362000000000000000e+03,2.043015712617487267e+01,1.767766952966368932e-01,1.650000000000000000e+02,5.079975936000000000e+09,3.063907942400000000e+11,7.000707089900970459e-02
3.441000000000000000e+03,1.295000000000000000e+03,4.603673604715340417e+01,1.111111111111111049e-01,2.600000000000000000e+02,3.533144640000000000e+08,6.008634572800000000e+10,8.675485849380493164e-02
3.445000000000000000e+03,5.000000000000000000e+02,6.291799733913975246e+01,1.802775637731994507e-01,6.400000000000000000e+01,1.078310297600000000e+10,5.657055723520000000e+11,8.366629481315612793e-01
3.493000000000000000e+03,3.188000000000000000e+03,7.472297341137013404e+01,1.928473039599674921e-01,3.600000000000000000e+01,2.303946342400000000e+10,7.790489763840000000e+11,2.043790340423583984e+00
7.350000000000000000e+02,2.776000000000000000e+03,1.077756880948458118e+01,1.374903330507991073e-01,5.600000000000000000e+01,3.235718963200000000e+10,9.154533130240000000e+11,4.128287360072135925e-02
2.404000000000000000e+03,1.308000000000000000e+03,1.325521473598630280e+02,0.000000000000000000e+00,2.200000000000000000e+01,5.448031846400000000e+10,1.445857329152000000e+12,2.244370937347412109e+00
4.080000000000000000e+02,6.970000000000000000e+02,1.813353413745780074e+01,1.863389981249824745e-01,4.400000000000000000e+02,4.318455040000000000e+08,1.255281786880000000e+11,3.118004649877548218e-02
1.118000000000000000e+03,1.001000000000000000e+03,1.574874222833381054e+01,1.944444444444444475e-01,2.000000000000000000e+00,6.382575616000000000e+10,3.543532568576000000e+12,8.956543803215026855e-01
3.274000000000000000e+03,1.105000000000000000e+03,4.927273611166671685e+01,1.333333333333333315e-01,2.100000000000000000e+02,3.701318912000000000e+09,2.652073000960000000e+11,6.421301364898681641e-01
2.028000000000000000e+03,7.820000000000000000e+02,1.369261108293640561e+01,1.904761904761904656e-01,8.900000000000000000e+01,2.648002355200000000e+10,6.947226255360000000e+11,2.919432893395423889e-02
2.023000000000000000e+03,3.375000000000000000e+03,1.517202487716247958e+02,7.443229275647869625e-02,1.020000000000000000e+02,7.167281664000000000e+09,4.982148956160000000e+11,1.543027639389038086e+00
6.450000000000000000e+02,1.743000000000000000e+03,1.278354041929266316e+02,1.064794274999899953e-01,2.100000000000000000e+01,2.680886272000000000e+10,7.169793720320000000e+11,5.465441703796386719e+00
3.536000000000000000e+03,1.497000000000000000e+03,2.720959015299272821e+01,1.414213562373095034e-01,4.630000000000000000e+02,5.566586880000000000e+08,8.163531161600000000e+10,8.927884697914123535e-02
2.992000000000000000e+03,1.019000000000000000e+03,4.151992903217794151e+01,1.428571428571428492e-01,1.400000000000000000e+02,4.735647232000000000e+09,2.226532843520000000e+11,2.317846298217773438e+00
1.814000000000000000e+03,1.922000000000000000e+03,4.024092486030391314e+01,7.142857142857142461e-02,2.920000000000000000e+02,3.134673664000000000e+09,2.146280243200000000e+11,6.719036102294921875e-01
7.670000000000000000e+02,2.411000000000000000e+03,6.106751854390467571e+01,7.692307692307692735e-02,3.080000000000000000e+02,1.599215232000000000e+09,1.599752765440000000e+11,4.495389461517333984e-01
3.940000000000000000e+02,8.060000000000000000e+02,1.797761290772363907e+02,9.722034684781695468e-02,5.700000000000000000e+01,2.276455014400000000e+10,8.920157388800000000e+11,3.614920616149902344e+00
1.119000000000000000e+03,1.001000000000000000e+03,1.614869274535299226e+01,1.964185503295965418e-01,2.000000000000000000e+00,6.382575616000000000e+10,3.543532568576000000e+12,8.956543803215026855e-01
2.656000000000000000e+03,2.870000000000000000e+03,1.523549630140674793e+01,1.505846504842085487e-01,8.800000000000000000e+01,1.554958643200000000e+10,7.107728506880000000e+11,2.068511694669723511e-01
2.260000000000000000e+03,1.122000000000000000e+03,1.532913362686077896e+01,5.439282932204211884e-02,2.800000000000000000e+01,4.360073216000000000e+10,1.367401955328000000e+12,4.216426908969879150e-01
9.320000000000000000e+02,5.300000000000000000e+01,1.518701259319269958e+01,1.707317073170731836e-01,0.000000000000000000e+00,6.256252108800000000e+10,5.017748635648000000e+12,4.946801960468292236e-01
1.338000000000000000e+03,1.878000000000000000e+03,3.597103952355558221e+01,1.818181818181818232e-01,2.480000000000000000e+02,3.243550080000000000e+08,1.120837795840000000e+11,1.034625172615051270e-01
1.880000000000000000e+02,1.787000000000000000e+03,3.262157762775571257e+01,0.000000000000000000e+00,1.420000000000000000e+02,4.853921600000000000e+08,6.687900467200000000e+10,1.194191724061965942e-01
5.140000000000000000e+02,1.727000000000000000e+03,3.842905775625342102e+01,1.414213562373095034e-01,8.200000000000000000e+01,1.431748198400000000e+10,5.760375193600000000e+11,7.581126093864440918e-01
3.295000000000000000e+03,1.554000000000000000e+03,7.335737972827801912e+01,1.802775637731994507e-01,9.000000000000000000e+01,1.548399206400000000e+10,6.150358302720000000e+11,1.962381601333618164e+00
3.045000000000000000e+03,3.646000000000000000e+03,1.131601965876803639e+01,1.818181818181818232e-01,4.790000000000000000e+02,3.840607040000000000e+08,1.061354209280000000e+11,1.291057467460632324e-01
2.512000000000000000e+03,2.840000000000000000e+03,2.602619019474166961e+01,7.142857142857142461e-02,2.880000000000000000e+02,9.203765120000000000e+08,1.977294520320000000e+11,6.834124773740768433e-02
3.807000000000000000e+03,2.186000000000000000e+03,1.678701500475811770e+01,1.883271834539073097e-01,3.000000000000000000e+00,6.908092416000000000e+10,3.004823764992000000e+12,6.583381295204162598e-01
4.030000000000000000e+02,1.347000000000000000e+03,1.308784045152770403e+01,1.964185503295965418e-01,1.000000000000000000e+00,9.809676697600000000e+10,3.612387573760000000e+12,1.521267175674438477e+00
2.420000000000000000e+03,2.660000000000000000e+03,8.467039026127389434e+01,1.756820922315766309e-01,1.120000000000000000e+02,3.294868992000000000e+09,4.550815252480000000e+11,1.575487017631530762e+00
2.890000000000000000e+02,1.187000000000000000e+03,3.211922122278039637e+01,1.428571428571428492e-01,2.310000000000000000e+02,2.268468736000000000e+09,2.214728335360000000e+11,4.646080732345581055e-01
9.370000000000000000e+02,3.720000000000000000e+03,3.957025609231855867e+01,2.000000000000000111e-01,8.700000000000000000e+01,1.389513318400000000e+10,6.118853181440000000e+11,2.075522422790527344e+00
1.976000000000000000e+03,1.510000000000000000e+03,3.718631361405471836e+01,1.176470588235294101e-01,6.700000000000000000e+01,1.700488294400000000e+10,3.988162478080000000e+11,1.022485494613647461e+00
1.600000000000000000e+01,1.891000000000000000e+03,3.050808899403884880e+02,1.064794274999899953e-01,6.800000000000000000e+01,1.475188736000000000e+10,6.964029685760000000e+11,2.634758710861206055e+00
3.046000000000000000e+03,3.397000000000000000e+03,2.244202351066736867e+01,1.502313031443328895e-01,4.900000000000000000e+01,3.686430310400000000e+10,1.007178809344000000e+12,2.341371476650238037e-01
3.199000000000000000e+03,1.265000000000000000e+03,2.791904654120822826e+01,1.538461538461538547e-01,2.990000000000000000e+02,1.546798208000000000e+09,1.696703447040000000e+11,4.847811907529830933e-02
2.155000000000000000e+03,1.090000000000000000e+02,1.002073114786949226e+01,1.304347826086956486e-01,6.300000000000000000e+01,2.905395609600000000e+10,9.190184058880000000e+11,6.639138460159301758e-01
2.977000000000000000e+03,2.264000000000000000e+03,2.050837810033943853e+01,1.720052290384453675e-01,3.240000000000000000e+02,3.838052160000000000e+08,1.460147159040000000e+11,1.041521206498146057e-01
2.161000000000000000e+03,8.690000000000000000e+02,9.596710001408444768e+00,1.863389981249824745e-01,4.020000000000000000e+02,8.113301120000000000e+08,1.239251189760000000e+11,2.592163085937500000e-01
3.684000000000000000e+03,2.888000000000000000e+03,3.460042944558367850e+01,1.111111111111111049e-01,2.700000000000000000e+01,5.914858700800000000e+10,1.389970718720000000e+12,1.606564044952392578e+00
2.207000000000000000e+03,3.706000000000000000e+03,1.235213082382188361e+02,8.318903308077030267e-02,7.400000000000000000e+01,7.382875136000000000e+09,3.429553274880000000e+11,1.600151181221008301e+00
2.509000000000000000e+03,2.841000000000000000e+03,2.351936470172773141e+01,1.597191412499849861e-01,2.880000000000000000e+02,9.203765120000000000e+08,1.977294520320000000e+11,6.834124773740768433e-02
2.390000000000000000e+02,3.024000000000000000e+03,3.679927845410510656e+01,1.428571428571428492e-01,2.300000000000000000e+02,8.503640960000000000e+08,1.844238090240000000e+11,4.273478984832763672e-01
3.430000000000000000e+03,2.528000000000000000e+03,1.056419970057046953e+02,1.885618083164126990e-01,1.000000000000000000e+02,5.946088960000000000e+09,2.719250022400000000e+11,1.580354690551757812e+00
3.411000000000000000e+03,9.780000000000000000e+02,1.795373230572081980e+01,1.428571428571428492e-01,2.510000000000000000e+02,1.090851072000000000e+09,2.225137090560000000e+11,1.425269693136215210e-01
2.521000000000000000e+03,1.990000000000000000e+02,1.055811656048355651e+01,1.863389981249824745e-01,4.460000000000000000e+02,3.798276160000000000e+08,1.214523801600000000e+11,6.188121438026428223e-02
6.030000000000000000e+02,3.752000000000000000e+03,2.812331438367187353e+00,1.442220510185595606e-01,5.200000000000000000e+01,2.365812326400000000e+10,1.221729583104000000e+12,2.599559258669614792e-03
6.070000000000000000e+02,3.757000000000000000e+03,3.309387210092348930e+00,1.264911064067351931e-01,5.200000000000000000e+01,2.365812326400000000e+10,1.221729583104000000e+12,2.599559258669614792e-03
3.772000000000000000e+03,1.958000000000000000e+03,3.266549792632744129e+02,0.000000000000000000e+00,2.390000000000000000e+02,3.774906624000000000e+09,2.424068341760000000e+11,8.290513157844543457e-01
3.203000000000000000e+03,3.800000000000000000e+03,2.989447192343168780e+01,4.347826086956521618e-02,5.400000000000000000e+01,2.519146700800000000e+10,8.874719313920000000e+11,2.497666776180267334e-01
3.589000000000000000e+03,1.173000000000000000e+03,1.945463365692174662e+01,1.527076157636170495e-01,7.000000000000000000e+00,9.380154572800000000e+10,1.533485776896000000e+12,6.129750728607177734e+00
2.577000000000000000e+03,8.350000000000000000e+02,1.365232018786127455e+01,1.923076923076923184e-01,8.000000000000000000e+00,4.508758425600000000e+10,1.280955383808000000e+12,2.201740026473999023e+00
2.464000000000000000e+03,3.118000000000000000e+03,2.735803020021057463e+01,1.597191412499849861e-01,1.500000000000000000e+01,7.138964275200000000e+10,1.710274510848000000e+12,2.411046743392944336e+00
3.097000000000000000e+03,3.620000000000000000e+03,2.015857318619600491e+01,1.923273145405179907e-01,2.500000000000000000e+01,4.075406131200000000e+10,1.594271465472000000e+12,3.982214033603668213e-01
3.454000000000000000e+03,1.413000000000000000e+03,4.533240041442694235e+01,1.111111111111111049e-01,1.240000000000000000e+02,9.070321664000000000e+09,4.086862970880000000e+11,4.404786229133605957e-01
3.518000000000000000e+03,2.194000000000000000e+03,5.302982049007936638e+01,1.663780661615406053e-01,1.600000000000000000e+02,6.565252608000000000e+09,3.533164052480000000e+11,2.621258795261383057e-01
3.402000000000000000e+03,2.281000000000000000e+03,3.057177444221385088e+01,1.333333333333333315e-01,1.810000000000000000e+02,4.323384320000000000e+09,2.729334374400000000e+11,1.498810768127441406e+00
3.806000000000000000e+03,2.184000000000000000e+03,1.791365078871715610e+01,1.860163329510811370e-01,3.000000000000000000e+00,6.908092416000000000e+10,3.004823764992000000e+12,6.583381295204162598e-01
3.970000000000000000e+02,8.060000000000000000e+02,1.557688546156702785e+02,1.229750923802691437e-01,5.700000000000000000e+01,2.276455014400000000e+10,8.920157388800000000e+11,3.614920616149902344e+00
3.274000000000000000e+03,2.769000000000000000e+03,2.068158738163003463e+01,9.316949906249123725e-02,4.100000000000000000e+01,2.046601625600000000e+10,1.033987227648000000e+12,3.614742457866668701e-01
3.812000000000000000e+03,2.181000000000000000e+03,4.552261657991201105e+01,2.941176470588235253e-02,3.000000000000000000e+00,6.908092416000000000e+10,3.004823764992000000e+12,6.583381295204162598e-01
3.722000000000000000e+03,2.500000000000000000e+03,6.137723722225319989e+01,1.437398936440172637e-01,4.300000000000000000e+01,1.800707276800000000e+10,8.294295797760000000e+11,1.875314235687255859e+00
3.930000000000000000e+03,3.593000000000000000e+03,4.831652943038537273e+01,1.111111111111111049e-01,1.390000000000000000e+02,9.714296832000000000e+09,4.292546396160000000e+11,5.341334939002990723e-01
2.522000000000000000e+03,3.230000000000000000e+03,1.922755869975774701e+01,1.720052290384453675e-01,3.450000000000000000e+02,1.443784960000000000e+09,1.696410992640000000e+11,4.970680177211761475e-01
1.827000000000000000e+03,2.212000000000000000e+03,2.979198355307644164e+01,1.490711984999859852e-01,2.450000000000000000e+02,5.440987648000000000e+09,2.382794752000000000e+11,1.636620014905929565e-01
1.359000000000000000e+03,1.756000000000000000e+03,2.624109703784868231e+01,1.597191412499849861e-01,2.970000000000000000e+02,3.201915904000000000e+09,1.979195555840000000e+11,8.615502715110778809e-01
2.076000000000000000e+03,1.648000000000000000e+03,2.216111070246240544e+01,1.285648693066450132e-01,4.510000000000000000e+02,1.079219200000000000e+09,9.130695884800000000e+10,2.056453824043273926e-01
3.287000000000000000e+03,2.060000000000000000e+03,1.538078654761558361e+01,1.720052290384453675e-01,3.720000000000000000e+02,5.036923840000000000e+08,1.576554004480000000e+11,4.677553474903106689e-02
3.448000000000000000e+03,5.030000000000000000e+02,7.117585413267727290e+01,5.000000000000000278e-02,6.400000000000000000e+01,1.078310297600000000e+10,5.657055723520000000e+11,8.366629481315612793e-01
2.814000000000000000e+03,3.792000000000000000e+03,2.254858729898257508e+01,7.142857142857142461e-02,1.830000000000000000e+02,2.252737536000000000e+09,2.073233326080000000e+11,5.686562657356262207e-01
3.287000000000000000e+03,2.062000000000000000e+03,1.656451856553739077e+01,7.692307692307692735e-02,3.720000000000000000e+02,5.036923840000000000e+08,1.576554004480000000e+11,4.677553474903106689e-02
3.256000000000000000e+03,9.980000000000000000e+02,3.381682305154239288e+01,1.885618083164126990e-01,2.370000000000000000e+02,3.028088576000000000e+09,2.741256683520000000e+11,8.339931368827819824e-01
9.900000000000000000e+01,1.327000000000000000e+03,9.915537600539764185e+01,9.316949906249123725e-02,4.500000000000000000e+01,2.534583910400000000e+10,1.017070354432000000e+12,1.962765812873840332e+00
1.201000000000000000e+03,1.658000000000000000e+03,1.103795863921156695e+02,1.087856586440842377e-01,3.200000000000000000e+02,7.277636480000000000e+08,1.468350791680000000e+11,5.582069978117942810e-02
1.076000000000000000e+03,3.440000000000000000e+02,2.489318241419525890e+01,0.000000000000000000e+00,4.060000000000000000e+02,7.354413440000000000e+08,1.248251822080000000e+11,9.945515543222427368e-02
2.252000000000000000e+03,1.343000000000000000e+03,1.071351697177644127e+02,9.090909090909091161e-02,8.000000000000000000e+01,1.309234585600000000e+10,7.702168862720000000e+11,1.206064105033874512e+00
7.410000000000000000e+02,1.104000000000000000e+03,1.301929094788351016e+01,1.666666666666666574e-01,1.430000000000000000e+02,4.983443456000000000e+09,4.042203791360000000e+11,1.947730064392089844e+00
8.350000000000000000e+02,4.330000000000000000e+02,1.050681558517315324e+02,1.016394535227177209e-01,7.200000000000000000e+01,2.465830912000000000e+10,7.708183101440000000e+11,4.504816055297851562e+00
1.130000000000000000e+02,3.036000000000000000e+03,2.936775767425275490e+02,5.882352941176470507e-02,1.740000000000000000e+02,4.990999040000000000e+09,3.433584721920000000e+11,1.326729059219360352e+00
5.500000000000000000e+02,2.124000000000000000e+03,4.666962518594500153e+01,1.897658566033678385e-01,9.200000000000000000e+01,1.243117772800000000e+10,4.937068052480000000e+11,1.063179373741149902e+00
3.092000000000000000e+03,3.614000000000000000e+03,3.428552734340976116e+01,1.428571428571428492e-01,2.500000000000000000e+01,4.075406131200000000e+10,1.594271465472000000e+12,3.982214033603668213e-01
9.250000000000000000e+02,4.500000000000000000e+01,2.086864575974804836e+01,1.951219512195122019e-01,0.000000000000000000e+00,6.256252108800000000e+10,5.017748635648000000e+12,4.946801960468292236e-01
3.276000000000000000e+03,3.863000000000000000e+03,8.022946578901725161e+02,1.000000000000000056e-01,5.360000000000000000e+02,3.824721920000000000e+08,6.999181721600000000e+10,8.860754966735839844e-02
1.131000000000000000e+03,8.670000000000000000e+02,2.802394936226835753e+01,1.767766952966368932e-01,1.850000000000000000e+02,7.707054592000000000e+09,2.947731947520000000e+11,4.469096362590789795e-01
8.330000000000000000e+02,4.320000000000000000e+02,6.556973030962231519e+01,1.818181818181818232e-01,7.200000000000000000e+01,2.465830912000000000e+10,7.708183101440000000e+11,4.504816055297851562e+00
3.160000000000000000e+03,2.125000000000000000e+03,4.493222571489888395e+01,8.333333333333332871e-02,4.210000000000000000e+02,1.564987776000000000e+09,1.245143040000000000e+11,3.324404954910278320e-01
2.880000000000000000e+03,1.460000000000000000e+02,2.650924451910558588e+01,1.597191412499849861e-01,2.780000000000000000e+02,4.122584832000000000e+09,2.122228858880000000e+11,5.414686799049377441e-01
3.194000000000000000e+03,3.623000000000000000e+03,3.909500565171767050e+01,7.692307692307692735e-02,2.890000000000000000e+02,8.500677760000000000e+08,1.523528990720000000e+11,5.959406495094299316e-01
6.080000000000000000e+02,9.250000000000000000e+02,1.480388675891433792e+01,1.505846504842085487e-01,9.600000000000000000e+01,1.947561779200000000e+10,6.610042224640000000e+11,7.008498907089233398e-01
5.750000000000000000e+02,8.110000000000000000e+02,2.033473541795995132e+01,2.000000000000000111e-01,1.750000000000000000e+02,3.009767936000000000e+09,2.583236935680000000e+11,8.106874227523803711e-01
3.057000000000000000e+03,2.794000000000000000e+03,1.248095546414403501e+01,1.863389981249824745e-01,4.570000000000000000e+02,5.164264320000000000e+08,1.176898355200000000e+11,1.509268432855606079e-01
3.020000000000000000e+03,3.271000000000000000e+03,1.760321128517807310e+01,1.243293543263444545e-01,2.000000000000000000e+01,4.071325696000000000e+10,1.826836054016000000e+12,6.263589262962341309e-01
3.626000000000000000e+03,3.405000000000000000e+03,3.444731906183204728e+01,6.428243465332250661e-02,5.500000000000000000e+01,2.626351104000000000e+10,8.398834892800000000e+11,2.084592580795288086e+00
1.769000000000000000e+03,4.520000000000000000e+02,2.272910446068784438e+02,8.838834764831844659e-02,1.570000000000000000e+02,3.006642688000000000e+09,2.851074211840000000e+11,3.332279205322265625e+00
2.391000000000000000e+03,9.200000000000000000e+02,1.501462838284863821e+01,1.875000000000000000e-01,2.040000000000000000e+02,3.971941632000000000e+09,3.158566174720000000e+11,1.042898535728454590e+00
2.971000000000000000e+03,4.100000000000000000e+01,1.231958130067454604e+01,1.538461538461538547e-01,2.900000000000000000e+01,3.051142758400000000e+10,1.378565881856000000e+12,1.916203647851943970e-02
1.380000000000000000e+02,3.258000000000000000e+03,1.904100648584329747e+01,1.131370849898476055e-01,4.600000000000000000e+01,3.086882406400000000e+10,1.199684452352000000e+12,6.945605874061584473e-01
3.169000000000000000e+03,3.492000000000000000e+03,5.046208703661652351e+01,9.090909090909091161e-02,4.260000000000000000e+02,4.583633920000000000e+08,1.082047938560000000e+11,8.511148393154144287e-02
1.272000000000000000e+03,3.927000000000000000e+03,9.272313680130666924e+00,1.585809856006792640e-01,4.700000000000000000e+01,2.999850598400000000e+10,1.287392722944000000e+12,2.840396203100681305e-02
3.683000000000000000e+03,2.889000000000000000e+03,3.150863439970084556e+01,8.281733249999222168e-02,2.700000000000000000e+01,5.914858700800000000e+10,1.389970718720000000e+12,1.606564044952392578e+00
2.040000000000000000e+03,3.912000000000000000e+03,2.539291961320624935e+01,1.818181818181818232e-01,4.700000000000000000e+02,7.404069120000000000e+08,1.033900769280000000e+11,1.657968610525131226e-01
2.153000000000000000e+03,3.689000000000000000e+03,1.266873558534573441e+01,2.000000000000000111e-01,4.850000000000000000e+02,4.254286080000000000e+08,8.301428736000000000e+10,3.452008590102195740e-02
7.290000000000000000e+02,2.579000000000000000e+03,1.154049007995268425e+02,8.333333333333332871e-02,3.440000000000000000e+02,1.188896384000000000e+09,1.306450001920000000e+11,2.416017353534698486e-01
2.010000000000000000e+02,3.700000000000000000e+02,5.739197877340544807e+01,1.756820922315766309e-01,1.660000000000000000e+02,4.560578048000000000e+09,4.044796723200000000e+11,1.807749032974243164e+00
3.441000000000000000e+03,1.703000000000000000e+03,5.012468831123921120e+01,1.178511301977579334e-01,3.710000000000000000e+02,7.614969600000000000e+08,1.344475709440000000e+11,1.444125473499298096e-01
7.390000000000000000e+02,3.034000000000000000e+03,2.198098852065478681e+01,1.242259987499883256e-01,1.690000000000000000e+02,7.073868288000000000e+09,4.103612989440000000e+11,8.517970144748687744e-02
3.048000000000000000e+03,3.403000000000000000e+03,1.922459642475842756e+01,1.717960677340691911e-01,4.900000000000000000e+01,3.686430310400000000e+10,1.007178809344000000e+12,2.341371476650238037e-01
3.307000000000000000e+03,7.250000000000000000e+02,3.442535434138535777e+01,1.111111111111111049e-01,5.340000000000000000e+02,3.304187840000000000e+08,5.263467724800000000e+10,4.927251487970352173e-03
2.420000000000000000e+03,2.384000000000000000e+03,2.816381700528567222e+01,8.333333333333332871e-02,3.600000000000000000e+02,4.854508160000000000e+08,1.191350026240000000e+11,9.310474246740341187e-02
2.462000000000000000e+03,3.115000000000000000e+03,1.965449088134669609e+01,1.923273145405179907e-01,1.500000000000000000e+01,7.138964275200000000e+10,1.710274510848000000e+12,2.411046743392944336e+00
2.140000000000000000e+02,8.940000000000000000e+02,1.554573217409640407e+01,1.087856586440842377e-01,2.900000000000000000e+02,4.988999680000000000e+08,1.783893852160000000e+11,1.378780901432037354e-01
4.880000000000000000e+02,2.540000000000000000e+03,2.572679102591796862e+01,1.571348402636772446e-01,3.110000000000000000e+02,3.319083200000000000e+08,5.991255244800000000e+10,5.050082504749298096e-02
3.284000000000000000e+03,3.291000000000000000e+03,9.346572713404104888e+02,3.030303030303030387e-02,5.000000000000000000e+00,5.707350016000000000e+10,2.649217302528000000e+12,1.466975212097167969e+00
3.627000000000000000e+03,3.402000000000000000e+03,3.468429503203085318e+01,1.285648693066450132e-01,5.500000000000000000e+01,2.626351104000000000e+10,8.398834892800000000e+11,2.084592580795288086e+00
1.290000000000000000e+03,1.801000000000000000e+03,3.173706885283620593e+01,8.944271909999158832e-02,5.000000000000000000e+01,3.057143193600000000e+10,1.127562608640000000e+12,2.546044588088989258e+00
1.935000000000000000e+03,3.886000000000000000e+03,3.031606301264299219e+01,6.148754619013457184e-02,4.200000000000000000e+01,3.713277542400000000e+10,9.399391354880000000e+11,8.075914978981018066e-01
1.450000000000000000e+02,1.418000000000000000e+03,3.857628369268459778e+01,1.764705882352941291e-01,1.380000000000000000e+02,7.502512640000000000e+09,3.607066378240000000e+11,8.586055040359497070e-02
9.200000000000000000e+02,5.200000000000000000e+01,1.584330662162608050e+01,1.243663295998240076e-01,0.000000000000000000e+00,6.256252108800000000e+10,5.017748635648000000e+12,4.946801960468292236e-01
2.739000000000000000e+03,1.336000000000000000e+03,4.779608667805030819e+01,1.875000000000000000e-01,1.760000000000000000e+02,4.940628480000000000e+09,3.123316326400000000e+11,9.549114704132080078e-01
2.389000000000000000e+03,9.160000000000000000e+02,4.295129952786245298e+01,1.397542485937368628e-01,2.040000000000000000e+02,3.971941632000000000e+09,3.158566174720000000e+11,1.042898535728454590e+00
1.240000000000000000e+02,2.545000000000000000e+03,3.623691036090881568e+01,9.090909090909091161e-02,3.560000000000000000e+02,1.325835264000000000e+09,9.903912550400000000e+10,3.003649115562438965e-01
8.450000000000000000e+02,2.098000000000000000e+03,4.650745497577847942e+01,1.567630989332169100e-01,4.400000000000000000e+01,3.624191180800000000e+10,9.603648716800000000e+11,5.364645123481750488e-01
2.249000000000000000e+03,1.346000000000000000e+03,1.733057208955151509e+02,1.437398936440172637e-01,8.000000000000000000e+01,1.309234585600000000e+10,7.702168862720000000e+11,1.206064105033874512e+00
2.884000000000000000e+03,3.534000000000000000e+03,1.049349761014106441e+01,1.767766952966368654e-01,3.900000000000000000e+01,1.933491814400000000e+10,1.077381758976000000e+12,1.537795662879943848e-01
1.294000000000000000e+03,2.370000000000000000e+02,2.177010717111235039e+01,0.000000000000000000e+00,4.030000000000000000e+02,2.407207168000000000e+09,1.668932567040000000e+11,3.032393157482147217e-01
4.410000000000000000e+02,2.740000000000000000e+03,2.257860186998481566e+01,9.523809523809523281e-02,8.600000000000000000e+01,1.698641715200000000e+10,6.620944138240000000e+11,0.000000000000000000e+00
1.288000000000000000e+03,1.803000000000000000e+03,5.413789244722495653e+01,4.000000000000000083e-02,5.000000000000000000e+01,3.057143193600000000e+10,1.127562608640000000e+12,2.546044588088989258e+00
2.238000000000000000e+03,2.156000000000000000e+03,1.753274034240606838e+01,1.488645855129573925e-01,1.190000000000000000e+02,1.317935820800000000e+10,5.372063252480000000e+11,2.801064588129520416e-02
1.300000000000000000e+01,1.372000000000000000e+03,1.609662052486601169e+01,1.571348402636772446e-01,4.440000000000000000e+02,4.642573440000000000e+08,5.530339737600000000e+10,4.306359961628913879e-02
2.657000000000000000e+03,2.875000000000000000e+03,1.189761931847955800e+01,1.346870059402947850e-01,8.800000000000000000e+01,1.554958643200000000e+10,7.107728506880000000e+11,2.068511694669723511e-01
1.821000000000000000e+03,1.052000000000000000e+03,5.427738002388742444e+01,1.505846504842085487e-01,1.050000000000000000e+02,6.983964160000000000e+09,6.437818859520000000e+11,3.719874858856201172e+00
3.541000000000000000e+03,2.485000000000000000e+03,4.783385252304633184e+01,1.638886943392722229e-01,5.800000000000000000e+01,2.581009408000000000e+10,7.758674001920000000e+11,3.101233243942260742e-01
1.598000000000000000e+03,2.129000000000000000e+03,1.859915446131817518e+01,1.428571428571428492e-01,3.200000000000000000e+01,3.833240780800000000e+10,6.712152555520000000e+11,1.721168041229248047e+00
7.370000000000000000e+02,1.105000000000000000e+03,1.843462619623051069e+01,7.856742013183862228e-02,1.430000000000000000e+02,4.983443456000000000e+09,4.042203791360000000e+11,1.947730064392089844e+00
2.550000000000000000e+02,2.021000000000000000e+03,3.298538471210580525e+01,1.285648693066450132e-01,2.490000000000000000e+02,5.548407040000000000e+08,9.916914892800000000e+10,7.880068570375442505e-02
3.224000000000000000e+03,2.248000000000000000e+03,4.606267031069387485e+01,1.716929178792375721e-01,3.400000000000000000e+01,1.937896243200000000e+10,6.661144576000000000e+11,4.488957405090332031e+00
3.353000000000000000e+03,1.638000000000000000e+03,6.832156733155426309e+01,1.178511301977579334e-01,4.050000000000000000e+02,7.004974720000000000e+08,1.149894082560000000e+11,1.356993317604064941e-01
6.090000000000000000e+02,2.595000000000000000e+03,7.825463535775286061e+01,7.692307692307692735e-02,3.300000000000000000e+01,3.162380492800000000e+10,1.302926065664000000e+12,2.007309532165527344e+01
2.584000000000000000e+03,2.260000000000000000e+02,5.158493487124648169e+01,9.428090415820634951e-02,2.090000000000000000e+02,2.487869952000000000e+09,2.455082434560000000e+11,3.025927841663360596e-01
1.914000000000000000e+03,3.052000000000000000e+03,3.323410919166102673e+01,1.315334104411640948e-01,1.250000000000000000e+02,5.219138560000000000e+09,3.399035781120000000e+11,7.701998949050903320e-01
3.171000000000000000e+03,3.345000000000000000e+03,3.473845704556482872e+01,8.333333333333332871e-02,3.920000000000000000e+02,1.575591040000000000e+09,1.421561200640000000e+11,3.029459714889526367e-01
8.880000000000000000e+02,2.754000000000000000e+03,2.751714122447623367e+02,0.000000000000000000e+00,4.090000000000000000e+02,4.760597120000000000e+08,9.915284684800000000e+10,5.261505395174026489e-02
3.387000000000000000e+03,3.942000000000000000e+03,2.605451696796222905e+01,1.720052290384453675e-01,3.490000000000000000e+02,2.859807232000000000e+09,1.712656547840000000e+11,6.540271043777465820e-01
3.298000000000000000e+03,2.018000000000000000e+03,1.747862372607534809e+01,1.666666666666666574e-01,3.270000000000000000e+02,4.566016960000000000e+08,1.440871219200000000e+11,1.437596380710601807e-01
1.347000000000000000e+03,1.981000000000000000e+03,2.548779320937068960e+01,1.000000000000000056e-01,5.370000000000000000e+02,4.690468800000000000e+08,7.784319385600000000e+10,7.533831894397735596e-02
9.860000000000000000e+02,1.021000000000000000e+03,4.465659481407192288e+01,1.597191412499849861e-01,3.120000000000000000e+02,2.496739840000000000e+09,2.028280872960000000e+11,4.640464484691619873e-01
2.416000000000000000e+03,2.664000000000000000e+03,1.210271620587352857e+02,1.756820922315766309e-01,1.120000000000000000e+02,3.294868992000000000e+09,4.550815252480000000e+11,1.575487017631530762e+00
2.178000000000000000e+03,1.659000000000000000e+03,4.273812784488526972e+01,1.178511301977579334e-01,3.540000000000000000e+02,1.108747776000000000e+09,1.321549332480000000e+11,1.288112699985504150e-01
9.590000000000000000e+02,9.020000000000000000e+02,2.616162484673262512e+01,7.692307692307692735e-02,3.260000000000000000e+02,1.172550656000000000e+09,1.749445836800000000e+11,2.125721275806427002e-01
1.766000000000000000e+03,2.968000000000000000e+03,1.553921548926151708e+01,9.090909090909091161e-02,4.840000000000000000e+02,9.773773440000000000e+08,9.686238003200000000e+10,1.202004104852676392e-01
6.880000000000000000e+02,3.350000000000000000e+02,1.585660627302121028e+01,1.597191412499849861e-01,2.800000000000000000e+02,4.251422400000000000e+08,1.943625891840000000e+11,1.165085285902023315e-01
3.019000000000000000e+03,3.270000000000000000e+03,1.363861215867723864e+01,1.724137931034482873e-01,2.000000000000000000e+01,4.071325696000000000e+10,1.826836054016000000e+12,6.263589262962341309e-01
3.027000000000000000e+03,3.275000000000000000e+03,6.914950496782371374e+02,1.542115846551579128e-01,2.000000000000000000e+01,4.071325696000000000e+10,1.826836054016000000e+12,6.263589262962341309e-01
3.102000000000000000e+03,1.074000000000000000e+03,1.554004549217450304e+01,1.928473039599674921e-01,7.700000000000000000e+01,2.013876428800000000e+10,8.125853204480000000e+11,1.798575818538665771e-01
2.446000000000000000e+03,1.619000000000000000e+03,4.039482280927925473e+01,1.010152544552210818e-01,2.840000000000000000e+02,2.875249152000000000e+09,1.907125125120000000e+11,3.652689158916473389e-01
3.950000000000000000e+02,1.347000000000000000e+03,1.357720872087431019e+01,1.619708859679250268e-01,1.000000000000000000e+00,9.809676697600000000e+10,3.612387573760000000e+12,1.521267175674438477e+00
3.442000000000000000e+03,1.608000000000000000e+03,2.831399140958892247e+01,1.428571428571428492e-01,2.700000000000000000e+02,7.359706240000000000e+08,1.932054364160000000e+11,8.216810971498489380e-02
2.776000000000000000e+03,3.286000000000000000e+03,1.431888512723418216e+02,1.505846504842085487e-01,6.000000000000000000e+01,1.726131609600000000e+10,6.972415016960000000e+11,3.165255308151245117e+00
9.220000000000000000e+02,4.640000000000000000e+02,2.096841879304180054e+02,1.216260638526299870e-01,9.000000000000000000e+00,4.472099635200000000e+10,1.283299213312000000e+12,1.054935455322265625e+01
4.920000000000000000e+02,1.826000000000000000e+03,1.578900532033344817e+01,1.374903330507991073e-01,1.400000000000000000e+01,2.377802752000000000e+10,9.533723115520000000e+11,2.146925926208496094e+00
2.177000000000000000e+03,3.017000000000000000e+03,3.197090605621026782e+01,1.818181818181818232e-01,3.130000000000000000e+02,3.488580800000000000e+08,1.045473935360000000e+11,4.357006400823593140e-02
3.286000000000000000e+03,3.293000000000000000e+03,6.604242021693418963e+01,6.775963568181181396e-02,5.000000000000000000e+00,5.707350016000000000e+10,2.649217302528000000e+12,1.466975212097167969e+00
3.695000000000000000e+03,1.640000000000000000e+02,3.265817990977352991e+01,1.716929178792375721e-01,7.500000000000000000e+01,2.454544179200000000e+10,6.556142141440000000e+11,2.213511466979980469e+00
3.037000000000000000e+03,2.113000000000000000e+03,1.936984119216514344e+01,1.666666666666666574e-01,2.250000000000000000e+02,1.045512128000000000e+09,1.299353436160000000e+11,1.811029165983200073e-01
3.442000000000000000e+03,1.706000000000000000e+03,3.163802754804504502e+01,1.666666666666666574e-01,3.710000000000000000e+02,7.614969600000000000e+08,1.344475709440000000e+11,1.444125473499298096e-01
3.084000000000000000e+03,2.415000000000000000e+03,3.001193941520825703e+01,9.090909090909091161e-02,2.400000000000000000e+01,3.329379942400000000e+10,8.096457687040000000e+11,7.204747200012207031e-01
6.450000000000000000e+02,1.744000000000000000e+03,1.547619600384699368e+02,6.734350297014739251e-02,2.100000000000000000e+01,2.680886272000000000e+10,7.169793720320000000e+11,5.465441703796386719e+00
2.156000000000000000e+03,1.060000000000000000e+02,1.100630447358318165e+01,1.567630989332169100e-01,6.300000000000000000e+01,2.905395609600000000e+10,9.190184058880000000e+11,6.639138460159301758e-01
2.410000000000000000e+02,1.281000000000000000e+03,2.405599345430086800e+01,1.597191412499849861e-01,2.620000000000000000e+02,1.951409664000000000e+09,2.083741040640000000e+11,4.481662213802337646e-01
6.050000000000000000e+02,3.753000000000000000e+03,1.658082342215241312e+01,5.656854249492380277e-02,5.200000000000000000e+01,2.365812326400000000e+10,1.221729583104000000e+12,2.599559258669614792e-03
2.441000000000000000e+03,4.860000000000000000e+02,2.803146997515017347e+01,1.538461538461538547e-01,2.720000000000000000e+02,1.676722560000000000e+09,1.726652252160000000e+11,3.619681596755981445e-01
3.393000000000000000e+03,2.836000000000000000e+03,1.445175018431265457e+01,1.863389981249824745e-01,4.430000000000000000e+02,9.378104320000000000e+08,1.296056238080000000e+11,1.686466187238693237e-01
6.250000000000000000e+02,4.960000000000000000e+02,1.917246920222293340e+02,1.315334104411640948e-01,1.350000000000000000e+02,6.468990464000000000e+09,3.937586708480000000e+11,4.105822145938873291e-01
6.070000000000000000e+02,2.589000000000000000e+03,7.679994521560708165e+01,1.720052290384453675e-01,3.300000000000000000e+01,3.162380492800000000e+10,1.302926065664000000e+12,2.007309532165527344e+01
4.090000000000000000e+02,3.361000000000000000e+03,5.395036418624771812e+01,1.428571428571428492e-01,2.590000000000000000e+02,4.344062464000000000e+09,2.012363161600000000e+11,1.453052997589111328e+00
9.560000000000000000e+02,9.020000000000000000e+02,4.215685350803482123e+01,1.538461538461538547e-01,3.260000000000000000e+02,1.172550656000000000e+09,1.749445836800000000e+11,2.125721275806427002e-01
1.635000000000000000e+03,1.601000000000000000e+03,1.567193552126733991e+01,1.571348402636772446e-01,1.260000000000000000e+02,8.510359040000000000e+09,4.107794513920000000e+11,1.171465665102005005e-01
3.225000000000000000e+03,9.880000000000000000e+02,3.539183456601086419e+01,1.064794274999899953e-01,9.500000000000000000e+01,2.260675584000000000e+10,6.546320916480000000e+11,8.015154600143432617e-01
1.408000000000000000e+03,1.438000000000000000e+03,4.685114628984298690e+01,1.720052290384453675e-01,3.350000000000000000e+02,6.096213120000000000e+08,1.658991247360000000e+11,7.810989022254943848e-02
2.750000000000000000e+02,3.804000000000000000e+03,4.638846633708537581e+01,7.692307692307692735e-02,2.360000000000000000e+02,9.779505920000000000e+08,1.806616002560000000e+11,3.971246778964996338e-01
3.816000000000000000e+03,3.500000000000000000e+02,3.819942559004519467e+01,1.976423537605237202e-01,1.710000000000000000e+02,7.686175744000000000e+09,3.092989870080000000e+11,4.525429308414459229e-01
3.515000000000000000e+03,1.287000000000000000e+03,9.201563836310306499e+01,1.490711984999859852e-01,1.140000000000000000e+02,6.764808192000000000e+09,2.704004382720000000e+11,1.261621594429016113e+00
1.946000000000000000e+03,1.566000000000000000e+03,4.518768803424683256e+01,1.860163329510811370e-01,1.680000000000000000e+02,4.238181888000000000e+09,3.463638876160000000e+11,4.832215607166290283e-01
2.088000000000000000e+03,4.750000000000000000e+02,2.498728486108202773e+01,1.597191412499849861e-01,2.350000000000000000e+02,2.742836224000000000e+09,2.052629954560000000e+11,5.753920674324035645e-01
3.399000000000000000e+03,1.310000000000000000e+03,2.526764229957672470e+01,1.863389981249824745e-01,3.390000000000000000e+02,1.023554816000000000e+09,1.415779778560000000e+11,3.280525207519531250e-01
3.522000000000000000e+03,2.194000000000000000e+03,3.152578668735865364e+01,1.663780661615406053e-01,1.600000000000000000e+02,6.565252608000000000e+09,3.533164052480000000e+11,2.621258795261383057e-01
6.450000000000000000e+02,8.260000000000000000e+02,2.126151424718517902e+01,1.788854381999831766e-01,1.700000000000000000e+01,5.011012403200000000e+10,1.201295589376000000e+12,1.027397990226745605e+00
1.115000000000000000e+03,9.890000000000000000e+02,1.739973898698455201e+01,1.619708859679250268e-01,2.000000000000000000e+00,6.382575616000000000e+10,3.543532568576000000e+12,8.956543803215026855e-01
2.258000000000000000e+03,1.119000000000000000e+03,1.115557967572536668e+01,1.386750490563072868e-01,2.800000000000000000e+01,4.360073216000000000e+10,1.367401955328000000e+12,4.216426908969879150e-01
1.824000000000000000e+03,1.055000000000000000e+03,7.851901735734981003e+01,1.904761904761904656e-01,1.050000000000000000e+02,6.983964160000000000e+09,6.437818859520000000e+11,3.719874858856201172e+00
1.276000000000000000e+03,3.924000000000000000e+03,2.561682384020155112e+01,7.692307692307692735e-02,4.700000000000000000e+01,2.999850598400000000e+10,1.287392722944000000e+12,2.840396203100681305e-02
3.400000000000000000e+03,2.281000000000000000e+03,2.597810354433200075e+01,1.885618083164126990e-01,1.810000000000000000e+02,4.323384320000000000e+09,2.729334374400000000e+11,1.498810768127441406e+00
1.380000000000000000e+02,3.257000000000000000e+03,2.294232709202209364e+01,8.944271909999158832e-02,4.600000000000000000e+01,3.086882406400000000e+10,1.199684452352000000e+12,6.945605874061584473e-01
3.454000000000000000e+03,2.857000000000000000e+03,7.535638970092904287e+01,1.581138830084189706e-01,1.600000000000000000e+01,3.871990169600000000e+10,5.638400245760000000e+11,1.564823985099792480e+00
3.154000000000000000e+03,1.870000000000000000e+02,3.533421609232627247e+01,2.000000000000000111e-01,2.570000000000000000e+02,4.403293184000000000e+09,2.356937850880000000e+11,1.131350159645080566e+00
3.175000000000000000e+03,2.664000000000000000e+03,2.122194207506037600e+01,1.397542485937368628e-01,2.550000000000000000e+02,2.954721792000000000e+09,2.781572300800000000e+11,5.748847723007202148e-01
3.277000000000000000e+03,1.107000000000000000e+03,3.307188517320447119e+01,1.490711984999859852e-01,2.100000000000000000e+02,3.701318912000000000e+09,2.652073000960000000e+11,6.421301364898681641e-01
7.540000000000000000e+02,4.570000000000000000e+02,7.426818418780677611e+00,1.666666666666666574e-01,3.810000000000000000e+02,6.290839680000000000e+08,1.287525908480000000e+11,7.089257985353469849e-02
8.480000000000000000e+02,2.100000000000000000e+03,7.166505110144143487e+01,0.000000000000000000e+00,4.400000000000000000e+01,3.624191180800000000e+10,9.603648716800000000e+11,5.364645123481750488e-01
2.401000000000000000e+03,1.312000000000000000e+03,2.382844682704866912e+01,1.851851851851851749e-01,2.200000000000000000e+01,5.448031846400000000e+10,1.445857329152000000e+12,2.244370937347412109e+00
2.642000000000000000e+03,2.689000000000000000e+03,1.928862355908093917e+01,1.717960677340691911e-01,6.500000000000000000e+01,1.665853132800000000e+10,1.051559329792000000e+12,3.637619912624359131e-01
3.802000000000000000e+03,6.220000000000000000e+02,9.946189562380126858e+01,6.666666666666666574e-02,1.900000000000000000e+02,5.169756160000000000e+09,2.290967183360000000e+11,7.144913673400878906e-01
3.034000000000000000e+03,8.390000000000000000e+02,4.167111866704895107e+01,1.897658566033678385e-01,9.800000000000000000e+01,6.441727488000000000e+09,4.850621808640000000e+11,1.873759031295776367e+00
3.449000000000000000e+03,1.413000000000000000e+03,3.115960282625019317e+01,1.666666666666666574e-01,1.240000000000000000e+02,9.070321664000000000e+09,4.086862970880000000e+11,4.404786229133605957e-01
1.627000000000000000e+03,6.200000000000000000e+01,1.911598845115986123e+01,1.666666666666666574e-01,1.520000000000000000e+02,6.782518272000000000e+09,4.246518824960000000e+11,2.314141094684600830e-01
2.805000000000000000e+03,3.050000000000000000e+03,1.185997640824719639e+02,1.118033988749894958e-01,7.100000000000000000e+01,1.286694195200000000e+10,6.331708866560000000e+11,2.597814559936523438e+00
1.110000000000000000e+02,3.037000000000000000e+03,2.866251327506613933e+01,1.860163329510811370e-01,1.740000000000000000e+02,4.990999040000000000e+09,3.433584721920000000e+11,1.326729059219360352e+00
9.270000000000000000e+02,4.800000000000000000e+01,1.964811650004129007e+01,1.313454831008415424e-01,0.000000000000000000e+00,6.256252108800000000e+10,5.017748635648000000e+12,4.946801960468292236e-01
2.245000000000000000e+03,3.795000000000000000e+03,1.966853876528902845e+01,1.567630989332169100e-01,6.900000000000000000e+01,4.348610969600000000e+10,9.070498283520000000e+11,7.620597723871469498e-03
8.870000000000000000e+02,2.530000000000000000e+03,2.691765869478662765e+01,1.490711984999859852e-01,2.420000000000000000e+02,6.004398592000000000e+09,2.483300106240000000e+11,2.378903776407241821e-01
1.357000000000000000e+03,1.756000000000000000e+03,3.898474215120030095e+01,1.597191412499849861e-01,2.970000000000000000e+02,3.201915904000000000e+09,1.979195555840000000e+11,8.615502715110778809e-01
3.962000000000000000e+03,1.500000000000000000e+02,3.400471779650620618e+01,1.414213562373095034e-01,5.230000000000000000e+02,3.432707200000000000e+08,7.294445977600000000e+10,2.091309241950511932e-02
2.750000000000000000e+02,3.805000000000000000e+03,5.188750615357838569e+01,1.087856586440842377e-01,2.360000000000000000e+02,9.779505920000000000e+08,1.806616002560000000e+11,3.971246778964996338e-01
8.480000000000000000e+02,2.099000000000000000e+03,5.426963074172473398e+02,4.347826086956521618e-02,4.400000000000000000e+01,3.624191180800000000e+10,9.603648716800000000e+11,5.364645123481750488e-01
2.521000000000000000e+03,3.229000000000000000e+03,1.532084371717890292e+01,1.720052290384453675e-01,3.450000000000000000e+02,1.443784960000000000e+09,1.696410992640000000e+11,4.970680177211761475e-01
2.236000000000000000e+03,2.155000000000000000e+03,1.789637721053188102e+01,1.578947368421052544e-01,1.190000000000000000e+02,1.317935820800000000e+10,5.372063252480000000e+11,2.801064588129520416e-02
1.179000000000000000e+03,2.480000000000000000e+02,4.565102555657260552e+01,1.756820922315766309e-01,1.320000000000000000e+02,7.400962560000000000e+09,4.428619776000000000e+11,4.721095263957977295e-01
2.072000000000000000e+03,2.845000000000000000e+03,8.912376187376601138e+02,4.761904761904761640e-02,1.200000000000000000e+01,2.315846656000000000e+10,7.122979389440000000e+11,2.079156398773193359e+00
5.900000000000000000e+02,4.210000000000000000e+02,4.673524270386908341e+01,1.428571428571428492e-01,2.520000000000000000e+02,4.293666560000000000e+09,2.213311774720000000e+11,9.273958206176757812e-01
4.080000000000000000e+02,3.222000000000000000e+03,6.674768085567728804e+01,1.490711984999859852e-01,2.280000000000000000e+02,4.945746432000000000e+09,2.675654328320000000e+11,5.228156447410583496e-01
8.230000000000000000e+02,3.690000000000000000e+03,1.102636895976840314e+01,1.666666666666666574e-01,4.230000000000000000e+02,9.719873280000000000e+08,1.230443724800000000e+11,1.102859601378440857e-01
3.408000000000000000e+03,2.155000000000000000e+03,4.285742662713640243e+02,0.000000000000000000e+00,2.500000000000000000e+02,1.178411008000000000e+09,1.585962024960000000e+11,2.483482956886291504e-01
3.047000000000000000e+03,3.644000000000000000e+03,1.290464095650517251e+01,1.818181818181818232e-01,4.790000000000000000e+02,3.840607040000000000e+08,1.061354209280000000e+11,1.291057467460632324e-01
3.569000000000000000e+03,1.853000000000000000e+03,5.757339416552742506e+01,9.090909090909091161e-02,4.490000000000000000e+02,3.189264000000000000e+08,1.028434821120000000e+11,9.716182947158813477e-02
2.071000000000000000e+03,2.843000000000000000e+03,5.182689845073669233e+01,1.505846504842085487e-01,1.200000000000000000e+01,2.315846656000000000e+10,7.122979389440000000e+11,2.079156398773193359e+00
2.069000000000000000e+03,1.163000000000000000e+03,1.829367815985579782e+01,1.720052290384453675e-01,3.430000000000000000e+02,9.461294720000000000e+08,1.510497648640000000e+11,2.699825167655944824e-01
3.015000000000000000e+03,1.316000000000000000e+03,4.474070642823176769e+01,1.285648693066450132e-01,5.040000000000000000e+02,4.217805440000000000e+08,8.980668416000000000e+10,1.469118744134902954e-01
2.074000000000000000e+03,2.847000000000000000e+03,4.214872810854152618e+01,1.064794274999899953e-01,1.200000000000000000e+01,2.315846656000000000e+10,7.122979389440000000e+11,2.079156398773193359e+00
2.334000000000000000e+03,2.430000000000000000e+03,1.175558454457658186e+01,9.722034684781695468e-02,2.600000000000000000e+01,3.573933670400000000e+10,9.417555968000000000e+11,4.417076408863067627e-01
2.453000000000000000e+03,5.810000000000000000e+02,6.308296750267388120e+01,1.720052290384453675e-01,2.670000000000000000e+02,1.630969600000000000e+09,1.740751831040000000e+11,1.041671931743621826e-01
3.268000000000000000e+03,1.569000000000000000e+03,2.766790275630719975e+01,7.142857142857142461e-02,3.040000000000000000e+02,1.364470144000000000e+09,1.844859043840000000e+11,2.695780396461486816e-01
6.140000000000000000e+02,2.594000000000000000e+03,9.570098577558135844e+01,1.961161351381840168e-01,3.300000000000000000e+01,3.162380492800000000e+10,1.302926065664000000e+12,2.007309532165527344e+01
9.360000000000000000e+02,3.713000000000000000e+03,6.006085149536193057e+01,1.581138830084189706e-01,8.700000000000000000e+01,1.389513318400000000e+10,6.118853181440000000e+11,2.075522422790527344e+00
8.120000000000000000e+02,1.466000000000000000e+03,1.954034505499629404e+02,1.000000000000000056e-01,9.900000000000000000e+01,8.371488768000000000e+09,6.211557130240000000e+11,6.079373955726623535e-01
3.384000000000000000e+03,3.945000000000000000e+03,1.857416471655789181e+01,1.720052290384453675e-01,3.490000000000000000e+02,2.859807232000000000e+09,1.712656547840000000e+11,6.540271043777465820e-01
3.157000000000000000e+03,3.950000000000000000e+03,6.465385457208051889e+01,1.397542485937368628e-01,1.990000000000000000e+02,1.138293248000000000e+09,3.060843479040000000e+11,4.941779673099517822e-01
6.260000000000000000e+02,4.950000000000000000e+02,3.584314845474778366e+01,1.315334104411640948e-01,1.350000000000000000e+02,6.468990464000000000e+09,3.937586708480000000e+11,4.105822145938873291e-01
2.300000000000000000e+02,1.118000000000000000e+03,4.570023838613550282e+01,1.363636363636363535e-01,4.800000000000000000e+01,1.859853926400000000e+10,8.332313886720000000e+11,3.081290960311889648e+00
3.695000000000000000e+03,3.723000000000000000e+03,3.313274497143883224e+01,1.315334104411640948e-01,1.940000000000000000e+02,6.918756864000000000e+09,3.508476968960000000e+11,4.071498811244964600e-01
1.220000000000000000e+02,2.329000000000000000e+03,2.663723417844117236e+01,1.199999999999999956e-01,2.300000000000000000e+01,3.876257382400000000e+10,1.158851198976000000e+12,9.720131754875183105e-01
3.282000000000000000e+03,3.298000000000000000e+03,2.268086983052830874e+01,1.916531915253563423e-01,5.000000000000000000e+00,5.707350016000000000e+10,2.649217302528000000e+12,1.466975212097167969e+00
3.810000000000000000e+03,2.187000000000000000e+03,1.612753298977618144e+01,1.583872002098383469e-01,3.000000000000000000e+00,6.908092416000000000e+10,3.004823764992000000e+12,6.583381295204162598e-01
8.100000000000000000e+02,1.470000000000000000e+03,4.659338158687585718e+01,1.414213562373095034e-01,9.900000000000000000e+01,8.371488768000000000e+09,6.211557130240000000e+11,6.079373955726623535e-01
3.690000000000000000e+03,1.630000000000000000e+02,5.695169831577459263e+01,1.716929178792375721e-01,7.500000000000000000e+01,2.454544179200000000e+10,6.556142141440000000e+11,2.213511466979980469e+00
1.179000000000000000e+03,2.470000000000000000e+02,4.321867674580558116e+01,1.666666666666666574e-01,1.320000000000000000e+02,7.400962560000000000e+09,4.428619776000000000e+11,4.721095263957977295e-01
3.980000000000000000e+02,1.349000000000000000e+03,3.293073414087033512e+01,8.333333333333332871e-02,1.000000000000000000e+00,9.809676697600000000e+10,3.612387573760000000e+12,1.521267175674438477e+00
3.163000000000000000e+03,8.920000000000000000e+02,1.158399574435692614e+01,1.118033988749894958e-01,1.090000000000000000e+02,2.272710860800000000e+10,6.351597731840000000e+11,0.000000000000000000e+00
1.681000000000000000e+03,1.853000000000000000e+03,1.887615577162464220e+01,1.087856586440842377e-01,2.430000000000000000e+02,1.882682496000000000e+09,1.662704517120000000e+11,2.110286802053451538e-01
2.078000000000000000e+03,2.589000000000000000e+03,1.029367426856710388e+01,2.000000000000000111e-01,5.270000000000000000e+02,4.657545600000000000e+08,7.438140211200000000e+10,1.622687466442584991e-02
3.426000000000000000e+03,2.528000000000000000e+03,6.084517654036841350e+01,1.885618083164126990e-01,1.000000000000000000e+02,5.946088960000000000e+09,2.719250022400000000e+11,1.580354690551757812e+00
2.030000000000000000e+03,7.850000000000000000e+02,1.158693014362601836e+01,1.716929178792375721e-01,8.900000000000000000e+01,2.648002355200000000e+10,6.947226255360000000e+11,2.919432893395423889e-02
3.080000000000000000e+03,2.413000000000000000e+03,7.347072104426038663e+01,1.818181818181818232e-01,2.400000000000000000e+01,3.329379942400000000e+10,8.096457687040000000e+11,7.204747200012207031e-01
2.331000000000000000e+03,2.431000000000000000e+03,2.713155032802304234e+01,9.722034684781695468e-02,2.600000000000000000e+01,3.573933670400000000e+10,9.417555968000000000e+11,4.417076408863067627e-01
3.102000000000000000e+03,1.072000000000000000e+03,1.471770467849808384e+01,1.437398936440172637e-01,7.700000000000000000e+01,2.013876428800000000e+10,8.125853204480000000e+11,1.798575818538665771e-01
7.550000000000000000e+02,1.560000000000000000e+03,3.933141654234781015e+01,1.885618083164126990e-01,1.590000000000000000e+02,4.272983296000000000e+09,2.772747223040000000e+11,1.467877030372619629e+00
1.656000000000000000e+03,3.699000000000000000e+03,2.673221668098876691e+01,1.242259987499883256e-01,9.700000000000000000e+01,8.631378944000000000e+09,4.648786329600000000e+11,1.410987377166748047e+00
2.441000000000000000e+03,4.850000000000000000e+02,2.663755433218832636e+01,1.720052290384453675e-01,2.720000000000000000e+02,1.676722560000000000e+09,1.726652252160000000e+11,3.619681596755981445e-01
3.681000000000000000e+03,2.885000000000000000e+03,6.093291972829934622e+01,1.111111111111111049e-01,2.700000000000000000e+01,5.914858700800000000e+10,1.389970718720000000e+12,1.606564044952392578e+00
2.069000000000000000e+03,2.844000000000000000e+03,4.627188856097973257e+01,1.716929178792375721e-01,1.200000000000000000e+01,2.315846656000000000e+10,7.122979389440000000e+11,2.079156398773193359e+00
3.747000000000000000e+03,2.312000000000000000e+03,1.515149757853662216e+01,1.863389981249824745e-01,4.000000000000000000e+02,3.904066880000000000e+08,1.308716810240000000e+11,1.520813405513763428e-01
3.079000000000000000e+03,8.680000000000000000e+02,1.756110995578592338e+01,1.875000000000000000e-01,1.930000000000000000e+02,2.731847680000000000e+09,2.914863022080000000e+11,4.136207401752471924e-01
3.291000000000000000e+03,1.554000000000000000e+03,1.036522554280393962e+02,1.118033988749894958e-01,9.000000000000000000e+01,1.548399206400000000e+10,6.150358302720000000e+11,1.962381601333618164e+00
9.690000000000000000e+02,2.626000000000000000e+03,6.637691603326733514e+01,1.802775637731994507e-01,9.300000000000000000e+01,9.273953280000000000e+09,5.918494556160000000e+11,1.251332402229309082e+00
3.920000000000000000e+02,1.352000000000000000e+03,1.332974378229427437e+01,1.666666666666666574e-01,1.000000000000000000e+00,9.809676697600000000e+10,3.612387573760000000e+12,1.521267175674438477e+00
2.389000000000000000e+03,1.753000000000000000e+03,3.064191998592502841e+02,7.856742013183862228e-02,1.270000000000000000e+02,7.644780544000000000e+09,4.254506352640000000e+11,3.315616548061370850e-01
2.547000000000000000e+03,2.505000000000000000e+03,1.981877449165447658e+01,2.000000000000000111e-01,5.160000000000000000e+02,3.467728640000000000e+08,7.465073868800000000e+10,4.812555760145187378e-02
2.208000000000000000e+03,3.706000000000000000e+03,6.388609403820187254e+02,5.882352941176470507e-02,7.400000000000000000e+01,7.382875136000000000e+09,3.429553274880000000e+11,1.600151181221008301e+00
3.195000000000000000e+03,1.328000000000000000e+03,4.307087152783639681e+02,0.000000000000000000e+00,3.850000000000000000e+02,1.439004544000000000e+09,1.228858818560000000e+11,4.246520996093750000e-01
1.708000000000000000e+03,1.976000000000000000e+03,3.813684301733914594e+01,1.538461538461538547e-01,3.460000000000000000e+02,5.755747200000000000e+08,1.482373693440000000e+11,1.931558549404144287e-01
3.910000000000000000e+02,8.030000000000000000e+02,1.120507147755089079e+02,1.792654619833765339e-01,5.700000000000000000e+01,2.276455014400000000e+10,8.920157388800000000e+11,3.614920616149902344e+00
3.160000000000000000e+03,8.920000000000000000e+02,1.558975648000803815e+01,7.071067811865475172e-02,1.090000000000000000e+02,2.272710860800000000e+10,6.351597731840000000e+11,0.000000000000000000e+00
1.137000000000000000e+03,3.899000000000000000e+03,1.191144784762762754e+02,6.666666666666666574e-02,6.000000000000000000e+00,3.639146905600000000e+10,2.032646619136000000e+12,2.737049102783203125e+00
9.310000000000000000e+02,5.200000000000000000e+01,1.572460310306805376e+01,1.483600617145907075e-01,0.000000000000000000e+00,6.256252108800000000e+10,5.017748635648000000e+12,4.946801960468292236e-01
6.540000000000000000e+02,3.902000000000000000e+03,7.095994392468310252e+01,9.428090415820634951e-02,1.220000000000000000e+02,1.443306624000000000e+09,2.756263280640000000e+11,6.954203248023986816e-01
8.120000000000000000e+02,1.467000000000000000e+03,9.573063664351379032e+01,5.000000000000000278e-02,9.900000000000000000e+01,8.371488768000000000e+09,6.211557130240000000e+11,6.079373955726623535e-01
1.426000000000000000e+03,2.009000000000000000e+03,2.635811182681939968e+01,9.090909090909091161e-02,3.970000000000000000e+02,9.364321920000000000e+08,1.107516375040000000e+11,1.213163882493972778e-01
3.274000000000000000e+03,2.773000000000000000e+03,1.344919645444244694e+01,1.502313031443328895e-01,4.100000000000000000e+01,2.046601625600000000e+10,1.033987227648000000e+12,3.614742457866668701e-01
2.090000000000000000e+02,2.399000000000000000e+03,9.677078853738119335e+01,9.090909090909091161e-02,4.690000000000000000e+02,3.174883200000000000e+08,9.633148108800000000e+10,7.158766686916351318e-02
1.820000000000000000e+03,1.934000000000000000e+03,9.558048686613808798e+01,1.333333333333333315e-01,1.580000000000000000e+02,3.659788544000000000e+09,2.476780093440000000e+11,1.194774508476257324e+00
3.816000000000000000e+03,2.178000000000000000e+03,1.688053307859808783e+01,1.663780661615406053e-01,3.000000000000000000e+00,6.908092416000000000e+10,3.004823764992000000e+12,6.583381295204162598e-01
1.682000000000000000e+03,1.850000000000000000e+03,2.019219680361707958e+01,1.538461538461538547e-01,2.430000000000000000e+02,1.882682496000000000e+09,1.662704517120000000e+11,2.110286802053451538e-01
2.400000000000000000e+02,2.926000000000000000e+03,3.199577648957938791e+01,1.860163329510811370e-01,1.510000000000000000e+02,7.397843456000000000e+09,3.663055421440000000e+11,4.148328006267547607e-01
2.336000000000000000e+03,2.435000000000000000e+03,1.151289224989350224e+01,1.844626385704036808e-01,2.600000000000000000e+01,3.573933670400000000e+10,9.417555968000000000e+11,4.417076408863067627e-01
1.870000000000000000e+03,1.719000000000000000e+03,4.980388357352244810e+01,1.010152544552210818e-01,2.190000000000000000e+02,3.432410624000000000e+09,2.009583779840000000e+11,8.318915367126464844e-01
3.270000000000000000e+03,2.768000000000000000e+03,2.505972249773237337e+01,1.178511301977579334e-01,4.100000000000000000e+01,2.046601625600000000e+10,1.033987227648000000e+12,3.614742457866668701e-01
3.975000000000000000e+03,2.093000000000000000e+03,8.845735188332174914e+01,1.118033988749894958e-01,8.100000000000000000e+01,1.206914457600000000e+10,6.047352750080000000e+11,3.115982770919799805e+00
3.091000000000000000e+03,3.614000000000000000e+03,3.073417088120339002e+01,1.472537723434878820e-01,2.500000000000000000e+01,4.075406131200000000e+10,1.594271465472000000e+12,3.982214033603668213e-01
3.184000000000000000e+03,1.224000000000000000e+03,2.066732799969326351e+01,1.863389981249824745e-01,4.160000000000000000e+02,4.873997120000000000e+08,1.185201356800000000e+11,2.005743086338043213e-01
1.801000000000000000e+03,6.880000000000000000e+02,3.091739214089616183e+01,1.488645855129573925e-01,1.010000000000000000e+02,1.021766656000000000e+10,4.976323788800000000e+11,1.474550127983093262e+00
1.290000000000000000e+03,1.800000000000000000e+03,3.165159121122795582e+01,1.131370849898476055e-01,5.000000000000000000e+01,3.057143193600000000e+10,1.127562608640000000e+12,2.546044588088989258e+00
3.593000000000000000e+03,1.167000000000000000e+03,1.413794518410215773e+01,1.994505484123890171e-01,7.000000000000000000e+00,9.380154572800000000e+10,1.533485776896000000e+12,6.129750728607177734e+00
2.006000000000000000e+03,3.981000000000000000e+03,2.279419771322556443e+01,1.437398936440172637e-01,3.800000000000000000e+01,2.210399436800000000e+10,8.084941701120000000e+11,5.884984731674194336e-01
2.837000000000000000e+03,1.206000000000000000e+03,3.924801458232224860e+01,1.242259987499883256e-01,1.110000000000000000e+02,1.699877120000000000e+09,4.605679697920000000e+11,1.063262104988098145e+00
3.697000000000000000e+03,1.380000000000000000e+03,2.247190559806800536e+01,1.315334104411640948e-01,1.670000000000000000e+02,7.098905088000000000e+09,3.708694036480000000e+11,3.250155225396156311e-02
3.294000000000000000e+03,1.554000000000000000e+03,7.065239335726475645e+01,1.414213562373095034e-01,9.000000000000000000e+01,1.548399206400000000e+10,6.150358302720000000e+11,1.962381601333618164e+00
3.498000000000000000e+03,3.194000000000000000e+03,6.603127271521579189e+01,1.638886943392722229e-01,3.600000000000000000e+01,2.303946342400000000e+10,7.790489763840000000e+11,2.043790340423583984e+00
7.540000000000000000e+02,2.821000000000000000e+03,2.704450570584734592e+01,1.597191412499849861e-01,2.860000000000000000e+02,2.467872256000000000e+09,2.249883156480000000e+11,3.860072791576385498e-01
2.266000000000000000e+03,2.189000000000000000e+03,7.246401777515924891e+01,1.597191412499849861e-01,2.240000000000000000e+02,2.260876544000000000e+09,2.187337891840000000e+11,1.060880780220031738e+00
3.614000000000000000e+03,3.971000000000000000e+03,2.250363008054801028e+01,1.844626385704036808e-01,6.600000000000000000e+01,3.083681792000000000e+10,8.879675801600000000e+11,1.502096533775329590e+00
2.920000000000000000e+03,3.640000000000000000e+02,3.446444717720687834e+01,1.885618083164126990e-01,2.470000000000000000e+02,2.639703552000000000e+09,2.397348495360000000e+11,8.896604180335998535e-01
3.300000000000000000e+03,2.018000000000000000e+03,2.692135001100367475e+01,0.000000000000000000e+00,3.270000000000000000e+02,4.566016960000000000e+08,1.440871219200000000e+11,1.437596380710601807e-01
3.161000000000000000e+03,3.949000000000000000e+03,1.976737293850729316e+01,1.976423537605237202e-01,1.990000000000000000e+02,1.138293248000000000e+09,3.060843479040000000e+11,4.941779673099517822e-01
2.410000000000000000e+02,3.026000000000000000e+03,4.153252289354153248e+01,1.428571428571428492e-01,2.300000000000000000e+02,8.503640960000000000e+08,1.844238090240000000e+11,4.273478984832763672e-01
3.277000000000000000e+03,3.865000000000000000e+03,1.692911626550595372e+01,2.000000000000000111e-01,5.360000000000000000e+02,3.824721920000000000e+08,6.999181721600000000e+10,8.860754966735839844e-02
9.250000000000000000e+02,4.800000000000000000e+01,1.988919722664946477e+01,1.219512195121951192e-01,0.000000000000000000e+00,6.256252108800000000e+10,5.017748635648000000e+12,4.946801960468292236e-01
1.138000000000000000e+03,3.899000000000000000e+03,1.435567758716893820e+02,3.333333333333333287e-02,6.000000000000000000e+00,3.639146905600000000e+10,2.032646619136000000e+12,2.737049102783203125e+00
1.557000000000000000e+03,4.130000000000000000e+02,8.269739995648849629e+01,1.597191412499849861e-01,2.630000000000000000e+02,2.143266560000000000e+09,2.131313459200000000e+11,3.043325841426849365e-01
3.873000000000000000e+03,5.310000000000000000e+02,3.546970281974321182e+01,1.860163329510811370e-01,1.630000000000000000e+02,6.503384064000000000e+09,3.622422118400000000e+11,4.421492815017700195e-01
3.004000000000000000e+03,2.411000000000000000e+03,2.207134883210675369e+01,1.285648693066450132e-01,3.990000000000000000e+02,4.317933760000000000e+08,1.022198333440000000e+11,1.004172340035438538e-01
2.060000000000000000e+02,3.730000000000000000e+02,2.852248313493788956e+01,1.571348402636772446e-01,1.660000000000000000e+02,4.560578048000000000e+09,4.044796723200000000e+11,1.807749032974243164e+00
2.680000000000000000e+03,3.217000000000000000e+03,4.573847608743133009e+01,2.000000000000000111e-01,1.910000000000000000e+02,3.331605504000000000e+09,2.606805483520000000e+11,1.485942959785461426e+00
1.419000000000000000e+03,1.425000000000000000e+03,4.323373137063788363e+01,1.663780661615406053e-01,1.280000000000000000e+02,8.305701888000000000e+09,3.799752704000000000e+11,2.958372533321380615e-01
3.444000000000000000e+03,5.010000000000000000e+02,7.367085677677800959e+01,1.802775637731994507e-01,6.400000000000000000e+01,1.078310297600000000e+10,5.657055723520000000e+11,8.366629481315612793e-01
3.800000000000000000e+03,1.815000000000000000e+03,4.751840952088379311e+01,8.333333333333332871e-02,2.150000000000000000e+02,2.387859200000000000e+09,1.421193871360000000e+11,6.492154002189636230e-01
2.512000000000000000e+03,4.270000000000000000e+02,1.152682003369153279e+02,1.111111111111111049e-01,7.900000000000000000e+01,5.519063040000000000e+09,4.653620920320000000e+11,1.204052805900573730e+00
1.114000000000000000e+03,9.950000000000000000e+02,2.038770326767428998e+01,1.145307118227127940e-01,2.000000000000000000e+00,6.382575616000000000e+10,3.543532568576000000e+12,8.956543803215026855e-01
3.786000000000000000e+03,1.082000000000000000e+03,1.304188480829047592e+01,1.863389981249824745e-01,4.100000000000000000e+02,9.075399040000000000e+08,1.377786429440000000e+11,1.585731059312820435e-01
2.739000000000000000e+03,1.330000000000000000e+03,5.608107293388037817e+01,1.875000000000000000e-01,1.760000000000000000e+02,4.940628480000000000e+09,3.123316326400000000e+11,9.549114704132080078e-01
2.130000000000000000e+02,3.384000000000000000e+03,1.096264616722727503e+01,1.818181818181818232e-01,3.900000000000000000e+02,5.208784320000000000e+08,8.706557542400000000e+10,7.612831145524978638e-02
3.403000000000000000e+03,2.279000000000000000e+03,3.270618892478967865e+01,6.666666666666666574e-02,1.810000000000000000e+02,4.323384320000000000e+09,2.729334374400000000e+11,1.498810768127441406e+00
2.910000000000000000e+02,1.184000000000000000e+03,3.437249463485132850e+01,1.597191412499849861e-01,2.310000000000000000e+02,2.268468736000000000e+09,2.214728335360000000e+11,4.646080732345581055e-01
1.774000000000000000e+03,8.750000000000000000e+02,6.747089391244814216e+00,7.692307692307692735e-02,3.650000000000000000e+02,5.727564800000000000e+08,1.791010897920000000e+11,6.615951657295227051e-02
2.828000000000000000e+03,2.451000000000000000e+03,5.309221248235527213e+01,5.882352941176470507e-02,1.490000000000000000e+02,7.441189888000000000e+09,3.603796459520000000e+11,2.079063355922698975e-01
3.967000000000000000e+03,2.617000000000000000e+03,4.454170384940349692e+01,1.756820922315766309e-01,1.450000000000000000e+02,5.611709952000000000e+09,4.007164313600000000e+11,6.379430890083312988e-01
2.157000000000000000e+03,2.857000000000000000e+03,2.808607182237206601e+01,1.666666666666666574e-01,3.820000000000000000e+02,9.533651840000000000e+08,1.346881126400000000e+11,1.371839791536331177e-01
3.279000000000000000e+03,3.863000000000000000e+03,1.062359078135682466e+01,2.000000000000000111e-01,5.360000000000000000e+02,3.824721920000000000e+08,6.999181721600000000e+10,8.860754966735839844e-02
6.080000000000000000e+02,9.230000000000000000e+02,1.696962132414149593e+01,1.505846504842085487e-01,9.600000000000000000e+01,1.947561779200000000e+10,6.610042224640000000e+11,7.008498907089233398e-01
1.541000000000000000e+03,1.933000000000000000e+03,1.393347473032327066e+01,8.333333333333332871e-02,2.980000000000000000e+02,4.301437440000000000e+08,1.428876492800000000e+11,4.677122831344604492e-02
3.977000000000000000e+03,2.416000000000000000e+03,1.753260586529422227e+01,1.788854381999831766e-01,1.100000000000000000e+01,8.969981952000000000e+10,1.230720466944000000e+12,1.840681076049804688e+00
3.746000000000000000e+03,2.311000000000000000e+03,2.047151038338549256e+01,8.333333333333332871e-02,4.000000000000000000e+02,3.904066880000000000e+08,1.308716810240000000e+11,1.520813405513763428e-01
3.893000000000000000e+03,5.800000000000000000e+02,3.875828932155697260e+01,7.142857142857142461e-02,2.010000000000000000e+02,2.204576000000000000e+09,1.963535564800000000e+11,1.007424712181091309e+00
3.640000000000000000e+03,1.613000000000000000e+03,1.919441612242145467e+01,1.863389981249824745e-01,3.660000000000000000e+02,7.622257920000000000e+08,1.424123494400000000e+11,7.158105820417404175e-02
3.695000000000000000e+03,1.610000000000000000e+02,5.736967908045720321e+01,9.523809523809523281e-02,7.500000000000000000e+01,2.454544179200000000e+10,6.556142141440000000e+11,2.213511466979980469e+00
3.616000000000000000e+03,3.971000000000000000e+03,2.396501890583132877e+01,1.374903330507991073e-01,6.600000000000000000e+01,3.083681792000000000e+10,8.879675801600000000e+11,1.502096533775329590e+00
1.767000000000000000e+03,4.550000000000000000e+02,5.903633079394995065e+01,1.397542485937368628e-01,1.570000000000000000e+02,3.006642688000000000e+09,2.851074211840000000e+11,3.332279205322265625e+00
1.642000000000000000e+03,3.069000000000000000e+03,1.905608673205454693e+02,4.000000000000000083e-02,1.800000000000000000e+01,3.449834700800000000e+10,1.125269241856000000e+12,5.236464023590087891e+00
2.424000000000000000e+03,2.760000000000000000e+02,1.631044802958560069e+01,1.000000000000000056e-01,5.450000000000000000e+02,4.646134400000000000e+08,6.646086041600000000e+10,8.333577960729598999e-02
7.000000000000000000e+01,3.764000000000000000e+03,1.987132308221256238e+01,1.315334104411640948e-01,1.730000000000000000e+02,7.743961088000000000e+09,3.678486200320000000e+11,5.720635876059532166e-02
2.802000000000000000e+03,3.048000000000000000e+03,9.677571838749393862e+01,2.000000000000000111e-01,7.100000000000000000e+01,1.286694195200000000e+10,6.331708866560000000e+11,2.597814559936523438e+00
1.000000000000000000e+00,2.891000000000000000e+03,1.757921551661888060e+01,1.982353793473938253e-01,2.230000000000000000e+02,6.367427584000000000e+09,2.936652431360000000e+11,7.391481399536132812e-01
3.340000000000000000e+02,1.474000000000000000e+03,3.443818574774871166e+01,1.000000000000000056e-01,1.300000000000000000e+01,4.897171865600000000e+10,2.033823121408000000e+12,2.753273546695709229e-01
1.638000000000000000e+03,3.072000000000000000e+03,8.608739383694658898e+01,1.697056274847713875e-01,1.800000000000000000e+01,3.449834700800000000e+10,1.125269241856000000e+12,5.236464023590087891e+00
3.300000000000000000e+02,1.477000000000000000e+03,1.647551417884230318e+01,1.333333333333333315e-01,1.300000000000000000e+01,4.897171865600000000e+10,2.033823121408000000e+12,2.753273546695709229e-01
3.051000000000000000e+03,3.397000000000000000e+03,1.756136372916055421e+01,1.178511301977579334e-01,4.900000000000000000e+01,3.686430310400000000e+10,1.007178809344000000e+12,2.341371476650238037e-01
3.029000000000000000e+03,8.400000000000000000e+02,1.040021804065967643e+02,1.176877882894626220e-01,9.800000000000000000e+01,6.441727488000000000e+09,4.850621808640000000e+11,1.873759031295776367e+00
1.876000000000000000e+03,1.483000000000000000e+03,1.926095787416016591e+01,1.010152544552210818e-01,3.060000000000000000e+02,1.568214528000000000e+09,2.011891138560000000e+11,4.769412279129028320e-01
1.200000000000000000e+02,2.327000000000000000e+03,6.552193850555947563e+01,8.944271909999158832e-02,2.300000000000000000e+01,3.876257382400000000e+10,1.158851198976000000e+12,9.720131754875183105e-01
2.950000000000000000e+02,2.728000000000000000e+03,2.079953741809141121e+01,1.087856586440842377e-01,3.420000000000000000e+02,5.387810560000000000e+08,1.542441533440000000e+11,2.097166627645492554e-01
3.429000000000000000e+03,9.420000000000000000e+02,3.791879789066904749e+01,8.318903308077030267e-02,1.620000000000000000e+02,8.009004032000000000e+09,3.621181194240000000e+11,7.825241237878799438e-02
1.440000000000000000e+03,1.478000000000000000e+03,3.056970505850048525e+01,1.250000000000000000e-01,2.170000000000000000e+02,7.385863168000000000e+09,2.996693893120000000e+11,1.486081480979919434e-01
1.835000000000000000e+03,8.810000000000000000e+02,1.633991545273680757e+01,1.490711984999859852e-01,2.130000000000000000e+02,5.969742848000000000e+09,2.418833326080000000e+11,5.127511620521545410e-01
3.630000000000000000e+02,3.096000000000000000e+03,4.987773018643420642e+01,1.087856586440842377e-01,3.520000000000000000e+02,1.655584512000000000e+09,1.702845480960000000e+11,2.170052528381347656e-01
3.692000000000000000e+03,1.650000000000000000e+02,3.634459497230781722e+01,1.963383631246505001e-01,7.500000000000000000e+01,2.454544179200000000e+10,6.556142141440000000e+11,2.213511466979980469e+00
1.558000000000000000e+03,4.140000000000000000e+02,8.218865784224125548e+01,7.142857142857142461e-02,2.630000000000000000e+02,2.143266560000000000e+09,2.131313459200000000e+11,3.043325841426849365e-01
3.685000000000000000e+03,2.887000000000000000e+03,3.616361365960187157e+01,1.527076157636170495e-01,2.700000000000000000e+01,5.914858700800000000e+10,1.389970718720000000e+12,1.606564044952392578e+00
6.740000000000000000e+02,1.611000000000000000e+03,3.979564721868461419e+01,5.263157894736841813e-02,1.170000000000000000e+02,9.497686016000000000e+09,5.323860869120000000e+11,5.192977190017700195e-01
3.027000000000000000e+03,3.622000000000000000e+03,1.669347243926516455e+01,1.000000000000000056e-01,3.320000000000000000e+02,5.849402240000000000e+08,7.523729408000000000e+10,7.677312940359115601e-02
2.246000000000000000e+03,1.344000000000000000e+03,1.199505550342709057e+02,1.874138920735300140e-01,8.000000000000000000e+01,1.309234585600000000e+10,7.702168862720000000e+11,1.206064105033874512e+00
2.518000000000000000e+03,3.815000000000000000e+03,2.005730755876197335e+01,1.863389981249824745e-01,4.500000000000000000e+02,5.818505600000000000e+08,1.187542220800000000e+11,1.592583358287811279e-01
3.199000000000000000e+03,3.188000000000000000e+03,2.462511512390694790e+01,1.178511301977579334e-01,4.150000000000000000e+02,6.657606400000000000e+08,1.192828682240000000e+11,6.993571668863296509e-02
1.824000000000000000e+03,2.210000000000000000e+03,4.757797772266756198e+01,1.333333333333333315e-01,2.450000000000000000e+02,5.440987648000000000e+09,2.382794752000000000e+11,1.636620014905929565e-01
1.800000000000000000e+03,7.970000000000000000e+02,5.661285933242778867e+01,1.764705882352941291e-01,1.040000000000000000e+02,6.925968384000000000e+09,3.880816148480000000e+11,3.823973238468170166e-01
3.974000000000000000e+03,2.423000000000000000e+03,2.991457199902490771e+01,1.264911064067351931e-01,1.100000000000000000e+01,8.969981952000000000e+10,1.230720466944000000e+12,1.840681076049804688e+00
2.521000000000000000e+03,5.070000000000000000e+02,2.838767924208589832e+01,7.692307692307692735e-02,3.400000000000000000e+02,1.046708352000000000e+09,1.732076011520000000e+11,3.590988516807556152e-01
1.827000000000000000e+03,1.051000000000000000e+03,7.560545350407451792e+01,1.428571428571428492e-01,1.050000000000000000e+02,6.983964160000000000e+09,6.437818859520000000e+11,3.719874858856201172e+00
6.100000000000000000e+02,9.240000000000000000e+02,2.204739876138502552e+02,4.761904761904761640e-02,9.600000000000000000e+01,1.947561779200000000e+10,6.610042224640000000e+11,7.008498907089233398e-01
3.295000000000000000e+03,1.555000000000000000e+03,6.240634592026729877e+01,1.581138830084189706e-01,9.000000000000000000e+01,1.548399206400000000e+10,6.150358302720000000e+11,1.962381601333618164e+00
7.800000000000000000e+01,2.053000000000000000e+03,2.524202973364445768e+01,1.414213562373095034e-01,4.870000000000000000e+02,4.257509440000000000e+08,7.042217574400000000e+10,1.255667507648468018e-01
2.724000000000000000e+03,2.721000000000000000e+03,3.270223606891473622e+01,1.333333333333333315e-01,2.340000000000000000e+02,1.103645952000000000e+09,2.464357416960000000e+11,1.935859620571136475e-01
3.562000000000000000e+03,1.408000000000000000e+03,2.710742632858245571e+01,1.976423537605237202e-01,1.440000000000000000e+02,6.393047040000000000e+09,3.163068497920000000e+11,2.523791491985321045e-01
3.581000000000000000e+03,4.070000000000000000e+02,2.398510145161553453e+01,1.285648693066450132e-01,5.110000000000000000e+02,7.604030080000000000e+08,9.137700044800000000e+10,1.333570629358291626e-01
3.069000000000000000e+03,1.080000000000000000e+03,3.521677680498552832e+01,1.863389981249824745e-01,2.580000000000000000e+02,1.139374464000000000e+09,1.246151720960000000e+11,2.086202651262283325e-01
3.490000000000000000e+02,3.265000000000000000e+03,1.312307883283069430e+02,5.555555555555555247e-02,6.200000000000000000e+01,1.928503910400000000e+10,4.123953070080000000e+11,9.983271956443786621e-01
3.654000000000000000e+03,2.640000000000000000e+02,3.257610499746355259e+01,1.720052290384453675e-01,3.280000000000000000e+02,1.245889536000000000e+09,1.617924915200000000e+11,6.197083592414855957e-01
1.620000000000000000e+03,2.432000000000000000e+03,2.246998376819259136e+01,1.414213562373095034e-01,3.770000000000000000e+02,4.487530560000000000e+08,8.237314867200000000e+10,3.543758392333984375e-02
9.310000000000000000e+02,5.300000000000000000e+01,1.490792586493890326e+01,1.463414634146341375e-01,0.000000000000000000e+00,6.256252108800000000e+10,5.017748635648000000e+12,4.946801960468292236e-01
2.604000000000000000e+03,4.000000000000000000e+00,6.393674101925812892e+01,7.985957062499249304e-02,3.100000000000000000e+01,4.701029990400000000e+10,1.551441461248000000e+12,1.145187914371490479e-01
1.439000000000000000e+03,1.475000000000000000e+03,2.774527321976918515e+01,1.976423537605237202e-01,2.170000000000000000e+02,7.385863168000000000e+09,2.996693893120000000e+11,1.486081480979919434e-01
1.767000000000000000e+03,4.560000000000000000e+02,5.262549900816568993e+01,1.976423537605237202e-01,1.570000000000000000e+02,3.006642688000000000e+09,2.851074211840000000e+11,3.332279205322265625e+00
3.449000000000000000e+03,1.414000000000000000e+03,2.986628185370311428e+01,1.756820922315766309e-01,1.240000000000000000e+02,9.070321664000000000e+09,4.086862970880000000e+11,4.404786229133605957e-01
3.082000000000000000e+03,2.411000000000000000e+03,5.719292905135069560e+01,1.285648693066450132e-01,2.400000000000000000e+01,3.329379942400000000e+10,8.096457687040000000e+11,7.204747200012207031e-01
2.154000000000000000e+03,1.100000000000000000e+02,1.005562058585751828e+01,1.792654619833765339e-01,6.300000000000000000e+01,2.905395609600000000e+10,9.190184058880000000e+11,6.639138460159301758e-01
1.135000000000000000e+03,3.895000000000000000e+03,5.915696174469418622e+01,1.885618083164126990e-01,6.000000000000000000e+00,3.639146905600000000e+10,2.032646619136000000e+12,2.737049102783203125e+00
2.419000000000000000e+03,2.384000000000000000e+03,8.502863520910972284e+02,0.000000000000000000e+00,3.600000000000000000e+02,4.854508160000000000e+08,1.191350026240000000e+11,9.310474246740341187e-02
2.806000000000000000e+03,3.050000000000000000e+03,8.211951222349830459e+01,1.000000000000000056e-01,7.100000000000000000e+01,1.286694195200000000e+10,6.331708866560000000e+11,2.597814559936523438e+00
3.815000000000000000e+03,2.186000000000000000e+03,1.513101560516116351e+01,1.470588235294117696e-01,3.000000000000000000e+00,6.908092416000000000e+10,3.004823764992000000e+12,6.583381295204162598e-01
2.258000000000000000e+03,1.117000000000000000e+03,1.149404616182253491e+01,1.923076923076923184e-01,2.800000000000000000e+01,4.360073216000000000e+10,1.367401955328000000e+12,4.216426908969879150e-01
9.680000000000000000e+02,2.621000000000000000e+03,4.028819931134833610e+01,1.802775637731994507e-01,9.300000000000000000e+01,9.273953280000000000e+09,5.918494556160000000e+11,1.251332402229309082e+00
3.193000000000000000e+03,6.000000000000000000e+01,5.307057604108742908e+02,7.142857142857142461e-02,3.090000000000000000e+02,1.334211968000000000e+09,1.977185402880000000e+11,1.896062344312667847e-01
3.017000000000000000e+03,5.620000000000000000e+02,2.888516326676597146e+01,1.111111111111111049e-01,1.160000000000000000e+02,6.805506560000000000e+09,4.243692257280000000e+11,2.449444308876991272e-02
3.082000000000000000e+03,2.414000000000000000e+03,8.325771283958492575e+01,1.016394535227177209e-01,2.400000000000000000e+01,3.329379942400000000e+10,8.096457687040000000e+11,7.204747200012207031e-01
3.534000000000000000e+03,1.729000000000000000e+03,2.897195234965260724e+01,1.010152544552210818e-01,2.830000000000000000e+02,2.923252992000000000e+09,1.953971404800000000e+11,5.708111524581909180e-01
1.220000000000000000e+02,2.331000000000000000e+03,2.316330504454234074e+01,2.000000000000000111e-01,2.300000000000000000e+01,3.876257382400000000e+10,1.158851198976000000e+12,9.720131754875183105e-01
8.330000000000000000e+02,4.330000000000000000e+02,5.994450461222163540e+01,1.874138920735300140e-01,7.200000000000000000e+01,2.465830912000000000e+10,7.708183101440000000e+11,4.504816055297851562e+00
2.068000000000000000e+03,1.161000000000000000e+03,2.312953642427621048e+01,1.087856586440842377e-01,3.430000000000000000e+02,9.461294720000000000e+08,1.510497648640000000e+11,2.699825167655944824e-01
2.263000000000000000e+03,1.124000000000000000e+03,7.303545853430123636e+00,1.386750490563072868e-01,2.800000000000000000e+01,4.360073216000000000e+10,1.367401955328000000e+12,4.216426908969879150e-01
1.934000000000000000e+03,3.883000000000000000e+03,1.943816050468150891e+01,1.739130434782608647e-01,4.200000000000000000e+01,3.713277542400000000e+10,9.399391354880000000e+11,8.075914978981018066e-01
2.506000000000000000e+03,1.868000000000000000e+03,6.074477121121110201e+01,0.000000000000000000e+00,1.410000000000000000e+02,7.782827520000000000e+09,4.131430072320000000e+11,2.230915576219558716e-01
3.648000000000000000e+03,3.132000000000000000e+03,2.744374525197867243e+01,1.663780661615406053e-01,1.360000000000000000e+02,7.123006976000000000e+09,3.876921016320000000e+11,3.230233490467071533e-01
1.661000000000000000e+03,2.615000000000000000e+03,2.879577715879199218e+01,1.000000000000000056e-01,4.860000000000000000e+02,5.281309120000000000e+08,8.492009062400000000e+10,2.085208147764205933e-01
1.605000000000000000e+03,2.130000000000000000e+03,1.681942601472301391e+01,1.963383631246505001e-01,3.200000000000000000e+01,3.833240780800000000e+10,6.712152555520000000e+11,1.721168041229248047e+00
3.151000000000000000e+03,2.887000000000000000e+03,1.307155567542180208e+01,1.818181818181818232e-01,1.790000000000000000e+02,6.148529920000000000e+08,9.080494489600000000e+10,9.723433107137680054e-02
2.393000000000000000e+03,9.160000000000000000e+02,2.502613593487275878e+01,1.397542485937368628e-01,2.040000000000000000e+02,3.971941632000000000e+09,3.158566174720000000e+11,1.042898535728454590e+00
3.622000000000000000e+03,3.407000000000000000e+03,3.935967777053777894e+01,1.928473039599674921e-01,5.500000000000000000e+01,2.626351104000000000e+10,8.398834892800000000e+11,2.084592580795288086e+00
3.182000000000000000e+03,3.608000000000000000e+03,3.883170276545347832e+01,1.597191412499849861e-01,2.160000000000000000e+02,1.697669632000000000e+09,2.234225950720000000e+11,3.313867747783660889e-01
3.030000000000000000e+03,8.390000000000000000e+02,3.484803384863925402e+01,1.176877882894626220e-01,9.800000000000000000e+01,6.441727488000000000e+09,4.850621808640000000e+11,1.873759031295776367e+00
4.840000000000000000e+02,3.388000000000000000e+03,2.959754542961661983e+01,1.428571428571428492e-01,2.810000000000000000e+02,3.947301632000000000e+09,1.837049610240000000e+11,1.494614005088806152e+00
3.799000000000000000e+03,2.650000000000000000e+03,3.007037655562655942e+01,1.597191412499849861e-01,2.210000000000000000e+02,4.674793472000000000e+09,2.267652423680000000e+11,9.816284775733947754e-01
1.400000000000000000e+03,2.004000000000000000e+03,4.554619309067005872e+01,1.767766952966368932e-01,3.730000000000000000e+02,4.611106880000000000e+08,3.908011622400000000e+10,4.260808229446411133e-02
2.402000000000000000e+03,6.530000000000000000e+02,1.164672548893830140e+01,9.090909090909091161e-02,5.120000000000000000e+02,5.528614400000000000e+08,1.035318886400000000e+11,1.178099736571311951e-01
2.258000000000000000e+03,1.121000000000000000e+03,1.086991269165364749e+01,1.153846153846153910e-01,2.800000000000000000e+01,4.360073216000000000e+10,1.367401955328000000e+12,4.216426908969879150e-01
3.795000000000000000e+03,3.377000000000000000e+03,7.099005074529221915e+00,1.802775637731994507e-01,1.030000000000000000e+02,1.480291532800000000e+10,6.178978529280000000e+11,1.145902797579765320e-01
1.173000000000000000e+03,2.730000000000000000e+03,2.865565792249008936e+01,1.863389981249824745e-01,3.470000000000000000e+02,1.402579840000000000e+09,1.235072778240000000e+11,2.255139648914337158e-01
2.885000000000000000e+03,3.533000000000000000e+03,1.025662223705074716e+01,1.863389981249824745e-01,3.900000000000000000e+01,1.933491814400000000e+10,1.077381758976000000e+12,1.537795662879943848e-01
8.110000000000000000e+02,1.471000000000000000e+03,4.054306748471758937e+01,1.581138830084189706e-01,9.900000000000000000e+01,8.371488768000000000e+09,6.211557130240000000e+11,6.079373955726623535e-01
3.802000000000000000e+03,6.240000000000000000e+02,2.704772245870037395e+01,1.490711984999859852e-01,1.900000000000000000e+02,5.169756160000000000e+09,2.290967183360000000e+11,7.144913673400878906e-01
2.235000000000000000e+03,2.159000000000000000e+03,1.916050477077802938e+01,7.443229275647869625e-02,1.190000000000000000e+02,1.317935820800000000e+10,5.372063252480000000e+11,2.801064588129520416e-02
9.220000000000000000e+02,5.800000000000000000e+01,1.494529355365738255e+01,1.422183388986658636e-01,0.000000000000000000e+00,6.256252108800000000e+10,5.017748635648000000e+12,4.946801960468292236e-01
3.217000000000000000e+03,2.249000000000000000e+03,7.614624547630845086e+01,1.963383631246505001e-01,3.400000000000000000e+01,1.937896243200000000e+10,6.661144576000000000e+11,4.488957405090332031e+00
2.320000000000000000e+02,1.112000000000000000e+03,3.906871476757617501e+01,1.638886943392722229e-01,4.800000000000000000e+01,1.859853926400000000e+10,8.332313886720000000e+11,3.081290960311889648e+00
3.427000000000000000e+03,9.430000000000000000e+02,7.481981262324923136e+02,5.882352941176470507e-02,1.620000000000000000e+02,8.009004032000000000e+09,3.621181194240000000e+11,7.825241237878799438e-02
3.251000000000000000e+03,1.096000000000000000e+03,1.811357600228798148e+01,2.000000000000000111e-01,4.960000000000000000e+02,5.087050880000000000e+08,8.589599539200000000e+10,7.234873622655868530e-02
3.978000000000000000e+03,2.423000000000000000e+03,1.777905463511562090e+01,1.697056274847713875e-01,1.100000000000000000e+01,8.969981952000000000e+10,1.230720466944000000e+12,1.840681076049804688e+00
3.546000000000000000e+03,2.489000000000000000e+03,3.497441991655687588e+01,1.285648693066450132e-01,5.800000000000000000e+01,2.581009408000000000e+10,7.758674001920000000e+11,3.101233243942260742e-01
3.696000000000000000e+03,1.379000000000000000e+03,3.517082904332762894e+01,5.882352941176470507e-02,1.670000000000000000e+02,7.098905088000000000e+09,3.708694036480000000e+11,3.250155225396156311e-02
2.418000000000000000e+03,2.385000000000000000e+03,1.987754410025361906e+01,1.178511301977579334e-01,3.600000000000000000e+02,4.854508160000000000e+08,1.191350026240000000e+11,9.310474246740341187e-02
2.975000000000000000e+03,2.265000000000000000e+03,2.303422871524016955e+02,0.000000000000000000e+00,3.240000000000000000e+02,3.838052160000000000e+08,1.460147159040000000e+11,1.041521206498146057e-01
3.033000000000000000e+03,8.410000000000000000e+02,1.085325761303730729e+02,1.052631578947368363e-01,9.800000000000000000e+01,6.441727488000000000e+09,4.850621808640000000e+11,1.873759031295776367e+00
2.248000000000000000e+03,1.344000000000000000e+03,1.571411337112367335e+02,1.016394535227177209e-01,8.000000000000000000e+01,1.309234585600000000e+10,7.702168862720000000e+11,1.206064105033874512e+00
6.440000000000000000e+02,1.743000000000000000e+03,1.191368660348208124e+02,9.523809523809523281e-02,2.100000000000000000e+01,2.680886272000000000e+10,7.169793720320000000e+11,5.465441703796386719e+00
9.210000000000000000e+02,5.700000000000000000e+01,1.599319269990608205e+01,1.379720548656678258e-01,0.000000000000000000e+00,6.256252108800000000e+10,5.017748635648000000e+12,4.946801960468292236e-01
6.880000000000000000e+02,3.310000000000000000e+02,4.030901615833064966e+01,1.597191412499849861e-01,2.800000000000000000e+02,4.251422400000000000e+08,1.943625891840000000e+11,1.165085285902023315e-01
3.099000000000000000e+03,1.072000000000000000e+03,4.403409315473139429e+01,4.545454545454545581e-02,7.700000000000000000e+01,2.013876428800000000e+10,8.125853204480000000e+11,1.798575818538665771e-01
3.000000000000000000e+02,2.238000000000000000e+03,1.715137531134297433e+01,1.863389981249824745e-01,4.190000000000000000e+02,5.515520000000000000e+08,1.344901283840000000e+11,6.383813172578811646e-02
3.186000000000000000e+03,1.224000000000000000e+03,2.171116080600127418e+01,1.863389981249824745e-01,4.160000000000000000e+02,4.873997120000000000e+08,1.185201356800000000e+11,2.005743086338043213e-01
2.090000000000000000e+03,3.838000000000000000e+03,3.928195092135651834e+01,1.176877882894626220e-01,1.180000000000000000e+02,1.119032627200000000e+10,4.991444254720000000e+11,8.458191156387329102e-01
6.120000000000000000e+02,2.589000000000000000e+03,4.066259534553707056e+01,1.923076923076923184e-01,3.300000000000000000e+01,3.162380492800000000e+10,1.302926065664000000e+12,2.007309532165527344e+01
2.791000000000000000e+03,5.290000000000000000e+02,1.936063714200846420e+01,1.178511301977579334e-01,2.730000000000000000e+02,5.777141760000000000e+08,1.435401748480000000e+11,1.002508848905563354e-01
3.384000000000000000e+03,3.941000000000000000e+03,1.618073772473631777e+01,1.720052290384453675e-01,3.490000000000000000e+02,2.859807232000000000e+09,1.712656547840000000e+11,6.540271043777465820e-01
5.820000000000000000e+02,2.405000000000000000e+03,1.769226048157007014e+01,1.538461538461538547e-01,4.120000000000000000e+02,1.624076544000000000e+09,1.459722813440000000e+11,3.445019423961639404e-01
3.052000000000000000e+03,3.402000000000000000e+03,1.481923995264138760e+01,1.767766952966368654e-01,4.900000000000000000e+01,3.686430310400000000e+10,1.007178809344000000e+12,2.341371476650238037e-01
3.998000000000000000e+03,1.282000000000000000e+03,2.209814433332461192e+01,1.870847253103538055e-01,3.960000000000000000e+02,8.582507520000000000e+08,1.404932259840000000e+11,1.361435055732727051e-01
1.185000000000000000e+03,1.035000000000000000e+03,1.377719665458004705e+01,1.818181818181818232e-01,4.580000000000000000e+02,6.650209280000000000e+08,1.054516019200000000e+11,1.653324961662292480e-01
7.700000000000000000e+02,2.421000000000000000e+03,6.544441192156456566e+01,1.597191412499849861e-01,3.050000000000000000e+02,5.268018688000000000e+09,1.916077998080000000e+11,1.323084235191345215e-01
7.690000000000000000e+02,2.424000000000000000e+03,2.126166694745846186e+01,1.597191412499849861e-01,3.050000000000000000e+02,5.268018688000000000e+09,1.916077998080000000e+11,1.323084235191345215e-01
3.724000000000000000e+03,2.501000000000000000e+03,1.955318520680303607e+02,1.874138920735300140e-01,4.300000000000000000e+01,1.800707276800000000e+10,8.294295797760000000e+11,1.875314235687255859e+00
3.974000000000000000e+03,2.417000000000000000e+03,2.454917767339308199e+01,1.264911064067351931e-01,1.100000000000000000e+01,8.969981952000000000e+10,1.230720466944000000e+12,1.840681076049804688e+00
3.918000000000000000e+03,9.160000000000000000e+02,1.899435992782852978e+01,1.285648693066450132e-01,5.100000000000000000e+02,5.422079360000000000e+08,8.963564339200000000e+10,7.310037314891815186e-02
2.735000000000000000e+03,2.459000000000000000e+03,6.169988813335478284e+01,1.863389981249824745e-01,3.700000000000000000e+01,2.916994662400000000e+10,1.049209339904000000e+12,5.184139728546142578e+00
3.287000000000000000e+03,3.295000000000000000e+03,4.362200691777528760e+01,1.285648693066449855e-01,5.000000000000000000e+00,5.707350016000000000e+10,2.649217302528000000e+12,1.466975212097167969e+00
2.791000000000000000e+03,5.280000000000000000e+02,1.940729821148956447e+01,8.333333333333332871e-02,2.730000000000000000e+02,5.777141760000000000e+08,1.435401748480000000e+11,1.002508848905563354e-01
3.014000000000000000e+03,1.318000000000000000e+03,2.392436439924419744e+01,9.090909090909091161e-02,5.040000000000000000e+02,4.217805440000000000e+08,8.980668416000000000e+10,1.469118744134902954e-01
2.879000000000000000e+03,3.533000000000000000e+03,1.879171546833357098e+01,1.178511301977579334e-01,3.900000000000000000e+01,1.933491814400000000e+10,1.077381758976000000e+12,1.537795662879943848e-01
3.800000000000000000e+03,1.814000000000000000e+03,5.622422484969345646e+01,1.178511301977579334e-01,2.150000000000000000e+02,2.387859200000000000e+09,1.421193871360000000e+11,6.492154002189636230e-01
3.649000000000000000e+03,3.130000000000000000e+03,3.346284249298327040e+01,1.764705882352941291e-01,1.360000000000000000e+02,7.123006976000000000e+09,3.876921016320000000e+11,3.230233490467071533e-01
3.275000000000000000e+03,2.769000000000000000e+03,1.561735073038919275e+01,1.317615691736824801e-01,4.100000000000000000e+01,2.046601625600000000e+10,1.033987227648000000e+12,3.614742457866668701e-01
3.990000000000000000e+02,1.353000000000000000e+03,3.578976015280938583e+01,3.928371006591931114e-02,1.000000000000000000e+00,9.809676697600000000e+10,3.612387573760000000e+12,1.521267175674438477e+00
2.390000000000000000e+03,1.750000000000000000e+03,6.316542421874537894e+01,1.571348402636772446e-01,1.270000000000000000e+02,7.644780544000000000e+09,4.254506352640000000e+11,3.315616548061370850e-01
3.210000000000000000e+03,2.996000000000000000e+03,4.769889663352006437e+01,1.976423537605237202e-01,1.880000000000000000e+02,4.351213056000000000e+09,3.313075159040000000e+11,4.980710744857788086e-01
1.278000000000000000e+03,3.928000000000000000e+03,1.648986258491845192e+01,1.087856586440842377e-01,4.700000000000000000e+01,2.999850598400000000e+10,1.287392722944000000e+12,2.840396203100681305e-02
3.282000000000000000e+03,3.289000000000000000e+03,5.756543045491952171e+02,1.092591295595148199e-01,5.000000000000000000e+00,5.707350016000000000e+10,2.649217302528000000e+12,1.466975212097167969e+00
3.880000000000000000e+02,7.070000000000000000e+02,1.552650505653090462e+01,1.863389981249824745e-01,3.940000000000000000e+02,4.340258560000000000e+08,1.272477941760000000e+11,5.574505031108856201e-02
1.437000000000000000e+03,1.478000000000000000e+03,5.406777571936275706e+01,6.250000000000000000e-02,2.170000000000000000e+02,7.385863168000000000e+09,2.996693893120000000e+11,1.486081480979919434e-01
2.978000000000000000e+03,4.500000000000000000e+01,9.010015556791728386e+00,1.923076923076923184e-01,2.900000000000000000e+01,3.051142758400000000e+10,1.378565881856000000e+12,1.916203647851943970e-02
1.131000000000000000e+03,8.710000000000000000e+02,3.763286477308584210e+01,1.767766952966368932e-01,1.850000000000000000e+02,7.707054592000000000e+09,2.947731947520000000e+11,4.469096362590789795e-01
2.199000000000000000e+03,3.217000000000000000e+03,2.298125279594895005e+02,1.414213562373095034e-01,2.120000000000000000e+02,8.418713600000000000e+08,8.297308979200000000e+10,1.670643240213394165e-01
3.163000000000000000e+03,2.941000000000000000e+03,3.004672641805908739e+01,0.000000000000000000e+00,3.210000000000000000e+02,1.336870656000000000e+09,1.717944975360000000e+11,3.042835891246795654e-01
2.461000000000000000e+03,3.124000000000000000e+03,2.068938285536829369e+01,1.472537723434878820e-01,1.500000000000000000e+01,7.138964275200000000e+10,1.710274510848000000e+12,2.411046743392944336e+00
3.994000000000000000e+03,1.520000000000000000e+03,1.271916648591855648e+01,1.538461538461538547e-01,3.680000000000000000e+02,1.454576512000000000e+09,1.598858690560000000e+11,2.514202892780303955e-01
3.623000000000000000e+03,3.402000000000000000e+03,5.269949316734238209e+01,1.285648693066450132e-01,5.500000000000000000e+01,2.626351104000000000e+10,8.398834892800000000e+11,2.084592580795288086e+00
6.870000000000000000e+02,3.350000000000000000e+02,1.661722614105539009e+01,1.428571428571428492e-01,2.800000000000000000e+02,4.251422400000000000e+08,1.943625891840000000e+11,1.165085285902023315e-01
2.091000000000000000e+03,3.901000000000000000e+03,3.401837292264234236e+01,7.692307692307692735e-02,2.640000000000000000e+02,3.405308672000000000e+09,1.508058726400000000e+11,7.838104367256164551e-01
1.440000000000000000e+02,3.258000000000000000e+03,1.232531990868808691e+01,1.788854381999831766e-01,4.600000000000000000e+01,3.086882406400000000e+10,1.199684452352000000e+12,6.945605874061584473e-01
1.833000000000000000e+03,3.657000000000000000e+03,1.486407707426569971e+02,6.666666666666666574e-02,2.290000000000000000e+02,2.036898944000000000e+09,2.471114833920000000e+11,2.126524001359939575e-01
3.694000000000000000e+03,1.580000000000000000e+02,3.701656822313422168e+01,1.505846504842085487e-01,7.500000000000000000e+01,2.454544179200000000e+10,6.556142141440000000e+11,2.213511466979980469e+00
3.143000000000000000e+03,3.250000000000000000e+03,3.031727148731143018e+01,9.090909090909091161e-02,4.550000000000000000e+02,3.361623680000000000e+08,8.678325452800000000e+10,6.212594732642173767e-02
2.310000000000000000e+02,2.284000000000000000e+03,2.922418419805039846e+01,1.087856586440842377e-01,2.060000000000000000e+02,1.332004992000000000e+09,1.467900395520000000e+11,1.831086724996566772e-01
2.086000000000000000e+03,4.750000000000000000e+02,1.333824740924911225e+02,7.142857142857142461e-02,2.350000000000000000e+02,2.742836224000000000e+09,2.052629954560000000e+11,5.753920674324035645e-01
1.821000000000000000e+03,1.049000000000000000e+03,1.104035647492755032e+02,1.716929178792375721e-01,1.050000000000000000e+02,6.983964160000000000e+09,6.437818859520000000e+11,3.719874858856201172e+00
2.460000000000000000e+02,2.926000000000000000e+03,2.896757828383550759e+01,1.860163329510811370e-01,1.510000000000000000e+02,7.397843456000000000e+09,3.663055421440000000e+11,4.148328006267547607e-01
3.223000000000000000e+03,2.247000000000000000e+03,7.272165544798582459e+01,1.716929178792375721e-01,3.400000000000000000e+01,1.937896243200000000e+10,6.661144576000000000e+11,4.488957405090332031e+00
1.448000000000000000e+03,1.622000000000000000e+03,6.798517084363085416e+01,1.176877882894626220e-01,6.100000000000000000e+01,1.472875110400000000e+10,5.134962196480000000e+11,1.453196406364440918e+00
9.150000000000000000e+02,3.895000000000000000e+03,9.348727862540565070e+01,1.285648693066450132e-01,3.800000000000000000e+02,5.227850880000000000e+08,1.126026526720000000e+11,1.442231535911560059e-01
3.620000000000000000e+03,3.968000000000000000e+03,3.333577675253452099e+01,1.304347826086956486e-01,6.600000000000000000e+01,3.083681792000000000e+10,8.879675801600000000e+11,1.502096533775329590e+00
2.021000000000000000e+03,3.376000000000000000e+03,1.681446314785881384e+02,5.263157894736841813e-02,1.020000000000000000e+02,7.167281664000000000e+09,4.982148956160000000e+11,1.543027639389038086e+00
2.772000000000000000e+03,3.280000000000000000e+02,8.365803451898825926e+01,1.756820922315766309e-01,1.560000000000000000e+02,7.488644096000000000e+09,4.189504798720000000e+11,1.312537789344787598e+00
1.430000000000000000e+02,3.256000000000000000e+03,1.927485727171170282e+01,1.199999999999999956e-01,4.600000000000000000e+01,3.086882406400000000e+10,1.199684452352000000e+12,6.945605874061584473e-01
3.221000000000000000e+03,2.248000000000000000e+03,5.838851605017227087e+01,9.523809523809523281e-02,3.400000000000000000e+01,1.937896243200000000e+10,6.661144576000000000e+11,4.488957405090332031e+00
2.388000000000000000e+03,9.160000000000000000e+02,4.460388433812178022e+01,1.976423537605237202e-01,2.040000000000000000e+02,3.971941632000000000e+09,3.158566174720000000e+11,1.042898535728454590e+00
6.060000000000000000e+02,2.596000000000000000e+03,3.190326439858479191e+01,1.631784879661263288e-01,3.300000000000000000e+01,3.162380492800000000e+10,1.302926065664000000e+12,2.007309532165527344e+01
1.645000000000000000e+03,3.069000000000000000e+03,1.178154099522595430e+02,1.600000000000000033e-01,1.800000000000000000e+01,3.449834700800000000e+10,1.125269241856000000e+12,5.236464023590087891e+00
3.770000000000000000e+03,1.959000000000000000e+03,1.842355009174858438e+01,1.490711984999859852e-01,2.390000000000000000e+02,3.774906624000000000e+09,2.424068341760000000e+11,8.290513157844543457e-01
2.987000000000000000e+03,2.206000000000000000e+03,1.098794222934886591e+02,1.333333333333333315e-01,2.000000000000000000e+02,1.603066368000000000e+09,2.519666196480000000e+11,6.580364108085632324e-01
1.172000000000000000e+03,2.728000000000000000e+03,3.828818415731245750e+01,1.178511301977579334e-01,3.470000000000000000e+02,1.402579840000000000e+09,1.235072778240000000e+11,2.255139648914337158e-01
1.614000000000000000e+03,2.957000000000000000e+03,5.166048737732785412e+01,1.374903330507991073e-01,5.100000000000000000e+01,3.191295590400000000e+10,8.522985635840000000e+11,3.693249225616455078e+00
2.247000000000000000e+03,1.341000000000000000e+03,5.382592282482890766e+01,1.638886943392722229e-01,8.000000000000000000e+01,1.309234585600000000e+10,7.702168862720000000e+11,1.206064105033874512e+00
3.560000000000000000e+03,2.243000000000000000e+03,3.397679945827007941e+01,1.490711984999859852e-01,8.400000000000000000e+01,4.863553536000000000e+09,2.581076049920000000e+11,7.515404820442199707e-01
2.422000000000000000e+03,2.662000000000000000e+03,1.081108757551524917e+02,1.756820922315766309e-01,1.120000000000000000e+02,3.294868992000000000e+09,4.550815252480000000e+11,1.575487017631530762e+00
3.177000000000000000e+03,2.666000000000000000e+03,1.118147009082320409e+01,1.875000000000000000e-01,2.550000000000000000e+02,2.954721792000000000e+09,2.781572300800000000e+11,5.748847723007202148e-01
1.070000000000000000e+03,2.721000000000000000e+03,1.160449606123386346e+01,1.720052290384453675e-01,3.410000000000000000e+02,3.815032640000000000e+08,1.797301043200000000e+11,1.261608004570007324e-01
3.193000000000000000e+03,6.200000000000000000e+01,2.755001672670939428e+01,7.142857142857142461e-02,3.090000000000000000e+02,1.334211968000000000e+09,1.977185402880000000e+11,1.896062344312667847e-01
3.995000000000000000e+03,1.521000000000000000e+03,2.304368438552591769e+01,1.087856586440842377e-01,3.680000000000000000e+02,1.454576512000000000e+09,1.598858690560000000e+11,2.514202892780303955e-01
2.829000000000000000e+03,2.447000000000000000e+03,3.339684910552139741e+01,1.860163329510811370e-01,1.490000000000000000e+02,7.441189888000000000e+09,3.603796459520000000e+11,2.079063355922698975e-01
2.986000000000000000e+03,2.208000000000000000e+03,9.064734429708672678e+02,6.666666666666666574e-02,2.000000000000000000e+02,1.603066368000000000e+09,2.519666196480000000e+11,6.580364108085632324e-01
3.102000000000000000e+03,3.183000000000000000e+03,3.479162929468670740e+01,1.720052290384453675e-01,1.340000000000000000e+02,2.217295616000000000e+09,1.731536650240000000e+11,6.493409276008605957e-01
3.698000000000000000e+03,3.720000000000000000e+03,3.033146059680600004e+01,1.315334104411640948e-01,1.940000000000000000e+02,6.918756864000000000e+09,3.508476968960000000e+11,4.071498811244964600e-01
4.050000000000000000e+02,1.352000000000000000e+03,1.772672214164419202e+01,1.944444444444444475e-01,1.000000000000000000e+00,9.809676697600000000e+10,3.612387573760000000e+12,1.521267175674438477e+00
1.272000000000000000e+03,1.300000000000000000e+01,5.046671165625403432e+02,1.414213562373095034e-01,4.780000000000000000e+02,4.095452800000000000e+08,8.486140313600000000e+10,8.719237893819808960e-02
1.614000000000000000e+03,1.038000000000000000e+03,4.837352990321464574e+01,8.333333333333332871e-02,4.410000000000000000e+02,6.769042560000000000e+08,1.301400780800000000e+11,1.568942219018936157e-01
1.640000000000000000e+03,1.600000000000000000e+03,1.608965018644287426e+01,1.756820922315766309e-01,1.260000000000000000e+02,8.510359040000000000e+09,4.107794513920000000e+11,1.171465665102005005e-01
3.412000000000000000e+03,9.800000000000000000e+02,1.015677320974337619e+02,7.142857142857142461e-02,2.510000000000000000e+02,1.090851072000000000e+09,2.225137090560000000e+11,1.425269693136215210e-01
4.850000000000000000e+02,5.560000000000000000e+02,1.077309385362727028e+02,9.090909090909091161e-02,4.180000000000000000e+02,3.856245760000000000e+08,1.113361530880000000e+11,1.088667586445808411e-01
1.317000000000000000e+03,2.834000000000000000e+03,6.174190169429462571e+01,1.010152544552210818e-01,2.030000000000000000e+02,1.375417856000000000e+09,1.892061839360000000e+11,2.696428000926971436e-01
2.848000000000000000e+03,5.350000000000000000e+02,2.290637626418602935e+01,1.176470588235294101e-01,1.310000000000000000e+02,7.085904384000000000e+09,3.575631380480000000e+11,4.093026518821716309e-01
4.890000000000000000e+02,8.210000000000000000e+02,3.606493039919291022e+01,1.428571428571428492e-01,4.000000000000000000e+01,1.619209011200000000e+10,7.339425792000000000e+11,2.455300569534301758e+00
1.614000000000000000e+03,2.508000000000000000e+03,2.165362882584491544e+01,1.663780661615406053e-01,1.820000000000000000e+02,5.668081152000000000e+09,3.419367997440000000e+11,3.741784989833831787e-01
3.450000000000000000e+03,1.411000000000000000e+03,4.276860202889533014e+01,1.571348402636772446e-01,1.240000000000000000e+02,9.070321664000000000e+09,4.086862970880000000e+11,4.404786229133605957e-01
7.360000000000000000e+02,1.102000000000000000e+03,2.385696913826831533e+01,1.571348402636772446e-01,1.430000000000000000e+02,4.983443456000000000e+09,4.042203791360000000e+11,1.947730064392089844e+00
3.679000000000000000e+03,2.885000000000000000e+03,3.257049858751757654e+01,1.335389361282958987e-01,2.700000000000000000e+01,5.914858700800000000e+10,1.389970718720000000e+12,1.606564044952392578e+00
3.439000000000000000e+03,1.296000000000000000e+03,3.791857714928880796e+01,1.571348402636772446e-01,2.600000000000000000e+02,3.533144640000000000e+08,6.008634572800000000e+10,8.675485849380493164e-02
1.977000000000000000e+03,1.512000000000000000e+03,3.857844057780276614e+01,5.882352941176470507e-02,6.700000000000000000e+01,1.700488294400000000e+10,3.988162478080000000e+11,1.022485494613647461e+00
3.497000000000000000e+03,3.192000000000000000e+03,8.947696109421961808e+01,6.428243465332250661e-02,3.600000000000000000e+01,2.303946342400000000e+10,7.790489763840000000e+11,2.043790340423583984e+00
1.427000000000000000e+03,1.329000000000000000e+03,2.694022583460806430e+01,1.818181818181818232e-01,4.310000000000000000e+02,6.789124480000000000e+08,1.053877125120000000e+11,8.867353945970535278e-02
1.567000000000000000e+03,2.424000000000000000e+03,8.197498173110078312e+01,1.716929178792375721e-01,7.300000000000000000e+01,1.521108377600000000e+10,7.037344808960000000e+11,2.304742574691772461e+00
3.559000000000000000e+03,1.408000000000000000e+03,3.967058477381792869e+01,6.250000000000000000e-02,1.440000000000000000e+02,6.393047040000000000e+09,3.163068497920000000e+11,2.523791491985321045e-01
3.699000000000000000e+03,3.721000000000000000e+03,3.121075112330385082e+01,1.315334104411640948e-01,1.940000000000000000e+02,6.918756864000000000e+09,3.508476968960000000e+11,4.071498811244964600e-01
3.697000000000000000e+03,3.724000000000000000e+03,1.751332607750937598e+01,1.176470588235294101e-01,1.940000000000000000e+02,6.918756864000000000e+09,3.508476968960000000e+11,4.071498811244964600e-01
3.219000000000000000e+03,2.253000000000000000e+03,9.243195409009365449e+01,1.716929178792375721e-01,3.400000000000000000e+01,1.937896243200000000e+10,6.661144576000000000e+11,4.488957405090332031e+00
3.082000000000000000e+03,1.577000000000000000e+03,1.846282022276023227e+01,1.597191412499849861e-01,2.770000000000000000e+02,2.816187904000000000e+09,1.890902179840000000e+11,1.188701033592224121e+00
3.099000000000000000e+03,3.183000000000000000e+03,8.150074225297059627e+01,1.087856586440842377e-01,1.340000000000000000e+02,2.217295616000000000e+09,1.731536650240000000e+11,6.493409276008605957e-01
1.137000000000000000e+03,3.898000000000000000e+03,1.319246338072733238e+02,7.453559924999299258e-02,6.000000000000000000e+00,3.639146905600000000e+10,2.032646619136000000e+12,2.737049102783203125e+00
2.198000000000000000e+03,3.085000000000000000e+03,2.983336240139844620e+01,1.863389981249824745e-01,4.270000000000000000e+02,9.537302400000000000e+08,1.312612106240000000e+11,1.773587763309478760e-01
2.455000000000000000e+03,3.118000000000000000e+03,2.118925012854353440e+01,1.923273145405179907e-01,1.500000000000000000e+01,7.138964275200000000e+10,1.710274510848000000e+12,2.411046743392944336e+00
3.077000000000000000e+03,8.630000000000000000e+02,5.583269270186431044e+01,1.767766952966368932e-01,1.930000000000000000e+02,2.731847680000000000e+09,2.914863022080000000e+11,4.136207401752471924e-01
3.426000000000000000e+03,9.440000000000000000e+02,5.111266984172122108e+01,1.315334104411640948e-01,1.620000000000000000e+02,8.009004032000000000e+09,3.621181194240000000e+11,7.825241237878799438e-02
3.205000000000000000e+03,3.801000000000000000e+03,1.376967962737541740e+01,8.695652173913043237e-02,5.400000000000000000e+01,2.519146700800000000e+10,8.874719313920000000e+11,2.497666776180267334e-01
5.410000000000000000e+02,2.460000000000000000e+03,5.271713028301819293e+01,8.318903308077030267e-02,1.200000000000000000e+02,6.955766784000000000e+09,3.694168965120000000e+11,7.630509138107299805e-01
2.523000000000000000e+03,1.013000000000000000e+03,1.261495125188988453e+01,1.421760560557814024e-01,1.900000000000000000e+01,4.698338508800000000e+10,1.740785844224000000e+12,5.655762553215026855e-01
3.621000000000000000e+03,3.405000000000000000e+03,5.084945571457008384e+01,1.874138920735300140e-01,5.500000000000000000e+01,2.626351104000000000e+10,8.398834892800000000e+11,2.084592580795288086e+00
2.522000000000000000e+03,3.990000000000000000e+03,3.706330300103913800e+01,1.315334104411640948e-01,7.600000000000000000e+01,1.071258521600000000e+10,3.784632238080000000e+11,1.643970608711242676e+00
2.050000000000000000e+02,3.730000000000000000e+02,3.600660538630303620e+01,1.242259987499883256e-01,1.660000000000000000e+02,4.560578048000000000e+09,4.044796723200000000e+11,1.807749032974243164e+00
1.834000000000000000e+03,8.800000000000000000e+02,1.973881033342190605e+01,1.490711984999859852e-01,2.130000000000000000e+02,5.969742848000000000e+09,2.418833326080000000e+11,5.127511620521545410e-01
1.144000000000000000e+03,3.896000000000000000e+03,3.583961908750298164e+01,1.943650631615100322e-01,6.000000000000000000e+00,3.639146905600000000e+10,2.032646619136000000e+12,2.737049102783203125e+00
1.275000000000000000e+03,3.923000000000000000e+03,2.175871283976015036e+01,1.216260638526299870e-01,4.700000000000000000e+01,2.999850598400000000e+10,1.287392722944000000e+12,2.840396203100681305e-02
6.800000000000000000e+01,3.760000000000000000e+03,3.406667110875469717e+01,1.315334104411640948e-01,1.730000000000000000e+02,7.743961088000000000e+09,3.678486200320000000e+11,5.720635876059532166e-02
2.430000000000000000e+02,1.279000000000000000e+03,2.461564129137847701e+01,7.142857142857142461e-02,2.620000000000000000e+02,1.951409664000000000e+09,2.083741040640000000e+11,4.481662213802337646e-01
3.186000000000000000e+03,1.221000000000000000e+03,2.509328836876651891e+01,1.178511301977579334e-01,4.160000000000000000e+02,4.873997120000000000e+08,1.185201356800000000e+11,2.005743086338043213e-01
7.400000000000000000e+02,3.033000000000000000e+03,2.176982797240777501e+01,1.666666666666666574e-01,1.690000000000000000e+02,7.073868288000000000e+09,4.103612989440000000e+11,8.517970144748687744e-02
7.200000000000000000e+02,8.670000000000000000e+02,3.503749862951602267e+01,1.538461538461538547e-01,3.620000000000000000e+02,1.018515968000000000e+09,1.587685294080000000e+11,2.858537435531616211e-01
1.140000000000000000e+03,3.899000000000000000e+03,8.354308637109315328e+01,3.333333333333333287e-02,6.000000000000000000e+00,3.639146905600000000e+10,2.032646619136000000e+12,2.737049102783203125e+00
2.310000000000000000e+02,2.286000000000000000e+03,2.299072182644006190e+01,1.087856586440842377e-01,2.060000000000000000e+02,1.332004992000000000e+09,1.467900395520000000e+11,1.831086724996566772e-01
2.310000000000000000e+02,1.111000000000000000e+03,3.254346981597795008e+01,1.874138920735300140e-01,4.800000000000000000e+01,1.859853926400000000e+10,8.332313886720000000e+11,3.081290960311889648e+00
1.275000000000000000e+03,3.922000000000000000e+03,1.575281388501065294e+01,1.585809856006792640e-01,4.700000000000000000e+01,2.999850598400000000e+10,1.287392722944000000e+12,2.840396203100681305e-02
2.420000000000000000e+03,2.629000000000000000e+03,2.858309239053706960e+02,9.090909090909091161e-02,5.030000000000000000e+02,1.350065920000000000e+09,8.923387494400000000e+10,8.502116799354553223e-02
1.444000000000000000e+03,1.621000000000000000e+03,6.538310728014391771e+01,1.664356663246515655e-01,6.100000000000000000e+01,1.472875110400000000e+10,5.134962196480000000e+11,1.453196406364440918e+00
9.670000000000000000e+02,2.622000000000000000e+03,6.487318047559915613e+01,1.118033988749894958e-01,9.300000000000000000e+01,9.273953280000000000e+09,5.918494556160000000e+11,1.251332402229309082e+00
2.967000000000000000e+03,3.715000000000000000e+03,9.310096122967709675e+01,1.897658566033678385e-01,9.100000000000000000e+01,1.009944064000000000e+10,4.783271772160000000e+11,2.100039958953857422e+00
3.540000000000000000e+02,3.393000000000000000e+03,3.211446949927010053e+01,1.414213562373095034e-01,1.130000000000000000e+02,2.184168857600000000e+10,5.550306099200000000e+11,1.005207449197769165e-01
1.459000000000000000e+03,2.894000000000000000e+03,2.166060401956243808e+01,1.885618083164126990e-01,1.870000000000000000e+02,3.490905344000000000e+09,2.551559946240000000e+11,6.606990098953247070e-01
1.447000000000000000e+03,1.622000000000000000e+03,7.454703886113094313e+01,1.052631578947368363e-01,6.100000000000000000e+01,1.472875110400000000e+10,5.134962196480000000e+11,1.453196406364440918e+00
2.172000000000000000e+03,2.619000000000000000e+03,7.168698055417289439e+00,1.928473039599674921e-01,7.800000000000000000e+01,1.819584102400000000e+10,8.121544212480000000e+11,4.277330338954925537e-01
1.370000000000000000e+02,3.254000000000000000e+03,5.624150408416199554e+01,1.442220510185595606e-01,4.600000000000000000e+01,3.086882406400000000e+10,1.199684452352000000e+12,6.945605874061584473e-01
9.360000000000000000e+02,3.714000000000000000e+03,5.018697167004658866e+01,1.118033988749894958e-01,8.700000000000000000e+01,1.389513318400000000e+10,6.118853181440000000e+11,2.075522422790527344e+00
3.614000000000000000e+03,3.965000000000000000e+03,2.109737901131716953e+01,1.844626385704036808e-01,6.600000000000000000e+01,3.083681792000000000e+10,8.879675801600000000e+11,1.502096533775329590e+00
2.370000000000000000e+02,3.025000000000000000e+03,4.011505224546702664e+01,1.597191412499849861e-01,2.300000000000000000e+02,8.503640960000000000e+08,1.844238090240000000e+11,4.273478984832763672e-01
2.986000000000000000e+03,2.207000000000000000e+03,1.029799272623377817e+02,9.428090415820634951e-02,2.000000000000000000e+02,1.603066368000000000e+09,2.519666196480000000e+11,6.580364108085632324e-01
2.318000000000000000e+03,2.810000000000000000e+03,3.508129693028036655e+01,1.428571428571428492e-01,2.660000000000000000e+02,1.482024960000000000e+09,2.057319055360000000e+11,4.525501430034637451e-01
2.400000000000000000e+02,2.928000000000000000e+03,4.498763655374589376e+01,1.860163329510811370e-01,1.510000000000000000e+02,7.397843456000000000e+09,3.663055421440000000e+11,4.148328006267547607e-01
5.730000000000000000e+02,8.100000000000000000e+02,2.677288464824766123e+01,1.885618083164126990e-01,1.750000000000000000e+02,3.009767936000000000e+09,2.583236935680000000e+11,8.106874227523803711e-01
3.639000000000000000e+03,1.610000000000000000e+03,2.641453092207699882e+01,1.863389981249824745e-01,3.660000000000000000e+02,7.622257920000000000e+08,1.424123494400000000e+11,7.158105820417404175e-02
2.076000000000000000e+03,2.845000000000000000e+03,3.182467548216686737e+01,1.963383631246505001e-01,1.200000000000000000e+01,2.315846656000000000e+10,7.122979389440000000e+11,2.079156398773193359e+00
3.448000000000000000e+03,1.220000000000000000e+03,2.622067908798589642e+01,5.882352941176470507e-02,5.900000000000000000e+01,1.250927923200000000e+10,3.361745141760000000e+11,9.381470084190368652e-01
6.970000000000000000e+02,2.362000000000000000e+03,1.688682870004578263e+01,1.397542485937368628e-01,1.650000000000000000e+02,5.079975936000000000e+09,3.063907942400000000e+11,7.000707089900970459e-02
3.109000000000000000e+03,3.430000000000000000e+02,5.036638040472401201e+01,1.664356663246515655e-01,1.150000000000000000e+02,2.835620096000000000e+09,5.186958786560000000e+11,1.339670538902282715e+00
2.100000000000000000e+01,1.892000000000000000e+03,1.076459843040845499e+02,1.428571428571428492e-01,6.800000000000000000e+01,1.475188736000000000e+10,6.964029685760000000e+11,2.634758710861206055e+00
3.277000000000000000e+03,1.105000000000000000e+03,3.759204033053084970e+01,6.666666666666666574e-02,2.100000000000000000e+02,3.701318912000000000e+09,2.652073000960000000e+11,6.421301364898681641e-01
1.820000000000000000e+03,1.935000000000000000e+03,4.939223548408861575e+01,1.490711984999859852e-01,1.580000000000000000e+02,3.659788544000000000e+09,2.476780093440000000e+11,1.194774508476257324e+00
6.410000000000000000e+02,1.747000000000000000e+03,1.027024791012976124e+02,1.716929178792375721e-01,2.100000000000000000e+01,2.680886272000000000e+10,7.169793720320000000e+11,5.465441703796386719e+00
3.891000000000000000e+03,5.820000000000000000e+02,1.466367640323829669e+01,1.597191412499849861e-01,2.010000000000000000e+02,2.204576000000000000e+09,1.963535564800000000e+11,1.007424712181091309e+00
8.110000000000000000e+02,1.470000000000000000e+03,5.389560858775033125e+01,1.118033988749894958e-01,9.900000000000000000e+01,8.371488768000000000e+09,6.211557130240000000e+11,6.079373955726623535e-01
6.300000000000000000e+02,4.980000000000000000e+02,2.936486316552988285e+01,1.860163329510811370e-01,1.350000000000000000e+02,6.468990464000000000e+09,3.937586708480000000e+11,4.105822145938873291e-01
1.024000000000000000e+03,9.160000000000000000e+02,2.829122252525463566e+01,9.090909090909091161e-02,4.360000000000000000e+02,7.270547200000000000e+08,1.019528478720000000e+11,1.557354480028152466e-01
3.705000000000000000e+03,2.556000000000000000e+03,1.773347600397269019e+01,1.976423537605237202e-01,1.960000000000000000e+02,6.549093888000000000e+09,2.803599278080000000e+11,4.497103989124298096e-01
3.810000000000000000e+03,2.177000000000000000e+03,2.197387095508454991e+01,1.583872002098383469e-01,3.000000000000000000e+00,6.908092416000000000e+10,3.004823764992000000e+12,6.583381295204162598e-01
3.596000000000000000e+03,7.110000000000000000e+02,1.267881831488120525e+01,1.285648693066450132e-01,4.820000000000000000e+02,3.871682880000000000e+08,8.964560486400000000e+10,7.355281710624694824e-02
3.098000000000000000e+03,1.072000000000000000e+03,2.566181043799158701e+01,6.428243465332250661e-02,7.700000000000000000e+01,2.013876428800000000e+10,8.125853204480000000e+11,1.798575818538665771e-01
1.120000000000000000e+03,9.940000000000000000e+02,2.924601427405139020e+01,5.555555555555555247e-02,2.000000000000000000e+00,6.382575616000000000e+10,3.543532568576000000e+12,8.956543803215026855e-01
3.818000000000000000e+03,3.510000000000000000e+02,4.709192042418685986e+01,1.397542485937368628e-01,1.710000000000000000e+02,7.686175744000000000e+09,3.092989870080000000e+11,4.525429308414459229e-01
2.238000000000000000e+03,2.155000000000000000e+03,1.503872529215902176e+01,1.897658566033678385e-01,1.190000000000000000e+02,1.317935820800000000e+10,5.372063252480000000e+11,2.801064588129520416e-02
3.400000000000000000e+03,1.307000000000000000e+03,3.878979817434898791e+01,1.863389981249824745e-01,3.390000000000000000e+02,1.023554816000000000e+09,1.415779778560000000e+11,3.280525207519531250e-01
1.293000000000000000e+03,2.380000000000000000e+02,1.118734708890444374e+01,1.087856586440842377e-01,4.030000000000000000e+02,2.407207168000000000e+09,1.668932567040000000e+11,3.032393157482147217e-01
3.028000000000000000e+03,8.420000000000000000e+02,6.581413429785082769e+01,1.664356663246515655e-01,9.800000000000000000e+01,6.441727488000000000e+09,4.850621808640000000e+11,1.873759031295776367e+00
2.986000000000000000e+03,2.210000000000000000e+03,3.875095919645001885e+01,1.490711984999859852e-01,2.000000000000000000e+02,1.603066368000000000e+09,2.519666196480000000e+11,6.580364108085632324e-01
1.711000000000000000e+03,2.003000000000000000e+03,4.581353032008132686e+01,1.720052290384453675e-01,3.760000000000000000e+02,9.890255360000000000e+08,1.469101342720000000e+11,1.486576050519943237e-01
3.615000000000000000e+03,3.967000000000000000e+03,6.495711917734902840e+01,9.722034684781695468e-02,6.600000000000000000e+01,3.083681792000000000e+10,8.879675801600000000e+11,1.502096533775329590e+00
2.600000000000000000e+03,1.000000000000000000e+00,1.580996846630061192e+01,1.821078397711708707e-01,3.100000000000000000e+01,4.701029990400000000e+10,1.551441461248000000e+12,1.145187914371490479e-01
3.380000000000000000e+02,1.479000000000000000e+03,1.327793441112116568e+01,1.490711984999859852e-01,1.300000000000000000e+01,4.897171865600000000e+10,2.033823121408000000e+12,2.753273546695709229e-01
1.165000000000000000e+03,9.830000000000000000e+02,1.025482098807971880e+02,1.285648693066450132e-01,3.220000000000000000e+02,1.053991680000000000e+09,1.021092577280000000e+11,3.562800288200378418e-01
2.459000000000000000e+03,3.121000000000000000e+03,1.947843013029421400e+02,5.050762722761054091e-02,1.500000000000000000e+01,7.138964275200000000e+10,1.710274510848000000e+12,2.411046743392944336e+00
2.966000000000000000e+03,3.718000000000000000e+03,8.682399230226702969e+01,1.578947368421052544e-01,9.100000000000000000e+01,1.009944064000000000e+10,4.783271772160000000e+11,2.100039958953857422e+00
3.171000000000000000e+03,4.090000000000000000e+02,2.516803839239540963e+01,7.692307692307692735e-02,2.950000000000000000e+02,5.430861440000000000e+08,1.782412247040000000e+11,1.048681512475013733e-01
3.797000000000000000e+03,3.380000000000000000e+03,2.955720295381437879e+01,0.000000000000000000e+00,1.030000000000000000e+02,1.480291532800000000e+10,6.178978529280000000e+11,1.145902797579765320e-01
3.177000000000000000e+03,2.667000000000000000e+03,1.074688497693805900e+01,1.976423537605237202e-01,2.550000000000000000e+02,2.954721792000000000e+09,2.781572300800000000e+11,5.748847723007202148e-01
2.830000000000000000e+03,3.870000000000000000e+02,1.234904368236893291e+01,1.666666666666666574e-01,3.590000000000000000e+02,1.778059392000000000e+09,1.233275371520000000e+11,2.190171927213668823e-01
3.284000000000000000e+03,2.063000000000000000e+03,2.406700721016311206e+01,1.720052290384453675e-01,3.720000000000000000e+02,5.036923840000000000e+08,1.576554004480000000e+11,4.677553474903106689e-02
6.980000000000000000e+02,2.361000000000000000e+03,2.392982279140036184e+01,1.397542485937368628e-01,1.650000000000000000e+02,5.079975936000000000e+09,3.063907942400000000e+11,7.000707089900970459e-02
3.584000000000000000e+03,1.167000000000000000e+03,1.661668530392758925e+01,1.656346649999844434e-01,7.000000000000000000e+00,9.380154572800000000e+10,1.533485776896000000e+12,6.129750728607177734e+00
5.740000000000000000e+02,3.368000000000000000e+03,1.658982107937742612e+01,1.720052290384453675e-01,3.610000000000000000e+02,1.879146368000000000e+09,1.646172241920000000e+11,5.032388567924499512e-01
2.147000000000000000e+03,1.474000000000000000e+03,6.925514408250731435e+01,6.666666666666666574e-02,1.970000000000000000e+02,1.218683392000000000e+09,2.609859624960000000e+11,4.991658031940460205e-01
2.009000000000000000e+03,3.984000000000000000e+03,1.907661527713451122e+01,1.818181818181818232e-01,3.800000000000000000e+01,2.210399436800000000e+10,8.084941701120000000e+11,5.884984731674194336e-01
1.912000000000000000e+03,3.057000000000000000e+03,2.077898496513670423e+01,1.860163329510811370e-01,1.250000000000000000e+02,5.219138560000000000e+09,3.399035781120000000e+11,7.701998949050903320e-01
1.668000000000000000e+03,2.896000000000000000e+03,2.888001655149838953e+01,1.285648693066450132e-01,4.070000000000000000e+02,8.061975040000000000e+08,1.085708615680000000e+11,3.856651186943054199e-01
3.993000000000000000e+03,1.524000000000000000e+03,9.537526567048981718e+00,1.720052290384453675e-01,3.680000000000000000e+02,1.454576512000000000e+09,1.598858690560000000e+11,2.514202892780303955e-01
3.697000000000000000e+03,1.620000000000000000e+02,3.188543478315696689e+01,1.963383631246505001e-01,7.500000000000000000e+01,2.454544179200000000e+10,6.556142141440000000e+11,2.213511466979980469e+00
3.202000000000000000e+03,1.945000000000000000e+03,5.224089727477390710e+01,1.581138830084189706e-01,1.060000000000000000e+02,1.809531289600000000e+10,5.961819095040000000e+11,9.301034808158874512e-01
2.775000000000000000e+03,3.285000000000000000e+03,1.097360627635520132e+02,1.904761904761904656e-01,6.000000000000000000e+01,1.726131609600000000e+10,6.972415016960000000e+11,3.165255308151245117e+00
6.430000000000000000e+02,1.749000000000000000e+03,4.532785613074138809e+01,1.963383631246505001e-01,2.100000000000000000e+01,2.680886272000000000e+10,7.169793720320000000e+11,5.465441703796386719e+00
3.284000000000000000e+03,3.295000000000000000e+03,4.021442605683180460e+01,9.090909090909091161e-02,5.000000000000000000e+00,5.707350016000000000e+10,2.649217302528000000e+12,1.466975212097167969e+00
2.884000000000000000e+03,1.440000000000000000e+02,2.097102111160852189e+01,1.597191412499849861e-01,2.780000000000000000e+02,4.122584832000000000e+09,2.122228858880000000e+11,5.414686799049377441e-01
3.979000000000000000e+03,2.093000000000000000e+03,8.527924543272732194e+01,1.118033988749894958e-01,8.100000000000000000e+01,1.206914457600000000e+10,6.047352750080000000e+11,3.115982770919799805e+00
3.568000000000000000e+03,1.854000000000000000e+03,8.329810869741828583e+02,9.090909090909091161e-02,4.490000000000000000e+02,3.189264000000000000e+08,1.028434821120000000e+11,9.716182947158813477e-02
1.142000000000000000e+03,3.901000000000000000e+03,5.544656121774301027e+01,1.201850425154663005e-01,6.000000000000000000e+00,3.639146905600000000e+10,2.032646619136000000e+12,2.737049102783203125e+00
3.088000000000000000e+03,3.616000000000000000e+03,3.287788931739230947e+01,1.597191412499849861e-01,2.500000000000000000e+01,4.075406131200000000e+10,1.594271465472000000e+12,3.982214033603668213e-01
2.516000000000000000e+03,1.008000000000000000e+03,2.061178844052281534e+01,1.724137931034482873e-01,1.900000000000000000e+01,4.698338508800000000e+10,1.740785844224000000e+12,5.655762553215026855e-01
5.370000000000000000e+02,2.458000000000000000e+03,5.364737721281580463e+01,1.860163329510811370e-01,1.200000000000000000e+02,6.955766784000000000e+09,3.694168965120000000e+11,7.630509138107299805e-01
3.019000000000000000e+03,3.269000000000000000e+03,1.286399623800202363e+01,1.950639396376682988e-01,2.000000000000000000e+01,4.071325696000000000e+10,1.826836054016000000e+12,6.263589262962341309e-01
2.259000000000000000e+03,1.122000000000000000e+03,1.710465017982286184e+01,8.600261451922268374e-02,2.800000000000000000e+01,4.360073216000000000e+10,1.367401955328000000e+12,4.216426908969879150e-01
2.790000000000000000e+03,5.260000000000000000e+02,1.868825068445511661e+01,1.666666666666666574e-01,2.730000000000000000e+02,5.777141760000000000e+08,1.435401748480000000e+11,1.002508848905563354e-01
1.750000000000000000e+03,2.647000000000000000e+03,1.228114804342432542e+01,1.664356663246515655e-01,1.290000000000000000e+02,6.908323328000000000e+09,4.725664645120000000e+11,1.298392377793788910e-02
1.002000000000000000e+03,1.274000000000000000e+03,3.901663086201561725e+01,1.976423537605237202e-01,1.370000000000000000e+02,4.205209088000000000e+09,3.010017689600000000e+11,9.139043688774108887e-01
1.832000000000000000e+03,8.800000000000000000e+02,2.265193657685228246e+01,1.490711984999859852e-01,2.130000000000000000e+02,5.969742848000000000e+09,2.418833326080000000e+11,5.127511620521545410e-01
1.174000000000000000e+03,2.490000000000000000e+02,8.404281820058290009e+01,1.571348402636772446e-01,1.320000000000000000e+02,7.400962560000000000e+09,4.428619776000000000e+11,4.721095263957977295e-01
1.709000000000000000e+03,2.312000000000000000e+03,3.668423781291765096e+01,1.538461538461538547e-01,3.150000000000000000e+02,1.078892288000000000e+09,1.723000750080000000e+11,2.807259857654571533e-01
8.100000000000000000e+02,1.467000000000000000e+03,7.471532774928328990e+01,1.118033988749894958e-01,9.900000000000000000e+01,8.371488768000000000e+09,6.211557130240000000e+11,6.079373955726623535e-01
3.104000000000000000e+03,3.390000000000000000e+02,7.512542946275608813e+01,1.897658566033678385e-01,1.150000000000000000e+02,2.835620096000000000e+09,5.186958786560000000e+11,1.339670538902282715e+00
2.600000000000000000e+03,3.000000000000000000e+00,1.561486073552276110e+01,1.821078397711708707e-01,3.100000000000000000e+01,4.701029990400000000e+10,1.551441461248000000e+12,1.145187914371490479e-01
3.276000000000000000e+03,1.108000000000000000e+03,3.092021694480872540e+01,2.000000000000000111e-01,2.100000000000000000e+02,3.701318912000000000e+09,2.652073000960000000e+11,6.421301364898681641e-01
4.310000000000000000e+02,1.764000000000000000e+03,2.977968349104986245e+01,1.597191412499849861e-01,3.370000000000000000e+02,1.867921792000000000e+09,2.029886668800000000e+11,5.853841900825500488e-01
1.241000000000000000e+03,1.354000000000000000e+03,1.078632432934630003e+01,1.571348402636772446e-01,5.530000000000000000e+02,3.407267520000000000e+08,4.682190028800000000e+10,0.000000000000000000e+00
3.536000000000000000e+03,1.496000000000000000e+03,6.980752446808681952e+02,1.000000000000000056e-01,4.630000000000000000e+02,5.566586880000000000e+08,8.163531161600000000e+10,8.927884697914123535e-02
9.230000000000000000e+02,5.600000000000000000e+01,1.691219070268138225e+01,8.794027501131680691e-02,0.000000000000000000e+00,6.256252108800000000e+10,5.017748635648000000e+12,4.946801960468292236e-01
2.360000000000000000e+03,2.656000000000000000e+03,1.104994537305888613e+01,1.863389981249824745e-01,4.040000000000000000e+02,7.253898880000000000e+08,1.196070666240000000e+11,1.140825897455215454e-01
2.358000000000000000e+03,2.654000000000000000e+03,1.165910289671679152e+02,8.333333333333332871e-02,4.040000000000000000e+02,7.253898880000000000e+08,1.196070666240000000e+11,1.140825897455215454e-01
2.149000000000000000e+03,1.472000000000000000e+03,4.204170487798681677e+01,1.490711984999859852e-01,1.970000000000000000e+02,1.218683392000000000e+09,2.609859624960000000e+11,4.991658031940460205e-01
1.450000000000000000e+03,1.619000000000000000e+03,7.009149564263249488e+01,1.664356663246515655e-01,6.100000000000000000e+01,1.472875110400000000e+10,5.134962196480000000e+11,1.453196406364440918e+00
3.970000000000000000e+03,2.420000000000000000e+03,1.469783124221543957e+01,2.000000000000000111e-01,1.100000000000000000e+01,8.969981952000000000e+10,1.230720466944000000e+12,1.840681076049804688e+00
1.854000000000000000e+03,1.589000000000000000e+03,3.083017544514544994e+01,1.397542485937368628e-01,2.410000000000000000e+02,5.971275776000000000e+09,2.796593807360000000e+11,2.291269451379776001e-01
3.510000000000000000e+02,3.392000000000000000e+03,2.371814618856081935e+01,7.071067811865475172e-02,1.130000000000000000e+02,2.184168857600000000e+10,5.550306099200000000e+11,1.005207449197769165e-01
3.403000000000000000e+03,2.277000000000000000e+03,3.077777676800201689e+01,1.490711984999859852e-01,1.810000000000000000e+02,4.323384320000000000e+09,2.729334374400000000e+11,1.498810768127441406e+00
3.095000000000000000e+03,3.620000000000000000e+03,2.352340931716816641e+01,1.287696884094281791e-01,2.500000000000000000e+01,4.075406131200000000e+10,1.594271465472000000e+12,3.982214033603668213e-01
1.390000000000000000e+02,3.254000000000000000e+03,3.010524922920760105e+02,8.944271909999158832e-02,4.600000000000000000e+01,3.086882406400000000e+10,1.199684452352000000e+12,6.945605874061584473e-01
3.028000000000000000e+03,8.430000000000000000e+02,4.769472160201156896e+01,1.897658566033678385e-01,9.800000000000000000e+01,6.441727488000000000e+09,4.850621808640000000e+11,1.873759031295776367e+00
1.078000000000000000e+03,3.450000000000000000e+02,9.094252911918289328e+00,1.863389981249824745e-01,4.060000000000000000e+02,7.354413440000000000e+08,1.248251822080000000e+11,9.945515543222427368e-02
3.159000000000000000e+03,8.960000000000000000e+02,1.122268904321353844e+01,1.802775637731994507e-01,1.090000000000000000e+02,2.272710860800000000e+10,6.351597731840000000e+11,0.000000000000000000e+00
6.460000000000000000e+02,8.270000000000000000e+02,3.372715190112545258e+01,1.264911064067351931e-01,1.700000000000000000e+01,5.011012403200000000e+10,1.201295589376000000e+12,1.027397990226745605e+00
3.295000000000000000e+03,1.558000000000000000e+03,7.407981494098507369e+01,1.802775637731994507e-01,9.000000000000000000e+01,1.548399206400000000e+10,6.150358302720000000e+11,1.962381601333618164e+00
2.171000000000000000e+03,2.613000000000000000e+03,5.967150078418474557e+00,1.638886943392722229e-01,7.800000000000000000e+01,1.819584102400000000e+10,8.121544212480000000e+11,4.277330338954925537e-01
3.286000000000000000e+03,1.476000000000000000e+03,1.019132600040538605e+01,1.767766952966368932e-01,5.540000000000000000e+02,3.660552320000000000e+08,4.488872345600000000e+10,9.220638312399387360e-03
2.111000000000000000e+03,3.613000000000000000e+03,2.006438888494212591e+01,8.333333333333332871e-02,3.890000000000000000e+02,4.399578880000000000e+08,1.199101870080000000e+11,2.206428647041320801e-01
3.814000000000000000e+03,2.186000000000000000e+03,1.571005265377207571e+01,1.315334104411640948e-01,3.000000000000000000e+00,6.908092416000000000e+10,3.004823764992000000e+12,6.583381295204162598e-01
2.173000000000000000e+03,3.017000000000000000e+03,3.777333771239328541e+01,1.818181818181818232e-01,3.130000000000000000e+02,3.488580800000000000e+08,1.045473935360000000e+11,4.357006400823593140e-02
2.040000000000000000e+02,3.720000000000000000e+02,1.336816220072179249e+02,5.555555555555555247e-02,1.660000000000000000e+02,4.560578048000000000e+09,4.044796723200000000e+11,1.807749032974243164e+00
2.080000000000000000e+03,2.589000000000000000e+03,3.533215287756311085e+01,0.000000000000000000e+00,5.270000000000000000e+02,4.657545600000000000e+08,7.438140211200000000e+10,1.622687466442584991e-02
3.697000000000000000e+03,2.342000000000000000e+03,2.138707109901606174e+01,1.538461538461538547e-01,3.870000000000000000e+02,1.063596416000000000e+09,1.528079974400000000e+11,2.094728499650955200e-01
1.562000000000000000e+03,2.421000000000000000e+03,8.556161161273914217e+01,1.428571428571428492e-01,7.300000000000000000e+01,1.521108377600000000e+10,7.037344808960000000e+11,2.304742574691772461e+00
3.693000000000000000e+03,2.342000000000000000e+03,3.838058669809571199e+01,1.538461538461538547e-01,3.870000000000000000e+02,1.063596416000000000e+09,1.528079974400000000e+11,2.094728499650955200e-01
3.085000000000000000e+03,2.412000000000000000e+03,6.774810066565544275e+01,6.428243465332250661e-02,2.400000000000000000e+01,3.329379942400000000e+10,8.096457687040000000e+11,7.204747200012207031e-01
3.163000000000000000e+03,2.943000000000000000e+03,1.256912078351996165e+01,1.538461538461538547e-01,3.210000000000000000e+02,1.336870656000000000e+09,1.717944975360000000e+11,3.042835891246795654e-01
3.202000000000000000e+03,3.797000000000000000e+03,1.430419926417428655e+01,1.792654619833765339e-01,5.400000000000000000e+01,2.519146700800000000e+10,8.874719313920000000e+11,2.497666776180267334e-01
2.420000000000000000e+02,1.279000000000000000e+03,2.318961851944434613e+02,1.010152544552210818e-01,2.620000000000000000e+02,1.951409664000000000e+09,2.083741040640000000e+11,4.481662213802337646e-01
3.275000000000000000e+03,2.768000000000000000e+03,1.416872597674603895e+01,1.502313031443328895e-01,4.100000000000000000e+01,2.046601625600000000e+10,1.033987227648000000e+12,3.614742457866668701e-01
2.337000000000000000e+03,2.430000000000000000e+03,8.944608576246107390e+00,1.944406936956339094e-01,2.600000000000000000e+01,3.573933670400000000e+10,9.417555968000000000e+11,4.417076408863067627e-01
3.098000000000000000e+03,1.067000000000000000e+03,1.908124199876322891e+01,1.874138920735300140e-01,7.700000000000000000e+01,2.013876428800000000e+10,8.125853204480000000e+11,1.798575818538665771e-01
1.640000000000000000e+03,3.071000000000000000e+03,9.965026313029733274e+01,8.944271909999158832e-02,1.800000000000000000e+01,3.449834700800000000e+10,1.125269241856000000e+12,5.236464023590087891e+00
4.390000000000000000e+02,2.743000000000000000e+03,1.184010494822344484e+01,1.428571428571428492e-01,8.600000000000000000e+01,1.698641715200000000e+10,6.620944138240000000e+11,0.000000000000000000e+00
3.381000000000000000e+03,5.510000000000000000e+02,1.960515310254632482e+01,1.818181818181818232e-01,4.520000000000000000e+02,1.277099264000000000e+09,1.132982763520000000e+11,3.467215597629547119e-01
1.459000000000000000e+03,2.702000000000000000e+03,2.668722580144852330e+01,1.597191412499849861e-01,2.200000000000000000e+02,3.950469632000000000e+09,2.149358141440000000e+11,2.090374231338500977e+00
1.634000000000000000e+03,1.600000000000000000e+03,1.676654319796303483e+01,1.756820922315766309e-01,1.260000000000000000e+02,8.510359040000000000e+09,4.107794513920000000e+11,1.171465665102005005e-01
3.794000000000000000e+03,3.381000000000000000e+03,1.243106382621610351e+01,1.581138830084189706e-01,1.030000000000000000e+02,1.480291532800000000e+10,6.178978529280000000e+11,1.145902797579765320e-01
2.169000000000000000e+03,2.620000000000000000e+03,6.117190133012224251e+00,1.818181818181818232e-01,7.800000000000000000e+01,1.819584102400000000e+10,8.121544212480000000e+11,4.277330338954925537e-01
3.447000000000000000e+03,5.020000000000000000e+02,3.247497514462392019e+02,5.000000000000000278e-02,6.400000000000000000e+01,1.078310297600000000e+10,5.657055723520000000e+11,8.366629481315612793e-01
2.419000000000000000e+03,2.666000000000000000e+03,1.831556133290788750e+02,1.666666666666666574e-01,1.120000000000000000e+02,3.294868992000000000e+09,4.550815252480000000e+11,1.575487017631530762e+00
3.769000000000000000e+03,1.256000000000000000e+03,1.672139071058519733e+02,6.428243465332250661e-02,3.500000000000000000e+01,2.187055104000000000e+10,8.474401177600000000e+11,4.325410366058349609e+00
1.609000000000000000e+03,2.507000000000000000e+03,2.965911755692664187e+01,1.860163329510811370e-01,1.820000000000000000e+02,5.668081152000000000e+09,3.419367997440000000e+11,3.741784989833831787e-01
1.585000000000000000e+03,1.858000000000000000e+03,3.160465967802912601e+01,9.090909090909091161e-02,5.010000000000000000e+02,5.724179840000000000e+08,9.386172416000000000e+10,1.202235668897628784e-01
1.569000000000000000e+03,2.422000000000000000e+03,6.297160895719321161e+01,1.963383631246505001e-01,7.300000000000000000e+01,1.521108377600000000e+10,7.037344808960000000e+11,2.304742574691772461e+00
4.100000000000000000e+02,3.220000000000000000e+03,5.252910331362559049e+01,2.000000000000000111e-01,2.280000000000000000e+02,4.945746432000000000e+09,2.675654328320000000e+11,5.228156447410583496e-01
1.577000000000000000e+03,3.170000000000000000e+03,2.762302631618087645e+01,1.863389981249824745e-01,4.280000000000000000e+02,1.231782016000000000e+09,1.419328716800000000e+11,2.787952125072479248e-01
1.780000000000000000e+02,3.052000000000000000e+03,4.061391667978973885e+01,1.720052290384453675e-01,2.180000000000000000e+02,1.026077312000000000e+09,1.732089446400000000e+11,4.076310396194458008e-01
2.067000000000000000e+03,1.160000000000000000e+03,1.004689414816736814e+02,1.538461538461538547e-01,3.430000000000000000e+02,9.461294720000000000e+08,1.510497648640000000e+11,2.699825167655944824e-01
1.659000000000000000e+03,3.697000000000000000e+03,4.713854675939464300e+01,1.111111111111111049e-01,9.700000000000000000e+01,8.631378944000000000e+09,4.648786329600000000e+11,1.410987377166748047e+00
4.460000000000000000e+02,3.545000000000000000e+03,3.803724885824009050e+01,1.010152544552210818e-01,2.050000000000000000e+02,2.524242432000000000e+09,1.924732846080000000e+11,5.889598727226257324e-01
2.170000000000000000e+03,2.619000000000000000e+03,9.233597912417771170e+00,1.437398936440172637e-01,7.800000000000000000e+01,1.819584102400000000e+10,8.121544212480000000e+11,4.277330338954925537e-01
3.092000000000000000e+03,3.615000000000000000e+03,4.127034767492043699e+01,1.071428571428571369e-01,2.500000000000000000e+01,4.075406131200000000e+10,1.594271465472000000e+12,3.982214033603668213e-01
4.860000000000000000e+02,1.827000000000000000e+03,1.700899611440805614e+01,1.567630989332169100e-01,1.400000000000000000e+01,2.377802752000000000e+10,9.533723115520000000e+11,2.146925926208496094e+00
2.731000000000000000e+03,2.460000000000000000e+03,9.022032286560076386e+01,1.502313031443328895e-01,3.700000000000000000e+01,2.916994662400000000e+10,1.049209339904000000e+12,5.184139728546142578e+00
3.588000000000000000e+03,1.173000000000000000e+03,1.979200549125570774e+01,1.481481481481481399e-01,7.000000000000000000e+00,9.380154572800000000e+10,1.533485776896000000e+12,6.129750728607177734e+00
3.287000000000000000e+03,1.289000000000000000e+03,4.479244439203787209e+01,8.838834764831844659e-02,1.770000000000000000e+02,3.483326720000000000e+09,3.253457387520000000e+11,3.288544416427612305e-01
2.404000000000000000e+03,1.311000000000000000e+03,2.593712424879213074e+01,1.111111111111111049e-01,2.200000000000000000e+01,5.448031846400000000e+10,1.445857329152000000e+12,2.244370937347412109e+00
1.765000000000000000e+03,2.966000000000000000e+03,5.244002734294807766e+01,1.818181818181818232e-01,4.840000000000000000e+02,9.773773440000000000e+08,9.686238003200000000e+10,1.202004104852676392e-01
2.990000000000000000e+03,1.020000000000000000e+03,9.995593541856824515e+01,7.142857142857142461e-02,1.400000000000000000e+02,4.735647232000000000e+09,2.226532843520000000e+11,2.317846298217773438e+00
3.100000000000000000e+03,1.073000000000000000e+03,1.909381004813146987e+01,1.016394535227177209e-01,7.700000000000000000e+01,2.013876428800000000e+10,8.125853204480000000e+11,1.798575818538665771e-01
3.294000000000000000e+03,1.556000000000000000e+03,6.969774441588451452e+01,1.000000000000000056e-01,9.000000000000000000e+01,1.548399206400000000e+10,6.150358302720000000e+11,1.962381601333618164e+00
3.282000000000000000e+03,3.295000000000000000e+03,2.534731060640654832e+01,1.092591295595148199e-01,5.000000000000000000e+00,5.707350016000000000e+10,2.649217302528000000e+12,1.466975212097167969e+00
2.215000000000000000e+03,3.750000000000000000e+03,3.764817072614534510e+01,9.090909090909091161e-02,3.750000000000000000e+02,8.697420160000000000e+08,1.005694976000000000e+11,1.373969614505767822e-01
1.287000000000000000e+03,1.800000000000000000e+03,2.701821630113742003e+02,1.285648693066450132e-01,5.020000000000000000e+02,6.402625920000000000e+08,8.854095462400000000e+10,1.340179443359375000e-01
5.510000000000000000e+02,2.124000000000000000e+03,4.208181770175682601e+01,1.664356663246515655e-01,9.200000000000000000e+01,1.243117772800000000e+10,4.937068052480000000e+11,1.063179373741149902e+00
3.095000000000000000e+03,1.070000000000000000e+03,1.488226984282497689e+01,1.874138920735300140e-01,7.700000000000000000e+01,2.013876428800000000e+10,8.125853204480000000e+11,1.798575818538665771e-01
6.070000000000000000e+02,3.750000000000000000e+03,2.660147429728985990e+00,1.649242250247064112e-01,5.200000000000000000e+01,2.365812326400000000e+10,1.221729583104000000e+12,2.599559258669614792e-03
2.152000000000000000e+03,1.540000000000000000e+03,6.926627351180036385e+01,8.318903308077030267e-02,1.550000000000000000e+02,5.122565120000000000e+09,3.613662904320000000e+11,1.124724626541137695e+00
3.583000000000000000e+03,4.050000000000000000e+02,2.509872651866934490e+01,1.285648693066450132e-01,5.110000000000000000e+02,7.604030080000000000e+08,9.137700044800000000e+10,1.333570629358291626e-01
1.584000000000000000e+03,1.860000000000000000e+03,1.334267688639543792e+01,1.285648693066450132e-01,5.010000000000000000e+02,5.724179840000000000e+08,9.386172416000000000e+10,1.202235668897628784e-01
1.709000000000000000e+03,2.007000000000000000e+03,2.745923135508554935e+01,1.720052290384453675e-01,3.760000000000000000e+02,9.890255360000000000e+08,1.469101342720000000e+11,1.486576050519943237e-01
3.978000000000000000e+03,2.094000000000000000e+03,1.085951155487081081e+02,1.118033988749894958e-01,8.100000000000000000e+01,1.206914457600000000e+10,6.047352750080000000e+11,3.115982770919799805e+00
2.422000000000000000e+03,2.750000000000000000e+02,1.458121762755558315e+01,2.000000000000000111e-01,5.450000000000000000e+02,4.646134400000000000e+08,6.646086041600000000e+10,8.333577960729598999e-02
3.320000000000000000e+02,1.477000000000000000e+03,2.144068741727022598e+01,6.666666666666666574e-02,1.300000000000000000e+01,4.897171865600000000e+10,2.033823121408000000e+12,2.753273546695709229e-01
1.946000000000000000e+03,1.598000000000000000e+03,1.613000436304562157e+01,1.490711984999859852e-01,2.650000000000000000e+02,2.214661888000000000e+09,2.296571658240000000e+11,1.728671044111251831e-01
3.977000000000000000e+03,2.418000000000000000e+03,2.005589845873731747e+01,1.131370849898476055e-01,1.100000000000000000e+01,8.969981952000000000e+10,1.230720466944000000e+12,1.840681076049804688e+00
4.400000000000000000e+02,2.737000000000000000e+03,1.269387063209527433e+01,1.505846504842085487e-01,8.600000000000000000e+01,1.698641715200000000e+10,6.620944138240000000e+11,0.000000000000000000e+00
2.974000000000000000e+03,4.200000000000000000e+01,3.421248380698526859e+01,5.439282932204211884e-02,2.900000000000000000e+01,3.051142758400000000e+10,1.378565881856000000e+12,1.916203647851943970e-02
3.978000000000000000e+03,2.422000000000000000e+03,1.759950949649125107e+01,1.442220510185595606e-01,1.100000000000000000e+01,8.969981952000000000e+10,1.230720466944000000e+12,1.840681076049804688e+00
3.280000000000000000e+03,3.295000000000000000e+03,2.138104431470200595e+01,1.515151515151515194e-01,5.000000000000000000e+00,5.707350016000000000e+10,2.649217302528000000e+12,1.466975212097167969e+00
2.690000000000000000e+03,3.099000000000000000e+03,9.047043214300977354e+00,1.285648693066450132e-01,3.180000000000000000e+02,4.437283200000000000e+08,1.011630325760000000e+11,1.458956897258758545e-01
3.028000000000000000e+03,3.275000000000000000e+03,2.759807410271924510e+01,1.856953381770518607e-01,2.000000000000000000e+01,4.071325696000000000e+10,1.826836054016000000e+12,6.263589262962341309e-01
1.532000000000000000e+03,3.578000000000000000e+03,2.804130632136770984e+01,0.000000000000000000e+00,4.480000000000000000e+02,3.679502720000000000e+08,1.010303385600000000e+11,1.344575881958007812e-01
1.931000000000000000e+03,2.770000000000000000e+02,3.882067766129002280e+02,8.333333333333332871e-02,3.860000000000000000e+02,4.212420480000000000e+08,1.386538434560000000e+11,4.054447263479232788e-02
1.859000000000000000e+03,1.090000000000000000e+02,6.164843533426032529e+00,1.414213562373095034e-01,5.380000000000000000e+02,5.728568960000000000e+08,8.585194700800000000e+10,5.062877759337425232e-02
1.140000000000000000e+03,3.894000000000000000e+03,4.597535913310287725e+01,1.699673171197594868e-01,6.000000000000000000e+00,3.639146905600000000e+10,2.032646619136000000e+12,2.737049102783203125e+00
2.847000000000000000e+03,5.320000000000000000e+02,2.170913914037642556e+01,1.860163329510811370e-01,1.310000000000000000e+02,7.085904384000000000e+09,3.575631380480000000e+11,4.093026518821716309e-01
1.234000000000000000e+03,3.504000000000000000e+03,2.150684153490806594e+01,9.090909090909091161e-02,5.250000000000000000e+02,5.097729600000000000e+08,8.644073062400000000e+10,8.755049109458923340e-02
2.927000000000000000e+03,2.884000000000000000e+03,6.451161875896461062e+00,0.000000000000000000e+00,4.920000000000000000e+02,6.830520320000000000e+08,1.082530938880000000e+11,1.015448495745658875e-01
2.737000000000000000e+03,2.463000000000000000e+03,3.974502844309745342e+01,1.666666666666666574e-01,3.700000000000000000e+01,2.916994662400000000e+10,1.049209339904000000e+12,5.184139728546142578e+00
1.910000000000000000e+03,3.054000000000000000e+03,2.959238680074649963e+01,1.764705882352941291e-01,1.250000000000000000e+02,5.219138560000000000e+09,3.399035781120000000e+11,7.701998949050903320e-01
6.710000000000000000e+02,1.611000000000000000e+03,3.708438371111931531e+01,1.664356663246515655e-01,1.170000000000000000e+02,9.497686016000000000e+09,5.323860869120000000e+11,5.192977190017700195e-01
1.889000000000000000e+03,2.002000000000000000e+03,1.386540575213477133e+01,9.090909090909091161e-02,4.200000000000000000e+02,3.456649600000000000e+08,1.082970193920000000e+11,5.617187544703483582e-02
1.392000000000000000e+03,2.010000000000000000e+03,4.297686209121572176e+01,2.000000000000000111e-01,4.650000000000000000e+02,1.172124032000000000e+09,6.815429427200000000e+10,2.032373994588851929e-01
3.422000000000000000e+03,1.215000000000000000e+03,2.385617484093678442e+01,8.333333333333332871e-02,3.100000000000000000e+02,1.067145344000000000e+09,1.342825021440000000e+11,7.851549983024597168e-02
3.020000000000000000e+03,3.274000000000000000e+03,1.901886494090193835e+01,1.090440572471854941e-01,2.000000000000000000e+01,4.071325696000000000e+10,1.826836054016000000e+12,6.263589262962341309e-01
1.947000000000000000e+03,1.593000000000000000e+03,1.984068381900909728e+01,2.000000000000000111e-01,2.650000000000000000e+02,2.214661888000000000e+09,2.296571658240000000e+11,1.728671044111251831e-01
1.117000000000000000e+03,9.930000000000000000e+02,2.449741299551947904e+01,3.928371006591931114e-02,2.000000000000000000e+00,6.382575616000000000e+10,3.543532568576000000e+12,8.956543803215026855e-01
1.821000000000000000e+03,1.935000000000000000e+03,5.729583499809410796e+01,9.428090415820634951e-02,1.580000000000000000e+02,3.659788544000000000e+09,2.476780093440000000e+11,1.194774508476257324e+00
1.935000000000000000e+03,3.889000000000000000e+03,2.835532299587951499e+01,9.722034684781695468e-02,4.200000000000000000e+01,3.713277542400000000e+10,9.399391354880000000e+11,8.075914978981018066e-01
3.251000000000000000e+03,1.437000000000000000e+03,2.280228057000540787e+01,1.720052290384453675e-01,3.360000000000000000e+02,2.264837120000000000e+09,1.630048583680000000e+11,2.301288098096847534e-01
3.099000000000000000e+03,3.184000000000000000e+03,5.526983936042920931e+01,1.720052290384453675e-01,1.340000000000000000e+02,2.217295616000000000e+09,1.731536650240000000e+11,6.493409276008605957e-01
9.200000000000000000e+02,4.720000000000000000e+02,7.467711053951374822e+01,1.961161351381840168e-01,9.000000000000000000e+00,4.472099635200000000e+10,1.283299213312000000e+12,1.054935455322265625e+01
5.380000000000000000e+02,3.600000000000000000e+03,4.396435863189410043e+01,0.000000000000000000e+00,4.940000000000000000e+02,4.636619520000000000e+08,1.034091560960000000e+11,8.862871676683425903e-02
1.139000000000000000e+03,3.900000000000000000e+03,8.224390790420808628e+01,3.333333333333333287e-02,6.000000000000000000e+00,3.639146905600000000e+10,2.032646619136000000e+12,2.737049102783203125e+00
3.286000000000000000e+03,2.061000000000000000e+03,4.076498857463998604e+01,7.692307692307692735e-02,3.720000000000000000e+02,5.036923840000000000e+08,1.576554004480000000e+11,4.677553474903106689e-02
3.164000000000000000e+03,2.940000000000000000e+03,1.787099292540335682e+01,1.087856586440842377e-01,3.210000000000000000e+02,1.336870656000000000e+09,1.717944975360000000e+11,3.042835891246795654e-01
3.530000000000000000e+03,3.279000000000000000e+03,2.160178385308716145e+02,0.000000000000000000e+00,5.180000000000000000e+02,4.305430400000000000e+08,8.594245222400000000e+10,6.460960209369659424e-02
1.449000000000000000e+03,1.619000000000000000e+03,1.116197445109998938e+02,1.176877882894626220e-01,6.100000000000000000e+01,1.472875110400000000e+10,5.134962196480000000e+11,1.453196406364440918e+00
2.157000000000000000e+03,2.858000000000000000e+03,2.445632206726084590e+01,1.863389981249824745e-01,3.820000000000000000e+02,9.533651840000000000e+08,1.346881126400000000e+11,1.371839791536331177e-01
2.030000000000000000e+02,1.404000000000000000e+03,2.946504843850614108e+01,1.000000000000000056e-01,4.620000000000000000e+02,3.225003520000000000e+08,7.823260057600000000e+10,3.666804730892181396e-02
2.320000000000000000e+02,2.284000000000000000e+03,2.438691551047113393e+01,1.720052290384453675e-01,2.060000000000000000e+02,1.332004992000000000e+09,1.467900395520000000e+11,1.831086724996566772e-01
1.055000000000000000e+03,1.220000000000000000e+02,3.254738872253781068e+01,1.428571428571428492e-01,1.210000000000000000e+02,6.538542080000000000e+09,2.013881630720000000e+11,1.843194127082824707e+00
3.084000000000000000e+03,2.417000000000000000e+03,2.639019568379792702e+01,1.818181818181818232e-01,2.400000000000000000e+01,3.329379942400000000e+10,8.096457687040000000e+11,7.204747200012207031e-01
3.410000000000000000e+03,9.790000000000000000e+02,4.388081434515257939e+01,1.010152544552210818e-01,2.510000000000000000e+02,1.090851072000000000e+09,2.225137090560000000e+11,1.425269693136215210e-01
2.085000000000000000e+03,4.740000000000000000e+02,5.289547393627566407e+01,1.597191412499849861e-01,2.350000000000000000e+02,2.742836224000000000e+09,2.052629954560000000e+11,5.753920674324035645e-01
3.696000000000000000e+03,1.378000000000000000e+03,2.433223741975291077e+01,8.318903308077030267e-02,1.670000000000000000e+02,7.098905088000000000e+09,3.708694036480000000e+11,3.250155225396156311e-02
1.001000000000000000e+03,1.278000000000000000e+03,7.678645903176807508e+01,6.250000000000000000e-02,1.370000000000000000e+02,4.205209088000000000e+09,3.010017689600000000e+11,9.139043688774108887e-01
3.289000000000000000e+03,3.293000000000000000e+03,3.603725824698756242e+01,1.545157428361449981e-01,5.000000000000000000e+00,5.707350016000000000e+10,2.649217302528000000e+12,1.466975212097167969e+00
2.603000000000000000e+03,3.000000000000000000e+00,5.771399773204949923e+01,7.985957062499249304e-02,3.100000000000000000e+01,4.701029990400000000e+10,1.551441461248000000e+12,1.145187914371490479e-01
1.636000000000000000e+03,1.600000000000000000e+03,1.698562149552905964e+01,7.856742013183862228e-02,1.260000000000000000e+02,8.510359040000000000e+09,4.107794513920000000e+11,1.171465665102005005e-01
2.000000000000000000e+01,1.895000000000000000e+03,5.431802030890820276e+01,1.716929178792375721e-01,6.800000000000000000e+01,1.475188736000000000e+10,6.964029685760000000e+11,2.634758710861206055e+00
1.618000000000000000e+03,2.432000000000000000e+03,2.299838508974432614e+02,1.414213562373095034e-01,3.770000000000000000e+02,4.487530560000000000e+08,8.237314867200000000e+10,3.543758392333984375e-02
1.868000000000000000e+03,1.722000000000000000e+03,2.680344826673520231e+01,1.597191412499849861e-01,2.190000000000000000e+02,3.432410624000000000e+09,2.009583779840000000e+11,8.318915367126464844e-01
2.148000000000000000e+03,1.540000000000000000e+03,2.804145896800309146e+01,1.860163329510811370e-01,1.550000000000000000e+02,5.122565120000000000e+09,3.613662904320000000e+11,1.124724626541137695e+00
3.819000000000000000e+03,3.530000000000000000e+02,5.013611190037455856e+01,1.250000000000000000e-01,1.710000000000000000e+02,7.686175744000000000e+09,3.092989870080000000e+11,4.525429308414459229e-01
3.429000000000000000e+03,9.460000000000000000e+02,3.174461667079990690e+01,1.860163329510811370e-01,1.620000000000000000e+02,8.009004032000000000e+09,3.621181194240000000e+11,7.825241237878799438e-02
3.821000000000000000e+03,3.621000000000000000e+03,3.091390737911346775e+01,8.333333333333332871e-02,4.320000000000000000e+02,1.166526592000000000e+09,1.280955924480000000e+11,2.534527182579040527e-01
2.512000000000000000e+03,4.320000000000000000e+02,6.173433822042160557e+01,1.666666666666666574e-01,7.900000000000000000e+01,5.519063040000000000e+09,4.653620920320000000e+11,1.204052805900573730e+00
3.814000000000000000e+03,2.181000000000000000e+03,1.940070977299289012e+01,6.576670522058204738e-02,3.000000000000000000e+00,6.908092416000000000e+10,3.004823764992000000e+12,6.583381295204162598e-01
1.616000000000000000e+03,1.039000000000000000e+03,1.345793093400149765e+01,1.178511301977579334e-01,4.410000000000000000e+02,6.769042560000000000e+08,1.301400780800000000e+11,1.568942219018936157e-01
3.202000000000000000e+03,3.802000000000000000e+03,3.169641224327624585e+01,6.148754619013457184e-02,5.400000000000000000e+01,2.519146700800000000e+10,8.874719313920000000e+11,2.497666776180267334e-01
3.270000000000000000e+03,2.766000000000000000e+03,1.993499914189150957e+01,1.863389981249824745e-01,4.100000000000000000e+01,2.046601625600000000e+10,1.033987227648000000e+12,3.614742457866668701e-01
9.900000000000000000e+01,1.332000000000000000e+03,6.549452810691732907e+01,1.863389981249824745e-01,4.500000000000000000e+01,2.534583910400000000e+10,1.017070354432000000e+12,1.962765812873840332e+00
3.276000000000000000e+03,1.102000000000000000e+03,3.890116820072196901e+01,2.000000000000000111e-01,2.100000000000000000e+02,3.701318912000000000e+09,2.652073000960000000e+11,6.421301364898681641e-01
1.390000000000000000e+02,3.252000000000000000e+03,5.326165133180978017e+01,1.649242250247064112e-01,4.600000000000000000e+01,3.086882406400000000e+10,1.199684452352000000e+12,6.945605874061584473e-01
1.178000000000000000e+03,2.490000000000000000e+02,4.300190001413573526e+01,1.571348402636772446e-01,1.320000000000000000e+02,7.400962560000000000e+09,4.428619776000000000e+11,4.721095263957977295e-01
3.162000000000000000e+03,2.126000000000000000e+03,1.799492076949888641e+01,1.178511301977579334e-01,4.210000000000000000e+02,1.564987776000000000e+09,1.245143040000000000e+11,3.324404954910278320e-01
5.530000000000000000e+02,8.040000000000000000e+02,4.752596934278388829e+01,8.333333333333332871e-02,2.910000000000000000e+02,7.737177600000000000e+08,1.375668305920000000e+11,8.290322870016098022e-02
1.801000000000000000e+03,8.020000000000000000e+02,4.956369678667942935e+01,1.315334104411640948e-01,1.040000000000000000e+02,6.925968384000000000e+09,3.880816148480000000e+11,3.823973238468170166e-01
2.860000000000000000e+02,2.539000000000000000e+03,4.349486051723523019e+02,1.571348402636772446e-01,5.470000000000000000e+02,3.304037440000000000e+08,5.327479193600000000e+10,3.013837710022926331e-02
3.769000000000000000e+03,1.257000000000000000e+03,6.685235055762888123e+01,1.016394535227177209e-01,3.500000000000000000e+01,2.187055104000000000e+10,8.474401177600000000e+11,4.325410366058349609e+00
3.588000000000000000e+03,1.171000000000000000e+03,2.677278217213071443e+01,7.407407407407406996e-02,7.000000000000000000e+00,9.380154572800000000e+10,1.533485776896000000e+12,6.129750728607177734e+00
2.728000000000000000e+03,3.720000000000000000e+02,4.631572886548337920e+01,1.597191412499849861e-01,2.540000000000000000e+02,1.433508864000000000e+09,2.014486691840000000e+11,7.833730578422546387e-01
9.170000000000000000e+02,4.690000000000000000e+02,9.307774582385637530e+01,1.720052290384453675e-01,9.000000000000000000e+00,4.472099635200000000e+10,1.283299213312000000e+12,1.054935455322265625e+01
9.230000000000000000e+02,4.800000000000000000e+01,2.116423815396901986e+01,1.313454831008415424e-01,0.000000000000000000e+00,6.256252108800000000e+10,5.017748635648000000e+12,4.946801960468292236e-01
3.157000000000000000e+03,3.951000000000000000e+03,5.944640034467384737e+01,1.976423537605237202e-01,1.990000000000000000e+02,1.138293248000000000e+09,3.060843479040000000e+11,4.941779673099517822e-01
3.053000000000000000e+03,3.400000000000000000e+03,1.451613630319544157e+01,1.717960677340691911e-01,4.900000000000000000e+01,3.686430310400000000e+10,1.007178809344000000e+12,2.341371476650238037e-01
3.382000000000000000e+03,3.854000000000000000e+03,1.724040710322497461e+01,1.490711984999859852e-01,2.440000000000000000e+02,6.219469824000000000e+09,2.462582538240000000e+11,7.691988348960876465e-02
1.115000000000000000e+03,9.940000000000000000e+02,2.543822256341119825e+01,8.333333333333332871e-02,2.000000000000000000e+00,6.382575616000000000e+10,3.543532568576000000e+12,8.956543803215026855e-01
1.490000000000000000e+02,1.419000000000000000e+03,3.404254578382129637e+01,8.318903308077030267e-02,1.380000000000000000e+02,7.502512640000000000e+09,3.607066378240000000e+11,8.586055040359497070e-02
2.627000000000000000e+03,6.300000000000000000e+01,4.663618815270607598e+01,1.178511301977579334e-01,3.290000000000000000e+02,7.473985280000000000e+08,1.281122058240000000e+11,2.677565217018127441e-01
9.310000000000000000e+02,5.600000000000000000e+01,1.249782017555406988e+01,1.636147300609602229e-01,0.000000000000000000e+00,6.256252108800000000e+10,5.017748635648000000e+12,4.946801960468292236e-01
2.504000000000000000e+03,1.869000000000000000e+03,4.330146532361120393e+01,1.242259987499883256e-01,1.410000000000000000e+02,7.782827520000000000e+09,4.131430072320000000e+11,2.230915576219558716e-01
3.041000000000000000e+03,2.112000000000000000e+03,1.636060217078470913e+01,1.863389981249824745e-01,2.250000000000000000e+02,1.045512128000000000e+09,1.299353436160000000e+11,1.811029165983200073e-01
3.530000000000000000e+02,3.388000000000000000e+03,1.916824843567943404e+01,1.581138830084189706e-01,1.130000000000000000e+02,2.184168857600000000e+10,5.550306099200000000e+11,1.005207449197769165e-01
3.685000000000000000e+03,2.891000000000000000e+03,2.135181639987747815e+01,1.851851851851851749e-01,2.700000000000000000e+01,5.914858700800000000e+10,1.389970718720000000e+12,1.606564044952392578e+00
2.089000000000000000e+03,3.839000000000000000e+03,3.557314800231387153e+01,1.578947368421052544e-01,1.180000000000000000e+02,1.119032627200000000e+10,4.991444254720000000e+11,8.458191156387329102e-01
3.990000000000000000e+03,2.459000000000000000e+03,1.623825057264707183e+01,1.285648693066450132e-01,3.910000000000000000e+02,3.562672640000000000e+08,1.034982850560000000e+11,6.251024454832077026e-02
3.165000000000000000e+03,2.942000000000000000e+03,1.070626871638754096e+01,1.720052290384453675e-01,3.210000000000000000e+02,1.336870656000000000e+09,1.717944975360000000e+11,3.042835891246795654e-01
3.639000000000000000e+03,1.614000000000000000e+03,1.774754510299318255e+01,1.863389981249824745e-01,3.660000000000000000e+02,7.622257920000000000e+08,1.424123494400000000e+11,7.158105820417404175e-02
1.489000000000000000e+03,1.417000000000000000e+03,2.357940164128943294e+01,1.571348402636772446e-01,1.530000000000000000e+02,1.254496972800000000e+10,4.504584847360000000e+11,0.000000000000000000e+00
1.199000000000000000e+03,1.661000000000000000e+03,8.563914610906827818e+01,1.720052290384453675e-01,3.200000000000000000e+02,7.277636480000000000e+08,1.468350791680000000e+11,5.582069978117942810e-02
2.750000000000000000e+02,2.770000000000000000e+02,6.919375937490764272e+01,6.250000000000000000e-02,2.070000000000000000e+02,2.407505152000000000e+09,2.881149992960000000e+11,1.262694716453552246e+00
2.583000000000000000e+03,8.280000000000000000e+02,1.436661871743406849e+01,1.631784879661263288e-01,8.000000000000000000e+00,4.508758425600000000e+10,1.280955383808000000e+12,2.201740026473999023e+00
3.381000000000000000e+03,3.853000000000000000e+03,1.832448254225842632e+01,2.000000000000000111e-01,2.440000000000000000e+02,6.219469824000000000e+09,2.462582538240000000e+11,7.691988348960876465e-02
3.274000000000000000e+03,2.768000000000000000e+03,1.684482190262116319e+01,1.178511301977579334e-01,4.100000000000000000e+01,2.046601625600000000e+10,1.033987227648000000e+12,3.614742457866668701e-01
9.230000000000000000e+02,5.400000000000000000e+01,2.228222865858828783e+01,5.453824335365341225e-02,0.000000000000000000e+00,6.256252108800000000e+10,5.017748635648000000e+12,4.946801960468292236e-01
3.707000000000000000e+03,2.552000000000000000e+03,1.947493902671152455e+01,1.976423537605237202e-01,1.960000000000000000e+02,6.549093888000000000e+09,2.803599278080000000e+11,4.497103989124298096e-01
2.604000000000000000e+03,0.000000000000000000e+00,5.080466773405393610e+01,7.985957062499249304e-02,3.100000000000000000e+01,4.701029990400000000e+10,1.551441461248000000e+12,1.145187914371490479e-01
1.721000000000000000e+03,1.674000000000000000e+03,3.787247560215799922e+02,4.545454545454545581e-02,4.000000000000000000e+00,3.269792563200000000e+10,7.531220172800000000e+11,7.694553852081298828e+00
1.615000000000000000e+03,2.507000000000000000e+03,1.993808480731662414e+01,1.860163329510811370e-01,1.820000000000000000e+02,5.668081152000000000e+09,3.419367997440000000e+11,3.741784989833831787e-01
9.290000000000000000e+02,5.900000000000000000e+01,1.107403358519355407e+01,1.758805500226336138e-01,0.000000000000000000e+00,6.256252108800000000e+10,5.017748635648000000e+12,4.946801960468292236e-01
1.603000000000000000e+03,2.130000000000000000e+03,2.158375160975804619e+01,1.064794274999899953e-01,3.200000000000000000e+01,3.833240780800000000e+10,6.712152555520000000e+11,1.721168041229248047e+00
4.010000000000000000e+02,1.353000000000000000e+03,2.659836192296767265e+01,8.784104611578831545e-02,1.000000000000000000e+00,9.809676697600000000e+10,3.612387573760000000e+12,1.521267175674438477e+00
3.500000000000000000e+02,3.390000000000000000e+03,3.108676438753970572e+01,1.118033988749894958e-01,1.130000000000000000e+02,2.184168857600000000e+10,5.550306099200000000e+11,1.005207449197769165e-01
2.090000000000000000e+03,3.902000000000000000e+03,4.047161542380586496e+01,7.692307692307692735e-02,2.640000000000000000e+02,3.405308672000000000e+09,1.508058726400000000e+11,7.838104367256164551e-01
1.748000000000000000e+03,2.649000000000000000e+03,1.311585823836196063e+01,7.443229275647869625e-02,1.290000000000000000e+02,6.908323328000000000e+09,4.725664645120000000e+11,1.298392377793788910e-02
2.075000000000000000e+03,2.848000000000000000e+03,4.171690193187104967e+01,1.716929178792375721e-01,1.200000000000000000e+01,2.315846656000000000e+10,7.122979389440000000e+11,2.079156398773193359e+00
3.584000000000000000e+03,1.170000000000000000e+03,1.858420233410832267e+01,1.527076157636170495e-01,7.000000000000000000e+00,9.380154572800000000e+10,1.533485776896000000e+12,6.129750728607177734e+00
3.103000000000000000e+03,3.440000000000000000e+02,9.781380033430771448e+01,1.897658566033678385e-01,1.150000000000000000e+02,2.835620096000000000e+09,5.186958786560000000e+11,1.339670538902282715e+00
2.825000000000000000e+03,2.451000000000000000e+03,2.040984366934161542e+01,1.860163329510811370e-01,1.490000000000000000e+02,7.441189888000000000e+09,3.603796459520000000e+11,2.079063355922698975e-01
1.389000000000000000e+03,2.586000000000000000e+03,5.280354240337211280e+01,1.860163329510811370e-01,1.800000000000000000e+02,4.897091584000000000e+09,3.643243560960000000e+11,1.477249741554260254e+00
3.808000000000000000e+03,2.179000000000000000e+03,1.978513373455722046e+01,1.470588235294117696e-01,3.000000000000000000e+00,6.908092416000000000e+10,3.004823764992000000e+12,6.583381295204162598e-01
2.882000000000000000e+03,3.530000000000000000e+03,2.645846099220987213e+01,5.892556509887896671e-02,3.900000000000000000e+01,1.933491814400000000e+10,1.077381758976000000e+12,1.537795662879943848e-01
2.238000000000000000e+03,2.161000000000000000e+03,1.428060103531760561e+01,1.897658566033678385e-01,1.190000000000000000e+02,1.317935820800000000e+10,5.372063252480000000e+11,2.801064588129520416e-02
3.165000000000000000e+03,1.476000000000000000e+03,1.379559874869738856e+01,2.000000000000000111e-01,5.290000000000000000e+02,7.561590400000000000e+08,6.994129715200000000e+10,3.799855336546897888e-02
1.870000000000000000e+02,2.696000000000000000e+03,2.408981341039080704e+01,1.664356663246515655e-01,1.100000000000000000e+02,1.130036121600000000e+10,4.833563115520000000e+11,1.303891420364379883e+00
1.417000000000000000e+03,1.421000000000000000e+03,5.314467846515674410e+01,1.176470588235294101e-01,1.280000000000000000e+02,8.305701888000000000e+09,3.799752704000000000e+11,2.958372533321380615e-01
1.770000000000000000e+03,4.540000000000000000e+02,7.041781019488868765e+01,1.397542485937368628e-01,1.570000000000000000e+02,3.006642688000000000e+09,2.851074211840000000e+11,3.332279205322265625e+00
1.600000000000000000e+03,2.130000000000000000e+03,3.352734170057460261e+01,6.734350297014739251e-02,3.200000000000000000e+01,3.833240780800000000e+10,6.712152555520000000e+11,1.721168041229248047e+00
2.801000000000000000e+03,2.610000000000000000e+02,1.833918993468450509e+01,1.863389981249824745e-01,4.450000000000000000e+02,1.352881408000000000e+09,1.156032430080000000e+11,3.959826231002807617e-01
3.510000000000000000e+02,3.394000000000000000e+03,1.582758905841636121e+01,1.581138830084189706e-01,1.130000000000000000e+02,2.184168857600000000e+10,5.550306099200000000e+11,1.005207449197769165e-01
2.090000000000000000e+03,3.841000000000000000e+03,5.535869203809316730e+01,1.488645855129573925e-01,1.180000000000000000e+02,1.119032627200000000e+10,4.991444254720000000e+11,8.458191156387329102e-01
2.640000000000000000e+03,2.682000000000000000e+03,2.595743239008905690e+01,1.317615691736824801e-01,6.500000000000000000e+01,1.665853132800000000e+10,1.051559329792000000e+12,3.637619912624359131e-01
1.342000000000000000e+03,2.270000000000000000e+03,1.255929046506068758e+01,1.414213562373095034e-01,3.250000000000000000e+02,3.794216960000000000e+08,7.965439590400000000e+10,1.114896237850189209e-01
3.200000000000000000e+03,3.185000000000000000e+03,1.150415639678748647e+01,1.666666666666666574e-01,4.150000000000000000e+02,6.657606400000000000e+08,1.192828682240000000e+11,6.993571668863296509e-02
1.425000000000000000e+03,2.009000000000000000e+03,3.221953019451574818e+01,1.285648693066450132e-01,3.970000000000000000e+02,9.364321920000000000e+08,1.107516375040000000e+11,1.213163882493972778e-01
9.180000000000000000e+02,4.630000000000000000e+02,9.665718065938725090e+01,1.923076923076923184e-01,9.000000000000000000e+00,4.472099635200000000e+10,1.283299213312000000e+12,1.054935455322265625e+01
3.648000000000000000e+03,3.131000000000000000e+03,3.440723618674902440e+01,1.315334104411640948e-01,1.360000000000000000e+02,7.123006976000000000e+09,3.876921016320000000e+11,3.230233490467071533e-01
3.152000000000000000e+03,1.920000000000000000e+02,2.679318403298192663e+01,1.885618083164126990e-01,2.570000000000000000e+02,4.403293184000000000e+09,2.356937850880000000e+11,1.131350159645080566e+00
3.098000000000000000e+03,1.264000000000000000e+03,9.290516756275084731e+01,1.064794274999899953e-01,8.300000000000000000e+01,1.246250700800000000e+10,7.244424151040000000e+11,6.080859303474426270e-01
1.316000000000000000e+03,2.834000000000000000e+03,6.679462768713696619e+01,1.597191412499849861e-01,2.030000000000000000e+02,1.375417856000000000e+09,1.892061839360000000e+11,2.696428000926971436e-01
2.453000000000000000e+03,5.850000000000000000e+02,1.744918081337180382e+01,1.720052290384453675e-01,2.670000000000000000e+02,1.630969600000000000e+09,1.740751831040000000e+11,1.041671931743621826e-01
3.453000000000000000e+03,2.852000000000000000e+03,1.003941907588041289e+02,1.414213562373095034e-01,1.600000000000000000e+01,3.871990169600000000e+10,5.638400245760000000e+11,1.564823985099792480e+00
2.612000000000000000e+03,1.990000000000000000e+02,3.131747341463657719e+01,1.414213562373095034e-01,3.780000000000000000e+02,7.901998720000000000e+08,7.528497971200000000e+10,3.059149384498596191e-01
2.655000000000000000e+03,2.877000000000000000e+03,1.254136606714931546e+01,1.904761904761904656e-01,8.800000000000000000e+01,1.554958643200000000e+10,7.107728506880000000e+11,2.068511694669723511e-01
4.330000000000000000e+02,1.764000000000000000e+03,2.149472112654540368e+01,7.142857142857142461e-02,3.370000000000000000e+02,1.867921792000000000e+09,2.029886668800000000e+11,5.853841900825500488e-01
3.196000000000000000e+03,3.622000000000000000e+03,4.266359436481913292e+01,1.538461538461538547e-01,2.890000000000000000e+02,8.500677760000000000e+08,1.523528990720000000e+11,5.959406495094299316e-01
2.604000000000000000e+03,3.998000000000000000e+03,2.539711352423944035e+01,1.476002772244582317e-01,3.100000000000000000e+01,4.701029990400000000e+10,1.551441461248000000e+12,1.145187914371490479e-01
9.020000000000000000e+02,8.980000000000000000e+02,1.147715255587515948e+01,1.285648693066450132e-01,3.980000000000000000e+02,6.597792000000000000e+08,1.019615887360000000e+11,2.855223789811134338e-02
2.923000000000000000e+03,3.640000000000000000e+02,4.290728577914089925e+01,1.490711984999859852e-01,2.470000000000000000e+02,2.639703552000000000e+09,2.397348495360000000e+11,8.896604180335998535e-01
3.187000000000000000e+03,1.223000000000000000e+03,2.154430184757287492e+01,1.863389981249824745e-01,4.160000000000000000e+02,4.873997120000000000e+08,1.185201356800000000e+11,2.005743086338043213e-01
3.930000000000000000e+02,8.060000000000000000e+02,2.225010374116992580e+02,1.229750923802691437e-01,5.700000000000000000e+01,2.276455014400000000e+10,8.920157388800000000e+11,3.614920616149902344e+00
3.180000000000000000e+03,3.608000000000000000e+03,1.750822538570625113e+02,7.142857142857142461e-02,2.160000000000000000e+02,1.697669632000000000e+09,2.234225950720000000e+11,3.313867747783660889e-01
2.829000000000000000e+03,2.449000000000000000e+03,4.640531629006110848e+01,8.318903308077030267e-02,1.490000000000000000e+02,7.441189888000000000e+09,3.603796459520000000e+11,2.079063355922698975e-01
3.876000000000000000e+03,1.990000000000000000e+03,3.337622062932983908e+02,1.016394535227177209e-01,1.000000000000000000e+01,3.875450880000000000e+10,7.929460817920000000e+11,4.334609508514404297e+00
3.170000000000000000e+03,4.080000000000000000e+02,3.536332049063564398e+01,1.720052290384453675e-01,2.950000000000000000e+02,5.430861440000000000e+08,1.782412247040000000e+11,1.048681512475013733e-01
3.068000000000000000e+03,1.078000000000000000e+03,4.183273365777930763e+01,1.666666666666666574e-01,2.580000000000000000e+02,1.139374464000000000e+09,1.246151720960000000e+11,2.086202651262283325e-01
2.830000000000000000e+03,2.451000000000000000e+03,3.673400642186234677e+01,1.315334104411640948e-01,1.490000000000000000e+02,7.441189888000000000e+09,3.603796459520000000e+11,2.079063355922698975e-01
7.530000000000000000e+02,2.824000000000000000e+03,2.361956974015825850e+01,7.142857142857142461e-02,2.860000000000000000e+02,2.467872256000000000e+09,2.249883156480000000e+11,3.860072791576385498e-01
2.166000000000000000e+03,2.617000000000000000e+03,9.273380737980469135e+00,1.437398936440172637e-01,7.800000000000000000e+01,1.819584102400000000e+10,8.121544212480000000e+11,4.277330338954925537e-01
4.310000000000000000e+02,1.717000000000000000e+03,1.965444310713818510e+01,1.863389981249824745e-01,4.970000000000000000e+02,1.157343488000000000e+09,1.159915765760000000e+11,1.662979573011398315e-01
6.860000000000000000e+02,3.340000000000000000e+02,5.805055941177987222e+01,1.010152544552210818e-01,2.800000000000000000e+02,4.251422400000000000e+08,1.943625891840000000e+11,1.165085285902023315e-01
1.541000000000000000e+03,1.934000000000000000e+03,1.216981710108682435e+01,1.178511301977579334e-01,2.980000000000000000e+02,4.301437440000000000e+08,1.428876492800000000e+11,4.677122831344604492e-02
3.817000000000000000e+03,3.540000000000000000e+02,1.403956431334201227e+02,6.250000000000000000e-02,1.710000000000000000e+02,7.686175744000000000e+09,3.092989870080000000e+11,4.525429308414459229e-01
4.370000000000000000e+02,2.743000000000000000e+03,1.127604894573963890e+01,1.716929178792375721e-01,8.600000000000000000e+01,1.698641715200000000e+10,6.620944138240000000e+11,0.000000000000000000e+00
9.190000000000000000e+02,4.690000000000000000e+02,1.962827196905683991e+02,1.087856586440842377e-01,9.000000000000000000e+00,4.472099635200000000e+10,1.283299213312000000e+12,1.054935455322265625e+01
9.900000000000000000e+01,1.329000000000000000e+03,8.473607979668291534e+01,9.316949906249123725e-02,4.500000000000000000e+01,2.534583910400000000e+10,1.017070354432000000e+12,1.962765812873840332e+00
1.841000000000000000e+03,1.013000000000000000e+03,2.660531071267355969e+02,7.692307692307692735e-02,3.740000000000000000e+02,8.986496000000000000e+08,1.485377699840000000e+11,1.939329206943511963e-01
3.403000000000000000e+03,1.760000000000000000e+03,4.923191893492231230e+01,6.250000000000000000e-02,1.860000000000000000e+02,6.327045120000000000e+09,3.038577295360000000e+11,2.210036963224411011e-01
3.267000000000000000e+03,1.177000000000000000e+03,1.486536037934130228e+01,2.000000000000000111e-01,5.320000000000000000e+02,4.394091840000000000e+08,8.263267942400000000e+10,1.242960765957832336e-01
2.832000000000000000e+03,3.850000000000000000e+02,1.955183029140638240e+01,1.666666666666666574e-01,3.590000000000000000e+02,1.778059392000000000e+09,1.233275371520000000e+11,2.190171927213668823e-01
3.158000000000000000e+03,3.950000000000000000e+03,6.898578544111556710e+01,1.250000000000000000e-01,1.990000000000000000e+02,1.138293248000000000e+09,3.060843479040000000e+11,4.941779673099517822e-01
3.695000000000000000e+03,3.721000000000000000e+03,3.651360825864870208e+01,1.315334104411640948e-01,1.940000000000000000e+02,6.918756864000000000e+09,3.508476968960000000e+11,4.071498811244964600e-01
3.075000000000000000e+03,2.314000000000000000e+03,8.215225549470531519e+01,1.010152544552210818e-01,3.070000000000000000e+02,1.405687680000000000e+09,1.940398571520000000e+11,2.708486020565032959e-01
3.352000000000000000e+03,1.640000000000000000e+03,2.838212183723931759e+01,1.863389981249824745e-01,4.050000000000000000e+02,7.004974720000000000e+08,1.149894082560000000e+11,1.356993317604064941e-01
1.801000000000000000e+03,7.980000000000000000e+02,3.012528770496952291e+01,1.315334104411640948e-01,1.040000000000000000e+02,6.925968384000000000e+09,3.880816148480000000e+11,3.823973238468170166e-01
1.459000000000000000e+03,2.892000000000000000e+03,5.416065008752984511e+01,1.333333333333333315e-01,1.870000000000000000e+02,3.490905344000000000e+09,2.551559946240000000e+11,6.606990098953247070e-01
8.860000000000000000e+02,6.170000000000000000e+02,3.432094264373829873e+01,1.885618083164126990e-01,2.220000000000000000e+02,4.742927360000000000e+09,2.495400345600000000e+11,2.043656110763549805e+00
3.545000000000000000e+03,2.486000000000000000e+03,5.604173131956474663e+01,6.428243465332250661e-02,5.800000000000000000e+01,2.581009408000000000e+10,7.758674001920000000e+11,3.101233243942260742e-01
1.709000000000000000e+03,1.043000000000000000e+03,1.830562733639849071e+01,9.090909090909091161e-02,4.330000000000000000e+02,3.649771200000000000e+08,1.042201231360000000e+11,5.658262968063354492e-02
9.360000000000000000e+02,3.716000000000000000e+03,4.148863649807088336e+02,5.000000000000000278e-02,8.700000000000000000e+01,1.389513318400000000e+10,6.118853181440000000e+11,2.075522422790527344e+00
1.800000000000000000e+01,1.896000000000000000e+03,4.448955356891250545e+01,1.904761904761904656e-01,6.800000000000000000e+01,1.475188736000000000e+10,6.964029685760000000e+11,2.634758710861206055e+00
3.980000000000000000e+02,1.346000000000000000e+03,1.336647410345426579e+01,1.666666666666666574e-01,1.000000000000000000e+00,9.809676697600000000e+10,3.612387573760000000e+12,1.521267175674438477e+00
7.000000000000000000e+01,3.761000000000000000e+03,2.657585170396468754e+01,8.318903308077030267e-02,1.730000000000000000e+02,7.743961088000000000e+09,3.678486200320000000e+11,5.720635876059532166e-02
2.910000000000000000e+02,2.175000000000000000e+03,2.882502220540969873e+01,1.863389981249824745e-01,3.700000000000000000e+02,9.059478400000000000e+08,1.314143109120000000e+11,1.477978825569152832e-01
3.799000000000000000e+03,3.383000000000000000e+03,5.730262863503037707e+00,1.802775637731994507e-01,1.030000000000000000e+02,1.480291532800000000e+10,6.178978529280000000e+11,1.145902797579765320e-01
1.438000000000000000e+03,1.481000000000000000e+03,3.012579684446155426e+01,1.875000000000000000e-01,2.170000000000000000e+02,7.385863168000000000e+09,2.996693893120000000e+11,1.486081480979919434e-01
2.161000000000000000e+03,1.110000000000000000e+02,1.268985428467361309e+01,1.567630989332169100e-01,6.300000000000000000e+01,2.905395609600000000e+10,9.190184058880000000e+11,6.639138460159301758e-01
3.980000000000000000e+02,1.356000000000000000e+03,1.257461846906606340e+01,1.111111111111111049e-01,1.000000000000000000e+00,9.809676697600000000e+10,3.612387573760000000e+12,1.521267175674438477e+00
3.428000000000000000e+03,2.523000000000000000e+03,4.019962482938900195e+01,2.000000000000000111e-01,1.000000000000000000e+02,5.946088960000000000e+09,2.719250022400000000e+11,1.580354690551757812e+00
1.425000000000000000e+03,1.331000000000000000e+03,3.355170116533199831e+01,1.818181818181818232e-01,4.310000000000000000e+02,6.789124480000000000e+08,1.053877125120000000e+11,8.867353945970535278e-02
2.806000000000000000e+03,2.432000000000000000e+03,6.552683454558376752e+01,6.250000000000000000e-02,1.780000000000000000e+02,4.901150720000000000e+09,2.856818769920000000e+11,7.571734189987182617e-01
2.522000000000000000e+03,1.014000000000000000e+03,1.717809676745150682e+01,1.243293543263444545e-01,1.900000000000000000e+01,4.698338508800000000e+10,1.740785844224000000e+12,5.655762553215026855e-01
3.705000000000000000e+03,2.553000000000000000e+03,3.065091835370433060e+01,6.250000000000000000e-02,1.960000000000000000e+02,6.549093888000000000e+09,2.803599278080000000e+11,4.497103989124298096e-01
3.544000000000000000e+03,2.491000000000000000e+03,1.279525472766225214e+01,1.818181818181818232e-01,5.800000000000000000e+01,2.581009408000000000e+10,7.758674001920000000e+11,3.101233243942260742e-01
1.341000000000000000e+03,1.879000000000000000e+03,3.059048791310026871e+01,1.285648693066450132e-01,2.480000000000000000e+02,3.243550080000000000e+08,1.120837795840000000e+11,1.034625172615051270e-01
6.510000000000000000e+02,1.186000000000000000e+03,6.618357534608581716e+01,1.490711984999859852e-01,1.720000000000000000e+02,5.409788928000000000e+09,2.377434234880000000e+11,1.193508505821228027e+00
2.606000000000000000e+03,4.000000000000000000e+00,2.963524389128752290e+01,7.985957062499249304e-02,3.100000000000000000e+01,4.701029990400000000e+10,1.551441461248000000e+12,1.145187914371490479e-01
3.200000000000000000e+03,3.188000000000000000e+03,3.850605673735327628e+01,8.333333333333332871e-02,4.150000000000000000e+02,6.657606400000000000e+08,1.192828682240000000e+11,6.993571668863296509e-02
9.220000000000000000e+02,5.400000000000000000e+01,2.056566326776102827e+01,7.712872341874096871e-02,0.000000000000000000e+00,6.256252108800000000e+10,5.017748635648000000e+12,4.946801960468292236e-01
1.912000000000000000e+03,3.051000000000000000e+03,2.685123220457148463e+01,1.860163329510811370e-01,1.250000000000000000e+02,5.219138560000000000e+09,3.399035781120000000e+11,7.701998949050903320e-01
2.178000000000000000e+03,1.656000000000000000e+03,1.656945138413787788e+01,1.863389981249824745e-01,3.540000000000000000e+02,1.108747776000000000e+09,1.321549332480000000e+11,1.288112699985504150e-01
2.735000000000000000e+03,2.463000000000000000e+03,6.194670104941032207e+01,8.333333333333332871e-02,3.700000000000000000e+01,2.916994662400000000e+10,1.049209339904000000e+12,5.184139728546142578e+00
2.458000000000000000e+03,3.124000000000000000e+03,2.029892301149677891e+01,1.597191412499849861e-01,1.500000000000000000e+01,7.138964275200000000e+10,1.710274510848000000e+12,2.411046743392944336e+00
6.530000000000000000e+02,1.186000000000000000e+03,3.903879841960917929e+01,1.490711984999859852e-01,1.720000000000000000e+02,5.409788928000000000e+09,2.377434234880000000e+11,1.193508505821228027e+00
1.320000000000000000e+03,2.833000000000000000e+03,3.730095248595736734e+01,1.428571428571428492e-01,2.030000000000000000e+02,1.375417856000000000e+09,1.892061839360000000e+11,2.696428000926971436e-01
3.986000000000000000e+03,1.742000000000000000e+03,3.668936371327951917e+01,7.142857142857142461e-02,2.870000000000000000e+02,1.616770432000000000e+09,1.941580349440000000e+11,2.020873427391052246e-01
1.463000000000000000e+03,2.890000000000000000e+03,3.859865743471099364e+01,1.885618083164126990e-01,1.870000000000000000e+02,3.490905344000000000e+09,2.551559946240000000e+11,6.606990098953247070e-01
3.294000000000000000e+03,1.557000000000000000e+03,8.085477002049445616e+01,1.118033988749894958e-01,9.000000000000000000e+01,1.548399206400000000e+10,6.150358302720000000e+11,1.962381601333618164e+00
7.400000000000000000e+02,3.038000000000000000e+03,2.230869285452111583e+01,1.111111111111111049e-01,1.690000000000000000e+02,7.073868288000000000e+09,4.103612989440000000e+11,8.517970144748687744e-02
2.773000000000000000e+03,3.292000000000000000e+03,3.989154774125741199e+01,1.716929178792375721e-01,6.000000000000000000e+01,1.726131609600000000e+10,6.972415016960000000e+11,3.165255308151245117e+00
1.790000000000000000e+02,3.051000000000000000e+03,4.632492869050238937e+01,1.720052290384453675e-01,2.180000000000000000e+02,1.026077312000000000e+09,1.732089446400000000e+11,4.076310396194458008e-01
2.043000000000000000e+03,2.216000000000000000e+03,1.831324561871435037e+02,7.692307692307692735e-02,3.950000000000000000e+02,4.258775296000000000e+09,1.522953748480000000e+11,3.139898777008056641e-01
3.025000000000000000e+03,3.623000000000000000e+03,1.824510875300273582e+01,1.414213562373095034e-01,3.320000000000000000e+02,5.849402240000000000e+08,7.523729408000000000e+10,7.677312940359115601e-02
2.977000000000000000e+03,3.700000000000000000e+01,2.099045202967408130e+01,1.720052290384453675e-01,2.900000000000000000e+01,3.051142758400000000e+10,1.378565881856000000e+12,1.916203647851943970e-02
3.971000000000000000e+03,2.422000000000000000e+03,1.478242069172659967e+01,1.788854381999831766e-01,1.100000000000000000e+01,8.969981952000000000e+10,1.230720466944000000e+12,1.840681076049804688e+00
9.450000000000000000e+02,3.827000000000000000e+03,4.082448870542774699e+01,2.000000000000000111e-01,5.300000000000000000e+01,2.429449011200000000e+10,6.189681868800000000e+11,2.166602373123168945e+00
3.588000000000000000e+03,1.169000000000000000e+03,1.491817493667440999e+02,0.000000000000000000e+00,7.000000000000000000e+00,9.380154572800000000e+10,1.533485776896000000e+12,6.129750728607177734e+00
2.261000000000000000e+03,1.116000000000000000e+03,8.812269237910136610e+00,1.923076923076923184e-01,2.800000000000000000e+01,4.360073216000000000e+10,1.367401955328000000e+12,4.216426908969879150e-01
3.258000000000000000e+03,1.002000000000000000e+03,1.691792137262841322e+01,1.333333333333333315e-01,2.370000000000000000e+02,3.028088576000000000e+09,2.741256683520000000e+11,8.339931368827819824e-01
9.200000000000000000e+02,5.800000000000000000e+01,1.565738035562685582e+01,1.724650685820847684e-01,0.000000000000000000e+00,6.256252108800000000e+10,5.017748635648000000e+12,4.946801960468292236e-01
3.258000000000000000e+03,1.000000000000000000e+03,1.803025083722710633e+02,0.000000000000000000e+00,2.370000000000000000e+02,3.028088576000000000e+09,2.741256683520000000e+11,8.339931368827819824e-01
1.820000000000000000e+02,3.053000000000000000e+03,2.162257987719464580e+01,1.538461538461538547e-01,2.180000000000000000e+02,1.026077312000000000e+09,1.732089446400000000e+11,4.076310396194458008e-01
9.180000000000000000e+02,4.660000000000000000e+02,1.274452206973032844e+02,1.216260638526299870e-01,9.000000000000000000e+00,4.472099635200000000e+10,1.283299213312000000e+12,1.054935455322265625e+01
2.420000000000000000e+03,2.664000000000000000e+03,1.288203009129840950e+02,7.856742013183862228e-02,1.120000000000000000e+02,3.294868992000000000e+09,4.550815252480000000e+11,1.575487017631530762e+00
3.640000000000000000e+02,3.097000000000000000e+03,3.994220355784062093e+01,1.538461538461538547e-01,3.520000000000000000e+02,1.655584512000000000e+09,1.702845480960000000e+11,2.170052528381347656e-01
4.890000000000000000e+02,8.260000000000000000e+02,7.250517890926241193e+01,9.523809523809523281e-02,4.000000000000000000e+01,1.619209011200000000e+10,7.339425792000000000e+11,2.455300569534301758e+00
3.173000000000000000e+03,3.343000000000000000e+03,3.254490431071999978e+01,1.863389981249824745e-01,3.920000000000000000e+02,1.575591040000000000e+09,1.421561200640000000e+11,3.029459714889526367e-01
3.360000000000000000e+02,1.477000000000000000e+03,2.178280266323185543e+01,6.666666666666666574e-02,1.300000000000000000e+01,4.897171865600000000e+10,2.033823121408000000e+12,2.753273546695709229e-01
3.099000000000000000e+03,1.263000000000000000e+03,1.268949491852952036e+02,4.761904761904761640e-02,8.300000000000000000e+01,1.246250700800000000e+10,7.244424151040000000e+11,6.080859303474426270e-01
3.212000000000000000e+03,2.995000000000000000e+03,4.772412721712535699e+01,1.397542485937368628e-01,1.880000000000000000e+02,4.351213056000000000e+09,3.313075159040000000e+11,4.980710744857788086e-01
1.778000000000000000e+03,3.105000000000000000e+03,1.395916700023244772e+01,2.000000000000000111e-01,5.310000000000000000e+02,5.921280000000000000e+08,7.195130265600000000e+10,1.271761953830718994e-01
2.247000000000000000e+03,1.340000000000000000e+03,4.704841124266697960e+01,1.928473039599674921e-01,8.000000000000000000e+01,1.309234585600000000e+10,7.702168862720000000e+11,1.206064105033874512e+00
3.440000000000000000e+02,6.080000000000000000e+02,8.918791670020291917e+01,1.756820922315766309e-01,7.000000000000000000e+01,8.981068800000000000e+09,4.208595763200000000e+11,2.285867452621459961e+00
1.200000000000000000e+03,1.661000000000000000e+03,8.263026435217832955e+01,1.538461538461538547e-01,3.200000000000000000e+02,7.277636480000000000e+08,1.468350791680000000e+11,5.582069978117942810e-02
3.557000000000000000e+03,2.244000000000000000e+03,4.868497459453361387e+01,1.490711984999859852e-01,8.400000000000000000e+01,4.863553536000000000e+09,2.581076049920000000e+11,7.515404820442199707e-01
9.220000000000000000e+02,4.650000000000000000e+02,1.881896636065551149e+02,8.600261451922268374e-02,9.000000000000000000e+00,4.472099635200000000e+10,1.283299213312000000e+12,1.054935455322265625e+01
3.098000000000000000e+03,1.074000000000000000e+03,1.662524516699719968e+01,1.437398936440172637e-01,7.700000000000000000e+01,2.013876428800000000e+10,8.125853204480000000e+11,1.798575818538665771e-01
1.708000000000000000e+03,1.979000000000000000e+03,5.283168386385719373e+01,7.692307692307692735e-02,3.460000000000000000e+02,5.755747200000000000e+08,1.482373693440000000e+11,1.931558549404144287e-01
3.087000000000000000e+03,3.618000000000000000e+03,2.805126403622578835e+01,1.785714285714285754e-01,2.500000000000000000e+01,4.075406131200000000e+10,1.594271465472000000e+12,3.982214033603668213e-01
3.170000000000000000e+03,3.346000000000000000e+03,3.458972041593165159e+01,1.863389981249824745e-01,3.920000000000000000e+02,1.575591040000000000e+09,1.421561200640000000e+11,3.029459714889526367e-01
9.310000000000000000e+02,4.900000000000000000e+01,1.895755436838512153e+01,1.758805500226336138e-01,0.000000000000000000e+00,6.256252108800000000e+10,5.017748635648000000e+12,4.946801960468292236e-01
2.345000000000000000e+03,3.109000000000000000e+03,4.782330709998769436e+01,7.856742013183862228e-02,1.330000000000000000e+02,8.948759552000000000e+09,4.674728427520000000e+11,5.500524640083312988e-01
2.778000000000000000e+03,3.289000000000000000e+03,4.196183822816566789e+01,1.428571428571428492e-01,6.000000000000000000e+01,1.726131609600000000e+10,6.972415016960000000e+11,3.165255308151245117e+00
3.411000000000000000e+03,9.820000000000000000e+02,2.523024588395970369e+01,1.428571428571428492e-01,2.510000000000000000e+02,1.090851072000000000e+09,2.225137090560000000e+11,1.425269693136215210e-01
2.520000000000000000e+03,1.011000000000000000e+03,2.506440907875741786e+01,4.876598490941707470e-02,1.900000000000000000e+01,4.698338508800000000e+10,1.740785844224000000e+12,5.655762553215026855e-01
2.473000000000000000e+03,2.289000000000000000e+03,2.447013022367521984e+01,1.250000000000000000e-01,1.700000000000000000e+02,5.476801024000000000e+09,3.088722821120000000e+11,2.779350578784942627e-01
3.393000000000000000e+03,2.839000000000000000e+03,2.034322962643795307e+01,1.178511301977579334e-01,4.430000000000000000e+02,9.378104320000000000e+08,1.296056238080000000e+11,1.686466187238693237e-01
1.566000000000000000e+03,2.421000000000000000e+03,1.909285000593121140e+02,4.761904761904761640e-02,7.300000000000000000e+01,1.521108377600000000e+10,7.037344808960000000e+11,2.304742574691772461e+00
1.708000000000000000e+03,1.043000000000000000e+03,2.073360595153060970e+01,1.285648693066450132e-01,4.330000000000000000e+02,3.649771200000000000e+08,1.042201231360000000e+11,5.658262968063354492e-02
2.150000000000000000e+02,8.940000000000000000e+02,1.486260046407969604e+01,1.720052290384453675e-01,2.900000000000000000e+02,4.988999680000000000e+08,1.783893852160000000e+11,1.378780901432037354e-01
2.332000000000000000e+03,2.431000000000000000e+03,3.631252872127080877e+01,6.148754619013457184e-02,2.600000000000000000e+01,3.573933670400000000e+10,9.417555968000000000e+11,4.417076408863067627e-01
3.425000000000000000e+03,2.403000000000000000e+03,2.895295235905755149e+01,1.720052290384453675e-01,2.330000000000000000e+02,1.306718592000000000e+09,1.563776942080000000e+11,2.441019564867019653e-01
3.423000000000000000e+03,1.216000000000000000e+03,1.872618796693736698e+01,1.863389981249824745e-01,3.100000000000000000e+02,1.067145344000000000e+09,1.342825021440000000e+11,7.851549983024597168e-02
2.602000000000000000e+03,2.000000000000000000e+00,3.659739717842899864e+01,1.071428571428571369e-01,3.100000000000000000e+01,4.701029990400000000e+10,1.551441461248000000e+12,1.145187914371490479e-01
3.456000000000000000e+03,2.857000000000000000e+03,7.733898134786035428e+01,1.581138830084189706e-01,1.600000000000000000e+01,3.871990169600000000e+10,5.638400245760000000e+11,1.564823985099792480e+00
3.618000000000000000e+03,3.970000000000000000e+03,2.267751009270474327e+01,9.722034684781695468e-02,6.600000000000000000e+01,3.083681792000000000e+10,8.879675801600000000e+11,1.502096533775329590e+00
1.050000000000000000e+03,6.710000000000000000e+02,2.783355586873709697e+01,1.597191412499849861e-01,2.460000000000000000e+02,5.650472960000000000e+09,2.257174691840000000e+11,4.827106297016143799e-01
2.512000000000000000e+03,2.622000000000000000e+03,5.530323259146913273e+01,8.333333333333332871e-02,2.560000000000000000e+02,1.478912000000000000e+09,1.442050211840000000e+11,1.923286914825439453e-01
1.469000000000000000e+03,2.842000000000000000e+03,1.472359739800376488e+01,1.818181818181818232e-01,4.530000000000000000e+02,6.691361280000000000e+08,1.077576908800000000e+11,2.281382232904434204e-01
1.560000000000000000e+03,4.130000000000000000e+02,2.149438284827084189e+01,1.010152544552210818e-01,2.630000000000000000e+02,2.143266560000000000e+09,2.131313459200000000e+11,3.043325841426849365e-01
2.253000000000000000e+03,1.341000000000000000e+03,8.675510377297446496e+01,1.638886943392722229e-01,8.000000000000000000e+01,1.309234585600000000e+10,7.702168862720000000e+11,1.206064105033874512e+00
5.840000000000000000e+02,2.406000000000000000e+03,2.879013451871864859e+01,7.692307692307692735e-02,4.120000000000000000e+02,1.624076544000000000e+09,1.459722813440000000e+11,3.445019423961639404e-01
1.189000000000000000e+03,1.474000000000000000e+03,7.875404991708712998e+01,7.142857142857142461e-02,3.170000000000000000e+02,2.468179968000000000e+09,1.992450048000000000e+11,8.445805311203002930e-01
3.099000000000000000e+03,1.266000000000000000e+03,8.735384248390232642e+01,1.904761904761904656e-01,8.300000000000000000e+01,1.246250700800000000e+10,7.244424151040000000e+11,6.080859303474426270e-01
4.890000000000000000e+02,1.827000000000000000e+03,1.462390262437881283e+01,8.695652173913043237e-02,1.400000000000000000e+01,2.377802752000000000e+10,9.533723115520000000e+11,2.146925926208496094e+00
3.722000000000000000e+03,2.494000000000000000e+03,6.603263187176193583e+01,1.437398936440172637e-01,4.300000000000000000e+01,1.800707276800000000e+10,8.294295797760000000e+11,1.875314235687255859e+00
2.520000000000000000e+03,1.990000000000000000e+02,1.113058813976933337e+01,1.666666666666666574e-01,4.460000000000000000e+02,3.798276160000000000e+08,1.214523801600000000e+11,6.188121438026428223e-02
1.935000000000000000e+03,3.887000000000000000e+03,3.297635644227258211e+01,4.347826086956521618e-02,4.200000000000000000e+01,3.713277542400000000e+10,9.399391354880000000e+11,8.075914978981018066e-01
2.073000000000000000e+03,2.844000000000000000e+03,8.284779644713226787e+01,1.064794274999899953e-01,1.200000000000000000e+01,2.315846656000000000e+10,7.122979389440000000e+11,2.079156398773193359e+00
3.272000000000000000e+03,2.774000000000000000e+03,1.155217579451502807e+01,1.666666666666666574e-01,4.100000000000000000e+01,2.046601625600000000e+10,1.033987227648000000e+12,3.614742457866668701e-01
1.202000000000000000e+03,1.658000000000000000e+03,7.585246142313948781e+01,1.720052290384453675e-01,3.200000000000000000e+02,7.277636480000000000e+08,1.468350791680000000e+11,5.582069978117942810e-02
3.387000000000000000e+03,3.944000000000000000e+03,1.985767619410619744e+01,1.720052290384453675e-01,3.490000000000000000e+02,2.859807232000000000e+09,1.712656547840000000e+11,6.540271043777465820e-01
1.400000000000000000e+02,3.260000000000000000e+03,9.201332584000923021e+00,1.600000000000000033e-01,4.600000000000000000e+01,3.086882406400000000e+10,1.199684452352000000e+12,6.945605874061584473e-01
1.141000000000000000e+03,3.898000000000000000e+03,6.166690195257045559e+01,7.453559924999299258e-02,6.000000000000000000e+00,3.639146905600000000e+10,2.032646619136000000e+12,2.737049102783203125e+00
3.430000000000000000e+03,9.410000000000000000e+02,2.736073653548797324e+01,1.663780661615406053e-01,1.620000000000000000e+02,8.009004032000000000e+09,3.621181194240000000e+11,7.825241237878799438e-02
5.530000000000000000e+02,6.150000000000000000e+02,1.879350574665602380e+02,1.285648693066450132e-01,4.370000000000000000e+02,6.290903040000000000e+08,8.869200691200000000e+10,1.383272260427474976e-01
3.411000000000000000e+03,9.810000000000000000e+02,3.288468643934778868e+01,7.142857142857142461e-02,2.510000000000000000e+02,1.090851072000000000e+09,2.225137090560000000e+11,1.425269693136215210e-01
3.877000000000000000e+03,5.340000000000000000e+02,2.917940858148432781e+01,1.764705882352941291e-01,1.630000000000000000e+02,6.503384064000000000e+09,3.622422118400000000e+11,4.421492815017700195e-01
1.284000000000000000e+03,1.801000000000000000e+03,3.256413346961488742e+01,1.818181818181818232e-01,5.020000000000000000e+02,6.402625920000000000e+08,8.854095462400000000e+10,1.340179443359375000e-01
3.252000000000000000e+03,1.095000000000000000e+03,1.781686305692351482e+02,1.414213562373095034e-01,4.960000000000000000e+02,5.087050880000000000e+08,8.589599539200000000e+10,7.234873622655868530e-02
2.319000000000000000e+03,2.809000000000000000e+03,4.979647644192221492e+02,1.010152544552210818e-01,2.660000000000000000e+02,1.482024960000000000e+09,2.057319055360000000e+11,4.525501430034637451e-01
1.840000000000000000e+03,9.880000000000000000e+02,3.805317317596988147e+01,1.720052290384453675e-01,2.110000000000000000e+02,1.127867776000000000e+09,1.801016770560000000e+11,3.102087974548339844e-01
1.857000000000000000e+03,1.593000000000000000e+03,2.109749745988622749e+01,1.976423537605237202e-01,2.410000000000000000e+02,5.971275776000000000e+09,2.796593807360000000e+11,2.291269451379776001e-01
3.382000000000000000e+03,3.855000000000000000e+03,1.470131058472289176e+01,1.885618083164126990e-01,2.440000000000000000e+02,6.219469824000000000e+09,2.462582538240000000e+11,7.691988348960876465e-02
3.798000000000000000e+03,2.651000000000000000e+03,4.512034268083182553e+01,7.142857142857142461e-02,2.210000000000000000e+02,4.674793472000000000e+09,2.267652423680000000e+11,9.816284775733947754e-01
3.333000000000000000e+03,8.140000000000000000e+02,9.256142545319970338e+01,1.315334104411640948e-01,1.070000000000000000e+02,5.534158336000000000e+09,3.997822812160000000e+11,1.193592190742492676e+00
1.487000000000000000e+03,2.862000000000000000e+03,5.179833100709277005e+01,1.720052290384453675e-01,1.470000000000000000e+02,3.232870656000000000e+09,1.561076531200000000e+11,6.248676180839538574e-01
3.798000000000000000e+03,3.377000000000000000e+03,8.228794446509454019e+00,1.581138830084189706e-01,1.030000000000000000e+02,1.480291532800000000e+10,6.178978529280000000e+11,1.145902797579765320e-01
2.815000000000000000e+03,3.792000000000000000e+03,1.327068460371248548e+01,1.428571428571428492e-01,1.830000000000000000e+02,2.252737536000000000e+09,2.073233326080000000e+11,5.686562657356262207e-01
1.612000000000000000e+03,2.954000000000000000e+03,6.800585165092867612e+01,1.792654619833765339e-01,5.100000000000000000e+01,3.191295590400000000e+10,8.522985635840000000e+11,3.693249225616455078e+00
2.069000000000000000e+03,2.847000000000000000e+03,7.798926016122858584e+01,1.505846504842085487e-01,1.200000000000000000e+01,2.315846656000000000e+10,7.122979389440000000e+11,2.079156398773193359e+00
3.878000000000000000e+03,1.991000000000000000e+03,5.821286540620128136e+01,1.818181818181818232e-01,1.000000000000000000e+01,3.875450880000000000e+10,7.929460817920000000e+11,4.334609508514404297e+00
2.844000000000000000e+03,3.414000000000000000e+03,1.589398831850334659e+01,1.428571428571428492e-01,2.690000000000000000e+02,3.732552704000000000e+09,1.932583239680000000e+11,6.719071269035339355e-01
2.513000000000000000e+03,4.280000000000000000e+02,9.646531109284156003e+01,7.856742013183862228e-02,7.900000000000000000e+01,5.519063040000000000e+09,4.653620920320000000e+11,1.204052805900573730e+00
3.710000000000000000e+03,2.813000000000000000e+03,6.734284393263469326e+01,1.428571428571428492e-01,2.080000000000000000e+02,3.824430336000000000e+09,2.130934988800000000e+11,1.529147267341613770e+00
6.980000000000000000e+02,3.278000000000000000e+03,1.196022811008484865e+01,1.428571428571428492e-01,3.010000000000000000e+02,1.804538496000000000e+09,1.979466547200000000e+11,3.347387015819549561e-01
2.464000000000000000e+03,3.117000000000000000e+03,3.835884947278761103e+01,1.785714285714285754e-01,1.500000000000000000e+01,7.138964275200000000e+10,1.710274510848000000e+12,2.411046743392944336e+00
3.251000000000000000e+03,1.435000000000000000e+03,9.571765363675210381e+01,7.692307692307692735e-02,3.360000000000000000e+02,2.264837120000000000e+09,1.630048583680000000e+11,2.301288098096847534e-01
3.393000000000000000e+03,2.838000000000000000e+03,2.707340838203530211e+02,8.333333333333332871e-02,4.430000000000000000e+02,9.378104320000000000e+08,1.296056238080000000e+11,1.686466187238693237e-01
3.191000000000000000e+03,6.200000000000000000e+01,2.786104302328595139e+01,1.597191412499849861e-01,3.090000000000000000e+02,1.334211968000000000e+09,1.977185402880000000e+11,1.896062344312667847e-01
1.826000000000000000e+03,1.053000000000000000e+03,7.625905100279145188e+01,1.346870059402947850e-01,1.050000000000000000e+02,6.983964160000000000e+09,6.437818859520000000e+11,3.719874858856201172e+00
9.400000000000000000e+01,1.330000000000000000e+03,4.121423811745756183e+01,1.502313031443328895e-01,4.500000000000000000e+01,2.534583910400000000e+10,1.017070354432000000e+12,1.962765812873840332e+00
8.900000000000000000e+02,2.530000000000000000e+03,2.130650249061325496e+01,9.428090415820634951e-02,2.420000000000000000e+02,6.004398592000000000e+09,2.483300106240000000e+11,2.378903776407241821e-01
1.448000000000000000e+03,1.621000000000000000e+03,8.971822853750663285e+01,7.443229275647869625e-02,6.100000000000000000e+01,1.472875110400000000e+10,5.134962196480000000e+11,1.453196406364440918e+00
8.370000000000000000e+02,4.280000000000000000e+02,6.777207339899095473e+01,1.818181818181818232e-01,7.200000000000000000e+01,2.465830912000000000e+10,7.708183101440000000e+11,4.504816055297851562e+00
9.300000000000000000e+02,5.400000000000000000e+01,1.403954690613726441e+01,1.243663295998240076e-01,0.000000000000000000e+00,6.256252108800000000e+10,5.017748635648000000e+12,4.946801960468292236e-01
2.020000000000000000e+02,3.720000000000000000e+02,7.719230180146270470e+01,1.242259987499883256e-01,1.660000000000000000e+02,4.560578048000000000e+09,4.044796723200000000e+11,1.807749032974243164e+00
6.130000000000000000e+02,9.260000000000000000e+02,1.927231611715192017e+01,1.346870059402947850e-01,9.600000000000000000e+01,1.947561779200000000e+10,6.610042224640000000e+11,7.008498907089233398e-01
2.763000000000000000e+03,3.687000000000000000e+03,2.534312490438351162e+01,2.000000000000000111e-01,8.500000000000000000e+01,2.716291328000000000e+09,2.292095713280000000e+11,6.104024648666381836e-01
1.680000000000000000e+03,1.853000000000000000e+03,2.053104305765470272e+01,1.720052290384453675e-01,2.430000000000000000e+02,1.882682496000000000e+09,1.662704517120000000e+11,2.110286802053451538e-01
1.940000000000000000e+03,3.902000000000000000e+03,8.240501014297824156e+01,0.000000000000000000e+00,1.920000000000000000e+02,2.548073728000000000e+09,1.700422615040000000e+11,4.282468259334564209e-01
1.860000000000000000e+02,1.787000000000000000e+03,1.645557905614289851e+01,2.000000000000000111e-01,1.420000000000000000e+02,4.853921600000000000e+08,6.687900467200000000e+10,1.194191724061965942e-01
1.220000000000000000e+02,2.330000000000000000e+03,2.434964636649932501e+01,1.600000000000000033e-01,2.300000000000000000e+01,3.876257382400000000e+10,1.158851198976000000e+12,9.720131754875183105e-01
6.460000000000000000e+02,8.280000000000000000e+02,4.073783575620613107e+01,8.944271909999158832e-02,1.700000000000000000e+01,5.011012403200000000e+10,1.201295589376000000e+12,1.027397990226745605e+00
3.980000000000000000e+02,8.070000000000000000e+02,1.061667193653236865e+02,1.844626385704036808e-01,5.700000000000000000e+01,2.276455014400000000e+10,8.920157388800000000e+11,3.614920616149902344e+00
3.081000000000000000e+03,2.411000000000000000e+03,5.066742007055830044e+01,1.638886943392722229e-01,2.400000000000000000e+01,3.329379942400000000e+10,8.096457687040000000e+11,7.204747200012207031e-01
6.120000000000000000e+02,2.592000000000000000e+03,8.044712928318450906e+01,1.216260638526299870e-01,3.300000000000000000e+01,3.162380492800000000e+10,1.302926065664000000e+12,2.007309532165527344e+01
2.879000000000000000e+03,3.527000000000000000e+03,1.368222173327700553e+01,1.863389981249824745e-01,3.900000000000000000e+01,1.933491814400000000e+10,1.077381758976000000e+12,1.537795662879943848e-01
2.622000000000000000e+03,5.700000000000000000e+02,3.544125833614367593e+01,0.000000000000000000e+00,5.490000000000000000e+02,3.435173760000000000e+08,6.118723584000000000e+10,1.976290158927440643e-02
2.884000000000000000e+03,3.530000000000000000e+03,1.187177544155127684e+01,1.317615691736824801e-01,3.900000000000000000e+01,1.933491814400000000e+10,1.077381758976000000e+12,1.537795662879943848e-01
2.522000000000000000e+03,3.816000000000000000e+03,1.511072028827068969e+01,1.666666666666666574e-01,4.500000000000000000e+02,5.818505600000000000e+08,1.187542220800000000e+11,1.592583358287811279e-01
2.093000000000000000e+03,3.837000000000000000e+03,7.374163541869550897e+01,1.176877882894626220e-01,1.180000000000000000e+02,1.119032627200000000e+10,4.991444254720000000e+11,8.458191156387329102e-01
3.171000000000000000e+03,3.346000000000000000e+03,3.159626018099797662e+01,1.666666666666666574e-01,3.920000000000000000e+02,1.575591040000000000e+09,1.421561200640000000e+11,3.029459714889526367e-01
3.542000000000000000e+03,2.486000000000000000e+03,5.497020319088483831e+01,1.016394535227177209e-01,5.800000000000000000e+01,2.581009408000000000e+10,7.758674001920000000e+11,3.101233243942260742e-01
3.465000000000000000e+03,1.158000000000000000e+03,3.618073743825420507e+01,1.571348402636772446e-01,2.930000000000000000e+02,6.319281280000000000e+08,5.722381516800000000e+10,1.415007412433624268e-01
3.590000000000000000e+03,1.168000000000000000e+03,2.112896082957251664e+01,8.281733249999222168e-02,7.000000000000000000e+00,9.380154572800000000e+10,1.533485776896000000e+12,6.129750728607177734e+00
2.644000000000000000e+03,2.682000000000000000e+03,1.823453092218115046e+01,1.767766952966368654e-01,6.500000000000000000e+01,1.665853132800000000e+10,1.051559329792000000e+12,3.637619912624359131e-01
2.879000000000000000e+03,3.532000000000000000e+03,3.173642263818465992e+01,9.316949906249123725e-02,3.900000000000000000e+01,1.933491814400000000e+10,1.077381758976000000e+12,1.537795662879943848e-01
3.697000000000000000e+03,2.343000000000000000e+03,1.891309918862724615e+01,1.720052290384453675e-01,3.870000000000000000e+02,1.063596416000000000e+09,1.528079974400000000e+11,2.094728499650955200e-01
1.121000000000000000e+03,9.950000000000000000e+02,2.301090171430100995e+01,8.784104611578831545e-02,2.000000000000000000e+00,6.382575616000000000e+10,3.543532568576000000e+12,8.956543803215026855e-01
3.428000000000000000e+03,9.450000000000000000e+02,4.184559308271924039e+01,1.176470588235294101e-01,1.620000000000000000e+02,8.009004032000000000e+09,3.621181194240000000e+11,7.825241237878799438e-02
2.090000000000000000e+02,2.401000000000000000e+03,2.969778340045871801e+01,9.090909090909091161e-02,4.690000000000000000e+02,3.174883200000000000e+08,9.633148108800000000e+10,7.158766686916351318e-02
3.213000000000000000e+03,2.709000000000000000e+03,3.457424943680015872e+01,2.000000000000000111e-01,4.890000000000000000e+02,4.634747200000000000e+08,8.028896460800000000e+10,1.377580612897872925e-01
5.840000000000000000e+02,1.033000000000000000e+03,1.193296874626693871e+01,1.087856586440842377e-01,3.930000000000000000e+02,1.151398016000000000e+09,1.568063651840000000e+11,3.812075257301330566e-01
3.695000000000000000e+03,1.630000000000000000e+02,4.036852760727532541e+01,1.346870059402947850e-01,7.500000000000000000e+01,2.454544179200000000e+10,6.556142141440000000e+11,2.213511466979980469e+00
8.890000000000000000e+02,2.527000000000000000e+03,2.897164078884390648e+01,1.333333333333333315e-01,2.420000000000000000e+02,6.004398592000000000e+09,2.483300106240000000e+11,2.378903776407241821e-01
3.201000000000000000e+03,1.263000000000000000e+03,3.224392830580493552e+01,1.538461538461538547e-01,2.990000000000000000e+02,1.546798208000000000e+09,1.696703447040000000e+11,4.847811907529830933e-02
3.534000000000000000e+03,1.726000000000000000e+03,5.068593886414797112e+01,1.597191412499849861e-01,2.830000000000000000e+02,2.923252992000000000e+09,1.953971404800000000e+11,5.708111524581909180e-01
1.664000000000000000e+03,1.085000000000000000e+03,3.199546530501022090e+01,1.397542485937368628e-01,1.640000000000000000e+02,5.659436544000000000e+09,3.017778790400000000e+11,7.089489698410034180e-01
9.210000000000000000e+02,5.400000000000000000e+01,1.864403452297500152e+01,1.005635518443331877e-01,0.000000000000000000e+00,6.256252108800000000e+10,5.017748635648000000e+12,4.946801960468292236e-01
2.730000000000000000e+03,2.464000000000000000e+03,6.573908584494050444e+01,1.317615691736824801e-01,3.700000000000000000e+01,2.916994662400000000e+10,1.049209339904000000e+12,5.184139728546142578e+00
3.458000000000000000e+03,2.854000000000000000e+03,2.269407791545854423e+02,1.499999999999999944e-01,1.600000000000000000e+01,3.871990169600000000e+10,5.638400245760000000e+11,1.564823985099792480e+00
3.683000000000000000e+03,2.893000000000000000e+03,2.937748877616428089e+01,1.994505484123890171e-01,2.700000000000000000e+01,5.914858700800000000e+10,1.389970718720000000e+12,1.606564044952392578e+00
1.857000000000000000e+03,1.070000000000000000e+02,5.810142270012776500e+00,1.414213562373095034e-01,5.380000000000000000e+02,5.728568960000000000e+08,8.585194700800000000e+10,5.062877759337425232e-02
2.864000000000000000e+03,3.843000000000000000e+03,1.425963092720632375e+01,1.571348402636772446e-01,5.440000000000000000e+02,3.756043520000000000e+08,4.943746252800000000e+10,1.092702522873878479e-01
3.684000000000000000e+03,1.159000000000000000e+03,4.897675238186680957e+01,1.666666666666666574e-01,3.000000000000000000e+01,2.535121100800000000e+10,4.562780487680000000e+11,3.363192081451416016e+00
2.150000000000000000e+03,1.473000000000000000e+03,3.155325911079219026e+01,1.490711984999859852e-01,1.970000000000000000e+02,1.218683392000000000e+09,2.609859624960000000e+11,4.991658031940460205e-01
3.498000000000000000e+03,3.192000000000000000e+03,9.435789708943403298e+01,1.016394535227177209e-01,3.600000000000000000e+01,2.303946342400000000e+10,7.790489763840000000e+11,2.043790340423583984e+00
3.660000000000000000e+03,4.560000000000000000e+02,1.770090292439608248e+01,7.071067811865475172e-02,1.080000000000000000e+02,2.184303411200000000e+10,6.355629506560000000e+11,4.387347102165222168e-01
2.639000000000000000e+03,2.685000000000000000e+03,2.518610452696761115e+01,8.333333333333332871e-02,6.500000000000000000e+01,1.665853132800000000e+10,1.051559329792000000e+12,3.637619912624359131e-01
3.440000000000000000e+03,1.294000000000000000e+03,5.782177601107974851e+01,1.111111111111111049e-01,2.600000000000000000e+02,3.533144640000000000e+08,6.008634572800000000e+10,8.675485849380493164e-02
2.400000000000000000e+02,3.026000000000000000e+03,5.384880403299861484e+01,7.142857142857142461e-02,2.300000000000000000e+02,8.503640960000000000e+08,1.844238090240000000e+11,4.273478984832763672e-01
4.430000000000000000e+02,2.740000000000000000e+03,1.456491382275163460e+01,1.904761904761904656e-01,8.600000000000000000e+01,1.698641715200000000e+10,6.620944138240000000e+11,0.000000000000000000e+00
3.692000000000000000e+03,1.570000000000000000e+02,4.725157127586250994e+01,1.963383631246505001e-01,7.500000000000000000e+01,2.454544179200000000e+10,6.556142141440000000e+11,2.213511466979980469e+00
1.420000000000000000e+02,3.253000000000000000e+03,3.119227238399028579e+01,1.442220510185595606e-01,4.600000000000000000e+01,3.086882406400000000e+10,1.199684452352000000e+12,6.945605874061584473e-01
1.348000000000000000e+03,1.981000000000000000e+03,1.299738224328394409e+01,2.000000000000000111e-01,5.370000000000000000e+02,4.690468800000000000e+08,7.784319385600000000e+10,7.533831894397735596e-02
3.863000000000000000e+03,2.240000000000000000e+03,2.585243990274086201e+01,1.010152544552210818e-01,2.760000000000000000e+02,3.716872192000000000e+09,1.992035041280000000e+11,1.343455195426940918e+00
9.570000000000000000e+02,9.000000000000000000e+02,3.937872520518359920e+01,1.720052290384453675e-01,3.260000000000000000e+02,1.172550656000000000e+09,1.749445836800000000e+11,2.125721275806427002e-01
2.261000000000000000e+03,1.119000000000000000e+03,1.905405307196662434e+01,7.692307692307692735e-02,2.800000000000000000e+01,4.360073216000000000e+10,1.367401955328000000e+12,4.216426908969879150e-01
2.247000000000000000e+03,3.794000000000000000e+03,2.228369097344913996e+01,1.944406936956339094e-01,6.900000000000000000e+01,4.348610969600000000e+10,9.070498283520000000e+11,7.620597723871469498e-03
1.585000000000000000e+03,1.860000000000000000e+03,1.061134106080498007e+01,9.090909090909091161e-02,5.010000000000000000e+02,5.724179840000000000e+08,9.386172416000000000e+10,1.202235668897628784e-01
9.320000000000000000e+02,5.500000000000000000e+01,1.337490324318675228e+01,1.775636558361101958e-01,0.000000000000000000e+00,6.256252108800000000e+10,5.017748635648000000e+12,4.946801960468292236e-01
2.244000000000000000e+03,3.791000000000000000e+03,4.954531787669908738e+01,6.148754619013457184e-02,6.900000000000000000e+01,4.348610969600000000e+10,9.070498283520000000e+11,7.620597723871469498e-03
3.223000000000000000e+03,2.253000000000000000e+03,7.650589949862988703e+01,1.716929178792375721e-01,3.400000000000000000e+01,1.937896243200000000e+10,6.661144576000000000e+11,4.488957405090332031e+00
1.720000000000000000e+03,1.669000000000000000e+03,7.052056359364136995e+01,1.874138920735300140e-01,4.000000000000000000e+00,3.269792563200000000e+10,7.531220172800000000e+11,7.694553852081298828e+00
2.093000000000000000e+03,3.842000000000000000e+03,4.434000222935887336e+01,1.664356663246515655e-01,1.180000000000000000e+02,1.119032627200000000e+10,4.991444254720000000e+11,8.458191156387329102e-01
3.516000000000000000e+03,1.286000000000000000e+03,1.007096761627137624e+02,6.666666666666666574e-02,1.140000000000000000e+02,6.764808192000000000e+09,2.704004382720000000e+11,1.261621594429016113e+00
3.107000000000000000e+03,3.400000000000000000e+02,6.547724372013557570e+01,1.176877882894626220e-01,1.150000000000000000e+02,2.835620096000000000e+09,5.186958786560000000e+11,1.339670538902282715e+00
2.265000000000000000e+03,1.120000000000000000e+03,6.624146826376045460e+00,1.585809856006792640e-01,2.800000000000000000e+01,4.360073216000000000e+10,1.367401955328000000e+12,4.216426908969879150e-01
3.976000000000000000e+03,2.417000000000000000e+03,1.956687789989480564e+01,1.264911064067351931e-01,1.100000000000000000e+01,8.969981952000000000e+10,1.230720466944000000e+12,1.840681076049804688e+00
2.609000000000000000e+03,3.999000000000000000e+03,1.991455609597580789e+01,1.787859425830448379e-01,3.100000000000000000e+01,4.701029990400000000e+10,1.551441461248000000e+12,1.145187914371490479e-01
3.273000000000000000e+03,6.220000000000000000e+02,1.107159895065946031e+01,2.000000000000000111e-01,5.260000000000000000e+02,4.181973440000000000e+08,8.469003468800000000e+10,2.058096230030059814e-02
3.080000000000000000e+03,2.412000000000000000e+03,4.744726707011811584e+01,1.874138920735300140e-01,2.400000000000000000e+01,3.329379942400000000e+10,8.096457687040000000e+11,7.204747200012207031e-01
4.880000000000000000e+02,1.821000000000000000e+03,1.567559646296922971e+01,1.792654619833765339e-01,1.400000000000000000e+01,2.377802752000000000e+10,9.533723115520000000e+11,2.146925926208496094e+00
8.390000000000000000e+02,4.350000000000000000e+02,9.770758817554983011e+01,1.638886943392722229e-01,7.200000000000000000e+01,2.465830912000000000e+10,7.708183101440000000e+11,4.504816055297851562e+00
2.602000000000000000e+03,3.999000000000000000e+03,2.307145151615763723e+01,1.517756299171127421e-01,3.100000000000000000e+01,4.701029990400000000e+10,1.551441461248000000e+12,1.145187914371490479e-01
3.289000000000000000e+03,1.286000000000000000e+03,4.546864910557096096e+01,1.397542485937368628e-01,1.770000000000000000e+02,3.483326720000000000e+09,3.253457387520000000e+11,3.288544416427612305e-01
2.520000000000000000e+03,5.080000000000000000e+02,1.658774123286240609e+01,7.692307692307692735e-02,3.400000000000000000e+02,1.046708352000000000e+09,1.732076011520000000e+11,3.590988516807556152e-01
3.223000000000000000e+03,2.248000000000000000e+03,5.226408044772297501e+01,1.346870059402947850e-01,3.400000000000000000e+01,1.937896243200000000e+10,6.661144576000000000e+11,4.488957405090332031e+00
2.457000000000000000e+03,3.120000000000000000e+03,2.623314580286205455e+02,1.071428571428571369e-01,1.500000000000000000e+01,7.138964275200000000e+10,1.710274510848000000e+12,2.411046743392944336e+00
1.390000000000000000e+02,3.259000000000000000e+03,1.418264424442997651e+01,1.264911064067351931e-01,4.600000000000000000e+01,3.086882406400000000e+10,1.199684452352000000e+12,6.945605874061584473e-01
2.400000000000000000e+02,3.028000000000000000e+03,4.777096652804608112e+01,1.597191412499849861e-01,2.300000000000000000e+02,8.503640960000000000e+08,1.844238090240000000e+11,4.273478984832763672e-01
1.941000000000000000e+03,3.903000000000000000e+03,4.119409917835805857e+01,1.087856586440842377e-01,1.920000000000000000e+02,2.548073728000000000e+09,1.700422615040000000e+11,4.282468259334564209e-01
1.420000000000000000e+03,1.422000000000000000e+03,4.204118158991644805e+01,1.860163329510811370e-01,1.280000000000000000e+02,8.305701888000000000e+09,3.799752704000000000e+11,2.958372533321380615e-01
1.119000000000000000e+03,9.970000000000000000e+02,1.921749408960153715e+01,8.784104611578831545e-02,2.000000000000000000e+00,6.382575616000000000e+10,3.543532568576000000e+12,8.956543803215026855e-01
2.019000000000000000e+03,3.375000000000000000e+03,1.179236709558170162e+02,1.664356663246515655e-01,1.020000000000000000e+02,7.167281664000000000e+09,4.982148956160000000e+11,1.543027639389038086e+00
7.320000000000000000e+02,2.772000000000000000e+03,9.109050903767503371e+00,1.304347826086956486e-01,5.600000000000000000e+01,3.235718963200000000e+10,9.154533130240000000e+11,4.128287360072135925e-02
2.420000000000000000e+03,2.631000000000000000e+03,2.586794847563676214e+01,9.090909090909091161e-02,5.030000000000000000e+02,1.350065920000000000e+09,8.923387494400000000e+10,8.502116799354553223e-02
1.439000000000000000e+03,1.477000000000000000e+03,3.231815384122126034e+01,8.838834764831844659e-02,2.170000000000000000e+02,7.385863168000000000e+09,2.996693893120000000e+11,1.486081480979919434e-01
2.109000000000000000e+03,3.613000000000000000e+03,1.949701185160508388e+01,1.863389981249824745e-01,3.890000000000000000e+02,4.399578880000000000e+08,1.199101870080000000e+11,2.206428647041320801e-01
3.723000000000000000e+03,2.496000000000000000e+03,2.108229668965678627e+02,4.545454545454545581e-02,4.300000000000000000e+01,1.800707276800000000e+10,8.294295797760000000e+11,1.875314235687255859e+00
1.597000000000000000e+03,2.128000000000000000e+03,1.682465267750469451e+01,1.963383631246505001e-01,3.200000000000000000e+01,3.833240780800000000e+10,6.712152555520000000e+11,1.721168041229248047e+00
3.290000000000000000e+03,1.555000000000000000e+03,1.079314053598035201e+02,1.118033988749894958e-01,9.000000000000000000e+01,1.548399206400000000e+10,6.150358302720000000e+11,1.962381601333618164e+00
1.346000000000000000e+03,1.981000000000000000e+03,4.764825754389638490e+01,0.000000000000000000e+00,5.370000000000000000e+02,4.690468800000000000e+08,7.784319385600000000e+10,7.533831894397735596e-02
2.441000000000000000e+03,4.870000000000000000e+02,2.792245823501613700e+01,1.720052290384453675e-01,2.720000000000000000e+02,1.676722560000000000e+09,1.726652252160000000e+11,3.619681596755981445e-01
2.521000000000000000e+03,7.540000000000000000e+02,4.132762553754884038e+01,8.333333333333332871e-02,3.640000000000000000e+02,4.016161600000000000e+08,1.224422850560000000e+11,2.357449196279048920e-02
1.587000000000000000e+03,1.054000000000000000e+03,1.857783191328232419e+01,2.000000000000000111e-01,4.950000000000000000e+02,3.927956160000000000e+08,8.081269555200000000e+10,6.020800396800041199e-02
3.392000000000000000e+03,2.838000000000000000e+03,2.470743653761971714e+01,1.666666666666666574e-01,4.430000000000000000e+02,9.378104320000000000e+08,1.296056238080000000e+11,1.686466187238693237e-01
2.460000000000000000e+03,3.117000000000000000e+03,2.311917142529823010e+01,1.071428571428571369e-01,1.500000000000000000e+01,7.138964275200000000e+10,1.710274510848000000e+12,2.411046743392944336e+00
2.401000000000000000e+03,1.308000000000000000e+03,3.588926867384959252e+01,1.111111111111111049e-01,2.200000000000000000e+01,5.448031846400000000e+10,1.445857329152000000e+12,2.244370937347412109e+00
3.202000000000000000e+03,3.186000000000000000e+03,8.712364715311942120e+00,1.863389981249824745e-01,4.150000000000000000e+02,6.657606400000000000e+08,1.192828682240000000e+11,6.993571668863296509e-02
3.586000000000000000e+03,1.171000000000000000e+03,2.403242839732531877e+01,1.047565601757848297e-01,7.000000000000000000e+00,9.380154572800000000e+10,1.533485776896000000e+12,6.129750728607177734e+00
2.440000000000000000e+02,2.928000000000000000e+03,1.706280490112942871e+01,8.318903308077030267e-02,1.510000000000000000e+02,7.397843456000000000e+09,3.663055421440000000e+11,4.148328006267547607e-01
3.097000000000000000e+03,1.070000000000000000e+03,2.833051485125369595e+01,1.016394535227177209e-01,7.700000000000000000e+01,2.013876428800000000e+10,8.125853204480000000e+11,1.798575818538665771e-01
2.033000000000000000e+03,7.790000000000000000e+02,1.233381483170862936e+01,1.505846504842085487e-01,8.900000000000000000e+01,2.648002355200000000e+10,6.947226255360000000e+11,2.919432893395423889e-02
2.603000000000000000e+03,7.000000000000000000e+00,1.887707720018727287e+01,1.923273145405179907e-01,3.100000000000000000e+01,4.701029990400000000e+10,1.551441461248000000e+12,1.145187914371490479e-01
2.734000000000000000e+03,2.460000000000000000e+03,8.546252552513638534e+01,1.317615691736824801e-01,3.700000000000000000e+01,2.916994662400000000e+10,1.049209339904000000e+12,5.184139728546142578e+00
3.584000000000000000e+03,4.060000000000000000e+02,8.232064129442482781e+00,1.818181818181818232e-01,5.110000000000000000e+02,7.604030080000000000e+08,9.137700044800000000e+10,1.333570629358291626e-01
3.045000000000000000e+03,3.401000000000000000e+03,1.885618510344282583e+01,1.863389981249824745e-01,4.900000000000000000e+01,3.686430310400000000e+10,1.007178809344000000e+12,2.341371476650238037e-01
3.590000000000000000e+03,1.167000000000000000e+03,1.903830787410599257e+01,1.047565601757848297e-01,7.000000000000000000e+00,9.380154572800000000e+10,1.533485776896000000e+12,6.129750728607177734e+00
4.120000000000000000e+02,3.222000000000000000e+03,6.309823295209508842e+01,1.490711984999859852e-01,2.280000000000000000e+02,4.945746432000000000e+09,2.675654328320000000e+11,5.228156447410583496e-01
1.832000000000000000e+03,3.657000000000000000e+03,4.025098200118439706e+01,1.333333333333333315e-01,2.290000000000000000e+02,2.036898944000000000e+09,2.471114833920000000e+11,2.126524001359939575e-01
1.581000000000000000e+03,3.170000000000000000e+03,8.044200377901754351e+00,1.863389981249824745e-01,4.280000000000000000e+02,1.231782016000000000e+09,1.419328716800000000e+11,2.787952125072479248e-01
2.420000000000000000e+03,2.385000000000000000e+03,2.617918792324661936e+01,1.178511301977579334e-01,3.600000000000000000e+02,4.854508160000000000e+08,1.191350026240000000e+11,9.310474246740341187e-02
1.450000000000000000e+03,1.620000000000000000e+03,1.000604776303909631e+02,1.578947368421052544e-01,6.100000000000000000e+01,1.472875110400000000e+10,5.134962196480000000e+11,1.453196406364440918e+00
6.070000000000000000e+02,2.597000000000000000e+03,3.548072152013942571e+01,1.720052290384453675e-01,3.300000000000000000e+01,3.162380492800000000e+10,1.302926065664000000e+12,2.007309532165527344e+01
3.726000000000000000e+03,2.500000000000000000e+03,6.416543128114328454e+01,1.928473039599674921e-01,4.300000000000000000e+01,1.800707276800000000e+10,8.294295797760000000e+11,1.875314235687255859e+00
1.690000000000000000e+02,2.146000000000000000e+03,4.373884417891645171e+01,1.428571428571428492e-01,2.790000000000000000e+02,4.254184640000000000e+08,2.039951196160000000e+11,1.140684187412261963e-01
2.036000000000000000e+03,7.830000000000000000e+02,1.119727742206447196e+01,1.963383631246505001e-01,8.900000000000000000e+01,2.648002355200000000e+10,6.947226255360000000e+11,2.919432893395423889e-02
1.250000000000000000e+03,2.168000000000000000e+03,1.974314447559362051e+01,1.720052290384453675e-01,3.340000000000000000e+02,6.826451840000000000e+08,1.621331640320000000e+11,2.349519878625869751e-01
2.214000000000000000e+03,3.760000000000000000e+02,1.233384496597899371e+01,2.000000000000000111e-01,5.280000000000000000e+02,4.369823680000000000e+08,8.418496512000000000e+10,1.095780208706855774e-01
5.530000000000000000e+02,2.118000000000000000e+03,7.274053143509178199e+01,1.664356663246515655e-01,9.200000000000000000e+01,1.243117772800000000e+10,4.937068052480000000e+11,1.063179373741149902e+00
3.795000000000000000e+03,2.651000000000000000e+03,4.210114917372467858e+01,1.428571428571428492e-01,2.210000000000000000e+02,4.674793472000000000e+09,2.267652423680000000e+11,9.816284775733947754e-01
1.579000000000000000e+03,3.172000000000000000e+03,2.835610621982467450e+01,8.333333333333332871e-02,4.280000000000000000e+02,1.231782016000000000e+09,1.419328716800000000e+11,2.787952125072479248e-01
3.430000000000000000e+03,2.524000000000000000e+03,3.636686966226987749e+01,1.885618083164126990e-01,1.000000000000000000e+02,5.946088960000000000e+09,2.719250022400000000e+11,1.580354690551757812e+00
3.453000000000000000e+03,2.857000000000000000e+03,6.731304388864339217e+01,1.802775637731994507e-01,1.600000000000000000e+01,3.871990169600000000e+10,5.638400245760000000e+11,1.564823985099792480e+00
2.149000000000000000e+03,1.476000000000000000e+03,4.557118797353074768e+01,1.490711984999859852e-01,1.970000000000000000e+02,1.218683392000000000e+09,2.609859624960000000e+11,4.991658031940460205e-01
1.615000000000000000e+03,1.036000000000000000e+03,4.898956905495644776e+01,1.666666666666666574e-01,4.410000000000000000e+02,6.769042560000000000e+08,1.301400780800000000e+11,1.568942219018936157e-01
8.350000000000000000e+02,4.300000000000000000e+02,6.323232949503972833e+01,1.285648693066450132e-01,7.200000000000000000e+01,2.465830912000000000e+10,7.708183101440000000e+11,4.504816055297851562e+00
3.530000000000000000e+02,3.390000000000000000e+03,3.734830537950514184e+01,7.071067811865475172e-02,1.130000000000000000e+02,2.184168857600000000e+10,5.550306099200000000e+11,1.005207449197769165e-01
3.086000000000000000e+03,2.413000000000000000e+03,3.373508900861809678e+01,9.090909090909091161e-02,2.400000000000000000e+01,3.329379942400000000e+10,8.096457687040000000e+11,7.204747200012207031e-01
6.860000000000000000e+02,3.310000000000000000e+02,2.182044614883801259e+01,1.597191412499849861e-01,2.800000000000000000e+02,4.251422400000000000e+08,1.943625891840000000e+11,1.165085285902023315e-01
3.621000000000000000e+03,3.969000000000000000e+03,2.180314451229975603e+01,1.792654619833765339e-01,6.600000000000000000e+01,3.083681792000000000e+10,8.879675801600000000e+11,1.502096533775329590e+00
3.928000000000000000e+03,3.589000000000000000e+03,5.937928223921609572e+01,1.571348402636772446e-01,1.390000000000000000e+02,9.714296832000000000e+09,4.292546396160000000e+11,5.341334939002990723e-01
1.707000000000000000e+03,1.980000000000000000e+03,3.694016566822560321e+01,1.720052290384453675e-01,3.460000000000000000e+02,5.755747200000000000e+08,1.482373693440000000e+11,1.931558549404144287e-01
2.805000000000000000e+03,2.429000000000000000e+03,3.913557050818275940e+01,1.397542485937368628e-01,1.780000000000000000e+02,4.901150720000000000e+09,2.856818769920000000e+11,7.571734189987182617e-01
2.160000000000000000e+03,2.856000000000000000e+03,2.616125216600633152e+01,1.178511301977579334e-01,3.820000000000000000e+02,9.533651840000000000e+08,1.346881126400000000e+11,1.371839791536331177e-01
3.016000000000000000e+03,5.630000000000000000e+02,4.085166785260228295e+01,7.856742013183862228e-02,1.160000000000000000e+02,6.805506560000000000e+09,4.243692257280000000e+11,2.449444308876991272e-02
1.932000000000000000e+03,2.770000000000000000e+02,2.170071979333567214e+01,1.178511301977579334e-01,3.860000000000000000e+02,4.212420480000000000e+08,1.386538434560000000e+11,4.054447263479232788e-02
3.110000000000000000e+03,3.663000000000000000e+03,1.008526717598818152e+02,7.142857142857142461e-02,1.980000000000000000e+02,5.407420416000000000e+09,2.214027591680000000e+11,9.601025581359863281e-01
1.610000000000000000e+03,2.507000000000000000e+03,3.737206143586691809e+01,1.315334104411640948e-01,1.820000000000000000e+02,5.668081152000000000e+09,3.419367997440000000e+11,3.741784989833831787e-01
2.290000000000000000e+02,1.118000000000000000e+03,5.328849393723601224e+01,1.437398936440172637e-01,4.800000000000000000e+01,1.859853926400000000e+10,8.332313886720000000e+11,3.081290960311889648e+00
2.990000000000000000e+02,2.236000000000000000e+03,7.180895118366389340e+01,1.178511301977579334e-01,4.190000000000000000e+02,5.515520000000000000e+08,1.344901283840000000e+11,6.383813172578811646e-02
2.624000000000000000e+03,6.100000000000000000e+01,4.698760581522655855e+01,1.863389981249824745e-01,3.290000000000000000e+02,7.473985280000000000e+08,1.281122058240000000e+11,2.677565217018127441e-01
2.261000000000000000e+03,1.122000000000000000e+03,1.077581844768120867e+01,3.846153846153846367e-02,2.800000000000000000e+01,4.360073216000000000e+10,1.367401955328000000e+12,4.216426908969879150e-01
2.522000000000000000e+03,3.991000000000000000e+03,3.139451263769246836e+01,1.663780661615406053e-01,7.600000000000000000e+01,1.071258521600000000e+10,3.784632238080000000e+11,1.643970608711242676e+00
3.930000000000000000e+02,1.357000000000000000e+03,1.113360160562342749e+01,1.964185503295965418e-01,1.000000000000000000e+00,9.809676697600000000e+10,3.612387573760000000e+12,1.521267175674438477e+00
6.450000000000000000e+02,1.748000000000000000e+03,8.155162197337703844e+01,1.505846504842085487e-01,2.100000000000000000e+01,2.680886272000000000e+10,7.169793720320000000e+11,5.465441703796386719e+00
6.080000000000000000e+02,9.220000000000000000e+02,1.708949667391885541e+01,1.716929178792375721e-01,9.600000000000000000e+01,1.947561779200000000e+10,6.610042224640000000e+11,7.008498907089233398e-01
1.611000000000000000e+03,2.954000000000000000e+03,7.013710633021720753e+01,1.739130434782608647e-01,5.100000000000000000e+01,3.191295590400000000e+10,8.522985635840000000e+11,3.693249225616455078e+00
1.976000000000000000e+03,1.514000000000000000e+03,2.637407850660553166e+01,1.176470588235294101e-01,6.700000000000000000e+01,1.700488294400000000e+10,3.988162478080000000e+11,1.022485494613647461e+00
3.271000000000000000e+03,2.771000000000000000e+03,1.903571334881993948e+01,5.892556509887896671e-02,4.100000000000000000e+01,2.046601625600000000e+10,1.033987227648000000e+12,3.614742457866668701e-01
3.627000000000000000e+03,3.403000000000000000e+03,3.304226877368417803e+01,1.016394535227177209e-01,5.500000000000000000e+01,2.626351104000000000e+10,8.398834892800000000e+11,2.084592580795288086e+00
1.815000000000000000e+03,1.768000000000000000e+03,1.580486107519957955e+02,7.692307692307692735e-02,3.630000000000000000e+02,1.110215040000000000e+09,1.638658539520000000e+11,3.112209439277648926e-01
1.614000000000000000e+03,2.961000000000000000e+03,6.086627647510647421e+01,1.844626385704036808e-01,5.100000000000000000e+01,3.191295590400000000e+10,8.522985635840000000e+11,3.693249225616455078e+00
3.296000000000000000e+03,1.556000000000000000e+03,7.252622607543982269e+01,2.000000000000000111e-01,9.000000000000000000e+01,1.548399206400000000e+10,6.150358302720000000e+11,1.962381601333618164e+00
9.170000000000000000e+02,3.895000000000000000e+03,4.108769602183340197e+01,1.285648693066450132e-01,3.800000000000000000e+02,5.227850880000000000e+08,1.126026526720000000e+11,1.442231535911560059e-01
1.567000000000000000e+03,2.423000000000000000e+03,1.167740493088638942e+02,1.346870059402947850e-01,7.300000000000000000e+01,1.521108377600000000e+10,7.037344808960000000e+11,2.304742574691772461e+00
3.582000000000000000e+03,4.050000000000000000e+02,2.319085019253255453e+01,9.090909090909091161e-02,5.110000000000000000e+02,7.604030080000000000e+08,9.137700044800000000e+10,1.333570629358291626e-01
5.190000000000000000e+02,1.728000000000000000e+03,3.423061562392098978e+01,1.581138830084189706e-01,8.200000000000000000e+01,1.431748198400000000e+10,5.760375193600000000e+11,7.581126093864440918e-01
3.591000000000000000e+03,1.173000000000000000e+03,1.764181737463929878e+01,1.851851851851851749e-01,7.000000000000000000e+00,9.380154572800000000e+10,1.533485776896000000e+12,6.129750728607177734e+00
2.882000000000000000e+03,3.528000000000000000e+03,1.809083402557429920e+01,1.317615691736824801e-01,3.900000000000000000e+01,1.933491814400000000e+10,1.077381758976000000e+12,1.537795662879943848e-01
1.406000000000000000e+03,1.438000000000000000e+03,3.994213295775397654e+01,1.720052290384453675e-01,3.350000000000000000e+02,6.096213120000000000e+08,1.658991247360000000e+11,7.810989022254943848e-02
1.625000000000000000e+03,1.003000000000000000e+03,1.829204575494454588e+01,1.285648693066450132e-01,4.830000000000000000e+02,1.266737664000000000e+09,8.850531942400000000e+10,1.379862576723098755e-01
3.287000000000000000e+03,1.288000000000000000e+03,1.081507630878111428e+02,6.250000000000000000e-02,1.770000000000000000e+02,3.483326720000000000e+09,3.253457387520000000e+11,3.288544416427612305e-01
1.765000000000000000e+03,1.274000000000000000e+03,2.465173437344629193e+01,1.571348402636772446e-01,1.610000000000000000e+02,7.484448768000000000e+09,4.207674654720000000e+11,1.975223869085311890e-01
2.862000000000000000e+03,1.457000000000000000e+03,4.226920179148075363e+01,7.692307692307692735e-02,3.310000000000000000e+02,1.269820288000000000e+09,1.549701447680000000e+11,3.186146616935729980e-01
3.450000000000000000e+03,1.219000000000000000e+03,2.049915530178364165e+01,1.860163329510811370e-01,5.900000000000000000e+01,1.250927923200000000e+10,3.361745141760000000e+11,9.381470084190368652e-01
1.190000000000000000e+02,2.328000000000000000e+03,3.793771779961263491e+01,1.442220510185595606e-01,2.300000000000000000e+01,3.876257382400000000e+10,1.158851198976000000e+12,9.720131754875183105e-01
3.111000000000000000e+03,3.664000000000000000e+03,8.106140766960737665e+01,1.597191412499849861e-01,1.980000000000000000e+02,5.407420416000000000e+09,2.214027591680000000e+11,9.601025581359863281e-01
2.418000000000000000e+03,2.382000000000000000e+03,4.241803857876715966e+01,1.863389981249824745e-01,3.600000000000000000e+02,4.854508160000000000e+08,1.191350026240000000e+11,9.310474246740341187e-02
8.390000000000000000e+02,4.320000000000000000e+02,2.881007008929007043e+02,9.090909090909091161e-02,7.200000000000000000e+01,2.465830912000000000e+10,7.708183101440000000e+11,4.504816055297851562e+00
2.180000000000000000e+02,2.137000000000000000e+03,1.430944413056627162e+01,1.818181818181818232e-01,4.610000000000000000e+02,4.170769600000000000e+08,1.028115415040000000e+11,1.044431626796722412e-01
3.220000000000000000e+03,9.890000000000000000e+02,3.498301601785656345e+01,1.428571428571428492e-01,9.500000000000000000e+01,2.260675584000000000e+10,6.546320916480000000e+11,8.015154600143432617e-01
3.046000000000000000e+03,3.645000000000000000e+03,1.145270898536210069e+01,1.285648693066450132e-01,4.790000000000000000e+02,3.840607040000000000e+08,1.061354209280000000e+11,1.291057467460632324e-01
3.698000000000000000e+03,3.724000000000000000e+03,1.516594557456733128e+01,1.315334104411640948e-01,1.940000000000000000e+02,6.918756864000000000e+09,3.508476968960000000e+11,4.071498811244964600e-01
3.284000000000000000e+03,3.290000000000000000e+03,2.855774916313641825e+02,6.060606060606060774e-02,5.000000000000000000e+00,5.707350016000000000e+10,2.649217302528000000e+12,1.466975212097167969e+00
3.616000000000000000e+03,3.969000000000000000e+03,3.797580590311668658e+01,6.148754619013457184e-02,6.600000000000000000e+01,3.083681792000000000e+10,8.879675801600000000e+11,1.502096533775329590e+00
2.237000000000000000e+03,2.161000000000000000e+03,1.439373506309988215e+01,1.664356663246515655e-01,1.190000000000000000e+02,1.317935820800000000e+10,5.372063252480000000e+11,2.801064588129520416e-02
7.330000000000000000e+02,2.779000000000000000e+03,1.226215705242443832e+01,1.792654619833765339e-01,5.600000000000000000e+01,3.235718963200000000e+10,9.154533130240000000e+11,4.128287360072135925e-02
9.620000000000000000e+02,2.624000000000000000e+03,7.254230701925888525e+01,2.000000000000000111e-01,9.300000000000000000e+01,9.273953280000000000e+09,5.918494556160000000e+11,1.251332402229309082e+00
3.802000000000000000e+03,1.815000000000000000e+03,4.338498660258137107e+01,8.333333333333332871e-02,2.150000000000000000e+02,2.387859200000000000e+09,1.421193871360000000e+11,6.492154002189636230e-01
3.692000000000000000e+03,1.620000000000000000e+02,1.441649488552854450e+02,6.734350297014739251e-02,7.500000000000000000e+01,2.454544179200000000e+10,6.556142141440000000e+11,2.213511466979980469e+00
2.025000000000000000e+03,3.376000000000000000e+03,6.892853751079053382e+01,1.578947368421052544e-01,1.020000000000000000e+02,7.167281664000000000e+09,4.982148956160000000e+11,1.543027639389038086e+00
4.340000000000000000e+02,1.763000000000000000e+03,3.006997972418044895e+01,7.142857142857142461e-02,3.370000000000000000e+02,1.867921792000000000e+09,2.029886668800000000e+11,5.853841900825500488e-01
3.101000000000000000e+03,3.181000000000000000e+03,3.648133775990832106e+01,1.087856586440842377e-01,1.340000000000000000e+02,2.217295616000000000e+09,1.731536650240000000e+11,6.493409276008605957e-01
3.020000000000000000e+03,3.273000000000000000e+03,2.023342297858678052e+01,1.034482758620689641e-01,2.000000000000000000e+01,4.071325696000000000e+10,1.826836054016000000e+12,6.263589262962341309e-01
1.833000000000000000e+03,8.800000000000000000e+02,3.185780178566410825e+01,1.333333333333333315e-01,2.130000000000000000e+02,5.969742848000000000e+09,2.418833326080000000e+11,5.127511620521545410e-01
1.715000000000000000e+03,3.117000000000000000e+03,8.469026946248215282e+00,1.285648693066450132e-01,4.770000000000000000e+02,5.246966400000000000e+08,1.110055485440000000e+11,2.032410353422164917e-01
2.765000000000000000e+03,3.691000000000000000e+03,1.615614275000384481e+01,1.490711984999859852e-01,8.500000000000000000e+01,2.716291328000000000e+09,2.292095713280000000e+11,6.104024648666381836e-01
3.202000000000000000e+03,3.805000000000000000e+03,1.425590500902080571e+01,1.792654619833765339e-01,5.400000000000000000e+01,2.519146700800000000e+10,8.874719313920000000e+11,2.497666776180267334e-01
3.040000000000000000e+03,2.114000000000000000e+03,1.936283136798569515e+01,1.178511301977579334e-01,2.250000000000000000e+02,1.045512128000000000e+09,1.299353436160000000e+11,1.811029165983200073e-01
8.870000000000000000e+02,1.434000000000000000e+03,1.066183698267984141e+02,1.250000000000000000e-01,1.230000000000000000e+02,2.147000576000000000e+09,3.132934717440000000e+11,1.244235396385192871e+00
5.530000000000000000e+02,6.160000000000000000e+02,3.488355033636408820e+01,9.090909090909091161e-02,4.370000000000000000e+02,6.290903040000000000e+08,8.869200691200000000e+10,1.383272260427474976e-01
2.259000000000000000e+03,1.125000000000000000e+03,8.450364005112721344e+00,1.720052290384453675e-01,2.800000000000000000e+01,4.360073216000000000e+10,1.367401955328000000e+12,4.216426908969879150e-01
3.161000000000000000e+03,2.942000000000000000e+03,2.752203449510212252e+01,1.720052290384453675e-01,3.210000000000000000e+02,1.336870656000000000e+09,1.717944975360000000e+11,3.042835891246795654e-01
2.910000000000000000e+02,2.177000000000000000e+03,3.233939560149330816e+01,1.863389981249824745e-01,3.700000000000000000e+02,9.059478400000000000e+08,1.314143109120000000e+11,1.477978825569152832e-01
3.068000000000000000e+03,3.151000000000000000e+03,6.154309906874279079e+01,1.860163329510811370e-01,1.460000000000000000e+02,7.562950656000000000e+09,3.855246950400000000e+11,1.378396868705749512e+00
2.921000000000000000e+03,3.600000000000000000e+02,4.659472423318274537e+01,1.490711984999859852e-01,2.470000000000000000e+02,2.639703552000000000e+09,2.397348495360000000e+11,8.896604180335998535e-01
3.771000000000000000e+03,1.957000000000000000e+03,1.318310007793473062e+02,9.428090415820634951e-02,2.390000000000000000e+02,3.774906624000000000e+09,2.424068341760000000e+11,8.290513157844543457e-01
7.390000000000000000e+02,1.106000000000000000e+03,1.083586982481868333e+01,1.242259987499883256e-01,1.430000000000000000e+02,4.983443456000000000e+09,4.042203791360000000e+11,1.947730064392089844e+00
3.590000000000000000e+03,1.165000000000000000e+03,1.546170257609804644e+01,1.656346649999844434e-01,7.000000000000000000e+00,9.380154572800000000e+10,1.533485776896000000e+12,6.129750728607177734e+00
5.380000000000000000e+02,3.598000000000000000e+03,1.809680563426877598e+01,1.818181818181818232e-01,4.940000000000000000e+02,4.636619520000000000e+08,1.034091560960000000e+11,8.862871676683425903e-02
2.739000000000000000e+03,1.331000000000000000e+03,1.416768515328395779e+02,1.250000000000000000e-01,1.760000000000000000e+02,4.940628480000000000e+09,3.123316326400000000e+11,9.549114704132080078e-01
2.405000000000000000e+03,1.309000000000000000e+03,2.980016758261203336e+01,5.237828008789241485e-02,2.200000000000000000e+01,5.448031846400000000e+10,1.445857329152000000e+12,2.244370937347412109e+00
3.876000000000000000e+03,5.330000000000000000e+02,3.268710654675833638e+01,1.315334104411640948e-01,1.630000000000000000e+02,6.503384064000000000e+09,3.622422118400000000e+11,4.421492815017700195e-01
3.022000000000000000e+03,3.276000000000000000e+03,1.871454213497290908e+01,1.090440572471854941e-01,2.000000000000000000e+01,4.071325696000000000e+10,1.826836054016000000e+12,6.263589262962341309e-01
3.182000000000000000e+03,3.607000000000000000e+03,3.697058913151635551e+01,1.428571428571428492e-01,2.160000000000000000e+02,1.697669632000000000e+09,2.234225950720000000e+11,3.313867747783660889e-01
2.246000000000000000e+03,3.794000000000000000e+03,2.572663482345281238e+01,1.567630989332169100e-01,6.900000000000000000e+01,4.348610969600000000e+10,9.070498283520000000e+11,7.620597723871469498e-03
3.223000000000000000e+03,2.250000000000000000e+03,1.986980653606273961e+02,9.523809523809523281e-02,3.400000000000000000e+01,1.937896243200000000e+10,6.661144576000000000e+11,4.488957405090332031e+00
6.000000000000000000e+02,3.808000000000000000e+03,1.131898048372455889e+02,0.000000000000000000e+00,2.750000000000000000e+02,6.647526400000000000e+08,1.446956236800000000e+11,1.535936892032623291e-01
3.097000000000000000e+03,1.071000000000000000e+03,2.348684422218724421e+01,9.090909090909091161e-02,7.700000000000000000e+01,2.013876428800000000e+10,8.125853204480000000e+11,1.798575818538665771e-01
3.410000000000000000e+03,9.810000000000000000e+02,2.783349472746920483e+01,1.010152544552210818e-01,2.510000000000000000e+02,1.090851072000000000e+09,2.225137090560000000e+11,1.425269693136215210e-01
1.289000000000000000e+03,1.805000000000000000e+03,3.078690228760200043e+01,1.264911064067351931e-01,5.000000000000000000e+01,3.057143193600000000e+10,1.127562608640000000e+12,2.546044588088989258e+00
2.515000000000000000e+03,1.012000000000000000e+03,2.017334151244574514e+01,1.379310344827586188e-01,1.900000000000000000e+01,4.698338508800000000e+10,1.740785844224000000e+12,5.655762553215026855e-01
3.940000000000000000e+02,1.350000000000000000e+03,1.542338993970382610e+01,1.242259987499883256e-01,1.000000000000000000e+00,9.809676697600000000e+10,3.612387573760000000e+12,1.521267175674438477e+00
3.163000000000000000e+03,8.950000000000000000e+02,1.221991818508248784e+01,1.414213562373095034e-01,1.090000000000000000e+02,2.272710860800000000e+10,6.351597731840000000e+11,0.000000000000000000e+00
3.083000000000000000e+03,2.416000000000000000e+03,2.969837094941172140e+01,1.437398936440172637e-01,2.400000000000000000e+01,3.329379942400000000e+10,8.096457687040000000e+11,7.204747200012207031e-01
9.090000000000000000e+02,2.425000000000000000e+03,2.949892724707462932e+01,1.538461538461538547e-01,3.690000000000000000e+02,4.192522560000000000e+08,1.647944499200000000e+11,3.937453776597976685e-02
2.974000000000000000e+03,3.700000000000000000e+01,1.762900518213541901e+01,1.585809856006792640e-01,2.900000000000000000e+01,3.051142758400000000e+10,1.378565881856000000e+12,1.916203647851943970e-02
3.660000000000000000e+03,4.540000000000000000e+02,1.471370929963199359e+01,7.071067811865475172e-02,1.080000000000000000e+02,2.184303411200000000e+10,6.355629506560000000e+11,4.387347102165222168e-01
1.660000000000000000e+03,1.087000000000000000e+03,3.978537139716370774e+01,1.875000000000000000e-01,1.640000000000000000e+02,5.659436544000000000e+09,3.017778790400000000e+11,7.089489698410034180e-01
1.510000000000000000e+02,1.417000000000000000e+03,2.524062909116801023e+01,1.860163329510811370e-01,1.380000000000000000e+02,7.502512640000000000e+09,3.607066378240000000e+11,8.586055040359497070e-02
1.810000000000000000e+02,2.695000000000000000e+03,3.790267126121685237e+01,1.897658566033678385e-01,1.100000000000000000e+02,1.130036121600000000e+10,4.833563115520000000e+11,1.303891420364379883e+00
3.615000000000000000e+03,3.969000000000000000e+03,1.058206240697432037e+02,9.722034684781695468e-02,6.600000000000000000e+01,3.083681792000000000e+10,8.879675801600000000e+11,1.502096533775329590e+00
2.652000000000000000e+03,2.873000000000000000e+03,1.171218110679410529e+01,1.428571428571428492e-01,8.800000000000000000e+01,1.554958643200000000e+10,7.107728506880000000e+11,2.068511694669723511e-01
3.893000000000000000e+03,5.810000000000000000e+02,2.134398213473729911e+01,1.010152544552210818e-01,2.010000000000000000e+02,2.204576000000000000e+09,1.963535564800000000e+11,1.007424712181091309e+00
6.480000000000000000e+02,8.290000000000000000e+02,2.077370805237342211e+01,5.656854249492380277e-02,1.700000000000000000e+01,5.011012403200000000e+10,1.201295589376000000e+12,1.027397990226745605e+00
7.540000000000000000e+02,2.824000000000000000e+03,1.767713690226547740e+01,1.010152544552210818e-01,2.860000000000000000e+02,2.467872256000000000e+09,2.249883156480000000e+11,3.860072791576385498e-01
9.250000000000000000e+02,5.300000000000000000e+01,2.582904751811339139e+01,0.000000000000000000e+00,0.000000000000000000e+00,6.256252108800000000e+10,5.017748635648000000e+12,4.946801960468292236e-01
6.520000000000000000e+02,1.191000000000000000e+03,3.826900751463757189e+01,2.000000000000000111e-01,1.720000000000000000e+02,5.409788928000000000e+09,2.377434234880000000e+11,1.193508505821228027e+00
1.711000000000000000e+03,2.004000000000000000e+03,2.180473317996661464e+01,1.087856586440842377e-01,3.760000000000000000e+02,9.890255360000000000e+08,1.469101342720000000e+11,1.486576050519943237e-01
1.273000000000000000e+03,1.600000000000000000e+01,8.269808804112685152e+00,2.000000000000000111e-01,4.780000000000000000e+02,4.095452800000000000e+08,8.486140313600000000e+10,8.719237893819808960e-02
2.642000000000000000e+03,2.683000000000000000e+03,2.632738643586060689e+01,9.316949906249123725e-02,6.500000000000000000e+01,1.665853132800000000e+10,1.051559329792000000e+12,3.637619912624359131e-01
9.900000000000000000e+01,1.326000000000000000e+03,9.846961502588536064e+01,1.178511301977579334e-01,4.500000000000000000e+01,2.534583910400000000e+10,1.017070354432000000e+12,1.962765812873840332e+00
6.120000000000000000e+02,2.591000000000000000e+03,6.231742301687027208e+01,1.386750490563072868e-01,3.300000000000000000e+01,3.162380492800000000e+10,1.302926065664000000e+12,2.007309532165527344e+01
3.694000000000000000e+03,1.382000000000000000e+03,1.603610541711240955e+01,1.860163329510811370e-01,1.670000000000000000e+02,7.098905088000000000e+09,3.708694036480000000e+11,3.250155225396156311e-02
1.023000000000000000e+03,9.160000000000000000e+02,3.890743310500410246e+01,0.000000000000000000e+00,4.360000000000000000e+02,7.270547200000000000e+08,1.019528478720000000e+11,1.557354480028152466e-01
2.910000000000000000e+02,1.186000000000000000e+03,3.056010681655143557e+01,1.597191412499849861e-01,2.310000000000000000e+02,2.268468736000000000e+09,2.214728335360000000e+11,4.646080732345581055e-01
3.090000000000000000e+03,3.617000000000000000e+03,7.069356505797941281e+01,7.985957062499249304e-02,2.500000000000000000e+01,4.075406131200000000e+10,1.594271465472000000e+12,3.982214033603668213e-01
2.386000000000000000e+03,1.750000000000000000e+03,1.605616814064299263e+02,1.571348402636772446e-01,1.270000000000000000e+02,7.644780544000000000e+09,4.254506352640000000e+11,3.315616548061370850e-01
2.086000000000000000e+03,4.770000000000000000e+02,2.060117968691741552e+01,7.142857142857142461e-02,2.350000000000000000e+02,2.742836224000000000e+09,2.052629954560000000e+11,5.753920674324035645e-01
5.740000000000000000e+02,3.371000000000000000e+03,1.823682605197143047e+01,1.087856586440842377e-01,3.610000000000000000e+02,1.879146368000000000e+09,1.646172241920000000e+11,5.032388567924499512e-01
3.694000000000000000e+03,1.378000000000000000e+03,2.754386120914846714e+01,8.318903308077030267e-02,1.670000000000000000e+02,7.098905088000000000e+09,3.708694036480000000e+11,3.250155225396156311e-02
3.370000000000000000e+02,1.474000000000000000e+03,1.679250179980301283e+01,1.414213562373095034e-01,1.300000000000000000e+01,4.897171865600000000e+10,2.033823121408000000e+12,2.753273546695709229e-01
3.275000000000000000e+03,1.107000000000000000e+03,4.074691880567463897e+01,1.490711984999859852e-01,2.100000000000000000e+02,3.701318912000000000e+09,2.652073000960000000e+11,6.421301364898681641e-01
2.358000000000000000e+03,2.653000000000000000e+03,3.268579752942650885e+01,1.666666666666666574e-01,4.040000000000000000e+02,7.253898880000000000e+08,1.196070666240000000e+11,1.140825897455215454e-01
2.421000000000000000e+03,2.629000000000000000e+03,3.205176574134915768e+01,1.285648693066450132e-01,5.030000000000000000e+02,1.350065920000000000e+09,8.923387494400000000e+10,8.502116799354553223e-02
3.691000000000000000e+03,1.640000000000000000e+02,4.110176415181962994e+01,1.716929178792375721e-01,7.500000000000000000e+01,2.454544179200000000e+10,6.556142141440000000e+11,2.213511466979980469e+00
3.190000000000000000e+02,2.066000000000000000e+03,8.400157584190495186e+01,6.666666666666666574e-02,2.260000000000000000e+02,2.218577408000000000e+09,2.480921804800000000e+11,9.293220639228820801e-01
9.650000000000000000e+02,2.622000000000000000e+03,7.421986558033950132e+01,1.118033988749894958e-01,9.300000000000000000e+01,9.273953280000000000e+09,5.918494556160000000e+11,1.251332402229309082e+00
2.566000000000000000e+03,3.096000000000000000e+03,3.636161790891891599e+01,1.976423537605237202e-01,1.500000000000000000e+02,5.776248832000000000e+09,3.312523673600000000e+11,1.032350182533264160e+00
2.419000000000000000e+03,2.630000000000000000e+03,6.628580038821006326e+01,9.090909090909091161e-02,5.030000000000000000e+02,1.350065920000000000e+09,8.923387494400000000e+10,8.502116799354553223e-02
2.461000000000000000e+03,3.123000000000000000e+03,2.206107462820209619e+01,1.129384878631564115e-01,1.500000000000000000e+01,7.138964275200000000e+10,1.710274510848000000e+12,2.411046743392944336e+00
3.075000000000000000e+03,3.264000000000000000e+03,2.726680083773841545e+01,1.767766952966368932e-01,1.480000000000000000e+02,6.348352512000000000e+09,2.819244032000000000e+11,5.622847080230712891e-01
1.291000000000000000e+03,1.799000000000000000e+03,2.733005488705849118e+01,1.697056274847713875e-01,5.000000000000000000e+01,3.057143193600000000e+10,1.127562608640000000e+12,2.546044588088989258e+00
3.662000000000000000e+03,4.560000000000000000e+02,1.059810809986124092e+01,1.581138830084189706e-01,1.080000000000000000e+02,2.184303411200000000e+10,6.355629506560000000e+11,4.387347102165222168e-01
2.741000000000000000e+03,1.335000000000000000e+03,3.289652326187160725e+01,1.767766952966368932e-01,1.760000000000000000e+02,4.940628480000000000e+09,3.123316326400000000e+11,9.549114704132080078e-01
3.616000000000000000e+03,3.964000000000000000e+03,2.005546648209058347e+01,1.792654619833765339e-01,6.600000000000000000e+01,3.083681792000000000e+10,8.879675801600000000e+11,1.502096533775329590e+00
3.974000000000000000e+03,2.424000000000000000e+03,1.814697132337564867e+01,1.649242250247064112e-01,1.100000000000000000e+01,8.969981952000000000e+10,1.230720466944000000e+12,1.840681076049804688e+00
1.141000000000000000e+03,3.903000000000000000e+03,5.057018192546460966e+01,1.490711984999859852e-01,6.000000000000000000e+00,3.639146905600000000e+10,2.032646619136000000e+12,2.737049102783203125e+00
3.990000000000000000e+02,1.357000000000000000e+03,1.103292443242185428e+01,1.416394309331329149e-01,1.000000000000000000e+00,9.809676697600000000e+10,3.612387573760000000e+12,1.521267175674438477e+00
5.770000000000000000e+02,8.100000000000000000e+02,3.670974422973561246e+01,1.885618083164126990e-01,1.750000000000000000e+02,3.009767936000000000e+09,2.583236935680000000e+11,8.106874227523803711e-01
3.224000000000000000e+03,9.910000000000000000e+02,3.359928454708539647e+01,1.064794274999899953e-01,9.500000000000000000e+01,2.260675584000000000e+10,6.546320916480000000e+11,8.015154600143432617e-01
3.620000000000000000e+03,3.965000000000000000e+03,2.626673172083195595e+01,1.844626385704036808e-01,6.600000000000000000e+01,3.083681792000000000e+10,8.879675801600000000e+11,1.502096533775329590e+00
2.806000000000000000e+03,3.044000000000000000e+03,5.893854330815275233e+01,2.000000000000000111e-01,7.100000000000000000e+01,1.286694195200000000e+10,6.331708866560000000e+11,2.597814559936523438e+00
7.280000000000000000e+02,2.775000000000000000e+03,1.195805913789980401e+01,1.739130434782608647e-01,5.600000000000000000e+01,3.235718963200000000e+10,9.154533130240000000e+11,4.128287360072135925e-02
2.186000000000000000e+03,3.466000000000000000e+03,2.487033625452686181e+01,1.285648693066450132e-01,4.300000000000000000e+02,7.192797440000000000e+08,1.131073208320000000e+11,1.098015084862709045e-01
1.622000000000000000e+03,6.300000000000000000e+01,5.255777311106810146e+01,1.242259987499883256e-01,1.520000000000000000e+02,6.782518272000000000e+09,4.246518824960000000e+11,2.314141094684600830e-01
6.900000000000000000e+01,3.765000000000000000e+03,1.794163357329894737e+01,1.764705882352941291e-01,1.730000000000000000e+02,7.743961088000000000e+09,3.678486200320000000e+11,5.720635876059532166e-02
8.870000000000000000e+02,1.433000000000000000e+03,1.392639660355121407e+02,1.397542485937368628e-01,1.230000000000000000e+02,2.147000576000000000e+09,3.132934717440000000e+11,1.244235396385192871e+00
1.056000000000000000e+03,1.260000000000000000e+02,1.507101689110530884e+01,1.597191412499849861e-01,1.210000000000000000e+02,6.538542080000000000e+09,2.013881630720000000e+11,1.843194127082824707e+00
2.882000000000000000e+03,3.534000000000000000e+03,1.141672394281755309e+01,1.317615691736824801e-01,3.900000000000000000e+01,1.933491814400000000e+10,1.077381758976000000e+12,1.537795662879943848e-01
2.728000000000000000e+03,3.700000000000000000e+02,6.593819000211755110e+01,7.142857142857142461e-02,2.540000000000000000e+02,1.433508864000000000e+09,2.014486691840000000e+11,7.833730578422546387e-01
3.592000000000000000e+03,1.168000000000000000e+03,1.633184323043891695e+01,1.527076157636170495e-01,7.000000000000000000e+00,9.380154572800000000e+10,1.533485776896000000e+12,6.129750728607177734e+00
1.562000000000000000e+03,2.420000000000000000e+03,1.062377881394681225e+02,1.505846504842085487e-01,7.300000000000000000e+01,1.521108377600000000e+10,7.037344808960000000e+11,2.304742574691772461e+00
1.601000000000000000e+03,2.132000000000000000e+03,2.483905783753476726e+01,1.428571428571428492e-01,3.200000000000000000e+01,3.833240780800000000e+10,6.712152555520000000e+11,1.721168041229248047e+00
2.518000000000000000e+03,1.014000000000000000e+03,4.007702745087105711e+01,7.710579232757895640e-02,1.900000000000000000e+01,4.698338508800000000e+10,1.740785844224000000e+12,5.655762553215026855e-01
2.030000000000000000e+02,3.680000000000000000e+02,8.058916084620356912e+01,1.756820922315766309e-01,1.660000000000000000e+02,4.560578048000000000e+09,4.044796723200000000e+11,1.807749032974243164e+00
2.682000000000000000e+03,3.219000000000000000e+03,5.506576784986366135e+01,1.490711984999859852e-01,1.910000000000000000e+02,3.331605504000000000e+09,2.606805483520000000e+11,1.485942959785461426e+00
9.300000000000000000e+02,5.300000000000000000e+01,1.468648020668802268e+01,1.219512195121951192e-01,0.000000000000000000e+00,6.256252108800000000e+10,5.017748635648000000e+12,4.946801960468292236e-01
1.930000000000000000e+03,3.886000000000000000e+03,3.641716299680922475e+01,1.792654619833765339e-01,4.200000000000000000e+01,3.713277542400000000e+10,9.399391354880000000e+11,8.075914978981018066e-01
1.602000000000000000e+03,2.132000000000000000e+03,2.265000140496902148e+01,1.505846504842085487e-01,3.200000000000000000e+01,3.833240780800000000e+10,6.712152555520000000e+11,1.721168041229248047e+00
1.815000000000000000e+03,1.769000000000000000e+03,2.679247145755313042e+01,1.087856586440842377e-01,3.630000000000000000e+02,1.110215040000000000e+09,1.638658539520000000e+11,3.112209439277648926e-01
9.660000000000000000e+02,2.620000000000000000e+03,4.006622282360222442e+01,2.000000000000000111e-01,9.300000000000000000e+01,9.273953280000000000e+09,5.918494556160000000e+11,1.251332402229309082e+00
3.871000000000000000e+03,1.988000000000000000e+03,6.170635791478193255e+01,1.928473039599674921e-01,1.000000000000000000e+01,3.875450880000000000e+10,7.929460817920000000e+11,4.334609508514404297e+00
3.291000000000000000e+03,1.289000000000000000e+03,1.892750435271407383e+01,1.976423537605237202e-01,1.770000000000000000e+02,3.483326720000000000e+09,3.253457387520000000e+11,3.288544416427612305e-01
3.892000000000000000e+03,5.810000000000000000e+02,2.088348142627846116e+01,7.142857142857142461e-02,2.010000000000000000e+02,2.204576000000000000e+09,1.963535564800000000e+11,1.007424712181091309e+00
3.796000000000000000e+03,3.381000000000000000e+03,9.756412883027387295e+00,7.071067811865475172e-02,1.030000000000000000e+02,1.480291532800000000e+10,6.178978529280000000e+11,1.145902797579765320e-01
3.269000000000000000e+03,1.569000000000000000e+03,2.272100167639250401e+01,1.010152544552210818e-01,3.040000000000000000e+02,1.364470144000000000e+09,1.844859043840000000e+11,2.695780396461486816e-01
1.532000000000000000e+03,3.576000000000000000e+03,1.802926996322709030e+01,1.818181818181818232e-01,4.480000000000000000e+02,3.679502720000000000e+08,1.010303385600000000e+11,1.344575881958007812e-01
9.210000000000000000e+02,4.800000000000000000e+01,1.977196541712179467e+01,1.561737618886060719e-01,0.000000000000000000e+00,6.256252108800000000e+10,5.017748635648000000e+12,4.946801960468292236e-01
3.156000000000000000e+03,3.947000000000000000e+03,1.895295235870118589e+01,1.397542485937368628e-01,1.990000000000000000e+02,1.138293248000000000e+09,3.060843479040000000e+11,4.941779673099517822e-01
1.778000000000000000e+03,3.106000000000000000e+03,2.921177596797190645e+01,1.000000000000000056e-01,5.310000000000000000e+02,5.921280000000000000e+08,7.195130265600000000e+10,1.271761953830718994e-01
1.663000000000000000e+03,1.086000000000000000e+03,1.665473156557595473e+02,6.250000000000000000e-02,1.640000000000000000e+02,5.659436544000000000e+09,3.017778790400000000e+11,7.089489698410034180e-01
1.275000000000000000e+03,3.929000000000000000e+03,6.334404242702549759e+00,1.216260638526299870e-01,4.700000000000000000e+01,2.999850598400000000e+10,1.287392722944000000e+12,2.840396203100681305e-02
2.562000000000000000e+03,3.100000000000000000e+03,3.443195043600353245e+01,1.976423537605237202e-01,1.500000000000000000e+02,5.776248832000000000e+09,3.312523673600000000e+11,1.032350182533264160e+00
3.045000000000000000e+03,3.642000000000000000e+03,2.191723406343520963e+01,1.818181818181818232e-01,4.790000000000000000e+02,3.840607040000000000e+08,1.061354209280000000e+11,1.291057467460632324e-01
3.046000000000000000e+03,3.398000000000000000e+03,2.456118520390345594e+01,1.317615691736824801e-01,4.900000000000000000e+01,3.686430310400000000e+10,1.007178809344000000e+12,2.341371476650238037e-01
3.282000000000000000e+03,3.297000000000000000e+03,2.228169180756021461e+01,1.631868123374091983e-01,5.000000000000000000e+00,5.707350016000000000e+10,2.649217302528000000e+12,1.466975212097167969e+00
2.005000000000000000e+03,3.986000000000000000e+03,2.406496311133104626e+01,9.090909090909091161e-02,3.800000000000000000e+01,2.210399436800000000e+10,8.084941701120000000e+11,5.884984731674194336e-01
3.617000000000000000e+03,3.972000000000000000e+03,1.694914790330754428e+01,1.739130434782608647e-01,6.600000000000000000e+01,3.083681792000000000e+10,8.879675801600000000e+11,1.502096533775329590e+00
1.132000000000000000e+03,8.680000000000000000e+02,2.478479132982375788e+01,1.976423537605237202e-01,1.850000000000000000e+02,7.707054592000000000e+09,2.947731947520000000e+11,4.469096362590789795e-01
3.970000000000000000e+02,1.351000000000000000e+03,1.651496275091056418e+02,3.928371006591931114e-02,1.000000000000000000e+00,9.809676697600000000e+10,3.612387573760000000e+12,1.521267175674438477e+00
2.245000000000000000e+03,3.790000000000000000e+03,3.202835426619029136e+01,1.229750923802691437e-01,6.900000000000000000e+01,4.348610969600000000e+10,9.070498283520000000e+11,7.620597723871469498e-03
1.070000000000000000e+03,3.230000000000000000e+02,4.625272804393758008e+01,1.767766952966368932e-01,1.950000000000000000e+02,7.304026624000000000e+09,2.994953256960000000e+11,1.573765158653259277e+00
3.668000000000000000e+03,2.366000000000000000e+03,4.119080715605225151e+01,1.285648693066450132e-01,3.190000000000000000e+02,1.109675008000000000e+09,1.021182033920000000e+11,3.329687714576721191e-01
2.519000000000000000e+03,7.530000000000000000e+02,4.516548135694603161e+01,1.666666666666666574e-01,3.640000000000000000e+02,4.016161600000000000e+08,1.224422850560000000e+11,2.357449196279048920e-02
1.625000000000000000e+03,6.400000000000000000e+01,1.906450384787480345e+01,1.242259987499883256e-01,1.520000000000000000e+02,6.782518272000000000e+09,4.246518824960000000e+11,2.314141094684600830e-01
3.224000000000000000e+03,2.249000000000000000e+03,4.479586178971655386e+01,1.505846504842085487e-01,3.400000000000000000e+01,1.937896243200000000e+10,6.661144576000000000e+11,4.488957405090332031e+00
3.462000000000000000e+03,2.278000000000000000e+03,1.257892863852931775e+01,1.111111111111111049e-01,5.520000000000000000e+02,5.936934400000000000e+08,5.287318732800000000e+10,1.931952126324176788e-02
9.170000000000000000e+02,3.896000000000000000e+03,3.030442924704767549e+01,9.090909090909091161e-02,3.800000000000000000e+02,5.227850880000000000e+08,1.126026526720000000e+11,1.442231535911560059e-01
3.799000000000000000e+03,3.377000000000000000e+03,8.694385967681371952e+00,1.802775637731994507e-01,1.030000000000000000e+02,1.480291532800000000e+10,6.178978529280000000e+11,1.145902797579765320e-01
2.160000000000000000e+03,1.110000000000000000e+02,1.550591192168781696e+01,1.229750923802691437e-01,6.300000000000000000e+01,2.905395609600000000e+10,9.190184058880000000e+11,6.639138460159301758e-01
2.561000000000000000e+03,2.634000000000000000e+03,1.654318009148513795e+02,1.111111111111111049e-01,4.560000000000000000e+02,4.365246720000000000e+08,5.171858227200000000e+10,5.323048681020736694e-02
7.710000000000000000e+02,2.424000000000000000e+03,5.093888996420860593e+01,7.142857142857142461e-02,3.050000000000000000e+02,5.268018688000000000e+09,1.916077998080000000e+11,1.323084235191345215e-01
2.090000000000000000e+02,2.402000000000000000e+03,2.940000901641852593e+01,1.818181818181818232e-01,4.690000000000000000e+02,3.174883200000000000e+08,9.633148108800000000e+10,7.158766686916351318e-02
2.808000000000000000e+03,3.045000000000000000e+03,6.280585671088378064e+01,1.802775637731994507e-01,7.100000000000000000e+01,1.286694195200000000e+10,6.331708866560000000e+11,2.597814559936523438e+00
3.220000000000000000e+03,2.248000000000000000e+03,6.899689961587849041e+01,1.064794274999899953e-01,3.400000000000000000e+01,1.937896243200000000e+10,6.661144576000000000e+11,4.488957405090332031e+00
3.639000000000000000e+03,1.611000000000000000e+03,2.691391018340181063e+01,1.178511301977579334e-01,3.660000000000000000e+02,7.622257920000000000e+08,1.424123494400000000e+11,7.158105820417404175e-02
2.200000000000000000e+03,3.216000000000000000e+03,4.121575551459866205e+01,2.000000000000000111e-01,2.120000000000000000e+02,8.418713600000000000e+08,8.297308979200000000e+10,1.670643240213394165e-01
1.180000000000000000e+02,2.327000000000000000e+03,2.548656283716235293e+01,1.649242250247064112e-01,2.300000000000000000e+01,3.876257382400000000e+10,1.158851198976000000e+12,9.720131754875183105e-01
9.670000000000000000e+02,2.627000000000000000e+03,5.903711883441135910e+01,1.581138830084189706e-01,9.300000000000000000e+01,9.273953280000000000e+09,5.918494556160000000e+11,1.251332402229309082e+00
1.600000000000000000e+03,2.131000000000000000e+03,2.912870979514020675e+01,1.064794274999899953e-01,3.200000000000000000e+01,3.833240780800000000e+10,6.712152555520000000e+11,1.721168041229248047e+00
1.470000000000000000e+03,2.395000000000000000e+03,1.178946384363052680e+01,1.818181818181818232e-01,5.200000000000000000e+02,4.664824640000000000e+08,8.706233958400000000e+10,1.125346347689628601e-01
3.153000000000000000e+03,2.889000000000000000e+03,1.160545399600000493e+01,1.818181818181818232e-01,1.790000000000000000e+02,6.148529920000000000e+08,9.080494489600000000e+10,9.723433107137680054e-02
2.733000000000000000e+03,2.467000000000000000e+03,6.355487868720353362e+01,1.666666666666666574e-01,3.700000000000000000e+01,2.916994662400000000e+10,1.049209339904000000e+12,5.184139728546142578e+00
3.051000000000000000e+03,3.400000000000000000e+03,1.630103283390859659e+01,9.316949906249123725e-02,4.900000000000000000e+01,3.686430310400000000e+10,1.007178809344000000e+12,2.341371476650238037e-01
1.493000000000000000e+03,1.421000000000000000e+03,1.830919074506173061e+01,1.571348402636772446e-01,1.530000000000000000e+02,1.254496972800000000e+10,4.504584847360000000e+11,0.000000000000000000e+00
2.808000000000000000e+03,2.433000000000000000e+03,2.936877619425002806e+01,1.767766952966368932e-01,1.780000000000000000e+02,4.901150720000000000e+09,2.856818769920000000e+11,7.571734189987182617e-01
1.860000000000000000e+03,1.080000000000000000e+02,6.193941182513121646e+00,2.000000000000000111e-01,5.380000000000000000e+02,5.728568960000000000e+08,8.585194700800000000e+10,5.062877759337425232e-02
3.615000000000000000e+03,3.972000000000000000e+03,2.189308905167822417e+01,1.944406936956339094e-01,6.600000000000000000e+01,3.083681792000000000e+10,8.879675801600000000e+11,1.502096533775329590e+00
9.310000000000000000e+02,5.700000000000000000e+01,1.181019953635692410e+01,1.758805500226336138e-01,0.000000000000000000e+00,6.256252108800000000e+10,5.017748635648000000e+12,4.946801960468292236e-01
3.872000000000000000e+03,1.990000000000000000e+03,9.176090656907170739e+01,1.016394535227177209e-01,1.000000000000000000e+01,3.875450880000000000e+10,7.929460817920000000e+11,4.334609508514404297e+00
3.258000000000000000e+03,9.970000000000000000e+02,3.070544197058528013e+01,2.000000000000000111e-01,2.370000000000000000e+02,3.028088576000000000e+09,2.741256683520000000e+11,8.339931368827819824e-01
4.870000000000000000e+02,8.220000000000000000e+02,1.383775981707914866e+02,1.346870059402947850e-01,4.000000000000000000e+01,1.619209011200000000e+10,7.339425792000000000e+11,2.455300569534301758e+00
1.841000000000000000e+03,9.900000000000000000e+02,5.744516009900959830e+01,1.538461538461538547e-01,2.110000000000000000e+02,1.127867776000000000e+09,1.801016770560000000e+11,3.102087974548339844e-01
1.636000000000000000e+03,1.596000000000000000e+03,1.927325581395934861e+01,1.756820922315766309e-01,1.260000000000000000e+02,8.510359040000000000e+09,4.107794513920000000e+11,1.171465665102005005e-01
2.475000000000000000e+03,2.292000000000000000e+03,2.487733485159519731e+01,1.875000000000000000e-01,1.700000000000000000e+02,5.476801024000000000e+09,3.088722821120000000e+11,2.779350578784942627e-01
1.170000000000000000e+03,2.731000000000000000e+03,2.754629253597897431e+01,1.863389981249824745e-01,3.470000000000000000e+02,1.402579840000000000e+09,1.235072778240000000e+11,2.255139648914337158e-01
2.883000000000000000e+03,3.531000000000000000e+03,1.206963633414547310e+01,8.333333333333332871e-02,3.900000000000000000e+01,1.933491814400000000e+10,1.077381758976000000e+12,1.537795662879943848e-01
2.440000000000000000e+02,2.930000000000000000e+03,1.532043645723994807e+01,1.860163329510811370e-01,1.510000000000000000e+02,7.397843456000000000e+09,3.663055421440000000e+11,4.148328006267547607e-01
2.608000000000000000e+03,1.000000000000000000e+00,2.591875528121146743e+01,1.129384878631564115e-01,3.100000000000000000e+01,4.701029990400000000e+10,1.551441461248000000e+12,1.145187914371490479e-01
2.829000000000000000e+03,2.448000000000000000e+03,3.373944443284445072e+01,1.315334104411640948e-01,1.490000000000000000e+02,7.441189888000000000e+09,3.603796459520000000e+11,2.079063355922698975e-01
2.975000000000000000e+03,2.266000000000000000e+03,3.844565211444105302e+01,7.692307692307692735e-02,3.240000000000000000e+02,3.838052160000000000e+08,1.460147159040000000e+11,1.041521206498146057e-01
3.019000000000000000e+03,3.277000000000000000e+03,1.790035873682040801e+01,1.950639396376682988e-01,2.000000000000000000e+01,4.071325696000000000e+10,1.826836054016000000e+12,6.263589262962341309e-01
3.820000000000000000e+03,3.623000000000000000e+03,9.490666475529716095e+00,1.666666666666666574e-01,4.320000000000000000e+02,1.166526592000000000e+09,1.280955924480000000e+11,2.534527182579040527e-01
1.815000000000000000e+03,1.767000000000000000e+03,5.598806981816291994e+01,1.087856586440842377e-01,3.630000000000000000e+02,1.110215040000000000e+09,1.638658539520000000e+11,3.112209439277648926e-01
3.091000000000000000e+03,3.620000000000000000e+03,2.126424211115168461e+01,7.985957062499249304e-02,2.500000000000000000e+01,4.075406131200000000e+10,1.594271465472000000e+12,3.982214033603668213e-01
3.448000000000000000e+03,5.010000000000000000e+02,6.545375205754014303e+01,1.118033988749894958e-01,6.400000000000000000e+01,1.078310297600000000e+10,5.657055723520000000e+11,8.366629481315612793e-01
1.407000000000000000e+03,1.439000000000000000e+03,7.851448467392781367e+02,7.692307692307692735e-02,3.350000000000000000e+02,6.096213120000000000e+08,1.658991247360000000e+11,7.810989022254943848e-02
3.808000000000000000e+03,2.181000000000000000e+03,2.123851817442372791e+01,1.212678125181664845e-01,3.000000000000000000e+00,6.908092416000000000e+10,3.004823764992000000e+12,6.583381295204162598e-01
2.581000000000000000e+03,8.270000000000000000e+02,1.744130144193552923e+01,1.585809856006792640e-01,8.000000000000000000e+00,4.508758425600000000e+10,1.280955383808000000e+12,2.201740026473999023e+00
3.203000000000000000e+03,3.798000000000000000e+03,1.688216051621577307e+01,1.304347826086956486e-01,5.400000000000000000e+01,2.519146700800000000e+10,8.874719313920000000e+11,2.497666776180267334e-01
1.469000000000000000e+03,2.845000000000000000e+03,2.040573429484551937e+01,9.090909090909091161e-02,4.530000000000000000e+02,6.691361280000000000e+08,1.077576908800000000e+11,2.281382232904434204e-01
1.240000000000000000e+02,2.544000000000000000e+03,2.790769098054821029e+01,1.818181818181818232e-01,3.560000000000000000e+02,1.325835264000000000e+09,9.903912550400000000e+10,3.003649115562438965e-01
1.840000000000000000e+02,2.699000000000000000e+03,3.026726909462975712e+01,1.052631578947368363e-01,1.100000000000000000e+02,1.130036121600000000e+10,4.833563115520000000e+11,1.303891420364379883e+00
1.084000000000000000e+03,3.116000000000000000e+03,9.299850042376051817e+01,0.000000000000000000e+00,4.350000000000000000e+02,6.231934080000000000e+08,1.251654451200000000e+11,1.511652171611785889e-01
3.998000000000000000e+03,1.284000000000000000e+03,2.085134117788359376e+01,1.870847253103538055e-01,3.960000000000000000e+02,8.582507520000000000e+08,1.404932259840000000e+11,1.361435055732727051e-01
3.333000000000000000e+03,8.120000000000000000e+02,9.068568686162531378e+01,5.882352941176470507e-02,1.070000000000000000e+02,5.534158336000000000e+09,3.997822812160000000e+11,1.193592190742492676e+00
9.120000000000000000e+02,2.426000000000000000e+03,1.444681199720563924e+01,1.087856586440842377e-01,3.690000000000000000e+02,4.192522560000000000e+08,1.647944499200000000e+11,3.937453776597976685e-02
2.242000000000000000e+03,3.789000000000000000e+03,3.999701495957023667e+01,1.374903330507991073e-01,6.900000000000000000e+01,4.348610969600000000e+10,9.070498283520000000e+11,7.620597723871469498e-03
1.826000000000000000e+03,2.211000000000000000e+03,3.816144653030701761e+01,6.666666666666666574e-02,2.450000000000000000e+02,5.440987648000000000e+09,2.382794752000000000e+11,1.636620014905929565e-01
3.013000000000000000e+03,1.316000000000000000e+03,5.818694033542806210e+01,1.285648693066450132e-01,5.040000000000000000e+02,4.217805440000000000e+08,8.980668416000000000e+10,1.469118744134902954e-01
2.684000000000000000e+03,3.215000000000000000e+03,2.236344452554121887e+01,1.490711984999859852e-01,1.910000000000000000e+02,3.331605504000000000e+09,2.606805483520000000e+11,1.485942959785461426e+00
1.351000000000000000e+03,7.890000000000000000e+02,1.926546742382742039e+01,1.885618083164126990e-01,2.320000000000000000e+02,4.975838208000000000e+09,2.611013058560000000e+11,8.704357743263244629e-01
3.628000000000000000e+03,3.405000000000000000e+03,2.523956321279376880e+01,1.437398936440172637e-01,5.500000000000000000e+01,2.626351104000000000e+10,8.398834892800000000e+11,2.084592580795288086e+00
3.630000000000000000e+02,3.094000000000000000e+03,6.267740176589066436e+01,1.087856586440842377e-01,3.520000000000000000e+02,1.655584512000000000e+09,1.702845480960000000e+11,2.170052528381347656e-01
3.974000000000000000e+03,2.420000000000000000e+03,2.858701436586101181e+02,4.000000000000000083e-02,1.100000000000000000e+01,8.969981952000000000e+10,1.230720466944000000e+12,1.840681076049804688e+00
2.392000000000000000e+03,9.170000000000000000e+02,5.108491281367133752e+01,6.250000000000000000e-02,2.040000000000000000e+02,3.971941632000000000e+09,3.158566174720000000e+11,1.042898535728454590e+00
3.300000000000000000e+02,1.474000000000000000e+03,1.501457542417763236e+01,1.666666666666666574e-01,1.300000000000000000e+01,4.897171865600000000e+10,2.033823121408000000e+12,2.753273546695709229e-01
1.724000000000000000e+03,1.675000000000000000e+03,6.002601022906054595e+01,1.638886943392722229e-01,4.000000000000000000e+00,3.269792563200000000e+10,7.531220172800000000e+11,7.694553852081298828e+00
2.005000000000000000e+03,3.982000000000000000e+03,3.153485999904927084e+01,9.090909090909091161e-02,3.800000000000000000e+01,2.210399436800000000e+10,8.084941701120000000e+11,5.884984731674194336e-01
1.067000000000000000e+03,2.721000000000000000e+03,2.840223572963374821e+01,1.087856586440842377e-01,3.410000000000000000e+02,3.815032640000000000e+08,1.797301043200000000e+11,1.261608004570007324e-01
5.510000000000000000e+02,8.020000000000000000e+02,2.755124997273291143e+01,1.863389981249824745e-01,2.910000000000000000e+02,7.737177600000000000e+08,1.375668305920000000e+11,8.290322870016098022e-02
2.258000000000000000e+03,1.120000000000000000e+03,9.725514029381310266e+00,1.216260638526299870e-01,2.800000000000000000e+01,4.360073216000000000e+10,1.367401955328000000e+12,4.216426908969879150e-01
6.520000000000000000e+02,1.190000000000000000e+03,4.976007561654655831e+01,1.333333333333333315e-01,1.720000000000000000e+02,5.409788928000000000e+09,2.377434234880000000e+11,1.193508505821228027e+00
3.498000000000000000e+03,3.191000000000000000e+03,9.882052689179235472e+01,9.090909090909091161e-02,3.600000000000000000e+01,2.303946342400000000e+10,7.790489763840000000e+11,2.043790340423583984e+00
6.540000000000000000e+02,1.188000000000000000e+03,6.163371499521412034e+01,1.333333333333333315e-01,1.720000000000000000e+02,5.409788928000000000e+09,2.377434234880000000e+11,1.193508505821228027e+00
5.830000000000000000e+02,1.032000000000000000e+03,9.867340198337434032e+00,1.538461538461538547e-01,3.930000000000000000e+02,1.151398016000000000e+09,1.568063651840000000e+11,3.812075257301330566e-01
2.510000000000000000e+03,2.622000000000000000e+03,1.630268244542585876e+01,1.863389981249824745e-01,2.560000000000000000e+02,1.478912000000000000e+09,1.442050211840000000e+11,1.923286914825439453e-01
3.819000000000000000e+03,1.665000000000000000e+03,3.032927988006062137e+01,1.720052290384453675e-01,2.270000000000000000e+02,6.543951360000000000e+08,1.807264481280000000e+11,1.257613301277160645e-01
3.876000000000000000e+03,5.360000000000000000e+02,3.924470208989434639e+01,1.663780661615406053e-01,1.630000000000000000e+02,6.503384064000000000e+09,3.622422118400000000e+11,4.421492815017700195e-01
9.180000000000000000e+02,5.400000000000000000e+01,1.591948346808725923e+01,1.724650685820847684e-01,0.000000000000000000e+00,6.256252108800000000e+10,5.017748635648000000e+12,4.946801960468292236e-01
2.208000000000000000e+03,3.703000000000000000e+03,9.188753957892140534e+01,1.176470588235294101e-01,7.400000000000000000e+01,7.382875136000000000e+09,3.429553274880000000e+11,1.600151181221008301e+00
1.708000000000000000e+03,2.312000000000000000e+03,3.449250300285631710e+01,1.720052290384453675e-01,3.150000000000000000e+02,1.078892288000000000e+09,1.723000750080000000e+11,2.807259857654571533e-01
3.108000000000000000e+03,3.665000000000000000e+03,1.216896546622765385e+02,1.597191412499849861e-01,1.980000000000000000e+02,5.407420416000000000e+09,2.214027591680000000e+11,9.601025581359863281e-01
8.830000000000000000e+02,6.130000000000000000e+02,7.318328415399511755e+01,1.490711984999859852e-01,2.220000000000000000e+02,4.742927360000000000e+09,2.495400345600000000e+11,2.043656110763549805e+00
3.950000000000000000e+02,1.350000000000000000e+03,1.648669874090435883e+01,1.001542020962219171e-01,1.000000000000000000e+00,9.809676697600000000e+10,3.612387573760000000e+12,1.521267175674438477e+00
3.222000000000000000e+03,2.254000000000000000e+03,8.557442114172386027e+01,1.963383631246505001e-01,3.400000000000000000e+01,1.937896243200000000e+10,6.661144576000000000e+11,4.488957405090332031e+00
8.130000000000000000e+02,1.470000000000000000e+03,4.613217876450055854e+01,1.118033988749894958e-01,9.900000000000000000e+01,8.371488768000000000e+09,6.211557130240000000e+11,6.079373955726623535e-01
1.113000000000000000e+03,9.890000000000000000e+02,1.777401389657595132e+01,1.964185503295965418e-01,2.000000000000000000e+00,6.382575616000000000e+10,3.543532568576000000e+12,8.956543803215026855e-01
8.000000000000000000e+01,2.053000000000000000e+03,1.664315461367953830e+01,1.414213562373095034e-01,4.870000000000000000e+02,4.257509440000000000e+08,7.042217574400000000e+10,1.255667507648468018e-01
3.626000000000000000e+03,3.406000000000000000e+03,2.819313464578625528e+01,1.016394535227177209e-01,5.500000000000000000e+01,2.626351104000000000e+10,8.398834892800000000e+11,2.084592580795288086e+00
3.455000000000000000e+03,2.853000000000000000e+03,3.129915858031861831e+02,5.000000000000000278e-02,1.600000000000000000e+01,3.871990169600000000e+10,5.638400245760000000e+11,1.564823985099792480e+00
3.766000000000000000e+03,1.254000000000000000e+03,5.602007632536374615e+01,1.874138920735300140e-01,3.500000000000000000e+01,2.187055104000000000e+10,8.474401177600000000e+11,4.325410366058349609e+00
1.622000000000000000e+03,2.885000000000000000e+03,4.918987482180561983e+02,0.000000000000000000e+00,2.960000000000000000e+02,8.740427520000000000e+08,1.654077521920000000e+11,1.242010816931724548e-01
2.031000000000000000e+03,7.860000000000000000e+02,1.093580167020370730e+01,1.963383631246505001e-01,8.900000000000000000e+01,2.648002355200000000e+10,6.947226255360000000e+11,2.919432893395423889e-02
3.110000000000000000e+03,3.662000000000000000e+03,1.292287148594905943e+02,1.010152544552210818e-01,1.980000000000000000e+02,5.407420416000000000e+09,2.214027591680000000e+11,9.601025581359863281e-01
3.097000000000000000e+03,1.263000000000000000e+03,6.967393789848563301e+01,1.064794274999899953e-01,8.300000000000000000e+01,1.246250700800000000e+10,7.244424151040000000e+11,6.080859303474426270e-01
1.345000000000000000e+03,2.770000000000000000e+02,1.797197599909368648e+01,0.000000000000000000e+00,4.910000000000000000e+02,3.600503040000000000e+08,6.475467161600000000e+10,2.733696065843105316e-02
3.662000000000000000e+03,4.570000000000000000e+02,1.196833394802709805e+01,1.802775637731994507e-01,1.080000000000000000e+02,2.184303411200000000e+10,6.355629506560000000e+11,4.387347102165222168e-01
2.217000000000000000e+03,3.749000000000000000e+03,1.772785502209492137e+01,1.285648693066450132e-01,3.750000000000000000e+02,8.697420160000000000e+08,1.005694976000000000e+11,1.373969614505767822e-01
2.968000000000000000e+03,3.721000000000000000e+03,9.228033610303873502e+01,1.664356663246515655e-01,9.100000000000000000e+01,1.009944064000000000e+10,4.783271772160000000e+11,2.100039958953857422e+00
3.171000000000000000e+03,2.666000000000000000e+03,2.310654341625200203e+01,1.875000000000000000e-01,2.550000000000000000e+02,2.954721792000000000e+09,2.781572300800000000e+11,5.748847723007202148e-01
6.300000000000000000e+02,4.960000000000000000e+02,2.723479417684070469e+01,1.860163329510811370e-01,1.350000000000000000e+02,6.468990464000000000e+09,3.937586708480000000e+11,4.105822145938873291e-01
2.446000000000000000e+03,1.616000000000000000e+03,3.834713093172432963e+01,1.597191412499849861e-01,2.840000000000000000e+02,2.875249152000000000e+09,1.907125125120000000e+11,3.652689158916473389e-01
1.621000000000000000e+03,6.300000000000000000e+01,3.254789023927856562e+01,1.756820922315766309e-01,1.520000000000000000e+02,6.782518272000000000e+09,4.246518824960000000e+11,2.314141094684600830e-01
6.200000000000000000e+02,9.770000000000000000e+02,2.123780959418458281e+01,1.818181818181818232e-01,4.680000000000000000e+02,4.232792960000000000e+08,8.963668377600000000e+10,1.792400181293487549e-01
2.162000000000000000e+03,1.110000000000000000e+02,1.051503524997563765e+01,1.944406936956339094e-01,6.300000000000000000e+01,2.905395609600000000e+10,9.190184058880000000e+11,6.639138460159301758e-01
1.137000000000000000e+03,3.896000000000000000e+03,9.277050425604124939e+01,1.201850425154663005e-01,6.000000000000000000e+00,3.639146905600000000e+10,2.032646619136000000e+12,2.737049102783203125e+00
6.100000000000000000e+02,3.754000000000000000e+03,2.671579911125249396e+00,1.600000000000000033e-01,5.200000000000000000e+01,2.365812326400000000e+10,1.221729583104000000e+12,2.599559258669614792e-03
2.515000000000000000e+03,4.300000000000000000e+02,8.214488822175700022e+01,1.756820922315766309e-01,7.900000000000000000e+01,5.519063040000000000e+09,4.653620920320000000e+11,1.204052805900573730e+00
3.810000000000000000e+03,2.176000000000000000e+03,1.662091673592301788e+01,1.860163329510811370e-01,3.000000000000000000e+00,6.908092416000000000e+10,3.004823764992000000e+12,6.583381295204162598e-01
7.660000000000000000e+02,2.411000000000000000e+03,3.527975951270875754e+01,1.538461538461538547e-01,3.080000000000000000e+02,1.599215232000000000e+09,1.599752765440000000e+11,4.495389461517333984e-01
3.803000000000000000e+03,6.230000000000000000e+02,5.756574045284666852e+01,1.490711984999859852e-01,1.900000000000000000e+02,5.169756160000000000e+09,2.290967183360000000e+11,7.144913673400878906e-01
7.320000000000000000e+02,2.775000000000000000e+03,2.171877193565415354e+01,0.000000000000000000e+00,5.600000000000000000e+01,3.235718963200000000e+10,9.154533130240000000e+11,4.128287360072135925e-02
2.518000000000000000e+03,1.012000000000000000e+03,1.651074303992903367e+02,3.448275862068965469e-02,1.900000000000000000e+01,4.698338508800000000e+10,1.740785844224000000e+12,5.655762553215026855e-01
6.500000000000000000e+02,1.189000000000000000e+03,3.800851560654336225e+01,1.490711984999859852e-01,1.720000000000000000e+02,5.409788928000000000e+09,2.377434234880000000e+11,1.193508505821228027e+00
2.804000000000000000e+03,3.047000000000000000e+03,9.423733665611545973e+01,1.118033988749894958e-01,7.100000000000000000e+01,1.286694195200000000e+10,6.331708866560000000e+11,2.597814559936523438e+00
2.234000000000000000e+03,2.160000000000000000e+03,1.270395083590353202e+01,1.488645855129573925e-01,1.190000000000000000e+02,1.317935820800000000e+10,5.372063252480000000e+11,2.801064588129520416e-02
9.180000000000000000e+02,4.690000000000000000e+02,1.493399333920335721e+02,1.386750490563072868e-01,9.000000000000000000e+00,4.472099635200000000e+10,1.283299213312000000e+12,1.054935455322265625e+01
3.726000000000000000e+03,2.494000000000000000e+03,4.170060005198098452e+01,1.928473039599674921e-01,4.300000000000000000e+01,1.800707276800000000e+10,8.294295797760000000e+11,1.875314235687255859e+00
2.720000000000000000e+02,2.319000000000000000e+03,1.192653503621623479e+01,1.571348402636772446e-01,5.500000000000000000e+02,4.721002240000000000e+08,5.008510156800000000e+10,9.041048586368560791e-03
2.253000000000000000e+03,1.343000000000000000e+03,1.347633114582735061e+02,1.363636363636363535e-01,8.000000000000000000e+01,1.309234585600000000e+10,7.702168862720000000e+11,1.206064105033874512e+00
1.117000000000000000e+03,9.980000000000000000e+02,1.751337322905724392e+01,1.145307118227127940e-01,2.000000000000000000e+00,6.382575616000000000e+10,3.543532568576000000e+12,8.956543803215026855e-01
1.428000000000000000e+03,1.330000000000000000e+03,2.981199525712411358e+01,1.285648693066450132e-01,4.310000000000000000e+02,6.789124480000000000e+08,1.053877125120000000e+11,8.867353945970535278e-02
2.799000000000000000e+03,2.610000000000000000e+02,2.479420160312927024e+01,1.863389981249824745e-01,4.450000000000000000e+02,1.352881408000000000e+09,1.156032430080000000e+11,3.959826231002807617e-01
2.004000000000000000e+03,3.983000000000000000e+03,4.330771312423907915e+01,6.428243465332250661e-02,3.800000000000000000e+01,2.210399436800000000e+10,8.084941701120000000e+11,5.884984731674194336e-01
8.440000000000000000e+02,2.098000000000000000e+03,3.609077587967614420e+01,1.944406936956339094e-01,4.400000000000000000e+01,3.624191180800000000e+10,9.603648716800000000e+11,5.364645123481750488e-01
3.340000000000000000e+02,1.479000000000000000e+03,3.704539380201605780e+01,6.666666666666666574e-02,1.300000000000000000e+01,4.897171865600000000e+10,2.033823121408000000e+12,2.753273546695709229e-01
3.100000000000000000e+03,2.570000000000000000e+03,7.165872332564864777e+00,1.414213562373095034e-01,5.350000000000000000e+02,4.480536640000000000e+08,7.263609651200000000e+10,7.112392783164978027e-02
9.160000000000000000e+02,3.898000000000000000e+03,2.274140920375889507e+01,1.818181818181818232e-01,3.800000000000000000e+02,5.227850880000000000e+08,1.126026526720000000e+11,1.442231535911560059e-01
3.980000000000000000e+02,1.345000000000000000e+03,1.225452661105654251e+01,1.944444444444444475e-01,1.000000000000000000e+00,9.809676697600000000e+10,3.612387573760000000e+12,1.521267175674438477e+00
2.110000000000000000e+03,3.611000000000000000e+03,1.019119507945966774e+02,1.178511301977579334e-01,3.890000000000000000e+02,4.399578880000000000e+08,1.199101870080000000e+11,2.206428647041320801e-01
1.641000000000000000e+03,3.065000000000000000e+03,8.085175828656552710e+01,1.600000000000000033e-01,1.800000000000000000e+01,3.449834700800000000e+10,1.125269241856000000e+12,5.236464023590087891e+00
3.645000000000000000e+03,3.128000000000000000e+03,3.326317253856647227e+01,1.315334104411640948e-01,1.360000000000000000e+02,7.123006976000000000e+09,3.876921016320000000e+11,3.230233490467071533e-01
3.047000000000000000e+03,3.399000000000000000e+03,3.976764703196940332e+01,8.333333333333332871e-02,4.900000000000000000e+01,3.686430310400000000e+10,1.007178809344000000e+12,2.341371476650238037e-01
1.806000000000000000e+03,6.860000000000000000e+02,2.742070177963709199e+01,1.578947368421052544e-01,1.010000000000000000e+02,1.021766656000000000e+10,4.976323788800000000e+11,1.474550127983093262e+00
3.518000000000000000e+03,1.286000000000000000e+03,5.175687671681419744e+01,1.490711984999859852e-01,1.140000000000000000e+02,6.764808192000000000e+09,2.704004382720000000e+11,1.261621594429016113e+00
1.915000000000000000e+03,3.053000000000000000e+03,3.776466370469404410e+01,1.315334104411640948e-01,1.250000000000000000e+02,5.219138560000000000e+09,3.399035781120000000e+11,7.701998949050903320e-01
6.040000000000000000e+02,3.753000000000000000e+03,6.430718750710087583e+00,8.944271909999158832e-02,5.200000000000000000e+01,2.365812326400000000e+10,1.221729583104000000e+12,2.599559258669614792e-03
2.604000000000000000e+03,3.997000000000000000e+03,2.207202360587410439e+01,1.824580605990149262e-01,3.100000000000000000e+01,4.701029990400000000e+10,1.551441461248000000e+12,1.145187914371490479e-01
2.024000000000000000e+03,3.376000000000000000e+03,7.225858719341394476e+01,1.052631578947368363e-01,1.020000000000000000e+02,7.167281664000000000e+09,4.982148956160000000e+11,1.543027639389038086e+00
2.029000000000000000e+03,7.800000000000000000e+02,1.650884846065755696e+01,1.716929178792375721e-01,8.900000000000000000e+01,2.648002355200000000e+10,6.947226255360000000e+11,2.919432893395423889e-02
3.301000000000000000e+03,2.020000000000000000e+03,1.611581175889339335e+01,1.863389981249824745e-01,3.270000000000000000e+02,4.566016960000000000e+08,1.440871219200000000e+11,1.437596380710601807e-01
6.860000000000000000e+02,3.350000000000000000e+02,3.522084460449110566e+01,1.597191412499849861e-01,2.800000000000000000e+02,4.251422400000000000e+08,1.943625891840000000e+11,1.165085285902023315e-01
1.800000000000000000e+01,1.890000000000000000e+03,1.517278697146172135e+02,9.523809523809523281e-02,6.800000000000000000e+01,1.475188736000000000e+10,6.964029685760000000e+11,2.634758710861206055e+00
3.815000000000000000e+03,1.665000000000000000e+03,3.097562423660340158e+01,1.720052290384453675e-01,2.270000000000000000e+02,6.543951360000000000e+08,1.807264481280000000e+11,1.257613301277160645e-01
1.610000000000000000e+03,2.956000000000000000e+03,9.917209810581717022e+01,9.722034684781695468e-02,5.100000000000000000e+01,3.191295590400000000e+10,8.522985635840000000e+11,3.693249225616455078e+00
3.025000000000000000e+03,3.621000000000000000e+03,9.008980672451941700e+02,1.414213562373095034e-01,3.320000000000000000e+02,5.849402240000000000e+08,7.523729408000000000e+10,7.677312940359115601e-02
4.880000000000000000e+02,8.260000000000000000e+02,8.934319226150381610e+01,1.064794274999899953e-01,4.000000000000000000e+01,1.619209011200000000e+10,7.339425792000000000e+11,2.455300569534301758e+00
1.823000000000000000e+03,1.055000000000000000e+03,6.089795231638097306e+01,1.963383631246505001e-01,1.050000000000000000e+02,6.983964160000000000e+09,6.437818859520000000e+11,3.719874858856201172e+00
3.679000000000000000e+03,2.892000000000000000e+03,3.334150819709753222e+01,1.656346649999844434e-01,2.700000000000000000e+01,5.914858700800000000e+10,1.389970718720000000e+12,1.606564044952392578e+00
1.800000000000000000e+01,1.892000000000000000e+03,9.987059601498884831e+02,0.000000000000000000e+00,6.800000000000000000e+01,1.475188736000000000e+10,6.964029685760000000e+11,2.634758710861206055e+00
7.390000000000000000e+02,3.033000000000000000e+03,1.901503672536476941e+01,1.756820922315766309e-01,1.690000000000000000e+02,7.073868288000000000e+09,4.103612989440000000e+11,8.517970144748687744e-02
3.071000000000000000e+03,3.268000000000000000e+03,2.027409577343405900e+01,1.767766952966368932e-01,1.480000000000000000e+02,6.348352512000000000e+09,2.819244032000000000e+11,5.622847080230712891e-01
3.996000000000000000e+03,2.891000000000000000e+03,4.628286714947531522e+01,1.397542485937368628e-01,2.230000000000000000e+02,6.367427584000000000e+09,2.936652431360000000e+11,7.391481399536132812e-01
1.869000000000000000e+03,1.722000000000000000e+03,2.271847305026490460e+01,1.428571428571428492e-01,2.190000000000000000e+02,3.432410624000000000e+09,2.009583779840000000e+11,8.318915367126464844e-01
1.077000000000000000e+03,3.450000000000000000e+02,1.076809642262586131e+01,1.178511301977579334e-01,4.060000000000000000e+02,7.354413440000000000e+08,1.248251822080000000e+11,9.945515543222427368e-02
2.130000000000000000e+02,3.089000000000000000e+03,3.084744289142703977e+01,1.597191412499849861e-01,3.000000000000000000e+02,6.702331520000000000e+08,2.216096890880000000e+11,2.691870629787445068e-01
3.256000000000000000e+03,1.002000000000000000e+03,1.646580486954100309e+01,1.885618083164126990e-01,2.370000000000000000e+02,3.028088576000000000e+09,2.741256683520000000e+11,8.339931368827819824e-01
3.561000000000000000e+03,1.405000000000000000e+03,4.442446203753224410e+01,1.767766952966368932e-01,1.440000000000000000e+02,6.393047040000000000e+09,3.163068497920000000e+11,2.523791491985321045e-01
3.669000000000000000e+03,2.367000000000000000e+03,3.380169277351350843e+01,1.818181818181818232e-01,3.190000000000000000e+02,1.109675008000000000e+09,1.021182033920000000e+11,3.329687714576721191e-01
2.561000000000000000e+03,2.635000000000000000e+03,4.186890582437610675e+01,1.571348402636772446e-01,4.560000000000000000e+02,4.365246720000000000e+08,5.171858227200000000e+10,5.323048681020736694e-02
2.458000000000000000e+03,3.117000000000000000e+03,2.106423878892856649e+01,1.287696884094281791e-01,1.500000000000000000e+01,7.138964275200000000e+10,1.710274510848000000e+12,2.411046743392944336e+00
3.682000000000000000e+03,2.893000000000000000e+03,3.490960269442023645e+01,1.888525745775105347e-01,2.700000000000000000e+01,5.914858700800000000e+10,1.389970718720000000e+12,1.606564044952392578e+00
8.920000000000000000e+02,1.433000000000000000e+03,9.432235236629395558e+01,1.976423537605237202e-01,1.230000000000000000e+02,2.147000576000000000e+09,3.132934717440000000e+11,1.244235396385192871e+00
3.157000000000000000e+03,2.218000000000000000e+03,2.930220472507031815e+01,1.863389981249824745e-01,4.740000000000000000e+02,8.975640960000000000e+08,1.160296693760000000e+11,1.407080143690109253e-01
3.597000000000000000e+03,7.100000000000000000e+02,1.202490351333396212e+01,1.818181818181818232e-01,4.820000000000000000e+02,3.871682880000000000e+08,8.964560486400000000e+10,7.355281710624694824e-02
2.421000000000000000e+03,2.663000000000000000e+03,1.134541475029709403e+02,1.111111111111111049e-01,1.120000000000000000e+02,3.294868992000000000e+09,4.550815252480000000e+11,1.575487017631530762e+00
3.401000000000000000e+03,1.762000000000000000e+03,4.368362223420474777e+01,1.397542485937368628e-01,1.860000000000000000e+02,6.327045120000000000e+09,3.038577295360000000e+11,2.210036963224411011e-01
2.579000000000000000e+03,8.300000000000000000e+02,9.012703497225306819e+02,5.439282932204211884e-02,8.000000000000000000e+00,4.508758425600000000e+10,1.280955383808000000e+12,2.201740026473999023e+00
3.030000000000000000e+03,8.400000000000000000e+02,6.375763454779430361e+01,7.443229275647869625e-02,9.800000000000000000e+01,6.441727488000000000e+09,4.850621808640000000e+11,1.873759031295776367e+00
7.680000000000000000e+02,2.409000000000000000e+03,6.317811790802711158e+01,1.538461538461538547e-01,3.080000000000000000e+02,1.599215232000000000e+09,1.599752765440000000e+11,4.495389461517333984e-01
1.436000000000000000e+03,1.479000000000000000e+03,3.282073059313466956e+01,1.397542485937368628e-01,2.170000000000000000e+02,7.385863168000000000e+09,2.996693893120000000e+11,1.486081480979919434e-01
3.498000000000000000e+03,3.193000000000000000e+03,6.656870527626556111e+01,1.285648693066450132e-01,3.600000000000000000e+01,2.303946342400000000e+10,7.790489763840000000e+11,2.043790340423583984e+00
3.400000000000000000e+03,2.278000000000000000e+03,6.362523608875101644e+01,1.490711984999859852e-01,1.810000000000000000e+02,4.323384320000000000e+09,2.729334374400000000e+11,1.498810768127441406e+00
3.278000000000000000e+03,3.292000000000000000e+03,2.401531594892372112e+01,1.818181818181818232e-01,5.000000000000000000e+00,5.707350016000000000e+10,2.649217302528000000e+12,1.466975212097167969e+00
1.446000000000000000e+03,1.618000000000000000e+03,8.271170383686548178e+01,1.176877882894626220e-01,6.100000000000000000e+01,1.472875110400000000e+10,5.134962196480000000e+11,1.453196406364440918e+00
1.476000000000000000e+03,2.501000000000000000e+03,2.171308826353143573e+01,1.414213562373095034e-01,4.720000000000000000e+02,4.016520960000000000e+08,8.023802675200000000e+10,5.511809885501861572e-02
8.440000000000000000e+02,2.100000000000000000e+03,5.619752385989399102e+01,1.739130434782608647e-01,4.400000000000000000e+01,3.624191180800000000e+10,9.603648716800000000e+11,5.364645123481750488e-01
2.100000000000000000e+02,3.384000000000000000e+03,4.488704167037435013e+02,9.090909090909091161e-02,3.900000000000000000e+02,5.208784320000000000e+08,8.706557542400000000e+10,7.612831145524978638e-02
3.541000000000000000e+03,2.489000000000000000e+03,1.810907382820132483e+01,1.638886943392722229e-01,5.800000000000000000e+01,2.581009408000000000e+10,7.758674001920000000e+11,3.101233243942260742e-01
3.100000000000000000e+03,1.258000000000000000e+03,4.459204759585963274e+01,1.963383631246505001e-01,8.300000000000000000e+01,1.246250700800000000e+10,7.244424151040000000e+11,6.080859303474426270e-01
2.016000000000000000e+03,3.623000000000000000e+03,3.078340212047404734e+01,1.720052290384453675e-01,3.550000000000000000e+02,8.851233280000000000e+08,1.658235125760000000e+11,1.857640594244003296e-01
6.480000000000000000e+02,8.310000000000000000e+02,1.892454005844324882e+01,5.656854249492380277e-02,1.700000000000000000e+01,5.011012403200000000e+10,1.201295589376000000e+12,1.027397990226745605e+00
1.286000000000000000e+03,1.804000000000000000e+03,7.455884587402786678e+01,1.131370849898476055e-01,5.000000000000000000e+01,3.057143193600000000e+10,1.127562608640000000e+12,2.546044588088989258e+00
2.740000000000000000e+03,1.336000000000000000e+03,3.207295553449846892e+01,1.976423537605237202e-01,1.760000000000000000e+02,4.940628480000000000e+09,3.123316326400000000e+11,9.549114704132080078e-01
3.645000000000000000e+03,3.132000000000000000e+03,4.103260998073607624e+01,1.315334104411640948e-01,1.360000000000000000e+02,7.123006976000000000e+09,3.876921016320000000e+11,3.230233490467071533e-01
3.874000000000000000e+03,1.990000000000000000e+03,1.119081376669314949e+02,4.545454545454545581e-02,1.000000000000000000e+01,3.875450880000000000e+10,7.929460817920000000e+11,4.334609508514404297e+00
3.530000000000000000e+02,3.394000000000000000e+03,1.950833447572042090e+01,1.581138830084189706e-01,1.130000000000000000e+02,2.184168857600000000e+10,5.550306099200000000e+11,1.005207449197769165e-01
1.722000000000000000e+03,1.675000000000000000e+03,8.066733915845208003e+01,1.016394535227177209e-01,4.000000000000000000e+00,3.269792563200000000e+10,7.531220172800000000e+11,7.694553852081298828e+00
2.940000000000000000e+02,2.462000000000000000e+03,1.101851957667317095e+01,1.863389981249824745e-01,9.400000000000000000e+01,1.684537216000000000e+09,1.319015383040000000e+11,4.125384390354156494e-01
3.819000000000000000e+03,3.540000000000000000e+02,5.026735438699221703e+01,1.397542485937368628e-01,1.710000000000000000e+02,7.686175744000000000e+09,3.092989870080000000e+11,4.525429308414459229e-01
1.427000000000000000e+03,1.332000000000000000e+03,4.841272486425473431e+01,9.090909090909091161e-02,4.310000000000000000e+02,6.789124480000000000e+08,1.053877125120000000e+11,8.867353945970535278e-02
3.929000000000000000e+03,3.589000000000000000e+03,5.673730554069644683e+01,1.242259987499883256e-01,1.390000000000000000e+02,9.714296832000000000e+09,4.292546396160000000e+11,5.341334939002990723e-01
1.948000000000000000e+03,1.565000000000000000e+03,3.683858184926751989e+01,1.315334104411640948e-01,1.680000000000000000e+02,4.238181888000000000e+09,3.463638876160000000e+11,4.832215607166290283e-01
3.539000000000000000e+03,1.496000000000000000e+03,1.219762849844573260e+01,2.000000000000000111e-01,4.630000000000000000e+02,5.566586880000000000e+08,8.163531161600000000e+10,8.927884697914123535e-02
1.805000000000000000e+03,6.830000000000000000e+02,2.517464483843208711e+01,1.897658566033678385e-01,1.010000000000000000e+02,1.021766656000000000e+10,4.976323788800000000e+11,1.474550127983093262e+00
5.130000000000000000e+02,1.731000000000000000e+03,2.945189913231699208e+01,1.802775637731994507e-01,8.200000000000000000e+01,1.431748198400000000e+10,5.760375193600000000e+11,7.581126093864440918e-01
1.643000000000000000e+03,3.070000000000000000e+03,1.594508648574581287e+02,8.944271909999158832e-02,1.800000000000000000e+01,3.449834700800000000e+10,1.125269241856000000e+12,5.236464023590087891e+00
3.980000000000000000e+02,1.352000000000000000e+03,7.256845831221002641e+01,0.000000000000000000e+00,1.000000000000000000e+00,9.809676697600000000e+10,3.612387573760000000e+12,1.521267175674438477e+00
1.484000000000000000e+03,2.865000000000000000e+03,3.398943675746338045e+01,1.720052290384453675e-01,1.470000000000000000e+02,3.232870656000000000e+09,1.561076531200000000e+11,6.248676180839538574e-01
2.456000000000000000e+03,3.118000000000000000e+03,2.336883612805246102e+01,1.597191412499849861e-01,1.500000000000000000e+01,7.138964275200000000e+10,1.710274510848000000e+12,2.411046743392944336e+00
6.450000000000000000e+02,1.741000000000000000e+03,1.063943758986158912e+02,1.963383631246505001e-01,2.100000000000000000e+01,2.680886272000000000e+10,7.169793720320000000e+11,5.465441703796386719e+00
3.310000000000000000e+02,1.482000000000000000e+03,1.452553690881982895e+01,1.943650631615100322e-01,1.300000000000000000e+01,4.897171865600000000e+10,2.033823121408000000e+12,2.753273546695709229e-01
2.613000000000000000e+03,8.860000000000000000e+02,5.365381048230119632e+02,8.333333333333332871e-02,3.880000000000000000e+02,3.755893120000000000e+08,1.428837171200000000e+11,9.736385196447372437e-02
1.358000000000000000e+03,1.759000000000000000e+03,3.358682432888598868e+01,7.142857142857142461e-02,2.970000000000000000e+02,3.201915904000000000e+09,1.979195555840000000e+11,8.615502715110778809e-01
4.400000000000000000e+02,2.736000000000000000e+03,1.124721199318498677e+01,1.963383631246505001e-01,8.600000000000000000e+01,1.698641715200000000e+10,6.620944138240000000e+11,0.000000000000000000e+00
3.784000000000000000e+03,1.079000000000000000e+03,8.225123267835021679e+00,1.666666666666666574e-01,4.100000000000000000e+02,9.075399040000000000e+08,1.377786429440000000e+11,1.585731059312820435e-01
9.400000000000000000e+02,3.715000000000000000e+03,4.481335161451887217e+01,1.581138830084189706e-01,8.700000000000000000e+01,1.389513318400000000e+10,6.118853181440000000e+11,2.075522422790527344e+00
1.708000000000000000e+03,2.005000000000000000e+03,1.689048772430412626e+01,1.538461538461538547e-01,3.760000000000000000e+02,9.890255360000000000e+08,1.469101342720000000e+11,1.486576050519943237e-01
3.693000000000000000e+03,1.590000000000000000e+02,4.373781919167128507e+01,9.523809523809523281e-02,7.500000000000000000e+01,2.454544179200000000e+10,6.556142141440000000e+11,2.213511466979980469e+00
2.209000000000000000e+03,3.707000000000000000e+03,9.230275608352427241e+01,1.315334104411640948e-01,7.400000000000000000e+01,7.382875136000000000e+09,3.429553274880000000e+11,1.600151181221008301e+00
1.790000000000000000e+02,3.052000000000000000e+03,1.457147589577067492e+02,1.087856586440842377e-01,2.180000000000000000e+02,1.026077312000000000e+09,1.732089446400000000e+11,4.076310396194458008e-01
2.450000000000000000e+02,2.929000000000000000e+03,5.657012598363323974e+01,1.663780661615406053e-01,1.510000000000000000e+02,7.397843456000000000e+09,3.663055421440000000e+11,4.148328006267547607e-01
2.209000000000000000e+03,3.708000000000000000e+03,9.026769112134081752e+01,1.860163329510811370e-01,7.400000000000000000e+01,7.382875136000000000e+09,3.429553274880000000e+11,1.600151181221008301e+00
2.505000000000000000e+03,1.866000000000000000e+03,4.173241181588219462e+01,1.242259987499883256e-01,1.410000000000000000e+02,7.782827520000000000e+09,4.131430072320000000e+11,2.230915576219558716e-01
3.440000000000000000e+02,6.070000000000000000e+02,8.607350720808966571e+01,1.666666666666666574e-01,7.000000000000000000e+01,8.981068800000000000e+09,4.208595763200000000e+11,2.285867452621459961e+00
2.249000000000000000e+03,1.342000000000000000e+03,1.417146606529485382e+02,6.428243465332250661e-02,8.000000000000000000e+01,1.309234585600000000e+10,7.702168862720000000e+11,1.206064105033874512e+00
3.570000000000000000e+03,1.854000000000000000e+03,6.097519872534463303e+01,9.090909090909091161e-02,4.490000000000000000e+02,3.189264000000000000e+08,1.028434821120000000e+11,9.716182947158813477e-02
2.973000000000000000e+03,4.200000000000000000e+01,4.072268801109622416e+01,8.600261451922268374e-02,2.900000000000000000e+01,3.051142758400000000e+10,1.378565881856000000e+12,1.916203647851943970e-02
1.661000000000000000e+03,1.086000000000000000e+03,4.660728256007585912e+01,1.397542485937368628e-01,1.640000000000000000e+02,5.659436544000000000e+09,3.017778790400000000e+11,7.089489698410034180e-01
1.010000000000000000e+02,1.327000000000000000e+03,1.059659287025653924e+02,1.717960677340691911e-01,4.500000000000000000e+01,2.534583910400000000e+10,1.017070354432000000e+12,1.962765812873840332e+00
1.137000000000000000e+03,3.895000000000000000e+03,6.156468231626602261e+01,1.490711984999859852e-01,6.000000000000000000e+00,3.639146905600000000e+10,2.032646619136000000e+12,2.737049102783203125e+00
3.090000000000000000e+03,3.613000000000000000e+03,2.324106174308250772e+01,1.923273145405179907e-01,2.500000000000000000e+01,4.075406131200000000e+10,1.594271465472000000e+12,3.982214033603668213e-01
2.776000000000000000e+03,1.407000000000000000e+03,8.304513778195895313e+00,1.666666666666666574e-01,4.240000000000000000e+02,6.611686400000000000e+08,1.391274229760000000e+11,1.048767343163490295e-01
3.808000000000000000e+03,2.185000000000000000e+03,2.258425684182766702e+01,1.470588235294117696e-01,3.000000000000000000e+00,6.908092416000000000e+10,3.004823764992000000e+12,6.583381295204162598e-01
8.500000000000000000e+02,2.100000000000000000e+03,4.783152628353029456e+01,8.695652173913043237e-02,4.400000000000000000e+01,3.624191180800000000e+10,9.603648716800000000e+11,5.364645123481750488e-01
3.984000000000000000e+03,1.741000000000000000e+03,3.580009697520300449e+01,1.428571428571428492e-01,2.870000000000000000e+02,1.616770432000000000e+09,1.941580349440000000e+11,2.020873427391052246e-01
4.890000000000000000e+02,8.270000000000000000e+02,6.962487397455657856e+01,1.428571428571428492e-01,4.000000000000000000e+01,1.619209011200000000e+10,7.339425792000000000e+11,2.455300569534301758e+00
1.121000000000000000e+03,9.960000000000000000e+02,2.081013583546878820e+01,1.001542020962219171e-01,2.000000000000000000e+00,6.382575616000000000e+10,3.543532568576000000e+12,8.956543803215026855e-01
9.230000000000000000e+02,4.700000000000000000e+01,2.058921383174274311e+01,1.542574468374819374e-01,0.000000000000000000e+00,6.256252108800000000e+10,5.017748635648000000e+12,4.946801960468292236e-01
1.913000000000000000e+03,3.055000000000000000e+03,3.529721658729692280e+01,5.882352941176470507e-02,1.250000000000000000e+02,5.219138560000000000e+09,3.399035781120000000e+11,7.701998949050903320e-01
1.839000000000000000e+03,1.014000000000000000e+03,4.271512609132565075e+01,1.538461538461538547e-01,3.740000000000000000e+02,8.986496000000000000e+08,1.485377699840000000e+11,1.939329206943511963e-01
3.561000000000000000e+03,2.396000000000000000e+03,5.011134553277118897e+01,1.087856586440842377e-01,3.830000000000000000e+02,5.339427520000000000e+08,1.492280115200000000e+11,1.526808738708496094e-01
2.584000000000000000e+03,8.310000000000000000e+02,1.299390128168993641e+01,1.538461538461538547e-01,8.000000000000000000e+00,4.508758425600000000e+10,1.280955383808000000e+12,2.201740026473999023e+00
1.710000000000000000e+03,2.308000000000000000e+03,3.951033549331777550e+01,1.720052290384453675e-01,3.150000000000000000e+02,1.078892288000000000e+09,1.723000750080000000e+11,2.807259857654571533e-01
3.544000000000000000e+03,2.489000000000000000e+03,3.417206356237323206e+01,9.090909090909091161e-02,5.800000000000000000e+01,2.581009408000000000e+10,7.758674001920000000e+11,3.101233243942260742e-01
3.287000000000000000e+03,3.297000000000000000e+03,3.585325633417978253e+01,1.766955119650091000e-01,5.000000000000000000e+00,5.707350016000000000e+10,2.649217302528000000e+12,1.466975212097167969e+00
3.557000000000000000e+03,1.405000000000000000e+03,4.995131303493137409e+01,1.767766952966368932e-01,1.440000000000000000e+02,6.393047040000000000e+09,3.163068497920000000e+11,2.523791491985321045e-01
3.815000000000000000e+03,2.187000000000000000e+03,1.490739421636986073e+01,1.714985851425088470e-01,3.000000000000000000e+00,6.908092416000000000e+10,3.004823764992000000e+12,6.583381295204162598e-01
2.017000000000000000e+03,3.626000000000000000e+03,4.266864099066083327e+01,1.720052290384453675e-01,3.550000000000000000e+02,8.851233280000000000e+08,1.658235125760000000e+11,1.857640594244003296e-01
3.041000000000000000e+03,2.114000000000000000e+03,1.733850405240025694e+01,1.863389981249824745e-01,2.250000000000000000e+02,1.045512128000000000e+09,1.299353436160000000e+11,1.811029165983200073e-01
1.150000000000000000e+03,1.562000000000000000e+03,7.305217268116041396e+01,1.720052290384453675e-01,3.300000000000000000e+02,2.119310720000000000e+09,1.798008668160000000e+11,4.700740873813629150e-01
1.820000000000000000e+02,2.698000000000000000e+03,3.474392734805608995e+01,1.176877882894626220e-01,1.100000000000000000e+02,1.130036121600000000e+10,4.833563115520000000e+11,1.303891420364379883e+00
2.880000000000000000e+03,1.450000000000000000e+02,2.790258370491831741e+01,1.428571428571428492e-01,2.780000000000000000e+02,4.122584832000000000e+09,2.122228858880000000e+11,5.414686799049377441e-01
3.330000000000000000e+03,8.130000000000000000e+02,4.071578700344336426e+02,1.315334104411640948e-01,1.070000000000000000e+02,5.534158336000000000e+09,3.997822812160000000e+11,1.193592190742492676e+00
2.644000000000000000e+03,2.686000000000000000e+03,2.255756627560740313e+01,1.317615691736824801e-01,6.500000000000000000e+01,1.665853132800000000e+10,1.051559329792000000e+12,3.637619912624359131e-01
3.284000000000000000e+03,3.294000000000000000e+03,6.610802734132238356e+01,6.060606060606060774e-02,5.000000000000000000e+00,5.707350016000000000e+10,2.649217302528000000e+12,1.466975212097167969e+00
2.521000000000000000e+03,3.988000000000000000e+03,4.905461564959053788e+01,8.318903308077030267e-02,7.600000000000000000e+01,1.071258521600000000e+10,3.784632238080000000e+11,1.643970608711242676e+00
2.654000000000000000e+03,2.875000000000000000e+03,1.670034597261797416e+01,1.064794274999899953e-01,8.800000000000000000e+01,1.554958643200000000e+10,7.107728506880000000e+11,2.068511694669723511e-01
3.180000000000000000e+03,3.609000000000000000e+03,3.763531191939159015e+01,1.428571428571428492e-01,2.160000000000000000e+02,1.697669632000000000e+09,2.234225950720000000e+11,3.313867747783660889e-01
2.462000000000000000e+03,3.121000000000000000e+03,2.511605440620225238e+01,7.985957062499249304e-02,1.500000000000000000e+01,7.138964275200000000e+10,1.710274510848000000e+12,2.411046743392944336e+00
3.097000000000000000e+03,1.073000000000000000e+03,1.894193040159372998e+01,1.285648693066450132e-01,7.700000000000000000e+01,2.013876428800000000e+10,8.125853204480000000e+11,1.798575818538665771e-01
2.789000000000000000e+03,5.280000000000000000e+02,8.477228059351699585e+01,8.333333333333332871e-02,2.730000000000000000e+02,5.777141760000000000e+08,1.435401748480000000e+11,1.002508848905563354e-01
2.084000000000000000e+03,4.750000000000000000e+02,5.495431196465089840e+01,1.597191412499849861e-01,2.350000000000000000e+02,2.742836224000000000e+09,2.052629954560000000e+11,5.753920674324035645e-01
1.721000000000000000e+03,1.671000000000000000e+03,1.192112524809451912e+02,9.090909090909091161e-02,4.000000000000000000e+00,3.269792563200000000e+10,7.531220172800000000e+11,7.694553852081298828e+00
3.159000000000000000e+03,8.900000000000000000e+02,1.206335223638024523e+01,1.802775637731994507e-01,1.090000000000000000e+02,2.272710860800000000e+10,6.351597731840000000e+11,0.000000000000000000e+00
6.140000000000000000e+02,9.230000000000000000e+02,1.714852432130339110e+01,1.505846504842085487e-01,9.600000000000000000e+01,1.947561779200000000e+10,6.610042224640000000e+11,7.008498907089233398e-01
0.000000000000000000e+00,2.888000000000000000e+03,3.135813556975480410e+01,1.772191880835803368e-01,2.230000000000000000e+02,6.367427584000000000e+09,2.936652431360000000e+11,7.391481399536132812e-01
2.151000000000000000e+03,1.536000000000000000e+03,3.993890949322623385e+01,1.764705882352941291e-01,1.550000000000000000e+02,5.122565120000000000e+09,3.613662904320000000e+11,1.124724626541137695e+00
1.467000000000000000e+03,2.395000000000000000e+03,4.221806374534012889e+02,9.090909090909091161e-02,5.200000000000000000e+02,4.664824640000000000e+08,8.706233958400000000e+10,1.125346347689628601e-01
1.824000000000000000e+03,1.047000000000000000e+03,1.151346584219949705e+02,1.904761904761904656e-01,1.050000000000000000e+02,6.983964160000000000e+09,6.437818859520000000e+11,3.719874858856201172e+00
1.485000000000000000e+03,1.144000000000000000e+03,2.747365530521221544e+01,1.538461538461538547e-01,1.890000000000000000e+02,5.321480192000000000e+09,1.622456729600000000e+11,1.293378472328186035e+00
5.500000000000000000e+02,2.120000000000000000e+03,1.174467015240101659e+02,1.176877882894626220e-01,9.200000000000000000e+01,1.243117772800000000e+10,4.937068052480000000e+11,1.063179373741149902e+00
3.070000000000000000e+03,3.153000000000000000e+03,4.522347299976792101e+01,1.860163329510811370e-01,1.460000000000000000e+02,7.562950656000000000e+09,3.855246950400000000e+11,1.378396868705749512e+00
1.050000000000000000e+03,6.670000000000000000e+02,4.518885410237781031e+01,1.597191412499849861e-01,2.460000000000000000e+02,5.650472960000000000e+09,2.257174691840000000e+11,4.827106297016143799e-01
2.789000000000000000e+03,1.288000000000000000e+03,2.507402059619341728e+01,1.818181818181818232e-01,4.110000000000000000e+02,3.417309760000000000e+08,9.713848320000000000e+10,6.461390107870101929e-02
3.024000000000000000e+03,3.276000000000000000e+03,2.162912005632231072e+01,1.090440572471854941e-01,2.000000000000000000e+01,4.071325696000000000e+10,1.826836054016000000e+12,6.263589262962341309e-01
7.410000000000000000e+02,1.105000000000000000e+03,1.116361774248377614e+01,1.756820922315766309e-01,1.430000000000000000e+02,4.983443456000000000e+09,4.042203791360000000e+11,1.947730064392089844e+00
3.770000000000000000e+03,1.960000000000000000e+03,1.332081846872859288e+01,1.885618083164126990e-01,2.390000000000000000e+02,3.774906624000000000e+09,2.424068341760000000e+11,8.290513157844543457e-01
1.417000000000000000e+03,1.420000000000000000e+03,3.765805268330932876e+01,1.764705882352941291e-01,1.280000000000000000e+02,8.305701888000000000e+09,3.799752704000000000e+11,2.958372533321380615e-01
3.694000000000000000e+03,1.600000000000000000e+02,5.260681318601314160e+01,6.734350297014739251e-02,7.500000000000000000e+01,2.454544179200000000e+10,6.556142141440000000e+11,2.213511466979980469e+00
3.327000000000000000e+03,2.330000000000000000e+03,2.871981832318055794e+01,1.285648693066450132e-01,4.470000000000000000e+02,9.411189760000000000e+08,1.078544220160000000e+11,1.939408034086227417e-01
3.480000000000000000e+02,3.269000000000000000e+03,3.642623430204496060e+01,1.756820922315766309e-01,6.200000000000000000e+01,1.928503910400000000e+10,4.123953070080000000e+11,9.983271956443786621e-01
3.543000000000000000e+03,2.485000000000000000e+03,4.777572798893198325e+01,1.016394535227177209e-01,5.800000000000000000e+01,2.581009408000000000e+10,7.758674001920000000e+11,3.101233243942260742e-01
2.030000000000000000e+02,1.401000000000000000e+03,2.991352887113265169e+01,2.000000000000000111e-01,4.620000000000000000e+02,3.225003520000000000e+08,7.823260057600000000e+10,3.666804730892181396e-02
5.520000000000000000e+02,2.122000000000000000e+03,5.075685148305604599e+01,5.263157894736841813e-02,9.200000000000000000e+01,1.243117772800000000e+10,4.937068052480000000e+11,1.063179373741149902e+00
3.689000000000000000e+03,1.610000000000000000e+02,6.467277336491720519e+01,1.904761904761904656e-01,7.500000000000000000e+01,2.454544179200000000e+10,6.556142141440000000e+11,2.213511466979980469e+00
2.150000000000000000e+03,1.472000000000000000e+03,3.062250187754615283e+01,1.885618083164126990e-01,1.970000000000000000e+02,1.218683392000000000e+09,2.609859624960000000e+11,4.991658031940460205e-01
3.772000000000000000e+03,1.255000000000000000e+03,8.525553974980904570e+01,9.090909090909091161e-02,3.500000000000000000e+01,2.187055104000000000e+10,8.474401177600000000e+11,4.325410366058349609e+00
3.817000000000000000e+03,1.664000000000000000e+03,3.869126061989647525e+01,1.538461538461538547e-01,2.270000000000000000e+02,6.543951360000000000e+08,1.807264481280000000e+11,1.257613301277160645e-01
4.410000000000000000e+02,2.737000000000000000e+03,1.196998784724270237e+01,1.716929178792375721e-01,8.600000000000000000e+01,1.698641715200000000e+10,6.620944138240000000e+11,0.000000000000000000e+00
3.148000000000000000e+03,2.823000000000000000e+03,3.168320119202070373e+01,1.767766952966368932e-01,1.840000000000000000e+02,5.275306880000000000e+08,3.603607552000000000e+10,6.645198166370391846e-02
2.568000000000000000e+03,3.098000000000000000e+03,5.172550264709725099e+01,1.976423537605237202e-01,1.500000000000000000e+02,5.776248832000000000e+09,3.312523673600000000e+11,1.032350182533264160e+00
7.510000000000000000e+02,2.822000000000000000e+03,1.973069085836138115e+01,1.597191412499849861e-01,2.860000000000000000e+02,2.467872256000000000e+09,2.249883156480000000e+11,3.860072791576385498e-01
2.741000000000000000e+03,1.333000000000000000e+03,5.940635874023131890e+01,1.250000000000000000e-01,1.760000000000000000e+02,4.940628480000000000e+09,3.123316326400000000e+11,9.549114704132080078e-01
1.707000000000000000e+03,2.309000000000000000e+03,2.896977426671100631e+01,1.720052290384453675e-01,3.150000000000000000e+02,1.078892288000000000e+09,1.723000750080000000e+11,2.807259857654571533e-01
3.625000000000000000e+03,3.402000000000000000e+03,5.841561787763080105e+01,9.090909090909091161e-02,5.500000000000000000e+01,2.626351104000000000e+10,8.398834892800000000e+11,2.084592580795288086e+00
1.420000000000000000e+03,1.424000000000000000e+03,4.125346275876455593e+01,1.860163329510811370e-01,1.280000000000000000e+02,8.305701888000000000e+09,3.799752704000000000e+11,2.958372533321380615e-01
2.584000000000000000e+03,8.290000000000000000e+02,1.332596110825493163e+01,1.720052290384453675e-01,8.000000000000000000e+00,4.508758425600000000e+10,1.280955383808000000e+12,2.201740026473999023e+00
2.812000000000000000e+03,3.790000000000000000e+03,1.563105084819716595e+01,1.597191412499849861e-01,1.830000000000000000e+02,2.252737536000000000e+09,2.073233326080000000e+11,5.686562657356262207e-01
3.290000000000000000e+03,3.292000000000000000e+03,3.713238862601019719e+01,1.818181818181818232e-01,5.000000000000000000e+00,5.707350016000000000e+10,2.649217302528000000e+12,1.466975212097167969e+00
3.200000000000000000e+02,2.068000000000000000e+03,3.484944163934343209e+01,1.885618083164126990e-01,2.260000000000000000e+02,2.218577408000000000e+09,2.480921804800000000e+11,9.293220639228820801e-01
1.837000000000000000e+03,9.900000000000000000e+02,5.559455875126174362e+01,1.538461538461538547e-01,2.110000000000000000e+02,1.127867776000000000e+09,1.801016770560000000e+11,3.102087974548339844e-01
3.224000000000000000e+03,9.890000000000000000e+02,4.786319227049339275e+01,4.761904761904761640e-02,9.500000000000000000e+01,2.260675584000000000e+10,6.546320916480000000e+11,8.015154600143432617e-01
1.902000000000000000e+03,1.420000000000000000e+03,1.276923200046946860e+01,1.818181818181818232e-01,4.390000000000000000e+02,3.359710080000000000e+08,9.931372134400000000e+10,1.120363697409629822e-01
2.826000000000000000e+03,2.449000000000000000e+03,4.604517007243910598e+01,1.315334104411640948e-01,1.490000000000000000e+02,7.441189888000000000e+09,3.603796459520000000e+11,2.079063355922698975e-01
3.282000000000000000e+03,3.288000000000000000e+03,9.634819277975135776e+01,1.355192713636236279e-01,5.000000000000000000e+00,5.707350016000000000e+10,2.649217302528000000e+12,1.466975212097167969e+00
3.520000000000000000e+03,2.194000000000000000e+03,4.812525515171993362e+01,1.176470588235294101e-01,1.600000000000000000e+02,6.565252608000000000e+09,3.533164052480000000e+11,2.621258795261383057e-01
1.056000000000000000e+03,1.240000000000000000e+02,7.935978355885700353e+01,7.142857142857142461e-02,1.210000000000000000e+02,6.538542080000000000e+09,2.013881630720000000e+11,1.843194127082824707e+00
3.216000000000000000e+03,3.072000000000000000e+03,2.846120112741014196e+01,2.000000000000000111e-01,5.420000000000000000e+02,3.451989440000000000e+08,7.553211596800000000e+10,5.791941285133361816e-02
8.500000000000000000e+02,2.096000000000000000e+03,3.044451009391206142e+01,1.944406936956339094e-01,4.400000000000000000e+01,3.624191180800000000e+10,9.603648716800000000e+11,5.364645123481750488e-01
1.073000000000000000e+03,3.210000000000000000e+02,7.832024299095719755e+01,6.250000000000000000e-02,1.950000000000000000e+02,7.304026624000000000e+09,2.994953256960000000e+11,1.573765158653259277e+00
2.241000000000000000e+03,3.791000000000000000e+03,4.267660432407009097e+01,9.722034684781695468e-02,6.900000000000000000e+01,4.348610969600000000e+10,9.070498283520000000e+11,7.620597723871469498e-03
3.862000000000000000e+03,2.040000000000000000e+02,5.532865681529251134e+01,1.000000000000000056e-01,5.060000000000000000e+02,4.104839360000000000e+08,7.197821337600000000e+10,4.777587950229644775e-02
8.510000000000000000e+02,2.098000000000000000e+03,3.697797666643506886e+01,1.567630989332169100e-01,4.400000000000000000e+01,3.624191180800000000e+10,9.603648716800000000e+11,5.364645123481750488e-01
3.285000000000000000e+03,3.288000000000000000e+03,4.626313755839256459e+01,1.249425947156866806e-01,5.000000000000000000e+00,5.707350016000000000e+10,2.649217302528000000e+12,1.466975212097167969e+00
5.520000000000000000e+02,8.040000000000000000e+02,3.648334536277129700e+02,0.000000000000000000e+00,2.910000000000000000e+02,7.737177600000000000e+08,1.375668305920000000e+11,8.290322870016098022e-02
2.187000000000000000e+03,3.467000000000000000e+03,1.341044598532513810e+01,1.818181818181818232e-01,4.300000000000000000e+02,7.192797440000000000e+08,1.131073208320000000e+11,1.098015084862709045e-01
1.121000000000000000e+03,9.980000000000000000e+02,1.845103715311616099e+01,1.388888888888888951e-01,2.000000000000000000e+00,6.382575616000000000e+10,3.543532568576000000e+12,8.956543803215026855e-01
3.323000000000000000e+03,5.460000000000000000e+02,7.273012580276773775e+00,1.414213562373095034e-01,5.000000000000000000e+02,3.485830720000000000e+08,7.833610649600000000e+10,3.841292485594749451e-02
1.825000000000000000e+03,1.047000000000000000e+03,1.469838765409613188e+02,1.963383631246505001e-01,1.050000000000000000e+02,6.983964160000000000e+09,6.437818859520000000e+11,3.719874858856201172e+00
3.452000000000000000e+03,2.852000000000000000e+03,5.532044217016569831e+01,1.802775637731994507e-01,1.600000000000000000e+01,3.871990169600000000e+10,5.638400245760000000e+11,1.564823985099792480e+00
6.040000000000000000e+02,3.757000000000000000e+03,3.216292262833118976e+00,1.442220510185595606e-01,5.200000000000000000e+01,2.365812326400000000e+10,1.221729583104000000e+12,2.599559258669614792e-03
2.011000000000000000e+03,3.926000000000000000e+03,4.722765874167138378e+01,2.000000000000000111e-01,4.760000000000000000e+02,6.642576640000000000e+08,8.494938521600000000e+10,6.386151909828186035e-02
6.040000000000000000e+02,3.752000000000000000e+03,3.263199610591938971e+00,1.131370849898476055e-01,5.200000000000000000e+01,2.365812326400000000e+10,1.221729583104000000e+12,2.599559258669614792e-03
2.089000000000000000e+03,3.903000000000000000e+03,2.963295060337228293e+01,1.720052290384453675e-01,2.640000000000000000e+02,3.405308672000000000e+09,1.508058726400000000e+11,7.838104367256164551e-01
3.692000000000000000e+03,1.379000000000000000e+03,2.186658291257835529e+01,1.764705882352941291e-01,1.670000000000000000e+02,7.098905088000000000e+09,3.708694036480000000e+11,3.250155225396156311e-02
6.580000000000000000e+02,3.901000000000000000e+03,3.551998332281492310e+01,2.000000000000000111e-01,1.220000000000000000e+02,1.443306624000000000e+09,2.756263280640000000e+11,6.954203248023986816e-01
3.460000000000000000e+02,3.266000000000000000e+03,9.976362740603074997e+01,1.666666666666666574e-01,6.200000000000000000e+01,1.928503910400000000e+10,4.123953070080000000e+11,9.983271956443786621e-01
2.094000000000000000e+03,3.838000000000000000e+03,9.449662926215070513e+01,1.176877882894626220e-01,1.180000000000000000e+02,1.119032627200000000e+10,4.991444254720000000e+11,8.458191156387329102e-01
2.776000000000000000e+03,3.280000000000000000e+02,7.743445393387688114e+01,7.856742013183862228e-02,1.560000000000000000e+02,7.488644096000000000e+09,4.189504798720000000e+11,1.312537789344787598e+00
2.514000000000000000e+03,4.270000000000000000e+02,5.017928416687940540e+01,1.571348402636772446e-01,7.900000000000000000e+01,5.519063040000000000e+09,4.653620920320000000e+11,1.204052805900573730e+00
3.174000000000000000e+03,2.663000000000000000e+03,1.676713124792269127e+01,1.875000000000000000e-01,2.550000000000000000e+02,2.954721792000000000e+09,2.781572300800000000e+11,5.748847723007202148e-01
3.695000000000000000e+03,1.382000000000000000e+03,1.557765543092888372e+01,1.764705882352941291e-01,1.670000000000000000e+02,7.098905088000000000e+09,3.708694036480000000e+11,3.250155225396156311e-02
4.900000000000000000e+02,8.220000000000000000e+02,4.487440507293466396e+01,1.064794274999899953e-01,4.000000000000000000e+01,1.619209011200000000e+10,7.339425792000000000e+11,2.455300569534301758e+00
1.913000000000000000e+03,3.052000000000000000e+03,4.335251201896556950e+01,1.176470588235294101e-01,1.250000000000000000e+02,5.219138560000000000e+09,3.399035781120000000e+11,7.701998949050903320e-01
4.870000000000000000e+02,8.260000000000000000e+02,7.334181868098875157e+01,1.346870059402947850e-01,4.000000000000000000e+01,1.619209011200000000e+10,7.339425792000000000e+11,2.455300569534301758e+00
3.807000000000000000e+03,2.178000000000000000e+03,1.693492574973768328e+01,1.883271834539073097e-01,3.000000000000000000e+00,6.908092416000000000e+10,3.004823764992000000e+12,6.583381295204162598e-01
1.287000000000000000e+03,1.804000000000000000e+03,6.969241540428330950e+01,8.944271909999158832e-02,5.000000000000000000e+01,3.057143193600000000e+10,1.127562608640000000e+12,2.546044588088989258e+00
3.800000000000000000e+03,6.210000000000000000e+02,5.613331746698082725e+02,9.428090415820634951e-02,1.900000000000000000e+02,5.169756160000000000e+09,2.290967183360000000e+11,7.144913673400878906e-01
3.592000000000000000e+03,1.172000000000000000e+03,1.688785358588976848e+01,1.851851851851851749e-01,7.000000000000000000e+00,9.380154572800000000e+10,1.533485776896000000e+12,6.129750728607177734e+00
1.436000000000000000e+03,1.480000000000000000e+03,2.876133685105190452e+01,1.767766952966368932e-01,2.170000000000000000e+02,7.385863168000000000e+09,2.996693893120000000e+11,1.486081480979919434e-01
3.100000000000000000e+03,1.262000000000000000e+03,1.045272986155953987e+02,4.761904761904761640e-02,8.300000000000000000e+01,1.246250700800000000e+10,7.244424151040000000e+11,6.080859303474426270e-01
9.120000000000000000e+02,2.427000000000000000e+03,1.112559181596618707e+01,1.720052290384453675e-01,3.690000000000000000e+02,4.192522560000000000e+08,1.647944499200000000e+11,3.937453776597976685e-02
3.187000000000000000e+03,1.222000000000000000e+03,2.190139414579109811e+01,1.666666666666666574e-01,4.160000000000000000e+02,4.873997120000000000e+08,1.185201356800000000e+11,2.005743086338043213e-01
3.815000000000000000e+03,3.510000000000000000e+02,4.703384185219550062e+01,1.767766952966368932e-01,1.710000000000000000e+02,7.686175744000000000e+09,3.092989870080000000e+11,4.525429308414459229e-01
1.823000000000000000e+03,1.049000000000000000e+03,1.844831156473229328e+02,1.064794274999899953e-01,1.050000000000000000e+02,6.983964160000000000e+09,6.437818859520000000e+11,3.719874858856201172e+00
2.457000000000000000e+03,3.123000000000000000e+03,2.232990919757604686e+01,1.515228816828315950e-01,1.500000000000000000e+01,7.138964275200000000e+10,1.710274510848000000e+12,2.411046743392944336e+00
3.169000000000000000e+03,3.345000000000000000e+03,3.351036610208134903e+01,1.863389981249824745e-01,3.920000000000000000e+02,1.575591040000000000e+09,1.421561200640000000e+11,3.029459714889526367e-01
8.150000000000000000e+02,1.466000000000000000e+03,3.629837178250537733e+01,1.802775637731994507e-01,9.900000000000000000e+01,8.371488768000000000e+09,6.211557130240000000e+11,6.079373955726623535e-01
3.510000000000000000e+02,3.266000000000000000e+03,6.784221558199209312e+01,1.111111111111111049e-01,6.200000000000000000e+01,1.928503910400000000e+10,4.123953070080000000e+11,9.983271956443786621e-01
2.002000000000000000e+03,3.983000000000000000e+03,2.521035380246298985e+01,1.437398936440172637e-01,3.800000000000000000e+01,2.210399436800000000e+10,8.084941701120000000e+11,5.884984731674194336e-01
3.420000000000000000e+02,2.510000000000000000e+02,1.389690958770925988e+01,1.818181818181818232e-01,4.660000000000000000e+02,4.573724800000000000e+08,1.085076930560000000e+11,1.242377460002899170e-01
1.190000000000000000e+02,2.322000000000000000e+03,2.038949450719022849e+01,2.000000000000000111e-01,2.300000000000000000e+01,3.876257382400000000e+10,1.158851198976000000e+12,9.720131754875183105e-01
1.662000000000000000e+03,1.088000000000000000e+03,7.606119669524079541e+01,8.838834764831844659e-02,1.640000000000000000e+02,5.659436544000000000e+09,3.017778790400000000e+11,7.089489698410034180e-01
3.978000000000000000e+03,2.089000000000000000e+03,8.697379714019515973e+01,1.581138830084189706e-01,8.100000000000000000e+01,1.206914457600000000e+10,6.047352750080000000e+11,3.115982770919799805e+00
1.600000000000000000e+03,2.133000000000000000e+03,2.251756164643040492e+01,1.963383631246505001e-01,3.200000000000000000e+01,3.833240780800000000e+10,6.712152555520000000e+11,1.721168041229248047e+00
9.190000000000000000e+02,5.500000000000000000e+01,1.718353457939238638e+01,1.542574468374819374e-01,0.000000000000000000e+00,6.256252108800000000e+10,5.017748635648000000e+12,4.946801960468292236e-01
2.005000000000000000e+03,3.984000000000000000e+03,3.989082092366457033e+01,0.000000000000000000e+00,3.800000000000000000e+01,2.210399436800000000e+10,8.084941701120000000e+11,5.884984731674194336e-01
1.641000000000000000e+03,3.074000000000000000e+03,6.508261609758119448e+01,2.000000000000000111e-01,1.800000000000000000e+01,3.449834700800000000e+10,1.125269241856000000e+12,5.236464023590087891e+00
1.341000000000000000e+03,1.878000000000000000e+03,3.420484276220626896e+01,9.090909090909091161e-02,2.480000000000000000e+02,3.243550080000000000e+08,1.120837795840000000e+11,1.034625172615051270e-01
2.603000000000000000e+03,3.998000000000000000e+03,2.529563973005516786e+01,1.600386592326423496e-01,3.100000000000000000e+01,4.701029990400000000e+10,1.551441461248000000e+12,1.145187914371490479e-01
2.007000000000000000e+03,3.987000000000000000e+03,2.025969039772492053e+01,1.638886943392722229e-01,3.800000000000000000e+01,2.210399436800000000e+10,8.084941701120000000e+11,5.884984731674194336e-01
3.180000000000000000e+02,2.066000000000000000e+03,4.476827772902531706e+02,0.000000000000000000e+00,2.260000000000000000e+02,2.218577408000000000e+09,2.480921804800000000e+11,9.293220639228820801e-01
2.778000000000000000e+03,3.290000000000000000e+02,3.724586608293018486e+01,1.666666666666666574e-01,1.560000000000000000e+02,7.488644096000000000e+09,4.189504798720000000e+11,1.312537789344787598e+00
3.074000000000000000e+03,3.264000000000000000e+03,4.501107556705425594e+01,1.397542485937368628e-01,1.480000000000000000e+02,6.348352512000000000e+09,2.819244032000000000e+11,5.622847080230712891e-01
1.932000000000000000e+03,3.890000000000000000e+03,2.332216835283381684e+01,1.567630989332169100e-01,4.200000000000000000e+01,3.713277542400000000e+10,9.399391354880000000e+11,8.075914978981018066e-01
1.426000000000000000e+03,1.331000000000000000e+03,4.274517941702010830e+02,9.090909090909091161e-02,4.310000000000000000e+02,6.789124480000000000e+08,1.053877125120000000e+11,8.867353945970535278e-02
1.083000000000000000e+03,3.114000000000000000e+03,2.571015821113793365e+01,1.863389981249824745e-01,4.350000000000000000e+02,6.231934080000000000e+08,1.251654451200000000e+11,1.511652171611785889e-01
8.870000000000000000e+02,2.755000000000000000e+03,2.503103278121202635e+01,1.285648693066450132e-01,4.090000000000000000e+02,4.760597120000000000e+08,9.915284684800000000e+10,5.261505395174026489e-02
3.930000000000000000e+02,8.010000000000000000e+02,1.257223817050951027e+02,1.567630989332169100e-01,5.700000000000000000e+01,2.276455014400000000e+10,8.920157388800000000e+11,3.614920616149902344e+00
3.098000000000000000e+03,1.263000000000000000e+03,9.070203941056117003e+01,6.734350297014739251e-02,8.300000000000000000e+01,1.246250700800000000e+10,7.244424151040000000e+11,6.080859303474426270e-01
1.380000000000000000e+02,3.253000000000000000e+03,4.378203660385155871e+01,1.442220510185595606e-01,4.600000000000000000e+01,3.086882406400000000e+10,1.199684452352000000e+12,6.945605874061584473e-01
3.161000000000000000e+03,2.940000000000000000e+03,3.043540854718609623e+01,1.720052290384453675e-01,3.210000000000000000e+02,1.336870656000000000e+09,1.717944975360000000e+11,3.042835891246795654e-01
2.400000000000000000e+03,1.310000000000000000e+03,2.661911228306096078e+01,1.656346649999844434e-01,2.200000000000000000e+01,5.448031846400000000e+10,1.445857329152000000e+12,2.244370937347412109e+00
1.562000000000000000e+03,2.419000000000000000e+03,1.010064577231858181e+02,1.716929178792375721e-01,7.300000000000000000e+01,1.521108377600000000e+10,7.037344808960000000e+11,2.304742574691772461e+00
3.092000000000000000e+03,3.613000000000000000e+03,2.736717954850171353e+01,1.785714285714285754e-01,2.500000000000000000e+01,4.075406131200000000e+10,1.594271465472000000e+12,3.982214033603668213e-01
2.263000000000000000e+03,1.121000000000000000e+03,8.492800955408071673e+00,7.692307692307692735e-02,2.800000000000000000e+01,4.360073216000000000e+10,1.367401955328000000e+12,4.216426908969879150e-01
3.518000000000000000e+03,1.283000000000000000e+03,5.949289204567769218e+01,1.885618083164126990e-01,1.140000000000000000e+02,6.764808192000000000e+09,2.704004382720000000e+11,1.261621594429016113e+00
2.403000000000000000e+03,6.530000000000000000e+02,6.729548734423813627e+00,1.818181818181818232e-01,5.120000000000000000e+02,5.528614400000000000e+08,1.035318886400000000e+11,1.178099736571311951e-01
2.100000000000000000e+01,1.045000000000000000e+03,1.861184543458140794e+01,2.000000000000000111e-01,4.900000000000000000e+02,4.628195520000000000e+08,7.573681766400000000e+10,1.297208666801452637e-01
6.010000000000000000e+02,3.807000000000000000e+03,6.466019175007041042e+01,1.178511301977579334e-01,2.750000000000000000e+02,6.647526400000000000e+08,1.446956236800000000e+11,1.535936892032623291e-01
1.170000000000000000e+02,3.035000000000000000e+03,5.032512393333301048e+01,1.860163329510811370e-01,1.740000000000000000e+02,4.990999040000000000e+09,3.433584721920000000e+11,1.326729059219360352e+00
3.710000000000000000e+03,2.814000000000000000e+03,5.616410638567088398e+01,1.597191412499849861e-01,2.080000000000000000e+02,3.824430336000000000e+09,2.130934988800000000e+11,1.529147267341613770e+00
3.812000000000000000e+03,2.184000000000000000e+03,3.247568433787247244e+01,5.882352941176470507e-02,3.000000000000000000e+00,6.908092416000000000e+10,3.004823764992000000e+12,6.583381295204162598e-01
3.193000000000000000e+03,6.300000000000000000e+01,2.013109824798474889e+01,1.428571428571428492e-01,3.090000000000000000e+02,1.334211968000000000e+09,1.977185402880000000e+11,1.896062344312667847e-01
3.109000000000000000e+03,3.664000000000000000e+03,1.316014524385492450e+02,7.142857142857142461e-02,1.980000000000000000e+02,5.407420416000000000e+09,2.214027591680000000e+11,9.601025581359863281e-01
9.990000000000000000e+02,1.279000000000000000e+03,7.110316092468760019e+01,1.767766952966368932e-01,1.370000000000000000e+02,4.205209088000000000e+09,3.010017689600000000e+11,9.139043688774108887e-01
1.941000000000000000e+03,3.900000000000000000e+03,4.087453148321136354e+01,1.720052290384453675e-01,1.920000000000000000e+02,2.548073728000000000e+09,1.700422615040000000e+11,4.282468259334564209e-01
4.120000000000000000e+02,3.223000000000000000e+03,4.542198915481005628e+01,1.333333333333333315e-01,2.280000000000000000e+02,4.945746432000000000e+09,2.675654328320000000e+11,5.228156447410583496e-01
3.744000000000000000e+03,2.103000000000000000e+03,1.197483175841892411e+01,2.000000000000000111e-01,4.710000000000000000e+02,5.311026560000000000e+08,8.074033561600000000e+10,6.473720818758010864e-02
9.260000000000000000e+02,5.600000000000000000e+01,1.481140732368922563e+01,7.712872341874096871e-02,0.000000000000000000e+00,6.256252108800000000e+10,5.017748635648000000e+12,4.946801960468292236e-01
6.050000000000000000e+02,3.757000000000000000e+03,3.425481934057276856e+00,1.264911064067351931e-01,5.200000000000000000e+01,2.365812326400000000e+10,1.221729583104000000e+12,2.599559258669614792e-03
2.034000000000000000e+03,7.820000000000000000e+02,1.741172129550787417e+01,9.523809523809523281e-02,8.900000000000000000e+01,2.648002355200000000e+10,6.947226255360000000e+11,2.919432893395423889e-02
6.030000000000000000e+02,3.755000000000000000e+03,3.104933371191015201e+00,1.264911064067351931e-01,5.200000000000000000e+01,2.365812326400000000e+10,1.221729583104000000e+12,2.599559258669614792e-03
3.828000000000000000e+03,1.931000000000000000e+03,5.806994034452172215e+00,1.414213562373095034e-01,5.400000000000000000e+02,3.961239680000000000e+08,7.030887219200000000e+10,7.147856056690216064e-02
1.319000000000000000e+03,1.916000000000000000e+03,1.897278359373453327e+01,8.333333333333332871e-02,4.750000000000000000e+02,3.609462720000000000e+08,1.182853201920000000e+11,8.561816811561584473e-02
2.419000000000000000e+03,2.382000000000000000e+03,3.594341774810041557e+01,1.666666666666666574e-01,3.600000000000000000e+02,4.854508160000000000e+08,1.191350026240000000e+11,9.310474246740341187e-02
3.660000000000000000e+03,4.520000000000000000e+02,1.356480590809479203e+01,1.581138830084189706e-01,1.080000000000000000e+02,2.184303411200000000e+10,6.355629506560000000e+11,4.387347102165222168e-01
1.717000000000000000e+03,1.674000000000000000e+03,9.797272758320487185e+01,1.874138920735300140e-01,4.000000000000000000e+00,3.269792563200000000e+10,7.531220172800000000e+11,7.694553852081298828e+00
8.490000000000000000e+02,2.102000000000000000e+03,3.549005217802762502e+01,9.722034684781695468e-02,4.400000000000000000e+01,3.624191180800000000e+10,9.603648716800000000e+11,5.364645123481750488e-01
3.998000000000000000e+03,2.890000000000000000e+03,8.003599707581649625e+01,0.000000000000000000e+00,2.230000000000000000e+02,6.367427584000000000e+09,2.936652431360000000e+11,7.391481399536132812e-01
3.970000000000000000e+02,1.356000000000000000e+03,1.350527107061989973e+01,1.145307118227127940e-01,1.000000000000000000e+00,9.809676697600000000e+10,3.612387573760000000e+12,1.521267175674438477e+00
3.409000000000000000e+03,2.155000000000000000e+03,7.664064029880070450e+01,7.692307692307692735e-02,2.500000000000000000e+02,1.178411008000000000e+09,1.585962024960000000e+11,2.483482956886291504e-01
3.678000000000000000e+03,2.884000000000000000e+03,2.688562319949173229e+01,1.851851851851851749e-01,2.700000000000000000e+01,5.914858700800000000e+10,1.389970718720000000e+12,1.606564044952392578e+00
1.200000000000000000e+02,2.330000000000000000e+03,2.585083771883463299e+01,1.788854381999831766e-01,2.300000000000000000e+01,3.876257382400000000e+10,1.158851198976000000e+12,9.720131754875183105e-01
6.130000000000000000e+02,2.988000000000000000e+03,2.771469517868861843e+01,1.087856586440842377e-01,2.530000000000000000e+02,5.403349760000000000e+08,1.540527718400000000e+11,1.668499112129211426e-01
2.237000000000000000e+03,2.160000000000000000e+03,1.853254227588120884e+01,1.176877882894626220e-01,1.190000000000000000e+02,1.317935820800000000e+10,5.372063252480000000e+11,2.801064588129520416e-02
2.763000000000000000e+03,3.693000000000000000e+03,1.724275112757656814e+01,2.000000000000000111e-01,8.500000000000000000e+01,2.716291328000000000e+09,2.292095713280000000e+11,6.104024648666381836e-01
3.619000000000000000e+03,3.964000000000000000e+03,2.014361265309455007e+01,1.944406936956339094e-01,6.600000000000000000e+01,3.083681792000000000e+10,8.879675801600000000e+11,1.502096533775329590e+00
1.715000000000000000e+03,3.115000000000000000e+03,4.199973702685728227e+01,1.285648693066450132e-01,4.770000000000000000e+02,5.246966400000000000e+08,1.110055485440000000e+11,2.032410353422164917e-01
2.658000000000000000e+03,2.874000000000000000e+03,1.166124805953221077e+01,1.505846504842085487e-01,8.800000000000000000e+01,1.554958643200000000e+10,7.107728506880000000e+11,2.068511694669723511e-01
3.105000000000000000e+03,3.450000000000000000e+02,9.601051337260631158e+01,1.664356663246515655e-01,1.150000000000000000e+02,2.835620096000000000e+09,5.186958786560000000e+11,1.339670538902282715e+00
2.290000000000000000e+02,1.116000000000000000e+03,1.861326063906077195e+02,6.428243465332250661e-02,4.800000000000000000e+01,1.859853926400000000e+10,8.332313886720000000e+11,3.081290960311889648e+00
1.608000000000000000e+03,2.959000000000000000e+03,6.335653410878853009e+01,1.374903330507991073e-01,5.100000000000000000e+01,3.191295590400000000e+10,8.522985635840000000e+11,3.693249225616455078e+00
3.444000000000000000e+03,1.219000000000000000e+03,2.119185705737405456e+01,1.860163329510811370e-01,5.900000000000000000e+01,1.250927923200000000e+10,3.361745141760000000e+11,9.381470084190368652e-01
3.276000000000000000e+03,2.769000000000000000e+03,1.324701572098292246e+01,1.717960677340691911e-01,4.100000000000000000e+01,2.046601625600000000e+10,1.033987227648000000e+12,3.614742457866668701e-01
1.447000000000000000e+03,1.618000000000000000e+03,9.526600181732126771e+01,1.052631578947368363e-01,6.100000000000000000e+01,1.472875110400000000e+10,5.134962196480000000e+11,1.453196406364440918e+00
6.400000000000000000e+02,1.744000000000000000e+03,7.207789505174022793e+01,1.963383631246505001e-01,2.100000000000000000e+01,2.680886272000000000e+10,7.169793720320000000e+11,5.465441703796386719e+00
3.390000000000000000e+02,1.479000000000000000e+03,1.211460649712951287e+01,1.795054935711501154e-01,1.300000000000000000e+01,4.897171865600000000e+10,2.033823121408000000e+12,2.753273546695709229e-01
1.803000000000000000e+03,8.010000000000000000e+02,3.948070670526401216e+01,1.860163329510811370e-01,1.040000000000000000e+02,6.925968384000000000e+09,3.880816148480000000e+11,3.823973238468170166e-01
3.021000000000000000e+03,3.272000000000000000e+03,2.432091402959270354e+01,7.710579232757895640e-02,2.000000000000000000e+01,4.071325696000000000e+10,1.826836054016000000e+12,6.263589262962341309e-01
3.992000000000000000e+03,1.522000000000000000e+03,3.118915471904713144e+01,1.538461538461538547e-01,3.680000000000000000e+02,1.454576512000000000e+09,1.598858690560000000e+11,2.514202892780303955e-01
2.092000000000000000e+03,3.836000000000000000e+03,3.724728825778489494e+01,1.578947368421052544e-01,1.180000000000000000e+02,1.119032627200000000e+10,4.991444254720000000e+11,8.458191156387329102e-01
1.948000000000000000e+03,1.568000000000000000e+03,3.725510116263809124e+01,8.318903308077030267e-02,1.680000000000000000e+02,4.238181888000000000e+09,3.463638876160000000e+11,4.832215607166290283e-01
3.816000000000000000e+03,2.186000000000000000e+03,1.531340440115283030e+01,1.663780661615406053e-01,3.000000000000000000e+00,6.908092416000000000e+10,3.004823764992000000e+12,6.583381295204162598e-01
3.990000000000000000e+02,8.020000000000000000e+02,1.142954764683224340e+02,1.944406936956339094e-01,5.700000000000000000e+01,2.276455014400000000e+10,8.920157388800000000e+11,3.614920616149902344e+00
3.203000000000000000e+03,3.805000000000000000e+03,1.354596964411562432e+01,1.739130434782608647e-01,5.400000000000000000e+01,2.519146700800000000e+10,8.874719313920000000e+11,2.497666776180267334e-01
3.179000000000000000e+03,3.605000000000000000e+03,4.817919819274850113e+01,1.597191412499849861e-01,2.160000000000000000e+02,1.697669632000000000e+09,2.234225950720000000e+11,3.313867747783660889e-01
3.706000000000000000e+03,2.553000000000000000e+03,2.225620094035571128e+01,1.250000000000000000e-01,1.960000000000000000e+02,6.549093888000000000e+09,2.803599278080000000e+11,4.497103989124298096e-01
1.774000000000000000e+03,8.740000000000000000e+02,6.527823272024027901e+00,1.087856586440842377e-01,3.650000000000000000e+02,5.727564800000000000e+08,1.791010897920000000e+11,6.615951657295227051e-02
3.154000000000000000e+03,3.272000000000000000e+03,5.987834237057730746e+01,1.333333333333333315e-01,2.380000000000000000e+02,2.390858752000000000e+09,2.606460928000000000e+11,6.457555890083312988e-01
3.310000000000000000e+02,1.479000000000000000e+03,1.676978769145322801e+01,1.201850425154663005e-01,1.300000000000000000e+01,4.897171865600000000e+10,2.033823121408000000e+12,2.753273546695709229e-01
1.247000000000000000e+03,2.167000000000000000e+03,2.875985177130554504e+01,1.720052290384453675e-01,3.340000000000000000e+02,6.826451840000000000e+08,1.621331640320000000e+11,2.349519878625869751e-01
2.523000000000000000e+03,3.226000000000000000e+03,6.870339414614171858e+01,1.538461538461538547e-01,3.450000000000000000e+02,1.443784960000000000e+09,1.696410992640000000e+11,4.970680177211761475e-01
9.220000000000000000e+02,5.200000000000000000e+01,2.120509468090505933e+01,7.712872341874096871e-02,0.000000000000000000e+00,6.256252108800000000e+10,5.017748635648000000e+12,4.946801960468292236e-01
1.292000000000000000e+03,2.380000000000000000e+02,9.656358538764663990e+00,1.720052290384453675e-01,4.030000000000000000e+02,2.407207168000000000e+09,1.668932567040000000e+11,3.032393157482147217e-01
3.272000000000000000e+03,6.190000000000000000e+02,4.853477216041530795e+01,1.414213562373095034e-01,5.260000000000000000e+02,4.181973440000000000e+08,8.469003468800000000e+10,2.058096230030059814e-02
3.680000000000000000e+03,2.885000000000000000e+03,4.073957577069600688e+01,1.171213948210510919e-01,2.700000000000000000e+01,5.914858700800000000e+10,1.389970718720000000e+12,1.606564044952392578e+00
3.423000000000000000e+03,2.400000000000000000e+03,1.347895617043116090e+02,1.087856586440842377e-01,2.330000000000000000e+02,1.306718592000000000e+09,1.563776942080000000e+11,2.441019564867019653e-01
6.290000000000000000e+02,4.970000000000000000e+02,4.563168787403618154e+01,1.176470588235294101e-01,1.350000000000000000e+02,6.468990464000000000e+09,3.937586708480000000e+11,4.105822145938873291e-01
1.886000000000000000e+03,2.002000000000000000e+03,2.064845121543659801e+01,1.818181818181818232e-01,4.200000000000000000e+02,3.456649600000000000e+08,1.082970193920000000e+11,5.617187544703483582e-02
2.458000000000000000e+03,3.119000000000000000e+03,1.622800180992197170e+02,7.985957062499249304e-02,1.500000000000000000e+01,7.138964275200000000e+10,1.710274510848000000e+12,2.411046743392944336e+00
6.110000000000000000e+02,2.991000000000000000e+03,1.138341347825751271e+01,1.720052290384453675e-01,2.530000000000000000e+02,5.403349760000000000e+08,1.540527718400000000e+11,1.668499112129211426e-01
1.716000000000000000e+03,3.114000000000000000e+03,1.785053923068178250e+01,1.818181818181818232e-01,4.770000000000000000e+02,5.246966400000000000e+08,1.110055485440000000e+11,2.032410353422164917e-01
2.566000000000000000e+03,3.099000000000000000e+03,5.439684767090332684e+01,6.250000000000000000e-02,1.500000000000000000e+02,5.776248832000000000e+09,3.312523673600000000e+11,1.032350182533264160e+00
3.616000000000000000e+03,3.967000000000000000e+03,1.080718708114730191e+02,6.148754619013457184e-02,6.600000000000000000e+01,3.083681792000000000e+10,8.879675801600000000e+11,1.502096533775329590e+00
3.051000000000000000e+03,3.395000000000000000e+03,1.681609063615835709e+01,1.863389981249824745e-01,4.900000000000000000e+01,3.686430310400000000e+10,1.007178809344000000e+12,2.341371476650238037e-01
2.643000000000000000e+03,2.689000000000000000e+03,1.932546257194953654e+01,1.863389981249824745e-01,6.500000000000000000e+01,1.665853132800000000e+10,1.051559329792000000e+12,3.637619912624359131e-01
3.975000000000000000e+03,2.094000000000000000e+03,6.817426310248853838e+01,1.414213562373095034e-01,8.100000000000000000e+01,1.206914457600000000e+10,6.047352750080000000e+11,3.115982770919799805e+00
1.639000000000000000e+03,2.961000000000000000e+03,3.894069773205557539e+01,1.818181818181818232e-01,4.590000000000000000e+02,4.117007040000000000e+08,1.058499543040000000e+11,1.237176880240440369e-01
3.048000000000000000e+03,3.399000000000000000e+03,1.714862212644560202e+02,4.166666666666666435e-02,4.900000000000000000e+01,3.686430310400000000e+10,1.007178809344000000e+12,2.341371476650238037e-01
3.782000000000000000e+03,1.082000000000000000e+03,1.138422272291872872e+01,1.863389981249824745e-01,4.100000000000000000e+02,9.075399040000000000e+08,1.377786429440000000e+11,1.585731059312820435e-01
3.185000000000000000e+03,1.223000000000000000e+03,3.839272311252155845e+01,8.333333333333332871e-02,4.160000000000000000e+02,4.873997120000000000e+08,1.185201356800000000e+11,2.005743086338043213e-01
3.290000000000000000e+03,1.290000000000000000e+03,1.761732866027477584e+01,1.767766952966368932e-01,1.770000000000000000e+02,3.483326720000000000e+09,3.253457387520000000e+11,3.288544416427612305e-01
2.791000000000000000e+03,5.300000000000000000e+02,1.660189056521037543e+01,1.863389981249824745e-01,2.730000000000000000e+02,5.777141760000000000e+08,1.435401748480000000e+11,1.002508848905563354e-01
4.380000000000000000e+02,2.739000000000000000e+03,4.522053970612093821e+01,6.734350297014739251e-02,8.600000000000000000e+01,1.698641715200000000e+10,6.620944138240000000e+11,0.000000000000000000e+00
3.646000000000000000e+03,3.129000000000000000e+03,4.150424975341627487e+02,5.882352941176470507e-02,1.360000000000000000e+02,7.123006976000000000e+09,3.876921016320000000e+11,3.230233490467071533e-01
1.002000000000000000e+03,1.277000000000000000e+03,7.258691771408520310e+01,6.250000000000000000e-02,1.370000000000000000e+02,4.205209088000000000e+09,3.010017689600000000e+11,9.139043688774108887e-01
3.705000000000000000e+03,2.552000000000000000e+03,2.820263708091540877e+01,8.838834764831844659e-02,1.960000000000000000e+02,6.549093888000000000e+09,2.803599278080000000e+11,4.497103989124298096e-01
2.091000000000000000e+03,3.840000000000000000e+03,1.317754196028026286e+02,7.443229275647869625e-02,1.180000000000000000e+02,1.119032627200000000e+10,4.991444254720000000e+11,8.458191156387329102e-01
2.514000000000000000e+03,2.624000000000000000e+03,1.268927871390093642e+01,1.863389981249824745e-01,2.560000000000000000e+02,1.478912000000000000e+09,1.442050211840000000e+11,1.923286914825439453e-01
2.031000000000000000e+03,7.830000000000000000e+02,2.598837950913493344e+01,6.734350297014739251e-02,8.900000000000000000e+01,2.648002355200000000e+10,6.947226255360000000e+11,2.919432893395423889e-02
1.802000000000000000e+03,8.020000000000000000e+02,4.909373336060453852e+01,1.663780661615406053e-01,1.040000000000000000e+02,6.925968384000000000e+09,3.880816148480000000e+11,3.823973238468170166e-01
2.809000000000000000e+03,2.432000000000000000e+03,1.929618728856401333e+01,1.976423537605237202e-01,1.780000000000000000e+02,4.901150720000000000e+09,2.856818769920000000e+11,7.571734189987182617e-01
9.390000000000000000e+02,3.830000000000000000e+03,8.527092316694732688e+01,1.802775637731994507e-01,5.300000000000000000e+01,2.429449011200000000e+10,6.189681868800000000e+11,2.166602373123168945e+00
7.240000000000000000e+02,8.670000000000000000e+02,1.103332996223757156e+01,1.538461538461538547e-01,3.620000000000000000e+02,1.018515968000000000e+09,1.587685294080000000e+11,2.858537435531616211e-01
2.517000000000000000e+03,1.011000000000000000e+03,5.523683918857084763e+01,7.710579232757895640e-02,1.900000000000000000e+01,4.698338508800000000e+10,1.740785844224000000e+12,5.655762553215026855e-01
2.238000000000000000e+03,2.160000000000000000e+03,1.760803667890290214e+01,1.488645855129573925e-01,1.190000000000000000e+02,1.317935820800000000e+10,5.372063252480000000e+11,2.801064588129520416e-02
2.167000000000000000e+03,2.613000000000000000e+03,9.039221704641070332e+00,1.638886943392722229e-01,7.800000000000000000e+01,1.819584102400000000e+10,8.121544212480000000e+11,4.277330338954925537e-01
4.330000000000000000e+02,1.010000000000000000e+03,1.403123159791353380e+01,1.087856586440842377e-01,3.380000000000000000e+02,2.803419904000000000e+09,1.737776660480000000e+11,3.774279057979583740e-01
2.540000000000000000e+02,2.020000000000000000e+03,5.613015088059710678e+01,1.818181818181818232e-01,2.490000000000000000e+02,5.548407040000000000e+08,9.916914892800000000e+10,7.880068570375442505e-02
3.930000000000000000e+02,8.020000000000000000e+02,1.573601331669950980e+02,1.229750923802691437e-01,5.700000000000000000e+01,2.276455014400000000e+10,8.920157388800000000e+11,3.614920616149902344e+00
2.035000000000000000e+03,3.779000000000000000e+03,2.104909035117019300e+01,1.538461538461538547e-01,3.480000000000000000e+02,2.435975680000000000e+09,1.663812239360000000e+11,3.302110433578491211e-01
8.130000000000000000e+02,1.469000000000000000e+03,5.308961270943435551e+01,7.071067811865475172e-02,9.900000000000000000e+01,8.371488768000000000e+09,6.211557130240000000e+11,6.079373955726623535e-01
1.609000000000000000e+03,2.506000000000000000e+03,3.284406240651757258e+01,1.764705882352941291e-01,1.820000000000000000e+02,5.668081152000000000e+09,3.419367997440000000e+11,3.741784989833831787e-01
3.693000000000000000e+03,1.379000000000000000e+03,3.162314806065086970e+01,1.176470588235294101e-01,1.670000000000000000e+02,7.098905088000000000e+09,3.708694036480000000e+11,3.250155225396156311e-02
3.557000000000000000e+03,1.406000000000000000e+03,5.071660458077185751e+01,1.397542485937368628e-01,1.440000000000000000e+02,6.393047040000000000e+09,3.163068497920000000e+11,2.523791491985321045e-01
3.088000000000000000e+03,2.413000000000000000e+03,2.384841173146174143e+01,1.818181818181818232e-01,2.400000000000000000e+01,3.329379942400000000e+10,8.096457687040000000e+11,7.204747200012207031e-01
2.762000000000000000e+03,3.688000000000000000e+03,2.473349048048633492e+01,1.490711984999859852e-01,8.500000000000000000e+01,2.716291328000000000e+09,2.292095713280000000e+11,6.104024648666381836e-01
3.204000000000000000e+03,1.941000000000000000e+03,5.103181319129648585e+01,1.581138830084189706e-01,1.060000000000000000e+02,1.809531289600000000e+10,5.961819095040000000e+11,9.301034808158874512e-01
3.960000000000000000e+03,1.510000000000000000e+02,3.569381685484162858e+01,1.000000000000000056e-01,5.230000000000000000e+02,3.432707200000000000e+08,7.294445977600000000e+10,2.091309241950511932e-02
3.024000000000000000e+03,3.275000000000000000e+03,2.828437056448892761e+01,7.710579232757895640e-02,2.000000000000000000e+01,4.071325696000000000e+10,1.826836054016000000e+12,6.263589262962341309e-01
1.800000000000000000e+03,6.850000000000000000e+02,5.778360842751357040e+01,1.664356663246515655e-01,1.010000000000000000e+02,1.021766656000000000e+10,4.976323788800000000e+11,1.474550127983093262e+00
1.112000000000000000e+03,9.950000000000000000e+02,1.672684419058518657e+01,1.689656258416172008e-01,2.000000000000000000e+00,6.382575616000000000e+10,3.543532568576000000e+12,8.956543803215026855e-01
1.119000000000000000e+03,9.920000000000000000e+02,1.958304201518417642e+01,6.211299937499416279e-02,2.000000000000000000e+00,6.382575616000000000e+10,3.543532568576000000e+12,8.956543803215026855e-01
2.070000000000000000e+02,3.710000000000000000e+02,3.012238968215149981e+01,1.666666666666666574e-01,1.660000000000000000e+02,4.560578048000000000e+09,4.044796723200000000e+11,1.807749032974243164e+00
3.577000000000000000e+03,1.252000000000000000e+03,4.288202412267796149e+01,1.176470588235294101e-01,1.540000000000000000e+02,4.324669952000000000e+09,3.907342827520000000e+11,1.292291641235351562e+00
3.268000000000000000e+03,2.771000000000000000e+03,1.419690910032935349e+01,1.717960677340691911e-01,4.100000000000000000e+01,2.046601625600000000e+10,1.033987227648000000e+12,3.614742457866668701e-01
1.973000000000000000e+03,1.513000000000000000e+03,3.625586754730340289e+01,1.860163329510811370e-01,6.700000000000000000e+01,1.700488294400000000e+10,3.988162478080000000e+11,1.022485494613647461e+00
1.487000000000000000e+03,1.141000000000000000e+03,2.484052161909144729e+01,1.720052290384453675e-01,1.890000000000000000e+02,5.321480192000000000e+09,1.622456729600000000e+11,1.293378472328186035e+00
3.587000000000000000e+03,1.166000000000000000e+03,2.248274805341266358e+01,1.171213948210510919e-01,7.000000000000000000e+00,9.380154572800000000e+10,1.533485776896000000e+12,6.129750728607177734e+00
3.224000000000000000e+03,9.850000000000000000e+02,2.660096402789747927e+01,1.963383631246505001e-01,9.500000000000000000e+01,2.260675584000000000e+10,6.546320916480000000e+11,8.015154600143432617e-01
1.495000000000000000e+03,1.693000000000000000e+03,1.740318461394529592e+01,1.178511301977579334e-01,4.130000000000000000e+02,1.057321088000000000e+09,1.275934310400000000e+11,3.549383878707885742e-01
3.421000000000000000e+03,1.212000000000000000e+03,2.212831786533557477e+01,1.863389981249824745e-01,3.100000000000000000e+02,1.067145344000000000e+09,1.342825021440000000e+11,7.851549983024597168e-02
4.120000000000000000e+02,3.361000000000000000e+03,6.589815565872473258e+01,7.142857142857142461e-02,2.590000000000000000e+02,4.344062464000000000e+09,2.012363161600000000e+11,1.453052997589111328e+00
6.710000000000000000e+02,1.610000000000000000e+03,4.368816229076210789e+01,1.578947368421052544e-01,1.170000000000000000e+02,9.497686016000000000e+09,5.323860869120000000e+11,5.192977190017700195e-01
2.524000000000000000e+03,1.010000000000000000e+03,1.148247651749388076e+01,1.856953381770518607e-01,1.900000000000000000e+01,4.698338508800000000e+10,1.740785844224000000e+12,5.655762553215026855e-01
2.089000000000000000e+03,3.902000000000000000e+03,3.933282637718065899e+01,1.087856586440842377e-01,2.640000000000000000e+02,3.405308672000000000e+09,1.508058726400000000e+11,7.838104367256164551e-01
9.870000000000000000e+02,1.018000000000000000e+03,2.513865894786827937e+01,1.597191412499849861e-01,3.120000000000000000e+02,2.496739840000000000e+09,2.028280872960000000e+11,4.640464484691619873e-01
1.559000000000000000e+03,4.140000000000000000e+02,3.388616792438359226e+01,0.000000000000000000e+00,2.630000000000000000e+02,2.143266560000000000e+09,2.131313459200000000e+11,3.043325841426849365e-01
2.791000000000000000e+03,5.270000000000000000e+02,9.393092342566012576e+01,1.178511301977579334e-01,2.730000000000000000e+02,5.777141760000000000e+08,1.435401748480000000e+11,1.002508848905563354e-01
4.890000000000000000e+02,1.824000000000000000e+03,2.669091019558281275e+01,4.347826086956521618e-02,1.400000000000000000e+01,2.377802752000000000e+10,9.533723115520000000e+11,2.146925926208496094e+00
3.175000000000000000e+03,2.666000000000000000e+03,2.952105135277124504e+01,6.250000000000000000e-02,2.550000000000000000e+02,2.954721792000000000e+09,2.781572300800000000e+11,5.748847723007202148e-01
1.485000000000000000e+03,1.143000000000000000e+03,4.285023233370742446e+01,7.692307692307692735e-02,1.890000000000000000e+02,5.321480192000000000e+09,1.622456729600000000e+11,1.293378472328186035e+00
3.086000000000000000e+03,2.415000000000000000e+03,2.874097472718453972e+01,1.285648693066450132e-01,2.400000000000000000e+01,3.329379942400000000e+10,8.096457687040000000e+11,7.204747200012207031e-01
1.539000000000000000e+03,1.933000000000000000e+03,1.977482768527137225e+01,8.333333333333332871e-02,2.980000000000000000e+02,4.301437440000000000e+08,1.428876492800000000e+11,4.677122831344604492e-02
7.310000000000000000e+02,2.778000000000000000e+03,1.174902907448538159e+01,1.374903330507991073e-01,5.600000000000000000e+01,3.235718963200000000e+10,9.154533130240000000e+11,4.128287360072135925e-02
3.659000000000000000e+03,4.570000000000000000e+02,2.353056836142178199e+01,1.000000000000000056e-01,1.080000000000000000e+02,2.184303411200000000e+10,6.355629506560000000e+11,4.387347102165222168e-01
3.803000000000000000e+03,1.814000000000000000e+03,4.422951288613660381e+01,1.863389981249824745e-01,2.150000000000000000e+02,2.387859200000000000e+09,1.421193871360000000e+11,6.492154002189636230e-01
1.352000000000000000e+03,7.920000000000000000e+02,2.769584396557332084e+01,9.428090415820634951e-02,2.320000000000000000e+02,4.975838208000000000e+09,2.611013058560000000e+11,8.704357743263244629e-01
1.276000000000000000e+03,3.922000000000000000e+03,1.274115188490455530e+01,1.538461538461538547e-01,4.700000000000000000e+01,2.999850598400000000e+10,1.287392722944000000e+12,2.840396203100681305e-02
3.096000000000000000e+03,3.617000000000000000e+03,2.096981742737690624e+01,1.472537723434878820e-01,2.500000000000000000e+01,4.075406131200000000e+10,1.594271465472000000e+12,3.982214033603668213e-01
2.070000000000000000e+03,2.846000000000000000e+03,7.646345285319157483e+02,9.523809523809523281e-02,1.200000000000000000e+01,2.315846656000000000e+10,7.122979389440000000e+11,2.079156398773193359e+00
9.250000000000000000e+02,5.700000000000000000e+01,1.412298546564420754e+01,9.756097560975610095e-02,0.000000000000000000e+00,6.256252108800000000e+10,5.017748635648000000e+12,4.946801960468292236e-01
1.774000000000000000e+03,8.760000000000000000e+02,7.013708162085000808e+00,1.087856586440842377e-01,3.650000000000000000e+02,5.727564800000000000e+08,1.791010897920000000e+11,6.615951657295227051e-02
1.115000000000000000e+03,9.920000000000000000e+02,2.127469538386597847e+01,1.001542020962219171e-01,2.000000000000000000e+00,6.382575616000000000e+10,3.543532568576000000e+12,8.956543803215026855e-01
2.972000000000000000e+03,3.719000000000000000e+03,8.807316700204145832e+01,1.664356663246515655e-01,9.100000000000000000e+01,1.009944064000000000e+10,4.783271772160000000e+11,2.100039958953857422e+00
3.100000000000000000e+03,3.180000000000000000e+03,2.675521537260830485e+01,1.538461538461538547e-01,1.340000000000000000e+02,2.217295616000000000e+09,1.731536650240000000e+11,6.493409276008605957e-01
1.614000000000000000e+03,2.507000000000000000e+03,2.649950494220232855e+01,1.315334104411640948e-01,1.820000000000000000e+02,5.668081152000000000e+09,3.419367997440000000e+11,3.741784989833831787e-01
1.144000000000000000e+03,1.343000000000000000e+03,1.215279085393220839e+02,1.111111111111111049e-01,3.790000000000000000e+02,4.945583360000000000e+08,5.588169523200000000e+10,4.204148799180984497e-02
3.186000000000000000e+03,1.220000000000000000e+03,2.372154404587445597e+01,1.863389981249824745e-01,4.160000000000000000e+02,4.873997120000000000e+08,1.185201356800000000e+11,2.005743086338043213e-01
2.733000000000000000e+03,2.465000000000000000e+03,7.414880367472365208e+01,8.333333333333332871e-02,3.700000000000000000e+01,2.916994662400000000e+10,1.049209339904000000e+12,5.184139728546142578e+00
3.589000000000000000e+03,1.166000000000000000e+03,2.142709597652566345e+01,1.171213948210510919e-01,7.000000000000000000e+00,9.380154572800000000e+10,1.533485776896000000e+12,6.129750728607177734e+00
2.737000000000000000e+03,2.461000000000000000e+03,4.542842824633629562e+01,1.863389981249824745e-01,3.700000000000000000e+01,2.916994662400000000e+10,1.049209339904000000e+12,5.184139728546142578e+00
3.267000000000000000e+03,1.570000000000000000e+03,2.004657203946498356e+01,1.597191412499849861e-01,3.040000000000000000e+02,1.364470144000000000e+09,1.844859043840000000e+11,2.695780396461486816e-01
1.745000000000000000e+03,2.651000000000000000e+03,1.241030328481189215e+01,1.897658566033678385e-01,1.290000000000000000e+02,6.908323328000000000e+09,4.725664645120000000e+11,1.298392377793788910e-02
8.380000000000000000e+02,4.300000000000000000e+02,7.556575625007923236e+01,1.016394535227177209e-01,7.200000000000000000e+01,2.465830912000000000e+10,7.708183101440000000e+11,4.504816055297851562e+00
3.081000000000000000e+03,8.630000000000000000e+02,3.874536376187158737e+01,1.767766952966368932e-01,1.930000000000000000e+02,2.731847680000000000e+09,2.914863022080000000e+11,4.136207401752471924e-01
3.910000000000000000e+02,1.352000000000000000e+03,1.228398885593366252e+01,1.944444444444444475e-01,1.000000000000000000e+00,9.809676697600000000e+10,3.612387573760000000e+12,1.521267175674438477e+00
3.274000000000000000e+03,6.080000000000000000e+02,3.772966395164652198e+01,1.428571428571428492e-01,1.300000000000000000e+02,4.472865280000000000e+09,1.896853667840000000e+11,5.536481142044067383e-01
1.003000000000000000e+03,1.276000000000000000e+03,3.607912415975484066e+01,1.397542485937368628e-01,1.370000000000000000e+02,4.205209088000000000e+09,3.010017689600000000e+11,9.139043688774108887e-01
3.074000000000000000e+03,2.312000000000000000e+03,5.716297489297615897e+01,1.597191412499849861e-01,3.070000000000000000e+02,1.405687680000000000e+09,1.940398571520000000e+11,2.708486020565032959e-01
3.576000000000000000e+03,1.253000000000000000e+03,2.694878411098536475e+01,1.860163329510811370e-01,1.540000000000000000e+02,4.324669952000000000e+09,3.907342827520000000e+11,1.292291641235351562e+00
2.764000000000000000e+03,2.831000000000000000e+03,2.014232718982379708e+02,1.010152544552210818e-01,2.740000000000000000e+02,5.361046528000000000e+09,2.169306480640000000e+11,4.103452265262603760e-01
2.125000000000000000e+03,3.587000000000000000e+03,7.781646684128607383e+00,2.000000000000000111e-01,5.170000000000000000e+02,4.453116160000000000e+08,8.434332467200000000e+10,9.317639470100402832e-02
2.018000000000000000e+03,3.623000000000000000e+03,2.303737208925654443e+02,7.692307692307692735e-02,3.550000000000000000e+02,8.851233280000000000e+08,1.658235125760000000e+11,1.857640594244003296e-01
2.036000000000000000e+03,7.810000000000000000e+02,1.197335772654566455e+01,1.963383631246505001e-01,8.900000000000000000e+01,2.648002355200000000e+10,6.947226255360000000e+11,2.919432893395423889e-02
3.894000000000000000e+03,5.800000000000000000e+02,2.682294333919906748e+01,1.428571428571428492e-01,2.010000000000000000e+02,2.204576000000000000e+09,1.963535564800000000e+11,1.007424712181091309e+00
1.641000000000000000e+03,3.070000000000000000e+03,1.327724499050345344e+02,4.000000000000000083e-02,1.800000000000000000e+01,3.449834700800000000e+10,1.125269241856000000e+12,5.236464023590087891e+00
3.615000000000000000e+03,3.971000000000000000e+03,2.294739348908642995e+01,1.567630989332169100e-01,6.600000000000000000e+01,3.083681792000000000e+10,8.879675801600000000e+11,1.502096533775329590e+00
8.490000000000000000e+02,2.100000000000000000e+03,4.696797322316842838e+01,4.347826086956521618e-02,4.400000000000000000e+01,3.624191180800000000e+10,9.603648716800000000e+11,5.364645123481750488e-01
1.130000000000000000e+03,8.700000000000000000e+02,6.255574967487628157e+01,8.838834764831844659e-02,1.850000000000000000e+02,7.707054592000000000e+09,2.947731947520000000e+11,4.469096362590789795e-01
3.202000000000000000e+03,3.803000000000000000e+03,1.934796848795725310e+01,9.722034684781695468e-02,5.400000000000000000e+01,2.519146700800000000e+10,8.874719313920000000e+11,2.497666776180267334e-01
2.018000000000000000e+03,3.626000000000000000e+03,3.729219303086475890e+01,1.538461538461538547e-01,3.550000000000000000e+02,8.851233280000000000e+08,1.658235125760000000e+11,1.857640594244003296e-01
1.826000000000000000e+03,1.054000000000000000e+03,7.965678570062941333e+01,1.716929178792375721e-01,1.050000000000000000e+02,6.983964160000000000e+09,6.437818859520000000e+11,3.719874858856201172e+00
3.277000000000000000e+03,6.090000000000000000e+02,2.320246418460220283e+01,1.010152544552210818e-01,1.300000000000000000e+02,4.472865280000000000e+09,1.896853667840000000e+11,5.536481142044067383e-01
3.931000000000000000e+03,3.593000000000000000e+03,4.196002287227268823e+01,1.242259987499883256e-01,1.390000000000000000e+02,9.714296832000000000e+09,4.292546396160000000e+11,5.341334939002990723e-01
1.220000000000000000e+02,2.326000000000000000e+03,4.212689828431523154e+01,0.000000000000000000e+00,2.300000000000000000e+01,3.876257382400000000e+10,1.158851198976000000e+12,9.720131754875183105e-01
2.603000000000000000e+03,6.000000000000000000e+00,2.536421002599537644e+01,1.597191412499849861e-01,3.100000000000000000e+01,4.701029990400000000e+10,1.551441461248000000e+12,1.145187914371490479e-01
2.868000000000000000e+03,3.778000000000000000e+03,1.087740525260634250e+01,1.571348402636772446e-01,5.480000000000000000e+02,3.201953600000000000e+08,6.200159846400000000e+10,5.333453044295310974e-02
3.026000000000000000e+03,3.620000000000000000e+03,1.911239055899163475e+01,2.000000000000000111e-01,3.320000000000000000e+02,5.849402240000000000e+08,7.523729408000000000e+10,7.677312940359115601e-02
1.822000000000000000e+03,1.054000000000000000e+03,6.721002200973953222e+01,1.716929178792375721e-01,1.050000000000000000e+02,6.983964160000000000e+09,6.437818859520000000e+11,3.719874858856201172e+00
1.139000000000000000e+03,3.905000000000000000e+03,4.199614340813853630e+01,2.000000000000000111e-01,6.000000000000000000e+00,3.639146905600000000e+10,2.032646619136000000e+12,2.737049102783203125e+00
6.480000000000000000e+02,8.330000000000000000e+02,1.410423856905913986e+01,1.264911064067351931e-01,1.700000000000000000e+01,5.011012403200000000e+10,1.201295589376000000e+12,1.027397990226745605e+00
9.300000000000000000e+02,5.100000000000000000e+01,1.622758654301902226e+01,1.313454831008415424e-01,0.000000000000000000e+00,6.256252108800000000e+10,5.017748635648000000e+12,4.946801960468292236e-01
6.470000000000000000e+02,8.260000000000000000e+02,2.572360637620910495e+01,1.600000000000000033e-01,1.700000000000000000e+01,5.011012403200000000e+10,1.201295589376000000e+12,1.027397990226745605e+00
3.402000000000000000e+03,1.763000000000000000e+03,3.776642229205803147e+01,1.397542485937368628e-01,1.860000000000000000e+02,6.327045120000000000e+09,3.038577295360000000e+11,2.210036963224411011e-01
3.499000000000000000e+03,3.194000000000000000e+03,4.751329534860731485e+01,1.928473039599674921e-01,3.600000000000000000e+01,2.303946342400000000e+10,7.790489763840000000e+11,2.043790340423583984e+00
3.975000000000000000e+03,2.418000000000000000e+03,2.501700362065181338e+01,8.000000000000000167e-02,1.100000000000000000e+01,8.969981952000000000e+10,1.230720466944000000e+12,1.840681076049804688e+00
1.885000000000000000e+03,2.306000000000000000e+03,2.016568001649433839e+01,1.571348402636772446e-01,5.330000000000000000e+02,4.387296640000000000e+08,6.138163200000000000e+10,4.235584661364555359e-02
2.266000000000000000e+03,1.120000000000000000e+03,6.672419764015960375e+00,1.961161351381840168e-01,2.800000000000000000e+01,4.360073216000000000e+10,1.367401955328000000e+12,4.216426908969879150e-01
1.075000000000000000e+03,3.210000000000000000e+02,3.243387913596085781e+01,1.875000000000000000e-01,1.950000000000000000e+02,7.304026624000000000e+09,2.994953256960000000e+11,1.573765158653259277e+00
1.029000000000000000e+03,1.445000000000000000e+03,5.923451123111257033e+01,1.818181818181818232e-01,4.290000000000000000e+02,5.630122880000000000e+08,9.922341273600000000e+10,1.202057451009750366e-01
2.610000000000000000e+02,7.440000000000000000e+02,9.741497591238120890e+01,1.000000000000000056e-01,4.730000000000000000e+02,3.719758720000000000e+08,7.605012889600000000e+10,7.589142769575119019e-02
3.591000000000000000e+03,1.169000000000000000e+03,2.001739234386807098e+01,1.111111111111111049e-01,7.000000000000000000e+00,9.380154572800000000e+10,1.533485776896000000e+12,6.129750728607177734e+00
4.110000000000000000e+02,3.223000000000000000e+03,5.937502179692376814e+01,6.666666666666666574e-02,2.280000000000000000e+02,4.945746432000000000e+09,2.675654328320000000e+11,5.228156447410583496e-01
2.610000000000000000e+02,7.450000000000000000e+02,4.564687567768311993e+01,0.000000000000000000e+00,4.730000000000000000e+02,3.719758720000000000e+08,7.605012889600000000e+10,7.589142769575119019e-02
3.095000000000000000e+03,3.614000000000000000e+03,2.088581324832319908e+01,1.785714285714285754e-01,2.500000000000000000e+01,4.075406131200000000e+10,1.594271465472000000e+12,3.982214033603668213e-01
3.920000000000000000e+02,8.040000000000000000e+02,1.801092794114323112e+02,1.304347826086956486e-01,5.700000000000000000e+01,2.276455014400000000e+10,8.920157388800000000e+11,3.614920616149902344e+00
1.936000000000000000e+03,3.887000000000000000e+03,2.399685377918787310e+01,8.695652173913043237e-02,4.200000000000000000e+01,3.713277542400000000e+10,9.399391354880000000e+11,8.075914978981018066e-01
9.350000000000000000e+02,3.714000000000000000e+03,6.000009155211591860e+01,1.414213562373095034e-01,8.700000000000000000e+01,1.389513318400000000e+10,6.118853181440000000e+11,2.075522422790527344e+00
2.979000000000000000e+03,4.200000000000000000e+01,9.229863278137038662e+00,1.585809856006792640e-01,2.900000000000000000e+01,3.051142758400000000e+10,1.378565881856000000e+12,1.916203647851943970e-02
3.413000000000000000e+03,9.810000000000000000e+02,2.584966092294458662e+01,1.597191412499849861e-01,2.510000000000000000e+02,1.090851072000000000e+09,2.225137090560000000e+11,1.425269693136215210e-01
3.774000000000000000e+03,1.959000000000000000e+03,1.343761567136171564e+01,1.490711984999859852e-01,2.390000000000000000e+02,3.774906624000000000e+09,2.424068341760000000e+11,8.290513157844543457e-01
9.180000000000000000e+02,5.700000000000000000e+01,1.657015825665607878e+01,1.966404328853304795e-01,0.000000000000000000e+00,6.256252108800000000e+10,5.017748635648000000e+12,4.946801960468292236e-01
2.195000000000000000e+03,3.086000000000000000e+03,3.147400201798241426e+01,1.863389981249824745e-01,4.270000000000000000e+02,9.537302400000000000e+08,1.312612106240000000e+11,1.773587763309478760e-01
3.275000000000000000e+03,6.090000000000000000e+02,3.845852959826820694e+01,1.010152544552210818e-01,1.300000000000000000e+02,4.472865280000000000e+09,1.896853667840000000e+11,5.536481142044067383e-01
3.099000000000000000e+03,3.181000000000000000e+03,4.689116220939391866e+01,1.087856586440842377e-01,1.340000000000000000e+02,2.217295616000000000e+09,1.731536650240000000e+11,6.493409276008605957e-01
6.500000000000000000e+02,8.270000000000000000e+02,1.570737898986680392e+01,1.697056274847713875e-01,1.700000000000000000e+01,5.011012403200000000e+10,1.201295589376000000e+12,1.027397990226745605e+00
8.880000000000000000e+02,2.528000000000000000e+03,2.310882769832456773e+01,9.428090415820634951e-02,2.420000000000000000e+02,6.004398592000000000e+09,2.483300106240000000e+11,2.378903776407241821e-01
5.500000000000000000e+02,2.118000000000000000e+03,1.086289894032462655e+02,1.897658566033678385e-01,9.200000000000000000e+01,1.243117772800000000e+10,4.937068052480000000e+11,1.063179373741149902e+00
3.100000000000000000e+03,1.069000000000000000e+03,2.703528194963257292e+01,1.016394535227177209e-01,7.700000000000000000e+01,2.013876428800000000e+10,8.125853204480000000e+11,1.798575818538665771e-01
3.643000000000000000e+03,3.131000000000000000e+03,2.538636304686576750e+01,1.860163329510811370e-01,1.360000000000000000e+02,7.123006976000000000e+09,3.876921016320000000e+11,3.230233490467071533e-01
1.799000000000000000e+03,7.980000000000000000e+02,3.845553124087071240e+01,1.315334104411640948e-01,1.040000000000000000e+02,6.925968384000000000e+09,3.880816148480000000e+11,3.823973238468170166e-01
2.417000000000000000e+03,2.661000000000000000e+03,1.358281863847789168e+02,1.571348402636772446e-01,1.120000000000000000e+02,3.294868992000000000e+09,4.550815252480000000e+11,1.575487017631530762e+00
3.480000000000000000e+02,3.391000000000000000e+03,1.753917893775868819e+01,2.000000000000000111e-01,1.130000000000000000e+02,2.184168857600000000e+10,5.550306099200000000e+11,1.005207449197769165e-01
1.459000000000000000e+03,2.703000000000000000e+03,1.493116008041799034e+02,1.010152544552210818e-01,2.200000000000000000e+02,3.950469632000000000e+09,2.149358141440000000e+11,2.090374231338500977e+00
3.209000000000000000e+03,2.992000000000000000e+03,1.044639880713736915e+02,1.397542485937368628e-01,1.880000000000000000e+02,4.351213056000000000e+09,3.313075159040000000e+11,4.980710744857788086e-01
1.976000000000000000e+03,1.509000000000000000e+03,3.116911403126285052e+01,1.764705882352941291e-01,6.700000000000000000e+01,1.700488294400000000e+10,3.988162478080000000e+11,1.022485494613647461e+00
3.206000000000000000e+03,3.798000000000000000e+03,1.111726278745014262e+01,1.844626385704036808e-01,5.400000000000000000e+01,2.519146700800000000e+10,8.874719313920000000e+11,2.497666776180267334e-01
3.201000000000000000e+03,3.805000000000000000e+03,1.398884703547272856e+01,1.944406936956339094e-01,5.400000000000000000e+01,2.519146700800000000e+10,8.874719313920000000e+11,2.497666776180267334e-01
2.505000000000000000e+03,1.870000000000000000e+03,3.104401293129377493e+01,1.242259987499883256e-01,1.410000000000000000e+02,7.782827520000000000e+09,4.131430072320000000e+11,2.230915576219558716e-01
2.950000000000000000e+02,2.177000000000000000e+03,2.220601049871554977e+01,1.863389981249824745e-01,3.700000000000000000e+02,9.059478400000000000e+08,1.314143109120000000e+11,1.477978825569152832e-01
3.623000000000000000e+03,3.404000000000000000e+03,7.635117374551607838e+01,9.090909090909091161e-02,5.500000000000000000e+01,2.626351104000000000e+10,8.398834892800000000e+11,2.084592580795288086e+00
1.680000000000000000e+02,2.145000000000000000e+03,5.310397959865100148e+01,1.010152544552210818e-01,2.790000000000000000e+02,4.254184640000000000e+08,2.039951196160000000e+11,1.140684187412261963e-01
6.030000000000000000e+02,3.756000000000000000e+03,3.112347535236892337e+00,1.442220510185595606e-01,5.200000000000000000e+01,2.365812326400000000e+10,1.221729583104000000e+12,2.599559258669614792e-03
6.290000000000000000e+02,4.950000000000000000e+02,3.592177930255977714e+01,1.663780661615406053e-01,1.350000000000000000e+02,6.468990464000000000e+09,3.937586708480000000e+11,4.105822145938873291e-01
4.100000000000000000e+02,3.362000000000000000e+03,5.298407784269752341e+01,1.010152544552210818e-01,2.590000000000000000e+02,4.344062464000000000e+09,2.012363161600000000e+11,1.453052997589111328e+00
3.988000000000000000e+03,2.460000000000000000e+03,9.875013155186626364e+02,9.090909090909091161e-02,3.910000000000000000e+02,3.562672640000000000e+08,1.034982850560000000e+11,6.251024454832077026e-02
2.215000000000000000e+03,3.770000000000000000e+02,1.812471396504128762e+01,1.414213562373095034e-01,5.280000000000000000e+02,4.369823680000000000e+08,8.418496512000000000e+10,1.095780208706855774e-01
1.888000000000000000e+03,2.004000000000000000e+03,1.492366171770681760e+01,1.818181818181818232e-01,4.200000000000000000e+02,3.456649600000000000e+08,1.082970193920000000e+11,5.617187544703483582e-02
3.808000000000000000e+03,2.180000000000000000e+03,1.984278199492577954e+01,1.315334104411640948e-01,3.000000000000000000e+00,6.908092416000000000e+10,3.004823764992000000e+12,6.583381295204162598e-01
3.054000000000000000e+03,2.795000000000000000e+03,1.627750100580965054e+01,1.863389981249824745e-01,4.570000000000000000e+02,5.164264320000000000e+08,1.176898355200000000e+11,1.509268432855606079e-01
3.033000000000000000e+03,8.400000000000000000e+02,6.150143226173535282e+01,1.176877882894626220e-01,9.800000000000000000e+01,6.441727488000000000e+09,4.850621808640000000e+11,1.873759031295776367e+00
1.178000000000000000e+03,2.480000000000000000e+02,5.471193852632313082e+01,1.242259987499883256e-01,1.320000000000000000e+02,7.400962560000000000e+09,4.428619776000000000e+11,4.721095263957977295e-01
2.805000000000000000e+03,3.049000000000000000e+03,1.205103648112954886e+02,7.071067811865475172e-02,7.100000000000000000e+01,1.286694195200000000e+10,6.331708866560000000e+11,2.597814559936523438e+00
1.638000000000000000e+03,9.440000000000000000e+02,3.366405042057498775e+01,1.000000000000000056e-01,4.990000000000000000e+02,5.709086080000000000e+08,8.018909593600000000e+10,5.670700967311859131e-02
2.158000000000000000e+03,2.858000000000000000e+03,4.299215689411656882e+01,1.178511301977579334e-01,3.820000000000000000e+02,9.533651840000000000e+08,1.346881126400000000e+11,1.371839791536331177e-01
8.900000000000000000e+02,2.529000000000000000e+03,2.421890951825382743e+01,6.666666666666666574e-02,2.420000000000000000e+02,6.004398592000000000e+09,2.483300106240000000e+11,2.378903776407241821e-01
6.520000000000000000e+02,1.185000000000000000e+03,3.037035322509044732e+01,2.000000000000000111e-01,1.720000000000000000e+02,5.409788928000000000e+09,2.377434234880000000e+11,1.193508505821228027e+00
2.461000000000000000e+03,3.122000000000000000e+03,2.249567493541170293e+01,7.985957062499249304e-02,1.500000000000000000e+01,7.138964275200000000e+10,1.710274510848000000e+12,2.411046743392944336e+00
9.680000000000000000e+02,2.623000000000000000e+03,5.779190886426904683e+01,1.118033988749894958e-01,9.300000000000000000e+01,9.273953280000000000e+09,5.918494556160000000e+11,1.251332402229309082e+00
3.093000000000000000e+03,3.621000000000000000e+03,1.987525061948784710e+01,1.129384878631564115e-01,2.500000000000000000e+01,4.075406131200000000e+10,1.594271465472000000e+12,3.982214033603668213e-01
1.857000000000000000e+03,1.588000000000000000e+03,2.012674925252546032e+01,1.397542485937368628e-01,2.410000000000000000e+02,5.971275776000000000e+09,2.796593807360000000e+11,2.291269451379776001e-01
4.000000000000000000e+02,1.346000000000000000e+03,1.284699759488043114e+01,1.756820922315766309e-01,1.000000000000000000e+00,9.809676697600000000e+10,3.612387573760000000e+12,1.521267175674438477e+00
1.775000000000000000e+03,1.835000000000000000e+03,1.512005703200556894e+01,1.178511301977579334e-01,3.160000000000000000e+02,3.249704960000000000e+08,1.270914334720000000e+11,7.606749981641769409e-02
1.468000000000000000e+03,2.843000000000000000e+03,1.927378112235617280e+01,1.285648693066450132e-01,4.530000000000000000e+02,6.691361280000000000e+08,1.077576908800000000e+11,2.281382232904434204e-01
3.283000000000000000e+03,3.290000000000000000e+03,6.992281996424362944e+01,6.775963568181181396e-02,5.000000000000000000e+00,5.707350016000000000e+10,2.649217302528000000e+12,1.466975212097167969e+00
1.053000000000000000e+03,1.250000000000000000e+02,3.414593911937557635e+01,1.597191412499849861e-01,1.210000000000000000e+02,6.538542080000000000e+09,2.013881630720000000e+11,1.843194127082824707e+00
2.300000000000000000e+02,2.287000000000000000e+03,1.855919782972490140e+01,1.538461538461538547e-01,2.060000000000000000e+02,1.332004992000000000e+09,1.467900395520000000e+11,1.831086724996566772e-01
3.214000000000000000e+03,2.994000000000000000e+03,4.419880701425601899e+01,1.976423537605237202e-01,1.880000000000000000e+02,4.351213056000000000e+09,3.313075159040000000e+11,4.980710744857788086e-01
6.960000000000000000e+02,2.358000000000000000e+03,2.772858880737151566e+01,1.250000000000000000e-01,1.650000000000000000e+02,5.079975936000000000e+09,3.063907942400000000e+11,7.000707089900970459e-02
1.637000000000000000e+03,3.072000000000000000e+03,8.569949010954196922e+01,2.000000000000000111e-01,1.800000000000000000e+01,3.449834700800000000e+10,1.125269241856000000e+12,5.236464023590087891e+00
2.777000000000000000e+03,3.292000000000000000e+03,4.071385553014820857e+01,1.716929178792375721e-01,6.000000000000000000e+01,1.726131609600000000e+10,6.972415016960000000e+11,3.165255308151245117e+00
3.614000000000000000e+03,3.969000000000000000e+03,3.049485082730985397e+01,1.374903330507991073e-01,6.600000000000000000e+01,3.083681792000000000e+10,8.879675801600000000e+11,1.502096533775329590e+00
2.450000000000000000e+03,5.840000000000000000e+02,5.462684763860351467e+01,1.720052290384453675e-01,2.670000000000000000e+02,1.630969600000000000e+09,1.740751831040000000e+11,1.041671931743621826e-01
3.408000000000000000e+03,2.156000000000000000e+03,3.144131731245185790e+01,7.692307692307692735e-02,2.500000000000000000e+02,1.178411008000000000e+09,1.585962024960000000e+11,2.483482956886291504e-01
1.538000000000000000e+03,1.932000000000000000e+03,1.650174369128943752e+01,1.863389981249824745e-01,2.980000000000000000e+02,4.301437440000000000e+08,1.428876492800000000e+11,4.677122831344604492e-02
2.453000000000000000e+03,5.840000000000000000e+02,2.106754164985398248e+01,1.087856586440842377e-01,2.670000000000000000e+02,1.630969600000000000e+09,1.740751831040000000e+11,1.041671931743621826e-01
1.077000000000000000e+03,3.430000000000000000e+02,1.364567108049165256e+01,1.178511301977579334e-01,4.060000000000000000e+02,7.354413440000000000e+08,1.248251822080000000e+11,9.945515543222427368e-02
3.064000000000000000e+03,3.153000000000000000e+03,6.009215818772906204e+01,1.860163329510811370e-01,1.460000000000000000e+02,7.562950656000000000e+09,3.855246950400000000e+11,1.378396868705749512e+00
3.263000000000000000e+03,1.034000000000000000e+03,3.668626815824435994e+01,1.285648693066450132e-01,3.510000000000000000e+02,4.611075520000000000e+08,1.047695523840000000e+11,1.230139210820198059e-01
2.521000000000000000e+03,5.080000000000000000e+02,1.619986634579620954e+01,1.087856586440842377e-01,3.400000000000000000e+02,1.046708352000000000e+09,1.732076011520000000e+11,3.590988516807556152e-01
3.989000000000000000e+03,2.458000000000000000e+03,2.285276299417076729e+01,1.818181818181818232e-01,3.910000000000000000e+02,3.562672640000000000e+08,1.034982850560000000e+11,6.251024454832077026e-02
2.445000000000000000e+03,1.618000000000000000e+03,3.627888662032552247e+01,1.428571428571428492e-01,2.840000000000000000e+02,2.875249152000000000e+09,1.907125125120000000e+11,3.652689158916473389e-01
3.517000000000000000e+03,1.285000000000000000e+03,8.259870702870324521e+01,6.666666666666666574e-02,1.140000000000000000e+02,6.764808192000000000e+09,2.704004382720000000e+11,1.261621594429016113e+00
4.870000000000000000e+02,1.822000000000000000e+03,1.512681817873698265e+01,1.567630989332169100e-01,1.400000000000000000e+01,2.377802752000000000e+10,9.533723115520000000e+11,2.146925926208496094e+00
3.499000000000000000e+03,3.189000000000000000e+03,5.785750782401871817e+01,1.638886943392722229e-01,3.600000000000000000e+01,2.303946342400000000e+10,7.790489763840000000e+11,2.043790340423583984e+00
2.774000000000000000e+03,1.404000000000000000e+03,1.358496464460797171e+01,1.863389981249824745e-01,4.240000000000000000e+02,6.611686400000000000e+08,1.391274229760000000e+11,1.048767343163490295e-01
3.500000000000000000e+02,3.388000000000000000e+03,2.993201666988122156e+01,1.802775637731994507e-01,1.130000000000000000e+02,2.184168857600000000e+10,5.550306099200000000e+11,1.005207449197769165e-01
3.682000000000000000e+03,1.157000000000000000e+03,6.152042030317073085e+01,1.242259987499883256e-01,3.000000000000000000e+01,2.535121100800000000e+10,4.562780487680000000e+11,3.363192081451416016e+00
2.084000000000000000e+03,4.770000000000000000e+02,4.880661798438043775e+01,1.597191412499849861e-01,2.350000000000000000e+02,2.742836224000000000e+09,2.052629954560000000e+11,5.753920674324035645e-01
2.789000000000000000e+03,1.287000000000000000e+03,4.160205828343999457e+01,9.090909090909091161e-02,4.110000000000000000e+02,3.417309760000000000e+08,9.713848320000000000e+10,6.461390107870101929e-02
8.860000000000000000e+02,2.754000000000000000e+03,1.850482487979927271e+01,1.818181818181818232e-01,4.090000000000000000e+02,4.760597120000000000e+08,9.915284684800000000e+10,5.261505395174026489e-02
1.826000000000000000e+03,1.050000000000000000e+03,9.132421320556574074e+01,1.064794274999899953e-01,1.050000000000000000e+02,6.983964160000000000e+09,6.437818859520000000e+11,3.719874858856201172e+00
1.828000000000000000e+03,1.050000000000000000e+03,6.324354344309222853e+01,1.963383631246505001e-01,1.050000000000000000e+02,6.983964160000000000e+09,6.437818859520000000e+11,3.719874858856201172e+00
2.976000000000000000e+03,2.265000000000000000e+03,2.665672053672304287e+01,7.692307692307692735e-02,3.240000000000000000e+02,3.838052160000000000e+08,1.460147159040000000e+11,1.041521206498146057e-01
3.583000000000000000e+03,1.168000000000000000e+03,1.649524139006036805e+01,1.888525745775105347e-01,7.000000000000000000e+00,9.380154572800000000e+10,1.533485776896000000e+12,6.129750728607177734e+00
1.450000000000000000e+03,1.618000000000000000e+03,5.129290974889487131e+01,1.897658566033678385e-01,6.100000000000000000e+01,1.472875110400000000e+10,5.134962196480000000e+11,1.453196406364440918e+00
3.400000000000000000e+03,2.280000000000000000e+03,4.554510275666572738e+01,1.490711984999859852e-01,1.810000000000000000e+02,4.323384320000000000e+09,2.729334374400000000e+11,1.498810768127441406e+00
2.255000000000000000e+03,5.960000000000000000e+02,4.179634372040872847e+01,1.597191412499849861e-01,2.940000000000000000e+02,1.634616064000000000e+09,2.151905689600000000e+11,1.103780388832092285e+00
2.081000000000000000e+03,2.588000000000000000e+03,1.371251170601918368e+01,1.414213562373095034e-01,5.270000000000000000e+02,4.657545600000000000e+08,7.438140211200000000e+10,1.622687466442584991e-02
4.360000000000000000e+02,2.740000000000000000e+03,4.937751496390610839e+01,1.428571428571428492e-01,8.600000000000000000e+01,1.698641715200000000e+10,6.620944138240000000e+11,0.000000000000000000e+00
1.281000000000000000e+03,3.927000000000000000e+03,8.052369310825353566e+00,1.961161351381840168e-01,4.700000000000000000e+01,2.999850598400000000e+10,1.287392722944000000e+12,2.840396203100681305e-02
6.490000000000000000e+02,8.310000000000000000e+02,1.349294916353931661e+01,8.944271909999158832e-02,1.700000000000000000e+01,5.011012403200000000e+10,1.201295589376000000e+12,1.027397990226745605e+00
2.643000000000000000e+03,2.688000000000000000e+03,2.097933064926265345e+01,1.502313031443328895e-01,6.500000000000000000e+01,1.665853132800000000e+10,1.051559329792000000e+12,3.637619912624359131e-01
3.696000000000000000e+03,3.725000000000000000e+03,1.301683770136509644e+01,1.860163329510811370e-01,1.940000000000000000e+02,6.918756864000000000e+09,3.508476968960000000e+11,4.071498811244964600e-01
5.820000000000000000e+02,2.406000000000000000e+03,1.682362429593403164e+01,1.720052290384453675e-01,4.120000000000000000e+02,1.624076544000000000e+09,1.459722813440000000e+11,3.445019423961639404e-01
3.082000000000000000e+03,2.416000000000000000e+03,3.361732332992527716e+01,1.638886943392722229e-01,2.400000000000000000e+01,3.329379942400000000e+10,8.096457687040000000e+11,7.204747200012207031e-01
2.807000000000000000e+03,2.434000000000000000e+03,3.323090878320895314e+01,1.976423537605237202e-01,1.780000000000000000e+02,4.901150720000000000e+09,2.856818769920000000e+11,7.571734189987182617e-01
3.622000000000000000e+03,3.402000000000000000e+03,4.085162988872934875e+01,1.638886943392722229e-01,5.500000000000000000e+01,2.626351104000000000e+10,8.398834892800000000e+11,2.084592580795288086e+00
3.420000000000000000e+02,6.060000000000000000e+02,9.532239164031149414e+01,7.856742013183862228e-02,7.000000000000000000e+01,8.981068800000000000e+09,4.208595763200000000e+11,2.285867452621459961e+00
3.403000000000000000e+03,1.763000000000000000e+03,3.601033815050738696e+01,1.250000000000000000e-01,1.860000000000000000e+02,6.327045120000000000e+09,3.038577295360000000e+11,2.210036963224411011e-01
1.513000000000000000e+03,2.143000000000000000e+03,2.149908860316810078e+01,1.000000000000000056e-01,5.460000000000000000e+02,5.770684800000000000e+08,7.130678886400000000e+10,1.140145510435104370e-01
1.532000000000000000e+03,3.580000000000000000e+03,1.186030757718807926e+01,1.818181818181818232e-01,4.480000000000000000e+02,3.679502720000000000e+08,1.010303385600000000e+11,1.344575881958007812e-01
2.149000000000000000e+03,1.473000000000000000e+03,4.287274907275469360e+01,9.428090415820634951e-02,1.970000000000000000e+02,1.218683392000000000e+09,2.609859624960000000e+11,4.991658031940460205e-01
2.019000000000000000e+03,3.626000000000000000e+03,2.597128865917020590e+01,1.720052290384453675e-01,3.550000000000000000e+02,8.851233280000000000e+08,1.658235125760000000e+11,1.857640594244003296e-01
3.658000000000000000e+03,4.520000000000000000e+02,2.430347184716055153e+01,1.581138830084189706e-01,1.080000000000000000e+02,2.184303411200000000e+10,6.355629506560000000e+11,4.387347102165222168e-01
1.241000000000000000e+03,1.356000000000000000e+03,1.092416024217622095e+01,1.571348402636772446e-01,5.530000000000000000e+02,3.407267520000000000e+08,4.682190028800000000e+10,0.000000000000000000e+00
1.716000000000000000e+03,3.118000000000000000e+03,6.536385171330366006e+00,1.818181818181818232e-01,4.770000000000000000e+02,5.246966400000000000e+08,1.110055485440000000e+11,2.032410353422164917e-01
3.997000000000000000e+03,2.887000000000000000e+03,4.866202621474859313e+01,1.976423537605237202e-01,2.230000000000000000e+02,6.367427584000000000e+09,2.936652431360000000e+11,7.391481399536132812e-01
9.330000000000000000e+02,5.400000000000000000e+01,1.443007947407120284e+01,1.966404328853304795e-01,0.000000000000000000e+00,6.256252108800000000e+10,5.017748635648000000e+12,4.946801960468292236e-01
5.190000000000000000e+02,1.729000000000000000e+03,3.208447003734688963e+01,1.499999999999999944e-01,8.200000000000000000e+01,1.431748198400000000e+10,5.760375193600000000e+11,7.581126093864440918e-01
3.255000000000000000e+03,1.096000000000000000e+03,1.796615569930879985e+01,2.000000000000000111e-01,4.960000000000000000e+02,5.087050880000000000e+08,8.589599539200000000e+10,7.234873622655868530e-02
2.710000000000000000e+02,2.780000000000000000e+02,2.741770933772093599e+01,1.976423537605237202e-01,2.070000000000000000e+02,2.407505152000000000e+09,2.881149992960000000e+11,1.262694716453552246e+00
3.367000000000000000e+03,6.210000000000000000e+02,7.579576591003488772e+01,1.720052290384453675e-01,3.140000000000000000e+02,1.763617920000000000e+09,1.722417643520000000e+11,9.148865938186645508e-01
4.880000000000000000e+02,1.828000000000000000e+03,1.435462614669905790e+01,1.374903330507991073e-01,1.400000000000000000e+01,2.377802752000000000e+10,9.533723115520000000e+11,2.146925926208496094e+00
2.095000000000000000e+03,3.839000000000000000e+03,5.840569463573330466e+01,1.578947368421052544e-01,1.180000000000000000e+02,1.119032627200000000e+10,4.991444254720000000e+11,8.458191156387329102e-01
3.386000000000000000e+03,3.942000000000000000e+03,3.731257590275414060e+01,1.087856586440842377e-01,3.490000000000000000e+02,2.859807232000000000e+09,1.712656547840000000e+11,6.540271043777465820e-01
3.978000000000000000e+03,2.091000000000000000e+03,8.786300730002200510e+01,7.071067811865475172e-02,8.100000000000000000e+01,1.206914457600000000e+10,6.047352750080000000e+11,3.115982770919799805e+00
1.074000000000000000e+03,3.190000000000000000e+02,4.065179305691072642e+01,1.767766952966368932e-01,1.950000000000000000e+02,7.304026624000000000e+09,2.994953256960000000e+11,1.573765158653259277e+00
2.000000000000000000e+01,1.894000000000000000e+03,6.562558050755909278e+01,1.346870059402947850e-01,6.800000000000000000e+01,1.475188736000000000e+10,6.964029685760000000e+11,2.634758710861206055e+00
2.761000000000000000e+03,3.692000000000000000e+03,1.870215079982461504e+01,1.885618083164126990e-01,8.500000000000000000e+01,2.716291328000000000e+09,2.292095713280000000e+11,6.104024648666381836e-01
3.530000000000000000e+03,3.277000000000000000e+03,1.601904239956652631e+01,2.000000000000000111e-01,5.180000000000000000e+02,4.305430400000000000e+08,8.594245222400000000e+10,6.460960209369659424e-02
2.655000000000000000e+03,2.874000000000000000e+03,1.686024808894566362e+01,4.761904761904761640e-02,8.800000000000000000e+01,1.554958643200000000e+10,7.107728506880000000e+11,2.068511694669723511e-01
3.275000000000000000e+03,1.105000000000000000e+03,5.879462042619157813e+01,6.666666666666666574e-02,2.100000000000000000e+02,3.701318912000000000e+09,2.652073000960000000e+11,6.421301364898681641e-01
1.750000000000000000e+03,2.650000000000000000e+03,1.087342465163565919e+01,1.897658566033678385e-01,1.290000000000000000e+02,6.908323328000000000e+09,4.725664645120000000e+11,1.298392377793788910e-02
3.940000000000000000e+02,1.347000000000000000e+03,1.313697750172024392e+01,1.778645621509124530e-01,1.000000000000000000e+00,9.809676697600000000e+10,3.612387573760000000e+12,1.521267175674438477e+00
8.510000000000000000e+02,2.101000000000000000e+03,3.784089444222421150e+01,1.374903330507991073e-01,4.400000000000000000e+01,3.624191180800000000e+10,9.603648716800000000e+11,5.364645123481750488e-01
3.992000000000000000e+03,1.521000000000000000e+03,3.131809459933261408e+01,1.720052290384453675e-01,3.680000000000000000e+02,1.454576512000000000e+09,1.598858690560000000e+11,2.514202892780303955e-01
3.980000000000000000e+02,8.010000000000000000e+02,9.734927060091710871e+01,1.844626385704036808e-01,5.700000000000000000e+01,2.276455014400000000e+10,8.920157388800000000e+11,3.614920616149902344e+00
2.640000000000000000e+03,2.686000000000000000e+03,2.982927978289331250e+01,5.892556509887896671e-02,6.500000000000000000e+01,1.665853132800000000e+10,1.051559329792000000e+12,3.637619912624359131e-01
1.708000000000000000e+03,2.310000000000000000e+03,5.063145228189280260e+02,7.692307692307692735e-02,3.150000000000000000e+02,1.078892288000000000e+09,1.723000750080000000e+11,2.807259857654571533e-01
1.802000000000000000e+03,8.010000000000000000e+02,3.884073569422827177e+01,1.315334104411640948e-01,1.040000000000000000e+02,6.925968384000000000e+09,3.880816148480000000e+11,3.823973238468170166e-01
1.931000000000000000e+03,2.800000000000000000e+02,1.652616986357316264e+01,1.666666666666666574e-01,3.860000000000000000e+02,4.212420480000000000e+08,1.386538434560000000e+11,4.054447263479232788e-02
2.990000000000000000e+03,1.021000000000000000e+03,5.911055561826007931e+01,1.428571428571428492e-01,1.400000000000000000e+02,4.735647232000000000e+09,2.226532843520000000e+11,2.317846298217773438e+00
2.158000000000000000e+03,2.857000000000000000e+03,2.202341591003358019e+02,8.333333333333332871e-02,3.820000000000000000e+02,9.533651840000000000e+08,1.346881126400000000e+11,1.371839791536331177e-01
1.136000000000000000e+03,3.900000000000000000e+03,8.229037775517882380e+01,1.054092553389459896e-01,6.000000000000000000e+00,3.639146905600000000e+10,2.032646619136000000e+12,2.737049102783203125e+00
3.385000000000000000e+03,3.944000000000000000e+03,4.005772771389089826e+01,7.692307692307692735e-02,3.490000000000000000e+02,2.859807232000000000e+09,1.712656547840000000e+11,6.540271043777465820e-01
9.280000000000000000e+02,4.800000000000000000e+01,1.983015883347619024e+01,1.422183388986658636e-01,0.000000000000000000e+00,6.256252108800000000e+10,5.017748635648000000e+12,4.946801960468292236e-01
3.560000000000000000e+03,1.409000000000000000e+03,3.145442530217432875e+01,1.397542485937368628e-01,1.440000000000000000e+02,6.393047040000000000e+09,3.163068497920000000e+11,2.523791491985321045e-01
3.289000000000000000e+03,3.295000000000000000e+03,3.653348176637670264e+01,1.766955119650091000e-01,5.000000000000000000e+00,5.707350016000000000e+10,2.649217302528000000e+12,1.466975212097167969e+00
9.270000000000000000e+02,5.000000000000000000e+01,1.927347374702278060e+01,8.794027501131680691e-02,0.000000000000000000e+00,6.256252108800000000e+10,5.017748635648000000e+12,4.946801960468292236e-01
3.449000000000000000e+03,5.020000000000000000e+02,6.494257206478405919e+01,1.118033988749894958e-01,6.400000000000000000e+01,1.078310297600000000e+10,5.657055723520000000e+11,8.366629481315612793e-01
3.108000000000000000e+03,3.420000000000000000e+02,5.473593521473441825e+01,1.052631578947368363e-01,1.150000000000000000e+02,2.835620096000000000e+09,5.186958786560000000e+11,1.339670538902282715e+00
2.566000000000000000e+03,3.102000000000000000e+03,4.918920849889180147e+01,1.976423537605237202e-01,1.500000000000000000e+02,5.776248832000000000e+09,3.312523673600000000e+11,1.032350182533264160e+00
3.579000000000000000e+03,1.252000000000000000e+03,2.742074993565446306e+01,1.663780661615406053e-01,1.540000000000000000e+02,4.324669952000000000e+09,3.907342827520000000e+11,1.292291641235351562e+00
3.785000000000000000e+03,1.079000000000000000e+03,8.969494856907671121e+00,1.863389981249824745e-01,4.100000000000000000e+02,9.075399040000000000e+08,1.377786429440000000e+11,1.585731059312820435e-01
3.199000000000000000e+03,3.800000000000000000e+03,1.697322128051001755e+01,1.792654619833765339e-01,5.400000000000000000e+01,2.519146700800000000e+10,8.874719313920000000e+11,2.497666776180267334e-01
8.460000000000000000e+02,2.102000000000000000e+03,5.566687107072113605e+01,1.229750923802691437e-01,4.400000000000000000e+01,3.624191180800000000e+10,9.603648716800000000e+11,5.364645123481750488e-01
3.455000000000000000e+03,2.854000000000000000e+03,2.529116651585900399e+02,0.000000000000000000e+00,1.600000000000000000e+01,3.871990169600000000e+10,5.638400245760000000e+11,1.564823985099792480e+00
1.931000000000000000e+03,2.790000000000000000e+02,3.063085455969980231e+01,8.333333333333332871e-02,3.860000000000000000e+02,4.212420480000000000e+08,1.386538434560000000e+11,4.054447263479232788e-02
2.388000000000000000e+03,1.752000000000000000e+03,7.566894313050472931e+01,0.000000000000000000e+00,1.270000000000000000e+02,7.644780544000000000e+09,4.254506352640000000e+11,3.315616548061370850e-01
1.998000000000000000e+03,2.600000000000000000e+01,5.496610325676267905e+01,1.087856586440842377e-01,2.680000000000000000e+02,3.808952320000000000e+09,1.768822374400000000e+11,7.365403771400451660e-01
1.767000000000000000e+03,4.510000000000000000e+02,7.749472840309536537e+01,1.397542485937368628e-01,1.570000000000000000e+02,3.006642688000000000e+09,2.851074211840000000e+11,3.332279205322265625e+00
3.650000000000000000e+03,2.660000000000000000e+02,2.462570171887431769e+01,1.720052290384453675e-01,3.280000000000000000e+02,1.245889536000000000e+09,1.617924915200000000e+11,6.197083592414855957e-01
7.300000000000000000e+02,2.773000000000000000e+03,1.248486818658698994e+01,1.229750923802691437e-01,5.600000000000000000e+01,3.235718963200000000e+10,9.154533130240000000e+11,4.128287360072135925e-02
2.374000000000000000e+03,3.088000000000000000e+03,1.404197897464041667e+01,1.414213562373095034e-01,5.390000000000000000e+02,4.941144960000000000e+08,6.420025344000000000e+10,4.840463027358055115e-02
1.342000000000000000e+03,1.878000000000000000e+03,2.436387381118271733e+01,1.818181818181818232e-01,2.480000000000000000e+02,3.243550080000000000e+08,1.120837795840000000e+11,1.034625172615051270e-01
2.612000000000000000e+03,8.850000000000000000e+02,4.989162279654114229e+01,1.863389981249824745e-01,3.880000000000000000e+02,3.755893120000000000e+08,1.428837171200000000e+11,9.736385196447372437e-02
5.410000000000000000e+02,2.457000000000000000e+03,5.941416519421176190e+01,1.315334104411640948e-01,1.200000000000000000e+02,6.955766784000000000e+09,3.694168965120000000e+11,7.630509138107299805e-01
3.644000000000000000e+03,3.131000000000000000e+03,3.608638689009730172e+01,1.315334104411640948e-01,1.360000000000000000e+02,7.123006976000000000e+09,3.876921016320000000e+11,3.230233490467071533e-01
3.271000000000000000e+03,2.766000000000000000e+03,1.945910076508764774e+01,1.717960677340691911e-01,4.100000000000000000e+01,2.046601625600000000e+10,1.033987227648000000e+12,3.614742457866668701e-01
3.423000000000000000e+03,2.399000000000000000e+03,4.539241033758266752e+01,1.720052290384453675e-01,2.330000000000000000e+02,1.306718592000000000e+09,1.563776942080000000e+11,2.441019564867019653e-01
1.857000000000000000e+03,1.080000000000000000e+02,2.114200967428216416e+01,1.000000000000000056e-01,5.380000000000000000e+02,5.728568960000000000e+08,8.585194700800000000e+10,5.062877759337425232e-02
1.766000000000000000e+03,1.270000000000000000e+03,3.556163760977376143e+01,1.242259987499883256e-01,1.610000000000000000e+02,7.484448768000000000e+09,4.207674654720000000e+11,1.975223869085311890e-01
6.900000000000000000e+01,3.762000000000000000e+03,2.848163741957309014e+01,0.000000000000000000e+00,1.730000000000000000e+02,7.743961088000000000e+09,3.678486200320000000e+11,5.720635876059532166e-02
3.697000000000000000e+03,1.379000000000000000e+03,3.341969624853122411e+01,1.176470588235294101e-01,1.670000000000000000e+02,7.098905088000000000e+09,3.708694036480000000e+11,3.250155225396156311e-02
1.949000000000000000e+03,1.595000000000000000e+03,1.729703981414186131e+01,1.490711984999859852e-01,2.650000000000000000e+02,2.214661888000000000e+09,2.296571658240000000e+11,1.728671044111251831e-01
8.880000000000000000e+02,1.435000000000000000e+03,1.070196795392418210e+02,8.838834764831844659e-02,1.230000000000000000e+02,2.147000576000000000e+09,3.132934717440000000e+11,1.244235396385192871e+00
1.889000000000000000e+03,2.003000000000000000e+03,1.193672170321642945e+01,1.285648693066450132e-01,4.200000000000000000e+02,3.456649600000000000e+08,1.082970193920000000e+11,5.617187544703483582e-02
1.840000000000000000e+02,3.229000000000000000e+03,2.417219517640154081e+01,1.414213562373095034e-01,5.300000000000000000e+02,4.330543360000000000e+08,8.370465996800000000e+10,6.094821169972419739e-02
2.346000000000000000e+03,3.108000000000000000e+03,3.098901929359101715e+01,1.571348402636772446e-01,1.330000000000000000e+02,8.948759552000000000e+09,4.674728427520000000e+11,5.500524640083312988e-01
1.445000000000000000e+03,1.623000000000000000e+03,5.097049767022482314e+01,1.897658566033678385e-01,6.100000000000000000e+01,1.472875110400000000e+10,5.134962196480000000e+11,1.453196406364440918e+00
3.065000000000000000e+03,3.152000000000000000e+03,5.001861219969023153e+01,1.663780661615406053e-01,1.460000000000000000e+02,7.562950656000000000e+09,3.855246950400000000e+11,1.378396868705749512e+00
3.150000000000000000e+03,3.273000000000000000e+03,3.665029861054984650e+01,1.490711984999859852e-01,2.380000000000000000e+02,2.390858752000000000e+09,2.606460928000000000e+11,6.457555890083312988e-01
2.406000000000000000e+03,1.307000000000000000e+03,1.179998721057234974e+02,8.281733249999222168e-02,2.200000000000000000e+01,5.448031846400000000e+10,1.445857329152000000e+12,2.244370937347412109e+00
4.320000000000000000e+02,1.010000000000000000e+03,2.195938258716592983e+01,7.692307692307692735e-02,3.380000000000000000e+02,2.803419904000000000e+09,1.737776660480000000e+11,3.774279057979583740e-01
3.269000000000000000e+03,1.567000000000000000e+03,4.721602126654348552e+01,1.010152544552210818e-01,3.040000000000000000e+02,1.364470144000000000e+09,1.844859043840000000e+11,2.695780396461486816e-01
2.730000000000000000e+02,2.740000000000000000e+02,8.655530204129667027e+01,1.976423537605237202e-01,2.070000000000000000e+02,2.407505152000000000e+09,2.881149992960000000e+11,1.262694716453552246e+00
2.319000000000000000e+03,2.810000000000000000e+03,6.869063283069991712e+02,7.142857142857142461e-02,2.660000000000000000e+02,1.482024960000000000e+09,2.057319055360000000e+11,4.525501430034637451e-01
1.837000000000000000e+03,9.890000000000000000e+02,4.316376905334566061e+01,1.720052290384453675e-01,2.110000000000000000e+02,1.127867776000000000e+09,1.801016770560000000e+11,3.102087974548339844e-01
3.967000000000000000e+03,2.612000000000000000e+03,4.887137559881317372e+01,1.242259987499883256e-01,1.450000000000000000e+02,5.611709952000000000e+09,4.007164313600000000e+11,6.379430890083312988e-01
2.882000000000000000e+03,3.532000000000000000e+03,1.226386951726465391e+01,5.892556509887896671e-02,3.900000000000000000e+01,1.933491814400000000e+10,1.077381758976000000e+12,1.537795662879943848e-01
2.256000000000000000e+03,1.122000000000000000e+03,7.763820474235454405e+00,1.961161351381840168e-01,2.800000000000000000e+01,4.360073216000000000e+10,1.367401955328000000e+12,4.216426908969879150e-01
3.216000000000000000e+03,2.709000000000000000e+03,1.814002994127628554e+01,1.000000000000000056e-01,4.890000000000000000e+02,4.634747200000000000e+08,8.028896460800000000e+10,1.377580612897872925e-01
3.017000000000000000e+03,5.640000000000000000e+02,5.119611615094419932e+01,0.000000000000000000e+00,1.160000000000000000e+02,6.805506560000000000e+09,4.243692257280000000e+11,2.449444308876991272e-02
6.260000000000000000e+02,4.940000000000000000e+02,3.819704669039457912e+01,1.860163329510811370e-01,1.350000000000000000e+02,6.468990464000000000e+09,3.937586708480000000e+11,4.105822145938873291e-01
2.459000000000000000e+03,3.118000000000000000e+03,3.657268265812103181e+01,7.985957062499249304e-02,1.500000000000000000e+01,7.138964275200000000e+10,1.710274510848000000e+12,2.411046743392944336e+00
9.200000000000000000e+02,4.700000000000000000e+01,1.848480763553320116e+01,1.904938945343086221e-01,0.000000000000000000e+00,6.256252108800000000e+10,5.017748635648000000e+12,4.946801960468292236e-01
9.270000000000000000e+02,4.900000000000000000e+01,1.903569010328167366e+01,1.090764867073068245e-01,0.000000000000000000e+00,6.256252108800000000e+10,5.017748635648000000e+12,4.946801960468292236e-01
1.609000000000000000e+03,2.960000000000000000e+03,9.100096421871172936e+01,1.229750923802691437e-01,5.100000000000000000e+01,3.191295590400000000e+10,8.522985635840000000e+11,3.693249225616455078e+00
7.560000000000000000e+02,4.540000000000000000e+02,6.183830622701906421e+00,1.863389981249824745e-01,3.810000000000000000e+02,6.290839680000000000e+08,1.287525908480000000e+11,7.089257985353469849e-02
2.033000000000000000e+03,7.830000000000000000e+02,1.365221109943871092e+01,6.734350297014739251e-02,8.900000000000000000e+01,2.648002355200000000e+10,6.947226255360000000e+11,2.919432893395423889e-02
1.359000000000000000e+03,1.757000000000000000e+03,3.132646648099318654e+01,1.010152544552210818e-01,2.970000000000000000e+02,3.201915904000000000e+09,1.979195555840000000e+11,8.615502715110778809e-01
2.521000000000000000e+03,1.009000000000000000e+03,1.619683667998770460e+01,1.243293543263444545e-01,1.900000000000000000e+01,4.698338508800000000e+10,1.740785844224000000e+12,5.655762553215026855e-01
3.871000000000000000e+03,1.989000000000000000e+03,6.319382392052635566e+01,1.638886943392722229e-01,1.000000000000000000e+01,3.875450880000000000e+10,7.929460817920000000e+11,4.334609508514404297e+00
1.170000000000000000e+03,2.728000000000000000e+03,3.604485948598135678e+02,1.178511301977579334e-01,3.470000000000000000e+02,1.402579840000000000e+09,1.235072778240000000e+11,2.255139648914337158e-01
3.679000000000000000e+03,2.888000000000000000e+03,3.689014628101753601e+01,7.407407407407406996e-02,2.700000000000000000e+01,5.914858700800000000e+10,1.389970718720000000e+12,1.606564044952392578e+00
1.248000000000000000e+03,2.168000000000000000e+03,6.885315628311711578e+01,7.692307692307692735e-02,3.340000000000000000e+02,6.826451840000000000e+08,1.621331640320000000e+11,2.349519878625869751e-01
3.225000000000000000e+03,9.900000000000000000e+02,3.082289002291566860e+01,1.064794274999899953e-01,9.500000000000000000e+01,2.260675584000000000e+10,6.546320916480000000e+11,8.015154600143432617e-01
2.883000000000000000e+03,1.450000000000000000e+02,2.998171162877104834e+01,7.142857142857142461e-02,2.780000000000000000e+02,4.122584832000000000e+09,2.122228858880000000e+11,5.414686799049377441e-01
1.273000000000000000e+03,3.924000000000000000e+03,2.207676568773648995e+01,1.386750490563072868e-01,4.700000000000000000e+01,2.999850598400000000e+10,1.287392722944000000e+12,2.840396203100681305e-02
1.560000000000000000e+03,4.160000000000000000e+02,1.666266992110931255e+01,1.597191412499849861e-01,2.630000000000000000e+02,2.143266560000000000e+09,2.131313459200000000e+11,3.043325841426849365e-01
1.910000000000000000e+03,3.055000000000000000e+03,2.661560067568311894e+01,1.860163329510811370e-01,1.250000000000000000e+02,5.219138560000000000e+09,3.399035781120000000e+11,7.701998949050903320e-01
2.120000000000000000e+02,3.385000000000000000e+03,1.319913730576167588e+01,1.285648693066450132e-01,3.900000000000000000e+02,5.208784320000000000e+08,8.706557542400000000e+10,7.612831145524978638e-02
3.368000000000000000e+03,6.230000000000000000e+02,1.406975566984175430e+02,0.000000000000000000e+00,3.140000000000000000e+02,1.763617920000000000e+09,1.722417643520000000e+11,9.148865938186645508e-01
3.770000000000000000e+03,1.258000000000000000e+03,3.649101907731700578e+01,1.363636363636363535e-01,3.500000000000000000e+01,2.187055104000000000e+10,8.474401177600000000e+11,4.325410366058349609e+00
3.693000000000000000e+03,2.341000000000000000e+03,3.506855683534524815e+01,1.720052290384453675e-01,3.870000000000000000e+02,1.063596416000000000e+09,1.528079974400000000e+11,2.094728499650955200e-01
3.078000000000000000e+03,2.312000000000000000e+03,3.000838612904643554e+01,1.597191412499849861e-01,3.070000000000000000e+02,1.405687680000000000e+09,1.940398571520000000e+11,2.708486020565032959e-01
1.144000000000000000e+03,3.902000000000000000e+03,4.278519103984323380e+01,1.943650631615100322e-01,6.000000000000000000e+00,3.639146905600000000e+10,2.032646619136000000e+12,2.737049102783203125e+00
1.832000000000000000e+03,3.659000000000000000e+03,2.315777075058362655e+01,1.885618083164126990e-01,2.290000000000000000e+02,2.036898944000000000e+09,2.471114833920000000e+11,2.126524001359939575e-01
2.984000000000000000e+03,2.208000000000000000e+03,7.753847963633253926e+01,2.000000000000000111e-01,2.000000000000000000e+02,1.603066368000000000e+09,2.519666196480000000e+11,6.580364108085632324e-01
2.831000000000000000e+03,3.850000000000000000e+02,1.635559010011697012e+01,1.863389981249824745e-01,3.590000000000000000e+02,1.778059392000000000e+09,1.233275371520000000e+11,2.190171927213668823e-01
8.150000000000000000e+02,1.467000000000000000e+03,3.676382289944096726e+01,1.581138830084189706e-01,9.900000000000000000e+01,8.371488768000000000e+09,6.211557130240000000e+11,6.079373955726623535e-01
3.463000000000000000e+03,1.156000000000000000e+03,1.952938104286907901e+02,1.571348402636772446e-01,2.930000000000000000e+02,6.319281280000000000e+08,5.722381516800000000e+10,1.415007412433624268e-01
2.972000000000000000e+03,3.718000000000000000e+03,9.718882210769000096e+01,1.578947368421052544e-01,9.100000000000000000e+01,1.009944064000000000e+10,4.783271772160000000e+11,2.100039958953857422e+00
3.960000000000000000e+02,1.354000000000000000e+03,1.777946858678720332e+01,7.856742013183862228e-02,1.000000000000000000e+00,9.809676697600000000e+10,3.612387573760000000e+12,1.521267175674438477e+00
6.970000000000000000e+02,3.279000000000000000e+03,3.985922900191442864e+01,1.010152544552210818e-01,3.010000000000000000e+02,1.804538496000000000e+09,1.979466547200000000e+11,3.347387015819549561e-01
7.720000000000000000e+02,2.425000000000000000e+03,3.306423928506504950e+01,1.597191412499849861e-01,3.050000000000000000e+02,5.268018688000000000e+09,1.916077998080000000e+11,1.323084235191345215e-01
1.770000000000000000e+03,4.530000000000000000e+02,8.342643778799025256e+01,1.250000000000000000e-01,1.570000000000000000e+02,3.006642688000000000e+09,2.851074211840000000e+11,3.332279205322265625e+00
2.723000000000000000e+03,2.724000000000000000e+03,3.593580147626608579e+01,9.428090415820634951e-02,2.340000000000000000e+02,1.103645952000000000e+09,2.464357416960000000e+11,1.935859620571136475e-01
3.404000000000000000e+03,1.761000000000000000e+03,3.323321732998692823e+01,6.250000000000000000e-02,1.860000000000000000e+02,6.327045120000000000e+09,3.038577295360000000e+11,2.210036963224411011e-01
2.030000000000000000e+02,3.730000000000000000e+02,4.656209348711954021e+01,1.242259987499883256e-01,1.660000000000000000e+02,4.560578048000000000e+09,4.044796723200000000e+11,1.807749032974243164e+00
3.585000000000000000e+03,1.165000000000000000e+03,1.597208172930740488e+01,1.851851851851851749e-01,7.000000000000000000e+00,9.380154572800000000e+10,1.533485776896000000e+12,6.129750728607177734e+00
3.148000000000000000e+03,2.825000000000000000e+03,2.042089331928169926e+01,1.767766952966368932e-01,1.840000000000000000e+02,5.275306880000000000e+08,3.603607552000000000e+10,6.645198166370391846e-02
2.234000000000000000e+03,2.161000000000000000e+03,1.108490324428444573e+01,1.897658566033678385e-01,1.190000000000000000e+02,1.317935820800000000e+10,5.372063252480000000e+11,2.801064588129520416e-02
3.535000000000000000e+03,1.729000000000000000e+03,2.299099982236842976e+01,1.597191412499849861e-01,2.830000000000000000e+02,2.923252992000000000e+09,1.953971404800000000e+11,5.708111524581909180e-01
3.977000000000000000e+03,2.423000000000000000e+03,2.154734539941638616e+01,1.442220510185595606e-01,1.100000000000000000e+01,8.969981952000000000e+10,1.230720466944000000e+12,1.840681076049804688e+00
9.240000000000000000e+02,5.200000000000000000e+01,7.759663999733385253e+01,3.449301371641695646e-02,0.000000000000000000e+00,6.256252108800000000e+10,5.017748635648000000e+12,4.946801960468292236e-01
3.878000000000000000e+03,1.990000000000000000e+03,7.248536723319601549e+01,1.874138920735300140e-01,1.000000000000000000e+01,3.875450880000000000e+10,7.929460817920000000e+11,4.334609508514404297e+00
8.470000000000000000e+02,2.102000000000000000e+03,4.799692720430816451e+01,9.722034684781695468e-02,4.400000000000000000e+01,3.624191180800000000e+10,9.603648716800000000e+11,5.364645123481750488e-01
9.390000000000000000e+02,3.824000000000000000e+03,6.033976691965655448e+01,1.802775637731994507e-01,5.300000000000000000e+01,2.429449011200000000e+10,6.189681868800000000e+11,2.166602373123168945e+00
1.010000000000000000e+02,1.328000000000000000e+03,9.402276424344363193e+01,1.666666666666666574e-01,4.500000000000000000e+01,2.534583910400000000e+10,1.017070354432000000e+12,1.962765812873840332e+00
3.979000000000000000e+03,2.089000000000000000e+03,6.894987370007660843e+01,1.802775637731994507e-01,8.100000000000000000e+01,1.206914457600000000e+10,6.047352750080000000e+11,3.115982770919799805e+00
4.410000000000000000e+02,2.738000000000000000e+03,1.433982728408187235e+01,1.346870059402947850e-01,8.600000000000000000e+01,1.698641715200000000e+10,6.620944138240000000e+11,0.000000000000000000e+00
2.175000000000000000e+03,1.657000000000000000e+03,2.189315285244030562e+01,1.863389981249824745e-01,3.540000000000000000e+02,1.108747776000000000e+09,1.321549332480000000e+11,1.288112699985504150e-01
3.202000000000000000e+03,3.800000000000000000e+03,4.079332643117354706e+01,6.148754619013457184e-02,5.400000000000000000e+01,2.519146700800000000e+10,8.874719313920000000e+11,2.497666776180267334e-01
3.441000000000000000e+03,1.706000000000000000e+03,2.957982791136974399e+01,1.863389981249824745e-01,3.710000000000000000e+02,7.614969600000000000e+08,1.344475709440000000e+11,1.444125473499298096e-01
3.624000000000000000e+03,3.406000000000000000e+03,3.930283643831885598e+01,1.016394535227177209e-01,5.500000000000000000e+01,2.626351104000000000e+10,8.398834892800000000e+11,2.084592580795288086e+00
3.695000000000000000e+03,3.720000000000000000e+03,2.872722123080121293e+01,1.663780661615406053e-01,1.940000000000000000e+02,6.918756864000000000e+09,3.508476968960000000e+11,4.071498811244964600e-01
1.569000000000000000e+03,2.987000000000000000e+03,1.037235063635000074e+02,1.597191412499849861e-01,2.020000000000000000e+02,2.328323840000000000e+09,2.013348003840000000e+11,7.615254521369934082e-01
3.028000000000000000e+03,6.820000000000000000e+02,2.694622348816062285e+01,1.285648693066450132e-01,3.580000000000000000e+02,4.677896000000000000e+08,9.871838412800000000e+10,2.364605963230133057e-01
3.175000000000000000e+03,2.667000000000000000e+03,1.872990455596362835e+01,8.838834764831844659e-02,2.550000000000000000e+02,2.954721792000000000e+09,2.781572300800000000e+11,5.748847723007202148e-01
3.970000000000000000e+02,1.359000000000000000e+03,9.653717423571871237e+00,1.964185503295965418e-01,1.000000000000000000e+00,9.809676697600000000e+10,3.612387573760000000e+12,1.521267175674438477e+00
2.170000000000000000e+02,2.137000000000000000e+03,2.061308416749596972e+01,9.090909090909091161e-02,4.610000000000000000e+02,4.170769600000000000e+08,1.028115415040000000e+11,1.044431626796722412e-01
3.206000000000000000e+03,1.947000000000000000e+03,4.020920666661455556e+01,1.581138830084189706e-01,1.060000000000000000e+02,1.809531289600000000e+10,5.961819095040000000e+11,9.301034808158874512e-01
1.640000000000000000e+02,2.075000000000000000e+03,1.498668640545352204e+01,1.538461538461538547e-01,3.530000000000000000e+02,4.977177280000000000e+08,1.564966584320000000e+11,6.748562306165695190e-02
2.405000000000000000e+03,1.311000000000000000e+03,2.428737135501723543e+01,1.171213948210510919e-01,2.200000000000000000e+01,5.448031846400000000e+10,1.445857329152000000e+12,2.244370937347412109e+00
3.441000000000000000e+03,1.702000000000000000e+03,3.985664135699604316e+01,1.863389981249824745e-01,3.710000000000000000e+02,7.614969600000000000e+08,1.344475709440000000e+11,1.444125473499298096e-01
2.020000000000000000e+03,3.375000000000000000e+03,9.400843316095225077e+01,1.176877882894626220e-01,1.020000000000000000e+02,7.167281664000000000e+09,4.982148956160000000e+11,1.543027639389038086e+00
8.860000000000000000e+02,1.435000000000000000e+03,6.158375113466789230e+01,1.976423537605237202e-01,1.230000000000000000e+02,2.147000576000000000e+09,3.132934717440000000e+11,1.244235396385192871e+00
9.180000000000000000e+02,5.000000000000000000e+01,1.556525630701353435e+01,1.857505635576563174e-01,0.000000000000000000e+00,6.256252108800000000e+10,5.017748635648000000e+12,4.946801960468292236e-01
1.190000000000000000e+02,2.326000000000000000e+03,2.782386984139558805e+01,1.199999999999999956e-01,2.300000000000000000e+01,3.876257382400000000e+10,1.158851198976000000e+12,9.720131754875183105e-01
3.150000000000000000e+03,3.271000000000000000e+03,5.243256261266773066e+01,1.490711984999859852e-01,2.380000000000000000e+02,2.390858752000000000e+09,2.606460928000000000e+11,6.457555890083312988e-01
5.540000000000000000e+02,2.119000000000000000e+03,4.797513431748525647e+01,1.488645855129573925e-01,9.200000000000000000e+01,1.243117772800000000e+10,4.937068052480000000e+11,1.063179373741149902e+00
3.386000000000000000e+03,3.945000000000000000e+03,1.894996676536606728e+01,1.720052290384453675e-01,3.490000000000000000e+02,2.859807232000000000e+09,1.712656547840000000e+11,6.540271043777465820e-01
1.931000000000000000e+03,3.885000000000000000e+03,4.098845392440615854e+01,1.567630989332169100e-01,4.200000000000000000e+01,3.713277542400000000e+10,9.399391354880000000e+11,8.075914978981018066e-01
3.031000000000000000e+03,8.390000000000000000e+02,5.556847200353218597e+01,1.052631578947368363e-01,9.800000000000000000e+01,6.441727488000000000e+09,4.850621808640000000e+11,1.873759031295776367e+00
1.683000000000000000e+03,1.851000000000000000e+03,1.706880619640818253e+01,1.087856586440842377e-01,2.430000000000000000e+02,1.882682496000000000e+09,1.662704517120000000e+11,2.110286802053451538e-01
1.122000000000000000e+03,9.890000000000000000e+02,1.729306638868528267e+01,1.778645621509124530e-01,2.000000000000000000e+00,6.382575616000000000e+10,3.543532568576000000e+12,8.956543803215026855e-01
2.730000000000000000e+02,2.760000000000000000e+02,4.383054210069183227e+02,8.838834764831844659e-02,2.070000000000000000e+02,2.407505152000000000e+09,2.881149992960000000e+11,1.262694716453552246e+00
3.617000000000000000e+03,3.970000000000000000e+03,2.638344415311181024e+01,8.695652173913043237e-02,6.600000000000000000e+01,3.083681792000000000e+10,8.879675801600000000e+11,1.502096533775329590e+00
2.427000000000000000e+03,3.457000000000000000e+03,4.163729237531749838e+00,1.720052290384453675e-01,4.250000000000000000e+02,1.232576640000000000e+09,1.675933614080000000e+11,1.858382225036621094e-01
3.292000000000000000e+03,1.552000000000000000e+03,7.210365459641323582e+01,2.000000000000000111e-01,9.000000000000000000e+01,1.548399206400000000e+10,6.150358302720000000e+11,1.962381601333618164e+00
3.444000000000000000e+03,1.705000000000000000e+03,1.816088801156008969e+01,1.863389981249824745e-01,3.710000000000000000e+02,7.614969600000000000e+08,1.344475709440000000e+11,1.444125473499298096e-01
3.539000000000000000e+03,2.641000000000000000e+03,3.763100536642411953e+01,1.178511301977579334e-01,4.170000000000000000e+02,1.205259136000000000e+09,1.323084103680000000e+11,4.606420993804931641e-01
3.404000000000000000e+03,2.277000000000000000e+03,2.276290176805955667e+01,1.885618083164126990e-01,1.810000000000000000e+02,4.323384320000000000e+09,2.729334374400000000e+11,1.498810768127441406e+00
2.257000000000000000e+03,5.930000000000000000e+02,5.585815454231147470e+01,1.010152544552210818e-01,2.940000000000000000e+02,1.634616064000000000e+09,2.151905689600000000e+11,1.103780388832092285e+00
1.117000000000000000e+03,9.910000000000000000e+02,1.887044581392708764e+01,8.784104611578831545e-02,2.000000000000000000e+00,6.382575616000000000e+10,3.543532568576000000e+12,8.956543803215026855e-01
3.097000000000000000e+03,1.068000000000000000e+03,1.884067246836152165e+01,1.638886943392722229e-01,7.700000000000000000e+01,2.013876428800000000e+10,8.125853204480000000e+11,1.798575818538665771e-01
1.979000000000000000e+03,1.513000000000000000e+03,2.365770725620227566e+01,1.860163329510811370e-01,6.700000000000000000e+01,1.700488294400000000e+10,3.988162478080000000e+11,1.022485494613647461e+00
2.927000000000000000e+03,2.882000000000000000e+03,6.713860923741224340e+00,1.818181818181818232e-01,4.920000000000000000e+02,6.830520320000000000e+08,1.082530938880000000e+11,1.015448495745658875e-01
2.405000000000000000e+03,1.306000000000000000e+03,2.908257213251785345e+01,8.281733249999222168e-02,2.200000000000000000e+01,5.448031846400000000e+10,1.445857329152000000e+12,2.244370937347412109e+00
2.090000000000000000e+03,3.837000000000000000e+03,3.194977344707206512e+01,1.488645855129573925e-01,1.180000000000000000e+02,1.119032627200000000e+10,4.991444254720000000e+11,8.458191156387329102e-01
8.140000000000000000e+02,1.466000000000000000e+03,4.477834556599570703e+01,1.414213562373095034e-01,9.900000000000000000e+01,8.371488768000000000e+09,6.211557130240000000e+11,6.079373955726623535e-01
1.713000000000000000e+03,1.475000000000000000e+03,2.395735352876158331e+01,1.863389981249824745e-01,3.840000000000000000e+02,1.221574144000000000e+09,1.177819627520000000e+11,1.518055200576782227e-01
3.623000000000000000e+03,3.403000000000000000e+03,6.703521949541142533e+01,1.016394535227177209e-01,5.500000000000000000e+01,2.626351104000000000e+10,8.398834892800000000e+11,2.084592580795288086e+00
2.160000000000000000e+03,8.710000000000000000e+02,9.067938840012429225e+00,0.000000000000000000e+00,4.020000000000000000e+02,8.113301120000000000e+08,1.239251189760000000e+11,2.592163085937500000e-01
2.066000000000000000e+03,1.161000000000000000e+03,4.499047852589662853e+02,1.087856586440842377e-01,3.430000000000000000e+02,9.461294720000000000e+08,1.510497648640000000e+11,2.699825167655944824e-01
3.533000000000000000e+03,1.729000000000000000e+03,4.668069820118961388e+01,7.142857142857142461e-02,2.830000000000000000e+02,2.923252992000000000e+09,1.953971404800000000e+11,5.708111524581909180e-01
1.644000000000000000e+03,3.071000000000000000e+03,9.780508844845931549e+01,1.442220510185595606e-01,1.800000000000000000e+01,3.449834700800000000e+10,1.125269241856000000e+12,5.236464023590087891e+00
3.310000000000000000e+02,1.477000000000000000e+03,1.754108422226734021e+01,1.000000000000000056e-01,1.300000000000000000e+01,4.897171865600000000e+10,2.033823121408000000e+12,2.753273546695709229e-01
1.634000000000000000e+03,1.598000000000000000e+03,2.332027515834733933e+01,1.756820922315766309e-01,1.260000000000000000e+02,8.510359040000000000e+09,4.107794513920000000e+11,1.171465665102005005e-01
3.200000000000000000e+03,3.798000000000000000e+03,1.191363276306749164e+01,1.844626385704036808e-01,5.400000000000000000e+01,2.519146700800000000e+10,8.874719313920000000e+11,2.497666776180267334e-01
3.050000000000000000e+03,3.397000000000000000e+03,2.281498721570313037e+01,9.316949906249123725e-02,4.900000000000000000e+01,3.686430310400000000e+10,1.007178809344000000e+12,2.341371476650238037e-01
2.689000000000000000e+03,3.099000000000000000e+03,1.285762740359786171e+01,9.090909090909091161e-02,3.180000000000000000e+02,4.437283200000000000e+08,1.011630325760000000e+11,1.458956897258758545e-01
1.619000000000000000e+03,2.432000000000000000e+03,9.804068154118067469e+01,1.000000000000000056e-01,3.770000000000000000e+02,4.487530560000000000e+08,8.237314867200000000e+10,3.543758392333984375e-02
3.264000000000000000e+03,1.031000000000000000e+03,3.283382223195452809e+01,1.818181818181818232e-01,3.510000000000000000e+02,4.611075520000000000e+08,1.047695523840000000e+11,1.230139210820198059e-01
3.970000000000000000e+02,8.070000000000000000e+02,1.115467917075574746e+02,1.567630989332169100e-01,5.700000000000000000e+01,2.276455014400000000e+10,8.920157388800000000e+11,3.614920616149902344e+00
2.410000000000000000e+02,2.927000000000000000e+03,2.284411928693904770e+01,1.176470588235294101e-01,1.510000000000000000e+02,7.397843456000000000e+09,3.663055421440000000e+11,4.148328006267547607e-01
3.176000000000000000e+03,2.665000000000000000e+03,1.421820315577658711e+01,1.397542485937368628e-01,2.550000000000000000e+02,2.954721792000000000e+09,2.781572300800000000e+11,5.748847723007202148e-01
4.380000000000000000e+02,2.741000000000000000e+03,1.635305140869309071e+01,6.734350297014739251e-02,8.600000000000000000e+01,1.698641715200000000e+10,6.620944138240000000e+11,0.000000000000000000e+00
1.935000000000000000e+03,3.891000000000000000e+03,2.163251004134567523e+01,1.792654619833765339e-01,4.200000000000000000e+01,3.713277542400000000e+10,9.399391354880000000e+11,8.075914978981018066e-01
1.810000000000000000e+02,2.699000000000000000e+03,2.266144424755129805e+01,1.897658566033678385e-01,1.100000000000000000e+02,1.130036121600000000e+10,4.833563115520000000e+11,1.303891420364379883e+00
6.480000000000000000e+02,8.260000000000000000e+02,2.297140108144310489e+01,1.649242250247064112e-01,1.700000000000000000e+01,5.011012403200000000e+10,1.201295589376000000e+12,1.027397990226745605e+00
2.248000000000000000e+03,1.340000000000000000e+03,4.974109584305484333e+01,1.638886943392722229e-01,8.000000000000000000e+01,1.309234585600000000e+10,7.702168862720000000e+11,1.206064105033874512e+00
2.579000000000000000e+03,8.330000000000000000e+02,2.328179210055526838e+01,8.600261451922268374e-02,8.000000000000000000e+00,4.508758425600000000e+10,1.280955383808000000e+12,2.201740026473999023e+00
3.444000000000000000e+03,5.030000000000000000e+02,8.677305597005560855e+01,1.499999999999999944e-01,6.400000000000000000e+01,1.078310297600000000e+10,5.657055723520000000e+11,8.366629481315612793e-01
2.214000000000000000e+03,3.790000000000000000e+02,1.992988086843672590e+01,1.000000000000000056e-01,5.280000000000000000e+02,4.369823680000000000e+08,8.418496512000000000e+10,1.095780208706855774e-01
5.730000000000000000e+02,3.368000000000000000e+03,2.727438743881011973e+01,1.538461538461538547e-01,3.610000000000000000e+02,1.879146368000000000e+09,1.646172241920000000e+11,5.032388567924499512e-01
7.900000000000000000e+01,2.051000000000000000e+03,2.501811632011626614e+02,1.000000000000000056e-01,4.870000000000000000e+02,4.257509440000000000e+08,7.042217574400000000e+10,1.255667507648468018e-01
1.610000000000000000e+02,2.074000000000000000e+03,5.071918229565105918e+01,1.087856586440842377e-01,3.530000000000000000e+02,4.977177280000000000e+08,1.564966584320000000e+11,6.748562306165695190e-02
2.248000000000000000e+03,1.346000000000000000e+03,5.405637502590370786e+02,1.638886943392722229e-01,8.000000000000000000e+01,1.309234585600000000e+10,7.702168862720000000e+11,1.206064105033874512e+00
3.694000000000000000e+03,1.620000000000000000e+02,1.059017058921325827e+02,6.734350297014739251e-02,7.500000000000000000e+01,2.454544179200000000e+10,6.556142141440000000e+11,2.213511466979980469e+00
8.230000000000000000e+02,3.694000000000000000e+03,1.140840262222507562e+01,1.666666666666666574e-01,4.230000000000000000e+02,9.719873280000000000e+08,1.230443724800000000e+11,1.102859601378440857e-01
3.444000000000000000e+03,5.050000000000000000e+02,6.859637753360641454e+01,1.802775637731994507e-01,6.400000000000000000e+01,1.078310297600000000e+10,5.657055723520000000e+11,8.366629481315612793e-01
3.289000000000000000e+03,1.555000000000000000e+03,8.709747433722041876e+01,1.581138830084189706e-01,9.000000000000000000e+01,1.548399206400000000e+10,6.150358302720000000e+11,1.962381601333618164e+00
2.215000000000000000e+03,3.749000000000000000e+03,2.253613189890860724e+01,1.285648693066450132e-01,3.750000000000000000e+02,8.697420160000000000e+08,1.005694976000000000e+11,1.373969614505767822e-01
3.620000000000000000e+03,3.971000000000000000e+03,1.548963545628555671e+01,1.844626385704036808e-01,6.600000000000000000e+01,3.083681792000000000e+10,8.879675801600000000e+11,1.502096533775329590e+00
1.805000000000000000e+03,6.850000000000000000e+02,3.882750048586895986e+01,1.176877882894626220e-01,1.010000000000000000e+02,1.021766656000000000e+10,4.976323788800000000e+11,1.474550127983093262e+00
2.879000000000000000e+03,3.530000000000000000e+03,2.286611769319759091e+01,9.316949906249123725e-02,3.900000000000000000e+01,1.933491814400000000e+10,1.077381758976000000e+12,1.537795662879943848e-01
1.171000000000000000e+03,2.731000000000000000e+03,2.888937386228248982e+01,1.666666666666666574e-01,3.470000000000000000e+02,1.402579840000000000e+09,1.235072778240000000e+11,2.255139648914337158e-01
3.993000000000000000e+03,3.587000000000000000e+03,1.254896607326957891e+01,1.000000000000000056e-01,5.240000000000000000e+02,3.507831040000000000e+08,7.029905817600000000e+10,4.946159571409225464e-02
3.320000000000000000e+02,1.481000000000000000e+03,1.686722116022420082e+01,1.490711984999859852e-01,1.300000000000000000e+01,4.897171865600000000e+10,2.033823121408000000e+12,2.753273546695709229e-01
1.395000000000000000e+03,2.009000000000000000e+03,5.222404230358458221e+01,1.414213562373095034e-01,4.650000000000000000e+02,1.172124032000000000e+09,6.815429427200000000e+10,2.032373994588851929e-01
3.864000000000000000e+03,2.040000000000000000e+02,2.565403452286236785e+01,1.000000000000000056e-01,5.060000000000000000e+02,4.104839360000000000e+08,7.197821337600000000e+10,4.777587950229644775e-02
5.520000000000000000e+02,8.050000000000000000e+02,4.453934864275620242e+01,8.333333333333332871e-02,2.910000000000000000e+02,7.737177600000000000e+08,1.375668305920000000e+11,8.290322870016098022e-02
3.978000000000000000e+03,2.093000000000000000e+03,1.297423865201430431e+02,7.071067811865475172e-02,8.100000000000000000e+01,1.206914457600000000e+10,6.047352750080000000e+11,3.115982770919799805e+00
3.807000000000000000e+03,2.180000000000000000e+03,1.835139886445922386e+01,1.583872002098383469e-01,3.000000000000000000e+00,6.908092416000000000e+10,3.004823764992000000e+12,6.583381295204162598e-01
1.611000000000000000e+03,2.955000000000000000e+03,1.127861734382566965e+02,1.304347826086956486e-01,5.100000000000000000e+01,3.191295590400000000e+10,8.522985635840000000e+11,3.693249225616455078e+00
1.569000000000000000e+03,2.986000000000000000e+03,1.214429650888650514e+02,1.010152544552210818e-01,2.020000000000000000e+02,2.328323840000000000e+09,2.013348003840000000e+11,7.615254521369934082e-01
4.120000000000000000e+02,3.225000000000000000e+03,1.738657456908207166e+01,1.885618083164126990e-01,2.280000000000000000e+02,4.945746432000000000e+09,2.675654328320000000e+11,5.228156447410583496e-01
1.975000000000000000e+03,1.513000000000000000e+03,4.088555692774839656e+01,8.318903308077030267e-02,6.700000000000000000e+01,1.700488294400000000e+10,3.988162478080000000e+11,1.022485494613647461e+00
6.460000000000000000e+02,1.747000000000000000e+03,1.725773288374314802e+02,1.346870059402947850e-01,2.100000000000000000e+01,2.680886272000000000e+10,7.169793720320000000e+11,5.465441703796386719e+00
1.289000000000000000e+03,1.799000000000000000e+03,4.150701117892561598e+01,1.264911064067351931e-01,5.000000000000000000e+01,3.057143193600000000e+10,1.127562608640000000e+12,2.546044588088989258e+00
2.448000000000000000e+03,1.618000000000000000e+03,4.058892282920263739e+01,7.142857142857142461e-02,2.840000000000000000e+02,2.875249152000000000e+09,1.907125125120000000e+11,3.652689158916473389e-01
3.076000000000000000e+03,2.312000000000000000e+03,7.805532240012072975e+01,7.142857142857142461e-02,3.070000000000000000e+02,1.405687680000000000e+09,1.940398571520000000e+11,2.708486020565032959e-01
3.020000000000000000e+03,3.270000000000000000e+03,1.501140744572096075e+01,1.462979547282511894e-01,2.000000000000000000e+01,4.071325696000000000e+10,1.826836054016000000e+12,6.263589262962341309e-01
3.205000000000000000e+03,1.948000000000000000e+03,3.970218405133108064e+01,2.000000000000000111e-01,1.060000000000000000e+02,1.809531289600000000e+10,5.961819095040000000e+11,9.301034808158874512e-01
1.741000000000000000e+03,2.687000000000000000e+03,5.509333635855044520e+01,7.692307692307692735e-02,3.330000000000000000e+02,1.039117440000000000e+09,1.621559214080000000e+11,4.655950963497161865e-01
1.936000000000000000e+03,3.890000000000000000e+03,2.191344958505267826e+01,1.567630989332169100e-01,4.200000000000000000e+01,3.713277542400000000e+10,9.399391354880000000e+11,8.075914978981018066e-01
2.389000000000000000e+03,1.752000000000000000e+03,1.218582109467613463e+02,5.555555555555555247e-02,1.270000000000000000e+02,7.644780544000000000e+09,4.254506352640000000e+11,3.315616548061370850e-01
3.079000000000000000e+03,8.630000000000000000e+02,6.587586213777898081e+01,1.250000000000000000e-01,1.930000000000000000e+02,2.731847680000000000e+09,2.914863022080000000e+11,4.136207401752471924e-01
2.775000000000000000e+03,1.405000000000000000e+03,1.917616740910613871e+01,8.333333333333332871e-02,4.240000000000000000e+02,6.611686400000000000e+08,1.391274229760000000e+11,1.048767343163490295e-01
9.290000000000000000e+02,5.400000000000000000e+01,1.430769260081060956e+01,1.005635518443331877e-01,0.000000000000000000e+00,6.256252108800000000e+10,5.017748635648000000e+12,4.946801960468292236e-01
2.559000000000000000e+03,1.633000000000000000e+03,1.773290697898059776e+01,1.863389981249824745e-01,4.420000000000000000e+02,6.175178880000000000e+08,1.357595607040000000e+11,1.168741956353187561e-01
2.477000000000000000e+03,2.287000000000000000e+03,2.033878240704545348e+01,1.767766952966368932e-01,1.700000000000000000e+02,5.476801024000000000e+09,3.088722821120000000e+11,2.779350578784942627e-01
1.824000000000000000e+03,1.933000000000000000e+03,3.955650760584061487e+01,1.490711984999859852e-01,1.580000000000000000e+02,3.659788544000000000e+09,2.476780093440000000e+11,1.194774508476257324e+00
1.750000000000000000e+03,2.648000000000000000e+03,1.178975639185122226e+01,1.578947368421052544e-01,1.290000000000000000e+02,6.908323328000000000e+09,4.725664645120000000e+11,1.298392377793788910e-02
1.708000000000000000e+03,2.309000000000000000e+03,5.079593719408429706e+02,1.087856586440842377e-01,3.150000000000000000e+02,1.078892288000000000e+09,1.723000750080000000e+11,2.807259857654571533e-01
1.833000000000000000e+03,3.659000000000000000e+03,2.273278607492853354e+01,1.490711984999859852e-01,2.290000000000000000e+02,2.036898944000000000e+09,2.471114833920000000e+11,2.126524001359939575e-01
3.287000000000000000e+03,3.293000000000000000e+03,4.963044968441577254e+01,9.582659576267817114e-02,5.000000000000000000e+00,5.707350016000000000e+10,2.649217302528000000e+12,1.466975212097167969e+00
2.602000000000000000e+03,6.000000000000000000e+00,2.251599151310761471e+01,1.785714285714285754e-01,3.100000000000000000e+01,4.701029990400000000e+10,1.551441461248000000e+12,1.145187914371490479e-01
3.260000000000000000e+03,9.990000000000000000e+02,3.142543118239200695e+01,1.490711984999859852e-01,2.370000000000000000e+02,3.028088576000000000e+09,2.741256683520000000e+11,8.339931368827819824e-01
2.612000000000000000e+03,1.970000000000000000e+02,4.137111591197501781e+01,1.414213562373095034e-01,3.780000000000000000e+02,7.901998720000000000e+08,7.528497971200000000e+10,3.059149384498596191e-01
1.820000000000000000e+02,2.696000000000000000e+03,4.937150881067756103e+01,1.176877882894626220e-01,1.100000000000000000e+02,1.130036121600000000e+10,4.833563115520000000e+11,1.303891420364379883e+00
8.480000000000000000e+02,2.097000000000000000e+03,5.952684661314515324e+01,1.304347826086956486e-01,4.400000000000000000e+01,3.624191180800000000e+10,9.603648716800000000e+11,5.364645123481750488e-01
3.422000000000000000e+03,2.402000000000000000e+03,4.559987492276643906e+01,1.720052290384453675e-01,2.330000000000000000e+02,1.306718592000000000e+09,1.563776942080000000e+11,2.441019564867019653e-01
2.560000000000000000e+03,1.634000000000000000e+03,1.601154982474891852e+01,1.863389981249824745e-01,4.420000000000000000e+02,6.175178880000000000e+08,1.357595607040000000e+11,1.168741956353187561e-01
3.385000000000000000e+03,5.510000000000000000e+02,1.653684117271494713e+01,1.818181818181818232e-01,4.520000000000000000e+02,1.277099264000000000e+09,1.132982763520000000e+11,3.467215597629547119e-01
1.624000000000000000e+03,5.900000000000000000e+01,2.133349916068414487e+01,1.666666666666666574e-01,1.520000000000000000e+02,6.782518272000000000e+09,4.246518824960000000e+11,2.314141094684600830e-01
6.980000000000000000e+02,3.281000000000000000e+03,3.052790027478482671e+01,7.142857142857142461e-02,3.010000000000000000e+02,1.804538496000000000e+09,1.979466547200000000e+11,3.347387015819549561e-01
1.538000000000000000e+03,1.933000000000000000e+03,1.730763434669185230e+01,1.666666666666666574e-01,2.980000000000000000e+02,4.301437440000000000e+08,1.428876492800000000e+11,4.677122831344604492e-02
3.546000000000000000e+03,2.486000000000000000e+03,3.770789714245819368e+01,1.016394535227177209e-01,5.800000000000000000e+01,2.581009408000000000e+10,7.758674001920000000e+11,3.101233243942260742e-01
2.843000000000000000e+03,3.417000000000000000e+03,1.957890677771747434e+01,1.010152544552210818e-01,2.690000000000000000e+02,3.732552704000000000e+09,1.932583239680000000e+11,6.719071269035339355e-01
1.478000000000000000e+03,2.503000000000000000e+03,2.322978972200742120e+01,1.414213562373095034e-01,4.720000000000000000e+02,4.016520960000000000e+08,8.023802675200000000e+10,5.511809885501861572e-02
2.920000000000000000e+02,2.178000000000000000e+03,2.061117300804130181e+01,1.863389981249824745e-01,3.700000000000000000e+02,9.059478400000000000e+08,1.314143109120000000e+11,1.477978825569152832e-01
3.668000000000000000e+03,2.365000000000000000e+03,5.003534744663425471e+01,9.090909090909091161e-02,3.190000000000000000e+02,1.109675008000000000e+09,1.021182033920000000e+11,3.329687714576721191e-01
1.066000000000000000e+03,2.721000000000000000e+03,1.346628072939016185e+01,1.720052290384453675e-01,3.410000000000000000e+02,3.815032640000000000e+08,1.797301043200000000e+11,1.261608004570007324e-01
1.856000000000000000e+03,1.590000000000000000e+03,3.537426192393130009e+01,0.000000000000000000e+00,2.410000000000000000e+02,5.971275776000000000e+09,2.796593807360000000e+11,2.291269451379776001e-01
1.148000000000000000e+03,1.561000000000000000e+03,1.099090079226417060e+02,1.538461538461538547e-01,3.300000000000000000e+02,2.119310720000000000e+09,1.798008668160000000e+11,4.700740873813629150e-01
2.680000000000000000e+02,2.516000000000000000e+03,3.117376499428429426e+01,2.000000000000000111e-01,4.880000000000000000e+02,3.446647680000000000e+08,7.219331072000000000e+10,1.478291600942611694e-01
3.078000000000000000e+03,8.660000000000000000e+02,4.036525479919261272e+01,8.838834764831844659e-02,1.930000000000000000e+02,2.731847680000000000e+09,2.914863022080000000e+11,4.136207401752471924e-01
2.519000000000000000e+03,1.017000000000000000e+03,2.223899505861244918e+01,1.724137931034482873e-01,1.900000000000000000e+01,4.698338508800000000e+10,1.740785844224000000e+12,5.655762553215026855e-01
1.832000000000000000e+03,8.840000000000000000e+02,1.838894832097944843e+01,1.490711984999859852e-01,2.130000000000000000e+02,5.969742848000000000e+09,2.418833326080000000e+11,5.127511620521545410e-01
3.540000000000000000e+02,3.390000000000000000e+03,2.381372593514513625e+01,1.118033988749894958e-01,1.130000000000000000e+02,2.184168857600000000e+10,5.550306099200000000e+11,1.005207449197769165e-01
3.426000000000000000e+03,2.400000000000000000e+03,4.170510181324474530e+01,1.720052290384453675e-01,2.330000000000000000e+02,1.306718592000000000e+09,1.563776942080000000e+11,2.441019564867019653e-01
1.199000000000000000e+03,1.658000000000000000e+03,7.496664796472224168e+01,1.087856586440842377e-01,3.200000000000000000e+02,7.277636480000000000e+08,1.468350791680000000e+11,5.582069978117942810e-02
1.500000000000000000e+01,1.891000000000000000e+03,7.853386251296230114e+01,1.505846504842085487e-01,6.800000000000000000e+01,1.475188736000000000e+10,6.964029685760000000e+11,2.634758710861206055e+00
3.810000000000000000e+03,2.182000000000000000e+03,4.730972385744853881e+01,5.882352941176470507e-02,3.000000000000000000e+00,6.908092416000000000e+10,3.004823764992000000e+12,6.583381295204162598e-01
2.334000000000000000e+03,2.431000000000000000e+03,1.539221168071530066e+01,6.148754619013457184e-02,2.600000000000000000e+01,3.573933670400000000e+10,9.417555968000000000e+11,4.417076408863067627e-01
2.560000000000000000e+02,2.022000000000000000e+03,1.945131734207754448e+01,1.818181818181818232e-01,2.490000000000000000e+02,5.548407040000000000e+08,9.916914892800000000e+10,7.880068570375442505e-02
3.682000000000000000e+03,2.890000000000000000e+03,3.881072782122478770e+01,8.281733249999222168e-02,2.700000000000000000e+01,5.914858700800000000e+10,1.389970718720000000e+12,1.606564044952392578e+00
2.100000000000000000e+01,1.890000000000000000e+03,7.451328175052989877e+01,1.716929178792375721e-01,6.800000000000000000e+01,1.475188736000000000e+10,6.964029685760000000e+11,2.634758710861206055e+00
3.049000000000000000e+03,3.395000000000000000e+03,1.988118237422940027e+01,1.666666666666666574e-01,4.900000000000000000e+01,3.686430310400000000e+10,1.007178809344000000e+12,2.341371476650238037e-01
2.333000000000000000e+03,2.431000000000000000e+03,1.926990524382424042e+01,4.347826086956521618e-02,2.600000000000000000e+01,3.573933670400000000e+10,9.417555968000000000e+11,4.417076408863067627e-01
6.090000000000000000e+02,9.260000000000000000e+02,1.703614594768062318e+01,1.346870059402947850e-01,9.600000000000000000e+01,1.947561779200000000e+10,6.610042224640000000e+11,7.008498907089233398e-01
3.962000000000000000e+03,1.520000000000000000e+02,8.359278149864266538e+00,1.414213562373095034e-01,5.230000000000000000e+02,3.432707200000000000e+08,7.294445977600000000e+10,2.091309241950511932e-02
3.270000000000000000e+03,1.567000000000000000e+03,5.767162261316391181e+01,1.597191412499849861e-01,3.040000000000000000e+02,1.364470144000000000e+09,1.844859043840000000e+11,2.695780396461486816e-01
3.270000000000000000e+03,2.774000000000000000e+03,1.179112645280339322e+01,1.863389981249824745e-01,4.100000000000000000e+01,2.046601625600000000e+10,1.033987227648000000e+12,3.614742457866668701e-01
5.740000000000000000e+02,8.090000000000000000e+02,3.640404607101945800e+01,9.428090415820634951e-02,1.750000000000000000e+02,3.009767936000000000e+09,2.583236935680000000e+11,8.106874227523803711e-01
3.587000000000000000e+03,1.167000000000000000e+03,2.507778157666573549e+01,8.281733249999222168e-02,7.000000000000000000e+00,9.380154572800000000e+10,1.533485776896000000e+12,6.129750728607177734e+00
9.290000000000000000e+02,5.500000000000000000e+01,1.369133067730901310e+01,1.090764867073068245e-01,0.000000000000000000e+00,6.256252108800000000e+10,5.017748635648000000e+12,4.946801960468292236e-01
4.110000000000000000e+02,3.222000000000000000e+03,8.187476588122997612e+01,9.428090415820634951e-02,2.280000000000000000e+02,4.945746432000000000e+09,2.675654328320000000e+11,5.228156447410583496e-01
3.093000000000000000e+03,3.613000000000000000e+03,2.663266471388195811e+01,1.821078397711708707e-01,2.500000000000000000e+01,4.075406131200000000e+10,1.594271465472000000e+12,3.982214033603668213e-01
1.974000000000000000e+03,1.511000000000000000e+03,8.209126339906372039e+01,1.315334104411640948e-01,6.700000000000000000e+01,1.700488294400000000e+10,3.988162478080000000e+11,1.022485494613647461e+00
4.330000000000000000e+02,1.720000000000000000e+03,1.247222245919917150e+01,1.666666666666666574e-01,4.970000000000000000e+02,1.157343488000000000e+09,1.159915765760000000e+11,1.662979573011398315e-01
3.820000000000000000e+03,3.622000000000000000e+03,2.400229094800986474e+01,8.333333333333332871e-02,4.320000000000000000e+02,1.166526592000000000e+09,1.280955924480000000e+11,2.534527182579040527e-01
3.333000000000000000e+03,8.130000000000000000e+02,9.536672102826014452e+01,8.318903308077030267e-02,1.070000000000000000e+02,5.534158336000000000e+09,3.997822812160000000e+11,1.193592190742492676e+00
1.818000000000000000e+03,1.769000000000000000e+03,1.544691151028556675e+01,1.720052290384453675e-01,3.630000000000000000e+02,1.110215040000000000e+09,1.638658539520000000e+11,3.112209439277648926e-01
5.170000000000000000e+02,1.731000000000000000e+03,3.080511529545783844e+01,1.118033988749894958e-01,8.200000000000000000e+01,1.431748198400000000e+10,5.760375193600000000e+11,7.581126093864440918e-01
3.528000000000000000e+03,3.279000000000000000e+03,2.363349713016975429e+01,2.000000000000000111e-01,5.180000000000000000e+02,4.305430400000000000e+08,8.594245222400000000e+10,6.460960209369659424e-02
2.417000000000000000e+03,2.385000000000000000e+03,1.817167567484916546e+01,1.863389981249824745e-01,3.600000000000000000e+02,4.854508160000000000e+08,1.191350026240000000e+11,9.310474246740341187e-02
2.546000000000000000e+03,2.503000000000000000e+03,1.048098095218353336e+02,1.000000000000000056e-01,5.160000000000000000e+02,3.467728640000000000e+08,7.465073868800000000e+10,4.812555760145187378e-02
2.420000000000000000e+02,1.278000000000000000e+03,2.110546789427635161e+01,1.597191412499849861e-01,2.620000000000000000e+02,1.951409664000000000e+09,2.083741040640000000e+11,4.481662213802337646e-01
3.290000000000000000e+03,1.558000000000000000e+03,7.429407316234657799e+01,1.414213562373095034e-01,9.000000000000000000e+01,1.548399206400000000e+10,6.150358302720000000e+11,1.962381601333618164e+00
7.370000000000000000e+02,3.037000000000000000e+03,1.808535534202511386e+01,1.756820922315766309e-01,1.690000000000000000e+02,7.073868288000000000e+09,4.103612989440000000e+11,8.517970144748687744e-02
2.044000000000000000e+03,2.215000000000000000e+03,1.480314206728178661e+01,1.720052290384453675e-01,3.950000000000000000e+02,4.258775296000000000e+09,1.522953748480000000e+11,3.139898777008056641e-01
1.949000000000000000e+03,1.569000000000000000e+03,2.640543415459045917e+01,1.176470588235294101e-01,1.680000000000000000e+02,4.238181888000000000e+09,3.463638876160000000e+11,4.832215607166290283e-01
2.736000000000000000e+03,1.334000000000000000e+03,5.589157360420796294e+01,1.976423537605237202e-01,1.760000000000000000e+02,4.940628480000000000e+09,3.123316326400000000e+11,9.549114704132080078e-01
2.390000000000000000e+03,9.190000000000000000e+02,2.058610437091079248e+01,1.397542485937368628e-01,2.040000000000000000e+02,3.971941632000000000e+09,3.158566174720000000e+11,1.042898535728454590e+00
2.884000000000000000e+03,3.528000000000000000e+03,1.280816341502223565e+01,1.767766952966368654e-01,3.900000000000000000e+01,1.933491814400000000e+10,1.077381758976000000e+12,1.537795662879943848e-01
1.359000000000000000e+03,1.759000000000000000e+03,3.107266741580869152e+01,1.010152544552210818e-01,2.970000000000000000e+02,3.201915904000000000e+09,1.979195555840000000e+11,8.615502715110778809e-01
2.146000000000000000e+03,3.760000000000000000e+02,3.346235758913726244e+01,2.000000000000000111e-01,2.140000000000000000e+02,3.986595328000000000e+09,2.548667187200000000e+11,7.246758341789245605e-01
3.095000000000000000e+03,1.263000000000000000e+03,4.224733384350606968e+01,1.963383631246505001e-01,8.300000000000000000e+01,1.246250700800000000e+10,7.244424151040000000e+11,6.080859303474426270e-01
1.947000000000000000e+03,1.565000000000000000e+03,4.502344977286601591e+01,1.663780661615406053e-01,1.680000000000000000e+02,4.238181888000000000e+09,3.463638876160000000e+11,4.832215607166290283e-01
2.767000000000000000e+03,2.833000000000000000e+03,2.853954106092484366e+01,1.597191412499849861e-01,2.740000000000000000e+02,5.361046528000000000e+09,2.169306480640000000e+11,4.103452265262603760e-01
3.801000000000000000e+03,6.200000000000000000e+02,5.981258248997836802e+01,1.333333333333333315e-01,1.900000000000000000e+02,5.169756160000000000e+09,2.290967183360000000e+11,7.144913673400878906e-01
3.178000000000000000e+03,3.282000000000000000e+03,1.736433479760450282e+01,2.000000000000000111e-01,2.710000000000000000e+02,3.838027520000000000e+08,8.083017728000000000e+10,2.200188860297203064e-02
8.870000000000000000e+02,2.531000000000000000e+03,2.215031549571578395e+01,1.885618083164126990e-01,2.420000000000000000e+02,6.004398592000000000e+09,2.483300106240000000e+11,2.378903776407241821e-01
2.072000000000000000e+03,2.849000000000000000e+03,4.676395497206343066e+01,1.428571428571428492e-01,1.200000000000000000e+01,2.315846656000000000e+10,7.122979389440000000e+11,2.079156398773193359e+00
3.281000000000000000e+03,3.294000000000000000e+03,2.658411068554058332e+01,1.092591295595148199e-01,5.000000000000000000e+00,5.707350016000000000e+10,2.649217302528000000e+12,1.466975212097167969e+00
2.290000000000000000e+02,1.119000000000000000e+03,5.115453720054857456e+01,1.874138920735300140e-01,4.800000000000000000e+01,1.859853926400000000e+10,8.332313886720000000e+11,3.081290960311889648e+00
9.260000000000000000e+02,4.680000000000000000e+02,4.831565885279479033e+01,1.961161351381840168e-01,9.000000000000000000e+00,4.472099635200000000e+10,1.283299213312000000e+12,1.054935455322265625e+01
2.881000000000000000e+03,1.430000000000000000e+02,3.408715150789140580e+01,1.597191412499849861e-01,2.780000000000000000e+02,4.122584832000000000e+09,2.122228858880000000e+11,5.414686799049377441e-01
2.735000000000000000e+03,2.462000000000000000e+03,6.615259882963597704e+01,9.316949906249123725e-02,3.700000000000000000e+01,2.916994662400000000e+10,1.049209339904000000e+12,5.184139728546142578e+00
2.973000000000000000e+03,4.300000000000000000e+01,3.471981923570912443e+01,1.087856586440842377e-01,2.900000000000000000e+01,3.051142758400000000e+10,1.378565881856000000e+12,1.916203647851943970e-02
3.039000000000000000e+03,2.115000000000000000e+03,2.287931840179738074e+01,1.666666666666666574e-01,2.250000000000000000e+02,1.045512128000000000e+09,1.299353436160000000e+11,1.811029165983200073e-01
2.178000000000000000e+03,1.658000000000000000e+03,4.137681213854663298e+01,8.333333333333332871e-02,3.540000000000000000e+02,1.108747776000000000e+09,1.321549332480000000e+11,1.288112699985504150e-01
2.169000000000000000e+03,2.616000000000000000e+03,4.348065631763819852e+02,0.000000000000000000e+00,7.800000000000000000e+01,1.819584102400000000e+10,8.121544212480000000e+11,4.277330338954925537e-01
9.660000000000000000e+02,2.625000000000000000e+03,6.240851788449769799e+01,5.000000000000000278e-02,9.300000000000000000e+01,9.273953280000000000e+09,5.918494556160000000e+11,1.251332402229309082e+00
2.239000000000000000e+03,3.791000000000000000e+03,2.985257274927587900e+01,1.792654619833765339e-01,6.900000000000000000e+01,4.348610969600000000e+10,9.070498283520000000e+11,7.620597723871469498e-03
2.020000000000000000e+02,3.730000000000000000e+02,4.542493478131321183e+01,1.571348402636772446e-01,1.660000000000000000e+02,4.560578048000000000e+09,4.044796723200000000e+11,1.807749032974243164e+00
1.765000000000000000e+03,2.969000000000000000e+03,2.498355065770625316e+01,9.090909090909091161e-02,4.840000000000000000e+02,9.773773440000000000e+08,9.686238003200000000e+10,1.202004104852676392e-01
1.635000000000000000e+03,1.597000000000000000e+03,2.658033021161439180e+01,1.571348402636772446e-01,1.260000000000000000e+02,8.510359040000000000e+09,4.107794513920000000e+11,1.171465665102005005e-01
6.950000000000000000e+02,2.361000000000000000e+03,2.786819619188089803e+01,8.838834764831844659e-02,1.650000000000000000e+02,5.079975936000000000e+09,3.063907942400000000e+11,7.000707089900970459e-02
3.301000000000000000e+03,2.017000000000000000e+03,1.317636260856436934e+02,1.178511301977579334e-01,3.270000000000000000e+02,4.566016960000000000e+08,1.440871219200000000e+11,1.437596380710601807e-01
3.441000000000000000e+03,1.606000000000000000e+03,2.112374772765633679e+01,1.597191412499849861e-01,2.700000000000000000e+02,7.359706240000000000e+08,1.932054364160000000e+11,8.216810971498489380e-02
3.019000000000000000e+03,3.273000000000000000e+03,1.808090220113670199e+01,1.379310344827586188e-01,2.000000000000000000e+01,4.071325696000000000e+10,1.826836054016000000e+12,6.263589262962341309e-01
2.777000000000000000e+03,3.290000000000000000e+03,6.160186801986169769e+01,1.064794274999899953e-01,6.000000000000000000e+01,1.726131609600000000e+10,6.972415016960000000e+11,3.165255308151245117e+00
9.290000000000000000e+02,6.000000000000000000e+01,1.065551430224664564e+01,1.966404328853304795e-01,0.000000000000000000e+00,6.256252108800000000e+10,5.017748635648000000e+12,4.946801960468292236e-01
6.070000000000000000e+02,2.594000000000000000e+03,7.345289235058066879e+01,8.600261451922268374e-02,3.300000000000000000e+01,3.162380492800000000e+10,1.302926065664000000e+12,2.007309532165527344e+01
6.720000000000000000e+02,1.612000000000000000e+03,3.097147183777783752e+01,1.488645855129573925e-01,1.170000000000000000e+02,9.497686016000000000e+09,5.323860869120000000e+11,5.192977190017700195e-01
3.623000000000000000e+03,3.406000000000000000e+03,4.549499381349928484e+01,1.285648693066450132e-01,5.500000000000000000e+01,2.626351104000000000e+10,8.398834892800000000e+11,2.084592580795288086e+00
1.804000000000000000e+03,6.880000000000000000e+02,5.388165634750927779e+01,1.176877882894626220e-01,1.010000000000000000e+02,1.021766656000000000e+10,4.976323788800000000e+11,1.474550127983093262e+00
9.210000000000000000e+02,5.600000000000000000e+01,1.688873293084279936e+01,1.219512195121951192e-01,0.000000000000000000e+00,6.256252108800000000e+10,5.017748635648000000e+12,4.946801960468292236e-01
1.441000000000000000e+03,1.477000000000000000e+03,2.401546643486028998e+01,1.976423537605237202e-01,2.170000000000000000e+02,7.385863168000000000e+09,2.996693893120000000e+11,1.486081480979919434e-01
2.652000000000000000e+03,2.875000000000000000e+03,1.179864638397062393e+01,1.716929178792375721e-01,8.800000000000000000e+01,1.554958643200000000e+10,7.107728506880000000e+11,2.068511694669723511e-01
3.152000000000000000e+03,2.890000000000000000e+03,1.308056457229904979e+01,1.285648693066450132e-01,1.790000000000000000e+02,6.148529920000000000e+08,9.080494489600000000e+10,9.723433107137680054e-02
3.991000000000000000e+03,3.587000000000000000e+03,1.660852422881766017e+02,1.000000000000000056e-01,5.240000000000000000e+02,3.507831040000000000e+08,7.029905817600000000e+10,4.946159571409225464e-02
2.684000000000000000e+03,3.216000000000000000e+03,3.224280593039294018e+01,9.428090415820634951e-02,1.910000000000000000e+02,3.331605504000000000e+09,2.606805483520000000e+11,1.485942959785461426e+00
3.873000000000000000e+03,5.370000000000000000e+02,4.260252187306592475e+01,1.860163329510811370e-01,1.630000000000000000e+02,6.503384064000000000e+09,3.622422118400000000e+11,4.421492815017700195e-01
2.025000000000000000e+03,3.377000000000000000e+03,5.096398440172209376e+01,1.664356663246515655e-01,1.020000000000000000e+02,7.167281664000000000e+09,4.982148956160000000e+11,1.543027639389038086e+00
3.978000000000000000e+03,2.416000000000000000e+03,1.608806855702640348e+01,2.000000000000000111e-01,1.100000000000000000e+01,8.969981952000000000e+10,1.230720466944000000e+12,1.840681076049804688e+00
7.590000000000000000e+02,1.559000000000000000e+03,5.808826247484423533e+01,1.490711984999859852e-01,1.590000000000000000e+02,4.272983296000000000e+09,2.772747223040000000e+11,1.467877030372619629e+00
2.442000000000000000e+03,4.840000000000000000e+02,3.167196120708958773e+01,1.720052290384453675e-01,2.720000000000000000e+02,1.676722560000000000e+09,1.726652252160000000e+11,3.619681596755981445e-01
3.096000000000000000e+03,1.069000000000000000e+03,1.715096055917114626e+01,1.638886943392722229e-01,7.700000000000000000e+01,2.013876428800000000e+10,8.125853204480000000e+11,1.798575818538665771e-01
3.149000000000000000e+03,2.889000000000000000e+03,1.229307214436369300e+01,1.818181818181818232e-01,1.790000000000000000e+02,6.148529920000000000e+08,9.080494489600000000e+10,9.723433107137680054e-02
2.090000000000000000e+03,3.903000000000000000e+03,3.246511620542158738e+01,1.538461538461538547e-01,2.640000000000000000e+02,3.405308672000000000e+09,1.508058726400000000e+11,7.838104367256164551e-01
1.352000000000000000e+03,7.900000000000000000e+02,9.788302592980126349e+01,9.428090415820634951e-02,2.320000000000000000e+02,4.975838208000000000e+09,2.611013058560000000e+11,8.704357743263244629e-01
3.100000000000000000e+03,1.260000000000000000e+03,8.913199361872899829e+01,1.064794274999899953e-01,8.300000000000000000e+01,1.246250700800000000e+10,7.244424151040000000e+11,6.080859303474426270e-01
3.428000000000000000e+03,9.420000000000000000e+02,4.588118429127943187e+01,5.882352941176470507e-02,1.620000000000000000e+02,8.009004032000000000e+09,3.621181194240000000e+11,7.825241237878799438e-02
2.247000000000000000e+03,1.344000000000000000e+03,1.265311279951629615e+02,1.437398936440172637e-01,8.000000000000000000e+01,1.309234585600000000e+10,7.702168862720000000e+11,1.206064105033874512e+00
1.643000000000000000e+03,3.073000000000000000e+03,7.249351485674961282e+01,1.788854381999831766e-01,1.800000000000000000e+01,3.449834700800000000e+10,1.125269241856000000e+12,5.236464023590087891e+00
6.080000000000000000e+02,2.596000000000000000e+03,5.126917891195923715e+01,1.216260638526299870e-01,3.300000000000000000e+01,3.162380492800000000e+10,1.302926065664000000e+12,2.007309532165527344e+01
1.341000000000000000e+03,1.877000000000000000e+03,3.251873837503863740e+01,1.285648693066450132e-01,2.480000000000000000e+02,3.243550080000000000e+08,1.120837795840000000e+11,1.034625172615051270e-01
3.546000000000000000e+03,2.487000000000000000e+03,5.161383972869295178e+01,9.090909090909091161e-02,5.800000000000000000e+01,2.581009408000000000e+10,7.758674001920000000e+11,3.101233243942260742e-01
2.140000000000000000e+02,8.920000000000000000e+02,4.353609615454444537e+01,1.087856586440842377e-01,2.900000000000000000e+02,4.988999680000000000e+08,1.783893852160000000e+11,1.378780901432037354e-01
1.281000000000000000e+03,3.925000000000000000e+03,6.450278277253594261e+00,1.961161351381840168e-01,4.700000000000000000e+01,2.999850598400000000e+10,1.287392722944000000e+12,2.840396203100681305e-02
3.278000000000000000e+03,6.070000000000000000e+02,2.649445161984188957e+01,1.597191412499849861e-01,1.300000000000000000e+02,4.472865280000000000e+09,1.896853667840000000e+11,5.536481142044067383e-01
2.980000000000000000e+03,4.100000000000000000e+01,9.567020577058281461e+00,1.923076923076923184e-01,2.900000000000000000e+01,3.051142758400000000e+10,1.378565881856000000e+12,1.916203647851943970e-02
2.979000000000000000e+03,4.100000000000000000e+01,1.017106651661665850e+01,1.538461538461538547e-01,2.900000000000000000e+01,3.051142758400000000e+10,1.378565881856000000e+12,1.916203647851943970e-02
2.659000000000000000e+03,2.874000000000000000e+03,1.159727297810514202e+01,1.963383631246505001e-01,8.800000000000000000e+01,1.554958643200000000e+10,7.107728506880000000e+11,2.068511694669723511e-01
1.317000000000000000e+03,2.832000000000000000e+03,7.255218074364248650e+02,1.010152544552210818e-01,2.030000000000000000e+02,1.375417856000000000e+09,1.892061839360000000e+11,2.696428000926971436e-01
6.420000000000000000e+02,1.747000000000000000e+03,9.883257045745749281e+01,1.346870059402947850e-01,2.100000000000000000e+01,2.680886272000000000e+10,7.169793720320000000e+11,5.465441703796386719e+00
3.950000000000000000e+02,8.020000000000000000e+02,1.452097852234184643e+02,8.695652173913043237e-02,5.700000000000000000e+01,2.276455014400000000e+10,8.920157388800000000e+11,3.614920616149902344e+00
8.390000000000000000e+02,4.340000000000000000e+02,1.170138454412462892e+02,1.285648693066450132e-01,7.200000000000000000e+01,2.465830912000000000e+10,7.708183101440000000e+11,4.504816055297851562e+00
1.346000000000000000e+03,1.982000000000000000e+03,2.061139240508501302e+01,1.000000000000000056e-01,5.370000000000000000e+02,4.690468800000000000e+08,7.784319385600000000e+10,7.533831894397735596e-02
1.856000000000000000e+03,1.588000000000000000e+03,2.966720255056188194e+01,1.250000000000000000e-01,2.410000000000000000e+02,5.971275776000000000e+09,2.796593807360000000e+11,2.291269451379776001e-01
1.460000000000000000e+02,1.419000000000000000e+03,4.633471264734065898e+01,1.315334104411640948e-01,1.380000000000000000e+02,7.502512640000000000e+09,3.607066378240000000e+11,8.586055040359497070e-02
4.890000000000000000e+02,2.665000000000000000e+03,1.471387029113982692e+02,9.090909090909091161e-02,4.810000000000000000e+02,5.470072320000000000e+08,9.651495731200000000e+10,4.200148954987525940e-02
1.936000000000000000e+03,3.891000000000000000e+03,2.124839301021777160e+01,1.944406936956339094e-01,4.200000000000000000e+01,3.713277542400000000e+10,9.399391354880000000e+11,8.075914978981018066e-01
2.808000000000000000e+03,2.431000000000000000e+03,2.913833839715932328e+01,1.250000000000000000e-01,1.780000000000000000e+02,4.901150720000000000e+09,2.856818769920000000e+11,7.571734189987182617e-01
1.292000000000000000e+03,2.360000000000000000e+02,9.834696010249416531e+00,1.720052290384453675e-01,4.030000000000000000e+02,2.407207168000000000e+09,1.668932567040000000e+11,3.032393157482147217e-01
1.200000000000000000e+03,1.659000000000000000e+03,3.144873643169388515e+02,0.000000000000000000e+00,3.200000000000000000e+02,7.277636480000000000e+08,1.468350791680000000e+11,5.582069978117942810e-02
3.802000000000000000e+03,1.816000000000000000e+03,2.754871135015708461e+01,1.178511301977579334e-01,2.150000000000000000e+02,2.387859200000000000e+09,1.421193871360000000e+11,6.492154002189636230e-01
1.122000000000000000e+03,3.274000000000000000e+03,6.353862890691212897e+02,9.090909090909091161e-02,4.220000000000000000e+02,3.925907840000000000e+08,9.555149619200000000e+10,9.327738732099533081e-02
4.380000000000000000e+02,2.736000000000000000e+03,1.229706720431788192e+01,1.963383631246505001e-01,8.600000000000000000e+01,1.698641715200000000e+10,6.620944138240000000e+11,0.000000000000000000e+00
4.920000000000000000e+02,8.240000000000000000e+02,8.609447715448487770e+01,1.428571428571428492e-01,4.000000000000000000e+01,1.619209011200000000e+10,7.339425792000000000e+11,2.455300569534301758e+00
1.354000000000000000e+03,7.920000000000000000e+02,2.986463308680477624e+01,9.428090415820634951e-02,2.320000000000000000e+02,4.975838208000000000e+09,2.611013058560000000e+11,8.704357743263244629e-01
1.134000000000000000e+03,3.897000000000000000e+03,1.068463348798917991e+02,1.795054935711501154e-01,6.000000000000000000e+00,3.639146905600000000e+10,2.032646619136000000e+12,2.737049102783203125e+00
1.914000000000000000e+03,3.056000000000000000e+03,3.276318341858188177e+01,1.315334104411640948e-01,1.250000000000000000e+02,5.219138560000000000e+09,3.399035781120000000e+11,7.701998949050903320e-01
1.709000000000000000e+03,1.976000000000000000e+03,3.500477904152774045e+01,1.720052290384453675e-01,3.460000000000000000e+02,5.755747200000000000e+08,1.482373693440000000e+11,1.931558549404144287e-01
1.511000000000000000e+03,2.142000000000000000e+03,2.053340061652620108e+01,2.000000000000000111e-01,5.460000000000000000e+02,5.770684800000000000e+08,7.130678886400000000e+10,1.140145510435104370e-01
2.866000000000000000e+03,3.778000000000000000e+03,1.346354183611365940e+01,1.571348402636772446e-01,5.480000000000000000e+02,3.201953600000000000e+08,6.200159846400000000e+10,5.333453044295310974e-02
9.700000000000000000e+01,1.324000000000000000e+03,8.370422883044903983e+01,1.666666666666666574e-01,4.500000000000000000e+01,2.534583910400000000e+10,1.017070354432000000e+12,1.962765812873840332e+00
6.960000000000000000e+02,2.360000000000000000e+03,3.124290024460815829e+01,0.000000000000000000e+00,1.650000000000000000e+02,5.079975936000000000e+09,3.063907942400000000e+11,7.000707089900970459e-02
1.932000000000000000e+03,3.886000000000000000e+03,6.714505610897064969e+01,9.722034684781695468e-02,4.200000000000000000e+01,3.713277542400000000e+10,9.399391354880000000e+11,8.075914978981018066e-01
7.380000000000000000e+02,1.105000000000000000e+03,2.105929795429348061e+01,5.555555555555555247e-02,1.430000000000000000e+02,4.983443456000000000e+09,4.042203791360000000e+11,1.947730064392089844e+00
3.048000000000000000e+03,3.397000000000000000e+03,5.460417253477051958e+01,9.316949906249123725e-02,4.900000000000000000e+01,3.686430310400000000e+10,1.007178809344000000e+12,2.341371476650238037e-01
2.920000000000000000e+02,1.768000000000000000e+03,2.706555626053167884e+01,1.000000000000000056e-01,4.380000000000000000e+02,4.506797120000000000e+08,6.469466521600000000e+10,1.051957756280899048e-01
1.658000000000000000e+03,3.699000000000000000e+03,3.268771780327760013e+01,1.242259987499883256e-01,9.700000000000000000e+01,8.631378944000000000e+09,4.648786329600000000e+11,1.410987377166748047e+00
3.222000000000000000e+03,2.249000000000000000e+03,9.877610223111646803e+01,6.734350297014739251e-02,3.400000000000000000e+01,1.937896243200000000e+10,6.661144576000000000e+11,4.488957405090332031e+00
2.929000000000000000e+03,2.884000000000000000e+03,5.765246352660287954e+00,1.818181818181818232e-01,4.920000000000000000e+02,6.830520320000000000e+08,1.082530938880000000e+11,1.015448495745658875e-01
2.880000000000000000e+03,3.535000000000000000e+03,1.292314274921340989e+01,1.717960677340691911e-01,3.900000000000000000e+01,1.933491814400000000e+10,1.077381758976000000e+12,1.537795662879943848e-01
2.463000000000000000e+03,3.121000000000000000e+03,2.509140487145395682e+01,1.129384878631564115e-01,1.500000000000000000e+01,7.138964275200000000e+10,1.710274510848000000e+12,2.411046743392944336e+00
2.517000000000000000e+03,3.990000000000000000e+03,3.927111249697529871e+01,1.860163329510811370e-01,7.600000000000000000e+01,1.071258521600000000e+10,3.784632238080000000e+11,1.643970608711242676e+00
7.700000000000000000e+01,2.052000000000000000e+03,1.667675394834316904e+01,2.000000000000000111e-01,4.870000000000000000e+02,4.257509440000000000e+08,7.042217574400000000e+10,1.255667507648468018e-01
1.176000000000000000e+03,2.480000000000000000e+02,9.550461007290253690e+01,5.555555555555555247e-02,1.320000000000000000e+02,7.400962560000000000e+09,4.428619776000000000e+11,4.721095263957977295e-01
1.836000000000000000e+03,3.658000000000000000e+03,2.134282664454186573e+01,1.490711984999859852e-01,2.290000000000000000e+02,2.036898944000000000e+09,2.471114833920000000e+11,2.126524001359939575e-01
2.669000000000000000e+03,5.410000000000000000e+02,6.358145488717209304e+00,1.863389981249824745e-01,4.140000000000000000e+02,5.962811520000000000e+08,1.264598712320000000e+11,6.990807503461837769e-02
2.584000000000000000e+03,2.250000000000000000e+02,5.158129840900247132e+01,6.666666666666666574e-02,2.090000000000000000e+02,2.487869952000000000e+09,2.455082434560000000e+11,3.025927841663360596e-01
3.966000000000000000e+03,2.613000000000000000e+03,4.535023264689310167e+02,1.242259987499883256e-01,1.450000000000000000e+02,5.611709952000000000e+09,4.007164313600000000e+11,6.379430890083312988e-01
2.200000000000000000e+03,3.219000000000000000e+03,2.153341407070405822e+01,1.000000000000000056e-01,2.120000000000000000e+02,8.418713600000000000e+08,8.297308979200000000e+10,1.670643240213394165e-01
3.862000000000000000e+03,2.050000000000000000e+02,2.058183701504195540e+01,1.414213562373095034e-01,5.060000000000000000e+02,4.104839360000000000e+08,7.197821337600000000e+10,4.777587950229644775e-02
3.797000000000000000e+03,3.376000000000000000e+03,6.402950146489570393e+00,2.000000000000000111e-01,1.030000000000000000e+02,1.480291532800000000e+10,6.178978529280000000e+11,1.145902797579765320e-01
1.670000000000000000e+03,2.894000000000000000e+03,1.988757319824387437e+01,1.285648693066450132e-01,4.070000000000000000e+02,8.061975040000000000e+08,1.085708615680000000e+11,3.856651186943054199e-01
2.522000000000000000e+03,3.228000000000000000e+03,3.088458360270269409e+01,7.692307692307692735e-02,3.450000000000000000e+02,1.443784960000000000e+09,1.696410992640000000e+11,4.970680177211761475e-01
1.461000000000000000e+03,2.894000000000000000e+03,3.978254145979425260e+01,1.333333333333333315e-01,1.870000000000000000e+02,3.490905344000000000e+09,2.551559946240000000e+11,6.606990098953247070e-01
1.611000000000000000e+03,2.960000000000000000e+03,9.331258643960532595e+01,8.695652173913043237e-02,5.100000000000000000e+01,3.191295590400000000e+10,8.522985635840000000e+11,3.693249225616455078e+00
2.881000000000000000e+03,3.527000000000000000e+03,1.414733086270256734e+01,1.666666666666666574e-01,3.900000000000000000e+01,1.933491814400000000e+10,1.077381758976000000e+12,1.537795662879943848e-01
3.161000000000000000e+03,8.920000000000000000e+02,1.773390491672236990e+01,5.000000000000000278e-02,1.090000000000000000e+02,2.272710860800000000e+10,6.351597731840000000e+11,0.000000000000000000e+00
1.604000000000000000e+03,2.130000000000000000e+03,1.856433159649509790e+01,1.505846504842085487e-01,3.200000000000000000e+01,3.833240780800000000e+10,6.712152555520000000e+11,1.721168041229248047e+00
3.800000000000000000e+03,6.200000000000000000e+02,4.465616527856422380e+01,1.490711984999859852e-01,1.900000000000000000e+02,5.169756160000000000e+09,2.290967183360000000e+11,7.144913673400878906e-01
9.170000000000000000e+02,5.300000000000000000e+01,1.491923222444519581e+01,1.951219512195122019e-01,0.000000000000000000e+00,6.256252108800000000e+10,5.017748635648000000e+12,4.946801960468292236e-01
1.690000000000000000e+02,2.144000000000000000e+03,2.577744819104669318e+02,0.000000000000000000e+00,2.790000000000000000e+02,4.254184640000000000e+08,2.039951196160000000e+11,1.140684187412261963e-01
1.655000000000000000e+03,3.695000000000000000e+03,4.194691517274308978e+01,1.571348402636772446e-01,9.700000000000000000e+01,8.631378944000000000e+09,4.648786329600000000e+11,1.410987377166748047e+00
2.077000000000000000e+03,1.645000000000000000e+03,1.158501259196860289e+01,1.818181818181818232e-01,4.510000000000000000e+02,1.079219200000000000e+09,9.130695884800000000e+10,2.056453824043273926e-01
1.860000000000000000e+02,2.700000000000000000e+03,1.745112458140380340e+01,1.897658566033678385e-01,1.100000000000000000e+02,1.130036121600000000e+10,4.833563115520000000e+11,1.303891420364379883e+00
3.457000000000000000e+03,2.856000000000000000e+03,8.073213875750505508e+01,1.414213562373095034e-01,1.600000000000000000e+01,3.871990169600000000e+10,5.638400245760000000e+11,1.564823985099792480e+00
1.136000000000000000e+03,3.901000000000000000e+03,6.827262468011424801e+01,1.201850425154663005e-01,6.000000000000000000e+00,3.639146905600000000e+10,2.032646619136000000e+12,2.737049102783203125e+00
3.693000000000000000e+03,1.650000000000000000e+02,3.625521708151980960e+01,1.904761904761904656e-01,7.500000000000000000e+01,2.454544179200000000e+10,6.556142141440000000e+11,2.213511466979980469e+00
3.226000000000000000e+03,9.880000000000000000e+02,2.997493047512119446e+01,1.505846504842085487e-01,9.500000000000000000e+01,2.260675584000000000e+10,6.546320916480000000e+11,8.015154600143432617e-01
9.270000000000000000e+02,4.700000000000000000e+01,2.053357980426878981e+01,1.542574468374819374e-01,0.000000000000000000e+00,6.256252108800000000e+10,5.017748635648000000e+12,4.946801960468292236e-01
2.960000000000000000e+02,2.237000000000000000e+03,2.726124415444257565e+01,1.666666666666666574e-01,4.190000000000000000e+02,5.515520000000000000e+08,1.344901283840000000e+11,6.383813172578811646e-02
2.123000000000000000e+03,3.585000000000000000e+03,1.563593062652719468e+01,2.000000000000000111e-01,5.170000000000000000e+02,4.453116160000000000e+08,8.434332467200000000e+10,9.317639470100402832e-02
7.600000000000000000e+02,1.558000000000000000e+03,5.807611613024796071e+01,2.000000000000000111e-01,1.590000000000000000e+02,4.272983296000000000e+09,2.772747223040000000e+11,1.467877030372619629e+00
6.110000000000000000e+02,3.754000000000000000e+03,2.586459245901532533e+00,2.000000000000000111e-01,5.200000000000000000e+01,2.365812326400000000e+10,1.221729583104000000e+12,2.599559258669614792e-03
3.087000000000000000e+03,2.414000000000000000e+03,2.575019608959630801e+01,1.437398936440172637e-01,2.400000000000000000e+01,3.329379942400000000e+10,8.096457687040000000e+11,7.204747200012207031e-01
3.920000000000000000e+02,1.353000000000000000e+03,1.344159534381265431e+01,1.689656258416172008e-01,1.000000000000000000e+00,9.809676697600000000e+10,3.612387573760000000e+12,1.521267175674438477e+00
2.440000000000000000e+02,2.925000000000000000e+03,6.567041278653279335e+01,1.315334104411640948e-01,1.510000000000000000e+02,7.397843456000000000e+09,3.663055421440000000e+11,4.148328006267547607e-01
3.451000000000000000e+03,1.411000000000000000e+03,4.677703059402143282e+01,1.242259987499883256e-01,1.240000000000000000e+02,9.070321664000000000e+09,4.086862970880000000e+11,4.404786229133605957e-01
3.960000000000000000e+02,8.000000000000000000e+02,7.582808385307083654e+01,1.792654619833765339e-01,5.700000000000000000e+01,2.276455014400000000e+10,8.920157388800000000e+11,3.614920616149902344e+00
2.418000000000000000e+03,2.386000000000000000e+03,1.487582378720023790e+01,1.863389981249824745e-01,3.600000000000000000e+02,4.854508160000000000e+08,1.191350026240000000e+11,9.310474246740341187e-02
2.019000000000000000e+03,3.622000000000000000e+03,2.630782613723677699e+01,1.720052290384453675e-01,3.550000000000000000e+02,8.851233280000000000e+08,1.658235125760000000e+11,1.857640594244003296e-01
3.495000000000000000e+03,3.194000000000000000e+03,4.596405887246308453e+01,1.437398936440172637e-01,3.600000000000000000e+01,2.303946342400000000e+10,7.790489763840000000e+11,2.043790340423583984e+00
2.165000000000000000e+03,2.615000000000000000e+03,8.894414439193111477e+00,1.874138920735300140e-01,7.800000000000000000e+01,1.819584102400000000e+10,8.121544212480000000e+11,4.277330338954925537e-01
1.390000000000000000e+03,2.587000000000000000e+03,5.858504071721581852e+01,1.176470588235294101e-01,1.800000000000000000e+02,4.897091584000000000e+09,3.643243560960000000e+11,1.477249741554260254e+00
2.240000000000000000e+03,5.890000000000000000e+02,9.165465007778185225e+01,0.000000000000000000e+00,3.570000000000000000e+02,7.882477440000000000e+08,8.887947264000000000e+10,1.408489197492599487e-01
4.910000000000000000e+02,8.250000000000000000e+02,1.306068705853199958e+02,1.064794274999899953e-01,4.000000000000000000e+01,1.619209011200000000e+10,7.339425792000000000e+11,2.455300569534301758e+00
1.890000000000000000e+02,1.786000000000000000e+03,1.605156817445991280e+01,1.414213562373095034e-01,1.420000000000000000e+02,4.853921600000000000e+08,6.687900467200000000e+10,1.194191724061965942e-01
3.784000000000000000e+03,1.083000000000000000e+03,1.088814091868333556e+01,1.666666666666666574e-01,4.100000000000000000e+02,9.075399040000000000e+08,1.377786429440000000e+11,1.585731059312820435e-01
3.920000000000000000e+03,9.160000000000000000e+02,2.917602672435557309e+01,1.285648693066450132e-01,5.100000000000000000e+02,5.422079360000000000e+08,8.963564339200000000e+10,7.310037314891815186e-02
8.510000000000000000e+02,2.099000000000000000e+03,3.662904430696720226e+01,1.374903330507991073e-01,4.400000000000000000e+01,3.624191180800000000e+10,9.603648716800000000e+11,5.364645123481750488e-01
1.711000000000000000e+03,2.309000000000000000e+03,3.079879575054045304e+01,1.720052290384453675e-01,3.150000000000000000e+02,1.078892288000000000e+09,1.723000750080000000e+11,2.807259857654571533e-01
2.022000000000000000e+03,3.377000000000000000e+03,4.651251795154252733e+01,5.263157894736841813e-02,1.020000000000000000e+02,7.167281664000000000e+09,4.982148956160000000e+11,1.543027639389038086e+00
6.990000000000000000e+02,3.280000000000000000e+03,2.088062159338928225e+01,7.142857142857142461e-02,3.010000000000000000e+02,1.804538496000000000e+09,1.979466547200000000e+11,3.347387015819549561e-01
3.225000000000000000e+03,9.860000000000000000e+02,2.791569774684431948e+01,1.716929178792375721e-01,9.500000000000000000e+01,2.260675584000000000e+10,6.546320916480000000e+11,8.015154600143432617e-01
2.521000000000000000e+03,1.017000000000000000e+03,2.121016501626532147e+01,1.856953381770518607e-01,1.900000000000000000e+01,4.698338508800000000e+10,1.740785844224000000e+12,5.655762553215026855e-01
3.698000000000000000e+03,1.379000000000000000e+03,2.376137905691709662e+01,1.764705882352941291e-01,1.670000000000000000e+02,7.098905088000000000e+09,3.708694036480000000e+11,3.250155225396156311e-02
1.564000000000000000e+03,2.424000000000000000e+03,8.387172062963846031e+01,1.505846504842085487e-01,7.300000000000000000e+01,1.521108377600000000e+10,7.037344808960000000e+11,2.304742574691772461e+00
3.445000000000000000e+03,1.221000000000000000e+03,2.647487978534819320e+01,1.315334104411640948e-01,5.900000000000000000e+01,1.250927923200000000e+10,3.361745141760000000e+11,9.381470084190368652e-01
3.210000000000000000e+03,2.990000000000000000e+03,4.283053879574744371e+01,1.976423537605237202e-01,1.880000000000000000e+02,4.351213056000000000e+09,3.313075159040000000e+11,4.980710744857788086e-01
3.490000000000000000e+02,3.264000000000000000e+03,6.394946079866766553e+01,1.111111111111111049e-01,6.200000000000000000e+01,1.928503910400000000e+10,4.123953070080000000e+11,9.983271956443786621e-01
2.159000000000000000e+03,8.690000000000000000e+02,2.258752664136749289e+01,1.863389981249824745e-01,4.020000000000000000e+02,8.113301120000000000e+08,1.239251189760000000e+11,2.592163085937500000e-01
3.281000000000000000e+03,3.289000000000000000e+03,5.791919708679858303e+01,1.285648693066449855e-01,5.000000000000000000e+00,5.707350016000000000e+10,2.649217302528000000e+12,1.466975212097167969e+00
1.911000000000000000e+03,3.055000000000000000e+03,3.427751493482641365e+01,1.315334104411640948e-01,1.250000000000000000e+02,5.219138560000000000e+09,3.399035781120000000e+11,7.701998949050903320e-01
3.808000000000000000e+03,2.184000000000000000e+03,2.468343104262737953e+01,1.315334104411640948e-01,3.000000000000000000e+00,6.908092416000000000e+10,3.004823764992000000e+12,6.583381295204162598e-01
1.393000000000000000e+03,2.010000000000000000e+03,8.412805198855965045e+02,1.000000000000000056e-01,4.650000000000000000e+02,1.172124032000000000e+09,6.815429427200000000e+10,2.032373994588851929e-01
1.711000000000000000e+03,1.042000000000000000e+03,2.153055339045993932e+01,1.818181818181818232e-01,4.330000000000000000e+02,3.649771200000000000e+08,1.042201231360000000e+11,5.658262968063354492e-02
3.493000000000000000e+03,3.192000000000000000e+03,4.501893814847039010e+01,1.437398936440172637e-01,3.600000000000000000e+01,2.303946342400000000e+10,7.790489763840000000e+11,2.043790340423583984e+00
1.174000000000000000e+03,2.450000000000000000e+02,5.865889346114997949e+01,1.571348402636772446e-01,1.320000000000000000e+02,7.400962560000000000e+09,4.428619776000000000e+11,4.721095263957977295e-01
3.540000000000000000e+03,2.641000000000000000e+03,2.432495265014516406e+01,1.863389981249824745e-01,4.170000000000000000e+02,1.205259136000000000e+09,1.323084103680000000e+11,4.606420993804931641e-01
1.774000000000000000e+03,8.770000000000000000e+02,7.318610718991732433e+00,1.720052290384453675e-01,3.650000000000000000e+02,5.727564800000000000e+08,1.791010897920000000e+11,6.615951657295227051e-02
1.710000000000000000e+03,1.475000000000000000e+03,3.186342477600670975e+01,1.178511301977579334e-01,3.840000000000000000e+02,1.221574144000000000e+09,1.177819627520000000e+11,1.518055200576782227e-01
3.534000000000000000e+03,1.728000000000000000e+03,3.458493853146111974e+01,7.142857142857142461e-02,2.830000000000000000e+02,2.923252992000000000e+09,1.953971404800000000e+11,5.708111524581909180e-01
3.615000000000000000e+03,3.966000000000000000e+03,3.650493261646372645e+01,1.229750923802691437e-01,6.600000000000000000e+01,3.083681792000000000e+10,8.879675801600000000e+11,1.502096533775329590e+00
2.209000000000000000e+03,3.702000000000000000e+03,3.234616974360734787e+01,1.860163329510811370e-01,7.400000000000000000e+01,7.382875136000000000e+09,3.429553274880000000e+11,1.600151181221008301e+00
2.974000000000000000e+03,3.800000000000000000e+01,2.102043203768273116e+01,1.216260638526299870e-01,2.900000000000000000e+01,3.051142758400000000e+10,1.378565881856000000e+12,1.916203647851943970e-02
3.797000000000000000e+03,3.381000000000000000e+03,9.841135091652393641e+00,5.000000000000000278e-02,1.030000000000000000e+02,1.480291532800000000e+10,6.178978529280000000e+11,1.145902797579765320e-01
9.240000000000000000e+02,6.000000000000000000e+01,1.279514041791779100e+01,1.724650685820847684e-01,0.000000000000000000e+00,6.256252108800000000e+10,5.017748635648000000e+12,4.946801960468292236e-01
3.589000000000000000e+03,1.174000000000000000e+03,1.821090903202504308e+01,1.888525745775105347e-01,7.000000000000000000e+00,9.380154572800000000e+10,1.533485776896000000e+12,6.129750728607177734e+00
8.140000000000000000e+02,1.470000000000000000e+03,3.900859647689250664e+01,1.414213562373095034e-01,9.900000000000000000e+01,8.371488768000000000e+09,6.211557130240000000e+11,6.079373955726623535e-01
1.250000000000000000e+02,2.328000000000000000e+03,2.255384326085494706e+01,1.442220510185595606e-01,2.300000000000000000e+01,3.876257382400000000e+10,1.158851198976000000e+12,9.720131754875183105e-01
3.172000000000000000e+03,2.668000000000000000e+03,1.874009424170751004e+01,1.767766952966368932e-01,2.550000000000000000e+02,2.954721792000000000e+09,2.781572300800000000e+11,5.748847723007202148e-01
9.430000000000000000e+02,3.826000000000000000e+03,6.614902331125556145e+01,1.118033988749894958e-01,5.300000000000000000e+01,2.429449011200000000e+10,6.189681868800000000e+11,2.166602373123168945e+00
1.121000000000000000e+03,9.920000000000000000e+02,1.984412661932135435e+01,1.001542020962219171e-01,2.000000000000000000e+00,6.382575616000000000e+10,3.543532568576000000e+12,8.956543803215026855e-01
3.690000000000000000e+03,1.600000000000000000e+02,3.469504060449577878e+02,1.505846504842085487e-01,7.500000000000000000e+01,2.454544179200000000e+10,6.556142141440000000e+11,2.213511466979980469e+00
4.340000000000000000e+02,1.764000000000000000e+03,1.908573822898167904e+01,1.010152544552210818e-01,3.370000000000000000e+02,1.867921792000000000e+09,2.029886668800000000e+11,5.853841900825500488e-01
1.773000000000000000e+03,8.760000000000000000e+02,1.355989326765945613e+01,7.692307692307692735e-02,3.650000000000000000e+02,5.727564800000000000e+08,1.791010897920000000e+11,6.615951657295227051e-02
3.082000000000000000e+03,2.413000000000000000e+03,8.829997340545949669e+01,9.090909090909091161e-02,2.400000000000000000e+01,3.329379942400000000e+10,8.096457687040000000e+11,7.204747200012207031e-01
1.748000000000000000e+03,2.646000000000000000e+03,1.601029612570620131e+01,1.176877882894626220e-01,1.290000000000000000e+02,6.908323328000000000e+09,4.725664645120000000e+11,1.298392377793788910e-02
2.160000000000000000e+03,1.070000000000000000e+02,1.633011351202894090e+01,1.229750923802691437e-01,6.300000000000000000e+01,2.905395609600000000e+10,9.190184058880000000e+11,6.639138460159301758e-01
1.449000000000000000e+03,1.623000000000000000e+03,4.732984172228154307e+01,1.897658566033678385e-01,6.100000000000000000e+01,1.472875110400000000e+10,5.134962196480000000e+11,1.453196406364440918e+00
3.818000000000000000e+03,3.500000000000000000e+02,3.493988758315538234e+01,1.976423537605237202e-01,1.710000000000000000e+02,7.686175744000000000e+09,3.092989870080000000e+11,4.525429308414459229e-01
3.066000000000000000e+03,3.155000000000000000e+03,1.072919375576409635e+02,8.318903308077030267e-02,1.460000000000000000e+02,7.562950656000000000e+09,3.855246950400000000e+11,1.378396868705749512e+00
2.812000000000000000e+03,3.794000000000000000e+03,1.565966069058849186e+01,1.597191412499849861e-01,1.830000000000000000e+02,2.252737536000000000e+09,2.073233326080000000e+11,5.686562657356262207e-01
3.092000000000000000e+03,3.616000000000000000e+03,5.564938981603800983e+01,7.142857142857142461e-02,2.500000000000000000e+01,4.075406131200000000e+10,1.594271465472000000e+12,3.982214033603668213e-01
1.140000000000000000e+03,3.896000000000000000e+03,5.609908331420609784e+01,1.054092553389459896e-01,6.000000000000000000e+00,3.639146905600000000e+10,2.032646619136000000e+12,2.737049102783203125e+00
2.032000000000000000e+03,7.780000000000000000e+02,1.211529928147452395e+01,1.904761904761904656e-01,8.900000000000000000e+01,2.648002355200000000e+10,6.947226255360000000e+11,2.919432893395423889e-02
2.730000000000000000e+02,3.805000000000000000e+03,2.927552306872929933e+01,1.087856586440842377e-01,2.360000000000000000e+02,9.779505920000000000e+08,1.806616002560000000e+11,3.971246778964996338e-01
3.539000000000000000e+03,2.644000000000000000e+03,1.050329584807061600e+01,1.863389981249824745e-01,4.170000000000000000e+02,1.205259136000000000e+09,1.323084103680000000e+11,4.606420993804931641e-01
8.250000000000000000e+02,3.691000000000000000e+03,9.283098123735229024e+00,1.863389981249824745e-01,4.230000000000000000e+02,9.719873280000000000e+08,1.230443724800000000e+11,1.102859601378440857e-01
3.521000000000000000e+03,2.197000000000000000e+03,3.028293067094464774e+01,8.318903308077030267e-02,1.600000000000000000e+02,6.565252608000000000e+09,3.533164052480000000e+11,2.621258795261383057e-01
3.211000000000000000e+03,2.996000000000000000e+03,4.666141167743617046e+01,1.875000000000000000e-01,1.880000000000000000e+02,4.351213056000000000e+09,3.313075159040000000e+11,4.980710744857788086e-01
2.249000000000000000e+03,1.340000000000000000e+03,5.301786884541776601e+01,1.437398936440172637e-01,8.000000000000000000e+01,1.309234585600000000e+10,7.702168862720000000e+11,1.206064105033874512e+00
3.575000000000000000e+03,1.248000000000000000e+03,6.901194589425799109e+01,1.663780661615406053e-01,1.540000000000000000e+02,4.324669952000000000e+09,3.907342827520000000e+11,1.292291641235351562e+00
2.168000000000000000e+03,2.617000000000000000e+03,4.007110926791246186e+01,6.428243465332250661e-02,7.800000000000000000e+01,1.819584102400000000e+10,8.121544212480000000e+11,4.277330338954925537e-01
3.379000000000000000e+03,2.991000000000000000e+03,2.706740917670315838e+01,1.818181818181818232e-01,4.010000000000000000e+02,8.639533440000000000e+08,1.043801047040000000e+11,2.571186721324920654e-01
5.530000000000000000e+02,6.170000000000000000e+02,1.264964169913837644e+01,1.285648693066450132e-01,4.370000000000000000e+02,6.290903040000000000e+08,8.869200691200000000e+10,1.383272260427474976e-01
2.473000000000000000e+03,2.290000000000000000e+03,2.199197764514080333e+01,1.397542485937368628e-01,1.700000000000000000e+02,5.476801024000000000e+09,3.088722821120000000e+11,2.779350578784942627e-01
3.950000000000000000e+02,1.356000000000000000e+03,1.270064768360792229e+01,1.388888888888888951e-01,1.000000000000000000e+00,9.809676697600000000e+10,3.612387573760000000e+12,1.521267175674438477e+00
3.990000000000000000e+02,1.358000000000000000e+03,1.047741936207398616e+01,1.689656258416172008e-01,1.000000000000000000e+00,9.809676697600000000e+10,3.612387573760000000e+12,1.521267175674438477e+00
1.272000000000000000e+03,3.926000000000000000e+03,1.096963822223104046e+01,1.538461538461538547e-01,4.700000000000000000e+01,2.999850598400000000e+10,1.287392722944000000e+12,2.840396203100681305e-02
2.973000000000000000e+03,2.264000000000000000e+03,3.358061259379521601e+01,1.720052290384453675e-01,3.240000000000000000e+02,3.838052160000000000e+08,1.460147159040000000e+11,1.041521206498146057e-01
1.933000000000000000e+03,2.780000000000000000e+02,1.726122951582332732e+01,1.666666666666666574e-01,3.860000000000000000e+02,4.212420480000000000e+08,1.386538434560000000e+11,4.054447263479232788e-02
4.900000000000000000e+02,1.824000000000000000e+03,3.914833524767831108e+01,6.148754619013457184e-02,1.400000000000000000e+01,2.377802752000000000e+10,9.533723115520000000e+11,2.146925926208496094e+00
1.602000000000000000e+03,2.131000000000000000e+03,2.470817434351791064e+01,1.064794274999899953e-01,3.200000000000000000e+01,3.833240780800000000e+10,6.712152555520000000e+11,1.721168041229248047e+00
1.116000000000000000e+03,9.920000000000000000e+02,2.136263461667816088e+01,7.856742013183862228e-02,2.000000000000000000e+00,6.382575616000000000e+10,3.543532568576000000e+12,8.956543803215026855e-01
1.768000000000000000e+03,1.269000000000000000e+03,2.572485903976079413e+01,1.756820922315766309e-01,1.610000000000000000e+02,7.484448768000000000e+09,4.207674654720000000e+11,1.975223869085311890e-01
2.882000000000000000e+03,3.535000000000000000e+03,1.133800847432990722e+01,1.717960677340691911e-01,3.900000000000000000e+01,1.933491814400000000e+10,1.077381758976000000e+12,1.537795662879943848e-01
4.900000000000000000e+02,8.210000000000000000e+02,3.009044995219540297e+01,1.505846504842085487e-01,4.000000000000000000e+01,1.619209011200000000e+10,7.339425792000000000e+11,2.455300569534301758e+00
2.400000000000000000e+03,1.308000000000000000e+03,3.256242145809382293e+01,1.481481481481481399e-01,2.200000000000000000e+01,5.448031846400000000e+10,1.445857329152000000e+12,2.244370937347412109e+00
1.946000000000000000e+03,1.567000000000000000e+03,2.643573444142688444e+01,1.764705882352941291e-01,1.680000000000000000e+02,4.238181888000000000e+09,3.463638876160000000e+11,4.832215607166290283e-01
2.251000000000000000e+03,1.347000000000000000e+03,4.908613933291074005e+01,1.874138920735300140e-01,8.000000000000000000e+01,1.309234585600000000e+10,7.702168862720000000e+11,1.206064105033874512e+00
1.459000000000000000e+03,2.890000000000000000e+03,4.105119949965220627e+01,1.885618083164126990e-01,1.870000000000000000e+02,3.490905344000000000e+09,2.551559946240000000e+11,6.606990098953247070e-01
1.711000000000000000e+03,2.005000000000000000e+03,1.984491691534898550e+01,7.692307692307692735e-02,3.760000000000000000e+02,9.890255360000000000e+08,1.469101342720000000e+11,1.486576050519943237e-01
3.370000000000000000e+02,1.482000000000000000e+03,1.372641152697395128e+01,1.943650631615100322e-01,1.300000000000000000e+01,4.897171865600000000e+10,2.033823121408000000e+12,2.753273546695709229e-01
9.160000000000000000e+02,4.660000000000000000e+02,6.773067770197071980e+01,1.961161351381840168e-01,9.000000000000000000e+00,4.472099635200000000e+10,1.283299213312000000e+12,1.054935455322265625e+01
1.804000000000000000e+03,6.830000000000000000e+02,3.446842332996141067e+01,1.664356663246515655e-01,1.010000000000000000e+02,1.021766656000000000e+10,4.976323788800000000e+11,1.474550127983093262e+00
3.079000000000000000e+03,8.620000000000000000e+02,4.024178823419190820e+01,1.875000000000000000e-01,1.930000000000000000e+02,2.731847680000000000e+09,2.914863022080000000e+11,4.136207401752471924e-01
2.370000000000000000e+02,3.026000000000000000e+03,5.318930266320946743e+01,1.428571428571428492e-01,2.300000000000000000e+02,8.503640960000000000e+08,1.844238090240000000e+11,4.273478984832763672e-01
2.388000000000000000e+03,1.754000000000000000e+03,2.690211438965119939e+01,1.111111111111111049e-01,1.270000000000000000e+02,7.644780544000000000e+09,4.254506352640000000e+11,3.315616548061370850e-01
3.091000000000000000e+03,3.613000000000000000e+03,2.510100004007014363e+01,1.821078397711708707e-01,2.500000000000000000e+01,4.075406131200000000e+10,1.594271465472000000e+12,3.982214033603668213e-01
6.450000000000000000e+02,8.310000000000000000e+02,2.829002284649353882e+01,8.944271909999158832e-02,1.700000000000000000e+01,5.011012403200000000e+10,1.201295589376000000e+12,1.027397990226745605e+00
2.520000000000000000e+03,1.970000000000000000e+02,8.316529360264013349e+01,0.000000000000000000e+00,4.460000000000000000e+02,3.798276160000000000e+08,1.214523801600000000e+11,6.188121438026428223e-02
2.518000000000000000e+03,1.960000000000000000e+02,2.095933467728104915e+01,1.863389981249824745e-01,4.460000000000000000e+02,3.798276160000000000e+08,1.214523801600000000e+11,6.188121438026428223e-02
1.827000000000000000e+03,2.210000000000000000e+03,3.890708622486378943e+01,6.666666666666666574e-02,2.450000000000000000e+02,5.440987648000000000e+09,2.382794752000000000e+11,1.636620014905929565e-01
3.156000000000000000e+03,1.890000000000000000e+02,6.397526616224547524e+01,1.490711984999859852e-01,2.570000000000000000e+02,4.403293184000000000e+09,2.356937850880000000e+11,1.131350159645080566e+00
3.144000000000000000e+03,3.250000000000000000e+03,2.603859954841906443e+01,1.818181818181818232e-01,4.550000000000000000e+02,3.361623680000000000e+08,8.678325452800000000e+10,6.212594732642173767e-02
1.273000000000000000e+03,1.200000000000000000e+01,2.827775192357888301e+01,2.000000000000000111e-01,4.780000000000000000e+02,4.095452800000000000e+08,8.486140313600000000e+10,8.719237893819808960e-02
2.861000000000000000e+03,1.457000000000000000e+03,8.539962671568740404e+01,0.000000000000000000e+00,3.310000000000000000e+02,1.269820288000000000e+09,1.549701447680000000e+11,3.186146616935729980e-01
1.767000000000000000e+03,2.968000000000000000e+03,1.020909239452645778e+01,1.818181818181818232e-01,4.840000000000000000e+02,9.773773440000000000e+08,9.686238003200000000e+10,1.202004104852676392e-01
3.350000000000000000e+02,1.479000000000000000e+03,2.365852691216342407e+01,7.453559924999299258e-02,1.300000000000000000e+01,4.897171865600000000e+10,2.033823121408000000e+12,2.753273546695709229e-01
1.458000000000000000e+03,2.705000000000000000e+03,3.848455200367235562e+01,1.597191412499849861e-01,2.200000000000000000e+02,3.950469632000000000e+09,2.149358141440000000e+11,2.090374231338500977e+00
5.760000000000000000e+02,8.070000000000000000e+02,5.875824199719117757e+01,9.428090415820634951e-02,1.750000000000000000e+02,3.009767936000000000e+09,2.583236935680000000e+11,8.106874227523803711e-01
6.490000000000000000e+02,8.270000000000000000e+02,1.973734471791896894e+01,1.442220510185595606e-01,1.700000000000000000e+01,5.011012403200000000e+10,1.201295589376000000e+12,1.027397990226745605e+00
3.279000000000000000e+03,3.291000000000000000e+03,3.261098297338182306e+01,1.545157428361449981e-01,5.000000000000000000e+00,5.707350016000000000e+10,2.649217302528000000e+12,1.466975212097167969e+00
5.380000000000000000e+02,3.602000000000000000e+03,7.096371187779128675e+00,1.818181818181818232e-01,4.940000000000000000e+02,4.636619520000000000e+08,1.034091560960000000e+11,8.862871676683425903e-02
3.099000000000000000e+03,1.259000000000000000e+03,6.771385454769635714e+01,1.428571428571428492e-01,8.300000000000000000e+01,1.246250700800000000e+10,7.244424151040000000e+11,6.080859303474426270e-01
1.439000000000000000e+03,1.479000000000000000e+03,3.450484185686327265e+01,8.838834764831844659e-02,2.170000000000000000e+02,7.385863168000000000e+09,2.996693893120000000e+11,1.486081480979919434e-01
2.690000000000000000e+02,2.515000000000000000e+03,1.988623006981156607e+02,1.414213562373095034e-01,4.880000000000000000e+02,3.446647680000000000e+08,7.219331072000000000e+10,1.478291600942611694e-01
3.537000000000000000e+03,1.497000000000000000e+03,1.328479137141048128e+01,1.000000000000000056e-01,4.630000000000000000e+02,5.566586880000000000e+08,8.163531161600000000e+10,8.927884697914123535e-02
6.540000000000000000e+02,1.190000000000000000e+03,4.759214161550867317e+01,1.885618083164126990e-01,1.720000000000000000e+02,5.409788928000000000e+09,2.377434234880000000e+11,1.193508505821228027e+00
2.922000000000000000e+03,3.650000000000000000e+02,3.658845048342769246e+01,2.000000000000000111e-01,2.470000000000000000e+02,2.639703552000000000e+09,2.397348495360000000e+11,8.896604180335998535e-01
3.279000000000000000e+03,3.293000000000000000e+03,2.446609588040082528e+01,1.545157428361449981e-01,5.000000000000000000e+00,5.707350016000000000e+10,2.649217302528000000e+12,1.466975212097167969e+00
1.250000000000000000e+02,2.547000000000000000e+03,1.444539203724423793e+01,1.285648693066450132e-01,3.560000000000000000e+02,1.325835264000000000e+09,9.903912550400000000e+10,3.003649115562438965e-01
2.581000000000000000e+03,8.290000000000000000e+02,2.453010578007324582e+01,8.600261451922268374e-02,8.000000000000000000e+00,4.508758425600000000e+10,1.280955383808000000e+12,2.201740026473999023e+00
1.850000000000000000e+02,3.229000000000000000e+03,3.986777571996119462e+01,1.000000000000000056e-01,5.300000000000000000e+02,4.330543360000000000e+08,8.370465996800000000e+10,6.094821169972419739e-02
3.286000000000000000e+03,1.287000000000000000e+03,3.256213200722539369e+01,1.397542485937368628e-01,1.770000000000000000e+02,3.483326720000000000e+09,3.253457387520000000e+11,3.288544416427612305e-01
3.520000000000000000e+02,3.390000000000000000e+03,1.816931861465624536e+02,5.000000000000000278e-02,1.130000000000000000e+02,2.184168857600000000e+10,5.550306099200000000e+11,1.005207449197769165e-01
3.286000000000000000e+03,3.290000000000000000e+03,4.879432238013448142e+01,8.570991287109668011e-02,5.000000000000000000e+00,5.707350016000000000e+10,2.649217302528000000e+12,1.466975212097167969e+00
3.662000000000000000e+03,4.530000000000000000e+02,8.928832746931165687e+00,1.802775637731994507e-01,1.080000000000000000e+02,2.184303411200000000e+10,6.355629506560000000e+11,4.387347102165222168e-01
1.720000000000000000e+03,6.300000000000000000e+01,8.900485016979201802e+00,1.414213562373095034e-01,4.640000000000000000e+02,8.846839680000000000e+08,7.797780480000000000e+10,1.057662218809127808e-01
1.563000000000000000e+03,2.422000000000000000e+03,9.632105272527465445e+01,1.064794274999899953e-01,7.300000000000000000e+01,1.521108377600000000e+10,7.037344808960000000e+11,2.304742574691772461e+00
5.430000000000000000e+02,2.459000000000000000e+03,4.747453163267990561e+01,1.764705882352941291e-01,1.200000000000000000e+02,6.955766784000000000e+09,3.694168965120000000e+11,7.630509138107299805e-01
1.610000000000000000e+03,2.505000000000000000e+03,4.290480491492657933e+01,1.315334104411640948e-01,1.820000000000000000e+02,5.668081152000000000e+09,3.419367997440000000e+11,3.741784989833831787e-01
2.030000000000000000e+03,7.800000000000000000e+02,1.800485175909086522e+01,1.346870059402947850e-01,8.900000000000000000e+01,2.648002355200000000e+10,6.947226255360000000e+11,2.919432893395423889e-02
1.001000000000000000e+03,1.279000000000000000e+03,8.109675701848286167e+01,1.250000000000000000e-01,1.370000000000000000e+02,4.205209088000000000e+09,3.010017689600000000e+11,9.139043688774108887e-01
3.575000000000000000e+03,1.251000000000000000e+03,5.843329914925842417e+01,1.315334104411640948e-01,1.540000000000000000e+02,4.324669952000000000e+09,3.907342827520000000e+11,1.292291641235351562e+00
3.689000000000000000e+03,1.600000000000000000e+02,5.767536528361470261e+01,1.963383631246505001e-01,7.500000000000000000e+01,2.454544179200000000e+10,6.556142141440000000e+11,2.213511466979980469e+00
1.637000000000000000e+03,1.599000000000000000e+03,2.472678302200420219e+01,0.000000000000000000e+00,1.260000000000000000e+02,8.510359040000000000e+09,4.107794513920000000e+11,1.171465665102005005e-01
2.018000000000000000e+03,3.622000000000000000e+03,4.647483020556789768e+01,1.538461538461538547e-01,3.550000000000000000e+02,8.851233280000000000e+08,1.658235125760000000e+11,1.857640594244003296e-01
3.592000000000000000e+03,1.166000000000000000e+03,1.444169920936184148e+01,1.851851851851851749e-01,7.000000000000000000e+00,9.380154572800000000e+10,1.533485776896000000e+12,6.129750728607177734e+00
3.965000000000000000e+03,2.615000000000000000e+03,4.016726604727821126e+01,1.756820922315766309e-01,1.450000000000000000e+02,5.611709952000000000e+09,4.007164313600000000e+11,6.379430890083312988e-01
3.996000000000000000e+03,2.892000000000000000e+03,3.308235970629027634e+01,1.767766952966368932e-01,2.230000000000000000e+02,6.367427584000000000e+09,2.936652431360000000e+11,7.391481399536132812e-01
3.453000000000000000e+03,1.410000000000000000e+03,4.221670357519667505e+01,1.756820922315766309e-01,1.240000000000000000e+02,9.070321664000000000e+09,4.086862970880000000e+11,4.404786229133605957e-01
3.616000000000000000e+03,3.972000000000000000e+03,2.022534064143032850e+01,1.792654619833765339e-01,6.600000000000000000e+01,3.083681792000000000e+10,8.879675801600000000e+11,1.502096533775329590e+00
2.862000000000000000e+03,3.843000000000000000e+03,1.667380803197316652e+01,1.571348402636772446e-01,5.440000000000000000e+02,3.756043520000000000e+08,4.943746252800000000e+10,1.092702522873878479e-01
8.340000000000000000e+02,4.340000000000000000e+02,7.587620216704424081e+01,1.638886943392722229e-01,7.200000000000000000e+01,2.465830912000000000e+10,7.708183101440000000e+11,4.504816055297851562e+00
1.346000000000000000e+03,2.780000000000000000e+02,1.466505550253935297e+01,1.414213562373095034e-01,4.910000000000000000e+02,3.600503040000000000e+08,6.475467161600000000e+10,2.733696065843105316e-02
2.290000000000000000e+02,2.285000000000000000e+03,7.301834267464488448e+02,7.692307692307692735e-02,2.060000000000000000e+02,1.332004992000000000e+09,1.467900395520000000e+11,1.831086724996566772e-01
2.159000000000000000e+03,2.856000000000000000e+03,1.358720729155838569e+02,8.333333333333332871e-02,3.820000000000000000e+02,9.533651840000000000e+08,1.346881126400000000e+11,1.371839791536331177e-01
6.940000000000000000e+02,2.359000000000000000e+03,3.681969867720238909e+01,1.397542485937368628e-01,1.650000000000000000e+02,5.079975936000000000e+09,3.063907942400000000e+11,7.000707089900970459e-02
2.517000000000000000e+03,1.007000000000000000e+03,1.836275983553480629e+01,1.856953381770518607e-01,1.900000000000000000e+01,4.698338508800000000e+10,1.740785844224000000e+12,5.655762553215026855e-01
3.197000000000000000e+03,1.262000000000000000e+03,5.654116413624110038e+01,1.720052290384453675e-01,2.990000000000000000e+02,1.546798208000000000e+09,1.696703447040000000e+11,4.847811907529830933e-02
2.457000000000000000e+03,3.117000000000000000e+03,2.023120504062459446e+01,1.515228816828315950e-01,1.500000000000000000e+01,7.138964275200000000e+10,1.710274510848000000e+12,2.411046743392944336e+00
3.680000000000000000e+03,2.884000000000000000e+03,4.392318860777682943e+01,1.527076157636170495e-01,2.700000000000000000e+01,5.914858700800000000e+10,1.389970718720000000e+12,1.606564044952392578e+00
1.394000000000000000e+03,2.585000000000000000e+03,8.963092919704699568e+01,1.663780661615406053e-01,1.800000000000000000e+02,4.897091584000000000e+09,3.643243560960000000e+11,1.477249741554260254e+00
3.656000000000000000e+03,4.530000000000000000e+02,1.285372493591990661e+01,1.802775637731994507e-01,1.080000000000000000e+02,2.184303411200000000e+10,6.355629506560000000e+11,4.387347102165222168e-01
3.979000000000000000e+03,2.419000000000000000e+03,1.637381474615350285e+01,1.649242250247064112e-01,1.100000000000000000e+01,8.969981952000000000e+10,1.230720466944000000e+12,1.840681076049804688e+00
3.681000000000000000e+03,2.893000000000000000e+03,3.800349328603137877e+01,1.851851851851851749e-01,2.700000000000000000e+01,5.914858700800000000e+10,1.389970718720000000e+12,1.606564044952392578e+00
1.380000000000000000e+02,3.254000000000000000e+03,4.966211316200219983e+01,1.131370849898476055e-01,4.600000000000000000e+01,3.086882406400000000e+10,1.199684452352000000e+12,6.945605874061584473e-01
3.720000000000000000e+03,2.500000000000000000e+03,4.382042388868406846e+01,1.928473039599674921e-01,4.300000000000000000e+01,1.800707276800000000e+10,8.294295797760000000e+11,1.875314235687255859e+00
1.820000000000000000e+03,1.348000000000000000e+03,1.339243382936882121e+01,9.090909090909091161e-02,4.980000000000000000e+02,1.372052736000000000e+09,9.152898662400000000e+10,3.258232176303863525e-01
7.510000000000000000e+02,2.823000000000000000e+03,2.794061241867197865e+01,1.428571428571428492e-01,2.860000000000000000e+02,2.467872256000000000e+09,2.249883156480000000e+11,3.860072791576385498e-01
3.183000000000000000e+03,3.552000000000000000e+03,3.255912731838749608e+01,1.285648693066450132e-01,2.400000000000000000e+02,1.229075200000000000e+09,9.495125196800000000e+10,3.899246454238891602e-01
1.642000000000000000e+03,3.073000000000000000e+03,7.317408409611191189e+01,1.649242250247064112e-01,1.800000000000000000e+01,3.449834700800000000e+10,1.125269241856000000e+12,5.236464023590087891e+00
1.492000000000000000e+03,1.422000000000000000e+03,1.725826136308806014e+01,1.756820922315766309e-01,1.530000000000000000e+02,1.254496972800000000e+10,4.504584847360000000e+11,0.000000000000000000e+00
3.156000000000000000e+03,3.950000000000000000e+03,3.937453250381629744e+01,1.767766952966368932e-01,1.990000000000000000e+02,1.138293248000000000e+09,3.060843479040000000e+11,4.941779673099517822e-01
3.288000000000000000e+03,1.287000000000000000e+03,4.624253189209370589e+02,6.250000000000000000e-02,1.770000000000000000e+02,3.483326720000000000e+09,3.253457387520000000e+11,3.288544416427612305e-01
2.257000000000000000e+03,1.123000000000000000e+03,8.871050776946930227e+00,1.720052290384453675e-01,2.800000000000000000e+01,4.360073216000000000e+10,1.367401955328000000e+12,4.216426908969879150e-01
2.033000000000000000e+03,3.780000000000000000e+03,4.172149894617222543e+01,7.692307692307692735e-02,3.480000000000000000e+02,2.435975680000000000e+09,1.663812239360000000e+11,3.302110433578491211e-01
2.506000000000000000e+03,1.867000000000000000e+03,2.384817926328079238e+02,5.555555555555555247e-02,1.410000000000000000e+02,7.782827520000000000e+09,4.131430072320000000e+11,2.230915576219558716e-01
2.261000000000000000e+03,1.123000000000000000e+03,1.031546942374293252e+01,7.692307692307692735e-02,2.800000000000000000e+01,4.360073216000000000e+10,1.367401955328000000e+12,4.216426908969879150e-01
2.985000000000000000e+03,2.210000000000000000e+03,4.868713495891484655e+01,1.885618083164126990e-01,2.000000000000000000e+02,1.603066368000000000e+09,2.519666196480000000e+11,6.580364108085632324e-01
3.028000000000000000e+03,8.390000000000000000e+02,6.305016136401039262e+01,1.897658566033678385e-01,9.800000000000000000e+01,6.441727488000000000e+09,4.850621808640000000e+11,1.873759031295776367e+00
1.707000000000000000e+03,2.311000000000000000e+03,3.431353803449883344e+01,1.720052290384453675e-01,3.150000000000000000e+02,1.078892288000000000e+09,1.723000750080000000e+11,2.807259857654571533e-01
1.724000000000000000e+03,1.672000000000000000e+03,7.449264239355225925e+01,1.437398936440172637e-01,4.000000000000000000e+00,3.269792563200000000e+10,7.531220172800000000e+11,7.694553852081298828e+00
1.635000000000000000e+03,1.598000000000000000e+03,3.417209644243669686e+01,1.242259987499883256e-01,1.260000000000000000e+02,8.510359040000000000e+09,4.107794513920000000e+11,1.171465665102005005e-01
1.496000000000000000e+03,1.694000000000000000e+03,1.121364085251803289e+01,1.666666666666666574e-01,4.130000000000000000e+02,1.057321088000000000e+09,1.275934310400000000e+11,3.549383878707885742e-01
6.500000000000000000e+02,8.320000000000000000e+02,1.257007910275968143e+01,1.442220510185595606e-01,1.700000000000000000e+01,5.011012403200000000e+10,1.201295589376000000e+12,1.027397990226745605e+00
1.800000000000000000e+01,1.889000000000000000e+03,1.033816539892358009e+02,1.428571428571428492e-01,6.800000000000000000e+01,1.475188736000000000e+10,6.964029685760000000e+11,2.634758710861206055e+00
3.019000000000000000e+03,3.271000000000000000e+03,1.518614374152043389e+01,1.542115846551579128e-01,2.000000000000000000e+01,4.071325696000000000e+10,1.826836054016000000e+12,6.263589262962341309e-01
1.878000000000000000e+03,1.483000000000000000e+03,1.512563775714088621e+01,1.010152544552210818e-01,3.060000000000000000e+02,1.568214528000000000e+09,2.011891138560000000e+11,4.769412279129028320e-01
3.999000000000000000e+03,1.284000000000000000e+03,2.339514280896517207e+01,1.184418516497664497e-01,3.960000000000000000e+02,8.582507520000000000e+08,1.404932259840000000e+11,1.361435055732727051e-01
2.789000000000000000e+03,5.300000000000000000e+02,1.673248408103253482e+01,1.863389981249824745e-01,2.730000000000000000e+02,5.777141760000000000e+08,1.435401748480000000e+11,1.002508848905563354e-01
1.586000000000000000e+03,1.056000000000000000e+03,2.955486301877426740e+02,1.000000000000000056e-01,4.950000000000000000e+02,3.927956160000000000e+08,8.081269555200000000e+10,6.020800396800041199e-02
4.400000000000000000e+02,2.741000000000000000e+03,2.090764639696910621e+01,6.734350297014739251e-02,8.600000000000000000e+01,1.698641715200000000e+10,6.620944138240000000e+11,0.000000000000000000e+00
1.540000000000000000e+03,1.932000000000000000e+03,2.344204301096073806e+01,8.333333333333332871e-02,2.980000000000000000e+02,4.301437440000000000e+08,1.428876492800000000e+11,4.677122831344604492e-02
3.048000000000000000e+03,3.401000000000000000e+03,2.250416382261398951e+01,9.316949906249123725e-02,4.900000000000000000e+01,3.686430310400000000e+10,1.007178809344000000e+12,2.341371476650238037e-01
6.220000000000000000e+02,9.750000000000000000e+02,1.244764541397700164e+01,1.818181818181818232e-01,4.680000000000000000e+02,4.232792960000000000e+08,8.963668377600000000e+10,1.792400181293487549e-01
3.101000000000000000e+03,1.259000000000000000e+03,5.492217866426604189e+01,1.716929178792375721e-01,8.300000000000000000e+01,1.246250700800000000e+10,7.244424151040000000e+11,6.080859303474426270e-01
2.520000000000000000e+03,7.520000000000000000e+02,6.739286253485956024e+01,1.178511301977579334e-01,3.640000000000000000e+02,4.016161600000000000e+08,1.224422850560000000e+11,2.357449196279048920e-02
1.052000000000000000e+03,6.710000000000000000e+02,2.074006914651048206e+01,1.597191412499849861e-01,2.460000000000000000e+02,5.650472960000000000e+09,2.257174691840000000e+11,4.827106297016143799e-01
2.239000000000000000e+03,3.790000000000000000e+03,2.934179707184608432e+01,1.944406936956339094e-01,6.900000000000000000e+01,4.348610969600000000e+10,9.070498283520000000e+11,7.620597723871469498e-03
2.242000000000000000e+03,3.790000000000000000e+03,5.445892230516327004e+01,9.722034684781695468e-02,6.900000000000000000e+01,4.348610969600000000e+10,9.070498283520000000e+11,7.620597723871469498e-03
1.724000000000000000e+03,1.676000000000000000e+03,5.970657870882027396e+01,1.928473039599674921e-01,4.000000000000000000e+00,3.269792563200000000e+10,7.531220172800000000e+11,7.694553852081298828e+00
6.120000000000000000e+02,9.250000000000000000e+02,2.974018012024718871e+01,6.734350297014739251e-02,9.600000000000000000e+01,1.947561779200000000e+10,6.610042224640000000e+11,7.008498907089233398e-01
2.922000000000000000e+03,3.630000000000000000e+02,8.533445829074543099e+01,6.666666666666666574e-02,2.470000000000000000e+02,2.639703552000000000e+09,2.397348495360000000e+11,8.896604180335998535e-01
3.079000000000000000e+03,1.577000000000000000e+03,5.417341543091372102e+01,1.010152544552210818e-01,2.770000000000000000e+02,2.816187904000000000e+09,1.890902179840000000e+11,1.188701033592224121e+00
3.095000000000000000e+03,3.619000000000000000e+03,2.495291792564151123e+01,1.129384878631564115e-01,2.500000000000000000e+01,4.075406131200000000e+10,1.594271465472000000e+12,3.982214033603668213e-01
9.290000000000000000e+02,5.300000000000000000e+01,1.491664582892468260e+01,9.756097560975610095e-02,0.000000000000000000e+00,6.256252108800000000e+10,5.017748635648000000e+12,4.946801960468292236e-01
9.210000000000000000e+02,6.000000000000000000e+01,1.449290650280064696e+01,1.966404328853304795e-01,0.000000000000000000e+00,6.256252108800000000e+10,5.017748635648000000e+12,4.946801960468292236e-01
3.860000000000000000e+02,7.090000000000000000e+02,7.785369019342735442e+01,8.333333333333332871e-02,3.940000000000000000e+02,4.340258560000000000e+08,1.272477941760000000e+11,5.574505031108856201e-02
2.344000000000000000e+03,3.113000000000000000e+03,3.565164978112652250e+01,1.666666666666666574e-01,1.330000000000000000e+02,8.948759552000000000e+09,4.674728427520000000e+11,5.500524640083312988e-01
2.462000000000000000e+03,3.125000000000000000e+03,1.916339501612808860e+01,1.923273145405179907e-01,1.500000000000000000e+01,7.138964275200000000e+10,1.710274510848000000e+12,2.411046743392944336e+00
3.697000000000000000e+03,1.600000000000000000e+02,2.957706891715344000e+01,1.963383631246505001e-01,7.500000000000000000e+01,2.454544179200000000e+10,6.556142141440000000e+11,2.213511466979980469e+00
6.560000000000000000e+02,3.903000000000000000e+03,4.526365518837002355e+01,1.490711984999859852e-01,1.220000000000000000e+02,1.443306624000000000e+09,2.756263280640000000e+11,6.954203248023986816e-01
3.470000000000000000e+02,3.267000000000000000e+03,4.877531340113228708e+01,1.242259987499883256e-01,6.200000000000000000e+01,1.928503910400000000e+10,4.123953070080000000e+11,9.983271956443786621e-01
2.838000000000000000e+03,1.206000000000000000e+03,4.429984497383683362e+01,7.856742013183862228e-02,1.110000000000000000e+02,1.699877120000000000e+09,4.605679697920000000e+11,1.063262104988098145e+00
1.840000000000000000e+03,9.920000000000000000e+02,6.204591099832965995e+01,1.720052290384453675e-01,2.110000000000000000e+02,1.127867776000000000e+09,1.801016770560000000e+11,3.102087974548339844e-01
3.995000000000000000e+03,2.890000000000000000e+03,4.395565383976958174e+01,1.875000000000000000e-01,2.230000000000000000e+02,6.367427584000000000e+09,2.936652431360000000e+11,7.391481399536132812e-01
6.130000000000000000e+02,2.594000000000000000e+03,1.113034839271853826e+02,1.585809856006792640e-01,3.300000000000000000e+01,3.162380492800000000e+10,1.302926065664000000e+12,2.007309532165527344e+01
2.884000000000000000e+03,3.533000000000000000e+03,1.055395742668466674e+01,1.502313031443328895e-01,3.900000000000000000e+01,1.933491814400000000e+10,1.077381758976000000e+12,1.537795662879943848e-01
2.523000000000000000e+03,3.230000000000000000e+03,2.277026658622659383e+01,1.538461538461538547e-01,3.450000000000000000e+02,1.443784960000000000e+09,1.696410992640000000e+11,4.970680177211761475e-01
3.163000000000000000e+03,8.960000000000000000e+02,1.040832600639801697e+01,1.802775637731994507e-01,1.090000000000000000e+02,2.272710860800000000e+10,6.351597731840000000e+11,0.000000000000000000e+00
2.460000000000000000e+03,3.125000000000000000e+03,1.862597344755421958e+01,1.785714285714285754e-01,1.500000000000000000e+01,7.138964275200000000e+10,1.710274510848000000e+12,2.411046743392944336e+00
2.200000000000000000e+03,3.220000000000000000e+03,1.469569648839527254e+01,2.000000000000000111e-01,2.120000000000000000e+02,8.418713600000000000e+08,8.297308979200000000e+10,1.670643240213394165e-01
3.966000000000000000e+03,2.614000000000000000e+03,7.362178967447114246e+02,1.111111111111111049e-01,1.450000000000000000e+02,5.611709952000000000e+09,4.007164313600000000e+11,6.379430890083312988e-01
1.392000000000000000e+03,2.589000000000000000e+03,3.859699030356861016e+01,1.176470588235294101e-01,1.800000000000000000e+02,4.897091584000000000e+09,3.643243560960000000e+11,1.477249741554260254e+00
9.240000000000000000e+02,4.600000000000000000e+01,2.068400062705411813e+01,1.724650685820847684e-01,0.000000000000000000e+00,6.256252108800000000e+10,5.017748635648000000e+12,4.946801960468292236e-01
2.145000000000000000e+03,3.760000000000000000e+02,3.551685629243922193e+01,1.333333333333333315e-01,2.140000000000000000e+02,3.986595328000000000e+09,2.548667187200000000e+11,7.246758341789245605e-01
1.189000000000000000e+03,1.475000000000000000e+03,5.570076099478029619e+01,1.428571428571428492e-01,3.170000000000000000e+02,2.468179968000000000e+09,1.992450048000000000e+11,8.445805311203002930e-01
2.239000000000000000e+03,2.156000000000000000e+03,1.490921138829211401e+01,1.897658566033678385e-01,1.190000000000000000e+02,1.317935820800000000e+10,5.372063252480000000e+11,2.801064588129520416e-02
3.030000000000000000e+03,8.420000000000000000e+02,7.482673533570768143e+01,7.443229275647869625e-02,9.800000000000000000e+01,6.441727488000000000e+09,4.850621808640000000e+11,1.873759031295776367e+00
2.514000000000000000e+03,1.012000000000000000e+03,1.581140242169727195e+01,1.724137931034482873e-01,1.900000000000000000e+01,4.698338508800000000e+10,1.740785844224000000e+12,5.655762553215026855e-01
3.880000000000000000e+02,7.090000000000000000e+02,2.964584204900698339e+01,8.333333333333332871e-02,3.940000000000000000e+02,4.340258560000000000e+08,1.272477941760000000e+11,5.574505031108856201e-02
3.380000000000000000e+02,1.474000000000000000e+03,1.385043048885253469e+01,1.666666666666666574e-01,1.300000000000000000e+01,4.897171865600000000e+10,2.033823121408000000e+12,2.753273546695709229e-01
9.800000000000000000e+01,1.329000000000000000e+03,1.034987725364057525e+02,5.892556509887896671e-02,4.500000000000000000e+01,2.534583910400000000e+10,1.017070354432000000e+12,1.962765812873840332e+00
4.370000000000000000e+02,2.737000000000000000e+03,1.636832479739080526e+01,1.716929178792375721e-01,8.600000000000000000e+01,1.698641715200000000e+10,6.620944138240000000e+11,0.000000000000000000e+00
2.017000000000000000e+03,3.855000000000000000e+03,3.141001793071009374e+01,1.767766952966368932e-01,4.340000000000000000e+02,5.916048000000000000e+08,4.378447052800000000e+10,5.739155411720275879e-02
1.491000000000000000e+03,1.417000000000000000e+03,2.010008070220224496e+01,1.111111111111111049e-01,1.530000000000000000e+02,1.254496972800000000e+10,4.504584847360000000e+11,0.000000000000000000e+00
2.240000000000000000e+03,5.910000000000000000e+02,1.949014579966522831e+01,1.818181818181818232e-01,3.570000000000000000e+02,7.882477440000000000e+08,8.887947264000000000e+10,1.408489197492599487e-01
3.995000000000000000e+03,1.522000000000000000e+03,2.164604533887278848e+01,7.692307692307692735e-02,3.680000000000000000e+02,1.454576512000000000e+09,1.598858690560000000e+11,2.514202892780303955e-01
2.989000000000000000e+03,2.207000000000000000e+03,7.200317593673969441e+01,1.490711984999859852e-01,2.000000000000000000e+02,1.603066368000000000e+09,2.519666196480000000e+11,6.580364108085632324e-01
3.286000000000000000e+03,1.475000000000000000e+03,1.134878029788234421e+01,1.250000000000000000e-01,5.540000000000000000e+02,3.660552320000000000e+08,4.488872345600000000e+10,9.220638312399387360e-03
4.880000000000000000e+02,1.823000000000000000e+03,1.753503587980848621e+01,9.722034684781695468e-02,1.400000000000000000e+01,2.377802752000000000e+10,9.533723115520000000e+11,2.146925926208496094e+00
3.893000000000000000e+03,5.780000000000000000e+02,8.524571048844052257e+01,1.597191412499849861e-01,2.010000000000000000e+02,2.204576000000000000e+09,1.963535564800000000e+11,1.007424712181091309e+00
2.583000000000000000e+03,2.220000000000000000e+02,4.809052632011103157e+01,2.000000000000000111e-01,2.090000000000000000e+02,2.487869952000000000e+09,2.455082434560000000e+11,3.025927841663360596e-01
2.147000000000000000e+03,1.475000000000000000e+03,4.489690472061526805e+01,9.428090415820634951e-02,1.970000000000000000e+02,1.218683392000000000e+09,2.609859624960000000e+11,4.991658031940460205e-01
3.049000000000000000e+03,3.402000000000000000e+03,1.905066947800005295e+01,1.250000000000000000e-01,4.900000000000000000e+01,3.686430310400000000e+10,1.007178809344000000e+12,2.341371476650238037e-01
2.197000000000000000e+03,3.087000000000000000e+03,8.663507497598426710e+01,0.000000000000000000e+00,4.270000000000000000e+02,9.537302400000000000e+08,1.312612106240000000e+11,1.773587763309478760e-01
3.850000000000000000e+02,7.090000000000000000e+02,2.024802608703559059e+01,1.666666666666666574e-01,3.940000000000000000e+02,4.340258560000000000e+08,1.272477941760000000e+11,5.574505031108856201e-02
4.470000000000000000e+02,3.546000000000000000e+03,2.361020378636127859e+01,1.428571428571428492e-01,2.050000000000000000e+02,2.524242432000000000e+09,1.924732846080000000e+11,5.889598727226257324e-01
3.561000000000000000e+03,1.409000000000000000e+03,2.904522225248966194e+01,1.767766952966368932e-01,1.440000000000000000e+02,6.393047040000000000e+09,3.163068497920000000e+11,2.523791491985321045e-01
1.445000000000000000e+03,1.618000000000000000e+03,7.375713604126700318e+01,1.488645855129573925e-01,6.100000000000000000e+01,1.472875110400000000e+10,5.134962196480000000e+11,1.453196406364440918e+00
5.510000000000000000e+02,2.119000000000000000e+03,5.565710476301744620e+02,1.176877882894626220e-01,9.200000000000000000e+01,1.243117772800000000e+10,4.937068052480000000e+11,1.063179373741149902e+00
2.402000000000000000e+03,1.310000000000000000e+03,2.719156278277202787e+01,1.047565601757848297e-01,2.200000000000000000e+01,5.448031846400000000e+10,1.445857329152000000e+12,2.244370937347412109e+00
1.709000000000000000e+03,1.040000000000000000e+03,2.259582200027575283e+01,1.818181818181818232e-01,4.330000000000000000e+02,3.649771200000000000e+08,1.042201231360000000e+11,5.658262968063354492e-02
3.100000000000000000e+03,3.183000000000000000e+03,9.562522308238676771e+01,7.692307692307692735e-02,1.340000000000000000e+02,2.217295616000000000e+09,1.731536650240000000e+11,6.493409276008605957e-01
2.976000000000000000e+03,2.264000000000000000e+03,3.175740984781890930e+01,1.087856586440842377e-01,3.240000000000000000e+02,3.838052160000000000e+08,1.460147159040000000e+11,1.041521206498146057e-01
3.085000000000000000e+03,2.414000000000000000e+03,3.684107798575809056e+01,6.428243465332250661e-02,2.400000000000000000e+01,3.329379942400000000e+10,8.096457687040000000e+11,7.204747200012207031e-01
1.767000000000000000e+03,4.540000000000000000e+02,9.428664970634200415e+01,8.838834764831844659e-02,1.570000000000000000e+02,3.006642688000000000e+09,2.851074211840000000e+11,3.332279205322265625e+00
1.640000000000000000e+03,3.065000000000000000e+03,6.860541025923129155e+01,1.649242250247064112e-01,1.800000000000000000e+01,3.449834700800000000e+10,1.125269241856000000e+12,5.236464023590087891e+00
5.750000000000000000e+02,8.060000000000000000e+02,3.429138243834689348e+01,1.333333333333333315e-01,1.750000000000000000e+02,3.009767936000000000e+09,2.583236935680000000e+11,8.106874227523803711e-01
3.206000000000000000e+03,1.945000000000000000e+03,5.172629800149651658e+01,7.071067811865475172e-02,1.060000000000000000e+02,1.809531289600000000e+10,5.961819095040000000e+11,9.301034808158874512e-01
2.976000000000000000e+03,2.267000000000000000e+03,1.937008795052610211e+01,1.720052290384453675e-01,3.240000000000000000e+02,3.838052160000000000e+08,1.460147159040000000e+11,1.041521206498146057e-01
1.902000000000000000e+03,1.416000000000000000e+03,1.155020006205360161e+01,1.818181818181818232e-01,4.390000000000000000e+02,3.359710080000000000e+08,9.931372134400000000e+10,1.120363697409629822e-01
2.622000000000000000e+03,5.690000000000000000e+02,1.625462698041103238e+01,1.111111111111111049e-01,5.490000000000000000e+02,3.435173760000000000e+08,6.118723584000000000e+10,1.976290158927440643e-02
1.344000000000000000e+03,2.770000000000000000e+02,2.608601298951103900e+02,1.000000000000000056e-01,4.910000000000000000e+02,3.600503040000000000e+08,6.475467161600000000e+10,2.733696065843105316e-02
3.285000000000000000e+03,1.475000000000000000e+03,2.571925833969126884e+01,0.000000000000000000e+00,5.540000000000000000e+02,3.660552320000000000e+08,4.488872345600000000e+10,9.220638312399387360e-03
1.514000000000000000e+03,2.142000000000000000e+03,2.418305040639808112e+01,1.000000000000000056e-01,5.460000000000000000e+02,5.770684800000000000e+08,7.130678886400000000e+10,1.140145510435104370e-01
3.283000000000000000e+03,3.293000000000000000e+03,5.321522754207103389e+01,4.285495643554834005e-02,5.000000000000000000e+00,5.707350016000000000e+10,2.649217302528000000e+12,1.466975212097167969e+00
3.383000000000000000e+03,3.854000000000000000e+03,1.839957031124631470e+01,9.428090415820634951e-02,2.440000000000000000e+02,6.219469824000000000e+09,2.462582538240000000e+11,7.691988348960876465e-02
5.840000000000000000e+02,2.403000000000000000e+03,2.861041644836211617e+01,1.538461538461538547e-01,4.120000000000000000e+02,1.624076544000000000e+09,1.459722813440000000e+11,3.445019423961639404e-01
3.201000000000000000e+03,3.186000000000000000e+03,1.018271729780400925e+01,1.178511301977579334e-01,4.150000000000000000e+02,6.657606400000000000e+08,1.192828682240000000e+11,6.993571668863296509e-02
2.760000000000000000e+02,3.804000000000000000e+03,3.271309337413711660e+01,1.538461538461538547e-01,2.360000000000000000e+02,9.779505920000000000e+08,1.806616002560000000e+11,3.971246778964996338e-01
1.462000000000000000e+03,2.894000000000000000e+03,3.443884974759073714e+01,1.490711984999859852e-01,1.870000000000000000e+02,3.490905344000000000e+09,2.551559946240000000e+11,6.606990098953247070e-01
6.090000000000000000e+02,3.752000000000000000e+03,2.657731499649426343e+00,1.442220510185595606e-01,5.200000000000000000e+01,2.365812326400000000e+10,1.221729583104000000e+12,2.599559258669614792e-03
1.662000000000000000e+03,1.090000000000000000e+03,3.893051827637655293e+01,1.976423537605237202e-01,1.640000000000000000e+02,5.659436544000000000e+09,3.017778790400000000e+11,7.089489698410034180e-01
1.749000000000000000e+03,2.651000000000000000e+03,1.086273123391453410e+01,1.897658566033678385e-01,1.290000000000000000e+02,6.908323328000000000e+09,4.725664645120000000e+11,1.298392377793788910e-02
1.437000000000000000e+03,1.476000000000000000e+03,5.855620193051457534e+01,1.397542485937368628e-01,2.170000000000000000e+02,7.385863168000000000e+09,2.996693893120000000e+11,1.486081480979919434e-01
1.710000000000000000e+02,2.145000000000000000e+03,2.415544445448123412e+01,1.597191412499849861e-01,2.790000000000000000e+02,4.254184640000000000e+08,2.039951196160000000e+11,1.140684187412261963e-01
1.860000000000000000e+02,2.697000000000000000e+03,2.856634617743231175e+01,1.052631578947368363e-01,1.100000000000000000e+02,1.130036121600000000e+10,4.833563115520000000e+11,1.303891420364379883e+00
3.803000000000000000e+03,6.210000000000000000e+02,7.646047560356136330e+01,1.490711984999859852e-01,1.900000000000000000e+02,5.169756160000000000e+09,2.290967183360000000e+11,7.144913673400878906e-01
5.510000000000000000e+02,2.118000000000000000e+03,1.440993523481850218e+02,1.664356663246515655e-01,9.200000000000000000e+01,1.243117772800000000e+10,4.937068052480000000e+11,1.063179373741149902e+00
3.530000000000000000e+02,3.392000000000000000e+03,4.799355720663181302e+01,7.071067811865475172e-02,1.130000000000000000e+02,2.184168857600000000e+10,5.550306099200000000e+11,1.005207449197769165e-01
1.820000000000000000e+03,1.347000000000000000e+03,1.419259465670583786e+01,1.285648693066450132e-01,4.980000000000000000e+02,1.372052736000000000e+09,9.152898662400000000e+10,3.258232176303863525e-01
1.624000000000000000e+03,1.004000000000000000e+03,1.694961506478628621e+01,1.818181818181818232e-01,4.830000000000000000e+02,1.266737664000000000e+09,8.850531942400000000e+10,1.379862576723098755e-01
3.018000000000000000e+03,5.640000000000000000e+02,3.162084066937467242e+01,5.555555555555555247e-02,1.160000000000000000e+02,6.805506560000000000e+09,4.243692257280000000e+11,2.449444308876991272e-02
3.159000000000000000e+03,2.219000000000000000e+03,2.540172364880949374e+01,1.666666666666666574e-01,4.740000000000000000e+02,8.975640960000000000e+08,1.160296693760000000e+11,1.407080143690109253e-01
2.613000000000000000e+03,8.850000000000000000e+02,9.169726577093722142e+01,1.666666666666666574e-01,3.880000000000000000e+02,3.755893120000000000e+08,1.428837171200000000e+11,9.736385196447372437e-02
1.242000000000000000e+03,1.356000000000000000e+03,1.092880578610023257e+01,1.111111111111111049e-01,5.530000000000000000e+02,3.407267520000000000e+08,4.682190028800000000e+10,0.000000000000000000e+00
1.339000000000000000e+03,1.877000000000000000e+03,4.410161261395374055e+01,1.285648693066450132e-01,2.480000000000000000e+02,3.243550080000000000e+08,1.120837795840000000e+11,1.034625172615051270e-01
1.840000000000000000e+02,3.227000000000000000e+03,2.689542735567846776e+01,1.414213562373095034e-01,5.300000000000000000e+02,4.330543360000000000e+08,8.370465996800000000e+10,6.094821169972419739e-02
3.455000000000000000e+03,2.856000000000000000e+03,1.655417479400748846e+02,1.000000000000000056e-01,1.600000000000000000e+01,3.871990169600000000e+10,5.638400245760000000e+11,1.564823985099792480e+00
9.290000000000000000e+02,4.800000000000000000e+01,1.999883295161304630e+01,1.561737618886060719e-01,0.000000000000000000e+00,6.256252108800000000e+10,5.017748635648000000e+12,4.946801960468292236e-01
3.589000000000000000e+03,1.167000000000000000e+03,2.415890895280865180e+01,8.281733249999222168e-02,7.000000000000000000e+00,9.380154572800000000e+10,1.533485776896000000e+12,6.129750728607177734e+00
5.830000000000000000e+02,2.403000000000000000e+03,2.058387961798505117e+01,1.720052290384453675e-01,4.120000000000000000e+02,1.624076544000000000e+09,1.459722813440000000e+11,3.445019423961639404e-01
2.885000000000000000e+03,3.532000000000000000e+03,1.042236954962030104e+01,1.717960677340691911e-01,3.900000000000000000e+01,1.933491814400000000e+10,1.077381758976000000e+12,1.537795662879943848e-01
2.978000000000000000e+03,4.100000000000000000e+01,1.094363653751688759e+01,1.153846153846153910e-01,2.900000000000000000e+01,3.051142758400000000e+10,1.378565881856000000e+12,1.916203647851943970e-02
1.643000000000000000e+03,3.069000000000000000e+03,1.889652111218386210e+02,8.000000000000000167e-02,1.800000000000000000e+01,3.449834700800000000e+10,1.125269241856000000e+12,5.236464023590087891e+00
2.880000000000000000e+02,2.540000000000000000e+03,1.410196840637846272e+01,1.111111111111111049e-01,5.470000000000000000e+02,3.304037440000000000e+08,5.327479193600000000e+10,3.013837710022926331e-02
2.094000000000000000e+03,3.841000000000000000e+03,6.202138519947479978e+01,1.488645855129573925e-01,1.180000000000000000e+02,1.119032627200000000e+10,4.991444254720000000e+11,8.458191156387329102e-01
3.390000000000000000e+02,6.080000000000000000e+02,7.546690622385136749e+01,1.242259987499883256e-01,7.000000000000000000e+01,8.981068800000000000e+09,4.208595763200000000e+11,2.285867452621459961e+00
2.626000000000000000e+03,6.300000000000000000e+01,4.765347432488406554e+01,8.333333333333332871e-02,3.290000000000000000e+02,7.473985280000000000e+08,1.281122058240000000e+11,2.677565217018127441e-01
2.581000000000000000e+03,8.330000000000000000e+02,1.425126203946169134e+01,8.600261451922268374e-02,8.000000000000000000e+00,4.508758425600000000e+10,1.280955383808000000e+12,2.201740026473999023e+00
1.611000000000000000e+03,2.961000000000000000e+03,6.515235248930990508e+01,1.304347826086956486e-01,5.100000000000000000e+01,3.191295590400000000e+10,8.522985635840000000e+11,3.693249225616455078e+00
4.010000000000000000e+02,1.356000000000000000e+03,1.690268575910473459e+01,1.388888888888888951e-01,1.000000000000000000e+00,9.809676697600000000e+10,3.612387573760000000e+12,1.521267175674438477e+00
3.150000000000000000e+03,3.272000000000000000e+03,4.143576130512779088e+01,1.333333333333333315e-01,2.380000000000000000e+02,2.390858752000000000e+09,2.606460928000000000e+11,6.457555890083312988e-01
3.724000000000000000e+03,2.497000000000000000e+03,7.408936126076862649e+01,4.545454545454545581e-02,4.300000000000000000e+01,1.800707276800000000e+10,8.294295797760000000e+11,1.875314235687255859e+00
2.968000000000000000e+03,3.716000000000000000e+03,1.785263100410902553e+02,1.176877882894626220e-01,9.100000000000000000e+01,1.009944064000000000e+10,4.783271772160000000e+11,2.100039958953857422e+00
3.620000000000000000e+03,3.970000000000000000e+03,2.037572357765022701e+01,1.567630989332169100e-01,6.600000000000000000e+01,3.083681792000000000e+10,8.879675801600000000e+11,1.502096533775329590e+00
3.101000000000000000e+03,1.074000000000000000e+03,1.602866675140801078e+01,1.638886943392722229e-01,7.700000000000000000e+01,2.013876428800000000e+10,8.125853204480000000e+11,1.798575818538665771e-01
1.484000000000000000e+03,1.143000000000000000e+03,2.975881045838655581e+01,1.087856586440842377e-01,1.890000000000000000e+02,5.321480192000000000e+09,1.622456729600000000e+11,1.293378472328186035e+00
3.370000000000000000e+03,6.230000000000000000e+02,2.735846516730825684e+01,1.538461538461538547e-01,3.140000000000000000e+02,1.763617920000000000e+09,1.722417643520000000e+11,9.148865938186645508e-01
3.402000000000000000e+03,1.758000000000000000e+03,2.398067300556699522e+01,1.976423537605237202e-01,1.860000000000000000e+02,6.327045120000000000e+09,3.038577295360000000e+11,2.210036963224411011e-01
3.520000000000000000e+02,3.387000000000000000e+03,2.123045116236396268e+01,2.000000000000000111e-01,1.130000000000000000e+02,2.184168857600000000e+10,5.550306099200000000e+11,1.005207449197769165e-01
3.646000000000000000e+03,3.133000000000000000e+03,2.695771384605544085e+01,1.764705882352941291e-01,1.360000000000000000e+02,7.123006976000000000e+09,3.876921016320000000e+11,3.230233490467071533e-01
2.732000000000000000e+03,2.467000000000000000e+03,5.600019358930030222e+01,1.717960677340691911e-01,3.700000000000000000e+01,2.916994662400000000e+10,1.049209339904000000e+12,5.184139728546142578e+00
9.500000000000000000e+01,1.324000000000000000e+03,9.903521834585320960e+01,1.863389981249824745e-01,4.500000000000000000e+01,2.534583910400000000e+10,1.017070354432000000e+12,1.962765812873840332e+00
3.815000000000000000e+03,3.530000000000000000e+02,5.161117266929088032e+01,1.250000000000000000e-01,1.710000000000000000e+02,7.686175744000000000e+09,3.092989870080000000e+11,4.525429308414459229e-01
3.078000000000000000e+03,1.577000000000000000e+03,4.812369821004541137e+01,1.597191412499849861e-01,2.770000000000000000e+02,2.816187904000000000e+09,1.890902179840000000e+11,1.188701033592224121e+00
1.248000000000000000e+03,2.167000000000000000e+03,2.728350901405113405e+01,1.538461538461538547e-01,3.340000000000000000e+02,6.826451840000000000e+08,1.621331640320000000e+11,2.349519878625869751e-01
3.768000000000000000e+03,1.252000000000000000e+03,3.465308797849095868e+01,1.638886943392722229e-01,3.500000000000000000e+01,2.187055104000000000e+10,8.474401177600000000e+11,4.325410366058349609e+00
2.330000000000000000e+02,1.114000000000000000e+03,4.697665115301813898e+01,1.437398936440172637e-01,4.800000000000000000e+01,1.859853926400000000e+10,8.332313886720000000e+11,3.081290960311889648e+00
2.253000000000000000e+03,1.344000000000000000e+03,9.955365935577118819e+01,1.437398936440172637e-01,8.000000000000000000e+01,1.309234585600000000e+10,7.702168862720000000e+11,1.206064105033874512e+00
6.140000000000000000e+02,2.989000000000000000e+03,1.757989908467392226e+01,1.538461538461538547e-01,2.530000000000000000e+02,5.403349760000000000e+08,1.540527718400000000e+11,1.668499112129211426e-01
3.204000000000000000e+03,3.805000000000000000e+03,1.237568074614346258e+01,1.792654619833765339e-01,5.400000000000000000e+01,2.519146700800000000e+10,8.874719313920000000e+11,2.497666776180267334e-01
3.447000000000000000e+03,1.223000000000000000e+03,1.999295408193017565e+01,1.764705882352941291e-01,5.900000000000000000e+01,1.250927923200000000e+10,3.361745141760000000e+11,9.381470084190368652e-01
1.564000000000000000e+03,2.419000000000000000e+03,1.218482410456659295e+02,1.064794274999899953e-01,7.300000000000000000e+01,1.521108377600000000e+10,7.037344808960000000e+11,2.304742574691772461e+00
7.700000000000000000e+02,2.423000000000000000e+03,9.925555042272540618e+01,7.142857142857142461e-02,3.050000000000000000e+02,5.268018688000000000e+09,1.916077998080000000e+11,1.323084235191345215e-01
1.165000000000000000e+03,9.850000000000000000e+02,4.032271117942988781e+01,1.285648693066450132e-01,3.220000000000000000e+02,1.053991680000000000e+09,1.021092577280000000e+11,3.562800288200378418e-01
1.834000000000000000e+03,8.810000000000000000e+02,2.537327046933109997e+01,9.428090415820634951e-02,2.130000000000000000e+02,5.969742848000000000e+09,2.418833326080000000e+11,5.127511620521545410e-01
2.399000000000000000e+03,1.306000000000000000e+03,2.980829612384561855e+01,1.994505484123890171e-01,2.200000000000000000e+01,5.448031846400000000e+10,1.445857329152000000e+12,2.244370937347412109e+00
1.356000000000000000e+03,1.759000000000000000e+03,2.774612969834631571e+01,1.597191412499849861e-01,2.970000000000000000e+02,3.201915904000000000e+09,1.979195555840000000e+11,8.615502715110778809e-01
3.440000000000000000e+03,1.608000000000000000e+03,5.018181373324675576e+01,0.000000000000000000e+00,2.700000000000000000e+02,7.359706240000000000e+08,1.932054364160000000e+11,8.216810971498489380e-02
1.429000000000000000e+03,1.331000000000000000e+03,2.520234726780713075e+01,1.818181818181818232e-01,4.310000000000000000e+02,6.789124480000000000e+08,1.053877125120000000e+11,8.867353945970535278e-02
3.624000000000000000e+03,3.408000000000000000e+03,2.655247739063693402e+01,1.874138920735300140e-01,5.500000000000000000e+01,2.626351104000000000e+10,8.398834892800000000e+11,2.084592580795288086e+00
2.960000000000000000e+02,2.730000000000000000e+03,1.936145649040619077e+01,1.720052290384453675e-01,3.420000000000000000e+02,5.387810560000000000e+08,1.542441533440000000e+11,2.097166627645492554e-01
2.040000000000000000e+02,1.404000000000000000e+03,2.231037669754944019e+01,1.414213562373095034e-01,4.620000000000000000e+02,3.225003520000000000e+08,7.823260057600000000e+10,3.666804730892181396e-02
1.276000000000000000e+03,3.927000000000000000e+03,2.081513510769597630e+01,3.846153846153846367e-02,4.700000000000000000e+01,2.999850598400000000e+10,1.287392722944000000e+12,2.840396203100681305e-02
3.207000000000000000e+03,3.801000000000000000e+03,1.107144003975349733e+01,1.739130434782608647e-01,5.400000000000000000e+01,2.519146700800000000e+10,8.874719313920000000e+11,2.497666776180267334e-01
3.797000000000000000e+03,2.652000000000000000e+03,4.412514382210111563e+01,7.142857142857142461e-02,2.210000000000000000e+02,4.674793472000000000e+09,2.267652423680000000e+11,9.816284775733947754e-01
3.470000000000000000e+02,3.264000000000000000e+03,6.432231546322108784e+01,1.571348402636772446e-01,6.200000000000000000e+01,1.928503910400000000e+10,4.123953070080000000e+11,9.983271956443786621e-01
1.053000000000000000e+03,6.690000000000000000e+02,2.189338691228212141e+01,1.428571428571428492e-01,2.460000000000000000e+02,5.650472960000000000e+09,2.257174691840000000e+11,4.827106297016143799e-01
7.380000000000000000e+02,1.101000000000000000e+03,2.959805476838711868e+01,1.666666666666666574e-01,1.430000000000000000e+02,4.983443456000000000e+09,4.042203791360000000e+11,1.947730064392089844e+00
1.764000000000000000e+03,1.271000000000000000e+03,3.027576332382564672e+01,1.756820922315766309e-01,1.610000000000000000e+02,7.484448768000000000e+09,4.207674654720000000e+11,1.975223869085311890e-01
3.161000000000000000e+03,8.890000000000000000e+02,9.561989763400410069e+00,2.000000000000000111e-01,1.090000000000000000e+02,2.272710860800000000e+10,6.351597731840000000e+11,0.000000000000000000e+00
1.938000000000000000e+03,3.887000000000000000e+03,1.892312627730367325e+01,1.739130434782608647e-01,4.200000000000000000e+01,3.713277542400000000e+10,9.399391354880000000e+11,8.075914978981018066e-01
1.812000000000000000e+03,1.922000000000000000e+03,4.746074698214298593e+01,1.597191412499849861e-01,2.920000000000000000e+02,3.134673664000000000e+09,2.146280243200000000e+11,6.719036102294921875e-01
2.141000000000000000e+03,3.740000000000000000e+02,4.767065008574947171e+01,1.885618083164126990e-01,2.140000000000000000e+02,3.986595328000000000e+09,2.548667187200000000e+11,7.246758341789245605e-01
1.513000000000000000e+03,1.435000000000000000e+03,2.820286543072209540e+01,1.000000000000000056e-01,5.070000000000000000e+02,3.240689280000000000e+08,7.017516236800000000e+10,6.042420491576194763e-02
4.820000000000000000e+02,3.386000000000000000e+03,2.004231463151270276e+01,1.428571428571428492e-01,2.810000000000000000e+02,3.947301632000000000e+09,1.837049610240000000e+11,1.494614005088806152e+00
1.946000000000000000e+03,1.597000000000000000e+03,2.069744199356141934e+01,9.428090415820634951e-02,2.650000000000000000e+02,2.214661888000000000e+09,2.296571658240000000e+11,1.728671044111251831e-01
1.656000000000000000e+03,3.695000000000000000e+03,1.699376675060759680e+02,1.242259987499883256e-01,9.700000000000000000e+01,8.631378944000000000e+09,4.648786329600000000e+11,1.410987377166748047e+00
3.980000000000000000e+03,2.420000000000000000e+03,1.473541080346357823e+01,2.000000000000000111e-01,1.100000000000000000e+01,8.969981952000000000e+10,1.230720466944000000e+12,1.840681076049804688e+00
1.929000000000000000e+03,2.790000000000000000e+02,1.399738860060390166e+01,1.863389981249824745e-01,3.860000000000000000e+02,4.212420480000000000e+08,1.386538434560000000e+11,4.054447263479232788e-02
3.080000000000000000e+03,8.670000000000000000e+02,2.162126672230735025e+01,1.397542485937368628e-01,1.930000000000000000e+02,2.731847680000000000e+09,2.914863022080000000e+11,4.136207401752471924e-01
2.040000000000000000e+02,3.740000000000000000e+02,2.896832761565244141e+01,1.666666666666666574e-01,1.660000000000000000e+02,4.560578048000000000e+09,4.044796723200000000e+11,1.807749032974243164e+00
3.678000000000000000e+03,2.885000000000000000e+03,2.803646707995796206e+01,1.571348402636772168e-01,2.700000000000000000e+01,5.914858700800000000e+10,1.389970718720000000e+12,1.606564044952392578e+00
3.682000000000000000e+03,1.154000000000000000e+03,6.008707823311765139e+01,1.571348402636772446e-01,3.000000000000000000e+01,2.535121100800000000e+10,4.562780487680000000e+11,3.363192081451416016e+00
3.629000000000000000e+03,3.404000000000000000e+03,2.537155678113749957e+01,1.818181818181818232e-01,5.500000000000000000e+01,2.626351104000000000e+10,8.398834892800000000e+11,2.084592580795288086e+00
2.612000000000000000e+03,8.890000000000000000e+02,1.405134491074933756e+01,1.863389981249824745e-01,3.880000000000000000e+02,3.755893120000000000e+08,1.428837171200000000e+11,9.736385196447372437e-02
3.920000000000000000e+03,9.140000000000000000e+02,1.461361977501672627e+01,1.285648693066450132e-01,5.100000000000000000e+02,5.422079360000000000e+08,8.963564339200000000e+10,7.310037314891815186e-02
4.890000000000000000e+02,1.823000000000000000e+03,2.034627309746394630e+01,8.695652173913043237e-02,1.400000000000000000e+01,2.377802752000000000e+10,9.533723115520000000e+11,2.146925926208496094e+00
2.830000000000000000e+03,2.452000000000000000e+03,3.523475675260306872e+01,1.663780661615406053e-01,1.490000000000000000e+02,7.441189888000000000e+09,3.603796459520000000e+11,2.079063355922698975e-01
3.743000000000000000e+03,2.100000000000000000e+03,5.118454112322970673e+01,1.414213562373095034e-01,4.710000000000000000e+02,5.311026560000000000e+08,8.074033561600000000e+10,6.473720818758010864e-02
2.018000000000000000e+03,3.625000000000000000e+03,5.498913241637046667e+01,7.692307692307692735e-02,3.550000000000000000e+02,8.851233280000000000e+08,1.658235125760000000e+11,1.857640594244003296e-01
2.565000000000000000e+03,2.520000000000000000e+02,1.283117317176306393e+01,1.111111111111111049e-01,5.510000000000000000e+02,5.617840640000000000e+08,5.048888524800000000e+10,1.513833552598953247e-01
3.078000000000000000e+03,2.313000000000000000e+03,2.849931713912630116e+01,1.428571428571428492e-01,3.070000000000000000e+02,1.405687680000000000e+09,1.940398571520000000e+11,2.708486020565032959e-01
1.841000000000000000e+03,9.910000000000000000e+02,6.796436521180810075e+01,1.720052290384453675e-01,2.110000000000000000e+02,1.127867776000000000e+09,1.801016770560000000e+11,3.102087974548339844e-01
1.139000000000000000e+03,3.902000000000000000e+03,5.600062688984534987e+01,1.000000000000000056e-01,6.000000000000000000e+00,3.639146905600000000e+10,2.032646619136000000e+12,2.737049102783203125e+00
2.407000000000000000e+03,1.312000000000000000e+03,2.159435819159473269e+01,1.851851851851851749e-01,2.200000000000000000e+01,5.448031846400000000e+10,1.445857329152000000e+12,2.244370937347412109e+00
2.766000000000000000e+03,3.690000000000000000e+03,1.532628461191183611e+01,2.000000000000000111e-01,8.500000000000000000e+01,2.716291328000000000e+09,2.292095713280000000e+11,6.104024648666381836e-01
1.608000000000000000e+03,2.958000000000000000e+03,5.304985717119550515e+01,1.304347826086956486e-01,5.100000000000000000e+01,3.191295590400000000e+10,8.522985635840000000e+11,3.693249225616455078e+00
2.884000000000000000e+03,1.450000000000000000e+02,2.122535484079180534e+01,1.428571428571428492e-01,2.780000000000000000e+02,4.122584832000000000e+09,2.122228858880000000e+11,5.414686799049377441e-01
2.472000000000000000e+03,2.290000000000000000e+03,1.542476938979347345e+01,1.976423537605237202e-01,1.700000000000000000e+02,5.476801024000000000e+09,3.088722821120000000e+11,2.779350578784942627e-01
1.611000000000000000e+03,2.504000000000000000e+03,4.918852421328757174e+01,1.315334104411640948e-01,1.820000000000000000e+02,5.668081152000000000e+09,3.419367997440000000e+11,3.741784989833831787e-01
5.050000000000000000e+02,1.637000000000000000e+03,1.236656627492675575e+01,2.000000000000000111e-01,5.220000000000000000e+02,3.602613120000000000e+08,8.008671232000000000e+10,8.657997846603393555e-02
2.358000000000000000e+03,2.657000000000000000e+03,1.433624267472958991e+01,1.666666666666666574e-01,4.040000000000000000e+02,7.253898880000000000e+08,1.196070666240000000e+11,1.140825897455215454e-01
9.320000000000000000e+02,5.700000000000000000e+01,1.188122139463122373e+01,1.966404328853304795e-01,0.000000000000000000e+00,6.256252108800000000e+10,5.017748635648000000e+12,4.946801960468292236e-01
3.083000000000000000e+03,2.415000000000000000e+03,3.760677969332272852e+01,1.016394535227177209e-01,2.400000000000000000e+01,3.329379942400000000e+10,8.096457687040000000e+11,7.204747200012207031e-01
9.250000000000000000e+02,5.800000000000000000e+01,1.334154844557841635e+01,1.219512195121951192e-01,0.000000000000000000e+00,6.256252108800000000e+10,5.017748635648000000e+12,4.946801960468292236e-01
2.580000000000000000e+03,8.300000000000000000e+02,5.967003457932817412e+01,3.846153846153846367e-02,8.000000000000000000e+00,4.508758425600000000e+10,1.280955383808000000e+12,2.201740026473999023e+00
1.637000000000000000e+03,1.596000000000000000e+03,1.950391058451477733e+01,1.666666666666666574e-01,1.260000000000000000e+02,8.510359040000000000e+09,4.107794513920000000e+11,1.171465665102005005e-01
1.426000000000000000e+03,2.010000000000000000e+03,2.332452100185398081e+01,1.818181818181818232e-01,3.970000000000000000e+02,9.364321920000000000e+08,1.107516375040000000e+11,1.213163882493972778e-01
1.462000000000000000e+03,2.892000000000000000e+03,5.567477406983808663e+01,6.666666666666666574e-02,1.870000000000000000e+02,3.490905344000000000e+09,2.551559946240000000e+11,6.606990098953247070e-01
3.266000000000000000e+03,1.177000000000000000e+03,2.335950918712173774e+01,1.000000000000000056e-01,5.320000000000000000e+02,4.394091840000000000e+08,8.263267942400000000e+10,1.242960765957832336e-01
3.980000000000000000e+03,2.090000000000000000e+03,5.686358981471994412e+01,1.802775637731994507e-01,8.100000000000000000e+01,1.206914457600000000e+10,6.047352750080000000e+11,3.115982770919799805e+00
1.766000000000000000e+03,4.520000000000000000e+02,2.961461734331318780e+02,1.397542485937368628e-01,1.570000000000000000e+02,3.006642688000000000e+09,2.851074211840000000e+11,3.332279205322265625e+00
2.774000000000000000e+03,3.270000000000000000e+02,1.591415038855478770e+02,1.242259987499883256e-01,1.560000000000000000e+02,7.488644096000000000e+09,4.189504798720000000e+11,1.312537789344787598e+00
4.850000000000000000e+02,1.827000000000000000e+03,1.458252137944747240e+01,1.944406936956339094e-01,1.400000000000000000e+01,2.377802752000000000e+10,9.533723115520000000e+11,2.146925926208496094e+00
7.530000000000000000e+02,4.550000000000000000e+02,6.397076562350343920e+01,8.333333333333332871e-02,3.810000000000000000e+02,6.290839680000000000e+08,1.287525908480000000e+11,7.089257985353469849e-02
3.208000000000000000e+03,2.992000000000000000e+03,9.062944392401846017e+01,1.976423537605237202e-01,1.880000000000000000e+02,4.351213056000000000e+09,3.313075159040000000e+11,4.980710744857788086e-01
1.135000000000000000e+03,3.903000000000000000e+03,4.804594143050320554e+01,1.885618083164126990e-01,6.000000000000000000e+00,3.639146905600000000e+10,2.032646619136000000e+12,2.737049102783203125e+00
1.710000000000000000e+03,1.978000000000000000e+03,2.580013634476571838e+01,1.538461538461538547e-01,3.460000000000000000e+02,5.755747200000000000e+08,1.482373693440000000e+11,1.931558549404144287e-01
4.070000000000000000e+02,6.970000000000000000e+02,1.973636578734604186e+01,1.666666666666666574e-01,4.400000000000000000e+02,4.318455040000000000e+08,1.255281786880000000e+11,3.118004649877548218e-02
7.390000000000000000e+02,1.101000000000000000e+03,2.671465837630881524e+01,1.756820922315766309e-01,1.430000000000000000e+02,4.983443456000000000e+09,4.042203791360000000e+11,1.947730064392089844e+00
2.240000000000000000e+03,3.792000000000000000e+03,3.231036359815315251e+01,1.304347826086956486e-01,6.900000000000000000e+01,4.348610969600000000e+10,9.070498283520000000e+11,7.620597723871469498e-03
3.275000000000000000e+03,1.103000000000000000e+03,5.202821680566797369e+01,1.490711984999859852e-01,2.100000000000000000e+02,3.701318912000000000e+09,2.652073000960000000e+11,6.421301364898681641e-01
3.450000000000000000e+03,1.220000000000000000e+03,2.154640428452157863e+01,1.764705882352941291e-01,5.900000000000000000e+01,1.250927923200000000e+10,3.361745141760000000e+11,9.381470084190368652e-01
3.032000000000000000e+03,8.390000000000000000e+02,6.292759689970272774e+01,1.176877882894626220e-01,9.800000000000000000e+01,6.441727488000000000e+09,4.850621808640000000e+11,1.873759031295776367e+00
2.882000000000000000e+03,1.460000000000000000e+02,3.762764810846363872e+01,7.142857142857142461e-02,2.780000000000000000e+02,4.122584832000000000e+09,2.122228858880000000e+11,5.414686799049377441e-01
1.470000000000000000e+02,1.416000000000000000e+03,4.587838393102624934e+01,1.315334104411640948e-01,1.380000000000000000e+02,7.502512640000000000e+09,3.607066378240000000e+11,8.586055040359497070e-02
1.318000000000000000e+03,2.834000000000000000e+03,5.125006239665532348e+01,7.142857142857142461e-02,2.030000000000000000e+02,1.375417856000000000e+09,1.892061839360000000e+11,2.696428000926971436e-01
3.384000000000000000e+03,3.852000000000000000e+03,3.299979188994601742e+01,6.666666666666666574e-02,2.440000000000000000e+02,6.219469824000000000e+09,2.462582538240000000e+11,7.691988348960876465e-02
3.542000000000000000e+03,2.484000000000000000e+03,4.421704081518952734e+01,1.638886943392722229e-01,5.800000000000000000e+01,2.581009408000000000e+10,7.758674001920000000e+11,3.101233243942260742e-01
1.707000000000000000e+03,1.976000000000000000e+03,2.658166032933925393e+01,1.720052290384453675e-01,3.460000000000000000e+02,5.755747200000000000e+08,1.482373693440000000e+11,1.931558549404144287e-01
9.420000000000000000e+02,3.829000000000000000e+03,6.097118353236867705e+01,1.118033988749894958e-01,5.300000000000000000e+01,2.429449011200000000e+10,6.189681868800000000e+11,2.166602373123168945e+00
3.106000000000000000e+03,3.450000000000000000e+02,6.711354278441713461e+01,1.578947368421052544e-01,1.150000000000000000e+02,2.835620096000000000e+09,5.186958786560000000e+11,1.339670538902282715e+00
5.750000000000000000e+02,3.371000000000000000e+03,1.417636104533946195e+01,1.720052290384453675e-01,3.610000000000000000e+02,1.879146368000000000e+09,1.646172241920000000e+11,5.032388567924499512e-01
2.560000000000000000e+02,2.018000000000000000e+03,3.845094317327464495e+01,1.818181818181818232e-01,2.490000000000000000e+02,5.548407040000000000e+08,9.916914892800000000e+10,7.880068570375442505e-02
1.623000000000000000e+03,1.003000000000000000e+03,2.575058811582154306e+01,1.285648693066450132e-01,4.830000000000000000e+02,1.266737664000000000e+09,8.850531942400000000e+10,1.379862576723098755e-01
9.280000000000000000e+02,5.900000000000000000e+01,1.139366993839573006e+01,1.636147300609602229e-01,0.000000000000000000e+00,6.256252108800000000e+10,5.017748635648000000e+12,4.946801960468292236e-01
7.310000000000000000e+02,2.771000000000000000e+03,8.285676999533958309e+00,1.792654619833765339e-01,5.600000000000000000e+01,3.235718963200000000e+10,9.154533130240000000e+11,4.128287360072135925e-02
1.145000000000000000e+03,1.344000000000000000e+03,4.047942351600968180e+01,1.111111111111111049e-01,3.790000000000000000e+02,4.945583360000000000e+08,5.588169523200000000e+10,4.204148799180984497e-02
1.242000000000000000e+03,1.354000000000000000e+03,1.079139937985003428e+01,1.111111111111111049e-01,5.530000000000000000e+02,3.407267520000000000e+08,4.682190028800000000e+10,0.000000000000000000e+00
6.560000000000000000e+02,3.901000000000000000e+03,5.789945246020633363e+01,6.666666666666666574e-02,1.220000000000000000e+02,1.443306624000000000e+09,2.756263280640000000e+11,6.954203248023986816e-01
7.300000000000000000e+02,2.777000000000000000e+03,1.119580803167731275e+01,1.229750923802691437e-01,5.600000000000000000e+01,3.235718963200000000e+10,9.154533130240000000e+11,4.128287360072135925e-02
2.600000000000000000e+02,7.450000000000000000e+02,5.259602804977336632e+01,1.000000000000000056e-01,4.730000000000000000e+02,3.719758720000000000e+08,7.605012889600000000e+10,7.589142769575119019e-02
3.222000000000000000e+03,2.253000000000000000e+03,9.431235900835233110e+01,1.505846504842085487e-01,3.400000000000000000e+01,1.937896243200000000e+10,6.661144576000000000e+11,4.488957405090332031e+00
1.566000000000000000e+03,2.423000000000000000e+03,1.205572543493036903e+02,1.064794274999899953e-01,7.300000000000000000e+01,1.521108377600000000e+10,7.037344808960000000e+11,2.304742574691772461e+00
1.645000000000000000e+03,3.070000000000000000e+03,9.848372045009574549e+01,1.649242250247064112e-01,1.800000000000000000e+01,3.449834700800000000e+10,1.125269241856000000e+12,5.236464023590087891e+00
3.047000000000000000e+03,3.403000000000000000e+03,1.911516323353642832e+01,1.863389981249824745e-01,4.900000000000000000e+01,3.686430310400000000e+10,1.007178809344000000e+12,2.341371476650238037e-01
5.420000000000000000e+02,2.461000000000000000e+03,4.106379505761627513e+01,1.663780661615406053e-01,1.200000000000000000e+02,6.955766784000000000e+09,3.694168965120000000e+11,7.630509138107299805e-01
2.950000000000000000e+02,2.176000000000000000e+03,3.119091990816779258e+01,1.666666666666666574e-01,3.700000000000000000e+02,9.059478400000000000e+08,1.314143109120000000e+11,1.477978825569152832e-01
3.287000000000000000e+03,3.296000000000000000e+03,3.935939721742514052e+01,1.515151515151515194e-01,5.000000000000000000e+00,5.707350016000000000e+10,2.649217302528000000e+12,1.466975212097167969e+00
1.438000000000000000e+03,1.479000000000000000e+03,3.741115576231361217e+01,6.250000000000000000e-02,2.170000000000000000e+02,7.385863168000000000e+09,2.996693893120000000e+11,1.486081480979919434e-01
3.529000000000000000e+03,3.278000000000000000e+03,4.073395352941459464e+02,1.414213562373095034e-01,5.180000000000000000e+02,4.305430400000000000e+08,8.594245222400000000e+10,6.460960209369659424e-02
1.740000000000000000e+03,2.689000000000000000e+03,4.519238107646598479e+01,1.538461538461538547e-01,3.330000000000000000e+02,1.039117440000000000e+09,1.621559214080000000e+11,4.655950963497161865e-01
3.940000000000000000e+02,1.357000000000000000e+03,1.113550331593768306e+01,1.778645621509124530e-01,1.000000000000000000e+00,9.809676697600000000e+10,3.612387573760000000e+12,1.521267175674438477e+00
5.140000000000000000e+02,1.726000000000000000e+03,3.509829079143466402e+01,1.802775637731994507e-01,8.200000000000000000e+01,1.431748198400000000e+10,5.760375193600000000e+11,7.581126093864440918e-01
1.669000000000000000e+03,2.896000000000000000e+03,4.681708465858272206e+01,9.090909090909091161e-02,4.070000000000000000e+02,8.061975040000000000e+08,1.085708615680000000e+11,3.856651186943054199e-01
3.103000000000000000e+03,3.430000000000000000e+02,9.685674528660280203e+01,1.664356663246515655e-01,1.150000000000000000e+02,2.835620096000000000e+09,5.186958786560000000e+11,1.339670538902282715e+00
2.885000000000000000e+03,3.531000000000000000e+03,1.072829459632574967e+01,1.666666666666666574e-01,3.900000000000000000e+01,1.933491814400000000e+10,1.077381758976000000e+12,1.537795662879943848e-01
2.802000000000000000e+03,2.600000000000000000e+02,2.205882752018616344e+01,1.863389981249824745e-01,4.450000000000000000e+02,1.352881408000000000e+09,1.156032430080000000e+11,3.959826231002807617e-01
1.278000000000000000e+03,3.929000000000000000e+03,1.088306031528360052e+01,1.386750490563072868e-01,4.700000000000000000e+01,2.999850598400000000e+10,1.287392722944000000e+12,2.840396203100681305e-02
3.797000000000000000e+03,3.384000000000000000e+03,5.756058509206445351e+00,2.000000000000000111e-01,1.030000000000000000e+02,1.480291532800000000e+10,6.178978529280000000e+11,1.145902797579765320e-01
1.855000000000000000e+03,1.587000000000000000e+03,2.046998339832775571e+01,1.976423537605237202e-01,2.410000000000000000e+02,5.971275776000000000e+09,2.796593807360000000e+11,2.291269451379776001e-01
3.350000000000000000e+02,1.478000000000000000e+03,2.613576743685546333e+01,4.714045207910317475e-02,1.300000000000000000e+01,4.897171865600000000e+10,2.033823121408000000e+12,2.753273546695709229e-01
3.178000000000000000e+03,3.286000000000000000e+03,1.623830974627058410e+01,2.000000000000000111e-01,2.710000000000000000e+02,3.838027520000000000e+08,8.083017728000000000e+10,2.200188860297203064e-02
9.040000000000000000e+02,8.970000000000000000e+02,1.452236514128514067e+01,9.090909090909091161e-02,3.980000000000000000e+02,6.597792000000000000e+08,1.019615887360000000e+11,2.855223789811134338e-02
3.970000000000000000e+02,8.030000000000000000e+02,2.082960721803718513e+02,9.722034684781695468e-02,5.700000000000000000e+01,2.276455014400000000e+10,8.920157388800000000e+11,3.614920616149902344e+00
3.496000000000000000e+03,3.188000000000000000e+03,5.040367322294179075e+01,1.363636363636363535e-01,3.600000000000000000e+01,2.303946342400000000e+10,7.790489763840000000e+11,2.043790340423583984e+00
2.034000000000000000e+03,7.850000000000000000e+02,1.127670535619024683e+01,1.716929178792375721e-01,8.900000000000000000e+01,2.648002355200000000e+10,6.947226255360000000e+11,2.919432893395423889e-02
3.403000000000000000e+03,1.764000000000000000e+03,3.340365063627702114e+01,1.875000000000000000e-01,1.860000000000000000e+02,6.327045120000000000e+09,3.038577295360000000e+11,2.210036963224411011e-01
3.681000000000000000e+03,2.891000000000000000e+03,4.016070482791305807e+01,1.111111111111111049e-01,2.700000000000000000e+01,5.914858700800000000e+10,1.389970718720000000e+12,1.606564044952392578e+00
3.257000000000000000e+03,1.001000000000000000e+03,1.772167765344570967e+01,9.428090415820634951e-02,2.370000000000000000e+02,3.028088576000000000e+09,2.741256683520000000e+11,8.339931368827819824e-01
3.172000000000000000e+03,4.110000000000000000e+02,6.260286906738065227e+01,1.087856586440842377e-01,2.950000000000000000e+02,5.430861440000000000e+08,1.782412247040000000e+11,1.048681512475013733e-01
2.459000000000000000e+03,3.124000000000000000e+03,2.034325299994865333e+01,1.472537723434878820e-01,1.500000000000000000e+01,7.138964275200000000e+10,1.710274510848000000e+12,2.411046743392944336e+00
3.445000000000000000e+03,5.010000000000000000e+02,7.575686192811116371e+01,1.414213562373095034e-01,6.400000000000000000e+01,1.078310297600000000e+10,5.657055723520000000e+11,8.366629481315612793e-01
1.240000000000000000e+02,2.322000000000000000e+03,2.693541295734990371e+01,1.788854381999831766e-01,2.300000000000000000e+01,3.876257382400000000e+10,1.158851198976000000e+12,9.720131754875183105e-01
3.275000000000000000e+03,6.060000000000000000e+02,3.190040232329626519e+02,1.597191412499849861e-01,1.300000000000000000e+02,4.472865280000000000e+09,1.896853667840000000e+11,5.536481142044067383e-01
3.589000000000000000e+03,1.164000000000000000e+03,1.558696854081371441e+01,1.888525745775105347e-01,7.000000000000000000e+00,9.380154572800000000e+10,1.533485776896000000e+12,6.129750728607177734e+00
3.207000000000000000e+03,3.799000000000000000e+03,1.091086119372791607e+01,1.944406936956339094e-01,5.400000000000000000e+01,2.519146700800000000e+10,8.874719313920000000e+11,2.497666776180267334e-01
4.870000000000000000e+02,1.821000000000000000e+03,1.480072474998579857e+01,1.944406936956339094e-01,1.400000000000000000e+01,2.377802752000000000e+10,9.533723115520000000e+11,2.146925926208496094e+00
6.090000000000000000e+02,2.598000000000000000e+03,3.665767633387432056e+01,1.923076923076923184e-01,3.300000000000000000e+01,3.162380492800000000e+10,1.302926065664000000e+12,2.007309532165527344e+01
2.245000000000000000e+03,3.792000000000000000e+03,5.151561462840563621e+01,8.695652173913043237e-02,6.900000000000000000e+01,4.348610969600000000e+10,9.070498283520000000e+11,7.620597723871469498e-03
9.140000000000000000e+02,3.896000000000000000e+03,3.550850014863173243e+01,1.818181818181818232e-01,3.800000000000000000e+02,5.227850880000000000e+08,1.126026526720000000e+11,1.442231535911560059e-01
9.990000000000000000e+02,1.277000000000000000e+03,1.782797240265651340e+02,1.250000000000000000e-01,1.370000000000000000e+02,4.205209088000000000e+09,3.010017689600000000e+11,9.139043688774108887e-01
1.073000000000000000e+03,3.190000000000000000e+02,5.562300082430061110e+01,1.397542485937368628e-01,1.950000000000000000e+02,7.304026624000000000e+09,2.994953256960000000e+11,1.573765158653259277e+00
2.975000000000000000e+03,4.500000000000000000e+01,1.293628308933088178e+01,1.538461538461538547e-01,2.900000000000000000e+01,3.051142758400000000e+10,1.378565881856000000e+12,1.916203647851943970e-02
2.652000000000000000e+03,2.874000000000000000e+03,1.175433435020356931e+01,1.505846504842085487e-01,8.800000000000000000e+01,1.554958643200000000e+10,7.107728506880000000e+11,2.068511694669723511e-01
2.356000000000000000e+03,2.656000000000000000e+03,1.294003144449255593e+01,1.863389981249824745e-01,4.040000000000000000e+02,7.253898880000000000e+08,1.196070666240000000e+11,1.140825897455215454e-01
3.380000000000000000e+03,2.990000000000000000e+03,2.768589611621499103e+01,1.285648693066450132e-01,4.010000000000000000e+02,8.639533440000000000e+08,1.043801047040000000e+11,2.571186721324920654e-01
3.807000000000000000e+03,2.185000000000000000e+03,1.883078817400245697e+01,1.714985851425088470e-01,3.000000000000000000e+00,6.908092416000000000e+10,3.004823764992000000e+12,6.583381295204162598e-01
1.766000000000000000e+03,4.540000000000000000e+02,7.160365672480078558e+01,1.397542485937368628e-01,1.570000000000000000e+02,3.006642688000000000e+09,2.851074211840000000e+11,3.332279205322265625e+00
9.300000000000000000e+01,1.328000000000000000e+03,2.924554688171126671e+01,1.666666666666666574e-01,4.500000000000000000e+01,2.534583910400000000e+10,1.017070354432000000e+12,1.962765812873840332e+00
2.538000000000000000e+03,1.423000000000000000e+03,1.717792629264278759e+01,1.767766952966368932e-01,5.080000000000000000e+02,3.831646080000000000e+08,3.819331993600000000e+10,5.850714631378650665e-03
3.160000000000000000e+02,2.065000000000000000e+03,5.571312641095387619e+01,1.490711984999859852e-01,2.260000000000000000e+02,2.218577408000000000e+09,2.480921804800000000e+11,9.293220639228820801e-01
1.084000000000000000e+03,3.114000000000000000e+03,4.482143195683134707e+01,1.666666666666666574e-01,4.350000000000000000e+02,6.231934080000000000e+08,1.251654451200000000e+11,1.511652171611785889e-01
9.400000000000000000e+01,1.326000000000000000e+03,4.242062603659704934e+01,1.502313031443328895e-01,4.500000000000000000e+01,2.534583910400000000e+10,1.017070354432000000e+12,1.962765812873840332e+00
1.821000000000000000e+03,1.936000000000000000e+03,3.219979038854187792e+01,1.490711984999859852e-01,1.580000000000000000e+02,3.659788544000000000e+09,2.476780093440000000e+11,1.194774508476257324e+00
2.805000000000000000e+03,3.046000000000000000e+03,9.174660547801104826e+01,1.118033988749894958e-01,7.100000000000000000e+01,1.286694195200000000e+10,6.331708866560000000e+11,2.597814559936523438e+00
3.159000000000000000e+03,2.218000000000000000e+03,3.483062222352241122e+01,8.333333333333332871e-02,4.740000000000000000e+02,8.975640960000000000e+08,1.160296693760000000e+11,1.407080143690109253e-01
1.771000000000000000e+03,4.520000000000000000e+02,5.602814351707744578e+01,1.976423537605237202e-01,1.570000000000000000e+02,3.006642688000000000e+09,2.851074211840000000e+11,3.332279205322265625e+00
3.026000000000000000e+03,6.820000000000000000e+02,7.447065439979381551e+01,1.285648693066450132e-01,3.580000000000000000e+02,4.677896000000000000e+08,9.871838412800000000e+10,2.364605963230133057e-01
2.389000000000000000e+03,9.170000000000000000e+02,4.290361060126863180e+01,1.250000000000000000e-01,2.040000000000000000e+02,3.971941632000000000e+09,3.158566174720000000e+11,1.042898535728454590e+00
3.224000000000000000e+03,9.870000000000000000e+02,3.516680746359512000e+01,1.064794274999899953e-01,9.500000000000000000e+01,2.260675584000000000e+10,6.546320916480000000e+11,8.015154600143432617e-01
3.626000000000000000e+03,3.400000000000000000e+03,3.325734494291864252e+01,1.874138920735300140e-01,5.500000000000000000e+01,2.626351104000000000e+10,8.398834892800000000e+11,2.084592580795288086e+00
3.271000000000000000e+03,2.769000000000000000e+03,1.477877275062456306e+02,5.892556509887896671e-02,4.100000000000000000e+01,2.046601625600000000e+10,1.033987227648000000e+12,3.614742457866668701e-01
2.175000000000000000e+03,3.017000000000000000e+03,2.158610238415788558e+02,0.000000000000000000e+00,3.130000000000000000e+02,3.488580800000000000e+08,1.045473935360000000e+11,4.357006400823593140e-02
3.207000000000000000e+03,3.800000000000000000e+03,1.124323721118964414e+01,1.792654619833765339e-01,5.400000000000000000e+01,2.519146700800000000e+10,8.874719313920000000e+11,2.497666776180267334e-01
2.520000000000000000e+03,3.986000000000000000e+03,5.225525453218030947e+01,1.764705882352941291e-01,7.600000000000000000e+01,1.071258521600000000e+10,3.784632238080000000e+11,1.643970608711242676e+00
2.280000000000000000e+02,2.285000000000000000e+03,3.264908339855141151e+01,1.538461538461538547e-01,2.060000000000000000e+02,1.332004992000000000e+09,1.467900395520000000e+11,1.831086724996566772e-01
2.977000000000000000e+03,2.265000000000000000e+03,1.812517533530650482e+01,1.538461538461538547e-01,3.240000000000000000e+02,3.838052160000000000e+08,1.460147159040000000e+11,1.041521206498146057e-01
3.582000000000000000e+03,4.040000000000000000e+02,7.872755310705597864e+00,1.818181818181818232e-01,5.110000000000000000e+02,7.604030080000000000e+08,9.137700044800000000e+10,1.333570629358291626e-01
1.723000000000000000e+03,1.671000000000000000e+03,8.076119765128726158e+01,1.285648693066450132e-01,4.000000000000000000e+00,3.269792563200000000e+10,7.531220172800000000e+11,7.694553852081298828e+00
3.099000000000000000e+03,1.073000000000000000e+03,2.481800181687538398e+01,9.090909090909091161e-02,7.700000000000000000e+01,2.013876428800000000e+10,8.125853204480000000e+11,1.798575818538665771e-01
6.430000000000000000e+02,8.310000000000000000e+02,1.666791814094921520e+01,1.649242250247064112e-01,1.700000000000000000e+01,5.011012403200000000e+10,1.201295589376000000e+12,1.027397990226745605e+00
1.120000000000000000e+02,3.036000000000000000e+03,7.947153496525211835e+01,1.176470588235294101e-01,1.740000000000000000e+02,4.990999040000000000e+09,3.433584721920000000e+11,1.326729059219360352e+00
4.890000000000000000e+02,1.822000000000000000e+03,1.794238211177499309e+01,1.304347826086956486e-01,1.400000000000000000e+01,2.377802752000000000e+10,9.533723115520000000e+11,2.146925926208496094e+00
2.804000000000000000e+03,2.429000000000000000e+03,3.996747683472632673e+01,1.767766952966368932e-01,1.780000000000000000e+02,4.901150720000000000e+09,2.856818769920000000e+11,7.571734189987182617e-01
2.605000000000000000e+03,5.000000000000000000e+00,3.302557110071053614e+01,1.071428571428571369e-01,3.100000000000000000e+01,4.701029990400000000e+10,1.551441461248000000e+12,1.145187914371490479e-01
1.292000000000000000e+03,1.805000000000000000e+03,2.196428610636565892e+01,2.000000000000000111e-01,5.000000000000000000e+01,3.057143193600000000e+10,1.127562608640000000e+12,2.546044588088989258e+00
7.520000000000000000e+02,4.550000000000000000e+02,1.293831332076849883e+01,1.666666666666666574e-01,3.810000000000000000e+02,6.290839680000000000e+08,1.287525908480000000e+11,7.089257985353469849e-02
2.186000000000000000e+03,3.467000000000000000e+03,1.549445194047013175e+01,9.090909090909091161e-02,4.300000000000000000e+02,7.192797440000000000e+08,1.131073208320000000e+11,1.098015084862709045e-01
3.811000000000000000e+03,2.179000000000000000e+03,3.605284508061825477e+01,9.300816647554056849e-02,3.000000000000000000e+00,6.908092416000000000e+10,3.004823764992000000e+12,6.583381295204162598e-01
1.400000000000000000e+03,2.006000000000000000e+03,5.047798210273508346e+01,1.767766952966368932e-01,3.730000000000000000e+02,4.611106880000000000e+08,3.908011622400000000e+10,4.260808229446411133e-02
3.463000000000000000e+03,2.277000000000000000e+03,4.771317414514408028e+01,1.111111111111111049e-01,5.520000000000000000e+02,5.936934400000000000e+08,5.287318732800000000e+10,1.931952126324176788e-02
1.634000000000000000e+03,1.599000000000000000e+03,2.035753523981676949e+01,1.666666666666666574e-01,1.260000000000000000e+02,8.510359040000000000e+09,4.107794513920000000e+11,1.171465665102005005e-01
4.860000000000000000e+02,1.822000000000000000e+03,1.402625508360143769e+01,1.844626385704036808e-01,1.400000000000000000e+01,2.377802752000000000e+10,9.533723115520000000e+11,2.146925926208496094e+00
3.575000000000000000e+03,1.249000000000000000e+03,8.002618893831285618e+01,1.315334104411640948e-01,1.540000000000000000e+02,4.324669952000000000e+09,3.907342827520000000e+11,1.292291641235351562e+00
3.875000000000000000e+03,1.988000000000000000e+03,5.374641324259791020e+01,1.437398936440172637e-01,1.000000000000000000e+01,3.875450880000000000e+10,7.929460817920000000e+11,4.334609508514404297e+00
1.749000000000000000e+03,2.650000000000000000e+03,1.123173081207618118e+01,1.488645855129573925e-01,1.290000000000000000e+02,6.908323328000000000e+09,4.725664645120000000e+11,1.298392377793788910e-02
2.404000000000000000e+03,1.313000000000000000e+03,2.355099098599762186e+01,1.851851851851851749e-01,2.200000000000000000e+01,5.448031846400000000e+10,1.445857329152000000e+12,2.244370937347412109e+00
3.226000000000000000e+03,9.910000000000000000e+02,2.783272378965631688e+01,1.716929178792375721e-01,9.500000000000000000e+01,2.260675584000000000e+10,6.546320916480000000e+11,8.015154600143432617e-01
3.404000000000000000e+03,2.278000000000000000e+03,2.258024277983191652e+01,1.490711984999859852e-01,1.810000000000000000e+02,4.323384320000000000e+09,2.729334374400000000e+11,1.498810768127441406e+00
3.270000000000000000e+03,2.767000000000000000e+03,2.076771812428613373e+01,1.502313031443328895e-01,4.100000000000000000e+01,2.046601625600000000e+10,1.033987227648000000e+12,3.614742457866668701e-01
2.261000000000000000e+03,1.121000000000000000e+03,1.617295374276670472e+01,0.000000000000000000e+00,2.800000000000000000e+01,4.360073216000000000e+10,1.367401955328000000e+12,4.216426908969879150e-01
2.050000000000000000e+02,3.710000000000000000e+02,8.529424708281096912e+01,5.555555555555555247e-02,1.660000000000000000e+02,4.560578048000000000e+09,4.044796723200000000e+11,1.807749032974243164e+00
3.350000000000000000e+02,1.473000000000000000e+03,1.849224729460019745e+01,1.374368541872553473e-01,1.300000000000000000e+01,4.897171865600000000e+10,2.033823121408000000e+12,2.753273546695709229e-01
2.509000000000000000e+03,4.290000000000000000e+02,6.652295062951375826e+01,1.666666666666666574e-01,7.900000000000000000e+01,5.519063040000000000e+09,4.653620920320000000e+11,1.204052805900573730e+00
2.100000000000000000e+02,2.399000000000000000e+03,2.845334047080394768e+01,1.285648693066450132e-01,4.690000000000000000e+02,3.174883200000000000e+08,9.633148108800000000e+10,7.158766686916351318e-02
2.401000000000000000e+03,1.304000000000000000e+03,2.553223488610532854e+01,1.851851851851851749e-01,2.200000000000000000e+01,5.448031846400000000e+10,1.445857329152000000e+12,2.244370937347412109e+00
2.160000000000000000e+03,2.858000000000000000e+03,3.112882743708849276e+01,1.178511301977579334e-01,3.820000000000000000e+02,9.533651840000000000e+08,1.346881126400000000e+11,1.371839791536331177e-01
3.163000000000000000e+03,1.474000000000000000e+03,1.298714419630906924e+01,2.000000000000000111e-01,5.290000000000000000e+02,7.561590400000000000e+08,6.994129715200000000e+10,3.799855336546897888e-02
3.221000000000000000e+03,9.870000000000000000e+02,3.108886431566564212e+01,1.346870059402947850e-01,9.500000000000000000e+01,2.260675584000000000e+10,6.546320916480000000e+11,8.015154600143432617e-01
1.163000000000000000e+03,9.830000000000000000e+02,8.856975759335148268e+01,1.285648693066450132e-01,3.220000000000000000e+02,1.053991680000000000e+09,1.021092577280000000e+11,3.562800288200378418e-01
2.254000000000000000e+03,1.343000000000000000e+03,1.005011784523616996e+02,1.818181818181818232e-01,8.000000000000000000e+01,1.309234585600000000e+10,7.702168862720000000e+11,1.206064105033874512e+00
8.090000000000000000e+02,1.467000000000000000e+03,5.343862021982381094e+01,1.581138830084189706e-01,9.900000000000000000e+01,8.371488768000000000e+09,6.211557130240000000e+11,6.079373955726623535e-01
4.320000000000000000e+02,1.719000000000000000e+03,2.124419875883184261e+01,1.178511301977579334e-01,4.970000000000000000e+02,1.157343488000000000e+09,1.159915765760000000e+11,1.662979573011398315e-01
2.523000000000000000e+03,1.010000000000000000e+03,1.239249532221398375e+01,1.542115846551579128e-01,1.900000000000000000e+01,4.698338508800000000e+10,1.740785844224000000e+12,5.655762553215026855e-01
2.603000000000000000e+03,3.999000000000000000e+03,3.031875479014627572e+01,1.290670012680553702e-01,3.100000000000000000e+01,4.701029990400000000e+10,1.551441461248000000e+12,1.145187914371490479e-01
3.973000000000000000e+03,2.422000000000000000e+03,2.103312548278531580e+01,1.131370849898476055e-01,1.100000000000000000e+01,8.969981952000000000e+10,1.230720466944000000e+12,1.840681076049804688e+00
3.561000000000000000e+03,2.244000000000000000e+03,3.317357828853339896e+01,1.490711984999859852e-01,8.400000000000000000e+01,4.863553536000000000e+09,2.581076049920000000e+11,7.515404820442199707e-01
2.640000000000000000e+03,2.683000000000000000e+03,3.228256931372603589e+01,9.316949906249123725e-02,6.500000000000000000e+01,1.665853132800000000e+10,1.051559329792000000e+12,3.637619912624359131e-01
7.400000000000000000e+02,3.037000000000000000e+03,4.059021488166798974e+01,5.555555555555555247e-02,1.690000000000000000e+02,7.073868288000000000e+09,4.103612989440000000e+11,8.517970144748687744e-02
1.741000000000000000e+03,2.689000000000000000e+03,4.433167956395514864e+01,1.720052290384453675e-01,3.330000000000000000e+02,1.039117440000000000e+09,1.621559214080000000e+11,4.655950963497161865e-01
1.135000000000000000e+03,3.902000000000000000e+03,5.332998412918490772e+01,1.666666666666666574e-01,6.000000000000000000e+00,3.639146905600000000e+10,2.032646619136000000e+12,2.737049102783203125e+00
2.940000000000000000e+02,2.729000000000000000e+03,4.598696376380051021e+01,0.000000000000000000e+00,3.420000000000000000e+02,5.387810560000000000e+08,1.542441533440000000e+11,2.097166627645492554e-01
2.079000000000000000e+03,2.588000000000000000e+03,2.266390204584603651e+01,1.414213562373095034e-01,5.270000000000000000e+02,4.657545600000000000e+08,7.438140211200000000e+10,1.622687466442584991e-02
3.281000000000000000e+03,3.292000000000000000e+03,4.195209955570730642e+01,9.090909090909091161e-02,5.000000000000000000e+00,5.707350016000000000e+10,2.649217302528000000e+12,1.466975212097167969e+00
2.804000000000000000e+03,3.046000000000000000e+03,8.226358121032249926e+01,1.414213562373095034e-01,7.100000000000000000e+01,1.286694195200000000e+10,6.331708866560000000e+11,2.597814559936523438e+00
3.722000000000000000e+03,2.499000000000000000e+03,6.529610104589306729e+01,1.016394535227177209e-01,4.300000000000000000e+01,1.800707276800000000e+10,8.294295797760000000e+11,1.875314235687255859e+00
3.274000000000000000e+03,6.070000000000000000e+02,1.891151886542864702e+02,1.597191412499849861e-01,1.300000000000000000e+02,4.472865280000000000e+09,1.896853667840000000e+11,5.536481142044067383e-01
6.960000000000000000e+02,2.362000000000000000e+03,1.844685216070935851e+01,1.250000000000000000e-01,1.650000000000000000e+02,5.079975936000000000e+09,3.063907942400000000e+11,7.000707089900970459e-02
2.266000000000000000e+03,2.186000000000000000e+03,1.121120237634632701e+02,1.010152544552210818e-01,2.240000000000000000e+02,2.260876544000000000e+09,2.187337891840000000e+11,1.060880780220031738e+00
1.663000000000000000e+03,2.616000000000000000e+03,2.130737775449879834e+01,1.414213562373095034e-01,4.860000000000000000e+02,5.281309120000000000e+08,8.492009062400000000e+10,2.085208147764205933e-01
3.871000000000000000e+03,1.991000000000000000e+03,1.463948023542562282e+02,1.363636363636363535e-01,1.000000000000000000e+01,3.875450880000000000e+10,7.929460817920000000e+11,4.334609508514404297e+00
2.241000000000000000e+03,3.790000000000000000e+03,4.940574977732278228e+01,1.229750923802691437e-01,6.900000000000000000e+01,4.348610969600000000e+10,9.070498283520000000e+11,7.620597723871469498e-03
2.261000000000000000e+03,1.125000000000000000e+03,7.988537170791588871e+00,1.538461538461538547e-01,2.800000000000000000e+01,4.360073216000000000e+10,1.367401955328000000e+12,4.216426908969879150e-01
2.577000000000000000e+03,8.340000000000000000e+02,1.450073585929751019e+01,1.631784879661263288e-01,8.000000000000000000e+00,4.508758425600000000e+10,1.280955383808000000e+12,2.201740026473999023e+00
2.023000000000000000e+03,3.376000000000000000e+03,3.604922339575953742e+02,5.263157894736841813e-02,1.020000000000000000e+02,7.167281664000000000e+09,4.982148956160000000e+11,1.543027639389038086e+00
3.423000000000000000e+03,1.213000000000000000e+03,2.171180996277138320e+01,1.178511301977579334e-01,3.100000000000000000e+02,1.067145344000000000e+09,1.342825021440000000e+11,7.851549983024597168e-02
3.158000000000000000e+03,3.946000000000000000e+03,4.675289245045188835e+01,1.250000000000000000e-01,1.990000000000000000e+02,1.138293248000000000e+09,3.060843479040000000e+11,4.941779673099517822e-01
3.636000000000000000e+03,1.612000000000000000e+03,2.915470347512548344e+01,1.666666666666666574e-01,3.660000000000000000e+02,7.622257920000000000e+08,1.424123494400000000e+11,7.158105820417404175e-02
1.292000000000000000e+03,1.801000000000000000e+03,2.327192502763775650e+01,1.649242250247064112e-01,5.000000000000000000e+01,3.057143193600000000e+10,1.127562608640000000e+12,2.546044588088989258e+00
8.160000000000000000e+02,1.468000000000000000e+03,3.349003815160434527e+01,2.000000000000000111e-01,9.900000000000000000e+01,8.371488768000000000e+09,6.211557130240000000e+11,6.079373955726623535e-01
3.301000000000000000e+03,2.018000000000000000e+03,2.912097678288855462e+01,8.333333333333332871e-02,3.270000000000000000e+02,4.566016960000000000e+08,1.440871219200000000e+11,1.437596380710601807e-01
9.640000000000000000e+02,2.625000000000000000e+03,6.820844202105905651e+01,1.118033988749894958e-01,9.300000000000000000e+01,9.273953280000000000e+09,5.918494556160000000e+11,1.251332402229309082e+00
2.940000000000000000e+02,1.767000000000000000e+03,2.076963332191660427e+01,2.000000000000000111e-01,4.380000000000000000e+02,4.506797120000000000e+08,6.469466521600000000e+10,1.051957756280899048e-01
3.276000000000000000e+03,3.864000000000000000e+03,2.214329460929804227e+01,1.414213562373095034e-01,5.360000000000000000e+02,3.824721920000000000e+08,6.999181721600000000e+10,8.860754966735839844e-02
7.360000000000000000e+02,1.105000000000000000e+03,1.737831501902597964e+01,1.242259987499883256e-01,1.430000000000000000e+02,4.983443456000000000e+09,4.042203791360000000e+11,1.947730064392089844e+00
2.518000000000000000e+03,3.817000000000000000e+03,2.030898875836249573e+01,1.863389981249824745e-01,4.500000000000000000e+02,5.818505600000000000e+08,1.187542220800000000e+11,1.592583358287811279e-01
2.440000000000000000e+02,2.924000000000000000e+03,2.715738972333940993e+01,1.860163329510811370e-01,1.510000000000000000e+02,7.397843456000000000e+09,3.663055421440000000e+11,4.148328006267547607e-01
1.512000000000000000e+03,2.143000000000000000e+03,2.095312934625491152e+01,1.414213562373095034e-01,5.460000000000000000e+02,5.770684800000000000e+08,7.130678886400000000e+10,1.140145510435104370e-01
3.165000000000000000e+03,8.930000000000000000e+02,9.818524308617105234e+00,2.000000000000000111e-01,1.090000000000000000e+02,2.272710860800000000e+10,6.351597731840000000e+11,0.000000000000000000e+00
3.745000000000000000e+03,2.100000000000000000e+03,3.304670357603690434e+01,1.414213562373095034e-01,4.710000000000000000e+02,5.311026560000000000e+08,8.074033561600000000e+10,6.473720818758010864e-02
3.025000000000000000e+03,3.274000000000000000e+03,3.967886817238879615e+01,7.710579232757895640e-02,2.000000000000000000e+01,4.071325696000000000e+10,1.826836054016000000e+12,6.263589262962341309e-01
1.572000000000000000e+03,2.986000000000000000e+03,6.207534659255280474e+01,1.597191412499849861e-01,2.020000000000000000e+02,2.328323840000000000e+09,2.013348003840000000e+11,7.615254521369934082e-01
3.980000000000000000e+02,8.060000000000000000e+02,1.325499568706477760e+02,1.567630989332169100e-01,5.700000000000000000e+01,2.276455014400000000e+10,8.920157388800000000e+11,3.614920616149902344e+00
3.353000000000000000e+03,1.640000000000000000e+03,2.926175692710894438e+01,1.178511301977579334e-01,4.050000000000000000e+02,7.004974720000000000e+08,1.149894082560000000e+11,1.356993317604064941e-01
6.460000000000000000e+02,1.744000000000000000e+03,1.649968839372214688e+02,1.064794274999899953e-01,2.100000000000000000e+01,2.680886272000000000e+10,7.169793720320000000e+11,5.465441703796386719e+00
3.030000000000000000e+02,2.193000000000000000e+03,2.115814444337222611e+01,1.111111111111111049e-01,5.190000000000000000e+02,3.403527360000000000e+08,5.698137702400000000e+10,9.388266503810882568e-02
8.480000000000000000e+02,2.104000000000000000e+03,2.869087172196859115e+01,1.739130434782608647e-01,4.400000000000000000e+01,3.624191180800000000e+10,9.603648716800000000e+11,5.364645123481750488e-01
2.520000000000000000e+03,3.818000000000000000e+03,2.380964417087724883e+01,1.666666666666666574e-01,4.500000000000000000e+02,5.818505600000000000e+08,1.187542220800000000e+11,1.592583358287811279e-01
2.430000000000000000e+02,1.278000000000000000e+03,1.595463633849552565e+01,1.428571428571428492e-01,2.620000000000000000e+02,1.951409664000000000e+09,2.083741040640000000e+11,4.481662213802337646e-01
7.680000000000000000e+02,2.411000000000000000e+03,1.313538517971387591e+02,0.000000000000000000e+00,3.080000000000000000e+02,1.599215232000000000e+09,1.599752765440000000e+11,4.495389461517333984e-01
2.972000000000000000e+03,3.717000000000000000e+03,1.014696205056299334e+02,1.664356663246515655e-01,9.100000000000000000e+01,1.009944064000000000e+10,4.783271772160000000e+11,2.100039958953857422e+00
7.530000000000000000e+02,2.825000000000000000e+03,1.740398611127845641e+01,1.428571428571428492e-01,2.860000000000000000e+02,2.467872256000000000e+09,2.249883156480000000e+11,3.860072791576385498e-01
3.142000000000000000e+03,3.248000000000000000e+03,3.966890580182704440e+01,1.818181818181818232e-01,4.550000000000000000e+02,3.361623680000000000e+08,8.678325452800000000e+10,6.212594732642173767e-02
2.126000000000000000e+03,3.585000000000000000e+03,7.982237314273467277e+00,1.000000000000000056e-01,5.170000000000000000e+02,4.453116160000000000e+08,8.434332467200000000e+10,9.317639470100402832e-02
1.360000000000000000e+02,3.253000000000000000e+03,2.040943896279944170e+01,2.000000000000000111e-01,4.600000000000000000e+01,3.086882406400000000e+10,1.199684452352000000e+12,6.945605874061584473e-01
9.010000000000000000e+02,8.970000000000000000e+02,2.153008801150191687e+01,1.818181818181818232e-01,3.980000000000000000e+02,6.597792000000000000e+08,1.019615887360000000e+11,2.855223789811134338e-02
1.721000000000000000e+03,1.669000000000000000e+03,7.162655830276064250e+01,1.818181818181818232e-01,4.000000000000000000e+00,3.269792563200000000e+10,7.531220172800000000e+11,7.694553852081298828e+00
3.069000000000000000e+03,3.156000000000000000e+03,1.007766374404768186e+02,1.663780661615406053e-01,1.460000000000000000e+02,7.562950656000000000e+09,3.855246950400000000e+11,1.378396868705749512e+00
2.142000000000000000e+03,3.780000000000000000e+02,5.190903893970391181e+01,1.490711984999859852e-01,2.140000000000000000e+02,3.986595328000000000e+09,2.548667187200000000e+11,7.246758341789245605e-01
3.403000000000000000e+03,1.762000000000000000e+03,4.610079728601090210e+01,6.250000000000000000e-02,1.860000000000000000e+02,6.327045120000000000e+09,3.038577295360000000e+11,2.210036963224411011e-01
3.537000000000000000e+03,1.496000000000000000e+03,4.048809301891822088e+01,0.000000000000000000e+00,4.630000000000000000e+02,5.566586880000000000e+08,8.163531161600000000e+10,8.927884697914123535e-02
1.710000000000000000e+03,2.006000000000000000e+03,2.022531977824913696e+01,7.692307692307692735e-02,3.760000000000000000e+02,9.890255360000000000e+08,1.469101342720000000e+11,1.486576050519943237e-01
1.530000000000000000e+03,3.578000000000000000e+03,1.418294829749551589e+01,1.818181818181818232e-01,4.480000000000000000e+02,3.679502720000000000e+08,1.010303385600000000e+11,1.344575881958007812e-01
1.110000000000000000e+02,3.036000000000000000e+03,3.753867359099699286e+01,1.764705882352941291e-01,1.740000000000000000e+02,4.990999040000000000e+09,3.433584721920000000e+11,1.326729059219360352e+00
2.408000000000000000e+03,1.306000000000000000e+03,2.869626712405979063e+01,1.656346649999844434e-01,2.200000000000000000e+01,5.448031846400000000e+10,1.445857329152000000e+12,2.244370937347412109e+00
1.710000000000000000e+03,2.003000000000000000e+03,2.881497326225407818e+01,1.538461538461538547e-01,3.760000000000000000e+02,9.890255360000000000e+08,1.469101342720000000e+11,1.486576050519943237e-01
2.732000000000000000e+03,2.459000000000000000e+03,9.187706592506052061e+01,1.717960677340691911e-01,3.700000000000000000e+01,2.916994662400000000e+10,1.049209339904000000e+12,5.184139728546142578e+00
3.970000000000000000e+02,8.020000000000000000e+02,1.342931608868999547e+02,1.229750923802691437e-01,5.700000000000000000e+01,2.276455014400000000e+10,8.920157388800000000e+11,3.614920616149902344e+00
9.570000000000000000e+02,9.030000000000000000e+02,1.742923323453190321e+01,1.087856586440842377e-01,3.260000000000000000e+02,1.172550656000000000e+09,1.749445836800000000e+11,2.125721275806427002e-01
2.808000000000000000e+03,2.432000000000000000e+03,2.960351158533100602e+01,1.397542485937368628e-01,1.780000000000000000e+02,4.901150720000000000e+09,2.856818769920000000e+11,7.571734189987182617e-01
2.166000000000000000e+03,2.616000000000000000e+03,1.272123200768488438e+01,1.363636363636363535e-01,7.800000000000000000e+01,1.819584102400000000e+10,8.121544212480000000e+11,4.277330338954925537e-01
1.210000000000000000e+02,2.328000000000000000e+03,3.975031430532643384e+01,8.944271909999158832e-02,2.300000000000000000e+01,3.876257382400000000e+10,1.158851198976000000e+12,9.720131754875183105e-01
2.445000000000000000e+03,4.850000000000000000e+02,3.610513984873254145e+01,1.720052290384453675e-01,2.720000000000000000e+02,1.676722560000000000e+09,1.726652252160000000e+11,3.619681596755981445e-01
3.291000000000000000e+03,1.556000000000000000e+03,1.530684892271693229e+02,5.000000000000000278e-02,9.000000000000000000e+01,1.548399206400000000e+10,6.150358302720000000e+11,1.962381601333618164e+00
2.881000000000000000e+03,3.535000000000000000e+03,1.202483600011721876e+01,1.666666666666666574e-01,3.900000000000000000e+01,1.933491814400000000e+10,1.077381758976000000e+12,1.537795662879943848e-01
2.380000000000000000e+02,3.028000000000000000e+03,6.252660620489817234e+01,1.597191412499849861e-01,2.300000000000000000e+02,8.503640960000000000e+08,1.844238090240000000e+11,4.273478984832763672e-01
3.650000000000000000e+02,3.093000000000000000e+03,3.284739211452247076e+01,1.720052290384453675e-01,3.520000000000000000e+02,1.655584512000000000e+09,1.702845480960000000e+11,2.170052528381347656e-01
1.833000000000000000e+03,8.830000000000000000e+02,3.083085642409782423e+01,6.666666666666666574e-02,2.130000000000000000e+02,5.969742848000000000e+09,2.418833326080000000e+11,5.127511620521545410e-01
1.602000000000000000e+03,2.128000000000000000e+03,3.185353948317059647e+01,6.734350297014739251e-02,3.200000000000000000e+01,3.833240780800000000e+10,6.712152555520000000e+11,1.721168041229248047e+00
4.860000000000000000e+02,8.220000000000000000e+02,1.261219726370259622e+02,1.716929178792375721e-01,4.000000000000000000e+01,1.619209011200000000e+10,7.339425792000000000e+11,2.455300569534301758e+00
1.578000000000000000e+03,3.172000000000000000e+03,2.369415871423989017e+01,1.178511301977579334e-01,4.280000000000000000e+02,1.231782016000000000e+09,1.419328716800000000e+11,2.787952125072479248e-01
6.470000000000000000e+02,1.743000000000000000e+03,1.744010972279860709e+02,1.716929178792375721e-01,2.100000000000000000e+01,2.680886272000000000e+10,7.169793720320000000e+11,5.465441703796386719e+00
8.850000000000000000e+02,6.150000000000000000e+02,1.345961471819224187e+02,6.666666666666666574e-02,2.220000000000000000e+02,4.742927360000000000e+09,2.495400345600000000e+11,2.043656110763549805e+00
2.980000000000000000e+02,2.462000000000000000e+03,2.662884959650408234e+01,1.863389981249824745e-01,9.400000000000000000e+01,1.684537216000000000e+09,1.319015383040000000e+11,4.125384390354156494e-01
3.098000000000000000e+03,3.182000000000000000e+03,5.017805020066529664e+01,1.538461538461538547e-01,1.340000000000000000e+02,2.217295616000000000e+09,1.731536650240000000e+11,6.493409276008605957e-01
3.492000000000000000e+03,3.192000000000000000e+03,3.591332298566278780e+01,1.874138920735300140e-01,3.600000000000000000e+01,2.303946342400000000e+10,7.790489763840000000e+11,2.043790340423583984e+00
1.722000000000000000e+03,1.671000000000000000e+03,8.939462743949813728e+01,1.016394535227177209e-01,4.000000000000000000e+00,3.269792563200000000e+10,7.531220172800000000e+11,7.694553852081298828e+00
6.140000000000000000e+02,2.592000000000000000e+03,6.867164581482282415e+01,1.961161351381840168e-01,3.300000000000000000e+01,3.162380492800000000e+10,1.302926065664000000e+12,2.007309532165527344e+01
2.310000000000000000e+02,1.113000000000000000e+03,5.632036926015649669e+01,1.016394535227177209e-01,4.800000000000000000e+01,1.859853926400000000e+10,8.332313886720000000e+11,3.081290960311889648e+00
9.210000000000000000e+02,4.700000000000000000e+02,9.335469629964119065e+01,1.153846153846153910e-01,9.000000000000000000e+00,4.472099635200000000e+10,1.283299213312000000e+12,1.054935455322265625e+01
3.627000000000000000e+03,3.405000000000000000e+03,2.805455520502742317e+01,1.016394535227177209e-01,5.500000000000000000e+01,2.626351104000000000e+10,8.398834892800000000e+11,2.084592580795288086e+00
2.900000000000000000e+02,1.183000000000000000e+03,4.337391344152470651e+01,1.597191412499849861e-01,2.310000000000000000e+02,2.268468736000000000e+09,2.214728335360000000e+11,4.646080732345581055e-01
2.888000000000000000e+03,7.640000000000000000e+02,2.061594364744745178e+01,1.863389981249824745e-01,4.600000000000000000e+02,7.068193920000000000e+08,1.184299745280000000e+11,1.244311332702636719e-01
3.278000000000000000e+03,3.293000000000000000e+03,2.254034703314061616e+01,1.843261372817642241e-01,5.000000000000000000e+00,5.707350016000000000e+10,2.649217302528000000e+12,1.466975212097167969e+00
4.310000000000000000e+02,1.762000000000000000e+03,2.059939219191621262e+01,1.597191412499849861e-01,3.370000000000000000e+02,1.867921792000000000e+09,2.029886668800000000e+11,5.853841900825500488e-01
2.008000000000000000e+03,3.983000000000000000e+03,2.124877755648955002e+01,1.437398936440172637e-01,3.800000000000000000e+01,2.210399436800000000e+10,8.084941701120000000e+11,5.884984731674194336e-01
3.562000000000000000e+03,1.406000000000000000e+03,3.032926038394264268e+01,1.976423537605237202e-01,1.440000000000000000e+02,6.393047040000000000e+09,3.163068497920000000e+11,2.523791491985321045e-01
4.860000000000000000e+02,3.387000000000000000e+03,3.946690862781072440e+01,1.597191412499849861e-01,2.810000000000000000e+02,3.947301632000000000e+09,1.837049610240000000e+11,1.494614005088806152e+00
3.693000000000000000e+03,1.620000000000000000e+02,7.511567822702480157e+01,4.761904761904761640e-02,7.500000000000000000e+01,2.454544179200000000e+10,6.556142141440000000e+11,2.213511466979980469e+00
1.746000000000000000e+03,2.648000000000000000e+03,3.941639584403439045e+01,5.263157894736841813e-02,1.290000000000000000e+02,6.908323328000000000e+09,4.725664645120000000e+11,1.298392377793788910e-02
3.086000000000000000e+03,2.414000000000000000e+03,2.907873032814767811e+01,1.016394535227177209e-01,2.400000000000000000e+01,3.329379942400000000e+10,8.096457687040000000e+11,7.204747200012207031e-01
3.591000000000000000e+03,1.166000000000000000e+03,1.542081303208567000e+01,1.571348402636772168e-01,7.000000000000000000e+00,9.380154572800000000e+10,1.533485776896000000e+12,6.129750728607177734e+00
2.341000000000000000e+03,3.109000000000000000e+03,3.971361910314169563e+01,1.756820922315766309e-01,1.330000000000000000e+02,8.948759552000000000e+09,4.674728427520000000e+11,5.500524640083312988e-01
2.643000000000000000e+03,2.685000000000000000e+03,2.993456988822475395e+01,8.333333333333332871e-02,6.500000000000000000e+01,1.665853132800000000e+10,1.051559329792000000e+12,3.637619912624359131e-01
1.186000000000000000e+03,1.035000000000000000e+03,7.474847018721294489e+01,9.090909090909091161e-02,4.580000000000000000e+02,6.650209280000000000e+08,1.054516019200000000e+11,1.653324961662292480e-01
3.496000000000000000e+03,3.193000000000000000e+03,1.246747650957233020e+02,9.090909090909091161e-02,3.600000000000000000e+01,2.303946342400000000e+10,7.790489763840000000e+11,2.043790340423583984e+00
2.880000000000000000e+02,1.186000000000000000e+03,4.429511158868854181e+01,1.010152544552210818e-01,2.310000000000000000e+02,2.268468736000000000e+09,2.214728335360000000e+11,4.646080732345581055e-01
2.000000000000000000e+01,1.890000000000000000e+03,9.809042123655451917e+01,1.346870059402947850e-01,6.800000000000000000e+01,1.475188736000000000e+10,6.964029685760000000e+11,2.634758710861206055e+00
1.780000000000000000e+02,3.053000000000000000e+03,4.255282367407525612e+01,1.538461538461538547e-01,2.180000000000000000e+02,1.026077312000000000e+09,1.732089446400000000e+11,4.076310396194458008e-01
3.576000000000000000e+03,1.251000000000000000e+03,7.474512174957894217e+01,8.318903308077030267e-02,1.540000000000000000e+02,4.324669952000000000e+09,3.907342827520000000e+11,1.292291641235351562e+00
2.988000000000000000e+03,1.019000000000000000e+03,5.444357074546869768e+01,1.428571428571428492e-01,1.400000000000000000e+02,4.735647232000000000e+09,2.226532843520000000e+11,2.317846298217773438e+00
3.021000000000000000e+03,3.269000000000000000e+03,1.458584836272368790e+01,1.542115846551579128e-01,2.000000000000000000e+01,4.071325696000000000e+10,1.826836054016000000e+12,6.263589262962341309e-01
6.250000000000000000e+02,4.980000000000000000e+02,8.902797483465498374e+01,1.315334104411640948e-01,1.350000000000000000e+02,6.468990464000000000e+09,3.937586708480000000e+11,4.105822145938873291e-01
1.710000000000000000e+03,1.476000000000000000e+03,2.109563212581519664e+01,1.863389981249824745e-01,3.840000000000000000e+02,1.221574144000000000e+09,1.177819627520000000e+11,1.518055200576782227e-01
2.829000000000000000e+03,2.450000000000000000e+03,4.541285325038522558e+01,5.882352941176470507e-02,1.490000000000000000e+02,7.441189888000000000e+09,3.603796459520000000e+11,2.079063355922698975e-01
1.657000000000000000e+03,3.698000000000000000e+03,3.220493096223017915e+01,5.555555555555555247e-02,9.700000000000000000e+01,8.631378944000000000e+09,4.648786329600000000e+11,1.410987377166748047e+00
2.582000000000000000e+03,2.270000000000000000e+02,3.446158086079341842e+01,1.490711984999859852e-01,2.090000000000000000e+02,2.487869952000000000e+09,2.455082434560000000e+11,3.025927841663360596e-01
3.809000000000000000e+03,2.179000000000000000e+03,2.773880274270177537e+01,1.247835496211554401e-01,3.000000000000000000e+00,6.908092416000000000e+10,3.004823764992000000e+12,6.583381295204162598e-01
1.746000000000000000e+03,2.650000000000000000e+03,1.320738977224119814e+01,1.176877882894626220e-01,1.290000000000000000e+02,6.908323328000000000e+09,4.725664645120000000e+11,1.298392377793788910e-02
2.091000000000000000e+03,3.837000000000000000e+03,3.463110151605082621e+01,1.176877882894626220e-01,1.180000000000000000e+02,1.119032627200000000e+10,4.991444254720000000e+11,8.458191156387329102e-01
3.310000000000000000e+02,1.476000000000000000e+03,1.734652008189860339e+01,1.054092553389459896e-01,1.300000000000000000e+01,4.897171865600000000e+10,2.033823121408000000e+12,2.753273546695709229e-01
3.396000000000000000e+03,1.309000000000000000e+03,2.800540488689093976e+01,1.863389981249824745e-01,3.390000000000000000e+02,1.023554816000000000e+09,1.415779778560000000e+11,3.280525207519531250e-01
2.988000000000000000e+03,2.210000000000000000e+03,3.186016672251252402e+01,1.490711984999859852e-01,2.000000000000000000e+02,1.603066368000000000e+09,2.519666196480000000e+11,6.580364108085632324e-01
3.308000000000000000e+03,7.250000000000000000e+02,2.201954515048377203e+01,0.000000000000000000e+00,5.340000000000000000e+02,3.304187840000000000e+08,5.263467724800000000e+10,4.927251487970352173e-03
3.223000000000000000e+03,9.890000000000000000e+02,8.437158647486155587e+02,0.000000000000000000e+00,9.500000000000000000e+01,2.260675584000000000e+10,6.546320916480000000e+11,8.015154600143432617e-01
2.161000000000000000e+03,1.100000000000000000e+02,1.316840323604212415e+01,1.374903330507991073e-01,6.300000000000000000e+01,2.905395609600000000e+10,9.190184058880000000e+11,6.639138460159301758e-01
4.890000000000000000e+02,1.828000000000000000e+03,1.381906561481569895e+01,1.304347826086956486e-01,1.400000000000000000e+01,2.377802752000000000e+10,9.533723115520000000e+11,2.146925926208496094e+00
6.980000000000000000e+02,3.282000000000000000e+03,1.857973390712347950e+01,1.428571428571428492e-01,3.010000000000000000e+02,1.804538496000000000e+09,1.979466547200000000e+11,3.347387015819549561e-01
6.950000000000000000e+02,2.362000000000000000e+03,1.781462617831487805e+01,1.397542485937368628e-01,1.650000000000000000e+02,5.079975936000000000e+09,3.063907942400000000e+11,7.000707089900970459e-02
2.521000000000000000e+03,5.050000000000000000e+02,1.505859151614729008e+01,1.720052290384453675e-01,3.400000000000000000e+02,1.046708352000000000e+09,1.732076011520000000e+11,3.590988516807556152e-01
3.205000000000000000e+03,3.804000000000000000e+03,1.195536382043381352e+01,1.567630989332169100e-01,5.400000000000000000e+01,2.519146700800000000e+10,8.874719313920000000e+11,2.497666776180267334e-01
1.115000000000000000e+03,9.980000000000000000e+02,1.691983258672209800e+01,1.388888888888888951e-01,2.000000000000000000e+00,6.382575616000000000e+10,3.543532568576000000e+12,8.956543803215026855e-01
3.195000000000000000e+03,1.329000000000000000e+03,2.577604267932205317e+01,8.333333333333332871e-02,3.850000000000000000e+02,1.439004544000000000e+09,1.228858818560000000e+11,4.246520996093750000e-01
2.653000000000000000e+03,2.872000000000000000e+03,1.386263198093795701e+01,1.064794274999899953e-01,8.800000000000000000e+01,1.554958643200000000e+10,7.107728506880000000e+11,2.068511694669723511e-01
3.711000000000000000e+03,2.812000000000000000e+03,4.872591121632225395e+02,1.010152544552210818e-01,2.080000000000000000e+02,3.824430336000000000e+09,2.130934988800000000e+11,1.529147267341613770e+00
3.510000000000000000e+02,3.267000000000000000e+03,5.812739537469627749e+01,1.242259987499883256e-01,6.200000000000000000e+01,1.928503910400000000e+10,4.123953070080000000e+11,9.983271956443786621e-01
2.024000000000000000e+03,3.378000000000000000e+03,3.156242446322912443e+01,1.488645855129573925e-01,1.020000000000000000e+02,7.167281664000000000e+09,4.982148956160000000e+11,1.543027639389038086e+00
9.240000000000000000e+02,4.500000000000000000e+01,2.044190899079054446e+01,1.966404328853304795e-01,0.000000000000000000e+00,6.256252108800000000e+10,5.017748635648000000e+12,4.946801960468292236e-01
2.722000000000000000e+03,2.723000000000000000e+03,2.525315729928363595e+01,1.333333333333333315e-01,2.340000000000000000e+02,1.103645952000000000e+09,2.464357416960000000e+11,1.935859620571136475e-01
3.012000000000000000e+03,1.317000000000000000e+03,3.416107607180330774e+01,1.818181818181818232e-01,5.040000000000000000e+02,4.217805440000000000e+08,8.980668416000000000e+10,1.469118744134902954e-01
3.697000000000000000e+03,1.377000000000000000e+03,3.243470954087838010e+01,1.663780661615406053e-01,1.670000000000000000e+02,7.098905088000000000e+09,3.708694036480000000e+11,3.250155225396156311e-02
2.110000000000000000e+02,8.920000000000000000e+02,2.125988425235170354e+01,1.720052290384453675e-01,2.900000000000000000e+02,4.988999680000000000e+08,1.783893852160000000e+11,1.378780901432037354e-01
1.417000000000000000e+03,1.424000000000000000e+03,5.131213827391114535e+01,5.882352941176470507e-02,1.280000000000000000e+02,8.305701888000000000e+09,3.799752704000000000e+11,2.958372533321380615e-01
1.243000000000000000e+03,1.355000000000000000e+03,1.086738923550173297e+01,1.111111111111111049e-01,5.530000000000000000e+02,3.407267520000000000e+08,4.682190028800000000e+10,0.000000000000000000e+00
1.600000000000000000e+02,1.876000000000000000e+03,1.537068893060646602e+01,1.414213562373095034e-01,5.140000000000000000e+02,6.110231040000000000e+08,8.505213747200000000e+10,1.059715747833251953e-01
3.290000000000000000e+03,1.286000000000000000e+03,3.419946549688866355e+01,1.767766952966368932e-01,1.770000000000000000e+02,3.483326720000000000e+09,3.253457387520000000e+11,3.288544416427612305e-01
2.921000000000000000e+03,3.640000000000000000e+02,4.171804223850485727e+01,1.490711984999859852e-01,2.470000000000000000e+02,2.639703552000000000e+09,2.397348495360000000e+11,8.896604180335998535e-01
2.112000000000000000e+03,3.610000000000000000e+03,1.518772216236778938e+01,1.863389981249824745e-01,3.890000000000000000e+02,4.399578880000000000e+08,1.199101870080000000e+11,2.206428647041320801e-01
8.880000000000000000e+02,2.756000000000000000e+03,2.032684768940031717e+01,1.818181818181818232e-01,4.090000000000000000e+02,4.760597120000000000e+08,9.915284684800000000e+10,5.261505395174026489e-02
2.072000000000000000e+03,2.843000000000000000e+03,5.771505583201445688e+01,1.428571428571428492e-01,1.200000000000000000e+01,2.315846656000000000e+10,7.122979389440000000e+11,2.079156398773193359e+00
6.260000000000000000e+02,4.980000000000000000e+02,1.810860108525909027e+02,8.318903308077030267e-02,1.350000000000000000e+02,6.468990464000000000e+09,3.937586708480000000e+11,4.105822145938873291e-01
3.449000000000000000e+03,5.050000000000000000e+02,4.568274517117431799e+01,1.414213562373095034e-01,6.400000000000000000e+01,1.078310297600000000e+10,5.657055723520000000e+11,8.366629481315612793e-01
2.236000000000000000e+03,2.156000000000000000e+03,2.667354207346703987e+01,1.052631578947368363e-01,1.190000000000000000e+02,1.317935820800000000e+10,5.372063252480000000e+11,2.801064588129520416e-02
6.760000000000000000e+02,1.611000000000000000e+03,4.112210984746909048e+01,1.176877882894626220e-01,1.170000000000000000e+02,9.497686016000000000e+09,5.323860869120000000e+11,5.192977190017700195e-01
3.520000000000000000e+02,3.393000000000000000e+03,2.291973725117627225e+01,1.000000000000000056e-01,1.130000000000000000e+02,2.184168857600000000e+10,5.550306099200000000e+11,1.005207449197769165e-01
3.221000000000000000e+03,2.253000000000000000e+03,1.069644914161191878e+02,1.428571428571428492e-01,3.400000000000000000e+01,1.937896243200000000e+10,6.661144576000000000e+11,4.488957405090332031e+00
2.523000000000000000e+03,1.008000000000000000e+03,1.286445845804720811e+01,1.950639396376682988e-01,1.900000000000000000e+01,4.698338508800000000e+10,1.740785844224000000e+12,5.655762553215026855e-01
3.561000000000000000e+03,1.407000000000000000e+03,3.311538902125115413e+01,1.250000000000000000e-01,1.440000000000000000e+02,6.393047040000000000e+09,3.163068497920000000e+11,2.523791491985321045e-01
1.188000000000000000e+03,1.473000000000000000e+03,6.745185426935483974e+02,7.142857142857142461e-02,3.170000000000000000e+02,2.468179968000000000e+09,1.992450048000000000e+11,8.445805311203002930e-01
3.684000000000000000e+03,1.154000000000000000e+03,1.623834257056280137e+02,1.111111111111111049e-01,3.000000000000000000e+01,2.535121100800000000e+10,4.562780487680000000e+11,3.363192081451416016e+00
3.022000000000000000e+03,3.274000000000000000e+03,2.437949030458892707e+01,4.876598490941707470e-02,2.000000000000000000e+01,4.071325696000000000e+10,1.826836054016000000e+12,6.263589262962341309e-01
7.350000000000000000e+02,2.778000000000000000e+03,1.070388471924500529e+01,1.844626385704036808e-01,5.600000000000000000e+01,3.235718963200000000e+10,9.154533130240000000e+11,4.128287360072135925e-02
2.628000000000000000e+03,6.200000000000000000e+01,4.211158491671898219e+01,1.666666666666666574e-01,3.290000000000000000e+02,7.473985280000000000e+08,1.281122058240000000e+11,2.677565217018127441e-01
1.769000000000000000e+03,4.560000000000000000e+02,4.629605026238616716e+01,1.976423537605237202e-01,1.570000000000000000e+02,3.006642688000000000e+09,2.851074211840000000e+11,3.332279205322265625e+00
3.222000000000000000e+03,9.910000000000000000e+02,3.613322126874498252e+01,1.064794274999899953e-01,9.500000000000000000e+01,2.260675584000000000e+10,6.546320916480000000e+11,8.015154600143432617e-01
2.878000000000000000e+03,3.530000000000000000e+03,2.148235294289989028e+01,1.317615691736824801e-01,3.900000000000000000e+01,1.933491814400000000e+10,1.077381758976000000e+12,1.537795662879943848e-01
3.826000000000000000e+03,1.929000000000000000e+03,1.810953113060181607e+01,1.414213562373095034e-01,5.400000000000000000e+02,3.961239680000000000e+08,7.030887219200000000e+10,7.147856056690216064e-02
3.980000000000000000e+02,8.040000000000000000e+02,1.948907037065988561e+02,1.304347826086956486e-01,5.700000000000000000e+01,2.276455014400000000e+10,8.920157388800000000e+11,3.614920616149902344e+00
1.934000000000000000e+03,3.889000000000000000e+03,3.769708713938196354e+01,8.695652173913043237e-02,4.200000000000000000e+01,3.713277542400000000e+10,9.399391354880000000e+11,8.075914978981018066e-01
3.440000000000000000e+03,1.296000000000000000e+03,4.563074198300519413e+01,1.111111111111111049e-01,2.600000000000000000e+02,3.533144640000000000e+08,6.008634572800000000e+10,8.675485849380493164e-02
2.234000000000000000e+03,2.158000000000000000e+03,1.777351262810750754e+01,1.052631578947368363e-01,1.190000000000000000e+02,1.317935820800000000e+10,5.372063252480000000e+11,2.801064588129520416e-02
3.152000000000000000e+03,3.273000000000000000e+03,6.411920910508646898e+01,6.666666666666666574e-02,2.380000000000000000e+02,2.390858752000000000e+09,2.606460928000000000e+11,6.457555890083312988e-01
3.320000000000000000e+02,1.475000000000000000e+03,2.198472508129430025e+01,9.428090415820634951e-02,1.300000000000000000e+01,4.897171865600000000e+10,2.033823121408000000e+12,2.753273546695709229e-01
2.522000000000000000e+03,1.980000000000000000e+02,1.085425692405122611e+01,1.863389981249824745e-01,4.460000000000000000e+02,3.798276160000000000e+08,1.214523801600000000e+11,6.188121438026428223e-02
2.329000000000000000e+03,2.431000000000000000e+03,1.431791414573435617e+01,1.792654619833765339e-01,2.600000000000000000e+01,3.573933670400000000e+10,9.417555968000000000e+11,4.417076408863067627e-01
1.624000000000000000e+03,1.001000000000000000e+03,6.197615182141530710e+01,9.090909090909091161e-02,4.830000000000000000e+02,1.266737664000000000e+09,8.850531942400000000e+10,1.379862576723098755e-01
1.622000000000000000e+03,6.200000000000000000e+01,6.607816615090968071e+01,1.111111111111111049e-01,1.520000000000000000e+02,6.782518272000000000e+09,4.246518824960000000e+11,2.314141094684600830e-01
4.010000000000000000e+02,1.358000000000000000e+03,1.187423382727612697e+01,1.863389981249824745e-01,1.000000000000000000e+00,9.809676697600000000e+10,3.612387573760000000e+12,1.521267175674438477e+00
2.310000000000000000e+02,1.117000000000000000e+03,6.053056277495328175e+01,1.016394535227177209e-01,4.800000000000000000e+01,1.859853926400000000e+10,8.332313886720000000e+11,3.081290960311889648e+00
2.259000000000000000e+03,1.117000000000000000e+03,1.220187167815677398e+01,1.720052290384453675e-01,2.800000000000000000e+01,4.360073216000000000e+10,1.367401955328000000e+12,4.216426908969879150e-01
2.250000000000000000e+03,1.346000000000000000e+03,5.659023545058837357e+01,1.363636363636363535e-01,8.000000000000000000e+01,1.309234585600000000e+10,7.702168862720000000e+11,1.206064105033874512e+00
6.090000000000000000e+02,3.755000000000000000e+03,2.859320697371435571e+00,1.264911064067351931e-01,5.200000000000000000e+01,2.365812326400000000e+10,1.221729583104000000e+12,2.599559258669614792e-03
1.707000000000000000e+03,1.977000000000000000e+03,5.071886483521355160e+01,1.087856586440842377e-01,3.460000000000000000e+02,5.755747200000000000e+08,1.482373693440000000e+11,1.931558549404144287e-01
3.209000000000000000e+03,2.994000000000000000e+03,4.360673825280564131e+01,1.397542485937368628e-01,1.880000000000000000e+02,4.351213056000000000e+09,3.313075159040000000e+11,4.980710744857788086e-01
3.274000000000000000e+03,1.104000000000000000e+03,4.856337258731565498e+01,1.490711984999859852e-01,2.100000000000000000e+02,3.701318912000000000e+09,2.652073000960000000e+11,6.421301364898681641e-01
1.664000000000000000e+03,1.089000000000000000e+03,4.734206323189497567e+01,1.397542485937368628e-01,1.640000000000000000e+02,5.659436544000000000e+09,3.017778790400000000e+11,7.089489698410034180e-01
2.620000000000000000e+02,7.450000000000000000e+02,2.834626617314611963e+01,1.000000000000000056e-01,4.730000000000000000e+02,3.719758720000000000e+08,7.605012889600000000e+10,7.589142769575119019e-02
3.078000000000000000e+03,8.650000000000000000e+02,5.390022391826099692e+02,6.250000000000000000e-02,1.930000000000000000e+02,2.731847680000000000e+09,2.914863022080000000e+11,4.136207401752471924e-01
3.278000000000000000e+03,3.294000000000000000e+03,2.134779920169745537e+01,1.916531915253563423e-01,5.000000000000000000e+00,5.707350016000000000e+10,2.649217302528000000e+12,1.466975212097167969e+00
2.519000000000000000e+03,3.986000000000000000e+03,4.665956683692664342e+01,1.860163329510811370e-01,7.600000000000000000e+01,1.071258521600000000e+10,3.784632238080000000e+11,1.643970608711242676e+00
3.545000000000000000e+03,2.488000000000000000e+03,5.224435981586443489e+01,6.428243465332250661e-02,5.800000000000000000e+01,2.581009408000000000e+10,7.758674001920000000e+11,3.101233243942260742e-01
3.970000000000000000e+02,1.358000000000000000e+03,1.010202123693983900e+01,1.689656258416172008e-01,1.000000000000000000e+00,9.809676697600000000e+10,3.612387573760000000e+12,1.521267175674438477e+00
3.040000000000000000e+02,2.192000000000000000e+03,2.316251974232209676e+01,1.111111111111111049e-01,5.190000000000000000e+02,3.403527360000000000e+08,5.698137702400000000e+10,9.388266503810882568e-02
3.288000000000000000e+03,1.556000000000000000e+03,7.278496707952230338e+01,2.000000000000000111e-01,9.000000000000000000e+01,1.548399206400000000e+10,6.150358302720000000e+11,1.962381601333618164e+00
1.391000000000000000e+03,2.589000000000000000e+03,3.636340793559177342e+01,1.315334104411640948e-01,1.800000000000000000e+02,4.897091584000000000e+09,3.643243560960000000e+11,1.477249741554260254e+00
2.455000000000000000e+03,3.121000000000000000e+03,5.054708934298508183e+01,1.821078397711708707e-01,1.500000000000000000e+01,7.138964275200000000e+10,1.710274510848000000e+12,2.411046743392944336e+00
2.244000000000000000e+03,3.788000000000000000e+03,1.943105498672360554e+01,1.792654619833765339e-01,6.900000000000000000e+01,4.348610969600000000e+10,9.070498283520000000e+11,7.620597723871469498e-03
1.800000000000000000e+03,7.980000000000000000e+02,3.213717424302690517e+01,1.176470588235294101e-01,1.040000000000000000e+02,6.925968384000000000e+09,3.880816148480000000e+11,3.823973238468170166e-01
9.640000000000000000e+02,2.622000000000000000e+03,8.844928503153252564e+01,1.414213562373095034e-01,9.300000000000000000e+01,9.273953280000000000e+09,5.918494556160000000e+11,1.251332402229309082e+00
5.900000000000000000e+02,4.220000000000000000e+02,2.965481051039266447e+01,1.597191412499849861e-01,2.520000000000000000e+02,4.293666560000000000e+09,2.213311774720000000e+11,9.273958206176757812e-01
4.870000000000000000e+02,5.570000000000000000e+02,2.260817494032236041e+01,1.818181818181818232e-01,4.180000000000000000e+02,3.856245760000000000e+08,1.113361530880000000e+11,1.088667586445808411e-01
3.182000000000000000e+03,3.606000000000000000e+03,3.413743415235761347e+01,1.597191412499849861e-01,2.160000000000000000e+02,1.697669632000000000e+09,2.234225950720000000e+11,3.313867747783660889e-01
1.200000000000000000e+02,2.326000000000000000e+03,5.848054694534964426e+01,8.000000000000000167e-02,2.300000000000000000e+01,3.876257382400000000e+10,1.158851198976000000e+12,9.720131754875183105e-01
3.864000000000000000e+03,2.030000000000000000e+02,1.971126931395748016e+01,1.414213562373095034e-01,5.060000000000000000e+02,4.104839360000000000e+08,7.197821337600000000e+10,4.777587950229644775e-02
2.091000000000000000e+03,3.900000000000000000e+03,3.260969029293875820e+01,1.087856586440842377e-01,2.640000000000000000e+02,3.405308672000000000e+09,1.508058726400000000e+11,7.838104367256164551e-01
4.910000000000000000e+02,1.829000000000000000e+03,1.308725624928885090e+01,1.944406936956339094e-01,1.400000000000000000e+01,2.377802752000000000e+10,9.533723115520000000e+11,2.146925926208496094e+00
4.860000000000000000e+02,8.260000000000000000e+02,7.983603763463420933e+01,1.716929178792375721e-01,4.000000000000000000e+01,1.619209011200000000e+10,7.339425792000000000e+11,2.455300569534301758e+00
2.504000000000000000e+03,1.870000000000000000e+03,3.061621770368169493e+01,1.571348402636772446e-01,1.410000000000000000e+02,7.782827520000000000e+09,4.131430072320000000e+11,2.230915576219558716e-01
2.521000000000000000e+03,3.991000000000000000e+03,3.996744726084161670e+01,1.315334104411640948e-01,7.600000000000000000e+01,1.071258521600000000e+10,3.784632238080000000e+11,1.643970608711242676e+00
3.281000000000000000e+03,3.288000000000000000e+03,5.399369327535175955e+01,1.515151515151515194e-01,5.000000000000000000e+00,5.707350016000000000e+10,2.649217302528000000e+12,1.466975212097167969e+00
3.676000000000000000e+03,2.887000000000000000e+03,2.375838000506477954e+01,1.888525745775105347e-01,2.700000000000000000e+01,5.914858700800000000e+10,1.389970718720000000e+12,1.606564044952392578e+00
3.796000000000000000e+03,2.649000000000000000e+03,5.708134230402342979e+01,1.597191412499849861e-01,2.210000000000000000e+02,4.674793472000000000e+09,2.267652423680000000e+11,9.816284775733947754e-01
3.574000000000000000e+03,1.250000000000000000e+03,7.689947696462965609e+01,1.764705882352941291e-01,1.540000000000000000e+02,4.324669952000000000e+09,3.907342827520000000e+11,1.292291641235351562e+00
3.989000000000000000e+03,2.459000000000000000e+03,3.445853223883098337e+01,9.090909090909091161e-02,3.910000000000000000e+02,3.562672640000000000e+08,1.034982850560000000e+11,6.251024454832077026e-02
1.174000000000000000e+03,2.460000000000000000e+02,6.639988166109414180e+01,1.242259987499883256e-01,1.320000000000000000e+02,7.400962560000000000e+09,4.428619776000000000e+11,4.721095263957977295e-01
2.251000000000000000e+03,1.343000000000000000e+03,8.489247511726965456e+01,4.545454545454545581e-02,8.000000000000000000e+01,1.309234585600000000e+10,7.702168862720000000e+11,1.206064105033874512e+00
3.940000000000000000e+02,1.351000000000000000e+03,1.649475596246032438e+01,1.145307118227127940e-01,1.000000000000000000e+00,9.809676697600000000e+10,3.612387573760000000e+12,1.521267175674438477e+00
1.139000000000000000e+03,3.893000000000000000e+03,4.698723178564027592e+01,2.000000000000000111e-01,6.000000000000000000e+00,3.639146905600000000e+10,2.032646619136000000e+12,2.737049102783203125e+00
1.321000000000000000e+03,1.916000000000000000e+03,1.388644051159442228e+01,1.863389981249824745e-01,4.750000000000000000e+02,3.609462720000000000e+08,1.182853201920000000e+11,8.561816811561584473e-02
2.039000000000000000e+03,3.910000000000000000e+03,3.881299790643669922e+01,9.090909090909091161e-02,4.700000000000000000e+02,7.404069120000000000e+08,1.033900769280000000e+11,1.657968610525131226e-01
9.130000000000000000e+02,2.426000000000000000e+03,1.195228307246986432e+01,1.720052290384453675e-01,3.690000000000000000e+02,4.192522560000000000e+08,1.647944499200000000e+11,3.937453776597976685e-02
3.158000000000000000e+03,2.216000000000000000e+03,2.125421345012517236e+02,1.178511301977579334e-01,4.740000000000000000e+02,8.975640960000000000e+08,1.160296693760000000e+11,1.407080143690109253e-01
3.979000000000000000e+03,2.092000000000000000e+03,7.487919059811143541e+01,1.000000000000000056e-01,8.100000000000000000e+01,1.206914457600000000e+10,6.047352750080000000e+11,3.115982770919799805e+00
2.861000000000000000e+03,1.458000000000000000e+03,4.043039266515162922e+01,7.692307692307692735e-02,3.310000000000000000e+02,1.269820288000000000e+09,1.549701447680000000e+11,3.186146616935729980e-01
2.940000000000000000e+02,2.727000000000000000e+03,1.901756794308422371e+01,1.538461538461538547e-01,3.420000000000000000e+02,5.387810560000000000e+08,1.542441533440000000e+11,2.097166627645492554e-01
1.945000000000000000e+03,1.594000000000000000e+03,1.929144714014937989e+01,1.885618083164126990e-01,2.650000000000000000e+02,2.214661888000000000e+09,2.296571658240000000e+11,1.728671044111251831e-01
1.129000000000000000e+03,8.660000000000000000e+02,2.824875831050084329e+01,1.875000000000000000e-01,1.850000000000000000e+02,7.707054592000000000e+09,2.947731947520000000e+11,4.469096362590789795e-01
2.444000000000000000e+03,4.860000000000000000e+02,4.870260843084459879e+01,7.692307692307692735e-02,2.720000000000000000e+02,1.676722560000000000e+09,1.726652252160000000e+11,3.619681596755981445e-01
3.683000000000000000e+03,1.155000000000000000e+03,2.706895494934511817e+02,7.856742013183862228e-02,3.000000000000000000e+01,2.535121100800000000e+10,4.562780487680000000e+11,3.363192081451416016e+00
3.290000000000000000e+03,3.293000000000000000e+03,3.415778703784930315e+01,1.843261372817642241e-01,5.000000000000000000e+00,5.707350016000000000e+10,2.649217302528000000e+12,1.466975212097167969e+00
3.616000000000000000e+03,3.965000000000000000e+03,2.297654531657474308e+01,1.374903330507991073e-01,6.600000000000000000e+01,3.083681792000000000e+10,8.879675801600000000e+11,1.502096533775329590e+00
3.161000000000000000e+03,2.127000000000000000e+03,1.507022205606085308e+01,1.666666666666666574e-01,4.210000000000000000e+02,1.564987776000000000e+09,1.245143040000000000e+11,3.324404954910278320e-01
8.490000000000000000e+02,2.103000000000000000e+03,2.954699658243081473e+01,1.374903330507991073e-01,4.400000000000000000e+01,3.624191180800000000e+10,9.603648716800000000e+11,5.364645123481750488e-01
2.654000000000000000e+03,2.877000000000000000e+03,1.273974979560738241e+01,1.963383631246505001e-01,8.800000000000000000e+01,1.554958643200000000e+10,7.107728506880000000e+11,2.068511694669723511e-01
1.347000000000000000e+03,1.980000000000000000e+03,1.497183156945805216e+01,1.414213562373095034e-01,5.370000000000000000e+02,4.690468800000000000e+08,7.784319385600000000e+10,7.533831894397735596e-02
1.819000000000000000e+03,1.347000000000000000e+03,6.911178983073295967e+02,9.090909090909091161e-02,4.980000000000000000e+02,1.372052736000000000e+09,9.152898662400000000e+10,3.258232176303863525e-01
1.068000000000000000e+03,2.718000000000000000e+03,3.046868486731655068e+01,1.538461538461538547e-01,3.410000000000000000e+02,3.815032640000000000e+08,1.797301043200000000e+11,1.261608004570007324e-01
3.991000000000000000e+03,3.586000000000000000e+03,8.479200179956885677e+02,1.414213562373095034e-01,5.240000000000000000e+02,3.507831040000000000e+08,7.029905817600000000e+10,4.946159571409225464e-02
3.439000000000000000e+03,1.606000000000000000e+03,3.664643827045516389e+01,1.597191412499849861e-01,2.700000000000000000e+02,7.359706240000000000e+08,1.932054364160000000e+11,8.216810971498489380e-02
2.150000000000000000e+02,3.092000000000000000e+03,4.442412183218248600e+01,1.010152544552210818e-01,3.000000000000000000e+02,6.702331520000000000e+08,2.216096890880000000e+11,2.691870629787445068e-01
2.240000000000000000e+03,2.664000000000000000e+03,9.982418812587326329e+00,2.000000000000000111e-01,5.150000000000000000e+02,3.206928320000000000e+08,8.307684147200000000e+10,4.966590180993080139e-02
2.258000000000000000e+03,5.940000000000000000e+02,5.280161710581006673e+01,1.428571428571428492e-01,2.940000000000000000e+02,1.634616064000000000e+09,2.151905689600000000e+11,1.103780388832092285e+00
1.912000000000000000e+03,3.052000000000000000e+03,3.601057629060878895e+01,1.315334104411640948e-01,1.250000000000000000e+02,5.219138560000000000e+09,3.399035781120000000e+11,7.701998949050903320e-01
3.004000000000000000e+03,2.413000000000000000e+03,3.279415063660911756e+01,1.285648693066450132e-01,3.990000000000000000e+02,4.317933760000000000e+08,1.022198333440000000e+11,1.004172340035438538e-01
3.425000000000000000e+03,2.400000000000000000e+03,3.911301791640923398e+01,1.087856586440842377e-01,2.330000000000000000e+02,1.306718592000000000e+09,1.563776942080000000e+11,2.441019564867019653e-01
2.089000000000000000e+03,3.837000000000000000e+03,2.952926359381221033e+01,1.897658566033678385e-01,1.180000000000000000e+02,1.119032627200000000e+10,4.991444254720000000e+11,8.458191156387329102e-01
3.153000000000000000e+03,1.890000000000000000e+02,5.705819086844319799e+01,9.428090415820634951e-02,2.570000000000000000e+02,4.403293184000000000e+09,2.356937850880000000e+11,1.131350159645080566e+00
3.000000000000000000e+02,2.237000000000000000e+03,1.885311867017579246e+01,1.666666666666666574e-01,4.190000000000000000e+02,5.515520000000000000e+08,1.344901283840000000e+11,6.383813172578811646e-02
3.427000000000000000e+03,9.420000000000000000e+02,6.121993816881374784e+01,8.318903308077030267e-02,1.620000000000000000e+02,8.009004032000000000e+09,3.621181194240000000e+11,7.825241237878799438e-02
2.685000000000000000e+03,3.217000000000000000e+03,2.996142036031760725e+01,1.333333333333333315e-01,1.910000000000000000e+02,3.331605504000000000e+09,2.606805483520000000e+11,1.485942959785461426e+00
9.180000000000000000e+02,4.680000000000000000e+02,1.753335280856015572e+02,1.216260638526299870e-01,9.000000000000000000e+00,4.472099635200000000e+10,1.283299213312000000e+12,1.054935455322265625e+01
2.410000000000000000e+02,3.027000000000000000e+03,3.989516673547861103e+01,1.597191412499849861e-01,2.300000000000000000e+02,8.503640960000000000e+08,1.844238090240000000e+11,4.273478984832763672e-01
2.562000000000000000e+03,2.633000000000000000e+03,8.655003131600352617e+01,1.111111111111111049e-01,4.560000000000000000e+02,4.365246720000000000e+08,5.171858227200000000e+10,5.323048681020736694e-02
3.453000000000000000e+03,1.413000000000000000e+03,4.531343085394232162e+01,5.555555555555555247e-02,1.240000000000000000e+02,9.070321664000000000e+09,4.086862970880000000e+11,4.404786229133605957e-01
4.030000000000000000e+02,1.355000000000000000e+03,1.901885502491865410e+01,1.619708859679250268e-01,1.000000000000000000e+00,9.809676697600000000e+10,3.612387573760000000e+12,1.521267175674438477e+00
1.951000000000000000e+03,1.568000000000000000e+03,3.101360960727918936e+01,1.315334104411640948e-01,1.680000000000000000e+02,4.238181888000000000e+09,3.463638876160000000e+11,4.832215607166290283e-01
1.053000000000000000e+03,1.240000000000000000e+02,3.852591232138122734e+01,1.428571428571428492e-01,1.210000000000000000e+02,6.538542080000000000e+09,2.013881630720000000e+11,1.843194127082824707e+00
2.991000000000000000e+03,1.017000000000000000e+03,4.890322614895309528e+01,1.597191412499849861e-01,1.400000000000000000e+02,4.735647232000000000e+09,2.226532843520000000e+11,2.317846298217773438e+00
6.070000000000000000e+02,3.756000000000000000e+03,4.928897954991565911e+00,8.944271909999158832e-02,5.200000000000000000e+01,2.365812326400000000e+10,1.221729583104000000e+12,2.599559258669614792e-03
1.150000000000000000e+02,3.038000000000000000e+03,6.041695656632122535e+01,1.315334104411640948e-01,1.740000000000000000e+02,4.990999040000000000e+09,3.433584721920000000e+11,1.326729059219360352e+00
2.870000000000000000e+02,2.539000000000000000e+03,3.065391729188383962e+01,1.111111111111111049e-01,5.470000000000000000e+02,3.304037440000000000e+08,5.327479193600000000e+10,3.013837710022926331e-02
2.829000000000000000e+03,2.453000000000000000e+03,3.619250991489972336e+01,1.860163329510811370e-01,1.490000000000000000e+02,7.441189888000000000e+09,3.603796459520000000e+11,2.079063355922698975e-01
3.870000000000000000e+02,7.100000000000000000e+02,1.397991050986719941e+01,8.333333333333332871e-02,3.940000000000000000e+02,4.340258560000000000e+08,1.272477941760000000e+11,5.574505031108856201e-02
1.273000000000000000e+03,3.929000000000000000e+03,7.839617059418382716e+00,1.631784879661263288e-01,4.700000000000000000e+01,2.999850598400000000e+10,1.287392722944000000e+12,2.840396203100681305e-02
1.823000000000000000e+03,2.210000000000000000e+03,2.987936907836657952e+01,2.000000000000000111e-01,2.450000000000000000e+02,5.440987648000000000e+09,2.382794752000000000e+11,1.636620014905929565e-01
6.040000000000000000e+02,3.750000000000000000e+03,2.700682873667298978e+00,1.788854381999831766e-01,5.200000000000000000e+01,2.365812326400000000e+10,1.221729583104000000e+12,2.599559258669614792e-03
2.726000000000000000e+03,2.724000000000000000e+03,3.172285791112931364e+01,1.490711984999859852e-01,2.340000000000000000e+02,1.103645952000000000e+09,2.464357416960000000e+11,1.935859620571136475e-01
3.177000000000000000e+03,3.284000000000000000e+03,5.907390847116888466e+01,1.000000000000000056e-01,2.710000000000000000e+02,3.838027520000000000e+08,8.083017728000000000e+10,2.200188860297203064e-02
3.184000000000000000e+03,1.222000000000000000e+03,7.121588406311317385e+02,8.333333333333332871e-02,4.160000000000000000e+02,4.873997120000000000e+08,1.185201356800000000e+11,2.005743086338043213e-01
1.150000000000000000e+02,3.035000000000000000e+03,1.122742207447923022e+02,8.318903308077030267e-02,1.740000000000000000e+02,4.990999040000000000e+09,3.433584721920000000e+11,1.326729059219360352e+00
1.870000000000000000e+03,1.718000000000000000e+03,4.053678015199707119e+01,1.597191412499849861e-01,2.190000000000000000e+02,3.432410624000000000e+09,2.009583779840000000e+11,8.318915367126464844e-01
3.085000000000000000e+03,2.411000000000000000e+03,6.206328923742466941e+01,1.016394535227177209e-01,2.400000000000000000e+01,3.329379942400000000e+10,8.096457687040000000e+11,7.204747200012207031e-01
2.385000000000000000e+03,1.751000000000000000e+03,7.609350632710162188e+01,1.756820922315766309e-01,1.270000000000000000e+02,7.644780544000000000e+09,4.254506352640000000e+11,3.315616548061370850e-01
2.656000000000000000e+03,2.876000000000000000e+03,1.245639199993241775e+01,1.505846504842085487e-01,8.800000000000000000e+01,1.554958643200000000e+10,7.107728506880000000e+11,2.068511694669723511e-01
3.492000000000000000e+03,3.191000000000000000e+03,5.014476114619161251e+01,1.818181818181818232e-01,3.600000000000000000e+01,2.303946342400000000e+10,7.790489763840000000e+11,2.043790340423583984e+00
9.300000000000000000e+02,5.500000000000000000e+01,1.335720394805540501e+01,1.313454831008415424e-01,0.000000000000000000e+00,6.256252108800000000e+10,5.017748635648000000e+12,4.946801960468292236e-01
1.823000000000000000e+03,1.936000000000000000e+03,2.562744042004667833e+01,1.490711984999859852e-01,1.580000000000000000e+02,3.659788544000000000e+09,2.476780093440000000e+11,1.194774508476257324e+00
1.950000000000000000e+03,1.566000000000000000e+03,4.021511385984178588e+01,8.318903308077030267e-02,1.680000000000000000e+02,4.238181888000000000e+09,3.463638876160000000e+11,4.832215607166290283e-01
3.050000000000000000e+03,3.395000000000000000e+03,1.881362947508287320e+01,1.717960677340691911e-01,4.900000000000000000e+01,3.686430310400000000e+10,1.007178809344000000e+12,2.341371476650238037e-01
2.074000000000000000e+03,2.849000000000000000e+03,4.407249691421822746e+01,1.716929178792375721e-01,1.200000000000000000e+01,2.315846656000000000e+10,7.122979389440000000e+11,2.079156398773193359e+00
2.739000000000000000e+03,1.334000000000000000e+03,9.800572649933977232e+01,6.250000000000000000e-02,1.760000000000000000e+02,4.940628480000000000e+09,3.123316326400000000e+11,9.549114704132080078e-01
3.872000000000000000e+03,1.989000000000000000e+03,6.052059310540222725e+01,1.285648693066450132e-01,1.000000000000000000e+01,3.875450880000000000e+10,7.929460817920000000e+11,4.334609508514404297e+00
1.277000000000000000e+03,3.929000000000000000e+03,9.543219020472955449e+00,1.216260638526299870e-01,4.700000000000000000e+01,2.999850598400000000e+10,1.287392722944000000e+12,2.840396203100681305e-02
1.700000000000000000e+02,2.146000000000000000e+03,3.447077696668965530e+01,1.597191412499849861e-01,2.790000000000000000e+02,4.254184640000000000e+08,2.039951196160000000e+11,1.140684187412261963e-01
2.216000000000000000e+03,3.751000000000000000e+03,1.536178497316461034e+01,9.090909090909091161e-02,3.750000000000000000e+02,8.697420160000000000e+08,1.005694976000000000e+11,1.373969614505767822e-01
7.210000000000000000e+02,8.680000000000000000e+02,1.365472272663527242e+01,1.087856586440842377e-01,3.620000000000000000e+02,1.018515968000000000e+09,1.587685294080000000e+11,2.858537435531616211e-01
3.273000000000000000e+03,6.210000000000000000e+02,1.596605866089263159e+01,1.000000000000000056e-01,5.260000000000000000e+02,4.181973440000000000e+08,8.469003468800000000e+10,2.058096230030059814e-02
1.774000000000000000e+03,1.835000000000000000e+03,1.730171450071960493e+01,8.333333333333332871e-02,3.160000000000000000e+02,3.249704960000000000e+08,1.270914334720000000e+11,7.606749981641769409e-02
2.762000000000000000e+03,3.689000000000000000e+03,8.375113353722895226e+02,9.428090415820634951e-02,8.500000000000000000e+01,2.716291328000000000e+09,2.292095713280000000e+11,6.104024648666381836e-01
3.281000000000000000e+03,3.291000000000000000e+03,5.266200435239271371e+01,9.582659576267817114e-02,5.000000000000000000e+00,5.707350016000000000e+10,2.649217302528000000e+12,1.466975212097167969e+00
3.929000000000000000e+03,3.588000000000000000e+03,2.957966031579700683e+01,1.756820922315766309e-01,1.390000000000000000e+02,9.714296832000000000e+09,4.292546396160000000e+11,5.341334939002990723e-01
2.417000000000000000e+03,2.662000000000000000e+03,2.432719474708515861e+02,1.242259987499883256e-01,1.120000000000000000e+02,3.294868992000000000e+09,4.550815252480000000e+11,1.575487017631530762e+00
2.564000000000000000e+03,3.097000000000000000e+03,6.664478408702117918e+01,1.397542485937368628e-01,1.500000000000000000e+02,5.776248832000000000e+09,3.312523673600000000e+11,1.032350182533264160e+00
3.015000000000000000e+03,5.650000000000000000e+02,2.592671935963775098e+01,1.242259987499883256e-01,1.160000000000000000e+02,6.805506560000000000e+09,4.243692257280000000e+11,2.449444308876991272e-02
3.037000000000000000e+03,2.114000000000000000e+03,1.813177094211921769e+01,1.863389981249824745e-01,2.250000000000000000e+02,1.045512128000000000e+09,1.299353436160000000e+11,1.811029165983200073e-01
3.087000000000000000e+03,2.412000000000000000e+03,3.331806059208003745e+01,1.437398936440172637e-01,2.400000000000000000e+01,3.329379942400000000e+10,8.096457687040000000e+11,7.204747200012207031e-01
3.266000000000000000e+03,1.569000000000000000e+03,4.191082154650314351e+01,1.597191412499849861e-01,3.040000000000000000e+02,1.364470144000000000e+09,1.844859043840000000e+11,2.695780396461486816e-01
3.310000000000000000e+02,1.478000000000000000e+03,1.761774066539091521e+01,1.054092553389459896e-01,1.300000000000000000e+01,4.897171865600000000e+10,2.033823121408000000e+12,2.753273546695709229e-01
3.663000000000000000e+03,4.550000000000000000e+02,8.986293968157253786e+00,2.000000000000000111e-01,1.080000000000000000e+02,2.184303411200000000e+10,6.355629506560000000e+11,4.387347102165222168e-01
2.730000000000000000e+02,3.802000000000000000e+03,5.883661240811473192e+01,1.720052290384453675e-01,2.360000000000000000e+02,9.779505920000000000e+08,1.806616002560000000e+11,3.971246778964996338e-01
6.720000000000000000e+02,1.610000000000000000e+03,3.999935311248317760e+01,1.052631578947368363e-01,1.170000000000000000e+02,9.497686016000000000e+09,5.323860869120000000e+11,5.192977190017700195e-01
2.683000000000000000e+03,3.216000000000000000e+03,4.080168010479870873e+02,6.666666666666666574e-02,1.910000000000000000e+02,3.331605504000000000e+09,2.606805483520000000e+11,1.485942959785461426e+00
1.568000000000000000e+03,2.985000000000000000e+03,7.692759247308532622e+01,1.428571428571428492e-01,2.020000000000000000e+02,2.328323840000000000e+09,2.013348003840000000e+11,7.615254521369934082e-01
2.972000000000000000e+03,4.100000000000000000e+01,1.741248970349060698e+01,1.153846153846153910e-01,2.900000000000000000e+01,3.051142758400000000e+10,1.378565881856000000e+12,1.916203647851943970e-02
3.493000000000000000e+03,3.193000000000000000e+03,4.012008452408242221e+01,1.638886943392722229e-01,3.600000000000000000e+01,2.303946342400000000e+10,7.790489763840000000e+11,2.043790340423583984e+00
2.512000000000000000e+03,2.838000000000000000e+03,4.674946383568431685e+01,1.597191412499849861e-01,2.880000000000000000e+02,9.203765120000000000e+08,1.977294520320000000e+11,6.834124773740768433e-02
2.660000000000000000e+03,1.244000000000000000e+03,4.140386672715688121e+01,1.597191412499849861e-01,3.020000000000000000e+02,6.628715520000000000e+08,2.089779691520000000e+11,2.268926203250885010e-01
2.332000000000000000e+03,2.430000000000000000e+03,2.141784983397388231e+01,9.722034684781695468e-02,2.600000000000000000e+01,3.573933670400000000e+10,9.417555968000000000e+11,4.417076408863067627e-01
3.198000000000000000e+03,1.263000000000000000e+03,4.857490475590946488e+01,7.692307692307692735e-02,2.990000000000000000e+02,1.546798208000000000e+09,1.696703447040000000e+11,4.847811907529830933e-02
2.600000000000000000e+03,4.000000000000000000e+00,1.702005869383379633e+01,1.923273145405179907e-01,3.100000000000000000e+01,4.701029990400000000e+10,1.551441461248000000e+12,1.145187914371490479e-01
1.121000000000000000e+03,9.930000000000000000e+02,2.110792787172486840e+01,8.784104611578831545e-02,2.000000000000000000e+00,6.382575616000000000e+10,3.543532568576000000e+12,8.956543803215026855e-01
3.626000000000000000e+03,3.403000000000000000e+03,4.887879537942589536e+01,6.428243465332250661e-02,5.500000000000000000e+01,2.626351104000000000e+10,8.398834892800000000e+11,2.084592580795288086e+00
3.670000000000000000e+03,2.365000000000000000e+03,4.616708688412589368e+01,9.090909090909091161e-02,3.190000000000000000e+02,1.109675008000000000e+09,1.021182033920000000e+11,3.329687714576721191e-01
7.410000000000000000e+02,1.103000000000000000e+03,1.274428489159118350e+01,1.756820922315766309e-01,1.430000000000000000e+02,4.983443456000000000e+09,4.042203791360000000e+11,1.947730064392089844e+00
3.531000000000000000e+03,1.729000000000000000e+03,5.126660383164817603e+01,1.597191412499849861e-01,2.830000000000000000e+02,2.923252992000000000e+09,1.953971404800000000e+11,5.708111524581909180e-01
2.504000000000000000e+03,1.867000000000000000e+03,5.494541663631706996e+01,1.242259987499883256e-01,1.410000000000000000e+02,7.782827520000000000e+09,4.131430072320000000e+11,2.230915576219558716e-01
3.816000000000000000e+03,1.664000000000000000e+03,3.817345240326243783e+01,1.720052290384453675e-01,2.270000000000000000e+02,6.543951360000000000e+08,1.807264481280000000e+11,1.257613301277160645e-01
3.299000000000000000e+03,2.016000000000000000e+03,4.156850322695121491e+01,1.863389981249824745e-01,3.270000000000000000e+02,4.566016960000000000e+08,1.440871219200000000e+11,1.437596380710601807e-01
8.140000000000000000e+02,1.468000000000000000e+03,4.404550159203667903e+01,1.000000000000000056e-01,9.900000000000000000e+01,8.371488768000000000e+09,6.211557130240000000e+11,6.079373955726623535e-01
3.681000000000000000e+03,1.156000000000000000e+03,5.365028735628760614e+01,1.666666666666666574e-01,3.000000000000000000e+01,2.535121100800000000e+10,4.562780487680000000e+11,3.363192081451416016e+00
2.969000000000000000e+03,3.715000000000000000e+03,1.438273959282452381e+02,1.578947368421052544e-01,9.100000000000000000e+01,1.009944064000000000e+10,4.783271772160000000e+11,2.100039958953857422e+00
2.406000000000000000e+03,1.311000000000000000e+03,2.306781492202507877e+01,1.335389361282958987e-01,2.200000000000000000e+01,5.448031846400000000e+10,1.445857329152000000e+12,2.244370937347412109e+00
3.450000000000000000e+03,5.040000000000000000e+02,4.478513140588567865e+01,1.581138830084189706e-01,6.400000000000000000e+01,1.078310297600000000e+10,5.657055723520000000e+11,8.366629481315612793e-01
2.638000000000000000e+03,2.685000000000000000e+03,2.477349022906842890e+01,1.250000000000000000e-01,6.500000000000000000e+01,1.665853132800000000e+10,1.051559329792000000e+12,3.637619912624359131e-01
3.452000000000000000e+03,2.854000000000000000e+03,7.977187051365680759e+01,1.499999999999999944e-01,1.600000000000000000e+01,3.871990169600000000e+10,5.638400245760000000e+11,1.564823985099792480e+00
3.107000000000000000e+03,3.440000000000000000e+02,5.739965345860383650e+01,1.176877882894626220e-01,1.150000000000000000e+02,2.835620096000000000e+09,5.186958786560000000e+11,1.339670538902282715e+00
1.275000000000000000e+03,1.400000000000000000e+01,1.393097644983450323e+01,2.000000000000000111e-01,4.780000000000000000e+02,4.095452800000000000e+08,8.486140313600000000e+10,8.719237893819808960e-02
3.447000000000000000e+03,1.218000000000000000e+03,3.058122724853473429e+01,1.176470588235294101e-01,5.900000000000000000e+01,1.250927923200000000e+10,3.361745141760000000e+11,9.381470084190368652e-01
1.719000000000000000e+03,6.400000000000000000e+01,9.712121259983891974e+00,2.000000000000000111e-01,4.640000000000000000e+02,8.846839680000000000e+08,7.797780480000000000e+10,1.057662218809127808e-01
2.504000000000000000e+03,1.868000000000000000e+03,6.026030478473019514e+01,1.111111111111111049e-01,1.410000000000000000e+02,7.782827520000000000e+09,4.131430072320000000e+11,2.230915576219558716e-01
3.693000000000000000e+03,1.610000000000000000e+02,2.818546052752703872e+02,0.000000000000000000e+00,7.500000000000000000e+01,2.454544179200000000e+10,6.556142141440000000e+11,2.213511466979980469e+00
2.040000000000000000e+02,1.402000000000000000e+03,2.499847012029261251e+01,1.414213562373095034e-01,4.620000000000000000e+02,3.225003520000000000e+08,7.823260057600000000e+10,3.666804730892181396e-02
2.234000000000000000e+03,2.159000000000000000e+03,1.512130124154600530e+01,1.176877882894626220e-01,1.190000000000000000e+02,1.317935820800000000e+10,5.372063252480000000e+11,2.801064588129520416e-02
3.179000000000000000e+03,3.285000000000000000e+03,1.412170170324978002e+01,1.414213562373095034e-01,2.710000000000000000e+02,3.838027520000000000e+08,8.083017728000000000e+10,2.200188860297203064e-02
3.799000000000000000e+03,6.240000000000000000e+02,2.469965403528943781e+01,1.885618083164126990e-01,1.900000000000000000e+02,5.169756160000000000e+09,2.290967183360000000e+11,7.144913673400878906e-01
3.699000000000000000e+03,3.722000000000000000e+03,2.722124118259100101e+01,1.176470588235294101e-01,1.940000000000000000e+02,6.918756864000000000e+09,3.508476968960000000e+11,4.071498811244964600e-01
1.534000000000000000e+03,3.578000000000000000e+03,2.911873767847549743e+02,1.818181818181818232e-01,4.480000000000000000e+02,3.679502720000000000e+08,1.010303385600000000e+11,1.344575881958007812e-01
3.626000000000000000e+03,3.404000000000000000e+03,4.305000026022528914e+01,4.545454545454545581e-02,5.500000000000000000e+01,2.626351104000000000e+10,8.398834892800000000e+11,2.084592580795288086e+00
2.774000000000000000e+03,3.290000000000000000e+02,3.795417356114622862e+02,5.555555555555555247e-02,1.560000000000000000e+02,7.488644096000000000e+09,4.189504798720000000e+11,1.312537789344787598e+00
2.319000000000000000e+03,2.808000000000000000e+03,4.608564715136213863e+01,1.597191412499849861e-01,2.660000000000000000e+02,1.482024960000000000e+09,2.057319055360000000e+11,4.525501430034637451e-01
1.718000000000000000e+03,1.674000000000000000e+03,1.098357289550097988e+02,1.437398936440172637e-01,4.000000000000000000e+00,3.269792563200000000e+10,7.531220172800000000e+11,7.694553852081298828e+00
1.843000000000000000e+03,1.015000000000000000e+03,1.974341835260900879e+01,1.720052290384453675e-01,3.740000000000000000e+02,8.986496000000000000e+08,1.485377699840000000e+11,1.939329206943511963e-01
2.730000000000000000e+03,1.588000000000000000e+03,9.863036255947402964e+00,2.000000000000000111e-01,2.610000000000000000e+02,1.499876992000000000e+09,2.427375124480000000e+11,2.762351632118225098e-01
1.776000000000000000e+03,1.833000000000000000e+03,1.533511437430098567e+01,1.863389981249824745e-01,3.160000000000000000e+02,3.249704960000000000e+08,1.270914334720000000e+11,7.606749981641769409e-02
2.088000000000000000e+03,4.760000000000000000e+02,1.714706419193462494e+01,1.428571428571428492e-01,2.350000000000000000e+02,2.742836224000000000e+09,2.052629954560000000e+11,5.753920674324035645e-01
2.214000000000000000e+03,3.780000000000000000e+02,5.330236709477616586e+01,0.000000000000000000e+00,5.280000000000000000e+02,4.369823680000000000e+08,8.418496512000000000e+10,1.095780208706855774e-01
5.830000000000000000e+02,1.035000000000000000e+03,3.203572623236691896e+01,7.692307692307692735e-02,3.930000000000000000e+02,1.151398016000000000e+09,1.568063651840000000e+11,3.812075257301330566e-01
8.390000000000000000e+02,4.290000000000000000e+02,5.069311320034856294e+01,1.638886943392722229e-01,7.200000000000000000e+01,2.465830912000000000e+10,7.708183101440000000e+11,4.504816055297851562e+00
2.807000000000000000e+03,2.433000000000000000e+03,3.633764675830177282e+01,1.397542485937368628e-01,1.780000000000000000e+02,4.901150720000000000e+09,2.856818769920000000e+11,7.571734189987182617e-01
2.263000000000000000e+03,2.187000000000000000e+03,7.262318155308339840e+01,1.428571428571428492e-01,2.240000000000000000e+02,2.260876544000000000e+09,2.187337891840000000e+11,1.060880780220031738e+00
2.158000000000000000e+03,1.070000000000000000e+02,2.275823126607516045e+01,8.695652173913043237e-02,6.300000000000000000e+01,2.905395609600000000e+10,9.190184058880000000e+11,6.639138460159301758e-01
3.004000000000000000e+03,2.412000000000000000e+03,2.822556463242193203e+01,9.090909090909091161e-02,3.990000000000000000e+02,4.317933760000000000e+08,1.022198333440000000e+11,1.004172340035438538e-01
3.558000000000000000e+03,2.247000000000000000e+03,3.040887692054860736e+01,1.490711984999859852e-01,8.400000000000000000e+01,4.863553536000000000e+09,2.581076049920000000e+11,7.515404820442199707e-01
2.337000000000000000e+03,2.434000000000000000e+03,1.008491315146145872e+01,1.944406936956339094e-01,2.600000000000000000e+01,3.573933670400000000e+10,9.417555968000000000e+11,4.417076408863067627e-01
3.581000000000000000e+03,4.060000000000000000e+02,6.697838330366873834e+02,9.090909090909091161e-02,5.110000000000000000e+02,7.604030080000000000e+08,9.137700044800000000e+10,1.333570629358291626e-01
3.822000000000000000e+03,3.621000000000000000e+03,1.719192856827205418e+01,1.666666666666666574e-01,4.320000000000000000e+02,1.166526592000000000e+09,1.280955924480000000e+11,2.534527182579040527e-01
3.370000000000000000e+03,6.240000000000000000e+02,2.051074183155305164e+01,1.720052290384453675e-01,3.140000000000000000e+02,1.763617920000000000e+09,1.722417643520000000e+11,9.148865938186645508e-01
1.641000000000000000e+03,3.072000000000000000e+03,8.704536849661438680e+01,1.199999999999999956e-01,1.800000000000000000e+01,3.449834700800000000e+10,1.125269241856000000e+12,5.236464023590087891e+00
3.218000000000000000e+03,2.252000000000000000e+03,7.728922312503311787e+01,1.716929178792375721e-01,3.400000000000000000e+01,1.937896243200000000e+10,6.661144576000000000e+11,4.488957405090332031e+00
3.614000000000000000e+03,3.968000000000000000e+03,3.126775944979315014e+01,1.304347826086956486e-01,6.600000000000000000e+01,3.083681792000000000e+10,8.879675801600000000e+11,1.502096533775329590e+00
3.083000000000000000e+03,2.410000000000000000e+03,5.375978780700811654e+01,1.437398936440172637e-01,2.400000000000000000e+01,3.329379942400000000e+10,8.096457687040000000e+11,7.204747200012207031e-01
2.556000000000000000e+03,1.634000000000000000e+03,2.175123407948828103e+01,1.863389981249824745e-01,4.420000000000000000e+02,6.175178880000000000e+08,1.357595607040000000e+11,1.168741956353187561e-01
9.300000000000000000e+02,5.900000000000000000e+01,1.087346021475599223e+01,1.904938945343086221e-01,0.000000000000000000e+00,6.256252108800000000e+10,5.017748635648000000e+12,4.946801960468292236e-01
2.789000000000000000e+03,1.284000000000000000e+03,2.284979662487898722e+01,1.818181818181818232e-01,4.110000000000000000e+02,3.417309760000000000e+08,9.713848320000000000e+10,6.461390107870101929e-02
2.147000000000000000e+03,1.476000000000000000e+03,4.313758346914127628e+01,1.490711984999859852e-01,1.970000000000000000e+02,1.218683392000000000e+09,2.609859624960000000e+11,4.991658031940460205e-01
3.094000000000000000e+03,3.619000000000000000e+03,2.622466048007175843e+01,7.985957062499249304e-02,2.500000000000000000e+01,4.075406131200000000e+10,1.594271465472000000e+12,3.982214033603668213e-01
3.976000000000000000e+03,2.095000000000000000e+03,7.139764830739102308e+01,1.581138830084189706e-01,8.100000000000000000e+01,1.206914457600000000e+10,6.047352750080000000e+11,3.115982770919799805e+00
2.013000000000000000e+03,3.926000000000000000e+03,4.233364565950764558e+01,0.000000000000000000e+00,4.760000000000000000e+02,6.642576640000000000e+08,8.494938521600000000e+10,6.386151909828186035e-02
2.606000000000000000e+03,7.000000000000000000e+00,1.464208196635269310e+01,1.821078397711708707e-01,3.100000000000000000e+01,4.701029990400000000e+10,1.551441461248000000e+12,1.145187914371490479e-01
9.650000000000000000e+02,2.627000000000000000e+03,5.055476613503335415e+01,1.581138830084189706e-01,9.300000000000000000e+01,9.273953280000000000e+09,5.918494556160000000e+11,1.251332402229309082e+00
1.745000000000000000e+03,2.649000000000000000e+03,2.024729200939388818e+01,1.176877882894626220e-01,1.290000000000000000e+02,6.908323328000000000e+09,4.725664645120000000e+11,1.298392377793788910e-02
1.140000000000000000e+03,3.904000000000000000e+03,4.760403312205545490e+01,1.699673171197594868e-01,6.000000000000000000e+00,3.639146905600000000e+10,2.032646619136000000e+12,2.737049102783203125e+00
6.200000000000000000e+02,3.313000000000000000e+03,1.117923380789423682e+01,2.000000000000000111e-01,4.800000000000000000e+02,3.533671040000000000e+08,8.415505612800000000e+10,1.695973426103591919e-02
3.252000000000000000e+03,1.437000000000000000e+03,1.998265591943550490e+01,1.538461538461538547e-01,3.360000000000000000e+02,2.264837120000000000e+09,1.630048583680000000e+11,2.301288098096847534e-01
1.055000000000000000e+03,1.260000000000000000e+02,2.076460915398208940e+01,1.428571428571428492e-01,1.210000000000000000e+02,6.538542080000000000e+09,2.013881630720000000e+11,1.843194127082824707e+00
9.290000000000000000e+02,5.000000000000000000e+01,1.732878491232721174e+01,1.219512195121951192e-01,0.000000000000000000e+00,6.256252108800000000e+10,5.017748635648000000e+12,4.946801960468292236e-01
6.500000000000000000e+02,8.340000000000000000e+02,1.218781305610150589e+01,2.000000000000000111e-01,1.700000000000000000e+01,5.011012403200000000e+10,1.201295589376000000e+12,1.027397990226745605e+00
1.445000000000000000e+03,1.620000000000000000e+03,9.974560852491070762e+01,1.052631578947368363e-01,6.100000000000000000e+01,1.472875110400000000e+10,5.134962196480000000e+11,1.453196406364440918e+00
3.450000000000000000e+03,1.413000000000000000e+03,3.882078572447737486e+01,1.111111111111111049e-01,1.240000000000000000e+02,9.070321664000000000e+09,4.086862970880000000e+11,4.404786229133605957e-01
3.089000000000000000e+03,3.614000000000000000e+03,2.649117453435141911e+01,1.785714285714285754e-01,2.500000000000000000e+01,4.075406131200000000e+10,1.594271465472000000e+12,3.982214033603668213e-01
2.776000000000000000e+03,3.320000000000000000e+02,5.677084381899862819e+01,1.756820922315766309e-01,1.560000000000000000e+02,7.488644096000000000e+09,4.189504798720000000e+11,1.312537789344787598e+00
6.460000000000000000e+02,8.330000000000000000e+02,2.084743935319324848e+01,1.264911064067351931e-01,1.700000000000000000e+01,5.011012403200000000e+10,1.201295589376000000e+12,1.027397990226745605e+00
1.430000000000000000e+02,3.259000000000000000e+03,1.218817282845712313e+01,1.697056274847713875e-01,4.600000000000000000e+01,3.086882406400000000e+10,1.199684452352000000e+12,6.945605874061584473e-01
3.050000000000000000e+03,3.398000000000000000e+03,2.174968781425775433e+01,5.892556509887896671e-02,4.900000000000000000e+01,3.686430310400000000e+10,1.007178809344000000e+12,2.341371476650238037e-01
3.637000000000000000e+03,1.614000000000000000e+03,2.026274758413954302e+01,1.863389981249824745e-01,3.660000000000000000e+02,7.622257920000000000e+08,1.424123494400000000e+11,7.158105820417404175e-02
3.661000000000000000e+03,4.520000000000000000e+02,1.027044887664472661e+01,1.802775637731994507e-01,1.080000000000000000e+02,2.184303411200000000e+10,6.355629506560000000e+11,4.387347102165222168e-01
1.772000000000000000e+03,8.760000000000000000e+02,2.547742681277897248e+01,1.087856586440842377e-01,3.650000000000000000e+02,5.727564800000000000e+08,1.791010897920000000e+11,6.615951657295227051e-02
1.610000000000000000e+02,2.077000000000000000e+03,1.470606847353335844e+01,1.720052290384453675e-01,3.530000000000000000e+02,4.977177280000000000e+08,1.564966584320000000e+11,6.748562306165695190e-02
1.613000000000000000e+03,2.507000000000000000e+03,3.222330620926110356e+01,8.318903308077030267e-02,1.820000000000000000e+02,5.668081152000000000e+09,3.419367997440000000e+11,3.741784989833831787e-01
6.040000000000000000e+02,3.756000000000000000e+03,3.520792824150674516e+00,1.131370849898476055e-01,5.200000000000000000e+01,2.365812326400000000e+10,1.221729583104000000e+12,2.599559258669614792e-03
3.960000000000000000e+02,1.349000000000000000e+03,1.672245549960229027e+01,1.001542020962219171e-01,1.000000000000000000e+00,9.809676697600000000e+10,3.612387573760000000e+12,1.521267175674438477e+00
2.110000000000000000e+03,3.610000000000000000e+03,2.375900533204286447e+01,1.863389981249824745e-01,3.890000000000000000e+02,4.399578880000000000e+08,1.199101870080000000e+11,2.206428647041320801e-01
2.460000000000000000e+03,3.115000000000000000e+03,1.904553716903793870e+01,1.785714285714285754e-01,1.500000000000000000e+01,7.138964275200000000e+10,1.710274510848000000e+12,2.411046743392944336e+00
2.727000000000000000e+03,3.710000000000000000e+02,6.884823153933133710e+01,7.142857142857142461e-02,2.540000000000000000e+02,1.433508864000000000e+09,2.014486691840000000e+11,7.833730578422546387e-01
3.080000000000000000e+03,1.575000000000000000e+03,4.471223746334962357e+02,7.142857142857142461e-02,2.770000000000000000e+02,2.816187904000000000e+09,1.890902179840000000e+11,1.188701033592224121e+00
3.682000000000000000e+03,1.156000000000000000e+03,8.021193925900607269e+01,1.111111111111111049e-01,3.000000000000000000e+01,2.535121100800000000e+10,4.562780487680000000e+11,3.363192081451416016e+00
2.524000000000000000e+03,3.229000000000000000e+03,2.911429087173652519e+01,1.087856586440842377e-01,3.450000000000000000e+02,1.443784960000000000e+09,1.696410992640000000e+11,4.970680177211761475e-01
5.740000000000000000e+02,3.369000000000000000e+03,2.605710955737428236e+01,1.087856586440842377e-01,3.610000000000000000e+02,1.879146368000000000e+09,1.646172241920000000e+11,5.032388567924499512e-01
3.159000000000000000e+03,3.950000000000000000e+03,5.565783567553427957e+01,1.397542485937368628e-01,1.990000000000000000e+02,1.138293248000000000e+09,3.060843479040000000e+11,4.941779673099517822e-01
3.160000000000000000e+02,2.064000000000000000e+03,6.746085489392613965e+01,1.885618083164126990e-01,2.260000000000000000e+02,2.218577408000000000e+09,2.480921804800000000e+11,9.293220639228820801e-01
3.227000000000000000e+03,9.890000000000000000e+02,2.752410558704269761e+01,1.904761904761904656e-01,9.500000000000000000e+01,2.260675584000000000e+10,6.546320916480000000e+11,8.015154600143432617e-01
1.938000000000000000e+03,3.901000000000000000e+03,7.826464717216333611e+01,1.720052290384453675e-01,1.920000000000000000e+02,2.548073728000000000e+09,1.700422615040000000e+11,4.282468259334564209e-01
3.440000000000000000e+03,1.705000000000000000e+03,2.386920472440141694e+01,1.863389981249824745e-01,3.710000000000000000e+02,7.614969600000000000e+08,1.344475709440000000e+11,1.444125473499298096e-01
3.080000000000000000e+03,8.640000000000000000e+02,5.388955232115507243e+01,8.838834764831844659e-02,1.930000000000000000e+02,2.731847680000000000e+09,2.914863022080000000e+11,4.136207401752471924e-01
1.123000000000000000e+03,9.970000000000000000e+02,1.937738909189096148e+01,1.619708859679250268e-01,2.000000000000000000e+00,6.382575616000000000e+10,3.543532568576000000e+12,8.956543803215026855e-01
1.748000000000000000e+03,2.650000000000000000e+03,1.159507177187999716e+01,1.176877882894626220e-01,1.290000000000000000e+02,6.908323328000000000e+09,4.725664645120000000e+11,1.298392377793788910e-02
8.360000000000000000e+02,4.340000000000000000e+02,6.432022586842859369e+01,1.016394535227177209e-01,7.200000000000000000e+01,2.465830912000000000e+10,7.708183101440000000e+11,4.504816055297851562e+00
1.140000000000000000e+02,3.039000000000000000e+03,3.609003042348212631e+01,1.764705882352941291e-01,1.740000000000000000e+02,4.990999040000000000e+09,3.433584721920000000e+11,1.326729059219360352e+00
3.523000000000000000e+03,2.196000000000000000e+03,2.518555734024560522e+01,1.764705882352941291e-01,1.600000000000000000e+02,6.565252608000000000e+09,3.533164052480000000e+11,2.621258795261383057e-01
3.287000000000000000e+03,1.291000000000000000e+03,2.414557745341523898e+01,1.976423537605237202e-01,1.770000000000000000e+02,3.483326720000000000e+09,3.253457387520000000e+11,3.288544416427612305e-01
2.142000000000000000e+03,3.750000000000000000e+02,7.351294614929142881e+02,9.428090415820634951e-02,2.140000000000000000e+02,3.986595328000000000e+09,2.548667187200000000e+11,7.246758341789245605e-01
3.068000000000000000e+03,1.079000000000000000e+03,4.211953396856237930e+01,1.863389981249824745e-01,2.580000000000000000e+02,1.139374464000000000e+09,1.246151720960000000e+11,2.086202651262283325e-01
1.670000000000000000e+02,2.145000000000000000e+03,4.724192513822594464e+01,1.597191412499849861e-01,2.790000000000000000e+02,4.254184640000000000e+08,2.039951196160000000e+11,1.140684187412261963e-01
1.187000000000000000e+03,1.474000000000000000e+03,4.190925430369800608e+01,1.597191412499849861e-01,3.170000000000000000e+02,2.468179968000000000e+09,1.992450048000000000e+11,8.445805311203002930e-01
3.613000000000000000e+03,3.970000000000000000e+03,2.340122275547551212e+01,1.944406936956339094e-01,6.600000000000000000e+01,3.083681792000000000e+10,8.879675801600000000e+11,1.502096533775329590e+00
1.749000000000000000e+03,2.648000000000000000e+03,1.238370862886937473e+01,1.052631578947368363e-01,1.290000000000000000e+02,6.908323328000000000e+09,4.725664645120000000e+11,1.298392377793788910e-02
3.456000000000000000e+03,2.854000000000000000e+03,1.362209344979106049e+02,5.000000000000000278e-02,1.600000000000000000e+01,3.871990169600000000e+10,5.638400245760000000e+11,1.564823985099792480e+00
1.944000000000000000e+03,1.596000000000000000e+03,2.041559375307624435e+01,2.000000000000000111e-01,2.650000000000000000e+02,2.214661888000000000e+09,2.296571658240000000e+11,1.728671044111251831e-01
2.924000000000000000e+03,3.640000000000000000e+02,3.776369007818716739e+01,1.885618083164126990e-01,2.470000000000000000e+02,2.639703552000000000e+09,2.397348495360000000e+11,8.896604180335998535e-01
1.708000000000000000e+03,1.977000000000000000e+03,2.640199692619505072e+02,7.692307692307692735e-02,3.460000000000000000e+02,5.755747200000000000e+08,1.482373693440000000e+11,1.931558549404144287e-01
3.870000000000000000e+02,7.110000000000000000e+02,1.314534653495995720e+01,1.666666666666666574e-01,3.940000000000000000e+02,4.340258560000000000e+08,1.272477941760000000e+11,5.574505031108856201e-02
2.975000000000000000e+03,4.000000000000000000e+01,4.807031675733824017e+01,3.846153846153846367e-02,2.900000000000000000e+01,3.051142758400000000e+10,1.378565881856000000e+12,1.916203647851943970e-02
1.607000000000000000e+03,2.956000000000000000e+03,4.319303033328286290e+01,1.944406936956339094e-01,5.100000000000000000e+01,3.191295590400000000e+10,8.522985635840000000e+11,3.693249225616455078e+00
2.803000000000000000e+03,2.430000000000000000e+03,3.777490418601076527e+01,1.976423537605237202e-01,1.780000000000000000e+02,4.901150720000000000e+09,2.856818769920000000e+11,7.571734189987182617e-01
1.577000000000000000e+03,3.171000000000000000e+03,3.472028127831965350e+01,1.666666666666666574e-01,4.280000000000000000e+02,1.231782016000000000e+09,1.419328716800000000e+11,2.787952125072479248e-01
3.697000000000000000e+03,3.725000000000000000e+03,1.229637170487444386e+01,1.764705882352941291e-01,1.940000000000000000e+02,6.918756864000000000e+09,3.508476968960000000e+11,4.071498811244964600e-01
3.994000000000000000e+03,3.587000000000000000e+03,9.105014052032382565e+00,2.000000000000000111e-01,5.240000000000000000e+02,3.507831040000000000e+08,7.029905817600000000e+10,4.946159571409225464e-02
2.645000000000000000e+03,2.683000000000000000e+03,1.912432960682541605e+01,1.863389981249824745e-01,6.500000000000000000e+01,1.665853132800000000e+10,1.051559329792000000e+12,3.637619912624359131e-01
1.876000000000000000e+03,1.480000000000000000e+03,2.006607791634343130e+01,1.597191412499849861e-01,3.060000000000000000e+02,1.568214528000000000e+09,2.011891138560000000e+11,4.769412279129028320e-01
2.923000000000000000e+03,3.600000000000000000e+02,5.960871573181289307e+01,1.490711984999859852e-01,2.470000000000000000e+02,2.639703552000000000e+09,2.397348495360000000e+11,8.896604180335998535e-01
2.150000000000000000e+02,3.089000000000000000e+03,2.524271822381583164e+01,1.597191412499849861e-01,3.000000000000000000e+02,6.702331520000000000e+08,2.216096890880000000e+11,2.691870629787445068e-01
2.737000000000000000e+03,2.462000000000000000e+03,4.102077849813422716e+01,1.717960677340691911e-01,3.700000000000000000e+01,2.916994662400000000e+10,1.049209339904000000e+12,5.184139728546142578e+00
3.211000000000000000e+03,2.993000000000000000e+03,3.295896276546137642e+02,0.000000000000000000e+00,1.880000000000000000e+02,4.351213056000000000e+09,3.313075159040000000e+11,4.980710744857788086e-01
3.539000000000000000e+03,2.643000000000000000e+03,1.115483179829644556e+01,1.178511301977579334e-01,4.170000000000000000e+02,1.205259136000000000e+09,1.323084103680000000e+11,4.606420993804931641e-01
3.444000000000000000e+03,1.221000000000000000e+03,2.229150926128327370e+01,1.860163329510811370e-01,5.900000000000000000e+01,1.250927923200000000e+10,3.361745141760000000e+11,9.381470084190368652e-01
3.429000000000000000e+03,2.524000000000000000e+03,4.215288697959209685e+01,1.490711984999859852e-01,1.000000000000000000e+02,5.946088960000000000e+09,2.719250022400000000e+11,1.580354690551757812e+00
2.739000000000000000e+03,1.335000000000000000e+03,7.634559663002870877e+01,1.250000000000000000e-01,1.760000000000000000e+02,4.940628480000000000e+09,3.123316326400000000e+11,9.549114704132080078e-01
3.950000000000000000e+02,1.349000000000000000e+03,1.462137662155799767e+01,1.178511301977579057e-01,1.000000000000000000e+00,9.809676697600000000e+10,3.612387573760000000e+12,1.521267175674438477e+00
3.211000000000000000e+03,2.991000000000000000e+03,5.902155028421074690e+01,1.250000000000000000e-01,1.880000000000000000e+02,4.351213056000000000e+09,3.313075159040000000e+11,4.980710744857788086e-01
3.579000000000000000e+03,1.248000000000000000e+03,3.905607405777247010e+01,1.663780661615406053e-01,1.540000000000000000e+02,4.324669952000000000e+09,3.907342827520000000e+11,1.292291641235351562e+00
3.694000000000000000e+03,1.380000000000000000e+03,2.147107554234381865e+01,8.318903308077030267e-02,1.670000000000000000e+02,7.098905088000000000e+09,3.708694036480000000e+11,3.250155225396156311e-02
2.330000000000000000e+03,2.431000000000000000e+03,1.613037705353439932e+01,1.374903330507991073e-01,2.600000000000000000e+01,3.573933670400000000e+10,9.417555968000000000e+11,4.417076408863067627e-01
3.254000000000000000e+03,1.096000000000000000e+03,1.891409108192944899e+01,1.000000000000000056e-01,4.960000000000000000e+02,5.087050880000000000e+08,8.589599539200000000e+10,7.234873622655868530e-02
2.558000000000000000e+03,1.633000000000000000e+03,2.281669181724635109e+01,1.666666666666666574e-01,4.420000000000000000e+02,6.175178880000000000e+08,1.357595607040000000e+11,1.168741956353187561e-01
2.159000000000000000e+03,1.090000000000000000e+02,2.591871481893147333e+01,4.347826086956521618e-02,6.300000000000000000e+01,2.905395609600000000e+10,9.190184058880000000e+11,6.639138460159301758e-01
1.801000000000000000e+03,8.030000000000000000e+02,4.256085327472147384e+01,1.860163329510811370e-01,1.040000000000000000e+02,6.925968384000000000e+09,3.880816148480000000e+11,3.823973238468170166e-01
1.949000000000000000e+03,1.564000000000000000e+03,2.654958485025759884e+01,1.764705882352941291e-01,1.680000000000000000e+02,4.238181888000000000e+09,3.463638876160000000e+11,4.832215607166290283e-01
4.060000000000000000e+02,6.970000000000000000e+02,1.852495725540585525e+01,1.863389981249824745e-01,4.400000000000000000e+02,4.318455040000000000e+08,1.255281786880000000e+11,3.118004649877548218e-02
3.369000000000000000e+03,6.240000000000000000e+02,3.737099813323624176e+01,1.087856586440842377e-01,3.140000000000000000e+02,1.763617920000000000e+09,1.722417643520000000e+11,9.148865938186645508e-01
2.140000000000000000e+02,8.950000000000000000e+02,1.281512866156170816e+01,1.720052290384453675e-01,2.900000000000000000e+02,4.988999680000000000e+08,1.783893852160000000e+11,1.378780901432037354e-01
1.144000000000000000e+03,1.344000000000000000e+03,3.578420740611051798e+01,1.571348402636772446e-01,3.790000000000000000e+02,4.945583360000000000e+08,5.588169523200000000e+10,4.204148799180984497e-02
7.570000000000000000e+02,1.556000000000000000e+03,8.881933281621338949e+01,1.333333333333333315e-01,1.590000000000000000e+02,4.272983296000000000e+09,2.772747223040000000e+11,1.467877030372619629e+00
1.709000000000000000e+03,1.977000000000000000e+03,5.785381646272567480e+01,1.087856586440842377e-01,3.460000000000000000e+02,5.755747200000000000e+08,1.482373693440000000e+11,1.931558549404144287e-01
3.810000000000000000e+03,2.179000000000000000e+03,3.701252005753117658e+01,1.060456257489408582e-01,3.000000000000000000e+00,6.908092416000000000e+10,3.004823764992000000e+12,6.583381295204162598e-01
3.815000000000000000e+03,3.540000000000000000e+02,4.501951127579216205e+01,1.397542485937368628e-01,1.710000000000000000e+02,7.686175744000000000e+09,3.092989870080000000e+11,4.525429308414459229e-01
3.177000000000000000e+03,2.665000000000000000e+03,1.077319100705953936e+01,1.976423537605237202e-01,2.550000000000000000e+02,2.954721792000000000e+09,2.781572300800000000e+11,5.748847723007202148e-01
1.748000000000000000e+03,2.648000000000000000e+03,1.548627995353648679e+01,5.263157894736841813e-02,1.290000000000000000e+02,6.908323328000000000e+09,4.725664645120000000e+11,1.298392377793788910e-02
2.885000000000000000e+03,3.530000000000000000e+03,1.112321915003762385e+01,1.717960677340691911e-01,3.900000000000000000e+01,1.933491814400000000e+10,1.077381758976000000e+12,1.537795662879943848e-01
3.195000000000000000e+03,3.623000000000000000e+03,3.972466797293047591e+01,1.087856586440842377e-01,2.890000000000000000e+02,8.500677760000000000e+08,1.523528990720000000e+11,5.959406495094299316e-01
3.561000000000000000e+03,2.245000000000000000e+03,3.222799604216316993e+01,1.333333333333333315e-01,8.400000000000000000e+01,4.863553536000000000e+09,2.581076049920000000e+11,7.515404820442199707e-01
9.240000000000000000e+02,5.700000000000000000e+01,1.476178382240261300e+01,1.005635518443331877e-01,0.000000000000000000e+00,6.256252108800000000e+10,5.017748635648000000e+12,4.946801960468292236e-01
1.708000000000000000e+03,1.042000000000000000e+03,2.652080056310173859e+02,9.090909090909091161e-02,4.330000000000000000e+02,3.649771200000000000e+08,1.042201231360000000e+11,5.658262968063354492e-02
4.350000000000000000e+02,2.741000000000000000e+03,1.842802405054954207e+01,1.963383631246505001e-01,8.600000000000000000e+01,1.698641715200000000e+10,6.620944138240000000e+11,0.000000000000000000e+00
1.056000000000000000e+03,1.230000000000000000e+02,4.392927182538522146e+01,1.010152544552210818e-01,1.210000000000000000e+02,6.538542080000000000e+09,2.013881630720000000e+11,1.843194127082824707e+00
3.028000000000000000e+03,3.274000000000000000e+03,2.368672725885564745e+01,1.758282590894063580e-01,2.000000000000000000e+01,4.071325696000000000e+10,1.826836054016000000e+12,6.263589262962341309e-01
2.476000000000000000e+03,2.289000000000000000e+03,3.839370207576837402e+01,6.250000000000000000e-02,1.700000000000000000e+02,5.476801024000000000e+09,3.088722821120000000e+11,2.779350578784942627e-01
2.403000000000000000e+03,1.312000000000000000e+03,2.764652404765009663e+01,1.527076157636170495e-01,2.200000000000000000e+01,5.448031846400000000e+10,1.445857329152000000e+12,2.244370937347412109e+00
6.100000000000000000e+02,2.593000000000000000e+03,2.031347689375589312e+02,3.846153846153846367e-02,3.300000000000000000e+01,3.162380492800000000e+10,1.302926065664000000e+12,2.007309532165527344e+01
4.850000000000000000e+02,1.826000000000000000e+03,1.530577539139788357e+01,1.792654619833765339e-01,1.400000000000000000e+01,2.377802752000000000e+10,9.533723115520000000e+11,2.146925926208496094e+00
3.696000000000000000e+03,1.381000000000000000e+03,1.836659971729370966e+01,1.315334104411640948e-01,1.670000000000000000e+02,7.098905088000000000e+09,3.708694036480000000e+11,3.250155225396156311e-02
6.060000000000000000e+02,3.750000000000000000e+03,2.686666878075052445e+00,1.600000000000000033e-01,5.200000000000000000e+01,2.365812326400000000e+10,1.221729583104000000e+12,2.599559258669614792e-03
1.000000000000000000e+02,1.331000000000000000e+03,4.689624943251783407e+01,1.767766952966368654e-01,4.500000000000000000e+01,2.534583910400000000e+10,1.017070354432000000e+12,1.962765812873840332e+00
3.490000000000000000e+02,3.389000000000000000e+03,2.893663377205215426e+01,1.802775637731994507e-01,1.130000000000000000e+02,2.184168857600000000e+10,5.550306099200000000e+11,1.005207449197769165e-01
1.842000000000000000e+03,1.013000000000000000e+03,3.720016008092912330e+01,1.087856586440842377e-01,3.740000000000000000e+02,8.986496000000000000e+08,1.485377699840000000e+11,1.939329206943511963e-01
1.830000000000000000e+02,2.700000000000000000e+03,2.307515197463059664e+01,1.664356663246515655e-01,1.100000000000000000e+02,1.130036121600000000e+10,4.833563115520000000e+11,1.303891420364379883e+00
9.890000000000000000e+02,1.019000000000000000e+03,6.566744204303398647e+01,1.010152544552210818e-01,3.120000000000000000e+02,2.496739840000000000e+09,2.028280872960000000e+11,4.640464484691619873e-01
2.735000000000000000e+03,2.461000000000000000e+03,6.264310461741391123e+01,1.178511301977579334e-01,3.700000000000000000e+01,2.916994662400000000e+10,1.049209339904000000e+12,5.184139728546142578e+00
3.446000000000000000e+03,1.218000000000000000e+03,3.103977095643319828e+01,1.315334104411640948e-01,5.900000000000000000e+01,1.250927923200000000e+10,3.361745141760000000e+11,9.381470084190368652e-01
2.244000000000000000e+03,3.795000000000000000e+03,1.780707305489978509e+01,1.374903330507991073e-01,6.900000000000000000e+01,4.348610969600000000e+10,9.070498283520000000e+11,7.620597723871469498e-03
2.243000000000000000e+03,3.794000000000000000e+03,2.182222409723098977e+01,8.695652173913043237e-02,6.900000000000000000e+01,4.348610969600000000e+10,9.070498283520000000e+11,7.620597723871469498e-03
2.610000000000000000e+02,7.470000000000000000e+02,1.394669542174733046e+01,2.000000000000000111e-01,4.730000000000000000e+02,3.719758720000000000e+08,7.605012889600000000e+10,7.589142769575119019e-02
7.400000000000000000e+02,1.102000000000000000e+03,1.847290678800788655e+01,1.571348402636772446e-01,1.430000000000000000e+02,4.983443456000000000e+09,4.042203791360000000e+11,1.947730064392089844e+00
2.842000000000000000e+03,3.417000000000000000e+03,1.743139116558970869e+01,1.597191412499849861e-01,2.690000000000000000e+02,3.732552704000000000e+09,1.932583239680000000e+11,6.719071269035339355e-01
2.160000000000000000e+03,2.857000000000000000e+03,2.354427297774572025e+01,8.333333333333332871e-02,3.820000000000000000e+02,9.533651840000000000e+08,1.346881126400000000e+11,1.371839791536331177e-01
3.023000000000000000e+03,3.277000000000000000e+03,1.875671628115972212e+01,1.379310344827586188e-01,2.000000000000000000e+01,4.071325696000000000e+10,1.826836054016000000e+12,6.263589262962341309e-01
2.340000000000000000e+02,1.116000000000000000e+03,4.357079940059157508e+01,1.874138920735300140e-01,4.800000000000000000e+01,1.859853926400000000e+10,8.332313886720000000e+11,3.081290960311889648e+00
2.578000000000000000e+03,8.310000000000000000e+02,2.506450825310253094e+01,7.692307692307692735e-02,8.000000000000000000e+00,4.508758425600000000e+10,1.280955383808000000e+12,2.201740026473999023e+00
1.120000000000000000e+02,3.035000000000000000e+03,8.326378206142631200e+01,1.315334104411640948e-01,1.740000000000000000e+02,4.990999040000000000e+09,3.433584721920000000e+11,1.326729059219360352e+00
3.154000000000000000e+03,1.890000000000000000e+02,2.239304493750328788e+02,6.666666666666666574e-02,2.570000000000000000e+02,4.403293184000000000e+09,2.356937850880000000e+11,1.131350159645080566e+00
1.818000000000000000e+03,1.767000000000000000e+03,1.442078554838166049e+01,1.720052290384453675e-01,3.630000000000000000e+02,1.110215040000000000e+09,1.638658539520000000e+11,3.112209439277648926e-01
3.406000000000000000e+03,1.761000000000000000e+03,2.092138973101110722e+01,1.875000000000000000e-01,1.860000000000000000e+02,6.327045120000000000e+09,3.038577295360000000e+11,2.210036963224411011e-01
3.594000000000000000e+03,7.100000000000000000e+02,2.354926085316501982e+01,9.090909090909091161e-02,4.820000000000000000e+02,3.871682880000000000e+08,8.964560486400000000e+10,7.355281710624694824e-02
2.243000000000000000e+03,3.795000000000000000e+03,1.627678393055568051e+01,1.304347826086956486e-01,6.900000000000000000e+01,4.348610969600000000e+10,9.070498283520000000e+11,7.620597723871469498e-03
3.025000000000000000e+03,3.277000000000000000e+03,2.156802774550764923e+01,1.542115846551579128e-01,2.000000000000000000e+01,4.071325696000000000e+10,1.826836054016000000e+12,6.263589262962341309e-01
3.987000000000000000e+03,2.460000000000000000e+03,2.968401604996325105e+01,1.818181818181818232e-01,3.910000000000000000e+02,3.562672640000000000e+08,1.034982850560000000e+11,6.251024454832077026e-02
1.144000000000000000e+03,3.900000000000000000e+03,5.929511561227678129e+01,1.699673171197594868e-01,6.000000000000000000e+00,3.639146905600000000e+10,2.032646619136000000e+12,2.737049102783203125e+00
6.080000000000000000e+02,3.753000000000000000e+03,2.936559360018214271e+00,8.944271909999158832e-02,5.200000000000000000e+01,2.365812326400000000e+10,1.221729583104000000e+12,2.599559258669614792e-03
1.278000000000000000e+03,3.930000000000000000e+03,7.530077578562217155e+00,1.720052290384453675e-01,4.700000000000000000e+01,2.999850598400000000e+10,1.287392722944000000e+12,2.840396203100681305e-02
6.440000000000000000e+02,8.300000000000000000e+02,1.850692688097446847e+01,1.199999999999999956e-01,1.700000000000000000e+01,5.011012403200000000e+10,1.201295589376000000e+12,1.027397990226745605e+00
3.801000000000000000e+03,1.816000000000000000e+03,3.801773030281244559e+01,8.333333333333332871e-02,2.150000000000000000e+02,2.387859200000000000e+09,1.421193871360000000e+11,6.492154002189636230e-01
9.640000000000000000e+02,2.627000000000000000e+03,5.171008643174283748e+01,1.802775637731994507e-01,9.300000000000000000e+01,9.273953280000000000e+09,5.918494556160000000e+11,1.251332402229309082e+00
3.328000000000000000e+03,2.327000000000000000e+03,2.291997167906843202e+01,1.818181818181818232e-01,4.470000000000000000e+02,9.411189760000000000e+08,1.078544220160000000e+11,1.939408034086227417e-01
6.460000000000000000e+02,8.300000000000000000e+02,1.003066924885112172e+02,4.000000000000000083e-02,1.700000000000000000e+01,5.011012403200000000e+10,1.201295589376000000e+12,1.027397990226745605e+00
3.265000000000000000e+03,1.034000000000000000e+03,3.713720639682048130e+01,1.285648693066450132e-01,3.510000000000000000e+02,4.611075520000000000e+08,1.047695523840000000e+11,1.230139210820198059e-01
3.988000000000000000e+03,1.741000000000000000e+03,2.764343843938863188e+01,1.428571428571428492e-01,2.870000000000000000e+02,1.616770432000000000e+09,1.941580349440000000e+11,2.020873427391052246e-01
1.612000000000000000e+03,2.959000000000000000e+03,7.275805524621972609e+01,6.148754619013457184e-02,5.100000000000000000e+01,3.191295590400000000e+10,8.522985635840000000e+11,3.693249225616455078e+00
3.980000000000000000e+03,2.092000000000000000e+03,5.167205058504625725e+01,1.499999999999999944e-01,8.100000000000000000e+01,1.206914457600000000e+10,6.047352750080000000e+11,3.115982770919799805e+00
1.766000000000000000e+03,4.550000000000000000e+02,4.658410832859407691e+01,1.767766952966368932e-01,1.570000000000000000e+02,3.006642688000000000e+09,2.851074211840000000e+11,3.332279205322265625e+00
3.280000000000000000e+03,3.290000000000000000e+03,4.536712112314062750e+01,1.355192713636236279e-01,5.000000000000000000e+00,5.707350016000000000e+10,2.649217302528000000e+12,1.466975212097167969e+00
2.520000000000000000e+03,1.008000000000000000e+03,1.791833485887059396e+01,1.421760560557814024e-01,1.900000000000000000e+01,4.698338508800000000e+10,1.740785844224000000e+12,5.655762553215026855e-01
3.530000000000000000e+02,3.393000000000000000e+03,2.987332663122112919e+01,1.118033988749894958e-01,1.130000000000000000e+02,2.184168857600000000e+10,5.550306099200000000e+11,1.005207449197769165e-01
4.900000000000000000e+02,8.200000000000000000e+02,2.488591437823034624e+01,1.963383631246505001e-01,4.000000000000000000e+01,1.619209011200000000e+10,7.339425792000000000e+11,2.455300569534301758e+00
1.825000000000000000e+03,1.934000000000000000e+03,3.078944924529691107e+01,2.000000000000000111e-01,1.580000000000000000e+02,3.659788544000000000e+09,2.476780093440000000e+11,1.194774508476257324e+00
7.360000000000000000e+02,1.104000000000000000e+03,2.231396812076674152e+01,1.111111111111111049e-01,1.430000000000000000e+02,4.983443456000000000e+09,4.042203791360000000e+11,1.947730064392089844e+00
1.436000000000000000e+03,1.477000000000000000e+03,3.838623856863233641e+01,1.397542485937368628e-01,2.170000000000000000e+02,7.385863168000000000e+09,2.996693893120000000e+11,1.486081480979919434e-01
8.450000000000000000e+02,2.103000000000000000e+03,5.441000783877115055e+01,1.844626385704036808e-01,4.400000000000000000e+01,3.624191180800000000e+10,9.603648716800000000e+11,5.364645123481750488e-01
3.370000000000000000e+02,1.473000000000000000e+03,1.565158296238617019e+01,1.666666666666666574e-01,1.300000000000000000e+01,4.897171865600000000e+10,2.033823121408000000e+12,2.753273546695709229e-01
4.330000000000000000e+02,1.011000000000000000e+03,1.239002465459317470e+01,1.720052290384453675e-01,3.380000000000000000e+02,2.803419904000000000e+09,1.737776660480000000e+11,3.774279057979583740e-01
3.992000000000000000e+03,3.586000000000000000e+03,1.262598834674174242e+02,1.000000000000000056e-01,5.240000000000000000e+02,3.507831040000000000e+08,7.029905817600000000e+10,4.946159571409225464e-02
3.203000000000000000e+03,1.947000000000000000e+03,4.708101795856286742e+01,1.802775637731994507e-01,1.060000000000000000e+02,1.809531289600000000e+10,5.961819095040000000e+11,9.301034808158874512e-01
2.607000000000000000e+03,3.999000000000000000e+03,3.076619389158324580e+01,1.290670012680553702e-01,3.100000000000000000e+01,4.701029990400000000e+10,1.551441461248000000e+12,1.145187914371490479e-01
3.269000000000000000e+03,2.769000000000000000e+03,2.198761274592635573e+01,1.317615691736824801e-01,4.100000000000000000e+01,2.046601625600000000e+10,1.033987227648000000e+12,3.614742457866668701e-01
3.960000000000000000e+02,1.347000000000000000e+03,1.437650561850674258e+01,1.495879113092917767e-01,1.000000000000000000e+00,9.809676697600000000e+10,3.612387573760000000e+12,1.521267175674438477e+00
4.860000000000000000e+02,3.386000000000000000e+03,4.981078283734267842e+01,1.428571428571428492e-01,2.810000000000000000e+02,3.947301632000000000e+09,1.837049610240000000e+11,1.494614005088806152e+00
5.380000000000000000e+02,2.460000000000000000e+03,4.901380750594696423e+01,1.315334104411640948e-01,1.200000000000000000e+02,6.955766784000000000e+09,3.694168965120000000e+11,7.630509138107299805e-01
3.162000000000000000e+03,2.942000000000000000e+03,2.683180151000594904e+01,1.087856586440842377e-01,3.210000000000000000e+02,1.336870656000000000e+09,1.717944975360000000e+11,3.042835891246795654e-01
3.183000000000000000e+03,1.222000000000000000e+03,1.794030010319011126e+01,1.666666666666666574e-01,4.160000000000000000e+02,4.873997120000000000e+08,1.185201356800000000e+11,2.005743086338043213e-01
3.930000000000000000e+02,8.030000000000000000e+02,1.553401300793788664e+02,9.722034684781695468e-02,5.700000000000000000e+01,2.276455014400000000e+10,8.920157388800000000e+11,3.614920616149902344e+00
1.717000000000000000e+03,3.115000000000000000e+03,3.230421882833432790e+01,1.285648693066450132e-01,4.770000000000000000e+02,5.246966400000000000e+08,1.110055485440000000e+11,2.032410353422164917e-01
1.176000000000000000e+03,2.460000000000000000e+02,3.408432694576043218e+02,5.555555555555555247e-02,1.320000000000000000e+02,7.400962560000000000e+09,4.428619776000000000e+11,4.721095263957977295e-01
2.280000000000000000e+02,1.118000000000000000e+03,7.636120420211375404e+01,1.638886943392722229e-01,4.800000000000000000e+01,1.859853926400000000e+10,8.332313886720000000e+11,3.081290960311889648e+00
2.764000000000000000e+03,3.691000000000000000e+03,2.089336864082453715e+01,9.428090415820634951e-02,8.500000000000000000e+01,2.716291328000000000e+09,2.292095713280000000e+11,6.104024648666381836e-01
6.450000000000000000e+02,8.320000000000000000e+02,2.639367824087724657e+01,1.131370849898476055e-01,1.700000000000000000e+01,5.011012403200000000e+10,1.201295589376000000e+12,1.027397990226745605e+00
3.091000000000000000e+03,3.618000000000000000e+03,6.562296066253517779e+01,3.571428571428571230e-02,2.500000000000000000e+01,4.075406131200000000e+10,1.594271465472000000e+12,3.982214033603668213e-01
2.815000000000000000e+03,3.791000000000000000e+03,1.052983677852808420e+01,1.597191412499849861e-01,1.830000000000000000e+02,2.252737536000000000e+09,2.073233326080000000e+11,5.686562657356262207e-01
9.650000000000000000e+02,2.623000000000000000e+03,3.415501861373358565e+02,7.071067811865475172e-02,9.300000000000000000e+01,9.273953280000000000e+09,5.918494556160000000e+11,1.251332402229309082e+00
2.452000000000000000e+03,5.810000000000000000e+02,9.696368213411649606e+01,1.538461538461538547e-01,2.670000000000000000e+02,1.630969600000000000e+09,1.740751831040000000e+11,1.041671931743621826e-01
2.385000000000000000e+03,1.753000000000000000e+03,4.534376633353866026e+01,1.756820922315766309e-01,1.270000000000000000e+02,7.644780544000000000e+09,4.254506352640000000e+11,3.315616548061370850e-01
5.750000000000000000e+02,3.370000000000000000e+03,1.557259058598063461e+01,1.538461538461538547e-01,3.610000000000000000e+02,1.879146368000000000e+09,1.646172241920000000e+11,5.032388567924499512e-01
6.500000000000000000e+02,8.310000000000000000e+02,1.302226466956953566e+01,1.264911064067351931e-01,1.700000000000000000e+01,5.011012403200000000e+10,1.201295589376000000e+12,1.027397990226745605e+00
3.385000000000000000e+03,3.853000000000000000e+03,3.996127941746732404e+01,6.666666666666666574e-02,2.440000000000000000e+02,6.219469824000000000e+09,2.462582538240000000e+11,7.691988348960876465e-02
9.630000000000000000e+02,2.624000000000000000e+03,7.610188577192862169e+01,1.499999999999999944e-01,9.300000000000000000e+01,9.273953280000000000e+09,5.918494556160000000e+11,1.251332402229309082e+00
9.230000000000000000e+02,5.900000000000000000e+01,1.386217923527538076e+01,1.542574468374819374e-01,0.000000000000000000e+00,6.256252108800000000e+10,5.017748635648000000e+12,4.946801960468292236e-01
1.709000000000000000e+03,2.005000000000000000e+03,1.314919252568028583e+02,7.692307692307692735e-02,3.760000000000000000e+02,9.890255360000000000e+08,1.469101342720000000e+11,1.486576050519943237e-01
1.144000000000000000e+03,3.899000000000000000e+03,6.498156845600627207e+01,1.666666666666666574e-01,6.000000000000000000e+00,3.639146905600000000e+10,2.032646619136000000e+12,2.737049102783203125e+00
3.816000000000000000e+03,3.520000000000000000e+02,8.185880073538669421e+01,8.838834764831844659e-02,1.710000000000000000e+02,7.686175744000000000e+09,3.092989870080000000e+11,4.525429308414459229e-01
2.607000000000000000e+03,4.000000000000000000e+00,2.331303517895721811e+01,1.010152544552210818e-01,3.100000000000000000e+01,4.701029990400000000e+10,1.551441461248000000e+12,1.145187914371490479e-01
3.384000000000000000e+03,3.942000000000000000e+03,9.202276475203775590e+02,1.087856586440842377e-01,3.490000000000000000e+02,2.859807232000000000e+09,1.712656547840000000e+11,6.540271043777465820e-01
3.044000000000000000e+03,3.643000000000000000e+03,7.022332819874378629e+02,1.285648693066450132e-01,4.790000000000000000e+02,3.840607040000000000e+08,1.061354209280000000e+11,1.291057467460632324e-01
1.933000000000000000e+03,3.883000000000000000e+03,2.187780621470120224e+01,1.792654619833765339e-01,4.200000000000000000e+01,3.713277542400000000e+10,9.399391354880000000e+11,8.075914978981018066e-01
1.120000000000000000e+02,3.038000000000000000e+03,2.851442871074932839e+01,1.663780661615406053e-01,1.740000000000000000e+02,4.990999040000000000e+09,3.433584721920000000e+11,1.326729059219360352e+00
7.260000000000000000e+02,2.580000000000000000e+03,2.581744801980400439e+01,1.863389981249824745e-01,3.440000000000000000e+02,1.188896384000000000e+09,1.306450001920000000e+11,2.416017353534698486e-01
3.563000000000000000e+03,2.394000000000000000e+03,7.331532057990237661e+01,1.087856586440842377e-01,3.830000000000000000e+02,5.339427520000000000e+08,1.492280115200000000e+11,1.526808738708496094e-01
1.637000000000000000e+03,2.963000000000000000e+03,3.033718999799932448e+01,1.818181818181818232e-01,4.590000000000000000e+02,4.117007040000000000e+08,1.058499543040000000e+11,1.237176880240440369e-01
1.820000000000000000e+03,1.936000000000000000e+03,2.964719034573612788e+01,1.885618083164126990e-01,1.580000000000000000e+02,3.659788544000000000e+09,2.476780093440000000e+11,1.194774508476257324e+00
2.806000000000000000e+03,2.429000000000000000e+03,3.546595263636405804e+01,1.250000000000000000e-01,1.780000000000000000e+02,4.901150720000000000e+09,2.856818769920000000e+11,7.571734189987182617e-01
4.030000000000000000e+02,1.354000000000000000e+03,1.999947916678450710e+01,1.495879113092917767e-01,1.000000000000000000e+00,9.809676697600000000e+10,3.612387573760000000e+12,1.521267175674438477e+00
3.159000000000000000e+03,3.948000000000000000e+03,6.226191508805315067e+01,6.250000000000000000e-02,1.990000000000000000e+02,1.138293248000000000e+09,3.060843479040000000e+11,4.941779673099517822e-01
2.245000000000000000e+03,3.791000000000000000e+03,4.644411861072037340e+01,9.722034684781695468e-02,6.900000000000000000e+01,4.348610969600000000e+10,9.070498283520000000e+11,7.620597723871469498e-03
3.400000000000000000e+02,6.090000000000000000e+02,8.821251653619553679e+01,1.242259987499883256e-01,7.000000000000000000e+01,8.981068800000000000e+09,4.208595763200000000e+11,2.285867452621459961e+00
3.268000000000000000e+03,2.770000000000000000e+03,1.517320251181580737e+01,1.666666666666666574e-01,4.100000000000000000e+01,2.046601625600000000e+10,1.033987227648000000e+12,3.614742457866668701e-01
2.400000000000000000e+03,1.307000000000000000e+03,3.939763118434383671e+01,1.527076157636170495e-01,2.200000000000000000e+01,5.448031846400000000e+10,1.445857329152000000e+12,2.244370937347412109e+00
3.920000000000000000e+02,1.349000000000000000e+03,1.249526383054141121e+01,1.863389981249824745e-01,1.000000000000000000e+00,9.809676697600000000e+10,3.612387573760000000e+12,1.521267175674438477e+00
1.951000000000000000e+03,1.567000000000000000e+03,5.458431498219322719e+01,1.176470588235294101e-01,1.680000000000000000e+02,4.238181888000000000e+09,3.463638876160000000e+11,4.832215607166290283e-01
2.788000000000000000e+03,1.285000000000000000e+03,2.778760011928233808e+01,1.285648693066450132e-01,4.110000000000000000e+02,3.417309760000000000e+08,9.713848320000000000e+10,6.461390107870101929e-02
1.816000000000000000e+03,1.767000000000000000e+03,7.390588714219714461e+01,7.692307692307692735e-02,3.630000000000000000e+02,1.110215040000000000e+09,1.638658539520000000e+11,3.112209439277648926e-01
1.630000000000000000e+02,2.074000000000000000e+03,4.218532422091760026e+01,1.087856586440842377e-01,3.530000000000000000e+02,4.977177280000000000e+08,1.564966584320000000e+11,6.748562306165695190e-02
2.068000000000000000e+03,2.847000000000000000e+03,6.062214426311123106e+01,1.963383631246505001e-01,1.200000000000000000e+01,2.315846656000000000e+10,7.122979389440000000e+11,2.079156398773193359e+00
2.243000000000000000e+03,3.788000000000000000e+03,2.072534893588968785e+01,1.739130434782608647e-01,6.900000000000000000e+01,4.348610969600000000e+10,9.070498283520000000e+11,7.620597723871469498e-03
3.862000000000000000e+03,2.239000000000000000e+03,9.588337363767317356e+01,0.000000000000000000e+00,2.760000000000000000e+02,3.716872192000000000e+09,1.992035041280000000e+11,1.343455195426940918e+00
6.070000000000000000e+02,9.240000000000000000e+02,1.516118478396835734e+01,1.904761904761904656e-01,9.600000000000000000e+01,1.947561779200000000e+10,6.610042224640000000e+11,7.008498907089233398e-01
2.370000000000000000e+02,3.027000000000000000e+03,2.481205286378265953e+02,1.597191412499849861e-01,2.300000000000000000e+02,8.503640960000000000e+08,1.844238090240000000e+11,4.273478984832763672e-01
1.975000000000000000e+03,1.509000000000000000e+03,3.393719285905130789e+01,1.860163329510811370e-01,6.700000000000000000e+01,1.700488294400000000e+10,3.988162478080000000e+11,1.022485494613647461e+00
1.723000000000000000e+03,1.675000000000000000e+03,6.816601240619789337e+01,1.285648693066450132e-01,4.000000000000000000e+00,3.269792563200000000e+10,7.531220172800000000e+11,7.694553852081298828e+00
2.239000000000000000e+03,3.792000000000000000e+03,2.605842857020491365e+01,1.739130434782608647e-01,6.900000000000000000e+01,4.348610969600000000e+10,9.070498283520000000e+11,7.620597723871469498e-03
2.605000000000000000e+03,3.997000000000000000e+03,2.030320983994915096e+01,1.789285714285792361e-01,3.100000000000000000e+01,4.701029990400000000e+10,1.551441461248000000e+12,1.145187914371490479e-01
1.391000000000000000e+03,2.590000000000000000e+03,2.829739796845241528e+01,1.860163329510811370e-01,1.800000000000000000e+02,4.897091584000000000e+09,3.643243560960000000e+11,1.477249741554260254e+00
2.020000000000000000e+02,1.403000000000000000e+03,2.900817982679945928e+01,1.000000000000000056e-01,4.620000000000000000e+02,3.225003520000000000e+08,7.823260057600000000e+10,3.666804730892181396e-02
1.085000000000000000e+03,3.118000000000000000e+03,1.235222355621051094e+01,1.863389981249824745e-01,4.350000000000000000e+02,6.231934080000000000e+08,1.251654451200000000e+11,1.511652171611785889e-01
3.026000000000000000e+03,3.622000000000000000e+03,4.124946184640452884e+01,0.000000000000000000e+00,3.320000000000000000e+02,5.849402240000000000e+08,7.523729408000000000e+10,7.677312940359115601e-02
1.280000000000000000e+03,3.927000000000000000e+03,1.010587193901908876e+01,1.585809856006792640e-01,4.700000000000000000e+01,2.999850598400000000e+10,1.287392722944000000e+12,2.840396203100681305e-02
3.287000000000000000e+03,2.063000000000000000e+03,1.605466594923620960e+01,1.087856586440842377e-01,3.720000000000000000e+02,5.036923840000000000e+08,1.576554004480000000e+11,4.677553474903106689e-02
3.238000000000000000e+03,3.871000000000000000e+03,3.362010224176452766e+01,1.000000000000000056e-01,4.930000000000000000e+02,6.776634240000000000e+08,8.595265945600000000e+10,1.657878160476684570e-01
1.801000000000000000e+03,6.890000000000000000e+02,3.064483962983150889e+01,1.897658566033678385e-01,1.010000000000000000e+02,1.021766656000000000e+10,4.976323788800000000e+11,1.474550127983093262e+00
1.078000000000000000e+03,3.430000000000000000e+02,1.041161165444466974e+01,1.863389981249824745e-01,4.060000000000000000e+02,7.354413440000000000e+08,1.248251822080000000e+11,9.945515543222427368e-02
2.449000000000000000e+03,1.618000000000000000e+03,2.703881576500275230e+01,1.428571428571428492e-01,2.840000000000000000e+02,2.875249152000000000e+09,1.907125125120000000e+11,3.652689158916473389e-01
3.285000000000000000e+03,2.061000000000000000e+03,3.116655139912126771e+01,1.087856586440842377e-01,3.720000000000000000e+02,5.036923840000000000e+08,1.576554004480000000e+11,4.677553474903106689e-02
2.141000000000000000e+03,3.770000000000000000e+02,5.656857106398837232e+01,1.490711984999859852e-01,2.140000000000000000e+02,3.986595328000000000e+09,2.548667187200000000e+11,7.246758341789245605e-01
3.384000000000000000e+03,5.510000000000000000e+02,2.051674591124026747e+01,9.090909090909091161e-02,4.520000000000000000e+02,1.277099264000000000e+09,1.132982763520000000e+11,3.467215597629547119e-01
6.070000000000000000e+02,9.230000000000000000e+02,1.608313098708627464e+01,1.963383631246505001e-01,9.600000000000000000e+01,1.947561779200000000e+10,6.610042224640000000e+11,7.008498907089233398e-01
3.560000000000000000e+02,3.391000000000000000e+03,1.758731794286584460e+01,2.000000000000000111e-01,1.130000000000000000e+02,2.184168857600000000e+10,5.550306099200000000e+11,1.005207449197769165e-01
3.621000000000000000e+03,3.968000000000000000e+03,2.667948633016849058e+01,1.739130434782608647e-01,6.600000000000000000e+01,3.083681792000000000e+10,8.879675801600000000e+11,1.502096533775329590e+00
2.641000000000000000e+03,2.688000000000000000e+03,2.174338882662336303e+01,1.250000000000000000e-01,6.500000000000000000e+01,1.665853132800000000e+10,1.051559329792000000e+12,3.637619912624359131e-01
1.210000000000000000e+02,2.324000000000000000e+03,4.180671428929237265e+01,8.944271909999158832e-02,2.300000000000000000e+01,3.876257382400000000e+10,1.158851198976000000e+12,9.720131754875183105e-01
3.700000000000000000e+03,3.721000000000000000e+03,2.431954196308758398e+01,1.860163329510811370e-01,1.940000000000000000e+02,6.918756864000000000e+09,3.508476968960000000e+11,4.071498811244964600e-01
3.027000000000000000e+03,6.810000000000000000e+02,2.525656604750729883e+01,1.818181818181818232e-01,3.580000000000000000e+02,4.677896000000000000e+08,9.871838412800000000e+10,2.364605963230133057e-01
1.857000000000000000e+03,1.090000000000000000e+02,5.992083186885414747e+00,1.414213562373095034e-01,5.380000000000000000e+02,5.728568960000000000e+08,8.585194700800000000e+10,5.062877759337425232e-02
3.644000000000000000e+03,3.130000000000000000e+03,3.065602002181892516e+01,1.176470588235294101e-01,1.360000000000000000e+02,7.123006976000000000e+09,3.876921016320000000e+11,3.230233490467071533e-01
1.623000000000000000e+03,6.500000000000000000e+01,1.638582200212041684e+01,1.756820922315766309e-01,1.520000000000000000e+02,6.782518272000000000e+09,4.246518824960000000e+11,2.314141094684600830e-01
6.540000000000000000e+02,3.899000000000000000e+03,4.597151659198563323e+01,1.490711984999859852e-01,1.220000000000000000e+02,1.443306624000000000e+09,2.756263280640000000e+11,6.954203248023986816e-01
2.517000000000000000e+03,1.017000000000000000e+03,1.565708165761372506e+01,1.856953381770518607e-01,1.900000000000000000e+01,4.698338508800000000e+10,1.740785844224000000e+12,5.655762553215026855e-01
3.585000000000000000e+03,1.168000000000000000e+03,1.981939495836506637e+01,1.171213948210510919e-01,7.000000000000000000e+00,9.380154572800000000e+10,1.533485776896000000e+12,6.129750728607177734e+00
1.559000000000000000e+03,4.130000000000000000e+02,1.180171712943634361e+02,7.142857142857142461e-02,2.630000000000000000e+02,2.143266560000000000e+09,2.131313459200000000e+11,3.043325841426849365e-01
2.583000000000000000e+03,8.320000000000000000e+02,1.311812644282467488e+01,1.216260638526299870e-01,8.000000000000000000e+00,4.508758425600000000e+10,1.280955383808000000e+12,2.201740026473999023e+00
1.130000000000000000e+02,3.039000000000000000e+03,3.055674729069035322e+01,1.860163329510811370e-01,1.740000000000000000e+02,4.990999040000000000e+09,3.433584721920000000e+11,1.326729059219360352e+00
3.204000000000000000e+03,3.804000000000000000e+03,1.305075857470710510e+01,1.374903330507991073e-01,5.400000000000000000e+01,2.519146700800000000e+10,8.874719313920000000e+11,2.497666776180267334e-01
1.945000000000000000e+03,1.598000000000000000e+03,1.579348837619401458e+01,1.885618083164126990e-01,2.650000000000000000e+02,2.214661888000000000e+09,2.296571658240000000e+11,1.728671044111251831e-01
1.875000000000000000e+03,1.482000000000000000e+03,2.039550085174683502e+01,1.428571428571428492e-01,3.060000000000000000e+02,1.568214528000000000e+09,2.011891138560000000e+11,4.769412279129028320e-01
2.160000000000000000e+02,3.092000000000000000e+03,2.861112271127498019e+01,1.597191412499849861e-01,3.000000000000000000e+02,6.702331520000000000e+08,2.216096890880000000e+11,2.691870629787445068e-01
2.836000000000000000e+03,1.204000000000000000e+03,7.897176517116136552e+01,1.756820922315766309e-01,1.110000000000000000e+02,1.699877120000000000e+09,4.605679697920000000e+11,1.063262104988098145e+00
8.130000000000000000e+02,1.466000000000000000e+03,6.270577094468502821e+01,1.118033988749894958e-01,9.900000000000000000e+01,8.371488768000000000e+09,6.211557130240000000e+11,6.079373955726623535e-01
3.013000000000000000e+03,1.317000000000000000e+03,5.806544046299048745e+01,9.090909090909091161e-02,5.040000000000000000e+02,4.217805440000000000e+08,8.980668416000000000e+10,1.469118744134902954e-01
3.990000000000000000e+02,1.352000000000000000e+03,2.456728607858872238e+01,2.777777777777777624e-02,1.000000000000000000e+00,9.809676697600000000e+10,3.612387573760000000e+12,1.521267175674438477e+00
1.830000000000000000e+03,8.820000000000000000e+02,1.659485633917787695e+01,2.000000000000000111e-01,2.130000000000000000e+02,5.969742848000000000e+09,2.418833326080000000e+11,5.127511620521545410e-01
1.560000000000000000e+03,4.140000000000000000e+02,2.293502123528437053e+01,7.142857142857142461e-02,2.630000000000000000e+02,2.143266560000000000e+09,2.131313459200000000e+11,3.043325841426849365e-01
3.860000000000000000e+03,2.240000000000000000e+03,4.019363569328813668e+01,1.597191412499849861e-01,2.760000000000000000e+02,3.716872192000000000e+09,1.992035041280000000e+11,1.343455195426940918e+00
3.270000000000000000e+03,2.769000000000000000e+03,3.287638875538633698e+01,9.316949906249123725e-02,4.100000000000000000e+01,2.046601625600000000e+10,1.033987227648000000e+12,3.614742457866668701e-01
9.170000000000000000e+02,5.200000000000000000e+01,1.467748829424847656e+01,1.966404328853304795e-01,0.000000000000000000e+00,6.256252108800000000e+10,5.017748635648000000e+12,4.946801960468292236e-01
9.300000000000000000e+01,1.327000000000000000e+03,2.773575431679850212e+01,1.717960677340691911e-01,4.500000000000000000e+01,2.534583910400000000e+10,1.017070354432000000e+12,1.962765812873840332e+00
6.100000000000000000e+02,3.756000000000000000e+03,2.754095864677929661e+00,1.788854381999831766e-01,5.200000000000000000e+01,2.365812326400000000e+10,1.221729583104000000e+12,2.599559258669614792e-03
3.783000000000000000e+03,1.080000000000000000e+03,1.642540743443585072e+01,1.178511301977579334e-01,4.100000000000000000e+02,9.075399040000000000e+08,1.377786429440000000e+11,1.585731059312820435e-01
3.045000000000000000e+03,3.645000000000000000e+03,1.331681198640966457e+01,9.090909090909091161e-02,4.790000000000000000e+02,3.840607040000000000e+08,1.061354209280000000e+11,1.291057467460632324e-01
6.240000000000000000e+02,4.970000000000000000e+02,3.040909282285626603e+01,1.764705882352941291e-01,1.350000000000000000e+02,6.468990464000000000e+09,3.937586708480000000e+11,4.105822145938873291e-01
2.336000000000000000e+03,2.430000000000000000e+03,9.366354099155662638e+00,1.567630989332169100e-01,2.600000000000000000e+01,3.573933670400000000e+10,9.417555968000000000e+11,4.417076408863067627e-01
1.120000000000000000e+03,9.880000000000000000e+02,1.641342421980969846e+01,1.756820922315766309e-01,2.000000000000000000e+00,6.382575616000000000e+10,3.543532568576000000e+12,8.956543803215026855e-01
3.153000000000000000e+03,3.273000000000000000e+03,5.341902857713717623e+01,9.428090415820634951e-02,2.380000000000000000e+02,2.390858752000000000e+09,2.606460928000000000e+11,6.457555890083312988e-01
1.710000000000000000e+03,2.310000000000000000e+03,4.069207077711847376e+01,7.692307692307692735e-02,3.150000000000000000e+02,1.078892288000000000e+09,1.723000750080000000e+11,2.807259857654571533e-01
3.464000000000000000e+03,2.278000000000000000e+03,9.093702133169122348e+00,1.111111111111111049e-01,5.520000000000000000e+02,5.936934400000000000e+08,5.287318732800000000e+10,1.931952126324176788e-02
1.611000000000000000e+03,2.505000000000000000e+03,3.661899236698790787e+02,8.318903308077030267e-02,1.820000000000000000e+02,5.668081152000000000e+09,3.419367997440000000e+11,3.741784989833831787e-01
3.402000000000000000e+03,2.277000000000000000e+03,4.603150675415235327e+01,1.333333333333333315e-01,1.810000000000000000e+02,4.323384320000000000e+09,2.729334374400000000e+11,1.498810768127441406e+00
3.745000000000000000e+03,2.311000000000000000e+03,2.608563113129932276e+01,1.178511301977579334e-01,4.000000000000000000e+02,3.904066880000000000e+08,1.308716810240000000e+11,1.520813405513763428e-01
2.334000000000000000e+03,2.428000000000000000e+03,1.057994398871280772e+01,1.792654619833765339e-01,2.600000000000000000e+01,3.573933670400000000e+10,9.417555968000000000e+11,4.417076408863067627e-01
2.427000000000000000e+03,3.454000000000000000e+03,4.257175752784298162e+00,1.087856586440842377e-01,4.250000000000000000e+02,1.232576640000000000e+09,1.675933614080000000e+11,1.858382225036621094e-01
2.335000000000000000e+03,2.429000000000000000e+03,9.893563485643543487e+00,1.567630989332169100e-01,2.600000000000000000e+01,3.573933670400000000e+10,9.417555968000000000e+11,4.417076408863067627e-01
2.216000000000000000e+03,3.748000000000000000e+03,9.421532490832069229e+00,1.818181818181818232e-01,3.750000000000000000e+02,8.697420160000000000e+08,1.005694976000000000e+11,1.373969614505767822e-01
3.205000000000000000e+03,1.947000000000000000e+03,4.790828769820968347e+01,1.499999999999999944e-01,1.060000000000000000e+02,1.809531289600000000e+10,5.961819095040000000e+11,9.301034808158874512e-01
9.860000000000000000e+02,1.020000000000000000e+03,7.599210124488983809e+01,1.428571428571428492e-01,3.120000000000000000e+02,2.496739840000000000e+09,2.028280872960000000e+11,4.640464484691619873e-01
3.590000000000000000e+03,1.174000000000000000e+03,1.766893996682858514e+01,1.994505484123890171e-01,7.000000000000000000e+00,9.380154572800000000e+10,1.533485776896000000e+12,6.129750728607177734e+00
6.450000000000000000e+02,1.742000000000000000e+03,1.293414869334386026e+02,1.505846504842085487e-01,2.100000000000000000e+01,2.680886272000000000e+10,7.169793720320000000e+11,5.465441703796386719e+00
3.996000000000000000e+03,1.522000000000000000e+03,1.363186583167387766e+01,1.538461538461538547e-01,3.680000000000000000e+02,1.454576512000000000e+09,1.598858690560000000e+11,2.514202892780303955e-01
2.723000000000000000e+03,2.721000000000000000e+03,2.474868306394336059e+01,1.490711984999859852e-01,2.340000000000000000e+02,1.103645952000000000e+09,2.464357416960000000e+11,1.935859620571136475e-01
0.000000000000000000e+00,2.889000000000000000e+03,2.876944975556737916e+01,1.403135439827653541e-01,2.230000000000000000e+02,6.367427584000000000e+09,2.936652431360000000e+11,7.391481399536132812e-01
3.019000000000000000e+03,3.276000000000000000e+03,1.706329698144609353e+01,1.724137931034482873e-01,2.000000000000000000e+01,4.071325696000000000e+10,1.826836054016000000e+12,6.263589262962341309e-01
1.601000000000000000e+03,2.131000000000000000e+03,2.834159718369311420e+01,9.523809523809523281e-02,3.200000000000000000e+01,3.833240780800000000e+10,6.712152555520000000e+11,1.721168041229248047e+00
2.120000000000000000e+02,3.090000000000000000e+03,3.887480983725026107e+01,1.597191412499849861e-01,3.000000000000000000e+02,6.702331520000000000e+08,2.216096890880000000e+11,2.691870629787445068e-01
3.204000000000000000e+03,3.803000000000000000e+03,1.312425010455718599e+01,9.722034684781695468e-02,5.400000000000000000e+01,2.519146700800000000e+10,8.874719313920000000e+11,2.497666776180267334e-01
2.750000000000000000e+02,3.806000000000000000e+03,3.920433698638058218e+01,1.720052290384453675e-01,2.360000000000000000e+02,9.779505920000000000e+08,1.806616002560000000e+11,3.971246778964996338e-01
3.876000000000000000e+03,1.992000000000000000e+03,6.755473445509672104e+01,1.016394535227177209e-01,1.000000000000000000e+01,3.875450880000000000e+10,7.929460817920000000e+11,4.334609508514404297e+00
1.620000000000000000e+02,2.074000000000000000e+03,8.454529091452999978e+01,7.692307692307692735e-02,3.530000000000000000e+02,4.977177280000000000e+08,1.564966584320000000e+11,6.748562306165695190e-02
2.245000000000000000e+03,3.796000000000000000e+03,1.486921093752018130e+01,1.944406936956339094e-01,6.900000000000000000e+01,4.348610969600000000e+10,9.070498283520000000e+11,7.620597723871469498e-03
3.024000000000000000e+03,3.274000000000000000e+03,3.222349270678738975e+01,4.876598490941707470e-02,2.000000000000000000e+01,4.071325696000000000e+10,1.826836054016000000e+12,6.263589262962341309e-01
3.032000000000000000e+03,8.400000000000000000e+02,7.590214278976837647e+01,7.443229275647869625e-02,9.800000000000000000e+01,6.441727488000000000e+09,4.850621808640000000e+11,1.873759031295776367e+00
3.694000000000000000e+03,2.340000000000000000e+03,4.781921291557851816e+01,1.720052290384453675e-01,3.870000000000000000e+02,1.063596416000000000e+09,1.528079974400000000e+11,2.094728499650955200e-01
9.170000000000000000e+02,4.660000000000000000e+02,8.959360658327014448e+01,1.585809856006792640e-01,9.000000000000000000e+00,4.472099635200000000e+10,1.283299213312000000e+12,1.054935455322265625e+01
1.709000000000000000e+03,2.004000000000000000e+03,2.352954497388975241e+01,1.087856586440842377e-01,3.760000000000000000e+02,9.890255360000000000e+08,1.469101342720000000e+11,1.486576050519943237e-01
2.682000000000000000e+03,3.218000000000000000e+03,6.253547538735879385e+01,9.428090415820634951e-02,1.910000000000000000e+02,3.331605504000000000e+09,2.606805483520000000e+11,1.485942959785461426e+00
6.110000000000000000e+02,2.591000000000000000e+03,8.194323232904940824e+01,1.087856586440842377e-01,3.300000000000000000e+01,3.162380492800000000e+10,1.302926065664000000e+12,2.007309532165527344e+01
2.774000000000000000e+03,3.290000000000000000e+03,8.214521626086310562e+02,6.734350297014739251e-02,6.000000000000000000e+01,1.726131609600000000e+10,6.972415016960000000e+11,3.165255308151245117e+00
3.798000000000000000e+03,3.379000000000000000e+03,4.655996733479343419e+01,7.071067811865475172e-02,1.030000000000000000e+02,1.480291532800000000e+10,6.178978529280000000e+11,1.145902797579765320e-01
1.770000000000000000e+03,4.510000000000000000e+02,5.824781121735855294e+01,1.767766952966368932e-01,1.570000000000000000e+02,3.006642688000000000e+09,2.851074211840000000e+11,3.332279205322265625e+00
9.200000000000000000e+02,5.900000000000000000e+01,1.520045715419156629e+01,1.904938945343086221e-01,0.000000000000000000e+00,6.256252108800000000e+10,5.017748635648000000e+12,4.946801960468292236e-01
2.813000000000000000e+03,3.794000000000000000e+03,2.007782752167863904e+01,1.428571428571428492e-01,1.830000000000000000e+02,2.252737536000000000e+09,2.073233326080000000e+11,5.686562657356262207e-01
2.264000000000000000e+03,1.123000000000000000e+03,7.168392050715942432e+00,1.386750490563072868e-01,2.800000000000000000e+01,4.360073216000000000e+10,1.367401955328000000e+12,4.216426908969879150e-01
2.844000000000000000e+03,3.418000000000000000e+03,1.960950923805931723e+01,1.428571428571428492e-01,2.690000000000000000e+02,3.732552704000000000e+09,1.932583239680000000e+11,6.719071269035339355e-01
